date,Battery (Charging) -  MW,Exports -  MW,Imports -  MW,Distillate -  MW,Gas (Steam) -  MW,Gas (CCGT) -  MW,Gas (OCGT) -  MW,Gas (Reciprocating) -  MW,Battery (Discharging) -  MW,Wind -  MW,Solar (Utility) -  MW,Solar (Rooftop) -  MW,Wind (Curtailment) -  MW,Solar (Utility) (Curtailment) -  MW,Temperature - C,Exports Emissions Vol - tCO₂e,Imports Emissions Vol - tCO₂e,Distillate Emissions Vol - tCO₂e,Gas (Steam) Emissions Vol - tCO₂e,Gas (CCGT) Emissions Vol - tCO₂e,Gas (OCGT) Emissions Vol - tCO₂e,Gas (Reciprocating) Emissions Vol - tCO₂e,Emissions Intensity - kgCO₂e/MWh,Price - AUD/MWh
2026-01-04 18:55,-2.76,0.00,18.42,0.00,0.00,59.46,0.11,0.00,4.12,1164.80,132.67,0.00,0.00,0.00,22.22,0.00,0.97,0.00,0.00,1.99,0.01,0.00,26.54,36.72
2026-01-04 19:00,-0.01,-89.67,0.00,0.00,0.00,59.46,0.11,0.00,113.17,1171.17,148.71,305.38,0.00,0.00,22.00,0.12,0.00,0.00,0.00,1.99,0.01,0.00,13.19,36.99
2026-01-04 19:05,-2.64,-39.12,0.00,0.00,0.00,58.79,0.11,0.00,109.67,1164.15,124.24,277.68,0.00,0.00,21.80,0.05,0.00,0.00,0.00,1.97,0.01,0.00,13.63,56.20
2026-01-04 19:10,-0.01,0.00,46.85,0.00,0.00,59.46,0.11,0.00,27.73,1176.31,107.35,249.97,0.00,0.00,21.60,0.00,2.54,0.00,0.00,1.99,0.01,0.00,34.56,58.18
2026-01-04 19:15,-0.60,0.00,94.95,0.00,0.00,58.79,0.11,0.00,35.18,1161.05,93.78,222.27,0.00,0.00,21.40,0.00,5.19,0.00,0.00,1.97,0.01,0.00,58.30,58.86
2026-01-04 19:20,-0.42,0.00,93.76,0.00,0.00,58.79,0.11,0.00,63.25,1158.92,75.09,194.57,0.00,0.00,21.20,0.00,5.15,0.00,0.00,1.97,0.01,0.00,58.67,56.95
2026-01-04 19:25,-2.21,-65.14,0.00,0.00,0.00,58.12,0.11,0.00,231.89,1185.32,54.67,166.87,0.00,0.00,21.00,0.08,0.00,0.00,0.00,1.95,0.01,0.00,13.77,56.80
2026-01-04 19:30,0.00,-98.38,0.00,0.00,0.00,58.79,0.11,0.00,247.94,1228.67,42.22,139.16,0.00,0.00,20.80,0.12,0.00,0.00,0.00,1.97,0.01,0.00,13.73,57.63
2026-01-04 19:35,-0.01,-21.22,0.00,0.00,0.00,58.79,0.11,0.00,232.24,1211.92,31.42,120.08,0.00,0.00,20.53,0.03,0.00,0.00,0.00,1.97,0.01,0.00,14.31,59.55
2026-01-04 19:40,-1.88,0.00,39.26,0.00,0.00,58.79,0.11,0.00,167.21,1207.70,21.93,100.99,0.00,0.00,20.27,0.00,2.21,0.00,0.00,1.97,0.01,0.00,33.17,58.05
2026-01-04 19:45,-1.82,-0.34,0.00,0.00,0.00,59.46,0.11,0.00,213.98,1216.87,13.27,81.91,0.00,0.00,20.00,0.00,0.00,0.00,0.00,1.99,0.01,0.00,15.14,56.93
2026-01-04 19:50,-2.35,-19.50,0.00,0.00,0.00,58.79,0.11,0.00,239.33,1216.94,8.34,62.82,0.00,0.00,19.73,0.03,0.00,0.00,0.00,1.97,0.01,0.00,14.96,56.20
2026-01-04 19:55,-6.77,0.00,186.66,0.00,0.00,58.12,0.11,0.00,50.86,1211.17,4.59,43.74,0.00,0.00,19.47,0.00,11.09,0.00,0.00,1.95,0.01,0.00,133.17,50.04
2026-01-04 20:00,-0.64,0.00,69.59,0.00,0.00,58.12,0.11,0.00,156.73,1223.80,2.68,24.65,0.00,0.00,19.20,0.00,4.31,0.00,0.00,1.95,0.01,0.00,53.82,56.20
2026-01-04 20:05,-3.51,0.00,173.63,0.00,0.00,58.79,0.11,0.00,67.93,1222.31,1.05,20.54,0.00,0.00,18.97,0.00,10.57,0.00,0.00,1.97,0.01,0.00,126.10,51.64
2026-01-04 20:10,-0.29,0.00,109.12,0.00,0.00,58.79,0.11,0.00,159.58,1209.62,0.30,16.43,0.00,0.00,18.73,0.00,6.75,0.00,0.00,1.97,0.01,0.00,78.40,56.20
2026-01-04 20:15,-0.31,0.00,170.55,0.00,0.00,58.79,0.11,0.00,86.06,1202.80,0.03,12.33,0.00,0.00,18.50,0.00,10.64,0.00,0.00,1.97,0.01,0.00,127.24,36.77
2026-01-04 20:20,-0.51,0.00,217.38,0.00,0.00,58.12,0.11,0.00,53.67,1191.28,0.03,8.22,0.00,0.00,18.27,0.00,13.47,0.00,0.00,1.95,0.01,0.00,169.20,37.76
2026-01-04 20:25,-0.20,0.00,217.53,0.00,0.00,58.79,0.11,0.00,59.70,1176.76,0.03,4.11,0.00,0.00,18.03,0.00,13.49,0.00,0.00,1.97,0.01,0.00,171.57,39.24
2026-01-04 20:30,-0.89,0.00,253.45,0.00,0.00,58.12,0.11,0.00,53.14,1156.37,0.03,0.00,0.00,0.00,17.80,0.00,15.50,0.00,0.00,1.95,0.01,0.00,206.66,40.14
2026-01-04 20:35,-0.31,0.00,267.81,-0.10,0.00,59.46,0.11,0.00,58.21,1124.56,0.01,0.00,0.00,0.00,17.65,0.00,16.47,0.00,0.00,1.99,0.01,0.00,227.50,42.72
2026-01-04 20:40,-0.24,0.00,316.33,-0.10,0.00,58.79,0.11,0.00,62.81,1099.23,0.01,0.00,0.00,0.00,17.50,0.00,19.75,0.00,0.00,1.97,0.01,0.00,288.32,51.95
2026-01-04 20:45,-0.29,0.00,329.43,-0.10,0.00,58.12,0.11,0.00,59.13,1082.96,0.01,0.00,0.00,0.00,17.35,0.00,20.79,0.00,0.00,1.95,0.01,0.00,313.46,54.33
2026-01-04 20:50,-4.61,0.00,361.74,-0.10,0.00,58.79,0.11,0.00,51.07,1061.04,0.01,0.00,0.00,0.00,17.20,0.00,22.82,0.00,0.00,1.97,0.01,0.00,369.80,41.20
2026-01-04 20:55,-0.33,0.00,271.20,-0.10,0.00,58.79,0.11,0.00,158.27,1037.34,0.00,0.00,0.00,0.00,17.05,0.00,17.03,0.00,0.00,1.97,0.01,0.00,232.01,43.83
2026-01-04 21:00,-0.75,0.00,376.19,-0.10,0.00,58.79,0.11,0.00,54.68,1021.30,0.00,0.00,0.00,0.00,16.90,0.00,23.70,0.00,0.00,1.97,0.01,0.00,406.57,41.46
2026-01-04 21:05,-0.72,0.00,276.02,0.00,0.00,59.46,0.11,0.00,155.12,1008.26,0.00,0.00,0.00,0.00,16.88,0.00,17.41,0.00,0.00,1.99,0.01,0.00,246.09,43.12
2026-01-04 21:10,-0.01,0.00,264.10,0.00,0.00,58.79,0.11,0.00,182.44,987.81,0.00,0.00,0.00,0.00,16.87,0.00,16.73,0.00,0.00,1.97,0.01,0.00,232.58,42.63
2026-01-04 21:15,-0.21,0.00,272.62,0.00,0.00,59.46,0.11,0.00,165.13,998.87,0.00,0.00,0.00,0.00,16.85,0.00,17.39,0.00,0.00,1.99,0.01,0.00,244.75,46.21
2026-01-04 21:20,-0.14,0.00,286.08,0.00,0.00,59.46,0.11,0.00,154.72,987.46,0.00,0.00,0.00,0.00,16.83,0.00,18.34,0.00,0.00,1.99,0.01,0.00,266.63,47.91
2026-01-04 21:25,-1.09,0.00,355.25,0.00,0.00,58.12,0.11,0.00,67.58,996.64,0.00,0.00,0.00,0.00,16.82,0.00,22.71,0.00,0.00,1.95,0.01,0.00,386.36,46.35
2026-01-04 21:30,-0.16,0.00,338.95,0.00,0.00,58.79,0.11,0.00,70.57,1002.49,0.00,0.00,0.00,0.00,16.80,0.00,21.78,0.00,0.00,1.97,0.01,0.00,359.47,48.61
2026-01-04 21:35,-0.61,0.00,343.92,0.00,0.00,58.79,0.11,0.00,55.90,1004.85,0.00,0.00,0.00,0.00,16.78,0.00,22.17,0.00,0.00,1.97,0.01,0.00,373.76,48.31
2026-01-04 21:40,-0.28,0.00,315.42,0.00,0.00,58.79,0.11,0.00,65.39,1011.33,0.00,0.00,0.00,0.00,16.77,0.00,20.39,0.00,0.00,1.97,0.01,0.00,327.27,46.28
2026-01-04 21:45,-0.70,0.00,327.32,0.00,0.00,58.79,0.11,0.00,58.32,1014.10,0.00,0.00,0.00,0.00,16.75,0.00,21.27,0.00,0.00,1.97,0.01,0.00,347.30,43.50
2026-01-04 21:50,-1.02,0.00,310.12,0.00,0.00,58.79,0.11,0.00,53.02,1028.32,0.00,0.00,0.00,0.00,16.73,0.00,20.25,0.00,0.00,1.97,0.01,0.00,321.66,42.03
2026-01-04 21:55,-0.09,0.00,303.26,0.00,0.00,58.12,0.11,0.00,51.19,1039.29,0.00,0.00,0.00,0.00,16.72,0.00,19.82,0.00,0.00,1.95,0.01,0.00,309.04,62.97
2026-01-04 22:00,-0.45,0.00,198.05,0.00,0.00,58.12,0.11,0.00,140.53,1033.25,0.00,0.00,0.00,0.00,16.70,0.00,13.31,0.00,0.00,1.95,0.01,0.00,177.25,59.55
2026-01-04 22:05,-0.79,0.00,161.78,0.00,0.00,58.79,0.11,0.00,161.24,1047.73,0.00,0.00,0.00,0.00,16.73,0.00,10.97,0.00,0.00,1.97,0.01,0.00,140.56,48.82
2026-01-04 22:10,-0.03,0.00,184.50,0.00,0.00,58.79,0.11,0.00,164.39,1050.70,0.00,0.00,0.00,0.00,16.77,0.00,12.52,0.00,0.00,1.97,0.01,0.00,159.65,59.55
2026-01-04 22:15,-1.41,0.00,150.27,-0.10,0.00,59.46,0.11,0.00,132.13,1063.74,0.00,0.00,0.00,0.00,16.80,0.00,10.22,0.00,0.00,1.99,0.01,0.00,132.88,57.56
2026-01-04 22:20,-0.14,0.00,202.18,0.00,0.00,58.79,0.11,0.00,82.01,1067.21,0.00,0.00,0.00,0.00,16.83,0.00,13.84,0.00,0.00,1.97,0.01,0.00,188.73,59.55
2026-01-04 22:25,-1.47,0.00,176.06,0.00,0.00,58.79,0.11,0.00,79.95,1094.68,0.00,0.00,0.00,0.00,16.87,0.00,12.18,0.00,0.00,1.97,0.01,0.00,160.85,59.55
2026-01-04 22:30,-1.30,0.00,162.66,0.00,0.00,59.46,0.11,0.00,91.47,1094.66,0.00,0.00,0.00,0.00,16.90,0.00,11.21,0.00,0.00,1.99,0.01,0.00,146.47,59.55
2026-01-04 22:35,-1.03,0.00,117.38,-0.10,0.00,59.46,0.11,0.00,102.76,1103.69,0.00,0.00,0.00,0.00,16.87,0.00,8.15,0.00,0.00,1.99,0.01,0.00,106.12,55.20
2026-01-04 22:40,-0.23,0.00,159.04,-0.10,0.00,58.79,0.11,0.00,51.50,1120.43,0.00,0.00,0.00,0.00,16.83,0.00,11.02,0.00,0.00,1.97,0.01,0.00,145.51,54.59
2026-01-04 22:45,-0.57,0.00,142.45,-0.10,0.00,58.79,0.11,0.00,43.82,1127.46,0.00,0.00,0.00,0.00,16.80,0.00,9.90,0.00,0.00,1.97,0.01,0.00,131.06,47.04
2026-01-04 22:50,-1.06,0.00,123.40,-0.10,0.00,58.79,0.11,0.00,43.32,1154.37,0.00,0.00,0.00,0.00,16.77,0.00,8.55,0.00,0.00,1.97,0.01,0.00,111.58,49.36
2026-01-04 22:55,-1.10,0.00,106.75,-0.10,0.00,58.79,0.11,0.00,43.22,1160.59,0.00,0.00,0.00,0.00,16.73,0.00,7.41,0.00,0.00,1.97,0.01,0.00,97.55,59.55
2026-01-04 23:00,-109.00,0.00,165.82,0.00,0.00,58.12,0.11,0.00,66.83,1166.38,0.00,0.00,0.00,0.00,16.70,0.00,11.45,0.00,0.00,1.95,0.01,0.00,158.16,37.54
2026-01-04 23:05,-0.79,0.00,69.21,0.00,0.00,58.79,0.11,0.00,42.99,1180.67,0.00,0.00,0.00,0.00,16.67,0.00,4.79,0.00,0.00,1.97,0.01,0.00,66.92,46.43
2026-01-04 23:10,-0.66,0.00,56.62,0.00,0.00,59.46,0.11,0.00,45.19,1186.34,0.00,0.00,0.00,0.00,16.63,0.00,3.92,0.00,0.00,1.99,0.01,0.00,57.57,59.32
2026-01-04 23:15,-0.92,0.00,49.32,0.00,0.00,58.79,0.11,0.00,66.26,1188.46,0.00,0.00,0.00,0.00,16.60,0.00,3.42,0.00,0.00,1.97,0.01,0.00,51.20,59.12
2026-01-04 23:20,-0.24,0.00,6.50,0.00,0.00,58.79,0.11,0.00,96.66,1183.48,0.00,0.00,0.00,0.00,16.57,0.00,0.45,0.00,0.00,1.97,0.01,0.00,21.86,46.27
2026-01-04 23:25,-0.08,-42.38,0.00,0.00,0.00,58.79,0.11,0.00,148.37,1191.71,0.00,0.00,0.00,0.00,16.53,0.06,0.00,0.00,0.00,1.97,0.01,0.00,16.95,59.55
2026-01-04 23:30,-0.03,-13.24,0.00,0.00,0.00,58.79,0.11,0.00,112.36,1193.08,0.00,0.00,0.00,0.00,16.50,0.02,0.00,0.00,0.00,1.97,0.01,0.00,17.38,59.55
2026-01-04 23:35,-0.47,-51.28,0.00,0.00,0.00,58.79,0.11,0.00,148.58,1198.81,0.00,0.00,0.00,0.00,16.42,0.07,0.00,0.00,0.00,1.97,0.01,0.00,16.86,59.18
2026-01-04 23:40,0.00,0.00,22.13,0.00,0.00,58.79,0.11,0.00,139.14,1193.33,0.00,0.00,0.00,0.00,16.33,0.00,1.55,0.00,0.00,1.97,0.01,0.00,30.94,61.57
2026-01-04 23:45,-0.31,0.00,36.11,-0.10,0.00,58.79,0.11,0.00,76.85,1212.29,0.00,0.00,0.00,0.00,16.25,0.00,2.50,0.00,0.00,1.97,0.01,0.00,40.92,56.20
2026-01-04 23:50,-0.48,-31.46,0.00,-0.10,0.00,58.12,0.11,0.00,137.63,1230.57,0.00,0.00,0.00,0.00,16.17,0.04,0.00,0.00,0.00,1.95,0.01,0.00,16.44,46.71
2026-01-04 23:55,-0.01,-39.61,0.00,-0.10,0.00,59.46,0.11,0.00,115.54,1255.25,0.00,0.00,0.00,0.00,16.08,0.06,0.00,0.00,0.00,1.99,0.01,0.00,16.76,56.20
2026-01-05 00:00,-0.18,0.00,35.19,-0.20,0.00,58.79,0.11,0.00,4.84,1257.18,0.00,0.00,23.98,0.00,16.00,0.00,2.50,0.00,0.00,1.97,0.01,0.00,41.81,47.13
2026-01-05 00:05,-0.93,0.00,77.91,-0.10,0.00,58.79,0.11,0.00,0.82,1255.94,0.00,0.00,29.43,0.00,15.93,0.00,5.51,0.00,0.00,1.97,0.01,0.00,72.63,60.37
2026-01-05 00:10,-1.76,0.00,71.75,-0.10,0.00,58.79,0.11,0.00,4.34,1266.15,0.00,0.00,27.77,0.00,15.87,0.00,5.12,0.00,0.00,1.97,0.01,0.00,67.81,61.15
2026-01-05 00:15,-0.47,0.00,78.63,-0.10,0.00,58.79,0.11,0.00,5.79,1267.85,0.00,0.00,25.27,0.00,15.80,0.00,5.68,0.00,0.00,1.97,0.01,0.00,73.33,60.25
2026-01-05 00:20,-0.15,0.00,34.50,0.00,0.00,59.46,0.11,0.00,34.12,1269.24,0.00,0.00,24.72,0.00,15.73,0.00,2.49,0.00,0.00,1.99,0.01,0.00,40.57,60.26
2026-01-05 00:25,-0.14,0.00,69.09,0.00,0.00,58.12,0.11,0.00,34.30,1256.41,0.00,0.00,13.82,0.00,15.67,0.00,5.00,0.00,0.00,1.95,0.01,0.00,65.15,60.31
2026-01-05 00:30,-0.13,0.00,31.71,0.00,0.00,58.79,0.10,0.00,61.69,1263.40,0.00,0.00,13.67,0.00,15.60,0.00,2.28,0.00,0.00,1.97,0.01,0.00,37.77,60.32
2026-01-05 00:35,-0.16,0.00,43.99,0.00,0.00,58.79,0.11,0.00,65.56,1258.41,0.00,0.00,0.27,0.00,15.58,0.00,3.15,0.00,0.00,1.97,0.01,0.00,45.95,62.43
2026-01-05 00:40,-2.64,0.00,104.33,0.00,0.00,58.79,0.11,0.00,59.50,1202.59,0.00,0.00,4.95,0.00,15.57,0.00,7.48,0.00,0.00,1.97,0.01,0.00,93.48,61.41
2026-01-05 00:45,-2.23,0.00,138.53,0.00,0.00,58.12,0.11,0.00,59.86,1174.88,0.00,0.00,6.32,0.00,15.55,0.00,10.12,0.00,0.00,1.95,0.01,0.00,125.69,60.98
2026-01-05 00:50,-0.01,0.00,154.84,0.00,0.00,60.14,0.11,0.00,23.49,1169.72,0.00,0.00,6.39,0.00,15.53,0.00,11.09,0.00,0.00,2.01,0.01,0.00,143.18,61.86
2026-01-05 00:55,-0.22,0.00,105.67,0.00,0.00,58.79,0.11,0.00,74.46,1173.71,0.00,0.00,4.12,0.00,15.52,0.00,7.65,0.00,0.00,1.97,0.01,0.00,96.19,61.90
2026-01-05 01:00,-1.07,0.00,152.11,0.00,0.00,58.12,0.11,0.00,14.77,1198.07,0.00,0.00,0.00,0.00,15.50,0.00,10.93,0.00,0.00,1.95,0.01,0.00,138.31,59.34
2026-01-05 01:05,-0.25,0.00,158.67,0.00,0.00,59.46,0.11,0.00,11.49,1216.85,0.00,0.00,0.00,0.00,15.55,0.00,11.37,0.00,0.00,1.99,0.01,0.00,142.09,48.50
2026-01-05 01:10,-0.02,0.00,122.72,0.00,0.00,58.12,0.11,0.00,63.12,1209.45,0.00,0.00,0.00,0.00,15.60,0.00,8.91,0.00,0.00,1.95,0.01,0.00,107.88,48.03
2026-01-05 01:15,-0.01,0.00,153.82,0.00,0.00,58.79,0.11,0.00,18.30,1217.71,0.00,0.00,0.50,0.00,15.65,0.00,11.17,0.00,0.00,1.97,0.01,0.00,138.22,53.17
2026-01-05 01:20,-1.27,0.00,152.61,-0.10,0.00,58.79,0.11,0.00,0.29,1214.63,0.00,0.00,0.00,0.00,15.70,0.00,11.04,0.00,0.00,1.97,0.01,0.00,139.43,50.25
2026-01-05 01:25,-72.86,0.00,174.79,-0.10,0.00,58.12,0.11,0.00,48.93,1209.69,0.00,0.00,0.14,0.00,15.75,0.00,12.89,0.00,0.00,1.95,0.01,0.00,166.59,47.72
2026-01-05 01:30,-0.01,0.00,128.19,-0.10,0.00,58.79,0.11,0.00,14.58,1216.50,0.00,0.00,0.00,0.00,15.80,0.00,9.45,0.00,0.00,1.97,0.01,0.00,118.03,40.56
2026-01-05 01:35,-0.37,0.00,144.83,-0.10,0.00,58.79,0.11,0.00,13.39,1200.10,0.00,0.00,0.00,0.00,15.97,0.00,10.58,0.00,0.00,1.97,0.01,0.00,133.68,50.30
2026-01-05 01:40,-1.22,0.00,165.23,-0.10,0.00,58.79,0.11,0.00,5.48,1194.46,0.00,0.00,0.00,0.00,16.13,0.00,11.97,0.00,0.00,1.97,0.01,0.00,153.16,49.53
2026-01-05 01:45,-0.97,0.00,134.98,-0.10,0.00,58.12,0.11,0.00,41.36,1187.89,0.00,0.00,0.00,0.00,16.30,0.00,9.97,0.00,0.00,1.95,0.01,0.00,124.27,48.89
2026-01-05 01:50,-2.21,0.00,194.63,0.00,0.00,59.46,0.11,0.00,0.74,1166.81,0.00,0.00,0.00,0.00,16.47,0.00,14.41,0.00,0.00,1.99,0.01,0.00,191.10,60.08
2026-01-05 01:55,-90.35,0.00,256.42,0.00,0.00,58.79,0.11,0.00,2.87,1179.52,0.00,0.00,0.00,0.00,16.63,0.00,18.57,0.00,0.00,1.97,0.01,0.00,275.61,45.40
2026-01-05 02:00,-5.35,0.00,145.37,-0.10,0.00,58.79,0.11,0.00,0.30,1184.56,0.00,0.00,0.00,0.00,16.80,0.00,10.74,0.00,0.00,1.97,0.01,0.00,139.66,43.55
2026-01-05 02:05,-0.51,0.00,123.30,-0.10,0.00,58.79,0.11,0.00,4.21,1204.22,0.00,0.00,0.00,0.00,16.63,0.00,9.17,0.00,0.00,1.97,0.01,0.00,116.98,44.90
2026-01-05 02:10,-0.08,0.00,93.12,-0.10,0.00,58.79,0.11,0.00,9.92,1222.31,0.00,0.00,0.00,0.00,16.47,0.00,6.95,0.00,0.00,1.97,0.01,0.00,89.42,56.67
2026-01-05 02:15,-0.78,0.00,54.04,0.00,0.00,58.79,0.11,0.00,10.20,1248.94,0.00,0.00,0.00,0.00,16.30,0.00,4.02,0.00,0.00,1.97,0.01,0.00,56.94,41.37
2026-01-05 02:20,-0.45,0.00,41.37,0.00,0.00,59.46,0.11,0.00,12.95,1254.24,0.00,0.00,0.00,0.00,16.13,0.00,3.07,0.00,0.00,1.99,0.01,0.00,47.37,33.20
2026-01-05 02:25,-0.04,0.00,67.89,-0.20,0.00,58.79,0.11,0.00,17.55,1246.64,0.00,0.00,0.00,0.00,15.97,0.00,5.11,0.00,0.00,1.97,0.01,0.00,67.75,45.85
2026-01-05 02:30,-38.71,0.00,56.10,-0.20,0.00,58.79,0.11,0.00,20.11,1252.43,0.00,0.00,0.00,0.00,15.80,0.00,4.25,0.00,0.00,1.97,0.01,0.00,60.41,49.80
2026-01-05 02:35,-108.98,0.00,147.93,-0.20,0.00,58.12,0.11,0.00,0.80,1249.39,0.00,0.00,0.00,0.00,15.67,0.00,11.19,0.00,0.00,1.95,0.01,0.00,150.05,49.41
2026-01-05 02:40,-109.21,0.00,98.87,-0.20,0.00,58.79,0.11,0.00,37.38,1264.18,0.00,0.00,0.00,0.00,15.53,0.00,7.57,0.00,0.00,1.97,0.01,0.00,99.39,41.50
2026-01-05 02:45,-3.17,0.00,23.68,-0.10,0.00,58.79,0.10,0.00,0.26,1282.97,0.00,0.00,0.00,0.00,15.40,0.00,1.82,0.00,0.00,1.97,0.01,0.00,34.64,41.89
2026-01-05 02:50,-1.63,0.00,4.00,0.00,0.00,58.79,0.11,0.00,0.51,1279.47,0.00,0.00,10.81,0.00,15.27,0.00,0.31,0.00,0.00,1.97,0.01,0.00,20.55,30.68
2026-01-05 02:55,-3.31,-4.41,0.00,0.00,0.00,58.79,0.11,0.00,0.31,1309.85,0.00,0.00,0.94,0.00,15.13,0.01,0.00,0.00,0.00,1.97,0.01,0.00,17.36,28.71
2026-01-05 03:00,-0.31,-29.05,0.00,0.00,0.00,58.79,0.11,0.00,0.74,1321.87,0.00,0.00,5.53,0.00,15.00,0.04,0.00,0.00,0.00,1.97,0.01,0.00,17.16,37.21
2026-01-05 03:05,-110.90,0.00,50.39,0.00,0.00,58.79,0.11,0.00,0.26,1340.21,0.00,0.00,0.00,0.00,15.00,0.00,3.91,0.00,0.00,1.97,0.01,0.00,57.07,30.35
2026-01-05 03:10,-0.70,-56.82,0.00,0.00,0.00,58.79,0.11,0.00,0.29,1321.04,0.00,0.00,0.00,0.00,15.00,0.08,0.00,0.00,0.00,1.97,0.01,0.00,17.18,31.11
2026-01-05 03:15,-0.17,-18.04,0.00,0.00,0.00,58.79,0.11,0.00,2.28,1280.30,0.00,0.00,0.00,0.00,15.00,0.03,0.00,0.00,0.00,1.97,0.01,0.00,17.67,51.49
2026-01-05 03:20,-108.25,0.00,92.78,0.00,0.00,58.79,0.11,0.00,2.23,1261.68,0.00,0.00,0.00,0.00,15.00,0.00,7.05,0.00,0.00,1.97,0.01,0.00,96.54,46.43
2026-01-05 03:25,-109.16,0.00,76.02,0.00,0.00,58.79,0.11,0.00,0.34,1261.22,0.00,0.00,0.00,0.00,15.00,0.00,5.95,0.00,0.00,1.97,0.01,0.00,83.79,44.51
2026-01-05 03:30,-1.96,-30.35,0.00,0.00,0.00,58.12,0.11,0.00,10.94,1259.86,0.00,0.00,0.00,0.00,15.00,0.04,0.00,0.00,0.00,1.95,0.01,0.00,17.66,53.06
2026-01-05 03:35,-0.01,-34.97,0.00,0.00,0.00,58.79,0.11,0.00,16.30,1246.36,0.00,0.00,0.00,0.00,14.83,0.05,0.00,0.00,0.00,1.97,0.01,0.00,17.94,45.23
2026-01-05 03:40,-1.17,-2.68,0.00,0.00,0.00,58.12,0.11,0.00,0.22,1232.19,0.00,0.00,0.00,0.00,14.67,0.00,0.00,0.00,0.00,1.95,0.01,0.00,18.17,45.54
2026-01-05 03:45,-0.01,-15.97,0.00,0.00,0.00,58.79,0.11,0.00,15.38,1226.10,0.00,0.00,0.00,0.00,14.50,0.02,0.00,0.00,0.00,1.97,0.01,0.00,18.23,53.78
2026-01-05 03:50,-0.02,-45.56,0.00,-0.20,0.00,58.79,0.11,0.00,50.68,1232.17,0.00,0.00,0.00,0.00,14.33,0.07,0.00,0.00,0.00,1.97,0.01,0.00,17.67,43.81
2026-01-05 03:55,-1.11,-190.36,0.00,-0.10,0.00,58.79,0.11,0.00,198.39,1228.67,0.00,0.00,0.00,0.00,14.17,0.25,0.00,0.00,0.00,1.97,0.01,0.00,15.97,57.37
2026-01-05 04:00,-1.87,0.00,0.18,-0.10,0.00,58.79,0.11,0.00,7.26,1232.37,0.00,0.00,0.00,0.00,14.00,0.00,0.01,0.00,0.00,1.97,0.01,0.00,18.42,56.04
2026-01-05 04:05,-0.35,-32.03,0.00,-0.10,0.00,59.46,0.11,0.00,26.74,1237.55,0.00,0.00,0.00,0.00,13.92,0.05,0.00,0.00,0.00,1.99,0.01,0.00,18.12,36.21
2026-01-05 04:10,-0.02,-188.04,0.00,-0.10,0.00,58.79,0.11,0.00,200.83,1252.83,0.00,0.00,0.00,0.00,13.83,0.25,0.00,0.00,0.00,1.97,0.01,0.00,15.67,56.52
2026-01-05 04:15,-4.57,-38.89,0.00,-0.20,0.00,58.79,0.11,0.00,0.22,1262.65,0.00,0.00,0.00,0.00,13.75,0.06,0.00,0.00,0.00,1.97,0.01,0.00,18.00,50.90
2026-01-05 04:20,-0.58,-235.70,0.00,-0.10,0.00,58.79,0.11,0.00,196.28,1274.74,0.00,0.00,0.00,0.00,13.67,0.30,0.00,0.00,0.00,1.97,0.01,0.00,15.50,55.72
2026-01-05 04:25,-1.39,-62.79,0.00,-0.10,0.00,58.79,0.11,0.00,5.88,1274.37,0.00,0.00,0.00,0.00,13.58,0.09,0.00,0.00,0.00,1.97,0.01,0.00,17.72,54.07
2026-01-05 04:30,-1.72,-165.37,0.00,0.00,0.00,59.46,0.11,0.00,106.71,1294.53,0.00,0.00,0.00,0.00,13.50,0.23,0.00,0.00,0.00,1.99,0.01,0.00,16.43,51.28
2026-01-05 04:35,-0.22,-263.13,0.00,0.00,0.00,59.46,0.11,0.00,199.28,1316.28,0.00,0.00,0.00,0.00,13.52,0.33,0.00,0.00,0.00,1.99,0.01,0.00,15.22,50.34
2026-01-05 04:40,-0.35,-242.77,0.00,0.00,0.00,59.46,0.11,0.00,206.65,1313.87,0.00,0.00,0.00,0.00,13.53,0.31,0.00,0.00,0.00,1.99,0.01,0.00,15.18,49.22
2026-01-05 04:45,-0.16,-326.04,0.00,-0.10,0.00,58.79,0.11,0.00,306.03,1304.91,0.00,0.00,0.00,0.00,13.55,0.39,0.00,0.00,0.00,1.97,0.01,0.00,14.20,51.17
2026-01-05 04:50,-0.17,-249.20,0.00,0.00,0.00,58.79,0.11,0.00,214.95,1291.86,0.00,0.00,0.00,0.00,13.57,0.31,0.00,0.00,0.00,1.97,0.01,0.00,15.14,53.33
2026-01-05 04:55,-3.23,-160.90,0.00,0.00,0.00,58.79,0.11,0.00,151.61,1271.02,0.00,0.00,0.00,0.00,13.58,0.21,0.00,0.00,0.00,1.97,0.01,0.00,16.04,51.11
2026-01-05 05:00,-5.06,-241.56,0.00,0.00,0.00,58.79,0.11,0.00,242.13,1257.99,0.00,0.00,0.00,0.00,13.60,0.31,0.00,0.00,0.00,1.97,0.01,0.00,15.26,44.48
2026-01-05 05:05,0.00,-375.48,0.00,-0.10,0.00,58.79,0.11,0.00,409.02,1251.90,0.00,0.00,0.00,0.00,13.55,0.43,0.00,0.00,0.00,1.97,0.01,0.00,13.79,56.23
2026-01-05 05:10,-0.39,-263.68,0.00,-0.10,0.00,59.46,0.11,0.00,288.93,1247.66,0.00,0.00,0.00,0.00,13.50,0.33,0.00,0.00,0.00,1.99,0.01,0.00,15.03,53.60
2026-01-05 05:15,-0.21,-389.80,0.00,-0.10,0.00,59.46,0.11,0.00,410.05,1253.86,0.00,0.00,0.00,0.00,13.45,0.45,0.00,0.00,0.00,1.99,0.01,0.00,13.91,53.50
2026-01-05 05:20,-0.89,-329.29,0.00,-0.10,0.00,58.79,0.11,0.00,369.76,1235.82,0.00,0.00,0.00,0.00,13.40,0.39,0.00,0.00,0.00,1.97,0.01,0.00,14.25,51.23
2026-01-05 05:25,-0.63,-238.64,0.00,-0.10,0.00,58.12,0.11,0.00,297.65,1229.09,0.00,0.00,0.00,0.00,13.35,0.32,0.00,0.00,0.00,1.95,0.01,0.00,14.57,50.60
2026-01-05 05:30,-2.03,-300.57,0.00,-0.10,0.00,59.46,0.11,0.00,357.59,1230.88,0.00,0.00,0.00,0.00,13.30,0.36,0.00,0.00,0.00,1.99,0.01,0.00,14.57,50.82
2026-01-05 05:35,-2.18,-264.54,0.00,-0.10,0.00,58.79,0.11,0.00,346.42,1212.45,0.00,1.34,0.00,0.00,13.38,0.32,0.00,0.00,0.00,1.97,0.01,0.00,14.66,49.56
2026-01-05 05:40,-5.91,-264.89,0.00,0.00,0.00,58.79,0.11,0.00,350.58,1225.44,0.01,2.68,0.00,0.00,13.47,0.32,0.00,0.00,0.00,1.97,0.01,0.00,14.53,49.81
2026-01-05 05:45,-7.48,-219.93,0.00,0.00,0.00,58.79,0.11,0.00,329.64,1214.97,0.09,4.02,0.00,0.00,13.55,0.27,0.00,0.00,0.00,1.97,0.01,0.00,14.82,52.25
2026-01-05 05:50,-4.15,-121.82,0.00,0.00,0.00,58.79,0.11,0.00,201.67,1209.62,0.52,5.36,0.00,0.00,13.63,0.16,0.00,0.00,0.00,1.97,0.01,0.00,16.10,49.27
2026-01-05 05:55,-3.69,-46.95,0.00,0.00,0.00,44.03,0.11,0.00,167.43,1202.91,1.37,6.70,0.00,0.00,13.72,0.05,0.00,0.00,0.00,1.47,0.01,0.00,12.53,51.23
2026-01-05 06:00,-4.57,0.00,85.54,0.00,0.00,43.36,0.11,0.00,34.97,1195.77,5.13,8.04,0.00,0.00,13.80,0.00,6.42,0.00,0.00,1.45,0.01,0.00,78.93,46.34
2026-01-05 06:05,-6.67,-159.97,0.00,0.00,0.00,43.36,0.11,0.00,300.86,1180.99,8.32,18.11,0.00,0.00,14.10,0.15,0.00,0.00,0.00,1.45,0.01,0.00,11.32,43.86
2026-01-05 06:10,-0.47,-137.86,0.00,0.00,0.00,43.36,0.11,0.00,294.35,1158.02,13.33,28.17,0.00,0.00,14.40,0.13,0.00,0.00,0.00,1.45,0.01,0.00,11.37,45.79
2026-01-05 06:15,-0.01,-87.58,0.00,-0.10,0.00,43.36,0.11,0.00,234.40,1139.56,18.84,38.24,0.00,0.00,14.70,0.09,0.00,0.00,0.00,1.45,0.01,0.00,11.85,32.98
2026-01-05 06:20,-0.23,0.00,100.60,-0.10,0.00,42.69,0.11,0.00,52.89,1127.90,27.21,48.31,0.00,0.00,15.00,0.00,7.47,0.00,0.00,1.43,0.01,0.00,89.18,31.09
2026-01-05 06:25,-0.33,0.00,50.98,-0.10,0.00,43.36,0.11,0.00,102.95,1113.02,35.44,58.37,0.00,0.00,15.30,0.00,3.74,0.00,0.00,1.45,0.01,0.00,47.96,30.22
2026-01-05 06:30,-0.43,0.00,85.93,-0.10,0.00,42.69,0.11,0.00,91.51,1089.53,50.47,68.44,0.00,0.00,15.60,0.00,6.18,0.00,0.00,1.43,0.01,0.00,72.78,31.18
2026-01-05 06:35,-0.63,0.00,7.25,-0.10,0.00,42.69,0.11,0.00,132.05,1083.16,62.46,90.53,0.00,0.00,15.83,0.00,0.53,0.00,0.00,1.43,0.01,0.00,16.78,30.87
2026-01-05 06:40,-0.02,-40.65,0.00,0.00,0.00,42.69,0.11,0.00,189.33,1060.84,76.12,112.63,0.00,0.00,16.07,0.04,0.00,0.00,0.00,1.43,0.01,0.00,11.60,33.94
2026-01-05 06:45,-0.01,0.00,49.38,0.00,0.00,42.69,0.11,0.00,108.68,1033.96,88.93,134.73,0.00,0.00,16.30,0.00,3.56,0.00,0.00,1.43,0.01,0.00,44.07,12.22
2026-01-05 06:50,-0.08,0.00,30.56,0.00,0.00,43.36,0.11,0.00,114.77,1027.32,109.02,156.82,0.00,0.00,16.53,0.00,2.16,0.00,0.00,1.45,0.01,0.00,30.60,9.37
2026-01-05 06:55,-5.36,0.00,43.79,0.00,0.00,44.03,0.11,0.00,111.87,1004.89,131.89,178.92,0.00,0.00,16.77,0.00,3.11,0.00,0.00,1.47,0.01,0.00,38.72,12.35
2026-01-05 07:00,-4.08,0.00,121.65,0.00,0.00,43.36,0.11,0.00,2.60,987.81,152.27,201.02,0.00,0.00,17.00,0.00,8.59,0.00,0.00,1.45,0.01,0.00,95.56,-6.00
2026-01-05 07:05,-3.40,0.00,41.11,-0.10,0.00,42.69,0.11,0.00,108.26,952.15,170.99,234.27,22.99,0.00,17.30,0.00,2.84,0.00,0.00,1.43,0.01,0.00,35.03,-7.00
2026-01-05 07:10,-7.91,0.00,170.24,-0.10,0.00,43.36,0.11,0.00,16.16,900.81,156.00,267.52,43.36,42.02,17.60,0.00,11.42,0.00,0.00,1.45,0.01,0.00,128.22,-7.00
2026-01-05 07:15,-0.06,0.00,168.74,-0.10,0.00,42.69,0.11,0.00,18.70,887.31,156.19,300.77,39.18,54.87,17.90,0.00,11.40,0.00,0.00,1.43,0.01,0.00,124.53,-7.25
2026-01-05 07:20,-0.07,0.00,142.63,-0.10,0.00,42.69,0.11,0.00,15.05,872.04,171.32,334.02,48.73,58.01,18.20,0.00,9.51,0.00,0.00,1.43,0.01,0.00,101.64,-8.50
2026-01-05 07:25,-7.72,0.00,197.62,0.00,0.00,42.69,0.11,0.00,4.08,787.48,182.21,367.27,133.04,65.09,18.50,0.00,13.11,0.00,0.00,1.43,0.01,0.00,148.13,-7.81
2026-01-05 07:30,-1.24,0.00,195.75,0.00,0.00,42.69,0.11,0.00,0.23,742.90,206.08,400.52,166.79,65.45,18.80,0.00,13.20,0.00,0.00,1.43,0.01,0.00,146.92,-7.81
2026-01-05 07:35,-56.46,0.00,182.26,-0.10,0.00,43.36,0.11,0.00,32.09,749.10,223.01,440.54,120.85,71.94,18.98,0.00,12.08,0.00,0.00,1.45,0.01,0.00,130.06,-7.83
2026-01-05 07:40,-0.04,0.00,163.38,-0.10,0.00,42.69,0.11,0.00,15.24,715.18,237.73,480.56,163.23,74.42,19.17,0.00,10.80,0.00,0.00,1.43,0.01,0.00,110.55,-30.98
2026-01-05 07:45,-63.93,0.00,430.30,-0.10,0.00,42.69,0.11,0.00,5.41,516.93,205.18,520.58,338.68,137.71,19.35,0.00,28.36,0.00,0.00,1.43,0.01,0.00,448.82,-59.00
2026-01-05 07:50,-43.38,0.00,405.72,-0.20,0.00,42.69,0.11,0.00,5.25,517.28,220.25,560.60,281.25,158.44,19.53,0.00,27.24,0.00,0.00,1.43,0.01,0.00,383.74,-95.07
2026-01-05 07:55,-78.71,0.00,449.66,-0.10,0.00,43.36,0.11,0.00,5.58,501.49,234.24,600.62,356.22,158.04,19.72,0.00,28.65,0.00,0.00,1.45,0.01,0.00,421.59,-101.02
2026-01-05 08:00,-108.60,0.00,531.72,-0.10,0.00,42.69,0.11,0.00,5.57,442.93,237.93,640.64,371.27,163.30,19.90,0.00,34.50,0.00,0.00,1.43,0.01,0.00,591.26,-101.02
2026-01-05 08:05,-179.76,0.00,549.12,-0.20,0.00,42.69,0.11,0.00,33.61,444.15,245.75,684.03,339.34,163.81,20.05,0.00,35.35,0.00,0.00,1.43,0.01,0.00,612.02,-59.00
2026-01-05 08:10,-130.80,0.00,501.68,0.00,0.00,42.69,0.11,0.00,34.99,393.39,220.17,727.43,342.30,192.46,20.20,0.00,32.00,0.00,0.00,1.43,0.01,0.00,510.29,-101.02
2026-01-05 08:15,-120.30,0.00,538.91,0.00,0.00,42.69,0.11,0.00,29.37,357.64,210.35,770.82,393.71,210.17,20.35,0.00,34.12,0.00,0.00,1.43,0.01,0.00,567.59,-59.00
2026-01-05 08:20,-38.99,0.00,509.48,0.00,0.00,43.36,0.11,0.00,0.28,365.45,185.54,814.22,352.43,326.41,20.50,0.00,31.97,0.00,0.00,1.45,0.01,0.00,466.15,-20.00
2026-01-05 08:25,-29.24,0.00,485.97,0.00,0.00,43.36,0.11,0.00,15.15,414.26,52.23,857.61,229.69,428.43,20.65,0.00,29.56,0.00,0.00,1.45,0.01,0.00,429.12,-59.00
2026-01-05 08:30,-40.15,0.00,528.34,0.00,0.00,42.69,0.11,0.00,15.60,368.62,8.27,901.01,320.39,436.83,20.80,0.00,32.08,0.00,0.00,1.43,0.01,0.00,523.78,-95.07
2026-01-05 08:35,-41.88,0.00,595.53,0.00,5.00,43.36,0.11,0.00,1.42,346.02,3.73,941.59,292.59,443.52,20.83,0.00,35.63,0.00,0.24,1.45,0.01,0.00,636.38,-68.71
2026-01-05 08:40,-28.01,0.00,526.27,0.00,11.00,42.69,0.11,0.00,26.25,302.63,5.49,982.16,328.37,446.40,20.87,0.00,31.31,0.00,0.53,1.43,0.01,0.00,489.32,-95.07
2026-01-05 08:45,-57.27,0.00,609.26,0.00,9.00,42.69,0.11,0.00,3.15,297.08,2.07,1022.74,322.45,444.53,20.90,0.00,35.55,0.00,0.43,1.43,0.01,0.00,632.13,-83.50
2026-01-05 08:50,-46.35,0.00,533.59,0.00,11.00,42.69,0.11,0.00,1.63,291.02,1.82,1063.32,300.02,457.54,20.93,0.00,31.87,0.00,0.53,1.43,0.01,0.00,488.20,-20.00
2026-01-05 08:55,-121.42,0.00,550.95,0.00,15.00,43.36,0.11,0.00,0.28,305.03,3.24,1103.90,303.77,448.95,20.97,0.00,35.24,0.00,0.72,1.45,0.01,0.00,562.25,-20.00
2026-01-05 09:00,-174.73,0.00,533.44,0.00,19.00,42.69,0.11,0.00,1.44,316.30,6.96,1144.47,266.96,460.50,21.00,0.00,32.26,0.00,0.91,1.43,0.01,0.00,504.77,-95.07
2026-01-05 09:05,-144.44,0.00,588.03,0.00,25.00,42.69,0.11,0.00,0.41,257.39,6.09,1177.38,279.10,465.73,21.20,0.00,37.15,0.00,1.20,1.43,0.01,0.00,614.74,-20.00
2026-01-05 09:10,-120.30,0.00,471.68,0.00,25.00,42.69,0.11,0.00,0.61,261.47,6.06,1210.30,257.13,469.85,21.40,0.00,29.44,0.00,1.20,1.43,0.01,0.00,403.40,-59.00
2026-01-05 09:15,-130.30,0.00,485.12,0.00,32.00,42.69,0.11,0.00,3.41,235.24,7.63,1243.21,272.73,470.79,21.60,0.00,29.70,0.00,1.54,1.43,0.01,0.00,413.22,-59.00
2026-01-05 09:20,-139.45,0.00,506.60,0.00,33.00,42.69,0.11,0.00,0.28,219.02,3.54,1276.12,268.27,482.79,21.80,0.00,32.99,0.00,1.58,1.43,0.01,0.00,465.33,-59.00
2026-01-05 09:25,-134.91,0.00,461.46,0.00,37.00,42.69,0.10,0.00,0.28,206.49,3.54,1309.03,303.72,478.35,22.00,0.00,30.83,0.00,1.78,1.43,0.01,0.00,407.35,-59.04
2026-01-05 09:30,-177.96,0.00,482.13,0.00,43.00,42.69,0.11,0.00,4.05,200.97,3.98,1341.94,246.93,488.79,22.20,0.00,30.84,0.00,2.06,1.43,0.01,0.00,421.94,-59.00
2026-01-05 09:35,-141.65,0.00,448.63,0.00,41.00,42.02,0.11,0.00,0.81,183.99,3.82,1369.67,243.48,484.62,22.38,0.00,28.20,0.00,1.97,1.41,0.01,0.00,360.51,-59.00
2026-01-05 09:40,-168.81,0.00,452.07,0.00,43.00,42.69,0.11,0.00,3.35,174.14,4.06,1397.40,234.45,495.89,22.57,0.00,29.13,0.00,2.06,1.43,0.01,0.00,375.11,-59.00
2026-01-05 09:45,-174.03,0.00,462.94,0.00,40.00,42.69,0.11,0.00,0.20,159.56,3.09,1425.13,223.46,494.30,22.75,0.00,30.55,0.00,1.92,1.43,0.01,0.00,393.51,-15.46
2026-01-05 09:50,-149.45,0.00,354.53,0.00,40.00,42.69,0.11,0.00,0.00,177.05,27.15,1452.86,163.04,468.99,22.93,0.00,24.91,0.00,1.92,1.43,0.01,0.00,274.46,-53.37
2026-01-05 09:55,-173.65,0.00,437.57,0.00,40.00,42.69,0.11,0.00,0.00,134.10,5.52,1480.59,228.92,505.20,23.12,0.00,30.70,0.00,1.92,1.43,0.01,0.00,374.35,-59.00
2026-01-05 10:00,-150.65,0.00,411.87,0.00,41.00,42.69,0.11,0.00,1.25,113.17,2.84,1508.32,190.12,506.41,23.30,0.00,28.84,0.00,1.97,1.43,0.01,0.00,337.40,-59.00
2026-01-05 10:05,-157.50,0.00,428.57,0.00,40.00,42.69,0.11,0.00,0.00,100.00,2.58,1533.96,179.63,510.84,23.57,0.00,29.31,0.00,1.92,1.43,0.01,0.00,345.91,-56.52
2026-01-05 10:10,-129.09,0.00,433.83,0.00,43.00,42.69,0.11,0.00,1.89,89.60,3.54,1559.59,184.82,516.08,23.83,0.00,29.84,0.00,2.06,1.43,0.01,0.00,339.78,-20.00
2026-01-05 10:15,-119.17,0.00,381.88,0.00,42.00,42.69,0.11,0.00,2.90,98.82,7.53,1585.23,171.05,518.38,24.10,0.00,26.63,0.00,2.02,1.43,0.01,0.00,282.37,-20.00
2026-01-05 10:20,-119.24,0.00,377.91,0.00,42.00,42.69,0.11,0.00,2.14,83.30,7.08,1610.87,163.37,520.14,24.37,0.00,26.30,0.00,2.02,1.43,0.01,0.00,276.51,-59.00
2026-01-05 10:25,-126.76,0.00,416.69,0.00,43.00,42.69,0.11,0.00,2.25,72.26,5.39,1636.51,164.23,524.92,24.63,0.00,28.94,0.00,2.06,1.43,0.01,0.00,309.22,-48.50
2026-01-05 10:30,-122.69,0.00,379.10,0.00,40.00,42.69,0.11,0.00,0.00,68.18,3.59,1662.14,166.72,504.99,24.90,0.00,26.76,0.00,1.92,1.43,0.01,0.00,274.84,-15.08
2026-01-05 10:35,-199.05,0.00,360.46,0.00,41.00,42.69,0.11,0.00,0.00,112.83,30.83,1680.04,140.68,496.05,25.25,0.00,24.98,0.00,1.97,1.43,0.01,0.00,252.65,-20.57
2026-01-05 10:40,-219.03,0.00,466.05,0.00,40.00,42.69,0.11,0.00,0.00,65.60,8.00,1697.94,188.59,520.79,25.60,0.00,32.09,0.00,1.92,1.43,0.01,0.00,363.80,-59.04
2026-01-05 10:45,-194.38,0.00,438.76,0.00,40.00,43.36,0.11,0.00,0.00,64.33,3.35,1715.85,167.90,532.25,25.95,0.00,30.34,0.00,1.92,1.45,0.01,0.00,327.88,-58.71
2026-01-05 10:50,-131.82,0.00,387.92,0.00,42.00,42.69,0.11,0.00,0.58,61.87,2.63,1733.75,155.02,526.99,26.30,0.00,26.07,0.00,2.02,1.43,0.01,0.00,259.78,-59.00
2026-01-05 10:55,-147.77,0.00,377.23,0.00,40.00,42.69,0.11,0.00,0.00,58.20,2.60,1751.65,164.75,527.46,26.65,0.00,24.80,0.00,1.92,1.43,0.01,0.00,246.55,-119.97
2026-01-05 11:00,-148.68,0.00,420.56,0.00,41.00,42.69,0.11,0.00,0.01,43.22,1.14,1769.55,189.36,529.86,27.00,0.00,29.09,0.00,1.97,1.43,0.01,0.00,293.51,-59.04
2026-01-05 11:05,-130.04,0.00,364.25,0.00,41.00,42.69,0.11,0.00,0.01,49.09,2.17,1780.30,152.34,527.75,27.17,0.00,24.98,0.00,1.97,1.43,0.01,0.00,239.70,-35.85
2026-01-05 11:10,-115.61,0.00,321.51,0.00,44.00,42.69,0.11,0.00,4.91,55.83,5.88,1791.06,157.03,523.97,27.33,0.00,21.84,0.00,2.11,1.43,0.01,0.00,202.10,-59.00
2026-01-05 11:15,-202.57,0.00,431.54,0.00,40.00,42.69,0.11,0.00,0.00,52.02,3.29,1801.82,144.70,528.20,27.50,0.00,29.54,0.00,1.92,1.43,0.01,0.00,302.28,-59.00
2026-01-05 11:20,-150.06,0.00,370.87,0.00,41.00,42.69,0.11,0.00,0.00,54.35,2.65,1812.58,138.85,528.42,27.67,0.00,25.87,0.00,1.97,1.43,0.01,0.00,245.20,-55.01
2026-01-05 11:25,-154.68,0.00,348.01,0.00,40.00,42.69,0.11,0.00,0.05,50.15,2.94,1823.34,140.22,527.62,27.83,0.00,24.03,0.00,1.92,1.43,0.01,0.00,225.64,-59.04
2026-01-05 11:30,-177.64,0.00,337.92,0.00,41.00,42.69,0.11,0.00,0.07,59.10,2.81,1834.10,151.94,528.83,28.00,0.00,23.48,0.00,1.97,1.43,0.01,0.00,220.30,-129.18
2026-01-05 11:35,-176.00,0.00,401.58,0.00,42.00,42.69,0.11,0.00,0.18,32.33,1.38,1834.83,160.82,531.04,27.85,0.00,27.80,0.00,2.02,1.43,0.01,0.00,272.58,-35.85
2026-01-05 11:40,-157.70,0.00,364.93,0.00,40.00,42.69,0.11,0.00,0.03,48.64,4.77,1835.57,158.98,525.21,27.70,0.00,24.87,0.00,1.92,1.43,0.01,0.00,233.74,-57.51
2026-01-05 11:45,-216.53,0.00,405.33,0.00,40.00,42.69,0.11,0.00,0.06,51.96,3.23,1836.30,140.97,529.44,27.55,0.00,25.95,0.00,1.92,1.43,0.01,0.00,259.98,-57.50
2026-01-05 11:50,-178.77,0.00,357.05,0.00,41.00,42.69,0.11,0.00,0.00,52.27,2.84,1837.04,141.60,529.35,27.40,0.00,23.39,0.00,1.97,1.43,0.01,0.00,223.24,-59.00
2026-01-05 11:55,-161.34,0.00,324.93,0.00,44.00,42.69,0.11,0.00,0.90,56.08,3.48,1837.78,172.66,529.85,27.25,0.00,21.60,0.00,2.11,1.43,0.01,0.00,201.34,-59.04
2026-01-05 12:00,-229.90,0.00,398.33,0.00,40.00,42.69,0.11,0.00,0.01,53.61,2.50,1838.51,147.61,530.02,27.10,0.00,27.27,0.00,1.92,1.43,0.01,0.00,272.37,-119.67
2026-01-05 12:05,-249.51,0.00,462.16,0.00,40.00,42.69,0.11,0.00,0.00,43.70,1.01,1845.24,189.70,532.24,26.95,0.00,31.00,0.00,1.92,1.43,0.01,0.00,326.94,-56.52
2026-01-05 12:10,-210.99,0.00,386.17,0.00,42.00,42.69,0.11,0.00,0.00,53.48,3.19,1851.98,157.02,529.43,26.80,0.00,25.95,0.00,2.02,1.43,0.01,0.00,252.68,-15.46
2026-01-05 12:15,-186.47,0.00,293.95,0.00,44.00,42.69,0.11,0.00,0.02,65.96,14.47,1858.71,149.50,517.95,26.65,0.00,20.05,0.00,2.11,1.43,0.01,0.00,183.18,-15.46
2026-01-05 12:20,-149.39,0.00,247.50,0.00,40.00,42.69,0.11,0.00,0.05,71.50,26.48,1865.44,138.66,505.37,26.50,0.00,16.96,0.00,1.92,1.43,0.01,0.00,147.78,-20.57
2026-01-05 12:25,-72.42,0.00,237.85,0.00,40.00,43.36,0.11,0.00,0.01,54.63,8.94,1872.17,159.13,526.84,26.35,0.00,16.45,0.00,1.92,1.45,0.01,0.00,139.24,-11.66
2026-01-05 12:30,-107.27,0.00,212.91,0.00,40.00,43.36,0.11,0.00,0.00,86.95,33.82,1878.90,154.92,491.59,26.20,0.00,14.53,0.00,1.92,1.45,0.01,0.00,121.89,-11.66
2026-01-05 12:35,-88.74,0.00,176.92,0.00,42.00,42.69,0.11,0.00,0.00,108.07,44.91,1884.93,165.47,469.66,26.27,0.00,12.20,0.00,2.02,1.43,0.01,0.00,101.17,-11.01
2026-01-05 12:40,-67.59,0.00,119.92,0.00,41.00,42.69,0.11,0.00,0.38,105.63,45.31,1890.96,176.10,468.30,26.33,0.00,8.21,0.00,1.97,1.43,0.01,0.00,71.87,-11.01
2026-01-05 12:45,-43.44,0.00,98.00,0.00,44.00,43.36,0.11,0.00,6.91,107.60,46.12,1896.99,190.66,468.39,26.40,0.00,6.85,0.00,2.11,1.45,0.01,0.00,62.39,-9.50
2026-01-05 12:50,-45.61,0.00,84.10,0.00,40.00,42.69,0.11,0.00,0.00,107.36,57.38,1903.02,190.86,456.09,26.47,0.00,5.77,0.00,1.92,1.43,0.01,0.00,54.17,-9.50
2026-01-05 12:55,-23.37,0.00,72.68,0.00,42.00,42.69,0.11,0.00,0.27,103.16,48.98,1909.05,199.58,471.02,26.53,0.00,5.04,0.00,2.02,1.43,0.01,0.00,49.68,-11.01
2026-01-05 13:00,-44.47,0.00,99.56,0.00,42.00,42.69,0.11,0.00,1.49,101.56,45.60,1915.08,187.78,469.82,26.60,0.00,6.80,0.00,2.02,1.43,0.01,0.00,61.37,-7.00
2026-01-05 13:05,-128.02,0.00,105.07,0.00,43.00,42.69,0.11,0.00,3.10,184.44,59.65,1915.04,75.69,473.22,26.72,0.00,7.18,0.00,2.06,1.43,0.01,0.00,63.62,-34.66
2026-01-05 13:10,-248.20,0.00,415.54,0.00,42.00,42.69,0.11,0.00,0.00,59.22,15.44,1915.00,222.53,537.19,26.83,0.00,26.94,0.00,2.02,1.43,0.01,0.00,258.54,-59.00
2026-01-05 13:15,-208.03,0.00,424.55,0.00,40.00,42.69,0.11,0.00,0.00,52.33,4.00,1914.97,209.21,532.88,26.95,0.00,26.91,0.00,1.92,1.43,0.01,0.00,255.53,-59.04
2026-01-05 13:20,-162.07,0.00,359.46,0.00,40.00,42.69,0.11,0.00,0.00,55.95,2.58,1914.93,216.67,531.91,27.07,0.00,23.02,0.00,1.92,1.43,0.01,0.00,206.20,-34.81
2026-01-05 13:25,-146.00,0.00,324.68,0.00,41.00,42.69,0.11,0.00,0.30,60.04,5.81,1914.90,218.59,527.96,27.18,0.00,20.91,0.00,1.97,1.43,0.01,0.00,183.02,-58.81
2026-01-05 13:30,-169.89,0.00,363.53,0.00,42.00,42.69,0.11,0.00,0.50,62.89,4.93,1914.86,232.50,532.03,27.30,0.00,23.97,0.00,2.02,1.43,0.01,0.00,214.40,-35.85
2026-01-05 13:35,-154.33,0.00,343.98,0.00,44.00,42.02,0.11,0.00,2.00,62.07,6.57,1909.99,226.03,528.05,27.22,0.00,22.19,0.00,2.11,1.41,0.01,0.00,196.71,-34.66
2026-01-05 13:40,-167.98,0.00,367.64,0.00,41.00,42.69,0.11,0.00,0.00,63.54,6.62,1905.11,238.10,528.12,27.13,0.00,23.67,0.00,1.97,1.43,0.01,0.00,213.23,-59.00
2026-01-05 13:45,-165.50,0.00,391.26,0.00,44.00,42.02,0.11,0.00,2.30,62.81,6.38,1900.24,254.28,532.11,27.05,0.00,25.05,0.00,2.11,1.41,0.01,0.00,228.40,-20.57
2026-01-05 13:50,-122.81,0.00,350.25,0.00,43.00,42.02,0.11,0.00,1.60,64.34,6.70,1895.36,267.88,528.15,26.97,0.00,22.44,0.00,2.06,1.41,0.01,0.00,196.86,-57.80
2026-01-05 13:55,-135.80,0.00,359.37,0.00,42.00,42.02,0.11,0.00,1.90,67.40,5.68,1890.49,262.23,532.14,26.88,0.00,22.71,0.00,2.02,1.41,0.01,0.00,201.78,-59.04
2026-01-05 14:00,-97.20,0.00,330.24,0.00,44.00,42.69,0.11,0.00,7.41,65.02,6.21,1885.62,279.20,532.12,26.80,0.00,21.35,0.00,2.11,1.43,0.01,0.00,184.03,-15.46
2026-01-05 14:05,-174.22,0.00,358.29,0.00,41.00,42.69,0.11,0.00,0.00,91.28,31.40,1880.01,257.11,500.09,26.87,0.00,22.48,0.00,1.97,1.43,0.01,0.00,199.91,-69.66
2026-01-05 14:10,-253.31,0.00,420.40,0.00,40.00,42.69,0.10,0.00,0.70,69.43,86.56,1874.41,296.06,444.98,26.93,0.00,24.60,0.00,1.92,1.43,0.01,0.00,232.95,-69.66
2026-01-05 14:15,-222.86,0.00,412.25,0.00,40.00,42.69,0.11,0.00,0.00,62.82,89.47,1868.81,301.06,444.96,27.00,0.00,25.14,0.00,1.92,1.43,0.01,0.00,232.82,-59.00
2026-01-05 14:20,-180.51,0.00,361.47,0.00,44.00,42.69,0.11,0.00,2.80,67.76,89.89,1863.20,284.14,444.88,27.07,0.00,21.29,0.00,2.11,1.43,0.01,0.00,190.02,-69.66
2026-01-05 14:25,-166.90,0.00,383.91,0.00,43.00,42.69,0.11,0.00,1.01,54.52,89.91,1857.60,279.54,444.84,27.13,0.00,23.71,0.00,2.06,1.43,0.01,0.00,212.29,-59.04
2026-01-05 14:30,-158.22,0.00,369.94,0.00,40.00,42.69,0.11,0.00,0.10,63.56,89.50,1852.00,271.12,444.70,27.20,0.00,22.84,0.00,1.92,1.43,0.01,0.00,201.53,-59.04
2026-01-05 14:35,-176.59,0.00,411.55,0.00,40.00,42.69,0.11,0.00,0.00,64.26,89.52,1837.44,272.36,444.62,27.23,0.00,24.83,0.00,1.92,1.43,0.01,0.00,227.63,-59.00
2026-01-05 14:40,-156.38,0.00,392.14,0.00,40.00,42.69,0.11,0.00,0.00,74.89,89.52,1822.88,294.57,444.51,27.27,0.00,23.99,0.00,1.92,1.43,0.01,0.00,215.68,-200.00
2026-01-05 14:45,-127.74,0.00,439.37,0.00,42.00,42.69,0.11,0.00,0.30,38.41,88.13,1808.32,342.85,446.44,27.30,0.00,27.24,0.00,2.02,1.43,0.01,0.00,253.54,-68.50
2026-01-05 14:50,-89.58,0.00,355.10,0.00,43.00,42.69,0.11,0.00,3.20,60.69,89.70,1793.76,316.78,444.40,27.33,0.00,21.89,0.00,2.06,1.43,0.01,0.00,191.82,-129.00
2026-01-05 14:55,-95.43,0.00,401.34,0.00,40.00,43.36,0.11,0.00,8.10,57.43,87.95,1779.20,293.25,446.29,27.37,0.00,24.57,0.00,1.92,1.45,0.01,0.00,220.77,-128.20
2026-01-05 15:00,-82.68,0.00,406.62,0.00,40.00,42.69,0.11,0.00,0.00,56.01,87.61,1764.64,309.13,446.21,27.40,0.00,24.23,0.00,1.92,1.43,0.01,0.00,220.45,-129.00
2026-01-05 15:05,-81.42,0.00,421.54,0.00,40.00,42.69,0.11,0.00,0.00,60.37,87.48,1746.98,312.78,446.05,27.38,0.00,25.21,0.00,1.92,1.43,0.01,0.00,232.49,-129.00
2026-01-05 15:10,-63.13,0.00,409.01,0.00,41.00,42.69,0.11,0.00,1.22,67.93,87.49,1729.32,337.47,445.96,27.37,0.00,24.18,0.00,1.97,1.43,0.01,0.00,221.03,-129.00
2026-01-05 15:15,-59.58,0.00,430.84,0.00,40.00,42.69,0.11,0.00,9.60,59.27,87.54,1711.66,346.72,445.81,27.35,0.00,25.70,0.00,1.92,1.43,0.01,0.00,238.70,-68.71
2026-01-05 15:20,-39.85,0.00,405.01,0.00,40.00,42.69,0.11,0.00,0.80,68.72,89.06,1694.01,346.43,443.52,27.33,0.00,23.11,0.00,1.92,1.43,0.01,0.00,213.08,-68.71
2026-01-05 15:25,-36.56,0.00,412.80,0.00,43.00,42.69,0.11,0.00,0.75,62.29,89.77,1676.35,340.27,442.52,27.32,0.00,24.26,0.00,2.06,1.43,0.01,0.00,227.26,-59.00
2026-01-05 15:30,-31.20,0.00,420.01,0.00,40.00,42.69,0.11,0.00,0.30,70.08,89.52,1658.69,334.04,441.65,27.30,0.00,23.96,0.00,1.92,1.43,0.01,0.00,226.04,-59.00
2026-01-05 15:35,-28.34,0.00,448.66,0.00,40.00,43.36,0.11,0.00,0.00,64.88,89.59,1640.57,340.44,441.04,27.42,0.00,24.50,0.00,1.92,1.45,0.01,0.00,238.72,-59.00
2026-01-05 15:40,-28.69,0.00,466.57,0.00,40.00,42.69,0.11,0.00,0.00,70.19,89.49,1622.45,338.67,437.88,27.53,0.00,24.15,0.00,1.92,1.43,0.01,0.00,240.96,-19.98
2026-01-05 15:45,-11.09,0.00,464.03,0.00,40.00,42.69,0.11,0.00,0.00,83.02,89.52,1604.32,336.08,433.98,27.65,0.00,25.28,0.00,1.92,1.43,0.01,0.00,248.19,-19.98
2026-01-05 15:50,-9.90,0.00,442.36,0.00,40.00,42.69,0.11,0.00,22.35,102.37,91.46,1586.20,335.03,429.33,27.77,0.00,23.04,0.00,1.92,1.43,0.01,0.00,221.06,-19.98
2026-01-05 15:55,-4.44,0.00,463.77,0.00,40.00,42.69,0.11,0.00,24.02,110.49,93.46,1568.08,338.24,426.23,27.88,0.00,24.23,0.00,1.92,1.43,0.01,0.00,234.70,-15.46
2026-01-05 16:00,-4.29,0.00,470.72,0.00,41.00,42.69,0.11,0.00,20.36,115.48,106.23,1549.96,321.90,408.88,28.00,0.00,24.19,0.00,1.97,1.43,0.01,0.00,236.38,-11.66
2026-01-05 16:05,-11.79,0.00,476.69,0.00,40.00,42.69,0.11,0.00,2.55,135.93,127.83,1533.92,309.86,371.78,28.30,0.00,24.41,0.00,1.92,1.43,0.01,0.00,238.95,-8.50
2026-01-05 16:10,-16.88,0.00,454.71,0.00,40.00,42.69,0.11,0.00,0.00,219.75,74.44,1517.89,233.40,436.97,28.60,0.00,25.07,0.00,1.92,1.43,0.01,0.00,239.69,-8.50
2026-01-05 16:15,-15.60,0.00,498.80,0.00,40.00,42.69,0.11,0.00,0.00,204.39,66.59,1501.85,247.85,427.69,28.90,0.00,27.38,0.00,1.92,1.43,0.01,0.00,274.99,-8.50
2026-01-05 16:20,-26.52,0.00,527.72,0.00,40.00,42.69,0.11,0.00,0.00,221.80,68.85,1485.82,223.43,421.27,29.20,0.00,28.49,0.00,1.92,1.43,0.01,0.00,292.85,-8.50
2026-01-05 16:25,-12.77,0.00,529.19,0.00,40.00,43.36,0.11,0.00,0.00,236.81,71.05,1469.78,210.02,426.79,29.50,0.00,28.53,0.00,1.92,1.45,0.01,0.00,290.30,-8.50
2026-01-05 16:30,-2.15,0.00,549.99,0.00,40.00,42.69,0.11,0.00,0.00,247.68,74.09,1453.75,200.50,422.36,29.80,0.00,29.74,0.00,1.92,1.43,0.01,0.00,304.06,-7.01
2026-01-05 16:35,-5.09,0.00,512.92,0.00,40.00,42.02,0.11,0.00,0.00,298.70,84.34,1418.62,146.81,419.17,29.92,0.00,28.17,0.00,1.92,1.41,0.01,0.00,276.79,-8.50
2026-01-05 16:40,-20.90,0.00,487.58,0.00,40.00,42.69,0.11,0.00,0.00,285.05,147.95,1383.50,170.80,338.05,30.03,0.00,25.54,0.00,1.92,1.43,0.01,0.00,249.29,-8.50
2026-01-05 16:45,-6.65,0.00,514.80,0.00,40.00,42.69,0.11,0.00,0.70,280.59,149.01,1348.38,209.12,336.11,30.15,0.00,28.25,0.00,1.92,1.43,0.01,0.00,283.06,-8.50
2026-01-05 16:50,-5.02,0.00,555.70,0.00,41.00,42.69,0.11,0.00,0.00,277.94,146.10,1313.25,204.99,333.58,30.27,0.00,30.82,0.00,1.97,1.43,0.01,0.00,325.82,-8.50
2026-01-05 16:55,-1.11,0.00,559.43,0.00,44.00,42.69,0.11,0.00,6.14,299.20,145.40,1278.13,213.01,331.02,30.38,0.00,30.06,0.00,2.11,1.43,0.01,0.00,321.36,-7.25
2026-01-05 17:00,-18.01,0.00,626.20,0.00,40.00,42.69,0.11,0.00,0.00,304.51,149.03,1243.00,177.43,328.36,30.50,0.00,34.32,0.00,1.92,1.43,0.01,0.00,398.25,-7.00
2026-01-05 17:05,-13.56,0.00,566.29,0.00,41.00,42.69,0.11,0.00,3.50,388.28,162.23,1204.90,111.50,311.90,30.63,0.00,30.73,0.00,1.97,1.43,0.01,0.00,324.39,-7.25
2026-01-05 17:10,-26.09,0.00,590.49,0.00,40.00,42.69,0.11,0.00,0.00,322.43,145.27,1166.80,188.56,216.50,30.77,0.00,31.81,0.00,1.92,1.43,0.01,0.00,383.38,-8.50
2026-01-05 17:15,-22.24,0.00,654.31,0.00,40.00,43.36,0.11,0.00,0.00,312.03,241.81,1128.69,220.27,214.49,30.90,0.00,35.61,0.00,1.92,1.45,0.01,0.00,429.45,-7.01
2026-01-05 17:20,-38.17,0.00,627.08,0.00,40.00,42.69,0.11,0.00,0.00,379.71,244.67,1090.59,126.27,212.80,31.03,0.00,32.78,0.00,1.92,1.43,0.01,0.00,382.89,-6.50
2026-01-05 17:25,-1.31,0.00,487.71,0.00,43.00,43.36,0.11,0.00,5.42,418.61,320.96,1052.48,110.46,124.21,31.17,0.00,26.39,0.00,2.06,1.45,0.01,0.00,257.33,-7.00
2026-01-05 17:30,-2.40,0.00,521.01,0.00,41.00,42.69,0.11,0.00,0.84,417.77,252.20,1014.38,116.45,92.18,31.30,0.00,27.81,0.00,1.97,1.43,0.01,0.00,300.76,-7.00
2026-01-05 17:35,-3.97,0.00,535.82,0.00,43.00,43.36,0.11,0.00,5.94,456.12,345.20,972.44,118.67,94.78,31.18,0.00,28.92,0.00,2.06,1.45,0.01,0.00,293.49,-7.01
2026-01-05 17:40,-6.05,0.00,555.71,0.00,41.00,60.14,0.11,0.00,0.57,449.25,336.61,930.49,133.93,94.92,31.07,0.00,29.70,0.00,1.97,2.01,0.01,0.00,321.73,-7.00
2026-01-05 17:45,-7.93,0.00,507.80,0.00,42.00,59.46,0.11,0.00,0.95,468.05,398.82,888.54,118.85,19.34,30.95,0.00,27.54,0.00,2.02,1.99,0.01,0.00,282.13,-1.99
2026-01-05 17:50,-4.57,0.00,391.06,0.00,42.00,58.79,0.11,0.00,0.51,553.19,406.10,846.60,10.25,0.82,30.83,0.00,20.94,0.00,2.02,1.97,0.01,0.00,197.94,-7.00
2026-01-05 17:55,-6.81,0.00,559.64,0.00,43.00,59.46,0.11,0.00,5.34,458.71,395.28,804.65,106.29,1.00,30.72,0.00,30.34,0.00,2.06,1.99,0.01,0.00,344.02,-2.10
2026-01-05 18:00,-3.14,0.00,493.28,0.00,43.00,58.79,0.11,0.00,4.27,539.54,384.36,762.71,22.87,0.62,30.60,0.00,27.03,0.00,2.06,1.97,0.01,0.00,287.60,1.26
2026-01-05 18:05,-34.52,0.00,573.44,0.00,41.00,59.46,0.11,0.00,1.36,561.61,369.29,721.71,0.00,0.30,30.45,0.00,31.05,0.00,1.97,1.99,0.01,0.00,366.49,1.15
2026-01-05 18:10,-21.64,0.00,578.42,0.00,42.00,58.79,0.11,0.00,2.08,584.18,350.33,680.71,0.00,0.03,30.30,0.00,31.76,0.00,2.02,1.97,0.01,0.00,383.72,-7.00
2026-01-05 18:15,-2.14,0.00,767.45,0.00,44.00,58.79,0.11,0.00,9.57,512.71,275.91,639.72,94.04,58.41,30.15,0.00,43.76,0.00,2.11,1.97,0.01,0.00,744.43,-2.10
2026-01-05 18:20,-2.07,0.00,672.70,0.00,43.00,59.46,0.11,0.00,4.68,563.05,312.20,598.72,49.08,0.00,30.00,0.00,39.39,0.00,2.06,1.99,0.01,0.00,575.26,-2.10
2026-01-05 18:25,-0.81,0.00,690.10,0.00,44.00,59.46,0.11,0.00,42.13,574.68,293.29,557.73,44.35,0.00,29.85,0.00,41.22,0.00,2.11,1.99,0.01,0.00,617.73,79.56
2026-01-05 18:30,-0.75,0.00,593.71,0.00,44.00,59.46,0.11,0.00,81.69,642.85,267.41,516.73,0.00,0.00,29.70,0.00,36.09,0.00,2.11,1.99,0.01,0.00,473.94,80.44
2026-01-05 18:35,-0.77,0.00,610.02,0.00,41.00,59.46,0.11,0.00,62.21,686.03,245.55,480.31,0.00,0.00,29.57,0.00,37.23,0.00,1.97,1.99,0.01,0.00,512.84,73.73
2026-01-05 18:40,-0.79,0.00,616.89,0.00,41.00,59.46,0.11,0.00,86.58,701.22,228.99,443.89,0.00,0.00,29.43,0.00,37.83,0.00,1.97,1.99,0.01,0.00,531.48,109.73
2026-01-05 18:45,-0.97,0.00,666.15,0.00,40.00,110.47,0.11,0.00,24.59,706.85,209.32,407.47,0.00,0.00,29.30,0.00,41.11,0.00,1.92,3.70,0.01,0.00,674.35,129.99
2026-01-05 18:50,-1.02,0.00,654.73,0.00,40.00,148.72,0.11,0.00,30.10,729.98,183.35,371.05,0.00,0.00,29.17,0.00,41.02,0.00,1.92,4.98,0.01,0.00,678.55,117.07
2026-01-05 18:55,-0.80,0.00,614.96,0.00,41.00,148.72,0.11,0.00,94.78,716.64,166.54,334.63,0.00,0.00,29.03,0.00,39.16,0.00,1.97,4.98,0.01,0.00,624.06,100.44
2026-01-05 19:00,-0.85,0.00,550.41,0.00,42.00,133.96,0.11,0.00,187.08,735.71,147.72,298.21,0.00,0.00,28.90,0.00,35.91,0.00,2.02,4.49,0.01,0.00,512.34,111.56
2026-01-05 19:05,-1.13,0.00,560.51,0.00,40.00,149.39,0.11,0.00,167.80,758.37,131.89,270.09,0.00,0.00,28.67,0.00,35.93,0.00,1.92,5.00,0.01,0.00,537.97,113.41
2026-01-05 19:10,-1.62,0.00,607.63,0.00,41.00,148.72,0.11,0.00,137.09,780.19,108.93,241.98,0.00,0.00,28.43,0.00,38.48,0.00,1.97,4.98,0.01,0.00,642.41,100.44
2026-01-05 19:15,-0.88,0.00,505.41,0.00,41.00,99.73,0.11,0.00,277.73,790.80,89.67,213.86,0.00,0.00,28.20,0.00,32.14,0.00,1.97,3.34,0.01,0.00,446.54,100.44
2026-01-05 19:20,-0.89,0.00,505.79,0.00,60.00,148.05,0.11,0.00,195.55,807.87,73.53,185.75,0.00,0.00,27.97,0.00,31.98,0.00,2.88,4.96,0.01,0.00,495.59,98.00
2026-01-05 19:25,-1.78,0.00,530.83,0.00,58.00,96.38,0.11,0.00,271.89,813.80,60.19,157.63,0.00,0.00,27.73,0.00,34.80,0.00,2.78,3.23,0.01,0.00,529.25,100.44
2026-01-05 19:30,-1.18,0.00,513.20,0.00,58.00,91.68,0.11,0.00,283.79,839.66,47.59,129.51,0.00,0.00,27.50,0.00,33.28,0.00,2.78,3.07,0.01,0.00,501.80,98.00
2026-01-05 19:35,-0.99,0.00,485.34,0.00,58.00,90.34,0.11,0.00,297.27,844.44,31.36,111.32,0.00,0.00,27.30,0.00,31.21,0.00,2.78,3.02,0.01,0.00,469.47,98.00
2026-01-05 19:40,-0.96,0.00,574.43,0.00,59.00,91.01,0.11,0.00,217.91,853.83,22.45,93.12,0.00,0.00,27.10,0.00,37.06,0.00,2.83,3.05,0.01,0.00,676.27,93.21
2026-01-05 19:45,-1.08,0.00,602.48,0.00,60.00,90.34,0.11,0.00,193.77,859.71,14.66,74.93,0.00,0.00,26.90,0.00,38.82,0.00,2.88,3.02,0.01,0.00,777.92,100.44
2026-01-05 19:50,-0.91,0.00,609.19,0.00,61.00,101.07,0.11,0.00,154.57,877.04,7.73,56.73,0.00,0.00,26.70,0.00,39.28,0.00,2.93,3.38,0.01,0.00,844.15,98.00
2026-01-05 19:55,-0.90,0.00,614.84,0.00,61.00,89.66,0.11,0.00,158.36,874.60,5.09,38.54,0.00,0.00,26.50,0.00,40.22,0.00,2.93,3.00,0.01,0.00,905.53,98.00
2026-01-05 20:00,-0.89,0.00,630.44,0.00,62.00,89.66,0.11,0.00,136.66,875.51,2.28,20.34,0.00,0.00,26.30,0.00,40.59,0.00,2.98,3.00,0.01,0.00,1006.59,98.00
2026-01-05 20:05,-0.89,0.00,658.27,0.00,60.00,90.34,0.11,0.00,118.59,866.67,0.55,16.95,0.00,0.00,26.02,0.00,42.87,0.00,2.88,3.02,0.01,0.00,1184.92,98.00
2026-01-05 20:10,-1.15,0.00,626.40,0.00,62.00,90.34,0.11,0.00,130.29,870.37,0.24,13.56,0.00,0.00,25.73,0.00,41.13,0.00,2.98,3.02,0.01,0.00,1048.69,100.44
2026-01-05 20:15,-2.38,0.00,622.52,0.00,57.00,103.09,0.11,0.00,103.36,873.79,0.02,10.17,0.00,0.00,25.45,0.00,40.29,0.00,2.74,3.45,0.01,0.00,1067.37,82.79
2026-01-05 20:20,-1.19,0.00,628.80,0.00,62.00,90.34,0.11,0.00,91.99,889.86,0.02,6.78,0.00,0.00,25.17,0.00,40.81,0.00,2.98,3.02,0.01,0.00,1099.14,96.59
2026-01-05 20:25,-1.22,0.00,645.89,0.01,58.00,90.34,0.11,0.00,76.91,899.15,0.02,3.39,0.00,0.00,24.88,0.00,42.41,0.00,2.78,3.02,0.01,0.00,1203.60,80.44
2026-01-05 20:30,-2.36,0.00,642.62,0.00,59.00,81.61,0.11,0.00,78.01,926.99,0.00,0.00,0.00,0.00,24.60,0.00,41.96,0.00,2.83,2.73,0.01,0.00,1139.07,84.80
2026-01-05 20:35,-1.46,0.00,605.30,0.01,61.00,88.32,0.11,0.00,77.85,947.59,0.00,0.00,0.00,0.00,24.30,0.00,39.76,0.00,2.93,2.96,0.01,0.00,964.28,80.24
2026-01-05 20:40,-1.62,0.00,647.92,0.00,59.00,60.14,0.11,0.00,77.78,968.29,0.00,0.00,2.55,0.00,24.00,0.00,43.10,0.00,2.83,2.01,0.01,0.00,1115.65,80.33
2026-01-05 20:45,-3.21,0.00,497.71,0.00,57.00,60.81,0.11,0.00,178.87,991.87,0.00,0.00,4.49,0.00,23.70,0.00,32.67,0.00,2.74,2.04,0.01,0.00,570.50,79.05
2026-01-05 20:50,-1.31,0.00,447.64,0.00,58.00,60.81,0.11,0.00,176.01,1017.92,0.00,0.00,0.00,0.00,23.40,0.00,29.99,0.00,2.78,2.04,0.01,0.00,483.64,72.39
2026-01-05 20:55,-1.03,0.00,444.05,0.00,61.00,60.14,0.11,0.00,147.82,1043.95,0.00,0.00,2.25,0.00,23.10,0.00,30.48,0.00,2.93,2.01,0.01,0.00,489.79,69.80
2026-01-05 21:00,-0.96,0.00,472.47,0.00,59.00,60.81,0.10,0.00,92.02,1067.93,0.00,0.00,1.69,0.00,22.80,0.00,31.42,0.00,2.83,2.04,0.01,0.00,540.07,69.59
2026-01-05 21:05,-0.87,0.00,378.98,0.00,59.00,60.14,0.11,0.00,146.85,1098.87,0.00,0.00,2.63,0.00,22.57,0.00,26.24,0.00,2.83,2.01,0.01,0.00,378.69,80.44
2026-01-05 21:10,-0.95,0.00,354.52,0.00,59.00,81.61,0.11,0.00,98.25,1138.43,0.00,0.00,0.00,0.00,22.33,0.00,24.61,0.00,2.83,2.73,0.01,0.00,354.41,80.44
2026-01-05 21:15,-1.30,0.00,354.80,0.00,60.00,64.16,0.11,0.00,77.98,1155.04,0.00,0.00,0.00,0.00,22.10,0.00,25.18,0.00,2.88,2.15,0.01,0.00,362.13,74.63
2026-01-05 21:20,-1.29,0.00,353.87,0.00,60.00,60.14,0.11,0.00,77.05,1159.46,0.00,0.00,0.00,0.00,21.87,0.00,25.25,0.00,2.88,2.01,0.01,0.00,361.23,79.41
2026-01-05 21:25,-0.86,0.00,315.18,0.00,61.00,60.14,0.11,0.00,78.51,1167.69,0.00,0.00,0.00,0.00,21.63,0.00,22.65,0.00,2.93,2.01,0.01,0.00,314.97,67.08
2026-01-05 21:30,-0.80,0.00,314.44,0.00,60.00,60.14,0.11,0.00,81.15,1171.74,0.00,0.00,0.00,0.00,21.40,0.00,22.32,0.00,2.88,2.01,0.01,0.00,308.70,76.02
2026-01-05 21:35,-1.34,0.00,286.01,0.00,59.00,59.46,0.11,0.00,75.81,1192.20,0.00,0.00,0.00,0.00,21.28,0.00,20.36,0.00,2.83,1.99,0.01,0.00,274.94,77.63
2026-01-05 21:40,-0.80,0.00,238.48,0.00,62.00,60.14,0.11,0.00,82.49,1215.08,0.00,0.00,0.00,0.00,21.17,0.00,17.29,0.00,2.98,2.01,0.01,0.00,226.56,77.25
2026-01-05 21:45,-0.82,0.00,223.98,0.00,61.00,60.81,0.11,0.00,86.45,1217.37,0.00,0.00,0.00,0.00,21.05,0.00,16.24,0.00,2.93,2.04,0.01,0.00,211.89,77.61
2026-01-05 21:50,-1.12,0.00,278.38,0.00,62.00,60.14,0.11,0.00,1.40,1230.31,0.00,0.00,0.00,0.00,20.93,0.00,20.12,0.00,2.98,2.01,0.01,0.00,280.46,78.28
2026-01-05 21:55,-0.82,0.00,266.38,0.00,60.00,60.14,0.11,0.00,8.85,1223.02,0.00,0.00,0.46,0.00,20.82,0.00,19.36,0.00,2.88,2.01,0.01,0.00,268.35,77.89
2026-01-05 22:00,-1.31,0.00,257.74,0.00,58.00,60.14,0.11,0.00,6.46,1228.05,0.00,0.00,0.00,0.00,20.70,0.00,18.64,0.00,2.78,2.01,0.01,0.00,257.27,74.08
2026-01-05 22:05,-1.83,0.00,273.60,0.00,58.00,60.14,0.11,0.00,2.28,1231.38,0.00,0.00,0.00,0.00,20.70,0.00,20.07,0.00,2.78,2.01,0.01,0.00,277.22,62.78
2026-01-05 22:10,-0.82,0.00,245.93,0.00,60.00,60.14,0.11,0.00,2.04,1243.61,0.00,0.00,0.00,0.00,20.70,0.00,18.21,0.00,2.88,2.01,0.01,0.00,247.77,72.78
2026-01-05 22:15,-1.09,0.00,223.14,0.00,61.00,59.46,0.11,0.00,2.17,1259.36,0.00,0.00,0.00,0.00,20.70,0.00,16.59,0.00,2.93,1.99,0.01,0.00,222.98,79.19
2026-01-05 22:20,-0.83,0.00,181.40,0.00,61.00,60.81,0.11,0.00,4.12,1275.48,0.00,0.00,0.00,0.00,20.70,0.00,13.55,0.00,2.93,2.04,0.01,0.00,182.22,77.50
2026-01-05 22:25,-0.78,0.00,167.56,0.00,62.00,60.14,0.11,0.00,5.84,1273.85,0.00,0.00,0.00,0.00,20.70,0.00,12.42,0.00,2.98,2.01,0.01,0.00,169.42,76.56
2026-01-05 22:30,-0.79,0.00,160.17,0.00,61.00,60.14,0.11,0.00,8.81,1269.10,0.00,0.00,0.00,0.00,20.70,0.00,11.83,0.00,2.93,2.01,0.01,0.00,162.62,72.01
2026-01-05 22:35,-0.82,0.00,153.89,0.00,60.00,60.14,0.11,0.00,1.18,1266.20,0.00,0.00,0.00,0.00,20.47,0.00,11.38,0.00,2.88,2.01,0.01,0.00,158.44,69.33
2026-01-05 22:40,-1.37,0.00,154.73,0.00,59.00,60.14,0.11,0.00,0.28,1273.45,0.00,0.00,0.00,0.00,20.23,0.00,11.36,0.00,2.83,2.01,0.01,0.00,157.25,75.59
2026-01-05 22:45,-0.80,0.00,141.24,0.00,62.00,60.14,0.11,0.00,5.58,1264.13,0.00,0.00,0.00,0.00,20.00,0.00,10.35,0.00,2.98,2.01,0.01,0.00,147.30,68.90
2026-01-05 22:50,-0.92,0.00,154.87,0.00,60.00,60.14,0.11,0.00,1.29,1254.82,0.00,0.00,0.00,0.00,19.77,0.00,11.40,0.00,2.88,2.01,0.01,0.00,160.26,67.65
2026-01-05 22:55,-2.74,0.00,194.67,0.00,59.00,60.14,0.11,0.00,0.00,1235.15,0.00,0.00,0.00,0.00,19.53,0.00,14.35,0.00,2.83,2.01,0.01,0.00,199.17,68.95
2026-01-05 23:00,-1.21,0.00,156.32,0.00,61.00,60.14,0.11,0.00,0.18,1226.28,0.00,0.00,0.00,0.00,19.30,0.00,11.53,0.00,2.93,2.01,0.01,0.00,166.10,68.49
2026-01-05 23:05,-2.24,0.00,179.79,0.00,58.00,60.14,0.11,0.00,0.09,1206.43,0.00,0.00,0.00,0.00,19.22,0.00,13.21,0.00,2.78,2.01,0.01,0.00,189.21,61.84
2026-01-05 23:10,-1.75,0.00,193.51,0.00,60.00,60.14,0.11,0.00,0.21,1182.11,0.00,0.00,0.00,0.00,19.13,0.00,14.14,0.00,2.88,2.01,0.01,0.00,206.34,60.98
2026-01-05 23:15,-0.79,0.00,193.19,0.00,61.00,60.14,0.11,0.00,2.30,1181.67,0.00,0.00,0.00,0.00,19.05,0.00,13.72,0.00,2.93,2.01,0.01,0.00,201.58,79.56
2026-01-05 23:20,-1.88,0.00,189.04,0.00,58.00,60.14,0.11,0.00,0.31,1163.49,0.00,0.00,0.00,0.00,18.97,0.00,13.96,0.00,2.78,2.01,0.01,0.00,206.38,73.93
2026-01-05 23:25,-1.23,0.00,219.69,0.00,60.00,60.14,0.11,0.00,0.61,1139.69,0.00,0.00,0.00,0.00,18.88,0.00,15.64,0.00,2.88,2.01,0.01,0.00,237.11,69.99
2026-01-05 23:30,-0.89,0.00,219.09,0.00,61.00,60.14,0.11,0.00,5.32,1128.68,0.00,0.00,0.00,0.00,18.80,0.00,15.67,0.00,2.93,2.01,0.01,0.00,238.97,80.44
2026-01-05 23:35,-2.53,0.00,250.82,0.00,60.00,62.82,0.11,0.00,0.25,1108.50,0.00,0.00,0.00,0.00,18.78,0.00,18.75,0.00,2.88,2.10,0.01,0.00,291.12,86.17
2026-01-05 23:40,-0.85,0.00,275.19,0.00,62.00,88.99,0.11,0.00,2.11,1089.30,0.00,0.00,0.00,0.00,18.77,0.00,20.70,0.00,2.98,2.98,0.01,0.00,331.06,80.44
2026-01-05 23:45,-1.80,0.00,240.04,0.00,59.00,78.26,0.11,0.00,42.50,1092.45,0.00,0.00,0.00,0.00,18.75,0.00,17.51,0.00,2.83,2.62,0.01,0.00,267.44,80.44
2026-01-05 23:50,-1.29,0.00,168.68,0.00,58.00,80.27,0.11,0.00,114.65,1088.39,0.00,0.00,0.00,0.00,18.73,0.00,12.82,0.00,2.78,2.69,0.01,0.00,187.44,87.64
2026-01-05 23:55,-1.36,0.00,248.72,0.00,58.00,89.66,0.11,0.00,0.15,1095.06,0.00,0.00,0.00,0.00,18.72,0.00,19.00,0.00,2.78,3.00,0.01,0.00,299.58,80.80
2026-01-06 00:00,-2.21,0.00,264.73,0.00,59.00,88.99,0.11,0.00,4.61,1088.66,0.00,0.00,0.00,0.00,18.70,0.00,19.81,0.00,2.83,2.98,0.01,0.00,315.57,87.06
2026-01-06 00:05,-2.49,0.00,262.21,-0.10,58.00,88.32,0.11,0.00,4.89,1071.60,0.00,0.00,0.00,0.00,18.65,0.00,20.20,0.00,2.78,2.96,0.01,0.00,324.96,82.23
2026-01-06 00:10,-1.09,0.00,307.64,-0.10,41.00,88.32,0.11,0.00,3.44,1055.60,0.00,0.00,0.00,0.00,18.60,0.00,23.60,0.00,1.97,2.96,0.01,0.00,389.24,80.44
2026-01-06 00:15,-1.05,0.00,317.41,0.00,40.00,88.32,0.11,0.00,5.53,1049.51,0.00,0.00,0.00,0.00,18.55,0.00,23.86,0.00,1.92,2.96,0.01,0.00,398.81,81.23
2026-01-06 00:20,-1.53,0.00,343.44,0.00,41.00,88.99,0.11,0.00,15.75,1017.51,0.00,0.00,0.00,0.00,18.50,0.00,25.79,0.00,1.97,2.98,0.01,0.00,450.84,83.40
2026-01-06 00:25,-0.93,0.00,344.59,0.00,42.00,88.99,0.11,0.00,30.06,998.36,0.00,0.00,0.00,0.00,18.45,0.00,26.42,0.00,2.02,2.98,0.01,0.00,463.19,84.74
2026-01-06 00:30,-1.42,0.00,423.95,0.00,40.00,88.99,0.11,0.00,3.16,967.56,0.00,0.00,0.00,0.00,18.40,0.00,32.61,0.00,1.92,2.98,0.01,0.00,667.49,81.28
2026-01-06 00:35,-0.99,0.00,434.89,0.00,41.00,88.99,0.11,0.00,17.77,950.42,0.00,0.00,0.00,0.00,18.35,0.00,33.37,0.00,1.97,2.98,0.01,0.00,694.26,87.24
2026-01-06 00:40,-1.17,0.00,454.77,0.00,41.00,89.66,0.11,0.00,1.43,945.01,0.00,0.00,0.00,0.00,18.30,0.00,35.14,0.00,1.97,3.00,0.01,0.00,774.95,87.21
2026-01-06 00:45,-1.43,0.00,434.40,0.00,40.00,88.99,0.11,0.00,12.09,944.62,0.00,0.00,0.00,0.00,18.25,0.00,33.66,0.00,1.92,2.98,0.01,0.00,712.01,80.44
2026-01-06 00:50,-1.37,0.00,454.26,0.00,40.00,72.22,0.11,0.00,12.09,941.75,0.00,0.00,0.00,0.00,18.20,0.00,34.53,0.00,1.92,2.42,0.01,0.00,764.18,82.76
2026-01-06 00:55,-1.17,0.00,437.10,0.00,41.00,89.66,0.11,0.00,7.10,945.40,0.00,0.00,0.00,0.00,18.15,0.00,33.88,0.00,1.97,3.00,0.01,0.00,722.92,80.44
2026-01-06 01:00,-1.50,0.00,442.17,0.00,40.00,78.93,0.11,0.00,1.18,955.65,0.00,0.00,0.00,0.00,18.10,0.00,34.35,0.00,1.92,2.64,0.01,0.00,738.78,68.82
2026-01-06 01:05,-1.06,0.00,442.55,0.00,40.00,60.14,0.11,0.00,2.78,982.69,0.00,0.00,0.00,0.00,18.03,0.00,33.78,0.00,1.92,2.01,0.01,0.00,704.97,83.42
2026-01-06 01:10,-1.25,0.00,374.59,0.00,40.00,88.99,0.11,0.00,14.31,997.79,0.00,0.00,0.00,0.00,17.97,0.00,28.86,0.00,1.92,2.98,0.01,0.00,529.35,83.95
2026-01-06 01:15,-1.23,0.00,341.39,0.00,40.00,88.99,0.11,0.00,12.83,1018.88,0.00,0.00,0.00,0.00,17.90,0.00,26.29,0.00,1.92,2.98,0.01,0.00,457.48,78.18
2026-01-06 01:20,-1.86,0.00,372.73,0.00,41.00,59.46,0.11,0.00,3.65,1026.57,0.00,0.00,0.00,0.00,17.83,0.00,29.50,0.00,1.97,1.99,0.01,0.00,531.12,82.20
2026-01-06 01:25,-0.98,0.00,313.59,0.00,40.00,89.66,0.11,0.00,1.97,1042.52,0.00,0.00,0.00,0.00,17.77,0.00,24.64,0.00,1.92,3.00,0.01,0.00,412.67,80.44
2026-01-06 01:30,-1.24,0.00,315.59,0.00,40.00,80.27,0.11,0.00,0.16,1042.86,0.00,0.00,0.00,0.00,17.70,0.00,25.13,0.00,1.92,2.69,0.01,0.00,421.68,80.44
2026-01-06 01:35,-1.37,0.00,299.89,0.00,40.00,66.85,0.11,0.00,6.64,1053.69,0.00,0.00,9.38,0.00,17.70,0.00,23.93,0.00,1.92,2.24,0.01,0.00,389.26,77.71
2026-01-06 01:40,-1.63,0.00,316.21,0.00,40.00,60.14,0.11,0.00,10.28,1052.75,0.00,0.00,13.64,0.00,17.70,0.00,25.18,0.00,1.92,2.01,0.01,0.00,413.38,67.26
2026-01-06 01:45,-0.98,0.00,324.36,0.00,40.00,60.14,0.11,0.00,0.81,1052.77,0.00,0.00,11.90,0.00,17.70,0.00,26.21,0.00,1.92,2.01,0.01,0.00,436.67,77.90
2026-01-06 01:50,-1.32,0.00,296.73,0.00,40.00,59.46,0.11,0.00,16.39,1065.96,0.00,0.00,8.75,0.00,17.70,0.00,23.90,0.00,1.92,1.99,0.01,0.00,377.68,77.56
2026-01-06 01:55,-1.90,0.00,297.22,0.00,40.00,59.46,0.11,0.00,2.31,1070.45,0.00,0.00,0.40,0.00,17.70,0.00,24.14,0.00,1.92,1.99,0.01,0.00,385.54,67.41
2026-01-06 02:00,-0.86,0.00,285.87,0.00,41.00,60.14,0.11,0.00,11.15,1063.05,0.00,0.00,0.00,0.00,17.70,0.00,23.21,0.00,1.97,2.01,0.01,0.00,367.31,65.97
2026-01-06 02:05,-0.87,0.00,289.96,0.00,40.00,60.14,0.11,0.00,2.74,1067.10,0.00,0.00,5.38,0.00,17.72,0.00,23.64,0.00,1.92,2.01,0.01,0.00,376.36,66.57
2026-01-06 02:10,-0.83,0.00,273.88,0.00,41.00,60.14,0.11,0.00,18.34,1074.09,0.00,0.00,0.00,0.00,17.73,0.00,22.42,0.00,1.97,2.01,0.01,0.00,344.82,67.88
2026-01-06 02:15,-0.80,0.00,271.55,0.00,41.00,60.14,0.11,0.00,4.71,1080.23,0.00,0.00,0.00,0.00,17.75,0.00,22.52,0.00,1.97,2.01,0.01,0.00,348.09,68.02
2026-01-06 02:20,-0.81,0.00,269.73,0.00,40.00,59.46,0.11,0.00,3.05,1078.67,0.00,0.00,1.38,0.00,17.77,0.00,22.51,0.00,1.92,1.99,0.01,0.00,348.17,67.03
2026-01-06 02:25,-1.19,0.00,244.07,0.00,41.00,59.46,0.11,0.00,7.94,1093.08,0.00,0.00,0.00,0.00,17.78,0.00,20.38,0.00,1.97,1.99,0.01,0.00,305.46,66.25
2026-01-06 02:30,-1.00,0.00,211.06,0.00,41.00,59.46,0.11,0.00,15.21,1105.03,0.00,0.00,1.38,0.00,17.80,0.00,17.54,0.00,1.97,1.99,0.01,0.00,255.80,67.02
2026-01-06 02:35,-0.88,0.00,210.23,0.00,40.00,59.46,0.11,0.00,13.23,1107.63,0.00,0.00,0.00,0.00,17.65,0.00,17.56,0.00,1.92,1.99,0.01,0.00,255.34,66.83
2026-01-06 02:40,-2.04,0.00,231.24,0.00,40.00,60.14,0.11,0.00,8.49,1107.90,0.00,0.00,0.00,0.00,17.50,0.00,19.47,0.00,1.92,2.01,0.01,0.00,285.61,67.91
2026-01-06 02:45,-0.83,0.00,201.99,0.00,41.00,59.46,0.11,0.00,13.20,1112.73,0.00,0.00,0.20,0.00,17.35,0.00,17.06,0.00,1.97,1.99,0.01,0.00,246.44,66.79
2026-01-06 02:50,-0.86,0.00,198.81,0.00,41.00,59.46,0.11,0.00,2.15,1120.38,0.00,0.00,0.00,0.00,17.20,0.00,16.83,0.00,1.97,1.99,0.01,0.00,243.83,66.19
2026-01-06 02:55,-1.05,0.00,190.62,0.00,40.00,60.14,0.11,0.00,9.55,1113.01,0.00,0.00,7.06,0.00,17.05,0.00,16.27,0.00,1.92,2.01,0.01,0.00,235.17,66.80
2026-01-06 03:00,-0.90,0.00,181.97,0.00,41.00,60.14,0.11,0.00,14.71,1113.53,0.00,0.00,9.38,0.00,16.90,0.00,15.49,0.00,1.97,2.01,0.01,0.00,223.33,66.68
2026-01-06 03:05,-0.98,0.00,179.23,0.00,41.00,60.14,0.11,0.00,11.38,1114.36,0.00,0.00,7.90,0.00,16.93,0.00,15.33,0.00,1.97,2.01,0.01,0.00,221.50,80.44
2026-01-06 03:10,-0.95,0.00,158.02,0.00,41.00,84.30,0.11,0.00,1.32,1110.15,0.00,0.00,7.06,0.00,16.97,0.00,14.01,0.00,1.97,2.82,0.01,0.00,209.41,82.22
2026-01-06 03:15,-1.74,0.00,155.89,0.00,40.00,88.99,0.11,0.00,5.05,1098.57,0.00,0.00,9.38,0.00,17.00,0.00,13.83,0.00,1.92,2.98,0.01,0.00,209.14,80.70
2026-01-06 03:20,-1.30,0.00,130.13,0.00,40.00,89.66,0.11,0.00,0.46,1116.01,0.00,0.00,11.27,0.00,17.03,0.00,11.58,0.00,1.92,3.00,0.01,0.00,177.70,80.44
2026-01-06 03:25,-1.12,0.00,166.14,0.00,40.00,64.16,0.11,0.00,0.46,1104.95,0.00,0.00,1.38,0.00,17.07,0.00,14.84,0.00,1.92,2.15,0.01,0.00,217.68,78.70
2026-01-06 03:30,-1.00,0.00,175.69,0.00,41.00,60.14,0.11,0.00,3.44,1092.51,0.00,0.00,0.10,0.00,17.10,0.00,15.77,0.00,1.97,2.01,0.01,0.00,232.37,77.25
2026-01-06 03:35,-1.00,0.00,178.24,0.00,42.00,60.81,0.11,0.00,5.46,1103.15,0.00,0.00,0.40,0.00,17.07,0.00,15.84,0.00,2.02,2.04,0.01,0.00,231.29,80.13
2026-01-06 03:40,-1.02,0.00,143.52,0.00,41.00,60.81,0.11,0.00,2.92,1131.91,0.00,0.00,0.30,0.00,17.03,0.00,12.69,0.00,1.97,2.04,0.01,0.00,183.44,80.44
2026-01-06 03:45,-1.17,0.00,158.55,0.00,40.00,74.23,0.11,0.00,0.75,1113.60,0.00,0.00,0.00,0.00,17.00,0.00,14.06,0.00,1.92,2.49,0.01,0.00,207.36,70.31
2026-01-06 03:50,-1.31,0.00,131.79,0.00,41.00,60.81,0.11,0.00,5.20,1132.61,0.00,0.00,0.00,0.00,16.97,0.00,11.70,0.00,1.97,2.04,0.01,0.00,170.35,77.95
2026-01-06 03:55,-0.92,0.00,108.29,0.00,41.00,61.48,0.11,0.00,10.04,1149.34,0.00,0.00,4.54,0.00,16.93,0.00,9.75,0.00,1.97,2.06,0.01,0.00,143.43,71.36
2026-01-06 04:00,-1.04,0.00,126.55,0.00,41.00,60.14,0.11,0.00,4.31,1157.91,0.00,0.00,2.44,0.00,16.90,0.00,11.11,0.00,1.97,2.01,0.01,0.00,159.53,80.44
2026-01-06 04:05,-1.16,0.00,111.69,0.00,40.00,61.48,0.11,0.00,0.82,1168.20,0.00,0.00,0.33,0.00,16.90,0.00,9.89,0.00,1.92,2.06,0.01,0.00,143.86,71.23
2026-01-06 04:10,-0.99,0.00,96.99,0.00,42.00,60.14,0.11,0.00,9.30,1162.40,0.00,0.00,0.00,0.00,16.90,0.00,8.64,0.00,2.02,2.01,0.01,0.00,129.34,78.97
2026-01-06 04:15,-1.53,0.00,65.19,0.00,40.00,60.14,0.11,0.00,12.17,1189.06,0.00,0.00,1.38,0.00,16.90,0.00,5.72,0.00,1.92,2.01,0.01,0.00,93.85,73.94
2026-01-06 04:20,-2.65,0.00,35.70,0.00,40.00,60.14,0.11,0.00,37.98,1190.70,0.00,0.00,3.48,0.00,16.90,0.00,3.20,0.00,1.92,2.01,0.01,0.00,66.40,76.82
2026-01-06 04:25,-1.06,0.00,1.82,0.00,40.00,59.46,0.11,0.00,77.94,1180.57,0.00,0.00,1.38,0.00,16.90,0.00,0.16,0.00,1.92,1.99,0.01,0.00,36.10,79.02
2026-01-06 04:30,-1.18,0.00,39.01,0.00,40.00,59.46,0.11,0.00,22.39,1195.75,0.00,0.00,0.00,0.00,16.90,0.00,3.45,0.00,1.92,1.99,0.01,0.00,69.21,77.27
2026-01-06 04:35,-1.20,0.00,31.29,0.00,40.00,60.14,0.11,0.00,56.47,1189.84,0.00,0.00,0.10,0.00,16.82,0.00,2.78,0.00,1.92,2.01,0.01,0.00,61.33,78.49
2026-01-06 04:40,-1.39,0.00,67.14,0.00,40.00,60.14,0.11,0.00,27.23,1180.98,0.00,0.00,0.10,0.00,16.73,0.00,5.86,0.00,1.92,2.01,0.01,0.00,94.85,78.12
2026-01-06 04:45,-2.07,0.00,87.69,-0.10,40.00,60.14,0.11,0.00,35.72,1169.41,0.00,0.00,0.50,0.00,16.65,0.00,7.63,0.00,1.92,2.01,0.01,0.00,114.21,75.26
2026-01-06 04:50,-1.37,0.00,15.07,-0.10,40.00,60.14,0.11,0.00,93.32,1169.42,0.00,0.00,0.00,0.00,16.57,0.00,1.31,0.00,1.92,2.01,0.01,0.00,46.75,77.99
2026-01-06 04:55,-0.90,0.00,28.60,-0.20,41.00,60.14,0.11,0.00,103.28,1154.70,0.00,0.00,0.50,0.00,16.48,0.00,2.53,0.00,1.97,2.01,0.01,0.00,58.84,76.22
2026-01-06 05:00,-1.83,-25.48,0.00,-0.20,41.00,59.46,0.11,0.00,147.55,1153.60,0.00,0.00,0.00,0.00,16.40,0.07,0.00,0.00,1.97,1.99,0.01,0.00,34.00,72.94
2026-01-06 05:05,-0.90,-23.22,0.00,-0.10,41.00,59.46,0.11,0.00,153.76,1161.62,0.00,0.00,0.50,0.00,16.60,0.07,0.00,0.00,1.97,1.99,0.01,0.00,33.63,75.34
2026-01-06 05:10,-0.96,-23.87,0.00,-0.10,58.00,59.46,0.11,0.00,148.48,1155.77,0.00,0.00,0.00,0.00,16.80,0.08,0.00,0.00,2.78,1.99,0.01,0.00,40.38,76.79
2026-01-06 05:15,-3.75,-24.18,0.00,0.00,59.00,60.14,0.11,0.00,127.39,1167.49,0.00,0.00,0.00,0.00,17.00,0.08,0.00,0.00,2.83,2.01,0.01,0.00,41.28,75.23
2026-01-06 05:20,-3.07,0.00,3.33,0.00,59.00,59.46,0.11,0.00,119.81,1155.52,0.00,0.00,0.20,0.00,17.20,0.00,0.28,0.00,2.83,1.99,0.01,0.00,44.20,75.05
2026-01-06 05:25,-3.12,0.00,33.04,0.00,61.00,59.46,0.11,0.00,112.07,1145.73,0.00,0.00,0.70,0.00,17.40,0.00,2.71,0.00,2.93,1.99,0.01,0.00,68.24,77.15
2026-01-06 05:30,-4.69,0.00,21.36,0.00,59.00,60.14,0.11,0.00,109.96,1147.63,0.00,0.00,0.00,0.00,17.60,0.00,1.76,0.00,2.83,2.01,0.01,0.00,58.75,76.99
2026-01-06 05:35,-7.66,0.00,54.74,0.00,58.00,59.46,0.11,0.00,108.80,1144.42,0.00,1.12,0.00,0.00,17.72,0.00,4.56,0.00,2.78,1.99,0.01,0.00,85.57,78.88
2026-01-06 05:40,-7.92,0.00,78.68,0.00,58.00,60.14,0.11,0.00,68.71,1150.95,0.00,2.24,0.50,0.00,17.83,0.00,6.54,0.00,2.78,2.01,0.01,0.00,108.62,73.82
2026-01-06 05:45,-3.81,0.00,92.61,0.00,58.00,60.14,0.11,0.00,70.25,1153.63,0.15,3.37,0.50,0.00,17.95,0.00,7.93,0.00,2.78,2.01,0.01,0.00,122.35,72.56
2026-01-06 05:50,-4.60,0.00,155.13,0.00,57.00,59.46,0.11,0.00,35.78,1125.61,0.42,4.49,0.10,0.00,18.07,0.00,13.43,0.00,2.74,1.99,0.01,0.00,194.06,65.66
2026-01-06 05:55,-3.83,0.00,178.83,0.00,58.00,60.14,0.11,0.00,35.07,1121.15,1.95,5.61,0.00,0.00,18.18,0.00,15.34,0.00,2.78,2.01,0.01,0.00,219.90,60.65
2026-01-06 06:00,-14.11,0.00,157.06,0.00,57.00,60.14,0.11,0.00,58.88,1115.98,4.10,6.73,0.40,0.00,18.30,0.00,13.78,0.00,2.74,2.01,0.01,0.00,196.53,58.12
2026-01-06 06:05,-12.14,0.00,100.67,0.00,57.00,59.46,0.11,0.00,126.67,1107.08,7.87,15.94,0.00,0.00,18.62,0.00,8.64,0.00,2.74,1.99,0.01,0.00,127.20,37.80
2026-01-06 06:10,-6.60,0.00,194.85,0.00,61.00,60.14,0.11,0.00,27.84,1102.14,12.42,25.14,0.40,0.00,18.93,0.00,16.14,0.00,2.93,2.01,0.01,0.00,232.76,15.92
2026-01-06 06:15,-8.53,0.00,164.32,0.00,62.00,59.46,0.11,0.00,31.13,1111.25,19.32,34.34,2.72,0.00,19.25,0.00,13.44,0.00,2.98,1.99,0.01,0.00,193.00,14.15
2026-01-06 06:20,-11.66,0.00,188.86,0.00,61.00,60.14,0.11,0.00,0.24,1098.04,28.22,43.54,11.65,0.00,19.57,0.00,15.45,0.00,2.93,2.01,0.01,0.00,224.44,15.08
2026-01-06 06:25,-11.21,0.00,210.50,0.00,59.00,59.46,0.11,0.00,0.32,1087.55,36.47,52.74,12.61,0.00,19.88,0.00,17.63,0.00,2.83,1.99,0.01,0.00,250.93,9.22
2026-01-06 06:30,-14.43,0.00,205.92,0.00,56.00,60.14,0.11,0.00,0.45,1073.00,48.39,61.95,14.25,0.00,20.20,0.00,17.19,0.00,2.69,2.01,0.01,0.00,243.43,1.11
2026-01-06 06:35,-8.00,0.00,156.99,0.00,58.00,44.03,0.10,0.00,58.09,1053.37,67.37,83.09,13.15,0.00,20.48,0.00,13.04,0.00,2.78,1.47,0.01,0.00,173.14,9.06
2026-01-06 06:40,-0.69,0.00,110.87,0.00,60.00,43.36,0.11,0.00,92.92,1036.89,78.82,104.22,9.38,0.00,20.77,0.00,9.36,0.00,2.88,1.45,0.01,0.00,125.98,14.58
2026-01-06 06:45,-0.96,0.00,132.36,0.00,63.00,42.69,0.11,0.00,66.20,1035.09,95.85,125.36,13.64,0.00,21.05,0.00,11.11,0.00,3.02,1.43,0.01,0.00,144.23,13.04
2026-01-06 06:50,-2.62,0.00,158.55,0.00,63.00,42.69,0.10,0.00,5.08,1025.14,106.16,146.50,14.90,0.00,21.33,0.00,13.17,0.00,3.02,1.43,0.01,0.00,172.31,0.01
2026-01-06 06:55,-3.57,0.00,60.18,0.00,62.00,42.02,0.11,0.00,104.93,1006.80,127.32,167.64,13.64,0.00,21.62,0.00,4.92,0.00,2.98,1.41,0.01,0.00,77.23,0.06
2026-01-06 07:00,-2.90,0.00,131.34,0.00,63.00,42.69,0.11,0.00,8.17,1002.34,142.90,188.78,13.21,0.00,21.90,0.00,10.61,0.00,3.02,1.43,0.01,0.00,137.67,0.05
2026-01-06 07:05,-3.12,0.00,129.94,0.00,62.00,42.69,0.11,0.00,3.95,996.82,169.91,220.17,12.08,0.00,22.12,0.00,10.39,0.00,2.98,1.43,0.01,0.00,130.39,12.29
2026-01-06 07:10,-19.89,0.00,81.69,0.00,59.00,42.02,0.11,0.00,13.22,991.76,188.28,251.57,8.09,0.00,22.33,0.00,6.50,0.00,2.83,1.41,0.01,0.00,89.28,-6.50
2026-01-06 07:15,-1.46,0.00,96.40,0.00,61.00,42.69,0.11,0.00,5.88,972.48,203.34,282.96,20.30,0.00,22.55,0.00,7.61,0.00,2.93,1.43,0.01,0.00,97.69,-6.50
2026-01-06 07:20,-14.98,0.00,80.49,0.00,62.00,43.36,0.11,0.00,8.16,965.16,221.82,314.36,18.16,0.00,22.77,0.00,6.29,0.00,2.98,1.45,0.01,0.00,84.70,-7.25
2026-01-06 07:25,-23.60,0.00,134.94,0.00,63.00,43.36,0.11,0.00,1.64,922.86,188.69,345.75,62.48,58.85,22.98,0.00,10.48,0.00,3.02,1.45,0.01,0.00,127.60,-11.66
2026-01-06 07:30,-34.74,0.00,202.08,0.00,62.00,43.36,0.11,0.00,0.56,868.40,188.50,377.14,113.05,73.54,23.20,0.00,15.69,0.00,2.98,1.45,0.01,0.00,185.32,-7.00
2026-01-06 07:35,-155.66,0.00,281.65,0.00,63.00,43.36,0.11,0.00,0.27,861.60,224.24,415.33,58.78,64.78,23.42,0.00,21.73,0.00,3.02,1.45,0.01,0.00,268.75,-7.00
2026-01-06 07:40,-179.12,0.00,257.89,0.00,62.00,43.36,0.11,0.00,0.11,893.49,247.83,453.51,48.98,56.68,23.63,0.00,19.79,0.00,2.98,1.45,0.01,0.00,230.06,-7.25
2026-01-06 07:45,-184.05,0.00,280.40,0.00,62.00,43.36,0.11,0.00,0.02,855.94,252.35,491.69,54.63,75.74,23.85,0.00,21.38,0.00,2.98,1.45,0.01,0.00,249.60,-7.25
2026-01-06 07:50,-191.04,0.00,263.51,0.00,61.00,43.36,0.11,0.00,0.21,840.79,260.03,529.88,52.00,75.92,24.07,0.00,19.99,0.00,2.93,1.45,0.01,0.00,228.35,-12.50
2026-01-06 07:55,-104.66,0.00,287.15,0.00,58.00,43.36,0.11,0.00,0.15,740.69,250.25,568.06,128.57,113.36,24.28,0.00,21.72,0.00,2.78,1.45,0.01,0.00,245.57,-7.25
2026-01-06 08:00,-178.97,0.00,314.84,0.00,61.00,42.69,0.11,0.00,0.01,708.25,291.94,606.24,57.15,85.71,24.50,0.00,23.58,0.00,2.93,1.43,0.01,0.00,275.62,-9.50
2026-01-06 08:05,-191.47,0.00,344.51,0.00,59.00,43.36,0.11,0.00,0.16,677.36,301.62,648.81,104.23,88.83,24.80,0.00,25.49,0.00,2.83,1.45,0.01,0.00,299.23,-7.00
2026-01-06 08:10,-178.94,0.00,328.43,0.00,63.00,43.36,0.11,0.00,0.20,636.90,331.41,691.38,51.32,64.52,25.10,0.00,24.18,0.00,3.02,1.45,0.01,0.00,273.15,-9.50
2026-01-06 08:15,-68.94,0.00,275.88,0.00,58.00,43.36,0.11,0.00,0.00,613.13,279.89,733.95,101.68,132.49,25.40,0.00,20.18,0.00,2.78,1.45,0.01,0.00,211.80,-7.25
2026-01-06 08:20,-99.84,0.00,282.02,0.00,61.00,43.36,0.11,0.00,0.43,599.11,290.77,776.52,54.15,124.14,25.70,0.00,20.55,0.00,2.93,1.45,0.01,0.00,215.32,-7.00
2026-01-06 08:25,-198.22,0.00,266.67,0.00,59.00,43.36,0.11,0.00,0.00,613.37,345.74,819.08,41.12,41.23,26.00,0.00,19.33,0.00,2.83,1.45,0.01,0.00,200.24,-8.50
2026-01-06 08:30,-85.22,0.00,263.35,0.00,59.00,43.36,0.11,0.00,0.00,536.63,298.10,861.65,75.77,133.70,26.30,0.00,19.05,0.00,2.83,1.45,0.01,0.00,193.12,-7.25
2026-01-06 08:35,-99.55,0.00,259.41,0.00,62.00,43.36,0.11,0.00,0.62,523.75,302.93,900.72,50.65,133.53,26.57,0.00,18.67,0.00,2.98,1.45,0.01,0.00,188.04,-6.50
2026-01-06 08:40,-154.26,0.00,222.33,0.00,46.00,43.36,0.11,0.00,10.99,518.77,387.53,939.78,38.85,52.02,26.83,0.00,15.85,0.00,2.21,1.45,0.01,0.00,149.16,-7.25
2026-01-06 08:45,-76.49,0.00,236.16,0.00,41.00,43.36,0.11,0.00,0.02,505.13,315.75,978.84,62.08,130.75,27.10,0.00,16.74,0.00,1.97,1.45,0.01,0.00,154.01,-11.66
2026-01-06 08:50,-75.59,0.00,270.29,0.00,43.00,44.03,0.11,0.00,2.36,475.60,288.27,1017.91,73.97,174.84,27.37,0.00,19.17,0.00,2.06,1.47,0.01,0.00,178.69,-9.50
2026-01-06 08:55,-81.55,0.00,296.11,0.00,41.00,43.36,0.11,0.00,4.62,444.19,290.67,1056.97,70.72,160.36,27.63,0.00,20.82,0.00,1.97,1.45,0.01,0.00,193.56,-11.66
2026-01-06 09:00,-62.75,0.00,262.45,0.00,41.00,43.36,0.11,0.00,4.95,416.78,285.53,1096.04,72.75,195.41,27.90,0.00,18.26,0.00,1.97,1.45,0.01,0.00,166.54,-11.66
2026-01-06 09:05,-58.69,0.00,272.21,0.00,42.00,43.36,0.11,0.00,3.51,411.49,269.63,1134.12,72.47,184.28,28.17,0.00,18.87,0.00,2.02,1.45,0.01,0.00,170.44,-7.25
2026-01-06 09:10,-79.68,0.00,239.57,0.00,40.00,43.36,0.11,0.00,0.25,394.02,321.99,1172.21,54.26,153.04,28.43,0.00,16.44,0.00,1.92,1.45,0.01,0.00,143.87,-7.00
2026-01-06 09:15,-174.37,0.00,241.33,0.00,41.00,44.03,0.11,0.00,0.00,402.77,386.15,1210.30,35.32,90.43,28.70,0.00,16.43,0.00,1.97,1.47,0.01,0.00,142.97,-7.00
2026-01-06 09:20,-93.26,0.00,204.83,0.00,41.00,44.03,0.11,0.00,0.00,383.21,345.07,1248.39,33.75,151.76,28.97,0.00,14.19,0.00,1.97,1.47,0.01,0.00,120.02,0.06
2026-01-06 09:25,-39.85,0.00,72.42,0.00,41.00,43.36,0.11,0.00,0.00,431.65,339.98,1286.47,0.00,173.90,29.23,0.00,4.95,0.00,1.97,1.45,0.01,0.00,49.50,-11.66
2026-01-06 09:30,-51.92,0.00,296.73,0.00,40.00,43.36,0.11,0.00,0.01,366.57,177.24,1324.56,52.60,309.63,29.50,0.00,20.22,0.00,1.92,1.45,0.01,0.00,176.64,-15.46
2026-01-06 09:35,-78.14,0.00,413.68,0.00,41.00,43.36,0.11,0.00,0.00,311.07,148.61,1356.30,115.58,357.99,29.72,0.00,28.37,0.00,1.97,1.45,0.01,0.00,270.91,-11.66
2026-01-06 09:40,-47.22,0.00,384.22,0.00,42.00,43.36,0.11,0.00,21.85,265.70,159.23,1388.05,147.69,349.83,29.93,0.00,26.54,0.00,2.02,1.45,0.01,0.00,241.89,-12.50
2026-01-06 09:45,-154.39,0.00,530.24,0.00,39.00,43.36,0.11,0.00,23.91,237.47,148.51,1419.79,169.53,365.56,30.15,0.00,37.19,0.00,1.87,1.45,0.01,0.00,396.12,-34.69
2026-01-06 09:50,-114.62,0.00,522.79,0.00,40.00,43.36,0.11,0.00,23.85,200.99,144.55,1451.53,205.83,397.55,30.37,0.00,36.61,0.00,1.92,1.45,0.01,0.00,378.70,-20.00
2026-01-06 09:55,-100.44,0.00,479.01,0.00,40.00,43.36,0.11,0.00,23.85,203.07,147.49,1483.27,214.08,399.63,30.58,0.00,33.57,0.00,1.92,1.45,0.01,0.00,325.63,-34.86
2026-01-06 10:00,-103.23,0.00,488.99,0.00,40.00,44.03,0.11,0.00,23.70,186.19,145.06,1515.01,211.76,397.27,30.80,0.00,34.17,0.00,1.92,1.47,0.01,0.00,331.04,-20.00
2026-01-06 10:05,-109.34,0.00,479.27,0.00,40.00,44.03,0.11,0.00,21.15,197.10,143.78,1538.07,212.78,407.43,31.02,0.00,33.35,0.00,1.92,1.47,0.01,0.00,315.99,-11.66
2026-01-06 10:10,-189.87,0.00,538.99,0.00,42.00,43.36,0.11,0.00,7.10,244.46,166.81,1561.12,128.70,351.94,31.23,0.00,38.47,0.00,2.02,1.45,0.01,0.00,376.74,-8.50
2026-01-06 10:15,-117.93,0.00,411.94,0.00,40.00,44.03,0.11,0.00,0.30,233.23,208.46,1584.17,123.48,314.81,31.45,0.00,28.65,0.00,1.92,1.47,0.01,0.00,243.38,-11.66
2026-01-06 10:20,-90.55,0.00,442.03,0.00,40.00,44.03,0.11,0.00,0.00,223.63,163.88,1607.22,130.18,369.09,31.67,0.00,30.67,0.00,1.92,1.47,0.01,0.00,264.39,-8.50
2026-01-06 10:25,-190.03,0.00,474.82,0.00,41.00,44.03,0.11,0.00,0.62,215.17,230.79,1630.27,98.25,299.96,31.88,0.00,32.66,0.00,1.97,1.47,0.01,0.00,289.39,-11.66
2026-01-06 10:30,-89.38,0.00,475.90,0.00,40.00,44.03,0.11,0.00,0.81,179.53,162.80,1653.33,103.04,376.11,32.10,0.00,32.48,0.00,1.92,1.47,0.01,0.00,284.12,-7.00
2026-01-06 10:35,-207.50,0.00,485.41,0.00,42.00,44.03,0.11,0.00,0.14,180.94,241.90,1671.66,49.89,286.91,32.28,0.00,32.91,0.00,2.02,1.47,0.01,0.00,293.60,-11.66
2026-01-06 10:40,-104.49,0.00,512.09,0.00,40.00,44.03,0.11,0.00,0.00,158.37,159.48,1689.99,58.59,378.28,32.47,0.00,34.74,0.00,1.92,1.47,0.01,0.00,310.24,-8.50
2026-01-06 10:45,-103.67,0.00,433.84,0.00,40.00,44.03,0.11,0.00,0.00,146.72,225.68,1708.32,60.65,312.19,32.65,0.00,29.38,0.00,1.92,1.47,0.01,0.00,241.70,-7.00
2026-01-06 10:50,-199.37,0.00,501.91,0.00,41.00,44.03,0.11,0.00,0.00,135.60,272.53,1726.65,48.26,261.68,32.83,0.00,33.98,0.00,1.97,1.47,0.01,0.00,295.77,-8.50
2026-01-06 10:55,-112.32,0.00,463.99,0.00,40.00,44.03,0.11,0.00,0.00,114.46,235.51,1744.98,46.38,315.65,33.02,0.00,31.43,0.00,1.92,1.47,0.01,0.00,260.77,-8.50
2026-01-06 11:00,-110.24,0.00,476.96,0.00,40.00,44.03,0.11,0.00,0.00,106.20,226.61,1763.31,60.12,311.43,33.20,0.00,32.31,0.00,1.92,1.47,0.01,0.00,269.02,-7.00
2026-01-06 11:05,-99.54,0.00,456.08,0.00,40.00,44.03,0.11,0.00,0.12,97.78,254.22,1774.27,34.10,284.60,33.27,0.00,30.92,0.00,1.92,1.47,0.01,0.00,248.87,-7.00
2026-01-06 11:10,-95.53,0.00,449.48,0.00,40.00,44.03,0.11,0.00,0.00,94.55,247.50,1785.23,35.15,293.62,33.33,0.00,30.39,0.00,1.92,1.47,0.01,0.00,243.35,-7.25
2026-01-06 11:15,-96.63,0.00,451.53,0.00,40.00,44.03,0.11,0.00,0.00,94.03,245.14,1796.19,37.36,295.95,33.40,0.00,30.56,0.00,1.92,1.47,0.01,0.00,243.81,-7.00
2026-01-06 11:20,-116.75,0.00,490.31,0.00,39.00,44.03,0.11,0.00,0.00,87.60,244.50,1807.14,36.74,295.80,33.47,0.00,33.16,0.00,1.87,1.47,0.01,0.00,271.27,-7.00
2026-01-06 11:25,-115.60,0.00,390.52,0.00,40.00,44.03,0.11,0.00,0.00,92.18,314.54,1818.10,34.57,220.35,33.53,0.00,26.35,0.00,1.92,1.47,0.01,0.00,198.02,0.00
2026-01-06 11:30,-202.50,0.00,451.25,0.00,40.00,44.03,0.11,0.00,0.86,108.59,328.18,1829.06,7.51,209.00,33.60,0.00,30.30,0.00,1.92,1.47,0.01,0.00,238.32,7.79
2026-01-06 11:35,-185.13,0.00,390.69,0.00,40.00,44.03,0.11,0.00,1.57,124.62,330.39,1838.87,0.00,209.00,33.87,0.00,26.26,0.00,1.92,1.47,0.01,0.00,197.30,0.00
2026-01-06 11:40,-179.59,0.00,355.81,0.00,44.00,44.03,0.11,0.00,4.00,130.89,331.09,1848.68,0.00,209.00,34.13,0.00,23.91,0.00,2.11,1.47,0.01,0.00,176.72,-8.50
2026-01-06 11:45,-81.06,0.00,467.39,0.00,40.00,44.03,0.11,0.00,0.00,113.68,207.10,1858.49,25.91,337.19,34.40,0.00,31.31,0.00,1.92,1.47,0.01,0.00,242.89,-7.00
2026-01-06 11:50,-184.34,0.00,457.53,0.00,49.00,44.03,0.11,0.00,0.87,103.66,332.32,1868.30,43.18,177.49,34.67,0.00,30.80,0.00,2.35,1.47,0.01,0.00,236.58,-8.50
2026-01-06 11:55,-78.21,0.00,383.39,0.00,51.00,44.03,0.11,0.00,1.23,100.77,322.27,1878.11,28.49,219.88,34.93,0.00,25.80,0.00,2.45,1.47,0.01,0.00,184.24,-8.50
2026-01-06 12:00,-126.31,0.00,435.85,0.00,50.00,44.03,0.11,0.00,0.00,107.27,334.42,1887.92,36.98,200.72,35.20,0.00,29.39,0.00,2.40,1.47,0.01,0.00,214.46,-7.00
2026-01-06 12:05,-194.82,0.00,462.88,0.00,56.00,43.36,0.11,0.00,0.13,108.91,387.84,1888.45,32.07,150.90,35.20,0.00,31.10,0.00,2.69,1.45,0.01,0.00,231.49,-8.50
2026-01-06 12:10,-94.86,0.00,422.46,0.00,59.00,43.36,0.11,0.00,0.80,98.30,343.18,1888.99,40.93,207.40,35.20,0.00,28.24,0.00,2.83,1.45,0.01,0.00,203.72,0.00
2026-01-06 12:15,-211.71,0.00,383.85,0.00,61.00,44.03,0.11,0.00,0.22,127.03,415.54,1889.52,12.83,114.00,35.20,0.00,25.73,0.00,2.93,1.47,0.01,0.00,186.22,-6.50
2026-01-06 12:20,-209.50,0.00,441.59,0.00,60.00,44.03,0.11,0.00,0.02,92.22,427.07,1890.05,27.43,114.00,35.20,0.00,29.47,0.00,2.88,1.47,0.01,0.00,218.00,-7.00
2026-01-06 12:25,-100.85,0.00,373.21,0.00,66.00,44.03,0.11,0.00,0.05,109.59,380.96,1890.59,29.02,177.78,35.20,0.00,25.04,0.00,3.17,1.47,0.01,0.00,176.61,-8.50
2026-01-06 12:30,-86.34,0.00,433.55,0.00,61.00,44.03,0.11,0.00,0.00,91.92,323.55,1891.12,35.28,216.94,35.20,0.00,29.00,0.00,2.93,1.47,0.01,0.00,211.93,-7.00
2026-01-06 12:35,-87.20,0.00,403.84,0.00,67.00,44.03,0.11,0.00,0.41,103.19,348.39,1894.99,34.24,191.80,35.13,0.00,27.02,0.00,3.21,1.47,0.01,0.00,193.45,-7.00
2026-01-06 12:40,-77.60,0.00,388.63,0.00,72.00,44.03,0.11,0.00,2.27,107.28,350.86,1898.86,30.22,191.65,35.07,0.00,26.06,0.00,3.45,1.47,0.01,0.00,185.12,-7.00
2026-01-06 12:45,-73.17,0.00,412.94,0.00,73.00,43.36,0.11,0.00,0.21,102.71,345.66,1902.72,35.11,196.19,35.00,0.00,27.64,0.00,3.50,1.45,0.01,0.00,197.41,-7.00
2026-01-06 12:50,-120.56,0.00,403.85,0.00,71.00,44.03,0.11,0.00,0.00,103.68,392.94,1906.59,32.32,140.88,34.93,0.00,26.69,0.00,3.41,1.47,0.01,0.00,190.07,0.06
2026-01-06 12:55,-191.55,0.00,379.48,0.00,77.00,43.36,0.11,0.00,0.00,121.39,425.47,1910.46,0.00,113.28,34.87,0.00,25.32,0.00,3.69,1.45,0.01,0.00,182.20,1.10
2026-01-06 13:00,-189.24,0.00,342.40,0.00,77.00,44.03,0.11,0.00,4.36,137.08,426.50,1914.33,0.00,114.00,34.80,0.00,23.00,0.00,3.69,1.47,0.01,0.00,163.21,-7.00
2026-01-06 13:05,-183.36,0.00,423.00,0.00,80.00,44.03,0.11,0.00,8.50,119.51,396.86,1910.13,24.99,147.48,34.88,0.00,28.74,0.00,3.84,1.47,0.01,0.00,209.30,-8.50
2026-01-06 13:10,-179.81,0.00,441.19,0.00,87.00,43.36,0.11,0.00,0.24,109.88,328.15,1905.93,28.48,101.44,34.97,0.00,29.70,0.00,4.17,1.45,0.01,0.00,228.73,-12.50
2026-01-06 13:15,-122.33,0.00,511.54,0.00,83.00,44.03,0.11,0.00,0.06,93.25,356.23,1901.73,40.89,182.15,35.05,0.00,34.30,0.00,3.98,1.47,0.01,0.00,258.69,-7.00
2026-01-06 13:20,-133.05,0.00,403.58,0.00,82.00,44.03,0.10,0.00,1.50,94.50,471.49,1897.53,22.63,66.75,35.13,0.00,26.45,0.00,3.93,1.47,0.01,0.00,186.12,-7.00
2026-01-06 13:25,-132.79,0.00,437.17,0.00,85.00,44.03,0.11,0.00,0.40,84.18,451.91,1893.32,22.70,89.49,35.22,0.00,27.72,0.00,4.08,1.47,0.01,0.00,200.80,-7.00
2026-01-06 13:30,-149.94,0.00,455.03,0.00,81.00,44.03,0.11,0.00,0.00,87.09,455.77,1889.12,20.44,82.92,35.30,0.00,29.01,0.00,3.89,1.47,0.01,0.00,211.32,-7.00
2026-01-06 13:35,-195.91,0.00,504.69,0.00,85.00,43.36,0.11,0.00,0.00,83.06,462.27,1882.29,24.15,77.03,35.38,0.00,31.87,0.00,4.08,1.45,0.01,0.00,241.94,-6.50
2026-01-06 13:40,-187.52,0.00,447.54,0.00,83.00,44.03,0.11,0.00,1.21,85.42,529.11,1875.46,17.41,4.00,35.47,0.00,28.28,0.00,3.98,1.47,0.01,0.00,204.19,-7.00
2026-01-06 13:45,-104.25,0.00,368.87,0.00,80.00,44.03,0.11,0.00,0.10,85.56,521.50,1868.63,21.35,18.87,35.55,0.00,23.15,0.00,3.84,1.47,0.01,0.00,160.64,-7.00
2026-01-06 13:50,-92.22,0.00,416.41,0.00,82.00,43.36,0.11,0.00,0.50,87.65,476.60,1861.80,19.83,68.21,35.63,0.00,26.51,0.00,3.93,1.45,0.01,0.00,187.36,-7.00
2026-01-06 13:55,-99.70,0.00,417.93,0.00,86.00,44.03,0.11,0.00,5.59,95.16,494.94,1854.97,14.65,42.62,35.72,0.00,27.94,0.00,4.13,1.47,0.01,0.00,195.14,21.21
2026-01-06 14:00,-95.95,0.00,357.46,0.00,80.00,44.03,0.11,0.00,0.51,107.06,533.52,1848.14,0.00,0.00,35.80,0.00,24.14,0.00,3.84,1.47,0.01,0.00,163.70,-9.50
2026-01-06 14:05,-19.76,0.00,455.31,0.00,82.00,44.03,0.11,0.00,2.42,102.63,392.28,1839.99,12.69,154.91,35.85,0.00,31.20,0.00,3.93,1.47,0.01,0.00,220.95,22.38
2026-01-06 14:10,-16.55,0.00,252.61,0.00,80.00,43.36,0.11,0.00,0.17,110.29,532.92,1831.84,0.00,0.00,35.90,0.00,17.45,0.00,3.84,1.45,0.01,0.00,117.17,33.80
2026-01-06 14:15,-17.94,0.00,134.45,0.00,80.00,43.36,0.11,0.00,106.80,124.11,536.71,1823.69,0.00,0.00,35.95,0.00,9.30,0.00,3.84,1.45,0.01,0.00,68.38,-12.50
2026-01-06 14:20,-36.97,0.00,440.98,0.00,86.00,44.03,0.11,0.00,2.23,109.71,444.56,1815.54,27.46,93.22,36.00,0.00,30.70,0.00,4.13,1.47,0.01,0.00,215.25,-11.66
2026-01-06 14:25,-15.46,0.00,456.05,0.00,85.00,44.03,0.11,0.00,6.28,109.46,462.79,1807.40,8.22,66.18,36.05,0.00,32.15,0.00,4.08,1.47,0.01,0.00,221.43,-15.46
2026-01-06 14:30,-53.05,0.00,568.80,0.00,85.00,44.03,0.11,0.00,2.44,81.53,440.50,1799.25,38.84,114.84,36.10,0.00,40.64,0.00,4.08,1.47,0.01,0.00,302.79,46.25
2026-01-06 14:35,-2.45,0.00,281.19,0.00,88.00,44.03,0.11,0.00,86.22,91.54,529.31,1790.06,0.00,0.00,36.12,0.00,20.05,0.00,4.22,1.47,0.01,0.00,131.77,11.50
2026-01-06 14:40,-51.83,0.00,320.38,0.00,83.00,58.12,0.11,0.00,53.97,118.30,537.50,1780.87,0.00,1.46,36.13,0.00,22.66,0.00,3.98,1.95,0.01,0.00,151.84,21.21
2026-01-06 14:45,-65.69,0.00,410.47,0.00,82.00,58.79,0.11,0.00,9.30,117.82,535.75,1771.68,0.00,0.00,36.15,0.00,29.20,0.00,3.93,1.97,0.01,0.00,200.67,-8.50
2026-01-06 14:50,-14.76,0.00,456.96,0.00,83.00,58.79,0.11,0.00,6.54,101.86,526.40,1762.48,4.50,11.29,36.17,0.00,32.53,0.00,3.98,1.97,0.01,0.00,223.39,70.49
2026-01-06 14:55,-2.45,0.00,352.56,0.01,83.00,58.12,0.11,0.00,40.50,108.13,538.38,1753.29,0.00,0.00,36.18,0.00,25.17,0.00,3.98,1.95,0.01,0.00,167.67,87.73
2026-01-06 15:00,-1.27,0.00,371.16,0.01,81.00,75.21,0.11,0.00,44.34,102.93,537.06,1744.10,0.00,0.00,36.20,0.00,26.29,0.00,3.89,2.54,0.01,0.00,177.50,49.02
2026-01-06 15:05,-5.18,0.00,363.58,0.00,79.00,74.79,0.11,0.00,91.30,94.57,536.05,1729.93,0.00,0.00,36.33,0.00,25.88,0.00,3.79,2.52,0.01,0.00,172.71,52.17
2026-01-06 15:10,-27.46,0.00,418.20,0.01,80.00,74.96,0.11,0.00,80.61,94.73,534.78,1715.76,0.00,0.00,36.47,0.00,30.23,0.00,3.84,2.53,0.01,0.00,205.73,100.44
2026-01-06 15:15,-114.15,0.00,596.10,0.01,80.00,86.45,0.11,0.00,0.50,93.46,531.64,1701.58,0.00,0.00,36.60,0.00,42.89,0.00,3.84,2.91,0.01,0.00,334.02,38.62
2026-01-06 15:20,-128.90,0.00,670.23,0.01,80.00,76.61,0.11,0.00,3.80,84.64,529.26,1687.41,0.00,0.00,36.73,0.00,48.11,0.00,3.84,2.58,0.01,0.00,393.58,39.01
2026-01-06 15:25,-99.42,0.00,650.17,0.01,85.00,76.18,0.11,0.00,16.22,79.30,527.12,1673.23,0.00,0.00,36.87,0.00,46.81,0.00,4.08,2.57,0.01,0.00,375.73,62.89
2026-01-06 15:30,-1.28,0.00,534.04,0.01,81.00,75.98,0.11,0.00,72.78,74.95,523.95,1659.06,0.00,0.00,37.00,0.00,38.28,0.00,3.89,2.56,0.01,0.00,274.95,72.59
2026-01-06 15:35,-2.17,0.00,600.50,0.01,80.00,75.38,0.11,0.00,43.87,76.15,521.67,1638.13,0.00,0.00,37.08,0.00,42.89,0.00,3.84,2.54,0.01,0.00,322.63,64.33
2026-01-06 15:40,-1.34,0.00,619.52,0.01,82.00,76.34,25.15,0.00,45.79,72.83,518.06,1617.20,0.00,0.00,37.17,0.00,44.39,0.00,3.93,2.57,1.53,0.00,346.36,66.81
2026-01-06 15:45,-1.40,0.00,620.63,0.01,84.00,75.96,32.28,0.00,70.81,73.60,515.12,1596.27,0.00,0.00,37.25,0.00,44.07,0.00,4.03,2.56,1.96,0.00,345.81,79.05
2026-01-06 15:50,-0.42,0.00,694.64,0.01,81.00,75.86,31.76,0.00,36.48,69.51,511.35,1575.34,0.00,0.00,37.33,0.00,49.05,0.00,3.89,2.56,1.93,0.00,408.69,100.44
2026-01-06 15:55,-3.42,0.00,719.33,0.01,80.00,107.07,36.48,0.00,18.05,69.86,507.85,1554.41,0.00,0.00,37.42,0.00,50.78,0.00,3.84,3.60,2.22,0.00,439.29,100.44
2026-01-06 16:00,-2.24,0.00,727.72,0.01,80.00,123.20,35.84,0.00,21.17,64.82,503.73,1533.48,0.00,0.00,37.50,0.00,50.91,0.00,3.84,4.15,2.18,0.00,449.06,100.44
2026-01-06 16:05,-2.32,0.00,743.44,0.01,80.00,137.64,35.74,0.00,14.16,66.02,501.23,1508.67,0.00,0.00,37.60,0.00,51.92,0.00,3.84,4.64,2.17,0.00,470.02,67.71
2026-01-06 16:10,-0.45,0.00,724.38,0.01,98.00,100.23,56.44,70.99,7.10,58.86,497.29,1483.86,0.00,0.00,37.70,0.00,50.19,0.00,4.70,3.40,3.43,3.49,474.87,69.84
2026-01-06 16:15,-1.47,0.00,722.34,0.01,103.00,105.44,57.75,81.73,14.07,57.58,493.68,1459.05,0.00,0.00,37.80,0.00,49.20,0.00,4.94,3.58,3.51,4.02,474.94,100.44
2026-01-06 16:20,-1.09,0.00,694.58,0.01,111.00,129.33,57.61,81.06,49.21,60.84,490.06,1434.24,0.00,0.00,37.90,0.00,47.18,0.00,5.33,4.38,3.50,3.98,449.70,100.44
2026-01-06 16:25,-3.07,0.00,745.03,0.01,109.00,162.82,56.75,79.04,5.65,56.00,485.55,1409.43,0.00,0.00,38.00,0.00,49.76,0.00,5.23,5.51,3.45,3.88,503.69,101.01
2026-01-06 16:30,-0.83,0.00,623.16,0.05,127.00,220.19,56.72,84.29,65.55,57.00,481.40,1384.62,0.00,0.00,38.10,0.00,41.17,0.01,6.09,7.44,3.45,4.14,403.51,100.44
2026-01-06 16:35,-1.46,0.00,675.47,0.05,115.00,211.34,56.82,81.93,64.57,61.64,477.14,1350.90,0.00,0.00,38.03,0.00,42.95,0.01,5.52,7.15,3.45,4.03,434.58,138.00
2026-01-06 16:40,-104.17,0.00,731.59,0.05,123.00,270.20,75.68,86.09,47.00,56.42,473.66,1317.18,0.00,0.00,37.97,0.00,45.70,0.01,5.90,9.13,4.60,4.23,517.34,136.04
2026-01-06 16:45,-106.01,0.00,731.50,0.05,127.00,314.06,75.17,81.93,51.13,57.55,468.27,1283.45,0.00,0.00,37.90,0.00,43.87,0.01,6.09,10.60,4.57,4.03,512.01,94.97
2026-01-06 16:50,-1.20,0.00,715.79,0.05,125.00,286.98,75.14,81.15,26.11,51.79,463.32,1249.73,0.00,0.00,37.83,0.00,42.25,0.01,6.00,9.70,4.57,3.99,485.98,96.64
2026-01-06 16:55,-1.04,0.00,673.25,0.05,128.00,321.04,75.94,81.48,77.72,54.98,458.23,1216.01,0.00,0.00,37.77,0.00,39.76,0.01,6.14,10.85,4.61,4.00,451.05,104.69
2026-01-06 17:00,-1.01,0.00,679.43,0.05,125.00,358.32,75.36,80.75,70.76,58.78,453.58,1182.29,0.00,0.00,37.70,0.00,39.07,0.01,6.00,12.10,4.58,3.97,457.32,122.17
2026-01-06 17:05,-17.24,0.00,727.22,0.05,124.00,403.85,75.03,80.71,53.23,57.12,448.05,1147.36,0.00,0.00,37.68,0.00,41.74,0.01,5.95,13.63,4.56,3.97,509.61,105.36
2026-01-06 17:10,-81.53,0.00,780.27,0.05,116.00,429.29,73.35,78.97,72.77,63.18,442.48,1112.43,0.00,0.00,37.67,0.00,44.26,0.01,5.57,14.49,4.46,3.88,571.12,138.04
2026-01-06 17:15,-113.38,0.00,826.91,0.05,125.00,457.85,75.19,145.43,5.72,60.04,437.24,1077.50,0.00,0.00,37.65,0.00,46.55,0.01,6.00,15.47,4.57,7.15,662.79,103.92
2026-01-06 17:20,-1.93,0.00,748.47,0.05,124.00,524.28,75.52,80.08,7.33,63.70,428.79,1042.57,0.00,0.00,37.63,0.00,41.52,0.01,5.95,17.71,4.59,3.94,554.21,123.45
2026-01-06 17:25,-1.14,0.00,718.02,0.05,124.00,523.74,75.46,82.17,65.05,57.38,421.12,1007.64,0.00,0.00,37.62,0.00,39.33,0.01,5.95,17.69,4.58,4.04,524.69,125.00
2026-01-06 17:30,-1.22,0.00,599.87,0.05,127.00,547.40,75.93,155.34,103.74,74.69,414.26,972.71,0.00,0.00,37.60,0.00,33.16,0.01,6.09,18.48,4.61,7.63,449.11,138.04
2026-01-06 17:35,-3.12,0.00,633.98,0.05,149.00,535.32,73.08,153.17,127.61,73.61,406.95,931.53,0.00,0.00,37.52,0.00,35.23,0.01,7.15,18.08,4.44,7.53,479.31,151.82
2026-01-06 17:40,-2.21,0.00,622.34,0.05,189.00,481.51,74.17,154.71,153.97,69.97,399.33,890.35,0.00,0.00,37.43,0.00,33.56,0.01,9.07,16.27,4.51,7.60,476.52,138.04
2026-01-06 17:45,-2.09,0.00,638.25,0.05,211.00,452.76,73.91,153.90,217.83,62.62,389.37,849.17,0.00,0.00,37.35,0.00,34.42,0.01,10.12,15.31,4.49,7.56,487.48,148.74
2026-01-06 17:50,-1.18,0.00,671.70,0.05,251.00,453.51,74.55,153.99,157.26,68.84,380.21,807.98,0.00,0.00,37.27,0.00,35.40,0.01,12.04,15.34,4.53,7.57,536.63,262.00
2026-01-06 17:55,-103.17,0.00,810.42,0.05,288.00,499.44,73.58,153.44,83.55,75.20,369.73,766.80,0.00,0.00,37.18,0.00,42.12,0.01,13.82,16.87,4.47,7.54,729.13,262.00
2026-01-06 18:00,-161.68,0.00,771.84,0.05,331.00,500.91,94.04,150.76,151.02,64.38,361.58,725.62,0.00,0.00,37.10,0.00,40.32,0.01,15.88,16.92,5.71,7.41,715.84,198.00
2026-01-06 18:05,-94.91,0.00,758.97,0.05,369.00,500.34,94.96,150.64,108.45,73.91,346.53,687.89,0.00,0.00,37.00,0.00,39.61,0.01,17.71,16.91,5.77,7.40,709.64,163.61
2026-01-06 18:10,-1.05,0.00,696.27,0.05,389.00,472.19,95.45,151.43,136.73,74.21,332.47,650.16,0.00,0.00,36.90,0.00,36.53,0.01,18.67,15.98,5.80,7.44,631.41,176.68
2026-01-06 18:15,-1.21,0.00,668.44,0.05,389.00,520.54,95.30,153.86,147.26,77.38,310.46,612.43,0.00,0.00,36.80,0.00,34.76,0.01,18.67,17.60,5.79,7.56,618.63,198.00
2026-01-06 18:20,-1.23,0.00,673.22,0.05,385.00,513.41,116.79,149.89,176.90,68.75,293.46,574.70,0.00,0.00,36.70,0.00,36.05,0.01,18.47,17.36,7.10,7.37,645.77,198.00
2026-01-06 18:25,-0.96,0.00,694.96,0.05,388.00,518.23,115.76,152.13,186.06,78.71,272.49,536.97,0.00,0.00,36.60,0.00,36.30,0.01,18.62,17.52,7.03,7.48,672.09,342.53
2026-01-06 18:30,-20.97,0.00,658.73,0.05,386.00,515.05,119.33,151.80,254.21,81.02,257.86,499.24,0.00,0.00,36.50,0.00,34.95,0.01,18.52,17.41,7.25,7.46,648.13,280.68
2026-01-06 18:35,-30.32,0.00,692.51,0.05,385.00,517.13,124.94,152.96,276.16,79.13,234.18,464.42,0.00,0.00,36.35,0.00,37.06,0.01,18.47,17.48,7.59,7.52,699.84,198.00
2026-01-06 18:40,-0.66,0.00,640.01,0.05,390.00,523.51,128.98,155.43,319.01,90.66,211.53,429.61,0.00,0.00,36.20,0.00,34.33,0.01,18.71,17.70,7.84,7.64,643.43,230.00
2026-01-06 18:45,-0.63,0.00,623.47,0.05,387.00,521.03,228.54,155.67,289.58,93.69,195.51,394.80,0.00,0.00,36.05,0.00,33.67,0.01,18.57,17.61,14.20,7.65,670.34,360.55
2026-01-06 18:50,-0.46,0.00,576.87,0.05,386.00,518.72,230.47,155.35,365.13,85.56,180.30,359.99,0.00,0.00,35.90,0.00,31.22,0.01,18.52,17.54,14.32,7.63,628.34,401.11
2026-01-06 18:55,-0.53,0.00,605.49,0.08,388.00,520.02,230.81,154.56,367.56,88.90,152.56,325.18,0.00,0.00,35.75,0.00,32.98,0.01,18.62,17.58,14.34,7.60,674.27,270.00
2026-01-06 19:00,-0.64,0.00,594.73,0.05,388.00,521.98,285.52,156.10,359.01,94.77,141.65,290.37,0.00,0.00,35.60,0.00,32.58,0.01,18.62,17.65,17.95,7.67,690.36,521.34
2026-01-06 19:05,-1.20,0.00,563.96,0.05,384.00,516.20,316.40,154.64,385.09,104.03,116.69,263.04,0.00,0.00,35.30,0.00,30.80,0.01,18.43,17.45,19.83,7.60,674.28,550.44
2026-01-06 19:10,-5.85,0.00,546.07,0.08,384.00,564.00,327.54,153.25,361.99,113.13,102.79,235.71,0.00,0.00,35.00,0.00,30.20,0.01,18.43,19.05,20.51,7.53,679.51,550.44
2026-01-06 19:15,-1.32,0.00,529.10,0.08,384.00,574.07,327.02,154.02,383.44,109.93,83.65,208.38,0.00,0.00,34.70,0.00,29.04,0.01,18.43,19.39,20.48,7.57,672.31,999.74
2026-01-06 19:20,-0.58,0.00,558.90,0.40,384.00,605.79,328.31,154.65,372.24,103.15,67.83,181.05,0.00,0.00,34.40,0.00,31.43,0.04,18.43,20.45,20.56,7.60,721.71,3298.98
2026-01-06 19:25,-0.82,0.00,515.11,0.08,384.00,605.64,354.34,153.60,379.60,100.36,52.39,153.72,0.00,0.00,34.10,0.00,28.84,0.01,18.43,20.45,22.16,7.55,700.98,3298.98
2026-01-06 19:30,-2.15,0.00,537.09,0.05,384.00,605.81,334.92,153.08,383.72,103.16,36.47,126.39,0.00,0.00,33.80,0.00,29.20,0.01,18.43,20.46,20.96,7.52,729.61,20217.17
2026-01-06 19:35,-0.62,0.00,544.11,0.08,347.00,612.13,358.83,129.23,399.19,109.47,28.54,108.66,0.00,0.00,33.55,0.00,29.98,0.01,16.65,20.67,22.43,6.35,744.65,3300.00
2026-01-06 19:40,-0.63,0.00,573.71,0.08,335.00,623.17,400.12,129.41,357.52,105.14,17.93,90.93,0.00,0.00,33.30,0.00,32.14,0.01,16.07,21.04,24.97,6.36,812.83,20217.17
2026-01-06 19:45,-1.62,0.00,558.76,0.08,332.00,624.97,415.35,129.08,337.87,118.94,10.96,73.20,0.00,0.00,33.05,0.00,31.66,0.01,15.93,21.10,25.90,6.34,817.32,20217.17
2026-01-06 19:50,-2.12,0.00,579.92,0.08,335.00,624.08,417.95,129.66,297.47,122.58,7.93,55.48,0.00,0.00,32.80,0.00,33.27,0.01,16.07,21.07,26.06,6.37,876.49,20217.17
2026-01-06 19:55,-0.84,0.00,549.00,0.08,335.00,619.10,417.19,129.09,319.25,123.61,3.44,37.75,0.00,0.00,32.55,0.00,31.28,0.01,16.07,20.90,26.01,6.34,841.64,20217.17
2026-01-06 20:00,-1.60,0.00,567.52,0.08,333.00,618.30,418.49,130.54,286.96,117.82,1.17,20.02,0.00,0.00,32.30,0.00,33.12,0.01,15.98,20.87,26.09,6.42,906.13,3298.98
2026-01-06 20:05,-3.96,0.00,602.08,0.08,333.00,624.11,420.06,127.67,228.16,113.13,0.49,16.68,0.00,0.00,32.03,0.00,34.45,0.01,15.98,21.07,26.19,6.27,992.36,3298.98
2026-01-06 20:10,-1.08,0.00,544.24,0.05,324.00,637.07,421.98,132.48,249.58,118.33,0.28,13.35,0.00,0.00,31.77,0.00,32.50,0.01,15.55,21.50,26.31,6.51,908.81,17499.94
2026-01-06 20:15,-3.65,0.00,588.84,0.05,311.00,623.63,441.16,129.96,191.70,118.54,0.09,10.01,0.00,0.00,31.50,0.00,35.59,0.01,14.92,21.05,27.19,6.39,1022.75,899.44
2026-01-06 20:20,-13.36,0.00,620.02,0.05,320.00,628.59,439.57,131.40,165.05,108.89,0.04,6.67,0.00,0.00,31.23,0.00,38.07,0.01,15.35,21.22,27.01,6.46,1111.91,550.44
2026-01-06 20:25,-5.87,0.00,664.18,0.05,312.00,593.71,439.02,129.49,156.09,112.46,0.04,3.34,0.00,0.00,30.97,0.00,39.82,0.01,14.97,20.05,26.99,6.36,1206.58,550.44
2026-01-06 20:30,-2.92,0.00,612.60,0.05,315.00,553.45,453.77,128.86,167.57,137.65,0.04,0.00,0.00,0.00,30.70,0.00,37.22,0.01,15.11,18.70,27.89,6.33,1107.24,270.00
2026-01-06 20:35,-5.06,0.00,656.83,0.05,316.00,519.97,422.77,129.75,160.04,182.30,0.04,0.00,0.00,0.00,30.47,0.00,40.84,0.01,15.16,17.58,25.99,6.38,1189.42,270.00
2026-01-06 20:40,-2.88,0.00,634.73,0.05,286.00,520.67,422.03,130.89,160.20,215.76,0.04,0.00,0.00,0.00,30.23,0.00,39.96,0.01,13.72,17.61,25.95,6.43,1133.07,248.95
2026-01-06 20:45,-2.04,0.00,698.77,0.05,286.00,526.28,389.64,130.86,113.28,223.41,0.04,0.00,0.00,0.00,30.00,0.00,43.71,0.01,13.72,17.79,23.96,6.43,1308.33,305.00
2026-01-06 20:50,-4.62,0.00,659.18,0.05,281.00,521.25,439.94,129.73,101.71,202.25,0.04,0.00,0.00,0.00,29.77,0.00,40.46,0.01,13.48,17.63,27.05,6.38,1244.79,302.06
2026-01-06 20:55,-5.28,0.00,673.34,0.05,282.00,518.94,441.38,130.10,94.58,205.36,0.00,0.00,0.00,0.00,29.53,0.00,41.44,0.01,13.53,17.55,27.13,6.39,1280.64,550.44
2026-01-06 21:00,-93.87,0.00,653.28,0.05,282.00,537.66,450.09,130.24,132.93,207.74,0.00,0.00,0.00,0.00,29.30,0.00,39.56,0.01,13.53,18.17,27.67,6.40,1272.28,550.44
2026-01-06 21:05,-1.71,0.00,654.24,0.05,280.00,549.99,457.82,129.52,4.71,214.08,0.00,0.00,0.00,0.00,29.00,0.00,40.80,0.01,13.44,18.59,28.14,6.36,1313.99,300.01
2026-01-06 21:10,-1.68,0.00,613.16,18.45,321.00,511.16,410.11,155.98,3.72,227.04,0.00,0.00,0.00,0.00,28.70,0.00,39.34,2.29,15.40,17.27,25.53,7.67,1249.26,270.00
2026-01-06 21:15,-0.97,0.00,611.03,0.05,360.00,503.17,368.14,155.18,2.65,254.20,0.00,0.00,0.00,0.00,28.40,0.00,38.88,0.01,17.27,17.00,22.87,7.63,1206.05,230.00
2026-01-06 21:20,-22.52,0.00,584.14,0.01,388.00,500.58,340.34,156.62,4.79,273.97,0.00,0.00,0.00,0.00,28.10,0.00,35.64,0.00,18.62,16.91,21.17,7.70,1134.82,229.00
2026-01-06 21:25,-0.94,0.00,683.78,0.05,389.00,413.39,271.00,156.79,3.32,301.80,0.00,0.00,0.00,0.00,27.80,0.00,41.79,0.01,18.67,13.90,16.71,7.70,1393.49,230.00
2026-01-06 21:30,-1.28,0.00,678.94,0.01,389.00,358.11,312.83,156.33,1.60,303.43,0.00,0.00,0.00,0.00,27.50,0.00,40.99,0.00,18.67,11.99,19.48,7.68,1409.73,230.00
2026-01-06 21:35,-3.57,0.00,643.21,0.01,387.00,358.11,336.56,154.73,1.36,287.54,0.00,0.00,0.00,0.00,27.27,0.00,39.99,0.00,18.57,11.99,20.93,7.60,1353.49,300.01
2026-01-06 21:40,-94.50,0.00,653.28,11.45,387.00,354.75,398.44,153.78,0.04,280.82,0.00,0.00,0.00,0.00,27.03,0.00,39.48,1.42,18.57,11.88,24.79,7.56,1484.01,230.00
2026-01-06 21:45,-13.65,0.00,665.36,0.01,385.00,356.09,316.17,154.15,1.05,276.12,0.00,0.00,0.00,0.00,26.80,0.00,39.86,0.00,18.47,11.92,19.69,7.58,1445.55,230.00
2026-01-06 21:50,-2.07,0.00,606.53,0.01,387.00,360.79,302.80,154.15,1.28,285.43,0.00,0.00,0.00,0.00,26.57,0.00,37.21,0.00,18.57,12.08,18.87,7.58,1281.83,229.00
2026-01-06 21:55,-7.46,0.00,651.44,0.01,389.00,358.78,258.11,156.08,1.92,292.53,0.00,0.00,0.00,0.00,26.33,0.00,40.30,0.00,18.67,12.01,15.96,7.67,1423.56,230.00
2026-01-06 22:00,-1.09,0.00,630.94,0.01,389.00,358.78,244.58,154.86,1.46,292.09,0.00,0.00,0.00,0.00,26.10,0.00,39.20,0.00,18.67,12.01,15.33,7.61,1377.12,286.89
2026-01-06 22:05,-62.47,0.00,688.35,0.01,388.00,359.45,249.82,155.15,2.20,279.45,0.00,0.00,0.00,0.00,26.20,0.00,43.23,0.00,18.62,12.04,15.33,7.62,1700.82,286.89
2026-01-06 22:10,-0.79,0.00,614.80,0.01,355.00,360.79,216.36,156.22,25.96,290.89,0.00,0.00,0.00,0.00,26.30,0.00,38.07,0.00,17.03,12.08,13.21,7.68,1338.45,270.00
2026-01-06 22:15,-1.07,0.00,652.27,0.01,308.00,356.09,208.78,155.66,33.24,312.51,0.00,0.00,0.00,0.00,26.40,0.00,40.21,0.00,14.78,11.92,12.75,7.65,1453.30,330.00
2026-01-06 22:20,-14.61,0.00,601.92,5.31,271.00,361.46,266.60,156.08,8.08,325.97,0.00,0.00,0.00,0.00,26.50,0.00,37.59,0.66,13.00,12.10,16.28,7.67,1346.76,299.98
2026-01-06 22:25,-1.11,0.00,638.84,4.71,228.00,360.79,244.62,155.58,6.19,343.45,0.00,0.00,0.00,0.00,26.60,0.00,40.14,0.59,10.94,12.08,14.93,7.65,1472.72,330.00
2026-01-06 22:30,-0.87,0.00,607.90,5.21,184.00,361.46,260.20,155.69,15.69,353.19,0.00,0.00,0.00,0.00,26.70,0.00,38.54,0.65,8.83,12.10,15.89,7.65,1381.53,550.44
2026-01-06 22:35,-0.68,0.00,641.47,5.31,143.00,360.12,267.04,153.89,2.72,365.18,0.00,0.00,0.00,0.00,27.00,0.00,41.17,0.66,6.86,12.06,16.31,7.56,1549.96,330.00
2026-01-06 22:40,-0.56,0.00,666.32,0.01,175.00,358.11,210.17,153.52,2.73,369.95,0.00,0.00,0.00,0.00,27.30,0.00,42.74,0.00,8.40,11.99,12.84,7.54,1663.02,342.53
2026-01-06 22:45,-87.98,0.00,658.62,0.01,219.00,356.76,227.76,155.37,3.68,367.08,0.00,0.00,0.00,0.00,27.60,0.00,42.11,0.00,10.51,11.95,13.92,7.64,1772.38,227.32
2026-01-06 22:50,-78.48,0.00,638.95,0.01,252.00,358.11,148.11,153.98,30.50,380.03,0.00,0.00,0.00,0.00,27.90,0.00,41.05,0.00,12.09,11.99,9.03,7.57,1620.23,138.04
2026-01-06 22:55,-23.41,0.00,666.17,0.01,221.00,307.10,125.86,155.50,44.26,375.36,0.00,0.00,0.00,0.00,28.20,0.00,42.99,0.00,10.60,10.28,7.68,7.64,1761.59,227.32
2026-01-06 23:00,-65.20,0.00,657.86,0.01,254.00,358.78,117.68,155.81,3.78,385.24,0.00,0.00,0.00,0.00,28.50,0.00,43.97,0.00,12.19,12.01,7.18,7.66,1803.55,143.66
2026-01-06 23:05,-21.10,0.00,640.81,0.01,255.00,307.77,105.00,153.55,12.70,391.54,0.00,0.00,0.00,0.00,28.55,0.00,43.06,0.00,12.24,10.31,6.40,7.55,1693.55,230.00
2026-01-06 23:10,-3.21,0.00,657.16,0.01,265.00,254.76,85.20,155.31,35.25,387.27,0.00,0.00,0.00,0.00,28.60,0.00,42.79,0.00,12.72,8.53,5.21,7.63,1765.85,305.00
2026-01-06 23:15,-13.52,0.00,619.53,5.21,267.00,205.09,174.39,155.78,7.95,382.74,0.00,0.00,0.00,0.00,28.65,0.00,40.11,0.65,12.81,6.87,10.67,7.66,1672.31,270.00
2026-01-06 23:20,-0.83,0.00,637.48,0.00,264.00,219.86,131.53,154.30,6.55,398.18,0.00,0.00,0.00,0.00,28.70,0.00,41.20,0.00,12.67,7.36,8.05,7.58,1720.55,270.00
2026-01-06 23:25,-0.59,0.00,652.46,0.01,266.00,221.20,119.45,154.74,7.62,397.00,0.00,0.00,0.00,0.00,28.75,0.00,42.00,0.00,12.76,7.41,7.31,7.60,1803.30,270.00
2026-01-06 23:30,-0.58,0.00,602.30,0.01,272.00,221.87,135.68,155.61,14.26,399.40,0.00,0.00,0.00,0.00,28.80,0.00,39.01,0.00,13.05,7.43,8.31,7.65,1519.10,286.89
2026-01-06 23:35,-2.41,0.00,628.74,-0.10,259.00,218.52,144.13,153.60,0.89,397.81,0.00,0.00,0.00,0.00,28.55,0.00,40.49,0.00,12.43,7.32,8.82,7.55,1693.85,230.00
2026-01-06 23:40,-3.89,0.00,670.59,-0.10,293.00,222.54,90.17,154.54,2.17,397.76,0.00,0.00,0.00,0.00,28.30,0.00,43.77,0.00,14.06,7.45,5.51,7.59,1937.19,230.00
2026-01-06 23:45,-2.39,0.00,631.80,-0.09,305.00,221.87,104.75,155.87,0.70,408.46,0.00,0.00,0.00,0.00,28.05,0.00,41.50,0.00,14.63,7.43,6.41,7.66,1656.71,230.00
2026-01-06 23:50,-4.07,0.00,649.63,0.00,301.00,226.57,76.26,153.84,0.13,419.33,0.00,0.00,0.00,0.00,27.80,0.00,42.58,0.00,14.44,7.59,4.66,7.56,1761.35,178.02
2026-01-06 23:55,-5.77,0.00,633.23,0.00,302.00,225.90,49.69,155.02,0.12,451.59,0.00,0.00,0.00,0.00,27.55,0.00,42.27,0.00,14.49,7.56,3.03,7.62,1649.78,174.99
2026-01-07 00:00,-12.64,0.00,665.02,0.00,267.00,226.57,46.42,153.38,0.47,449.26,0.00,0.00,0.00,0.00,27.30,0.00,43.88,0.00,12.81,7.59,2.83,7.54,1924.53,175.98
2026-01-07 00:05,-13.65,0.00,625.86,0.00,257.00,229.25,43.15,155.40,3.92,488.05,0.00,0.00,0.00,0.00,27.00,0.00,42.47,0.00,12.33,7.68,2.63,7.64,1624.80,175.98
2026-01-07 00:10,-10.87,0.00,652.31,0.00,224.00,227.91,43.27,154.92,1.27,487.14,0.00,0.00,0.00,0.00,26.70,0.00,44.17,0.00,10.75,7.63,2.64,7.61,1837.78,175.98
2026-01-07 00:15,-13.32,0.00,679.95,0.00,204.00,230.60,43.49,156.34,5.29,494.66,0.00,0.00,0.00,0.00,26.40,0.00,47.13,0.00,9.79,7.72,2.65,7.68,2039.52,175.98
2026-01-07 00:20,-12.55,0.00,654.08,0.00,213.00,228.58,43.13,155.54,3.38,515.61,0.00,0.00,0.00,0.00,26.10,0.00,46.02,0.00,10.22,7.65,2.63,7.64,1806.67,175.98
2026-01-07 00:25,-12.19,0.00,666.39,0.00,189.00,227.91,43.15,154.94,0.56,530.20,0.00,0.00,0.00,0.00,25.80,0.00,47.46,0.00,9.07,7.63,2.63,7.61,1911.21,175.98
2026-01-07 00:30,-11.12,0.00,675.93,0.00,182.00,223.21,31.82,154.83,0.12,540.74,0.00,0.00,0.00,0.00,25.50,0.00,48.32,0.00,8.73,7.47,1.93,7.61,1994.24,170.44
2026-01-07 00:35,-1.01,0.00,651.21,0.00,184.00,222.54,32.71,154.56,10.42,544.66,0.00,0.00,0.00,0.00,25.37,0.00,46.28,0.00,8.83,7.45,1.99,7.60,1743.05,175.98
2026-01-07 00:40,-0.75,0.00,667.03,0.00,173.00,221.87,32.50,156.15,5.91,538.23,0.00,0.00,0.00,0.00,25.23,0.00,47.96,0.00,8.30,7.43,1.97,7.67,1913.61,175.98
2026-01-07 00:45,-23.28,0.00,692.15,0.00,178.00,223.88,32.32,155.15,6.35,533.54,0.00,0.00,0.00,0.00,25.10,0.00,49.10,0.00,8.54,7.50,1.96,7.62,2166.84,170.44
2026-01-07 00:50,-0.88,0.00,687.22,0.00,161.00,212.48,31.87,155.66,3.26,545.91,0.00,0.00,0.00,0.00,24.97,0.00,49.72,0.00,7.73,7.11,1.94,7.65,2108.07,170.44
2026-01-07 00:55,-0.79,0.00,677.10,0.00,161.00,181.61,32.18,155.12,2.03,560.51,0.00,0.00,0.00,0.00,24.83,0.00,48.67,0.00,7.73,6.08,1.96,7.62,2085.66,138.04
2026-01-07 01:00,-0.84,0.00,706.81,0.00,148.00,169.53,32.35,154.51,1.15,556.71,0.00,0.00,0.00,0.00,24.70,0.00,51.28,0.00,7.10,5.68,1.97,7.59,2491.24,138.04
2026-01-07 01:05,-0.76,0.00,702.15,0.00,138.00,171.54,32.20,155.61,4.34,564.63,0.00,0.00,0.00,0.00,24.45,0.00,51.00,0.00,6.62,5.74,1.96,7.65,2409.44,138.04
2026-01-07 01:10,-2.82,0.00,714.65,0.00,135.00,171.54,32.22,155.90,3.28,558.90,0.00,0.00,0.00,0.00,24.20,0.00,51.88,0.00,6.48,5.74,1.96,7.66,2606.72,138.04
2026-01-07 01:15,-3.85,0.00,707.76,0.00,132.00,168.18,32.05,153.57,2.87,562.51,0.00,0.00,0.00,0.00,23.95,0.00,51.10,0.00,6.33,5.63,1.95,7.55,2564.06,138.03
2026-01-07 01:20,-4.54,0.00,682.91,0.00,126.00,168.85,31.98,153.96,3.68,561.68,0.00,0.00,0.00,0.00,23.70,0.00,49.20,0.00,6.05,5.65,1.94,7.57,2355.51,170.44
2026-01-07 01:25,-62.17,0.00,696.69,0.00,135.00,193.01,31.59,154.28,0.39,568.33,0.00,0.00,0.00,0.00,23.45,0.00,49.90,0.00,6.48,6.46,1.92,7.58,2681.56,138.00
2026-01-07 01:30,-1.64,0.00,686.53,0.00,120.00,170.20,32.08,97.73,23.45,578.09,0.00,0.00,0.00,0.00,23.20,0.00,48.76,0.00,5.76,5.70,1.95,4.80,2410.38,138.04
2026-01-07 01:35,-62.33,0.00,709.54,0.00,129.00,168.18,32.09,154.25,1.33,570.16,0.00,0.00,0.00,0.00,23.03,0.00,49.88,0.00,6.19,5.63,1.95,7.58,3018.94,138.00
2026-01-07 01:40,-0.89,0.00,686.70,0.00,92.00,169.53,0.11,141.01,54.29,562.40,0.00,0.00,0.00,0.00,22.87,0.00,47.86,0.00,4.41,5.68,0.01,6.93,2346.98,170.44
2026-01-07 01:45,-1.26,0.00,663.29,0.00,80.00,178.92,0.11,154.88,33.42,569.55,0.00,0.00,0.00,0.00,22.70,0.00,45.87,0.00,3.84,5.99,0.01,7.61,2156.62,170.44
2026-01-07 01:50,-13.78,0.00,705.62,0.00,83.00,194.36,0.11,156.48,0.44,568.75,0.00,0.00,0.00,0.00,22.53,0.00,48.65,0.00,3.98,6.51,0.01,7.69,2826.68,170.44
2026-01-07 01:55,-2.34,0.00,686.14,0.00,80.00,192.34,0.11,154.33,0.69,573.69,0.00,0.00,0.00,0.00,22.37,0.00,47.38,0.00,3.84,6.44,0.01,7.58,2504.07,170.44
2026-01-07 02:00,-2.94,0.00,668.17,0.00,82.00,179.59,0.11,156.15,10.20,567.53,0.00,0.00,0.00,0.00,22.20,0.00,46.12,0.00,3.93,6.01,0.01,7.67,2357.58,170.44
2026-01-07 02:05,-3.40,0.00,661.47,0.00,81.00,182.95,0.11,153.98,1.62,571.61,0.00,0.00,0.00,0.00,22.13,0.00,45.84,0.00,3.89,6.13,0.01,7.57,2331.72,138.00
2026-01-07 02:10,-2.89,0.00,700.51,0.00,80.00,170.20,0.11,140.89,0.75,568.00,0.00,0.00,0.00,0.00,22.07,0.00,47.90,0.00,3.84,5.70,0.01,6.92,3010.90,138.00
2026-01-07 02:15,-5.41,0.00,665.23,0.00,80.00,168.85,0.11,155.63,1.36,568.38,0.00,0.00,0.00,0.00,22.00,0.00,45.15,0.00,3.84,5.65,0.01,7.65,2461.80,138.00
2026-01-07 02:20,-3.88,0.00,683.52,0.00,80.00,169.53,0.11,133.47,0.69,578.70,0.00,0.00,0.00,0.00,21.93,0.00,46.03,0.00,3.84,5.68,0.01,6.56,2709.48,138.00
2026-01-07 02:25,-6.06,0.00,667.03,0.00,80.00,169.53,0.11,136.37,0.30,582.50,0.00,0.00,0.00,0.00,21.87,0.00,44.57,0.00,3.84,5.68,0.01,6.70,2467.13,138.00
2026-01-07 02:30,-2.34,0.00,673.98,0.00,83.00,172.21,0.11,121.46,1.42,584.36,0.00,0.00,0.00,0.00,21.80,0.00,44.64,0.00,3.98,5.77,0.01,5.97,2530.73,138.00
2026-01-07 02:35,-6.70,0.00,662.43,0.00,81.00,168.85,0.11,111.91,0.12,583.20,0.00,0.00,0.00,0.00,21.83,0.00,43.49,0.00,3.89,5.65,0.01,5.50,2544.54,175.75
2026-01-07 02:40,-5.39,0.00,670.82,0.00,86.00,219.86,0.11,15.99,1.83,609.51,0.00,0.00,0.00,0.00,21.87,0.00,44.03,0.00,4.13,7.36,0.01,0.79,2628.54,170.44
2026-01-07 02:45,-2.37,0.00,661.58,0.00,85.00,213.15,0.11,16.10,2.43,618.48,0.00,0.00,0.00,0.00,21.90,0.00,43.07,0.00,4.08,7.14,0.01,0.79,2436.46,170.44
2026-01-07 02:50,-3.32,0.00,677.22,0.00,86.00,195.70,0.11,9.93,5.99,627.89,0.00,0.00,0.00,0.00,21.93,0.00,43.59,0.00,4.13,6.55,0.01,0.49,2681.38,170.44
2026-01-07 02:55,-6.46,0.00,685.47,0.00,82.00,208.45,0.11,9.67,0.43,635.58,0.00,0.00,0.00,0.00,21.97,0.00,43.64,0.00,3.93,6.98,0.01,0.48,2703.38,65.73
2026-01-07 03:00,-27.33,0.00,658.52,0.00,81.00,152.75,0.11,81.27,0.01,641.82,0.00,0.00,0.00,0.00,22.00,0.00,41.64,0.00,3.89,5.11,0.01,3.99,2418.74,100.44
2026-01-07 03:05,-8.05,0.00,667.40,0.00,80.00,101.07,0.11,80.48,0.01,661.27,0.00,0.00,0.00,0.00,22.00,0.00,42.03,0.00,3.84,3.38,0.01,3.95,2580.28,90.44
2026-01-07 03:10,-13.45,0.00,664.11,-0.10,83.00,84.30,0.11,81.54,2.69,677.16,0.00,0.00,0.00,0.00,22.00,0.00,41.54,0.00,3.98,2.82,0.01,4.01,2502.07,65.73
2026-01-07 03:15,-8.42,0.00,676.55,0.00,80.00,60.14,0.11,79.94,0.01,688.17,0.00,0.00,0.00,0.00,22.00,0.00,41.86,0.00,3.84,2.01,0.01,3.93,2774.51,65.73
2026-01-07 03:20,-27.59,0.00,700.13,0.00,82.00,60.14,0.11,80.11,0.02,701.61,0.00,0.00,0.00,0.00,22.00,0.00,42.94,0.00,3.93,2.01,0.01,3.94,3229.99,65.73
2026-01-07 03:25,-11.56,0.00,669.72,0.00,81.00,60.14,0.11,80.23,0.01,713.75,0.00,0.00,0.00,0.00,22.00,0.00,40.77,0.00,3.89,2.01,0.01,3.94,2392.04,65.73
2026-01-07 03:30,-20.73,0.00,642.35,0.00,80.00,60.14,0.11,79.94,0.01,726.75,0.00,0.00,0.00,0.00,22.00,0.00,38.88,0.00,3.84,2.01,0.01,3.93,2057.51,65.73
2026-01-07 03:35,-39.51,0.00,618.45,0.00,80.00,60.14,0.11,80.00,0.01,757.68,0.00,0.00,0.00,0.00,21.90,0.00,36.96,0.00,3.84,2.01,0.01,3.93,1753.31,39.51
2026-01-07 03:40,-84.13,0.00,666.56,0.00,82.00,60.81,0.11,79.77,0.87,777.24,0.00,0.00,0.00,0.00,21.80,0.00,39.30,0.00,3.93,2.04,0.01,3.92,2360.49,40.06
2026-01-07 03:45,-86.22,0.00,644.52,0.00,81.00,60.14,0.11,78.94,0.10,801.05,0.00,0.00,0.00,0.00,21.70,0.00,37.60,0.00,3.89,2.01,0.01,3.88,1956.82,27.53
2026-01-07 03:50,-35.31,0.00,543.28,0.00,82.00,60.14,0.11,79.09,0.12,840.73,0.00,0.00,0.00,0.00,21.60,0.00,31.19,0.00,3.93,2.01,0.01,3.89,1018.20,31.77
2026-01-07 03:55,-3.26,0.00,461.16,0.00,83.00,60.14,0.11,81.48,3.07,894.26,0.00,0.00,0.00,0.00,21.50,0.00,26.17,0.00,3.98,2.01,0.01,4.00,660.21,31.87
2026-01-07 04:00,-8.26,0.00,421.08,0.00,81.00,59.46,0.11,80.84,0.16,940.96,0.00,0.00,0.00,0.00,21.40,0.00,23.64,0.00,3.89,1.99,0.01,3.97,548.19,31.61
2026-01-07 04:05,-12.34,0.00,380.28,0.00,80.00,59.46,0.11,80.05,0.18,983.45,0.00,0.00,0.00,0.00,21.63,0.00,21.10,0.00,3.84,1.99,0.01,3.93,457.00,31.77
2026-01-07 04:10,-23.20,0.00,419.46,0.00,86.00,60.14,0.11,0.00,2.82,1014.37,0.00,0.00,0.00,0.00,21.87,0.00,23.16,0.00,4.13,2.01,0.01,0.00,487.99,30.99
2026-01-07 04:15,-15.81,0.00,405.73,0.00,84.00,59.46,0.11,0.00,1.13,1028.53,0.00,0.00,0.00,0.00,22.10,0.00,22.06,0.00,4.03,1.99,0.01,0.00,448.41,31.49
2026-01-07 04:20,-17.88,0.00,406.23,0.00,84.00,60.14,0.11,0.00,0.21,1034.58,0.00,0.00,0.00,0.00,22.33,0.00,21.86,0.00,4.03,2.01,0.01,0.00,443.69,31.43
2026-01-07 04:25,-6.39,0.00,373.68,0.00,83.00,60.14,0.11,0.00,1.38,1056.09,0.00,0.00,0.00,0.00,22.57,0.00,19.99,0.00,3.98,2.01,0.01,0.00,380.10,31.43
2026-01-07 04:30,-20.10,0.00,382.66,0.00,82.00,59.46,0.11,0.00,0.14,1058.48,0.00,0.00,0.00,0.00,22.80,0.00,20.30,0.00,3.93,1.99,0.01,0.00,394.77,31.38
2026-01-07 04:35,-40.78,0.00,374.29,0.00,80.00,60.14,0.11,0.00,0.12,1086.58,0.00,0.00,0.00,0.00,23.43,0.00,19.60,0.00,3.84,2.01,0.01,0.00,376.31,31.16
2026-01-07 04:40,-11.02,0.00,328.51,0.00,86.00,60.14,0.11,0.00,1.94,1117.20,0.00,0.00,0.00,0.00,24.07,0.00,17.03,0.00,4.13,2.01,0.01,0.00,300.34,31.23
2026-01-07 04:45,-16.12,0.00,319.95,0.00,80.00,60.14,0.11,0.00,0.23,1135.21,0.00,0.00,0.00,0.00,24.70,0.00,16.50,0.00,3.84,2.01,0.01,0.00,285.53,31.06
2026-01-07 04:50,-12.71,0.00,317.43,0.00,80.00,60.14,0.11,0.00,0.21,1159.59,0.00,0.00,0.00,0.00,25.33,0.00,16.31,0.00,3.84,2.01,0.01,0.00,274.28,31.09
2026-01-07 04:55,-3.84,0.00,281.17,0.00,82.00,60.14,0.11,0.00,0.74,1168.94,0.00,0.00,0.00,0.00,25.97,0.00,14.50,0.00,3.93,2.01,0.01,0.00,239.05,30.71
2026-01-07 05:00,-9.87,0.00,289.73,0.00,80.00,59.46,0.11,0.00,0.15,1178.90,0.00,0.00,0.00,0.00,26.60,0.00,14.76,0.00,3.84,1.99,0.01,0.00,242.50,30.71
2026-01-07 05:05,-9.71,0.00,271.47,0.00,83.00,60.14,0.11,0.00,1.68,1188.72,0.00,0.00,0.00,0.00,26.85,0.00,13.74,0.00,3.98,2.01,0.01,0.00,225.14,29.29
2026-01-07 05:10,-1.64,0.00,252.25,0.00,116.00,60.14,0.11,0.00,2.35,1199.48,0.00,0.00,0.00,0.00,27.10,0.00,12.69,0.00,5.57,2.01,0.01,0.00,216.49,30.93
2026-01-07 05:15,-1.30,0.00,204.93,0.00,121.00,60.14,0.11,0.00,3.07,1213.69,0.00,0.00,3.03,0.00,27.35,0.00,10.27,0.00,5.81,2.01,0.01,0.00,182.18,25.43
2026-01-07 05:20,-12.24,0.00,225.49,0.00,116.00,60.14,0.11,0.00,0.15,1238.87,0.00,0.00,8.08,0.00,27.60,0.00,11.24,0.00,5.57,2.01,0.01,0.00,191.84,29.50
2026-01-07 05:25,-5.82,0.00,223.76,0.00,115.00,60.14,0.11,0.00,0.07,1267.77,0.00,0.00,8.08,0.00,27.85,0.00,10.92,0.00,5.52,2.01,0.01,0.00,182.57,29.32
2026-01-07 05:30,-36.89,0.00,219.89,0.00,110.00,59.46,0.11,0.00,0.13,1280.90,0.00,0.00,6.43,0.00,28.10,0.00,10.58,0.00,5.28,1.99,0.01,0.00,179.44,28.61
2026-01-07 05:35,-15.32,0.00,189.44,0.00,111.00,60.14,0.11,0.00,0.70,1306.01,0.00,0.98,8.08,0.00,27.88,0.00,9.01,0.00,5.33,2.01,0.01,0.00,154.08,23.87
2026-01-07 05:40,-30.95,0.00,178.66,0.00,117.00,60.14,0.11,0.00,0.15,1339.92,0.00,1.97,9.11,0.00,27.67,0.00,8.40,0.00,5.61,2.01,0.01,0.00,146.90,25.34
2026-01-07 05:45,-10.85,0.00,160.36,0.00,113.00,60.14,0.11,0.00,0.23,1358.70,0.08,2.95,5.42,0.00,27.45,0.00,7.45,0.00,5.42,2.01,0.01,0.00,131.02,24.41
2026-01-07 05:50,-11.21,0.00,149.94,0.00,111.00,60.14,0.11,0.00,0.21,1367.74,0.35,3.93,4.46,0.00,27.23,0.00,6.95,0.00,5.33,2.01,0.01,0.00,124.06,15.89
2026-01-07 05:55,-37.53,0.00,136.19,0.00,115.00,60.81,0.11,0.00,0.39,1391.23,1.34,4.91,5.27,0.00,27.02,0.00,6.27,0.00,5.52,2.04,0.01,0.00,118.54,15.82
2026-01-07 06:00,-25.43,0.00,119.27,0.00,112.00,60.14,0.11,0.00,0.19,1418.94,2.73,5.90,5.27,0.00,26.80,0.00,5.35,0.00,5.37,2.01,0.01,0.00,105.09,10.81
2026-01-07 06:05,-6.45,0.00,40.95,0.00,121.00,60.14,0.11,0.00,3.17,1439.27,6.55,14.69,9.13,0.00,26.53,0.00,1.82,0.00,5.81,2.01,0.01,0.00,72.43,15.64
2026-01-07 06:10,-2.63,0.00,32.23,0.00,123.00,59.46,0.11,0.00,0.50,1463.78,10.63,23.49,16.04,0.00,26.27,0.00,1.42,0.00,5.90,1.99,0.01,0.00,67.92,10.72
2026-01-07 06:15,-2.33,-8.20,0.00,0.00,123.00,59.46,0.11,0.00,0.18,1489.08,17.04,32.29,15.52,0.00,26.00,0.04,0.00,0.00,5.90,1.99,0.01,0.00,55.15,0.67
2026-01-07 06:20,-8.33,-40.97,0.00,0.00,121.00,60.14,0.11,0.00,0.30,1497.80,25.63,41.09,27.22,0.00,25.73,0.19,0.00,0.00,5.81,2.01,0.01,0.00,54.02,0.00
2026-01-07 06:25,-14.86,-24.81,0.00,0.00,114.00,60.14,0.11,0.00,0.41,1503.77,32.74,49.88,26.72,0.00,25.47,0.11,0.00,0.00,5.47,2.01,0.01,0.00,51.46,-2.43
2026-01-07 06:30,-44.50,-30.27,0.00,0.00,119.00,60.14,0.11,0.00,0.13,1510.92,41.88,58.68,30.07,0.00,25.20,0.14,0.00,0.00,5.71,2.01,0.01,0.00,53.11,-5.43
2026-01-07 06:35,-82.83,0.00,41.98,0.00,122.00,59.46,0.11,0.00,0.44,1466.72,59.17,78.90,72.40,0.00,25.42,0.00,1.81,0.00,5.85,1.99,0.01,0.00,69.75,-2.51
2026-01-07 06:40,-75.08,-43.75,0.00,0.00,125.00,60.14,0.11,0.00,4.66,1556.07,76.88,99.12,35.52,0.00,25.63,0.19,0.00,0.00,6.00,2.01,0.01,0.00,52.08,-2.53
2026-01-07 06:45,-69.90,-76.05,0.00,0.00,119.00,60.14,0.11,0.00,1.20,1572.04,91.46,119.34,39.96,0.00,25.85,0.32,0.00,0.00,5.71,2.01,0.01,0.00,48.94,-5.23
2026-01-07 06:50,-51.59,-99.97,0.00,0.00,122.00,59.46,0.11,0.00,3.71,1585.22,101.96,139.56,21.06,0.00,26.07,0.42,0.00,0.00,5.85,1.99,0.01,0.00,47.94,-5.23
2026-01-07 06:55,-69.29,-116.40,0.00,0.00,121.00,59.46,0.11,0.00,0.08,1617.79,118.32,159.77,9.66,0.00,26.28,0.47,0.00,0.00,5.81,1.99,0.01,0.00,46.52,-7.25
2026-01-07 07:00,-62.07,0.00,42.67,0.00,124.00,60.14,0.11,0.00,3.03,1429.21,113.31,179.99,199.00,38.17,26.50,0.00,1.74,0.00,5.95,2.01,0.01,0.00,64.57,-7.25
2026-01-07 07:05,-81.32,0.00,32.50,0.01,127.00,59.46,0.11,0.00,8.78,1446.24,117.34,210.88,181.78,41.56,26.80,0.00,1.37,0.00,6.09,1.99,0.01,0.00,61.16,-7.01
2026-01-07 07:10,-184.64,0.00,141.09,0.01,125.00,21.88,0.11,0.00,3.78,1451.79,132.16,241.78,193.30,51.03,27.10,0.00,5.62,0.00,6.00,0.73,0.01,0.00,89.83,-8.00
2026-01-07 07:15,-237.36,0.00,333.28,0.00,125.00,0.00,0.11,0.00,2.97,1314.07,142.89,272.67,330.21,49.00,27.40,0.00,13.25,0.00,6.00,0.00,0.01,0.00,179.51,-11.66
2026-01-07 07:20,-139.61,0.00,338.52,0.00,123.00,0.00,0.11,0.00,2.55,1188.92,158.69,303.56,412.90,65.28,27.70,0.00,13.44,0.00,5.90,0.00,0.01,0.00,178.82,-11.66
2026-01-07 07:25,-259.85,0.00,491.86,0.01,123.00,0.00,0.11,0.00,2.73,1171.65,165.43,334.45,431.74,65.92,28.00,0.00,19.73,0.00,5.90,0.00,0.01,0.00,294.26,-12.50
2026-01-07 07:30,-207.18,0.00,484.99,0.01,122.00,0.00,0.11,0.00,1.68,1102.50,175.96,365.34,496.00,72.41,28.30,0.00,18.79,0.00,5.85,0.00,0.01,0.00,275.03,-11.66
2026-01-07 07:35,-184.77,0.00,427.38,0.01,125.00,0.00,0.11,0.00,2.38,1120.20,199.47,404.17,461.24,78.02,28.75,0.00,16.34,0.00,6.00,0.00,0.01,0.00,216.43,-8.00
2026-01-07 07:40,-289.59,0.00,385.98,0.01,121.00,0.00,0.11,0.00,0.00,1239.58,225.16,443.00,352.14,73.57,29.20,0.00,14.42,0.00,5.81,0.00,0.01,0.00,179.41,-11.66
2026-01-07 07:45,-204.64,0.00,411.67,0.01,121.00,0.00,0.11,0.00,0.00,1114.88,230.34,481.83,455.56,86.20,29.65,0.00,15.57,0.00,5.81,0.00,0.01,0.00,192.63,-8.00
2026-01-07 07:50,-310.33,0.00,393.42,0.01,123.00,0.00,0.11,0.00,0.71,1203.15,255.77,520.66,320.79,82.09,30.10,0.00,14.84,0.00,5.90,0.00,0.01,0.00,177.90,-8.00
2026-01-07 07:55,-321.64,0.00,414.91,0.01,125.00,0.00,0.11,0.00,0.70,1157.86,265.92,559.49,318.55,84.09,30.55,0.00,15.82,0.00,6.00,0.00,0.01,0.00,190.85,-8.00
2026-01-07 08:00,-316.26,0.00,458.86,0.00,123.00,0.00,0.11,0.00,2.30,1144.99,254.92,598.32,324.78,111.35,31.00,0.00,17.31,0.00,5.90,0.00,0.01,0.00,206.62,-11.66
2026-01-07 08:05,-211.83,0.00,447.44,0.01,127.00,0.00,0.11,0.00,3.63,1062.48,255.53,640.95,386.33,130.70,31.53,0.00,17.06,0.00,6.09,0.00,0.01,0.00,194.33,-7.01
2026-01-07 08:10,-167.03,0.00,503.78,0.01,124.00,0.00,0.11,0.00,1.99,937.02,268.99,683.57,417.28,125.21,32.07,0.00,19.24,0.00,5.95,0.00,0.01,0.00,224.83,-8.00
2026-01-07 08:15,-177.67,0.00,561.14,0.01,115.00,0.00,0.11,0.00,0.00,853.40,271.92,726.19,549.13,127.05,32.60,0.00,21.26,0.00,5.52,0.00,0.01,0.00,261.77,-7.97
2026-01-07 08:20,-170.01,0.00,538.05,0.01,119.00,0.00,0.11,0.00,0.00,879.13,275.88,768.82,500.54,124.54,33.13,0.00,20.03,0.00,5.71,0.00,0.01,0.00,231.46,-9.50
2026-01-07 08:25,-161.15,0.00,587.56,0.01,117.00,0.00,0.11,0.00,0.00,793.39,274.53,811.44,626.48,132.44,33.67,0.00,21.89,0.00,5.61,0.00,0.01,0.00,264.58,-11.66
2026-01-07 08:30,-144.19,0.00,686.88,0.01,118.00,0.00,0.11,0.00,0.01,740.18,254.22,854.07,657.16,165.94,34.20,0.00,25.84,0.00,5.66,0.00,0.01,0.00,332.97,-7.25
2026-01-07 08:35,-249.61,0.00,662.23,0.01,118.00,0.00,0.11,0.00,0.03,835.29,279.21,894.34,531.48,127.46,34.53,0.00,24.37,0.00,5.66,0.00,0.01,0.00,296.66,-7.01
2026-01-07 08:40,-273.35,0.00,598.77,0.01,80.00,0.00,0.11,0.00,0.05,947.89,282.72,934.61,432.84,131.78,34.87,0.00,21.84,0.00,3.84,0.00,0.01,0.00,224.46,-7.25
2026-01-07 08:45,-258.26,0.00,603.14,0.01,80.00,0.00,0.11,0.00,0.04,909.49,291.25,974.89,532.98,136.46,35.20,0.00,21.86,0.00,3.84,0.00,0.01,0.00,221.24,-7.97
2026-01-07 08:50,-268.97,0.00,622.70,0.01,80.00,0.00,0.11,0.00,0.00,890.69,295.54,1015.16,625.79,129.09,35.53,0.00,22.35,0.00,3.84,0.00,0.01,0.00,226.18,-7.98
2026-01-07 08:55,-268.50,0.00,628.60,0.01,82.00,0.00,0.11,0.00,0.00,881.40,297.41,1055.44,547.42,134.12,35.87,0.00,22.42,0.00,3.93,0.00,0.01,0.00,222.89,-7.97
2026-01-07 09:00,-281.32,0.00,608.13,0.01,82.00,0.00,0.11,0.00,0.00,897.25,300.63,1095.71,613.03,139.02,36.20,0.00,21.26,0.00,3.93,0.00,0.01,0.00,203.49,-7.25
2026-01-07 09:05,-259.98,0.00,569.38,0.01,84.00,0.00,0.11,0.00,1.29,898.66,301.25,1131.69,608.56,155.92,36.50,0.00,19.50,0.00,4.03,0.00,0.01,0.00,177.92,-8.00
2026-01-07 09:10,-297.62,0.00,632.00,0.01,84.00,0.00,0.11,0.00,0.00,874.38,305.01,1167.67,725.56,160.41,36.80,0.00,21.60,0.00,4.03,0.00,0.01,0.00,204.90,-8.00
2026-01-07 09:15,-301.70,0.00,684.65,0.01,80.00,0.00,0.11,0.00,0.00,814.41,308.24,1203.65,757.54,165.33,37.10,0.00,23.83,0.00,3.84,0.00,0.01,0.00,233.85,-11.01
2026-01-07 09:20,-271.56,0.00,721.60,0.01,82.00,0.00,0.11,0.00,0.00,767.32,286.18,1239.63,735.26,197.27,37.40,0.00,25.46,0.00,3.93,0.00,0.01,0.00,255.28,-11.66
2026-01-07 09:25,-199.01,0.00,736.33,0.01,81.00,0.00,0.11,0.00,0.13,725.44,270.68,1275.61,884.06,192.54,37.70,0.00,25.30,0.00,3.89,0.00,0.01,0.00,247.13,-7.98
2026-01-07 09:30,-309.11,0.00,693.60,0.01,80.00,0.00,0.10,0.00,0.00,828.80,299.41,1311.59,769.59,165.48,38.00,0.00,24.20,0.00,3.84,0.00,0.01,0.00,221.84,-8.00
2026-01-07 09:35,-282.88,0.00,713.46,0.01,80.00,0.00,0.11,0.00,0.00,761.57,313.52,1342.37,803.78,182.56,38.17,0.00,25.64,0.00,3.84,0.00,0.01,0.00,235.73,-11.01
2026-01-07 09:40,-191.59,0.00,676.03,0.05,80.00,0.00,0.11,0.00,0.00,729.97,289.74,1373.15,881.76,199.98,38.33,0.00,24.13,0.01,3.84,0.00,0.01,0.00,209.17,-7.25
2026-01-07 09:45,-269.60,0.00,672.70,0.01,80.00,0.00,0.11,0.00,0.00,803.35,311.38,1403.94,698.07,189.62,38.50,0.00,24.08,0.00,3.84,0.00,0.01,0.00,202.30,-7.25
2026-01-07 09:50,-243.55,0.00,599.53,0.05,84.00,0.00,0.11,0.00,0.10,843.15,314.63,1434.72,634.11,180.47,38.67,0.00,21.79,0.01,4.03,0.00,0.01,0.00,169.03,-7.98
2026-01-07 09:55,-142.21,0.00,532.29,0.05,82.00,0.00,0.11,0.00,0.01,806.59,307.93,1465.50,713.02,184.40,38.83,0.00,18.88,0.01,3.93,0.00,0.01,0.00,137.78,-7.98
2026-01-07 10:00,-145.22,0.00,542.63,0.01,83.00,0.00,0.11,0.00,0.26,789.51,310.49,1496.29,768.96,187.62,39.00,0.00,19.37,0.00,3.98,0.00,0.01,0.00,140.71,-7.98
2026-01-07 10:05,-150.08,0.00,567.38,0.05,86.00,0.00,0.11,0.00,1.61,743.17,311.47,1523.70,737.51,190.50,39.18,0.00,20.20,0.01,4.13,0.00,0.01,0.00,149.87,-7.98
2026-01-07 10:10,-132.60,0.00,622.34,0.05,86.00,0.00,0.11,0.00,0.53,726.67,307.94,1551.10,773.09,193.57,39.37,0.00,21.76,0.01,4.13,0.00,0.01,0.00,162.06,-7.97
2026-01-07 10:15,-122.69,0.00,571.22,0.05,86.00,0.00,0.11,0.00,2.09,757.19,316.60,1578.51,757.89,211.20,39.55,0.00,20.05,0.01,4.13,0.00,0.01,0.00,141.83,-7.25
2026-01-07 10:20,-142.86,0.00,553.30,0.05,80.00,0.00,0.11,0.00,0.00,810.91,310.95,1605.92,739.48,214.20,39.73,0.00,19.25,0.01,3.84,0.00,0.01,0.00,131.28,-7.98
2026-01-07 10:25,-110.86,0.00,524.73,0.05,87.00,0.00,0.11,8.32,2.98,786.97,310.63,1633.33,792.07,211.34,39.92,0.00,18.96,0.01,4.17,0.00,0.01,0.41,128.84,-7.96
2026-01-07 10:30,-100.88,0.00,589.16,0.05,88.00,0.00,0.11,8.27,3.48,699.00,323.89,1660.74,743.58,190.61,40.10,0.00,20.54,0.01,4.22,0.00,0.01,0.41,144.31,-7.00
2026-01-07 10:35,-108.39,0.00,594.00,0.05,81.00,0.00,0.11,0.00,0.00,750.79,313.04,1680.31,669.71,189.49,40.22,0.00,20.95,0.01,3.89,0.00,0.01,0.00,140.46,-7.00
2026-01-07 10:40,-172.94,0.00,491.54,0.05,88.00,0.00,0.11,0.00,6.87,835.73,343.97,1699.88,659.72,157.44,40.33,0.00,17.24,0.01,4.22,0.00,0.01,0.00,111.54,-7.00
2026-01-07 10:45,-195.58,0.00,607.78,0.05,83.00,0.00,0.11,0.00,0.02,754.36,350.72,1719.45,715.36,157.89,40.45,0.00,21.67,0.01,3.98,0.00,0.01,0.00,146.37,-7.00
2026-01-07 10:50,-183.64,0.00,568.34,0.05,87.00,0.00,0.11,0.00,0.98,802.88,339.44,1739.03,720.89,160.61,40.57,0.00,19.39,0.01,4.17,0.00,0.01,0.00,127.56,-6.00
2026-01-07 10:55,-244.27,0.00,541.53,0.05,88.00,0.00,0.11,0.00,2.20,839.41,373.76,1758.60,620.08,135.63,40.68,0.00,19.16,0.01,4.22,0.00,0.01,0.00,123.34,-2.10
2026-01-07 11:00,-247.62,0.00,496.76,0.05,86.00,0.00,0.11,0.00,0.00,856.36,360.98,1778.17,616.34,132.75,40.80,0.00,17.02,0.01,4.13,0.00,0.01,0.00,108.64,-2.10
2026-01-07 11:05,-177.91,0.00,477.03,0.05,88.00,0.00,0.11,0.00,4.34,783.59,370.24,1789.81,602.18,132.19,40.78,0.00,17.03,0.01,4.22,0.00,0.01,0.00,107.18,0.00
2026-01-07 11:10,-336.49,0.00,580.15,0.08,87.00,0.00,0.11,0.00,1.54,810.32,408.62,1801.45,502.99,94.99,40.77,0.00,20.51,0.01,4.17,0.00,0.01,0.00,135.18,-6.00
2026-01-07 11:15,-275.64,0.00,476.08,0.08,80.00,0.00,0.11,0.00,0.00,928.08,368.08,1813.09,496.80,133.00,40.75,0.00,16.60,0.01,3.84,0.00,0.01,0.00,100.67,-1.01
2026-01-07 11:20,-391.44,0.00,500.37,0.05,85.00,0.00,0.11,0.00,0.05,949.83,411.89,1824.73,474.93,98.98,40.73,0.00,17.90,0.01,4.08,0.00,0.01,0.00,110.86,-2.06
2026-01-07 11:25,-271.19,0.00,500.50,0.08,89.00,0.00,0.11,0.00,4.24,826.20,414.78,1836.36,508.08,99.00,40.72,0.00,18.03,0.01,4.27,0.00,0.01,0.00,111.65,0.00
2026-01-07 11:30,-271.43,0.00,497.93,0.08,85.00,0.00,0.11,0.00,0.20,834.45,416.10,1848.00,413.77,98.95,40.70,0.00,18.02,0.01,4.08,0.00,0.01,0.00,109.91,9.10
2026-01-07 11:35,-229.60,0.00,363.42,0.08,87.00,0.00,0.11,0.00,8.84,908.94,418.58,1854.56,338.76,99.00,40.78,0.00,12.94,0.01,4.17,0.00,0.01,0.00,76.58,-1.00
2026-01-07 11:40,-220.04,0.00,476.29,0.05,80.00,0.00,0.11,0.00,0.00,834.32,415.75,1861.13,368.87,99.00,40.87,0.00,16.70,0.01,3.84,0.00,0.01,0.00,98.84,0.00
2026-01-07 11:45,-189.10,0.00,377.09,0.08,87.00,0.00,0.11,0.00,5.55,869.76,417.30,1867.69,394.12,99.00,40.95,0.00,13.64,0.01,4.17,0.00,0.01,0.00,79.81,1.10
2026-01-07 11:50,-200.30,0.00,364.33,0.05,86.00,0.00,0.11,0.00,14.98,870.37,415.73,1874.25,346.68,99.00,41.03,0.00,13.75,0.01,4.13,0.00,0.01,0.00,79.58,0.00
2026-01-07 11:55,-227.04,0.00,423.54,0.08,83.00,0.00,0.11,0.00,4.73,849.42,419.27,1880.81,379.66,99.00,41.12,0.00,16.75,0.01,3.98,0.00,0.01,0.00,96.26,-1.00
2026-01-07 12:00,-230.33,0.00,429.35,0.08,85.00,0.00,0.11,0.00,19.63,834.71,421.34,1887.37,368.88,99.00,41.20,0.00,16.47,0.01,4.08,0.00,0.01,0.00,95.32,0.00
2026-01-07 12:05,-211.09,0.00,500.88,0.08,88.00,0.00,0.11,0.00,5.73,767.38,434.75,1889.25,337.12,99.00,41.32,0.00,19.27,0.01,4.22,0.00,0.01,0.00,114.06,21.21
2026-01-07 12:10,-144.39,0.00,367.14,0.05,89.00,0.00,0.11,0.00,11.69,808.21,434.44,1891.13,301.50,95.00,41.43,0.00,14.57,0.01,4.27,0.00,0.01,0.00,83.10,9.10
2026-01-07 12:15,-132.35,0.00,330.88,0.05,91.00,0.00,0.11,0.00,24.32,832.10,436.95,1893.02,311.42,99.00,41.55,0.00,13.64,0.01,4.37,0.00,0.01,0.00,76.85,-2.10
2026-01-07 12:20,-93.01,0.00,309.45,0.08,91.00,0.00,0.11,0.00,8.18,846.98,420.66,1894.90,319.88,120.32,41.67,0.00,12.97,0.01,4.37,0.00,0.01,0.00,72.82,0.00
2026-01-07 12:25,-129.60,0.00,396.55,0.08,85.00,0.00,0.11,0.00,14.95,803.39,443.61,1896.78,298.95,99.00,41.78,0.00,16.53,0.01,4.08,0.00,0.01,0.00,91.05,49.02
2026-01-07 12:30,-99.10,0.00,353.14,0.05,87.00,0.00,0.11,0.00,12.88,786.51,445.01,1898.66,289.53,95.00,41.90,0.00,14.58,0.01,4.17,0.00,0.01,0.00,81.06,21.21
2026-01-07 12:35,-133.31,0.00,361.47,0.08,86.00,0.00,0.11,0.00,5.25,841.21,448.02,1899.54,287.52,95.00,41.88,0.00,15.61,0.01,4.13,0.00,0.01,0.00,85.09,-6.00
2026-01-07 12:40,-134.30,0.00,393.26,0.08,85.00,0.00,0.11,0.00,24.85,821.80,461.21,1900.41,294.83,41.00,41.87,0.00,17.14,0.01,4.08,0.00,0.01,0.00,92.14,-2.10
2026-01-07 12:45,-110.16,0.00,316.95,0.08,96.00,0.00,0.11,0.00,6.46,823.75,503.46,1901.29,229.68,33.13,41.85,0.00,14.12,0.01,4.61,0.00,0.01,0.00,77.44,1.10
2026-01-07 12:50,-153.08,0.00,305.89,0.05,97.00,0.00,0.11,0.00,0.01,858.80,537.28,1902.16,236.83,4.00,41.83,0.00,14.03,0.01,4.65,0.00,0.01,0.00,76.42,11.50
2026-01-07 12:55,-162.81,0.00,356.08,0.08,97.00,0.00,0.11,0.00,1.94,825.10,537.36,1903.04,238.87,0.67,41.82,0.00,16.93,0.01,4.65,0.00,0.01,0.00,91.10,21.21
2026-01-07 13:00,-171.46,0.00,429.10,0.08,98.00,0.00,0.11,0.00,0.35,770.73,540.07,1903.92,272.58,0.00,41.80,0.00,19.72,0.01,4.70,0.00,0.01,0.00,108.11,58.58
2026-01-07 13:05,-114.81,0.00,353.03,0.08,106.00,0.00,0.11,0.00,7.06,784.81,538.92,1910.00,241.17,4.00,41.90,0.00,16.31,0.01,5.09,0.00,0.01,0.00,89.24,0.00
2026-01-07 13:10,-68.27,0.00,348.27,0.08,111.00,0.00,0.11,0.00,2.29,749.53,539.63,1916.08,227.44,3.62,42.00,0.00,16.15,0.01,5.33,0.00,0.01,0.00,88.86,65.73
2026-01-07 13:15,-13.84,0.00,284.03,0.05,111.00,0.00,0.11,0.00,8.61,728.71,539.02,1922.16,197.58,4.00,42.10,0.00,13.29,0.01,5.33,0.00,0.01,0.00,74.21,52.25
2026-01-07 13:20,-85.40,0.00,312.09,0.05,110.00,0.00,0.11,0.00,57.62,742.40,537.45,1928.25,180.65,4.00,42.20,0.00,14.26,0.01,5.28,0.00,0.01,0.00,78.79,117.16
2026-01-07 13:25,-15.82,0.00,243.96,0.05,118.00,0.00,0.10,0.00,32.00,746.59,536.54,1934.33,152.55,4.00,42.30,0.00,11.56,0.01,5.66,0.00,0.01,0.00,66.54,166.67
2026-01-07 13:30,-24.61,0.00,258.05,0.05,118.00,0.00,0.11,0.00,12.43,721.34,537.11,1940.41,177.82,4.00,42.40,0.00,12.38,0.01,5.66,0.00,0.01,0.00,71.11,125.00
2026-01-07 13:35,-102.21,0.00,316.58,0.05,114.00,0.00,0.11,0.00,47.39,737.95,537.24,1929.87,171.26,4.00,42.32,0.00,15.34,0.01,5.47,0.00,0.01,0.00,84.75,49.02
2026-01-07 13:40,-223.32,0.00,308.22,0.05,123.00,0.00,0.11,0.00,129.65,819.03,537.07,1919.33,48.94,4.00,42.23,0.00,15.08,0.01,5.90,0.00,0.01,0.00,84.07,117.16
2026-01-07 13:45,-94.96,0.00,234.33,0.05,131.00,0.00,23.60,0.00,18.31,833.33,532.10,1908.79,45.68,7.60,42.15,0.00,11.66,0.01,6.29,0.00,1.43,0.00,74.62,65.73
2026-01-07 13:50,-55.22,0.00,283.85,0.05,134.00,0.00,27.72,0.00,13.71,755.25,535.77,1898.26,43.67,4.00,42.07,0.00,14.02,0.01,6.43,0.00,1.68,0.00,87.79,121.21
2026-01-07 13:55,-28.75,0.00,263.14,0.05,127.00,5.78,31.08,0.00,33.39,733.10,532.09,1887.72,29.16,4.00,41.98,0.00,13.42,0.01,6.09,0.19,1.89,0.00,84.75,121.21
2026-01-07 14:00,-18.06,0.00,321.96,0.05,126.00,5.78,30.51,0.00,11.80,679.34,534.06,1877.18,27.74,4.00,41.90,0.00,16.51,0.01,6.05,0.19,1.85,0.00,100.96,178.70
2026-01-07 14:05,-54.55,0.00,368.26,0.05,127.00,39.33,30.49,0.00,17.16,629.79,536.27,1866.60,27.91,4.00,42.02,0.00,18.82,0.01,6.09,1.32,1.85,0.00,119.38,227.32
2026-01-07 14:10,-45.08,0.00,420.57,0.05,131.00,40.00,31.19,0.00,34.97,574.19,536.02,1856.03,53.93,4.00,42.13,0.00,21.63,0.01,6.29,1.34,1.90,0.00,136.58,275.98
2026-01-07 14:15,-72.93,0.00,337.47,0.05,124.00,69.53,32.20,0.00,86.29,606.48,531.09,1845.46,42.30,4.00,42.25,0.00,17.48,0.01,5.95,2.33,1.96,0.00,115.33,178.70
2026-01-07 14:20,-34.34,0.00,344.12,0.05,125.00,69.53,31.76,0.00,44.72,600.11,533.21,1834.89,34.57,4.00,42.37,0.00,17.31,0.01,6.00,2.33,1.93,0.00,115.65,275.98
2026-01-07 14:25,-71.20,0.00,337.09,0.05,131.00,69.53,32.10,0.00,122.58,556.69,535.46,1824.32,30.05,4.00,42.48,0.00,17.01,0.01,6.29,2.33,1.95,0.00,115.59,275.98
2026-01-07 14:30,-6.17,0.00,370.52,0.05,121.00,69.53,29.88,0.00,52.00,557.30,534.55,1813.74,21.85,3.76,42.60,0.00,19.18,0.01,5.81,2.33,1.82,0.00,124.81,275.98
2026-01-07 14:35,-71.72,0.00,397.85,0.05,129.00,69.53,31.65,0.00,107.76,548.67,534.11,1802.09,18.32,4.00,42.60,0.00,20.49,0.01,6.19,2.33,1.92,0.00,134.82,121.21
2026-01-07 14:40,-38.77,0.00,439.27,0.05,164.00,69.53,89.86,0.00,30.67,503.82,535.18,1790.44,7.05,4.00,42.60,0.00,22.58,0.01,7.87,2.33,5.46,0.00,169.62,230.00
2026-01-07 14:45,-4.11,0.00,407.41,0.05,156.00,69.53,101.60,0.00,5.18,505.18,533.72,1778.79,2.52,4.00,42.60,0.00,20.65,0.01,7.49,2.33,6.18,0.00,160.59,220.21
2026-01-07 14:50,-14.11,0.00,398.74,0.05,167.00,89.66,102.59,0.00,24.64,488.22,531.53,1767.14,0.00,4.00,42.60,0.00,20.03,0.01,8.01,3.00,6.24,0.00,162.25,214.76
2026-01-07 14:55,-22.66,0.00,386.84,0.05,174.00,111.81,128.57,0.00,40.47,472.03,531.55,1755.49,2.68,4.00,42.60,0.00,19.70,0.01,8.35,3.74,7.95,0.00,170.08,121.21
2026-01-07 15:00,-51.22,0.00,498.80,0.05,165.00,153.42,105.11,0.00,3.87,435.88,533.54,1743.84,0.00,0.00,42.60,0.00,25.19,0.01,7.92,5.14,6.41,0.00,206.89,217.22
2026-01-07 15:05,-3.83,0.00,465.78,0.05,164.00,169.53,125.17,0.00,0.56,406.64,532.10,1722.45,0.00,0.00,42.42,0.00,23.27,0.01,7.87,5.68,7.74,0.00,201.72,138.04
2026-01-07 15:10,-26.97,0.00,463.93,0.05,193.00,210.46,94.73,0.00,0.04,416.95,530.86,1701.07,0.00,0.00,42.23,0.00,22.91,0.01,9.26,7.05,5.78,0.00,203.27,270.00
2026-01-07 15:15,-24.15,0.00,382.79,0.05,240.00,207.11,135.77,0.00,4.85,413.65,529.97,1679.68,0.00,0.00,42.05,0.00,18.59,0.01,11.52,6.93,8.39,0.00,194.43,270.00
2026-01-07 15:20,-1.83,0.00,348.84,0.05,258.00,207.11,136.82,0.00,46.91,386.31,526.28,1658.30,0.00,0.00,41.87,0.00,16.86,0.01,12.38,6.93,8.46,0.00,186.68,275.98
2026-01-07 15:25,-5.88,0.00,424.27,0.05,253.00,206.44,162.44,0.00,24.32,334.80,523.96,1636.91,0.00,0.00,41.68,0.00,20.76,0.01,12.14,6.91,10.03,0.00,220.58,275.98
2026-01-07 15:30,-4.88,0.00,407.30,0.05,262.00,207.11,184.63,0.00,32.23,329.30,521.03,1615.52,0.00,0.00,41.50,0.00,19.82,0.01,12.57,6.93,11.51,0.00,222.69,275.98
2026-01-07 15:35,-0.11,0.00,405.48,0.05,266.00,207.11,185.85,0.00,35.21,352.11,516.03,1593.09,0.00,0.00,41.25,0.00,19.63,0.01,12.76,6.93,11.58,0.00,222.19,264.73
2026-01-07 15:40,-1.71,0.00,404.03,0.05,306.00,205.77,149.98,0.00,21.68,374.27,511.54,1570.65,0.00,0.00,41.00,0.00,19.42,0.01,14.68,6.89,9.38,0.00,221.10,143.66
2026-01-07 15:45,-27.80,0.00,468.71,0.05,363.00,205.77,136.56,0.00,27.61,342.68,509.92,1548.21,0.00,0.00,40.75,0.00,22.83,0.01,17.42,6.89,8.35,0.00,252.52,227.32
2026-01-07 15:50,-26.06,0.00,453.70,0.05,364.00,204.42,175.65,0.00,9.93,323.13,506.83,1525.77,0.00,0.00,40.50,0.00,21.60,0.01,17.47,6.84,10.94,0.00,259.40,227.32
2026-01-07 15:55,-26.35,0.00,441.98,0.05,365.00,204.42,181.33,0.00,4.72,372.73,504.05,1503.33,0.00,0.00,40.25,0.00,20.91,0.01,17.51,6.84,11.28,0.00,254.44,227.32
2026-01-07 16:00,-46.15,0.00,487.74,0.05,375.00,200.40,175.37,0.00,10.13,370.97,499.28,1480.90,0.00,0.00,40.00,0.00,22.99,0.01,17.99,6.71,10.91,0.00,272.83,227.32
2026-01-07 16:05,-35.34,0.00,532.03,0.05,367.00,207.78,175.30,0.00,5.32,348.02,495.37,1454.61,0.00,0.00,39.83,0.00,24.83,0.01,17.61,6.96,10.91,0.00,291.12,143.66
2026-01-07 16:10,-91.43,0.00,562.25,0.05,413.00,237.97,138.80,0.00,1.96,394.85,492.26,1428.32,0.00,0.00,39.67,0.00,26.05,0.01,19.82,7.99,8.48,0.00,304.90,138.04
2026-01-07 16:15,-97.96,0.00,560.78,0.05,409.00,249.83,137.18,0.00,8.49,414.83,486.86,1402.03,0.00,0.00,39.50,0.00,25.66,0.01,19.63,8.38,8.38,0.00,303.96,138.04
2026-01-07 16:20,-89.38,0.00,591.92,0.05,416.00,243.94,137.03,0.00,4.83,412.84,484.81,1375.75,0.00,0.00,39.33,0.00,27.45,0.01,19.96,8.19,8.37,0.00,320.66,138.04
2026-01-07 16:25,-97.70,0.00,641.63,0.05,397.00,275.99,136.91,0.00,0.94,395.39,480.86,1349.46,0.00,0.00,39.17,0.00,28.81,0.01,19.05,9.26,8.36,0.00,342.05,138.04
2026-01-07 16:30,-95.17,0.00,606.01,0.08,447.00,275.58,138.05,0.00,6.78,394.46,476.13,1323.17,0.00,0.00,39.00,0.00,27.50,0.01,21.45,9.25,8.43,0.00,338.82,138.04
2026-01-07 16:35,-78.82,0.00,577.37,0.05,428.00,306.35,137.16,0.00,37.16,384.65,470.83,1292.38,0.00,0.00,38.85,0.00,26.12,0.01,20.54,10.28,8.38,0.00,326.49,138.04
2026-01-07 16:40,-95.26,0.00,552.46,0.05,441.00,348.97,136.00,0.00,18.17,409.29,460.57,1261.60,0.00,0.00,38.70,0.00,24.58,0.01,21.16,11.71,8.31,0.00,325.03,138.04
2026-01-07 16:45,-95.07,0.00,548.47,0.08,436.00,367.80,137.73,0.00,30.24,387.90,452.94,1230.81,0.00,0.00,38.55,0.00,24.25,0.01,20.92,12.36,8.41,0.00,329.74,121.21
2026-01-07 16:50,-89.95,0.00,604.21,0.08,391.00,439.05,137.79,0.00,39.24,333.33,442.33,1200.02,0.00,0.00,38.40,0.00,26.18,0.01,18.76,14.76,8.42,0.00,357.21,143.16
2026-01-07 16:55,-107.62,0.00,655.14,0.08,426.00,450.02,137.61,0.00,21.53,325.93,436.57,1169.24,0.00,0.00,38.25,0.00,28.54,0.01,20.44,15.15,8.40,0.00,394.91,177.77
2026-01-07 17:00,-144.23,0.00,564.60,0.08,481.00,514.72,148.48,0.00,12.84,344.82,432.50,1138.45,0.00,0.00,38.10,0.00,25.02,0.01,23.08,17.33,9.13,0.00,378.51,134.64
2026-01-07 17:05,-117.27,0.00,614.36,0.08,442.00,535.60,136.22,0.00,15.54,352.98,425.05,1099.58,0.00,0.00,38.00,0.00,27.17,0.01,21.21,18.05,8.32,0.00,394.29,138.00
2026-01-07 17:10,-128.83,0.00,581.81,0.12,385.00,490.28,136.94,114.06,0.00,404.14,418.63,1060.72,0.00,0.00,37.90,0.00,25.39,0.01,18.47,16.55,8.36,5.61,388.31,138.00
2026-01-07 17:15,-99.52,0.00,568.29,0.12,343.00,452.23,138.08,167.56,3.48,423.48,422.19,1021.85,0.00,0.00,37.80,0.00,25.18,0.01,16.46,15.30,8.43,8.23,383.39,170.44
2026-01-07 17:20,-91.39,0.00,556.51,0.12,400.00,475.23,138.96,174.18,12.70,357.02,418.28,982.98,0.00,0.00,37.70,0.00,25.03,0.01,19.19,16.07,8.49,8.56,401.57,170.44
2026-01-07 17:25,-97.54,0.00,593.24,0.12,449.00,473.66,137.33,172.30,0.02,343.94,409.94,944.12,0.00,0.00,37.60,0.00,26.40,0.01,21.54,16.02,8.39,8.47,433.07,177.77
2026-01-07 17:30,-94.66,0.00,539.54,0.12,511.00,519.11,147.05,172.08,0.91,317.38,403.14,905.25,0.00,0.00,37.50,0.00,24.14,0.01,24.52,17.54,9.04,8.46,428.93,138.04
2026-01-07 17:35,-1.11,0.00,505.56,0.12,554.00,470.79,147.47,172.84,7.81,289.51,396.03,868.79,0.00,0.00,37.63,0.00,22.65,0.01,26.58,15.92,9.00,8.49,413.19,215.04
2026-01-07 17:40,-1.98,0.00,430.98,0.12,581.00,492.71,186.21,171.66,2.10,293.14,385.92,832.33,0.00,0.00,37.77,0.00,19.43,0.01,27.88,16.64,11.57,8.44,401.13,215.04
2026-01-07 17:45,-1.26,0.00,639.29,0.12,585.00,506.06,201.58,169.51,32.72,241.50,377.52,795.86,0.00,0.00,37.90,0.00,28.75,0.01,28.07,17.09,12.53,8.33,501.19,230.00
2026-01-07 17:50,-1.26,0.00,668.63,0.16,384.00,503.54,239.08,169.79,38.59,232.38,366.56,759.40,0.00,0.00,38.03,0.00,30.43,0.02,18.43,17.01,14.83,8.34,528.06,275.98
2026-01-07 17:55,-0.76,0.00,514.72,0.16,385.00,501.13,308.35,175.07,121.94,267.38,345.33,722.94,0.00,0.00,38.17,0.00,23.20,0.02,18.47,16.93,19.20,8.60,448.60,275.98
2026-01-07 18:00,-0.73,0.00,536.58,0.16,386.00,500.93,314.70,173.80,146.70,261.98,325.21,686.48,0.00,0.00,38.30,0.00,23.98,0.02,18.52,16.92,19.59,8.54,465.26,336.65
2026-01-07 18:05,-0.76,0.00,510.13,0.16,384.00,497.28,313.43,173.68,217.97,271.75,312.61,648.95,0.00,0.00,38.40,0.00,22.67,0.02,18.43,16.80,19.51,8.53,446.72,276.07
2026-01-07 18:10,-0.81,0.00,500.52,0.16,382.00,496.37,314.87,172.81,278.24,284.11,302.24,611.42,0.00,0.00,38.50,0.00,22.68,0.02,18.33,16.77,19.60,8.49,440.25,270.00
2026-01-07 18:15,-2.70,0.00,636.92,0.16,379.00,495.60,346.26,172.09,178.11,254.03,292.38,573.89,0.00,0.00,38.60,0.00,28.12,0.02,18.19,16.74,21.55,8.46,544.32,275.98
2026-01-07 18:20,-0.75,0.00,607.96,0.16,381.00,552.73,351.55,171.56,191.74,240.76,271.63,536.36,0.00,0.00,38.70,0.00,27.40,0.02,18.28,18.66,21.86,8.43,543.74,299.44
2026-01-07 18:25,-0.79,0.00,395.17,0.16,385.00,606.59,352.43,174.04,361.35,227.59,252.55,498.84,0.00,0.00,38.80,0.00,18.18,0.02,18.47,20.46,21.92,8.55,426.87,343.61
2026-01-07 18:30,-0.78,0.00,327.39,0.16,384.00,605.97,392.21,172.11,407.90,262.34,236.92,461.31,0.00,0.00,38.90,0.00,15.33,0.02,18.43,20.44,24.45,8.46,402.91,347.41
2026-01-07 18:35,-0.67,0.00,496.72,0.16,385.00,605.40,392.60,173.53,319.96,254.40,207.27,427.54,0.00,0.00,38.80,0.00,23.44,0.02,18.47,20.42,24.48,8.53,504.42,330.46
2026-01-07 18:40,-0.79,0.00,420.88,0.16,382.00,602.58,393.07,172.14,377.11,286.32,195.40,393.77,0.00,0.00,38.70,0.00,20.09,0.02,18.33,20.33,24.50,8.46,462.33,342.01
2026-01-07 18:45,-0.75,0.00,438.37,0.16,384.00,605.52,392.62,173.01,364.00,305.64,180.00,360.00,0.00,0.00,38.60,0.00,20.92,0.02,18.43,20.42,24.48,8.50,478.61,301.76
2026-01-07 18:50,-0.66,0.00,424.60,0.16,384.00,608.75,426.18,172.64,345.72,358.36,159.85,326.22,0.00,0.00,38.50,0.00,20.92,0.02,18.43,20.53,25.54,8.48,478.26,332.80
2026-01-07 18:55,-0.67,0.00,467.58,0.19,381.00,605.28,457.02,170.84,337.51,334.28,144.42,292.45,0.00,0.00,38.40,0.00,22.99,0.02,18.28,20.42,27.19,8.40,517.80,339.22
2026-01-07 19:00,-0.82,0.00,440.72,0.16,381.00,607.16,460.82,171.56,358.52,364.02,122.43,258.68,0.00,0.00,38.30,0.00,21.46,0.02,18.28,20.48,27.34,8.43,504.67,354.96
2026-01-07 19:05,-0.79,0.00,374.01,0.16,384.00,606.64,465.34,170.98,427.03,380.36,106.57,232.46,0.00,0.00,38.10,0.00,18.54,0.02,18.43,20.46,27.54,8.40,467.20,360.72
2026-01-07 19:10,-0.65,0.00,449.95,5.46,384.00,608.53,467.59,167.68,378.44,403.54,90.32,206.25,0.00,0.00,37.90,0.00,22.33,0.68,18.43,20.52,27.64,8.24,519.20,398.22
2026-01-07 19:15,-0.62,0.00,337.30,5.46,385.00,611.46,468.12,173.19,476.54,410.93,82.48,180.03,0.00,0.00,37.70,0.00,17.16,0.68,18.47,20.62,27.66,8.51,455.03,588.38
2026-01-07 19:20,-0.67,0.00,406.34,5.46,384.00,605.92,469.71,162.39,467.68,399.68,58.33,153.81,0.00,0.00,37.50,0.00,20.74,0.68,18.43,20.44,27.75,7.98,500.96,650.80
2026-01-07 19:25,-0.56,0.00,404.68,5.46,380.00,605.62,469.54,168.02,466.61,411.68,48.75,127.60,0.00,0.00,37.30,0.00,20.82,0.68,18.23,20.43,27.74,8.26,506.50,630.43
2026-01-07 19:30,-0.64,0.00,359.39,6.46,383.00,608.85,469.90,171.86,495.06,429.19,36.86,101.38,0.00,0.00,37.10,0.00,18.56,0.80,18.38,20.54,27.76,8.45,484.01,577.27
2026-01-07 19:35,-0.64,0.00,367.29,6.36,379.00,605.27,493.86,169.79,442.74,443.59,24.05,87.03,0.00,0.00,36.75,0.00,19.13,0.79,18.19,20.41,29.23,8.34,504.94,448.70
2026-01-07 19:40,-0.54,0.00,343.40,5.36,380.00,607.71,494.30,171.71,476.27,445.14,17.83,72.68,0.00,0.00,36.40,0.00,17.68,0.66,18.23,20.50,29.26,8.44,488.73,445.34
2026-01-07 19:45,-0.59,0.00,285.25,5.32,378.00,605.45,496.30,172.17,519.81,471.12,9.97,58.34,0.00,0.00,36.05,0.00,14.91,0.66,18.14,20.42,29.38,8.46,454.04,999.43
2026-01-07 19:50,-0.57,0.00,300.61,5.32,380.00,607.45,496.95,171.86,439.88,497.28,5.81,43.99,0.00,0.00,35.70,0.00,16.03,0.66,18.23,20.49,29.42,8.45,476.84,1056.13
2026-01-07 19:55,-0.57,0.00,363.15,7.32,379.00,605.93,497.23,171.77,364.64,505.27,4.12,29.64,0.00,0.00,35.35,0.00,19.48,0.91,18.19,20.44,29.43,8.44,528.18,627.62
2026-01-07 20:00,-10.62,0.00,426.11,7.32,380.00,607.83,495.69,171.08,305.82,515.38,1.04,15.29,0.00,0.00,35.00,0.00,22.88,0.91,18.23,20.50,29.34,8.41,583.33,920.66
2026-01-07 20:05,-0.47,0.00,358.83,7.42,381.00,607.68,497.63,171.60,322.77,522.59,0.18,12.75,0.00,0.00,34.72,0.00,19.66,0.92,18.28,20.50,29.46,8.43,539.17,1439.29
2026-01-07 20:10,-3.41,0.00,287.16,0.12,375.00,600.93,497.81,168.86,388.95,520.68,0.03,10.20,0.00,0.00,34.43,0.00,16.10,0.01,17.99,20.27,29.47,8.30,486.70,1169.79
2026-01-07 20:15,-3.10,0.00,217.52,0.08,380.00,608.37,497.98,173.22,392.60,556.88,0.01,7.65,0.00,0.00,34.15,0.00,12.13,0.01,18.23,20.52,29.49,8.51,445.20,1513.44
2026-01-07 20:20,-3.20,0.00,278.52,0.08,380.00,606.66,497.23,171.40,324.70,565.10,0.01,5.10,0.00,0.00,33.87,0.00,15.65,0.01,18.23,20.46,29.45,8.42,487.87,1212.56
2026-01-07 20:25,-4.22,0.00,285.54,0.08,379.00,607.45,498.06,171.88,273.85,587.31,0.01,2.55,0.00,0.00,33.58,0.00,15.86,0.01,18.19,20.49,29.50,8.45,497.62,919.99
2026-01-07 20:30,-4.93,0.00,346.86,0.08,378.00,606.64,498.43,171.30,177.26,618.45,0.01,0.00,0.00,0.00,33.30,0.00,19.29,0.01,18.14,20.46,29.52,8.42,548.06,331.20
2026-01-07 20:35,-12.09,0.00,384.29,0.08,380.00,606.93,499.18,171.34,112.53,658.66,0.01,0.00,0.00,0.00,33.18,0.00,21.43,0.01,18.23,20.47,29.57,8.42,579.39,999.43
2026-01-07 20:40,-5.50,0.00,287.56,0.08,378.00,605.94,499.21,171.51,188.42,639.69,0.01,0.00,0.00,0.00,33.07,0.00,16.07,0.01,18.14,20.44,29.57,8.43,507.73,451.69
2026-01-07 20:45,-5.45,0.00,357.40,0.08,380.00,608.20,503.35,172.20,136.88,627.18,0.01,0.00,0.00,0.00,32.95,0.00,19.95,0.01,18.23,20.51,29.82,8.46,563.61,451.64
2026-01-07 20:50,-6.86,0.00,288.39,51.28,377.00,603.55,504.53,171.86,115.13,631.73,0.01,0.00,0.00,0.00,32.83,0.00,16.37,6.37,18.09,20.36,29.91,8.45,553.07,349.09
2026-01-07 20:55,-7.08,0.00,314.29,51.78,382.00,610.24,505.58,172.70,101.36,627.70,0.00,0.00,0.00,0.00,32.72,0.00,17.93,6.44,18.33,20.58,29.96,8.49,573.15,349.09
2026-01-07 21:00,-50.26,0.00,338.14,51.55,380.00,606.39,504.55,170.82,95.70,631.69,0.00,0.00,0.00,0.00,32.60,0.00,19.36,6.41,18.23,20.45,29.90,8.39,600.82,330.00
2026-01-07 21:05,-13.98,0.00,358.79,51.15,378.00,605.05,495.64,169.53,2.24,655.66,0.00,0.00,0.00,0.00,32.58,0.00,20.67,6.36,18.14,20.41,29.36,8.33,624.41,263.14
2026-01-07 21:10,-4.14,0.00,455.42,0.05,379.00,526.82,440.86,170.64,22.10,696.90,0.00,0.00,0.00,0.00,32.57,0.00,26.20,0.01,18.19,17.75,25.99,8.39,651.82,196.50
2026-01-07 21:15,-18.42,0.00,558.28,0.05,384.00,455.28,439.02,172.15,23.62,673.97,0.00,0.00,0.00,0.00,32.55,0.00,31.94,0.01,18.43,15.27,25.88,8.46,763.54,270.00
2026-01-07 21:20,-5.41,0.00,564.55,0.05,380.00,425.89,431.18,171.54,22.64,663.89,0.00,0.00,0.00,0.00,32.53,0.00,33.69,0.01,18.23,14.26,25.42,8.43,787.12,305.00
2026-01-07 21:25,-201.95,0.00,559.11,5.25,384.00,465.48,472.44,173.02,87.94,676.63,0.00,0.00,0.00,0.00,32.52,0.00,33.36,0.65,18.43,15.59,27.96,8.50,833.80,305.00
2026-01-07 21:30,-206.53,0.00,562.98,5.25,378.00,461.46,451.19,174.26,48.17,716.14,0.00,0.00,0.00,0.00,32.50,0.00,33.72,0.65,18.14,15.45,26.67,8.56,845.32,299.44
2026-01-07 21:35,-218.81,0.00,476.83,0.05,378.00,460.11,435.74,172.95,21.10,825.27,0.00,0.00,0.00,0.00,32.58,0.00,28.94,0.01,18.14,15.41,25.73,8.50,726.44,236.79
2026-01-07 21:40,-17.77,0.00,372.73,0.05,380.00,424.55,354.14,157.37,6.60,847.67,0.00,0.00,0.00,0.00,32.67,0.00,23.13,0.01,18.23,14.22,20.74,7.73,566.76,201.76
2026-01-07 21:45,-5.97,0.00,348.36,0.05,379.00,425.22,306.53,154.13,25.70,857.10,0.00,0.00,0.00,0.00,32.75,0.00,21.67,0.01,18.19,14.24,17.58,7.57,530.28,186.32
2026-01-07 21:50,-3.43,0.00,314.09,0.05,381.00,423.20,308.14,153.89,30.67,854.92,0.00,0.00,0.00,0.00,32.83,0.00,19.83,0.01,18.28,14.17,17.68,7.56,507.19,170.44
2026-01-07 21:55,-2.97,0.00,444.28,0.05,382.00,384.95,256.11,155.58,8.81,825.08,0.00,0.00,0.00,0.00,32.92,0.00,27.96,0.01,18.33,12.89,14.21,7.65,621.29,170.44
2026-01-07 22:00,-4.49,0.00,457.77,0.05,382.00,384.95,254.57,154.18,8.53,796.69,0.00,0.00,0.00,0.00,33.00,0.00,28.96,0.01,18.33,12.89,14.13,7.58,647.05,177.77
2026-01-07 22:05,-4.70,0.00,414.34,0.05,379.00,425.22,232.27,154.47,7.65,779.21,0.00,0.00,0.00,0.00,32.93,0.00,26.58,0.01,18.19,14.24,12.87,7.59,611.79,177.77
2026-01-07 22:10,-3.40,0.00,405.61,0.05,382.00,427.23,196.19,156.86,8.00,798.03,0.00,0.00,0.00,0.00,32.87,0.00,25.86,0.01,18.33,14.31,10.59,7.71,591.01,196.24
2026-01-07 22:15,-2.58,0.00,395.52,0.01,382.00,424.55,169.01,154.18,29.73,793.52,0.00,0.00,0.00,0.00,32.80,0.00,25.41,0.00,18.33,14.22,9.01,7.58,575.26,187.56
2026-01-07 22:20,-3.27,0.00,423.81,0.01,382.00,426.56,169.27,157.67,7.23,783.12,0.00,0.00,0.00,0.00,32.73,0.00,27.54,0.00,18.33,14.28,9.02,7.75,615.89,177.77
2026-01-07 22:25,-3.57,0.00,336.01,0.01,382.00,427.90,177.76,155.37,34.03,798.77,0.00,0.00,0.00,0.00,32.67,0.00,21.93,0.00,18.33,14.33,9.51,7.64,526.03,170.44
2026-01-07 22:30,-3.18,0.00,312.49,0.05,383.00,389.65,161.00,155.55,62.27,830.80,0.00,0.00,0.00,0.00,32.60,0.00,20.60,0.01,18.38,13.05,8.39,7.64,490.11,191.28
2026-01-07 22:35,-5.24,0.00,254.61,0.01,379.00,423.20,150.70,155.47,36.40,849.55,0.00,0.00,0.00,0.00,32.60,0.00,16.83,0.00,18.19,14.17,7.76,7.64,446.80,170.44
2026-01-07 22:40,-6.44,0.00,313.44,0.01,378.00,363.47,126.01,155.12,14.76,890.19,0.00,0.00,0.00,0.00,32.60,0.00,21.55,0.00,18.14,12.17,6.23,7.62,490.51,142.57
2026-01-07 22:45,-5.07,0.00,264.89,0.01,378.00,315.83,126.25,155.60,23.46,969.51,0.00,0.00,0.00,0.00,32.60,0.00,18.12,0.00,18.14,10.57,6.25,7.65,429.01,137.91
2026-01-07 22:50,-13.00,0.00,242.63,0.05,338.00,315.16,126.28,153.58,14.93,1013.83,0.00,0.00,0.00,0.00,32.60,0.00,16.69,0.01,16.22,10.55,6.25,7.55,402.71,136.79
2026-01-07 22:55,-51.47,0.00,288.38,0.01,292.00,315.83,126.38,154.28,15.55,1045.02,0.00,0.00,0.00,0.00,32.60,0.00,19.99,0.00,14.01,10.57,6.26,7.58,435.58,124.17
2026-01-07 23:00,-43.68,0.00,269.08,0.01,248.00,319.18,126.83,156.42,28.72,1053.88,0.00,0.00,0.00,0.00,32.60,0.00,18.65,0.00,11.90,10.69,6.29,7.69,408.94,121.21
2026-01-07 23:05,-44.64,0.00,338.31,0.05,204.00,316.50,126.45,155.29,29.65,1042.60,0.00,0.00,0.00,0.00,32.65,0.00,23.31,0.01,9.79,10.60,6.26,7.63,463.37,135.73
2026-01-07 23:10,-6.79,0.00,279.35,0.05,160.00,316.50,126.58,154.18,18.43,1076.17,0.00,0.00,0.00,0.00,32.70,0.00,18.87,0.01,7.68,10.60,6.27,7.58,390.82,165.27
2026-01-07 23:15,-4.38,0.00,198.46,0.01,188.00,317.84,126.92,155.89,24.50,1104.31,0.00,0.00,6.19,0.00,32.75,0.00,13.47,0.00,9.02,10.64,6.29,7.66,329.58,155.71
2026-01-07 23:20,-2.19,0.00,187.12,0.05,228.00,319.85,127.04,156.95,0.86,1085.55,0.00,0.00,0.40,0.00,32.80,0.00,12.64,0.01,10.94,10.71,6.30,7.71,335.28,123.45
2026-01-07 23:25,-2.88,0.00,142.62,0.05,197.00,317.17,106.43,156.59,107.34,1085.57,0.00,0.00,0.00,0.00,32.85,0.00,9.75,0.01,9.45,10.62,5.04,7.70,279.96,139.08
2026-01-07 23:30,-9.65,0.00,75.01,0.01,215.00,315.83,107.76,153.49,0.06,1228.28,0.00,0.00,0.00,0.00,32.90,0.00,5.12,0.00,10.32,10.57,5.12,7.54,239.72,138.04
2026-01-07 23:35,-26.80,0.00,54.86,0.05,205.00,317.17,107.77,156.02,0.45,1251.67,0.00,0.00,0.00,0.00,32.83,0.00,3.77,0.01,9.84,10.62,5.12,7.67,227.09,123.45
2026-01-07 23:40,-26.02,0.00,127.47,0.01,166.00,265.49,81.97,154.21,110.32,1211.57,0.00,0.00,0.00,0.00,32.77,0.00,8.70,0.00,7.97,8.89,4.03,7.58,242.91,179.55
2026-01-07 23:45,-4.14,0.00,95.28,0.01,197.00,215.83,69.42,156.63,163.26,1209.65,0.00,0.00,0.00,0.00,32.70,0.00,6.70,0.00,9.45,7.23,3.50,7.70,216.99,175.99
2026-01-07 23:50,-9.64,0.00,104.08,0.01,235.00,224.56,69.41,155.35,123.34,1176.14,0.00,0.00,0.00,0.00,32.63,0.00,7.31,0.00,11.28,7.52,3.50,7.63,238.96,198.42
2026-01-07 23:55,-2.36,0.00,216.89,0.05,272.00,219.19,69.48,155.41,17.63,1142.41,0.00,0.00,0.00,0.00,32.57,0.00,15.17,0.01,13.05,7.34,3.50,7.64,338.28,170.44
2026-01-08 00:00,-10.83,0.00,219.89,0.01,309.00,180.26,69.48,154.48,17.64,1118.24,0.00,0.00,0.00,0.00,32.50,0.00,15.42,0.00,14.83,6.04,3.50,7.59,351.28,160.07
2026-01-08 00:05,-10.80,0.00,191.46,0.01,344.00,169.53,69.26,154.65,26.50,1097.31,0.00,0.00,0.00,0.00,32.45,0.00,13.54,0.00,16.51,5.68,3.49,7.60,338.61,151.04
2026-01-08 00:10,-48.61,0.00,277.25,0.01,376.00,167.51,18.32,155.95,23.12,1081.62,0.00,0.00,7.88,0.00,32.40,0.00,18.66,0.00,18.04,5.61,0.78,7.66,406.96,168.63
2026-01-08 00:15,-51.07,0.00,280.05,0.01,379.00,168.18,0.11,154.27,19.80,1077.04,0.00,0.00,0.00,0.00,32.35,0.00,18.95,0.00,18.19,5.63,0.01,7.58,411.86,140.25
2026-01-08 00:20,-49.72,0.00,255.79,0.01,384.00,169.53,0.11,156.37,47.05,1077.81,0.00,0.00,3.44,0.00,32.30,0.00,17.55,0.00,18.43,5.68,0.01,7.68,387.19,167.35
2026-01-08 00:25,-30.68,0.00,233.37,0.05,385.00,170.20,0.11,156.28,44.38,1080.67,0.00,0.00,0.00,0.00,32.25,0.00,15.99,0.01,18.47,5.70,0.01,7.68,365.17,146.62
2026-01-08 00:30,-24.62,0.00,271.76,0.01,384.00,170.87,0.11,155.46,19.11,1055.03,0.00,0.00,0.00,0.00,32.20,0.00,18.71,0.00,18.43,5.72,0.01,7.64,407.24,170.44
2026-01-08 00:35,-39.13,0.00,310.49,0.01,381.00,183.62,0.11,156.13,0.64,1045.01,0.00,0.00,0.00,0.00,32.23,0.00,21.69,0.00,18.28,6.15,0.01,7.67,455.64,164.96
2026-01-08 00:40,-5.06,0.00,170.18,0.01,384.00,168.85,0.11,156.77,107.38,1035.05,0.00,0.00,0.00,0.00,32.27,0.00,12.12,0.00,18.43,5.65,0.01,7.70,314.24,210.04
2026-01-08 00:45,-1.13,0.00,244.76,0.01,348.00,221.20,0.11,156.21,1.31,1035.10,0.00,0.00,0.00,0.00,32.30,0.00,16.86,0.00,16.70,7.41,0.01,7.68,385.04,195.07
2026-01-08 00:50,-29.72,0.00,139.77,0.01,325.00,218.52,0.11,155.06,127.00,1060.38,0.00,0.00,0.00,0.00,32.33,0.00,9.86,0.00,15.59,7.32,0.01,7.62,282.44,170.44
2026-01-08 00:55,-3.54,0.00,132.81,0.01,324.00,199.73,0.11,154.99,121.14,1073.27,0.00,0.00,0.00,0.00,32.37,0.00,9.56,0.00,15.55,6.69,0.01,7.62,272.31,190.44
2026-01-08 01:00,-4.99,0.00,120.07,0.01,316.00,221.20,0.11,154.30,106.30,1089.28,0.00,0.00,0.00,0.00,32.40,0.00,8.52,0.00,15.16,7.41,0.01,7.58,263.39,167.98
2026-01-08 01:05,-19.11,0.00,158.97,0.01,319.00,169.53,0.11,155.75,105.92,1109.90,0.00,0.00,0.00,0.00,32.37,0.00,11.53,0.00,15.31,5.68,0.01,7.65,286.63,141.96
2026-01-08 01:10,-4.82,0.00,272.40,0.01,326.00,168.18,0.11,15.63,61.23,1137.68,0.00,0.00,4.50,0.00,32.33,0.00,19.93,0.00,15.64,5.63,0.01,0.77,351.89,170.44
2026-01-08 01:15,-4.17,0.00,304.21,0.01,324.00,195.70,0.11,0.00,0.09,1157.91,0.00,0.00,0.00,0.00,32.30,0.00,22.19,0.00,15.55,6.55,0.01,0.00,388.14,170.39
2026-01-08 01:20,-16.36,0.00,340.34,0.01,319.00,166.84,0.11,0.00,0.00,1163.01,0.00,0.00,0.00,0.00,32.27,0.00,24.76,0.00,15.31,5.59,0.01,0.00,424.01,144.59
2026-01-08 01:25,-6.00,0.00,274.92,0.01,314.00,167.51,0.11,0.00,0.06,1201.83,0.00,0.00,0.00,0.00,32.23,0.00,20.13,0.00,15.07,5.61,0.01,0.00,349.18,138.04
2026-01-08 01:30,-1.23,0.00,288.20,0.01,280.00,169.53,0.11,0.00,3.38,1194.68,0.00,0.00,1.33,0.00,32.20,0.00,21.31,0.00,13.44,5.68,0.01,0.00,357.18,138.04
2026-01-08 01:35,-4.76,0.00,320.32,0.05,269.00,168.18,0.11,0.00,0.00,1187.39,0.00,0.00,0.00,0.00,32.10,0.00,23.73,0.01,12.91,5.63,0.01,0.00,390.36,138.04
2026-01-08 01:40,-4.29,0.00,273.63,0.01,291.00,168.18,0.11,0.00,9.90,1196.57,0.00,0.00,0.00,0.00,32.00,0.00,20.21,0.00,13.96,5.63,0.01,0.00,344.27,138.04
2026-01-08 01:45,-2.51,0.00,290.55,0.01,319.00,168.18,0.11,0.00,0.95,1144.39,0.00,0.00,0.00,0.00,31.90,0.00,21.74,0.00,15.31,5.63,0.01,0.00,382.39,147.04
2026-01-08 01:50,-2.79,0.00,270.51,0.01,346.00,168.18,0.11,0.00,0.08,1121.27,0.00,0.00,0.00,0.00,31.80,0.00,20.30,0.00,16.60,5.63,0.01,0.00,374.71,170.44
2026-01-08 01:55,-2.15,0.00,238.98,0.01,356.00,179.59,0.11,0.00,0.20,1140.20,0.00,0.00,0.00,0.00,31.70,0.00,17.94,0.00,17.08,6.01,0.01,0.00,343.21,169.61
2026-01-08 02:00,-4.43,0.00,240.47,0.01,349.00,167.51,0.11,0.00,15.32,1119.12,0.00,0.00,0.00,0.00,31.60,0.00,18.11,0.00,16.75,5.61,0.01,0.00,345.37,167.56
2026-01-08 02:05,-2.47,0.00,222.38,0.01,350.00,168.18,0.11,0.00,4.07,1150.07,0.00,0.00,0.00,0.00,31.58,0.00,16.72,0.00,16.79,5.63,0.01,0.00,324.57,164.70
2026-01-08 02:10,-1.38,0.00,257.90,0.01,346.00,168.18,0.11,0.00,1.10,1136.92,0.00,0.00,0.00,0.00,31.57,0.00,19.51,0.00,16.60,5.63,0.01,0.00,359.69,169.82
2026-01-08 02:15,-1.54,0.00,256.51,0.01,350.00,168.18,0.11,0.00,0.03,1110.33,0.00,0.00,0.00,0.00,31.55,0.00,19.58,0.00,16.79,5.63,0.01,0.00,367.87,170.02
2026-01-08 02:20,-5.71,0.00,239.50,0.01,345.00,168.18,0.11,0.00,0.04,1109.44,0.00,0.00,0.00,0.00,31.53,0.00,18.18,0.00,16.55,5.63,0.01,0.00,351.66,166.40
2026-01-08 02:25,-1.84,0.00,245.07,0.01,357.00,168.18,0.11,0.00,0.74,1086.81,0.00,0.00,0.00,0.00,31.52,0.00,18.79,0.00,17.13,5.63,0.01,0.00,365.12,170.44
2026-01-08 02:30,-0.88,0.00,229.92,0.01,358.00,188.32,0.11,0.00,0.44,1083.36,0.00,0.00,0.00,0.00,31.50,0.00,17.65,0.00,17.18,6.31,0.01,0.00,352.76,170.44
2026-01-08 02:35,-4.04,0.00,246.93,0.01,348.00,172.88,0.11,0.00,0.08,1078.60,0.00,0.00,0.00,0.00,31.45,0.00,18.76,0.00,16.70,5.79,0.01,0.00,367.10,151.01
2026-01-08 02:40,-2.76,0.00,253.21,0.01,351.00,167.51,0.11,0.00,0.21,1066.20,0.00,0.00,0.00,0.00,31.40,0.00,19.42,0.00,16.84,5.61,0.01,0.00,378.15,169.11
2026-01-08 02:45,-2.49,0.00,244.33,0.01,355.00,167.51,0.11,0.00,0.11,1066.96,0.00,0.00,0.00,0.00,31.35,0.00,18.74,0.00,17.03,5.61,0.01,0.00,369.90,143.21
2026-01-08 02:50,-4.91,0.00,274.74,0.01,350.00,167.51,0.11,0.00,0.20,1050.48,0.00,0.00,0.00,0.00,31.30,0.00,21.03,0.00,16.79,5.61,0.01,0.00,404.49,141.38
2026-01-08 02:55,-11.63,0.00,281.51,0.01,344.00,166.17,0.11,0.00,0.12,1051.64,0.00,0.00,1.20,0.00,31.25,0.00,21.32,0.00,16.51,5.56,0.01,0.00,410.37,100.44
2026-01-08 03:00,-2.07,0.00,339.12,0.01,308.00,122.55,0.11,0.00,2.59,1066.70,0.00,0.00,0.10,0.00,31.20,0.00,26.21,0.00,14.78,4.10,0.01,0.00,467.05,128.97
2026-01-08 03:05,-5.17,0.00,319.88,0.01,260.00,170.20,0.11,0.00,15.50,1058.57,0.00,0.00,0.00,0.00,31.30,0.00,24.71,0.00,12.48,5.70,0.01,0.00,436.48,138.04
2026-01-08 03:10,-5.85,0.00,291.52,0.01,279.00,169.53,0.11,0.00,4.80,1072.06,0.00,0.00,0.50,0.00,31.40,0.00,22.53,0.00,13.39,5.68,0.01,0.00,406.50,133.00
2026-01-08 03:15,-4.13,0.00,318.63,0.01,241.00,168.85,0.11,0.00,0.08,1080.68,0.00,0.00,0.00,0.00,31.50,0.00,24.61,0.00,11.56,5.65,0.01,0.00,429.79,117.34
2026-01-08 03:20,-8.48,0.00,375.58,0.01,194.00,169.53,0.11,0.00,0.00,1071.68,0.00,0.00,0.00,0.00,31.60,0.00,28.63,0.00,9.31,5.68,0.01,0.00,497.95,100.44
2026-01-08 03:25,-7.88,0.00,421.83,0.01,150.00,140.00,0.10,0.00,0.04,1103.92,0.00,0.00,0.00,0.00,31.70,0.00,32.08,0.00,7.20,4.69,0.01,0.00,547.14,100.44
2026-01-08 03:30,-6.83,0.00,431.45,0.01,106.00,136.64,0.11,0.00,0.06,1150.89,0.00,0.00,0.00,0.00,31.80,0.00,32.58,0.00,5.09,4.58,0.01,0.00,530.62,100.44
2026-01-08 03:35,-4.71,0.00,473.25,0.01,81.00,127.25,0.11,0.00,0.16,1142.47,0.00,0.00,0.00,0.00,31.78,0.00,35.60,0.00,3.89,4.26,0.01,0.00,601.41,121.21
2026-01-08 03:40,-93.76,0.00,522.20,0.01,80.00,169.53,0.11,0.00,0.40,1158.91,0.00,0.00,0.00,0.00,31.77,0.00,39.18,0.00,3.84,5.68,0.01,0.00,736.96,100.44
2026-01-08 03:45,-19.06,0.00,429.17,0.01,80.00,137.98,0.11,0.00,0.14,1186.54,0.00,0.00,0.00,0.00,31.75,0.00,31.80,0.00,3.84,4.62,0.01,0.00,505.20,90.98
2026-01-08 03:50,-89.11,0.00,589.98,0.01,80.00,91.01,0.11,0.00,0.76,1168.59,0.00,0.00,0.00,0.00,31.73,0.00,43.59,0.00,3.84,3.05,0.01,0.00,915.98,102.91
2026-01-08 03:55,-98.71,0.00,532.75,0.01,80.00,146.04,0.11,0.00,0.00,1161.97,0.00,0.00,0.00,0.00,31.72,0.00,38.90,0.00,3.84,4.89,0.01,0.00,755.50,117.16
2026-01-08 04:00,-197.23,0.00,600.47,0.01,80.00,168.85,0.11,0.00,0.15,1178.51,0.00,0.00,0.00,0.00,31.70,0.00,43.57,0.00,3.84,5.65,0.01,0.00,1011.02,104.94
2026-01-08 04:05,-191.72,0.00,554.42,0.01,80.00,168.85,0.11,0.00,0.09,1225.13,0.00,0.00,0.00,0.00,31.57,0.00,39.85,0.00,3.84,5.65,0.01,0.00,813.44,95.42
2026-01-08 04:10,-171.70,0.00,598.40,0.01,80.00,113.15,0.11,0.00,0.11,1254.25,0.00,0.00,0.00,0.00,31.43,0.00,42.91,0.00,3.84,3.79,0.01,0.00,895.14,98.16
2026-01-08 04:15,-90.89,0.00,518.80,0.01,80.00,90.34,0.11,0.00,0.13,1270.50,0.00,0.00,0.00,0.00,31.30,0.00,36.83,0.00,3.84,3.02,0.01,0.00,630.81,90.44
2026-01-08 04:20,-17.04,0.00,465.18,0.01,80.00,77.58,0.11,0.00,0.00,1257.38,0.00,0.00,0.00,0.00,31.17,0.00,31.97,0.00,3.84,2.60,0.01,0.00,494.11,90.44
2026-01-08 04:25,-32.45,0.00,453.69,0.01,80.00,65.50,0.11,0.00,26.30,1251.73,0.00,0.00,0.00,0.00,31.03,0.00,30.47,0.00,3.84,2.19,0.01,0.00,467.27,89.89
2026-01-08 04:30,-38.37,0.00,519.92,0.01,80.00,60.14,0.11,0.00,0.12,1225.11,0.00,0.00,9.31,0.00,30.90,0.00,35.00,0.00,3.84,2.01,0.01,0.00,607.52,81.56
2026-01-08 04:35,-17.01,0.00,531.02,0.01,80.00,60.14,0.11,0.00,0.18,1189.12,0.00,0.00,0.10,0.00,30.95,0.00,35.79,0.00,3.84,2.01,0.01,0.00,639.50,113.27
2026-01-08 04:40,-176.22,0.00,681.01,0.01,80.00,110.47,0.11,0.00,0.07,1163.62,0.00,0.00,0.00,0.00,31.00,0.00,44.10,0.00,3.84,3.70,0.01,0.00,1246.91,77.90
2026-01-08 04:45,-14.54,0.00,581.25,0.01,80.00,71.54,0.11,0.00,0.13,1137.88,0.00,0.00,0.00,0.00,31.05,0.00,37.68,0.00,3.84,2.40,0.01,0.00,759.61,100.44
2026-01-08 04:50,-107.53,0.00,644.62,0.01,81.00,102.42,0.11,0.00,0.11,1131.87,0.00,0.00,0.00,0.00,31.10,0.00,40.50,0.00,3.89,3.43,0.01,0.00,1018.78,101.46
2026-01-08 04:55,-117.32,0.00,618.35,0.01,80.00,148.72,0.11,0.00,0.00,1142.18,0.00,0.00,0.00,0.00,31.15,0.00,38.05,0.00,3.84,4.98,0.01,0.00,885.31,100.44
2026-01-08 05:00,-82.52,0.00,584.35,0.01,80.00,125.90,0.11,0.00,0.14,1157.09,0.00,0.00,0.00,0.00,31.20,0.00,35.88,0.00,3.84,4.22,0.01,0.00,757.29,100.44
2026-01-08 05:05,-102.59,0.00,643.28,0.01,80.00,121.21,0.11,0.00,0.12,1141.88,0.00,0.00,0.00,0.00,31.30,0.00,39.46,0.00,3.84,4.06,0.01,0.00,951.40,100.44
2026-01-08 05:10,-77.01,0.00,563.78,0.01,81.00,121.88,0.11,0.00,0.32,1172.60,0.00,0.00,0.00,0.00,31.40,0.00,34.23,0.00,3.89,4.08,0.01,0.00,688.87,97.31
2026-01-08 05:15,-67.63,0.00,632.62,0.01,80.00,90.34,0.11,0.00,0.17,1136.88,0.00,0.00,0.00,0.00,31.50,0.00,38.16,0.00,3.84,3.02,0.01,0.00,889.94,100.44
2026-01-08 05:20,-89.21,0.00,632.97,0.01,80.00,119.19,0.11,0.00,0.12,1131.35,0.00,0.00,0.00,0.00,31.60,0.00,37.95,0.00,3.84,3.99,0.01,0.00,902.88,100.44
2026-01-08 05:25,-81.27,0.00,653.79,0.01,80.00,109.13,0.11,0.00,0.17,1110.50,0.00,0.00,0.00,0.00,31.70,0.00,42.29,0.00,3.84,3.65,0.01,0.00,1057.82,106.75
2026-01-08 05:30,-101.41,0.00,670.91,0.01,80.00,150.06,0.11,0.00,0.45,1086.49,0.00,0.00,0.00,0.00,31.80,0.00,40.75,0.00,3.84,5.02,0.01,0.00,1092.95,117.16
2026-01-08 05:35,-70.79,0.00,697.80,0.01,80.00,148.72,0.11,0.00,1.53,1052.86,0.00,0.68,0.00,0.00,31.67,0.00,42.80,0.00,3.84,4.98,0.01,0.00,1202.13,240.35
2026-01-08 05:40,-65.80,0.00,614.87,0.01,80.00,197.71,0.11,0.00,18.55,1039.41,0.00,1.36,0.00,0.00,31.53,0.00,38.04,0.00,3.84,6.62,0.01,0.00,886.58,97.59
2026-01-08 05:45,-4.87,0.00,606.93,0.01,80.00,154.76,0.11,0.00,23.12,1024.62,0.01,2.05,0.00,0.00,31.40,0.00,37.90,0.00,3.84,5.18,0.01,0.00,836.99,117.16
2026-01-08 05:50,-34.41,0.00,672.17,0.01,80.00,148.72,0.11,0.00,0.02,1030.34,0.16,2.73,0.00,0.00,31.27,0.00,41.92,0.00,3.84,4.98,0.01,0.00,1096.12,79.05
2026-01-08 05:55,-44.26,0.00,654.08,-0.09,80.00,91.68,0.11,0.00,83.86,1050.90,0.48,3.41,0.00,0.00,31.13,0.00,40.46,0.00,3.84,3.07,0.01,0.00,929.00,100.44
2026-01-08 06:00,-6.88,0.00,677.74,-0.10,80.00,94.36,0.11,0.00,0.09,1067.93,2.82,4.09,0.00,0.00,31.00,0.00,41.51,0.00,3.84,3.16,0.01,0.00,1031.06,57.83
2026-01-08 06:05,-1.68,0.00,693.19,0.00,80.00,59.46,0.11,0.00,0.11,1098.88,4.79,12.65,0.00,0.00,30.87,0.00,42.57,0.00,3.84,1.99,0.01,0.00,1035.09,66.20
2026-01-08 06:10,-0.61,0.00,559.67,0.00,81.00,60.14,0.11,0.00,75.00,1127.80,8.22,21.21,0.00,0.00,30.73,0.00,35.02,0.00,3.89,2.01,0.01,0.00,603.96,66.35
2026-01-08 06:15,-1.34,0.00,544.38,0.00,83.00,60.14,0.11,0.00,78.87,1126.97,13.70,29.77,0.00,0.00,30.60,0.00,34.51,0.00,3.98,2.01,0.01,0.00,574.03,68.47
2026-01-08 06:20,-1.78,0.00,592.99,0.00,80.00,59.46,0.11,0.00,35.29,1127.37,21.87,38.33,0.00,0.00,30.47,0.00,37.78,0.00,3.84,1.99,0.01,0.00,681.80,66.43
2026-01-08 06:25,-2.36,0.00,579.68,0.01,81.00,59.46,0.11,0.00,0.13,1154.87,27.85,46.89,0.00,0.00,30.33,0.00,37.37,0.00,3.89,1.99,0.01,0.00,658.48,46.02
2026-01-08 06:30,-0.50,0.00,508.05,0.00,82.00,60.14,0.11,0.00,9.64,1189.42,37.68,55.45,0.00,0.00,30.20,0.00,33.19,0.00,3.93,2.01,0.01,0.00,507.28,71.01
2026-01-08 06:35,-1.27,0.00,452.49,0.00,80.00,59.46,0.11,0.00,1.04,1246.11,54.86,74.23,0.00,0.00,30.27,0.00,30.06,0.00,3.84,1.99,0.01,0.00,405.64,46.50
2026-01-08 06:40,-0.44,0.00,233.09,0.00,83.00,60.14,0.11,0.00,182.58,1283.28,64.27,93.02,0.00,0.00,30.33,0.00,15.77,0.00,3.98,2.01,0.01,0.00,170.42,39.81
2026-01-08 06:45,-3.54,0.00,184.38,0.00,80.00,60.14,0.11,0.00,274.44,1243.92,82.95,111.81,0.00,0.00,30.40,0.00,12.43,0.00,3.84,2.01,0.01,0.00,131.81,50.68
2026-01-08 06:50,-3.62,0.00,327.79,0.00,80.00,59.46,0.11,0.00,117.52,1250.03,92.54,130.59,0.00,0.00,30.47,0.00,22.13,0.00,3.84,1.99,0.01,0.00,239.89,36.23
2026-01-08 06:55,-1.69,0.00,256.73,0.00,80.00,60.14,0.11,0.00,149.70,1260.19,111.55,149.38,0.00,0.00,30.53,0.00,17.21,0.00,3.84,2.01,0.01,0.00,178.29,36.72
2026-01-08 07:00,-5.51,0.00,350.25,0.00,80.00,59.46,0.11,0.00,43.26,1267.76,127.49,168.16,0.00,0.00,30.60,0.00,23.05,0.00,3.84,1.99,0.01,0.00,249.32,4.11
2026-01-08 07:05,-2.50,0.00,194.37,0.00,80.00,59.46,0.11,0.00,199.03,1259.98,144.86,193.32,0.00,0.00,30.47,0.00,12.82,0.00,3.84,1.99,0.01,0.00,128.68,18.11
2026-01-08 07:10,-0.46,0.00,316.51,0.00,83.00,59.46,0.11,0.00,60.44,1223.89,162.71,218.47,0.00,0.00,30.33,0.00,20.43,0.00,3.98,1.99,0.01,0.00,212.57,25.31
2026-01-08 07:15,-23.15,0.00,305.30,0.00,82.00,59.46,0.11,0.00,49.84,1247.58,182.73,243.62,0.00,0.00,30.20,0.00,19.87,0.00,3.93,1.99,0.01,0.00,201.45,21.21
2026-01-08 07:20,-46.77,0.00,346.94,0.00,86.00,59.46,0.11,0.00,6.29,1249.80,205.14,268.78,0.00,0.00,30.07,0.00,23.06,0.00,4.13,1.99,0.01,0.00,236.37,41.05
2026-01-08 07:25,-0.86,0.00,273.71,0.00,81.00,59.46,0.11,0.00,0.32,1245.82,223.24,293.93,0.00,0.00,29.93,0.00,18.57,0.00,3.89,1.99,0.01,0.00,180.14,39.42
2026-01-08 07:30,-1.42,0.00,262.21,0.00,84.00,59.46,0.11,0.00,33.63,1196.55,237.56,319.08,0.00,0.00,29.80,0.00,18.18,0.00,4.03,1.99,0.01,0.00,174.28,40.94
2026-01-08 07:35,-3.06,0.00,266.11,0.00,80.00,59.46,0.11,0.00,0.36,1199.45,256.79,356.04,0.00,0.00,30.03,0.00,18.31,0.00,3.84,1.99,0.01,0.00,172.19,48.64
2026-01-08 07:40,-2.07,0.00,198.62,0.00,80.00,59.46,0.11,0.00,60.68,1191.12,276.09,392.99,0.00,0.00,30.27,0.00,13.68,0.00,3.84,1.99,0.01,0.00,125.95,60.12
2026-01-08 07:45,-37.49,0.00,241.13,0.00,80.00,59.46,0.11,0.00,1.33,1224.75,290.00,429.94,0.00,0.00,30.50,0.00,16.56,0.00,3.84,1.99,0.01,0.00,148.73,1.10
2026-01-08 07:50,-80.29,0.00,252.76,0.00,80.00,59.46,0.11,0.00,0.00,1246.14,313.62,466.89,0.00,0.00,30.73,0.00,16.34,0.00,3.84,1.99,0.01,0.00,145.18,19.76
2026-01-08 07:55,-144.30,0.00,303.98,0.00,80.00,60.14,0.11,0.00,0.00,1233.56,327.98,503.84,0.00,0.00,30.97,0.00,19.05,0.00,3.84,2.01,0.01,0.00,170.06,0.00
2026-01-08 08:00,-220.28,0.00,331.81,0.00,80.00,58.79,0.11,0.00,0.00,1262.16,349.08,540.79,0.00,0.00,31.20,0.00,20.67,0.00,3.84,1.97,0.01,0.00,182.77,0.00
2026-01-08 08:05,-299.97,0.00,362.54,0.00,83.00,60.14,0.11,0.00,2.77,1283.29,361.82,580.11,0.00,0.00,31.27,0.00,22.98,0.00,3.98,2.01,0.01,0.00,203.57,-6.00
2026-01-08 08:10,-295.15,0.00,321.44,0.00,87.00,60.14,0.11,0.00,3.17,1312.11,377.41,619.44,9.37,0.17,31.33,0.00,20.65,0.00,4.17,2.01,0.01,0.00,174.84,-6.00
2026-01-08 08:15,-249.60,0.00,308.31,0.05,80.00,60.14,0.11,0.00,0.10,1254.90,386.60,658.76,86.19,2.71,31.40,0.00,19.92,0.00,3.84,2.01,0.01,0.00,164.31,-7.00
2026-01-08 08:20,-280.12,0.00,390.69,0.05,85.00,59.46,0.11,0.00,2.81,1228.90,368.46,698.08,70.67,32.99,31.47,0.00,25.55,0.00,4.08,1.99,0.01,0.00,214.17,-7.00
2026-01-08 08:25,-251.72,0.00,293.74,0.00,81.00,59.46,0.11,0.00,0.02,1266.74,396.26,737.40,79.30,9.29,31.53,0.00,19.32,0.00,3.89,1.99,0.01,0.00,151.57,-7.00
2026-01-08 08:30,-298.20,0.00,359.44,0.00,81.00,59.46,0.11,0.00,0.00,1273.99,374.27,776.73,93.52,41.40,31.60,0.00,23.31,0.00,3.89,1.99,0.01,0.00,183.63,-7.25
2026-01-08 08:35,-212.74,0.00,364.13,0.00,80.00,59.46,0.11,0.00,0.00,1217.44,328.42,817.78,197.75,98.71,31.93,0.00,23.41,0.00,3.84,1.99,0.01,0.00,182.21,-7.00
2026-01-08 08:40,-391.35,0.00,472.86,0.00,80.00,59.46,0.11,0.00,0.00,1242.90,360.88,858.83,197.03,46.46,32.27,0.00,30.76,0.00,3.84,1.99,0.01,0.00,252.72,-7.25
2026-01-08 08:45,-380.26,0.00,464.71,0.00,80.00,59.46,0.11,0.00,0.00,1265.61,337.32,899.89,302.06,102.39,32.60,0.00,30.04,0.00,3.84,1.99,0.01,0.00,239.51,-7.00
2026-01-08 08:50,-444.06,0.00,487.19,0.00,80.00,59.46,0.11,0.00,0.00,1270.42,362.91,940.94,277.49,60.62,32.93,0.00,31.02,0.00,3.84,1.99,0.01,0.00,248.12,-7.00
2026-01-08 08:55,-411.18,0.00,390.42,0.00,85.00,60.14,0.11,0.00,0.00,1290.40,386.40,981.99,333.75,53.17,33.27,0.00,24.73,0.00,4.08,2.01,0.01,0.00,184.76,-7.98
2026-01-08 09:00,-425.10,0.00,467.75,0.00,79.00,43.36,0.11,0.00,0.00,1264.93,346.03,1023.04,408.84,107.81,33.60,0.00,29.53,0.00,3.79,1.45,0.01,0.00,223.96,-8.50
2026-01-08 09:05,-394.03,0.00,514.72,0.00,80.00,43.36,0.11,0.00,0.00,1211.31,339.26,1057.06,508.47,109.74,33.97,0.00,32.65,0.00,3.84,1.45,0.01,0.00,249.85,-8.00
2026-01-08 09:10,-437.03,0.00,478.71,0.00,80.00,43.36,0.11,0.00,0.00,1254.60,348.90,1091.08,454.40,111.22,34.33,0.00,30.57,0.00,3.84,1.45,0.01,0.00,226.24,-8.50
2026-01-08 09:15,-427.47,0.00,548.78,0.00,80.00,43.36,0.11,0.00,0.00,1190.04,332.19,1125.09,554.01,113.46,34.70,0.00,34.98,0.00,3.84,1.45,0.01,0.00,269.35,-19.88
2026-01-08 09:20,-484.43,0.00,657.29,0.00,85.00,43.36,0.11,0.00,0.00,1170.09,290.42,1159.11,569.88,163.46,35.07,0.00,43.04,0.00,4.08,1.45,0.01,0.00,362.88,-7.25
2026-01-08 09:25,-459.65,0.00,438.53,0.00,83.00,43.36,0.11,0.00,0.00,1318.14,351.63,1193.13,405.31,117.06,35.43,0.00,28.65,0.00,3.98,1.45,0.01,0.00,195.62,-8.50
2026-01-08 09:30,-490.83,0.00,557.29,0.00,83.00,43.36,0.11,0.00,0.00,1210.16,341.09,1227.14,557.89,118.16,35.80,0.00,36.64,0.00,3.98,1.45,0.01,0.00,271.98,-20.00
2026-01-08 09:35,-486.21,0.00,684.05,0.01,87.00,43.36,0.11,0.00,0.00,1133.18,301.42,1249.54,653.10,170.05,36.17,0.00,45.16,0.00,4.17,1.45,0.01,0.00,370.65,-9.50
2026-01-08 09:40,-435.34,0.00,563.44,0.01,87.00,43.36,0.11,0.00,0.00,1179.27,325.81,1271.94,632.56,136.28,36.53,0.00,36.96,0.00,4.17,1.45,0.01,0.00,267.78,-8.50
2026-01-08 09:45,-421.37,0.00,514.95,0.01,86.00,43.36,0.11,0.00,0.00,1188.41,352.96,1294.34,589.42,124.06,36.90,0.00,33.80,0.00,4.13,1.45,0.01,0.00,232.96,-8.50
2026-01-08 09:50,-412.94,0.00,432.98,0.01,85.00,43.36,0.11,0.00,0.00,1229.76,370.70,1316.73,571.41,125.07,37.27,0.00,28.35,0.00,4.08,1.45,0.01,0.00,184.88,-8.00
2026-01-08 09:55,-439.49,0.00,406.05,0.01,80.00,43.36,0.11,0.00,0.00,1274.12,375.51,1339.13,498.81,127.08,37.63,0.00,26.59,0.00,3.84,1.45,0.01,0.00,168.84,-8.50
2026-01-08 10:00,-445.04,0.00,491.60,0.01,78.00,43.36,0.11,0.00,0.00,1213.87,368.50,1361.53,600.47,128.17,38.00,0.00,32.36,0.00,3.74,1.45,0.01,0.00,211.75,-15.46
2026-01-08 10:05,-442.59,0.00,606.22,0.01,80.00,44.03,0.11,0.00,0.00,1153.51,330.46,1389.92,650.75,160.70,38.05,0.00,40.53,0.00,3.84,1.47,0.01,0.00,282.26,-12.50
2026-01-08 10:10,-366.57,0.00,569.18,0.00,89.00,43.36,0.11,0.00,0.00,1147.37,343.66,1418.31,641.62,146.52,38.10,0.00,38.36,0.00,4.27,1.45,0.01,0.00,251.19,-8.00
2026-01-08 10:15,-419.76,0.00,472.25,0.00,82.00,43.36,0.11,0.00,0.00,1238.38,382.71,1446.70,509.35,131.48,38.15,0.00,32.05,0.00,3.93,1.45,0.01,0.00,195.26,-7.98
2026-01-08 10:20,-405.13,0.00,428.86,0.00,81.00,43.36,0.11,0.00,0.00,1253.25,385.59,1475.08,478.96,132.46,38.20,0.00,29.24,0.00,3.89,1.45,0.01,0.00,172.59,-7.25
2026-01-08 10:25,-394.89,0.00,409.79,0.00,80.00,43.36,0.11,0.00,0.00,1256.88,386.91,1503.47,454.11,133.86,38.25,0.00,28.19,0.00,3.84,1.45,0.01,0.00,162.93,-7.01
2026-01-08 10:30,-413.96,0.00,361.34,0.00,80.00,44.03,0.11,0.00,0.00,1316.63,388.45,1531.86,395.55,134.34,38.30,0.00,24.86,0.00,3.84,1.47,0.01,0.00,140.07,-7.01
2026-01-08 10:35,-398.96,0.00,296.66,0.01,80.00,44.03,0.11,0.00,0.00,1347.47,389.84,1558.92,385.44,134.53,38.50,0.00,20.41,0.00,3.84,1.47,0.01,0.00,113.31,-7.01
2026-01-08 10:40,-377.69,0.00,304.61,0.00,80.00,43.36,0.11,0.00,0.00,1350.37,390.26,1585.97,397.68,135.21,38.70,0.00,21.06,0.00,3.84,1.45,0.01,0.00,114.28,-7.01
2026-01-08 10:45,-339.76,0.00,209.50,0.00,82.00,43.36,0.11,0.00,0.00,1385.74,392.97,1613.02,333.69,135.48,38.90,0.00,14.45,0.00,3.93,1.45,0.01,0.00,80.23,-7.00
2026-01-08 10:50,-358.08,0.00,95.22,0.00,79.00,43.36,0.11,0.00,0.00,1456.49,423.72,1640.07,275.55,101.15,39.10,0.00,6.67,0.00,3.79,1.45,0.01,0.00,44.83,-6.50
2026-01-08 10:55,-298.52,0.00,10.11,0.01,80.00,43.36,0.11,0.00,0.05,1418.64,476.39,1667.13,317.38,48.60,39.30,0.00,0.71,0.00,3.84,1.45,0.01,0.00,21.35,-7.00
2026-01-08 11:00,-225.05,0.00,26.71,0.01,80.00,44.03,0.11,0.00,0.00,1379.30,409.60,1694.18,347.49,126.18,39.50,0.00,1.87,0.00,3.84,1.47,0.01,0.00,25.70,-7.01
2026-01-08 11:05,-208.22,0.00,46.24,0.01,79.00,43.36,0.11,0.29,0.05,1364.04,396.74,1709.67,362.44,135.76,39.35,0.00,3.24,0.00,3.79,1.45,0.01,0.01,30.58,-7.01
2026-01-08 11:10,-188.05,0.00,41.45,0.00,80.00,43.36,0.11,0.32,0.00,1345.11,396.95,1725.17,421.08,135.77,39.20,0.00,2.92,0.00,3.84,1.45,0.01,0.02,29.38,-7.01
2026-01-08 11:15,-161.54,0.00,67.30,0.00,82.00,43.36,0.11,0.38,0.22,1290.21,399.42,1740.66,439.71,135.79,39.05,0.00,4.73,0.00,3.93,1.45,0.01,0.02,36.57,0.00
2026-01-08 11:20,-163.53,0.00,67.91,0.01,80.00,43.36,0.11,1.54,0.07,1291.29,400.00,1756.16,427.40,135.83,38.90,0.00,4.76,0.00,3.84,1.45,0.01,0.08,36.40,-7.01
2026-01-08 11:25,-162.81,0.00,52.96,0.01,80.00,43.36,0.11,2.11,0.36,1300.60,399.64,1771.65,403.98,135.83,38.75,0.00,3.66,0.00,3.84,1.45,0.01,0.10,32.14,-7.01
2026-01-08 11:30,-160.81,0.00,64.78,0.00,80.00,43.36,0.11,2.09,1.38,1306.01,376.34,1787.14,372.88,135.83,38.60,0.00,4.49,0.00,3.84,1.45,0.01,0.10,35.22,-7.01
2026-01-08 11:35,-156.86,-2.28,0.00,0.01,84.00,43.36,0.11,5.17,2.74,1314.21,401.19,1800.44,375.90,135.83,38.62,0.01,0.00,0.00,4.03,1.45,0.01,0.25,19.72,-7.01
2026-01-08 11:40,-150.40,0.00,54.45,0.01,89.00,43.36,0.11,5.30,7.33,1295.54,363.96,1813.73,352.38,135.83,38.63,0.00,3.74,0.00,4.27,1.45,0.01,0.26,34.19,-7.00
2026-01-08 11:45,-170.86,0.00,46.45,0.01,80.00,43.36,0.11,4.72,0.00,1296.10,411.84,1827.03,323.06,80.63,38.65,0.00,3.15,0.00,3.84,1.45,0.01,0.23,30.23,-7.00
2026-01-08 11:50,-184.47,0.00,103.98,0.01,80.00,43.36,0.11,4.81,0.00,1230.12,418.06,1840.33,325.97,117.93,38.67,0.00,7.03,0.00,3.84,1.45,0.01,0.24,45.32,-7.00
2026-01-08 11:55,-194.97,0.00,112.67,0.00,80.00,43.36,0.11,4.79,0.00,1185.40,452.05,1853.62,324.40,81.28,38.68,0.00,7.60,0.00,3.84,1.45,0.01,0.24,47.60,-7.00
2026-01-08 12:00,-188.82,0.00,107.83,0.01,80.00,43.36,0.11,4.73,0.00,1199.00,443.99,1866.91,312.62,94.11,38.70,0.00,7.29,0.00,3.84,1.45,0.01,0.23,46.06,-7.00
2026-01-08 12:05,-163.17,0.00,75.80,0.00,83.00,43.36,0.11,7.13,4.73,1187.66,453.14,1872.33,326.61,83.10,38.87,0.00,5.15,0.00,3.98,1.45,0.01,0.35,38.48,-6.50
2026-01-08 12:10,-178.41,0.00,51.43,0.00,80.00,43.36,0.11,7.48,0.05,1196.51,484.07,1877.74,303.29,48.88,39.03,0.00,3.55,0.00,3.84,1.45,0.01,0.37,31.97,-7.00
2026-01-08 12:15,-140.25,0.00,81.89,0.01,83.00,43.36,0.11,7.95,3.58,1181.78,432.63,1883.16,299.72,60.42,39.20,0.00,5.54,0.00,3.98,1.45,0.01,0.39,39.99,-6.00
2026-01-08 12:20,-131.63,0.00,8.19,0.00,80.00,43.36,0.11,7.61,0.08,1247.80,414.70,1888.57,253.99,48.88,39.37,0.00,0.56,0.00,3.84,1.45,0.01,0.37,21.11,-7.00
2026-01-08 12:25,-11.99,-3.15,0.00,0.00,81.00,43.36,0.11,7.98,0.36,1157.20,413.00,1893.98,291.82,80.23,39.53,0.01,0.00,0.00,3.89,1.45,0.01,0.39,19.19,-6.50
2026-01-08 12:30,-124.79,0.00,7.14,0.00,80.00,43.36,0.11,7.25,0.03,1162.92,492.99,1899.40,250.16,48.88,39.70,0.00,0.49,0.00,3.84,1.45,0.01,0.36,20.75,-7.01
2026-01-08 12:35,-32.01,0.00,24.44,0.00,87.00,43.36,0.11,7.60,3.82,1132.02,425.02,1905.51,306.12,135.83,39.72,0.00,1.70,0.00,4.17,1.45,0.01,0.37,26.07,-6.50
2026-01-08 12:40,-103.27,0.00,50.33,0.00,84.00,43.36,0.11,7.34,5.06,1124.23,499.76,1911.62,289.14,48.88,39.73,0.00,3.49,0.00,4.03,1.45,0.01,0.36,31.82,-6.50
2026-01-08 12:45,-106.95,0.00,64.60,0.00,87.00,43.36,0.11,7.52,3.63,1113.06,503.44,1917.73,308.84,48.88,39.75,0.00,4.42,0.00,4.17,1.45,0.01,0.37,35.71,-6.00
2026-01-08 12:50,-119.38,0.00,63.30,0.00,79.00,43.36,0.11,7.97,0.05,1128.38,510.67,1923.84,222.10,48.88,39.77,0.00,4.29,0.00,3.79,1.45,0.01,0.39,33.96,-6.50
2026-01-08 12:55,-14.07,0.00,26.97,0.00,81.00,42.69,0.11,8.84,0.35,1064.96,514.57,1929.95,316.56,48.88,39.78,0.00,1.81,0.00,3.89,1.43,0.01,0.43,25.22,-6.00
2026-01-08 13:00,-16.78,-22.20,0.00,0.00,85.00,43.36,0.11,9.23,3.87,1097.95,517.40,1936.06,289.29,48.88,39.80,0.08,0.00,0.00,4.08,1.45,0.01,0.45,19.43,-6.00
2026-01-08 13:05,-13.00,0.00,14.19,0.00,87.00,43.36,0.11,8.64,4.26,1069.02,518.54,1917.52,288.83,48.88,39.93,0.00,0.97,0.00,4.17,1.45,0.01,0.42,23.29,-2.10
2026-01-08 13:10,-83.34,-42.42,0.00,0.00,87.00,43.36,0.11,8.56,16.16,1143.05,536.74,1898.98,147.56,29.36,40.07,0.14,0.00,0.00,4.17,1.45,0.01,0.42,19.67,-6.00
2026-01-08 13:15,-30.16,0.00,25.50,0.00,80.00,43.36,0.11,8.13,0.03,1073.77,516.98,1880.44,214.60,51.00,40.20,0.00,1.72,0.00,3.84,1.45,0.01,0.40,25.10,-6.00
2026-01-08 13:20,-10.22,0.00,52.95,0.00,84.00,43.36,0.11,6.64,10.59,1038.94,522.54,1861.90,231.38,48.88,40.33,0.00,3.73,0.00,4.03,1.45,0.01,0.33,32.67,-6.00
2026-01-08 13:25,-27.66,0.00,72.79,0.00,81.00,43.36,0.11,0.00,8.67,1040.34,525.83,1843.35,173.33,48.88,40.47,0.00,5.00,0.00,3.89,1.45,0.01,0.00,36.05,-6.00
2026-01-08 13:30,-39.25,0.00,129.44,0.00,80.00,43.36,0.11,0.00,0.08,1019.24,526.51,1824.81,175.35,48.88,40.60,0.00,8.77,0.00,3.84,1.45,0.01,0.00,50.77,-2.10
2026-01-08 13:35,-72.01,0.00,193.45,0.00,80.00,43.36,0.11,0.00,0.19,953.93,535.39,1822.99,125.58,32.71,40.72,0.00,13.16,0.00,3.84,1.45,0.01,0.00,69.87,-6.00
2026-01-08 13:40,-19.23,0.00,169.91,0.00,80.00,58.12,0.11,0.00,0.09,935.93,533.31,1821.16,200.39,51.00,40.83,0.00,11.48,0.00,3.84,1.95,0.01,0.00,63.99,-2.10
2026-01-08 13:45,-39.73,0.00,166.73,0.00,80.00,59.46,0.11,0.32,0.17,951.01,530.40,1819.34,133.91,46.30,40.95,0.00,11.28,0.00,3.84,1.99,0.01,0.02,63.55,1.10
2026-01-08 13:50,-5.06,0.00,192.92,0.00,81.00,59.46,0.11,1.56,1.00,893.21,535.77,1817.51,67.73,3.21,41.07,0.00,13.36,0.00,3.89,1.99,0.01,0.08,72.65,299.44
2026-01-08 13:55,-2.00,0.00,137.55,0.00,115.00,70.87,0.11,2.40,37.81,850.38,539.54,1815.69,84.38,0.00,41.18,0.00,9.40,0.00,5.52,2.37,0.01,0.12,63.48,299.44
2026-01-08 14:00,-0.96,0.00,46.35,0.00,157.00,89.66,0.11,3.56,45.61,882.43,536.22,1813.86,57.94,0.00,41.30,0.00,3.15,0.00,7.53,3.00,0.01,0.17,47.79,138.04
2026-01-08 14:05,-0.91,0.00,188.71,0.00,186.00,60.14,0.11,4.58,153.21,783.04,435.51,1797.98,63.84,0.00,41.28,0.00,12.24,0.00,8.92,2.01,0.01,0.23,86.93,305.00
2026-01-08 14:10,-0.93,0.00,208.65,0.00,220.00,109.80,18.57,5.68,172.82,634.70,428.66,1782.09,196.33,0.00,41.27,0.00,13.44,0.00,10.56,3.68,1.14,0.28,110.38,138.04
2026-01-08 14:15,-13.90,0.00,211.14,0.00,196.00,110.47,33.24,6.41,106.15,696.25,487.91,1766.20,59.03,0.00,41.25,0.00,13.74,0.00,9.40,3.70,2.02,0.32,110.22,170.44
2026-01-08 14:20,-2.74,0.00,146.16,0.00,210.00,122.55,78.86,6.99,1.00,736.85,523.95,1750.32,47.45,0.00,41.23,0.00,9.46,0.00,10.08,4.10,4.80,0.34,105.25,170.44
2026-01-08 14:25,-4.56,0.00,268.30,0.00,209.00,116.51,76.40,8.38,0.42,730.00,440.91,1734.43,52.21,0.00,41.22,0.00,17.28,0.00,10.03,3.90,4.65,0.41,142.99,170.44
2026-01-08 14:30,-1.02,0.00,268.79,0.00,217.00,154.76,77.44,10.32,38.24,688.31,435.84,1718.54,45.19,0.00,41.20,0.00,16.92,0.00,10.41,5.18,4.71,0.51,147.44,270.00
2026-01-08 14:35,-1.74,0.00,310.10,0.00,217.00,202.41,99.80,11.14,10.98,666.09,434.09,1680.92,27.31,0.00,41.45,0.00,19.11,0.00,10.41,6.78,6.08,0.55,171.11,299.44
2026-01-08 14:40,-1.03,0.00,120.53,0.00,255.00,214.49,168.94,12.33,75.58,681.28,439.77,1643.30,30.12,0.00,41.70,0.00,7.40,0.00,12.24,7.18,10.30,0.61,134.34,305.00
2026-01-08 14:45,-0.94,-4.90,0.00,0.00,301.00,227.24,172.13,0.70,173.76,663.05,439.60,1605.68,51.56,0.00,41.95,0.08,0.00,0.00,14.44,7.61,10.49,0.03,109.00,370.00
2026-01-08 14:50,-9.58,0.00,31.67,0.00,252.00,223.21,166.68,12.48,149.44,674.46,517.70,1568.06,48.78,0.00,42.20,0.00,1.97,0.00,12.09,7.47,10.16,0.61,110.04,370.00
2026-01-08 14:55,-2.45,0.00,189.69,0.00,215.00,226.57,194.88,12.47,95.15,653.16,493.23,1530.43,42.91,0.00,42.45,0.00,11.76,0.00,10.32,7.59,11.89,0.61,156.70,370.00
2026-01-08 15:00,-1.12,0.00,247.57,0.00,196.00,221.87,197.24,13.21,148.31,595.78,469.02,1492.81,43.76,0.00,42.70,0.00,15.10,0.00,9.40,7.43,12.03,0.65,173.52,980.89
2026-01-08 15:05,-10.45,0.00,193.63,0.00,186.00,232.61,195.10,12.94,216.44,637.47,465.24,1484.67,40.03,0.00,42.58,0.00,11.88,0.00,8.92,7.79,11.90,0.64,152.96,980.89
2026-01-08 15:10,-8.52,0.00,126.66,0.00,219.00,176.24,195.07,12.39,220.42,678.97,448.99,1476.53,37.17,0.00,42.47,0.00,7.76,0.00,10.51,5.90,11.90,0.61,133.69,270.00
2026-01-08 15:15,-0.19,0.00,343.90,0.00,267.00,237.31,177.02,13.05,35.53,654.11,436.87,1468.38,29.53,0.00,42.35,0.00,21.17,0.00,12.81,7.95,10.78,0.64,217.35,360.55
2026-01-08 15:20,-3.16,0.00,204.81,0.00,295.00,278.24,233.62,12.60,56.69,674.53,421.31,1460.24,23.61,0.00,42.23,0.00,12.62,0.00,14.16,9.32,14.25,0.62,189.68,964.24
2026-01-08 15:25,-19.06,0.00,172.78,0.00,285.00,275.56,245.01,12.28,38.47,606.89,505.90,1452.10,30.61,0.00,42.12,0.00,10.80,0.00,13.68,9.23,14.95,0.60,183.01,286.89
2026-01-08 15:30,-14.84,0.00,263.46,0.00,281.00,273.55,235.20,12.18,0.42,629.00,494.33,1443.96,30.86,0.00,42.00,0.00,16.02,0.00,13.48,9.16,14.34,0.60,208.08,330.00
2026-01-08 15:35,-96.16,0.00,244.61,0.00,283.00,315.16,261.45,12.50,0.07,635.96,504.84,1421.15,38.19,0.00,41.97,0.00,14.86,0.00,13.58,10.55,15.94,0.61,215.50,270.00
2026-01-08 15:40,-75.18,0.00,319.24,0.00,259.00,361.46,182.38,14.56,18.78,637.23,481.38,1398.34,37.36,0.00,41.93,0.00,19.27,0.00,12.43,12.10,11.11,0.72,225.61,270.00
2026-01-08 15:45,-81.72,0.00,343.26,0.00,218.00,364.82,183.69,83.80,13.85,673.60,456.96,1375.53,32.02,0.00,41.90,0.00,20.55,0.00,10.46,12.22,11.19,4.12,238.49,299.44
2026-01-08 15:50,-89.82,0.00,298.03,0.01,191.00,391.66,220.81,84.50,12.79,712.34,474.33,1352.72,37.71,0.00,41.87,0.00,18.27,0.00,9.16,13.11,13.46,4.15,228.68,270.00
2026-01-08 15:55,-6.99,0.00,440.43,0.01,196.00,365.49,168.51,85.12,29.84,672.31,406.31,1329.91,24.02,0.00,41.83,0.00,26.73,0.00,9.40,12.24,10.25,4.18,268.61,299.44
2026-01-08 16:00,-6.90,0.00,393.52,0.01,189.00,407.10,218.92,71.53,19.36,644.05,419.62,1307.10,22.01,0.00,41.80,0.00,23.83,0.00,9.07,13.63,13.35,3.52,264.48,299.44
2026-01-08 16:05,-11.61,0.00,446.35,0.01,187.00,454.07,221.04,72.13,16.72,622.23,391.76,1288.71,13.97,0.00,41.90,0.00,26.86,0.00,8.97,15.20,13.48,3.54,292.13,980.89
2026-01-08 16:10,-4.03,0.00,307.88,0.01,176.00,471.04,235.25,70.92,60.17,638.40,401.60,1270.32,12.80,0.00,42.00,0.00,18.26,0.00,8.45,15.79,14.35,3.49,240.39,360.55
2026-01-08 16:15,-9.21,0.00,452.83,0.01,176.00,475.19,238.09,69.69,23.42,631.35,374.63,1251.92,5.83,0.00,42.10,0.00,26.15,0.00,8.45,15.93,14.53,3.42,295.76,898.66
2026-01-08 16:20,-0.71,0.00,332.12,0.01,185.00,478.90,238.52,70.31,78.09,632.55,348.28,1233.53,0.00,0.00,42.20,0.00,19.19,0.00,8.88,16.05,14.55,3.46,254.26,980.89
2026-01-08 16:25,-0.15,0.00,308.55,0.01,191.00,481.46,240.41,72.69,106.98,607.31,337.92,1215.14,0.00,0.00,42.30,0.00,17.71,0.00,9.16,16.14,14.67,3.57,249.64,980.89
2026-01-08 16:30,-0.26,0.00,269.30,0.01,187.00,481.41,241.41,74.22,134.03,621.32,338.99,1196.75,0.00,0.00,42.40,0.00,15.41,0.00,8.97,16.14,14.73,3.65,235.15,965.64
2026-01-08 16:35,-0.30,0.00,382.57,0.01,186.00,475.66,290.26,72.56,59.46,598.68,330.01,1178.58,0.00,0.00,42.50,0.00,22.01,0.00,8.93,15.94,17.71,3.57,291.22,299.44
2026-01-08 16:40,-46.90,0.00,412.54,0.01,225.00,440.71,280.66,172.78,31.65,602.71,324.34,1160.41,0.00,0.00,42.60,0.00,24.09,0.00,10.80,14.77,17.12,8.49,325.04,311.24
2026-01-08 16:45,-101.75,0.00,300.12,0.05,265.00,484.79,276.60,176.38,60.02,650.79,319.88,1142.24,0.00,0.00,42.70,0.00,17.20,0.01,12.72,16.26,16.87,8.67,289.38,270.00
2026-01-08 16:50,-138.60,0.00,452.06,0.01,308.00,447.55,256.44,177.55,33.00,667.08,316.35,1124.07,0.00,0.00,42.80,0.00,25.96,0.00,14.78,15.03,15.63,8.73,351.01,270.00
2026-01-08 16:55,-141.86,0.00,588.73,0.05,344.00,412.81,235.19,175.91,12.42,629.28,311.40,1105.90,0.00,0.00,42.90,0.00,32.41,0.01,16.51,13.88,14.33,8.64,412.32,227.32
2026-01-08 17:00,-111.21,0.00,464.48,0.05,379.00,433.48,224.10,177.16,21.13,667.07,331.41,1087.72,0.00,0.00,43.00,0.00,25.97,0.01,18.19,14.59,13.65,8.71,354.51,270.00
2026-01-08 17:05,-79.50,0.00,428.95,0.05,380.00,447.13,237.17,175.39,2.94,679.45,377.95,1055.39,0.00,0.00,42.93,0.00,24.06,0.01,18.23,15.07,14.45,8.62,339.03,270.00
2026-01-08 17:10,-66.15,0.00,447.05,0.05,382.00,476.05,207.12,176.06,3.47,688.12,368.22,1023.06,0.00,0.00,42.87,0.00,25.20,0.01,18.33,16.06,12.60,8.65,345.16,175.99
2026-01-08 17:15,-39.37,0.00,426.00,0.05,385.00,494.92,189.28,179.74,5.47,685.80,389.71,990.73,0.00,0.00,42.80,0.00,23.79,0.01,18.47,16.71,11.51,8.83,333.36,270.00
2026-01-08 17:20,-67.33,0.00,413.01,0.05,384.00,512.66,237.94,179.87,48.58,668.63,326.70,958.39,0.00,0.00,42.73,0.00,22.95,0.01,18.43,17.32,14.50,8.84,347.05,270.00
2026-01-08 17:25,-27.80,0.00,480.78,0.05,379.00,503.74,211.06,175.52,0.99,621.41,386.93,926.06,0.00,0.00,42.67,0.00,26.20,0.01,18.19,17.02,12.84,8.63,368.91,270.00
2026-01-08 17:30,-19.00,0.00,411.76,0.05,383.00,504.21,217.46,179.17,6.07,652.11,393.49,893.73,0.00,0.00,42.60,0.00,22.49,0.01,18.38,17.03,13.24,8.80,342.79,170.44
2026-01-08 17:35,-33.05,0.00,579.76,0.05,383.00,496.77,195.20,177.28,14.04,677.80,323.99,860.13,0.00,0.00,42.08,0.00,31.21,0.01,18.38,16.78,11.87,8.71,414.82,270.00
2026-01-08 17:40,-20.33,0.00,596.68,0.05,385.00,501.23,207.17,177.31,6.00,663.94,306.59,826.53,0.00,0.00,41.57,0.00,32.90,0.01,18.47,16.93,12.60,8.71,437.76,270.00
2026-01-08 17:45,-35.83,0.00,549.55,0.05,381.00,492.48,238.51,174.23,0.26,695.86,354.53,792.93,0.00,0.00,41.05,0.00,29.89,0.01,18.28,16.64,14.53,8.56,414.60,270.00
2026-01-08 17:50,-26.27,0.00,616.70,0.05,381.00,493.51,212.48,175.33,0.13,691.17,322.65,759.33,0.00,0.00,40.53,0.00,33.45,0.01,18.28,16.67,12.93,8.62,451.13,270.00
2026-01-08 17:55,-15.42,0.00,645.95,0.05,384.00,501.69,219.53,177.29,2.92,694.27,287.12,725.73,0.00,0.00,40.02,0.00,35.21,0.01,18.43,16.95,13.36,8.71,476.94,300.75
2026-01-08 18:00,-70.81,0.00,596.35,8.45,377.00,540.88,261.79,172.95,22.60,690.48,287.36,692.13,0.00,0.00,39.50,0.00,31.63,1.05,18.09,18.25,15.95,8.50,469.95,270.00
2026-01-08 18:05,-22.53,0.00,597.86,0.05,384.00,535.61,259.13,176.64,21.73,697.70,270.59,651.24,0.00,0.00,38.72,0.00,32.01,0.01,18.43,18.07,15.79,8.68,469.52,300.75
2026-01-08 18:10,-0.73,0.00,589.09,7.25,382.00,581.56,265.75,175.17,23.82,691.60,255.86,610.34,0.00,0.00,37.93,0.00,32.16,0.90,18.33,19.61,16.19,8.61,478.31,300.75
2026-01-08 18:15,-3.32,0.00,545.39,9.35,378.00,579.74,265.40,174.20,63.20,703.78,279.32,569.44,0.00,0.00,37.15,0.00,29.84,1.16,18.14,19.55,16.17,8.56,453.19,302.06
2026-01-08 18:20,-0.23,0.00,581.09,11.65,384.00,590.86,272.59,176.15,73.50,686.46,233.66,528.54,0.00,0.00,36.37,0.00,32.22,1.45,18.43,19.93,16.51,8.66,490.81,330.00
2026-01-08 18:25,-0.82,0.00,568.16,13.55,380.00,581.89,291.41,156.08,118.09,695.65,248.17,487.65,0.00,0.00,35.58,0.00,30.46,1.68,18.23,19.63,17.67,7.67,476.01,299.44
2026-01-08 18:30,-1.56,0.00,575.03,0.05,379.00,554.77,278.32,155.28,230.43,697.61,212.71,446.75,0.00,0.00,34.80,0.00,31.17,0.01,18.19,18.72,16.87,7.63,467.12,299.44
2026-01-08 18:35,-0.36,0.00,548.97,0.08,382.00,554.56,277.28,156.73,281.99,687.40,204.51,411.35,0.00,0.00,34.62,0.00,28.86,0.01,18.33,18.71,16.81,7.70,450.86,300.75
2026-01-08 18:40,-0.25,0.00,473.91,9.75,383.00,593.26,279.32,162.02,353.95,675.55,170.11,375.95,0.00,0.00,34.43,0.00,25.76,1.21,18.38,20.00,16.92,7.96,428.22,330.00
2026-01-08 18:45,-0.32,0.00,460.96,10.45,379.00,582.55,292.89,156.45,388.99,670.81,152.66,340.56,0.00,0.00,34.25,0.00,24.42,1.30,18.19,19.65,17.76,7.69,424.99,302.06
2026-01-08 18:50,-0.24,0.00,444.36,12.65,385.00,590.23,290.21,160.28,451.57,655.12,124.54,305.16,0.00,0.00,34.07,0.00,23.49,1.57,18.47,19.90,17.60,7.88,421.68,360.55
2026-01-08 18:55,-0.51,0.00,376.52,13.55,379.00,582.55,321.79,171.76,441.04,682.65,110.68,269.76,0.00,0.00,33.88,0.00,19.90,1.68,18.19,19.65,19.54,8.44,403.99,370.00
2026-01-08 19:00,-0.03,0.00,402.52,15.58,383.00,588.42,327.54,174.01,405.25,694.72,100.49,234.37,0.00,0.00,33.70,0.00,21.03,1.94,18.38,19.84,19.88,8.55,426.63,370.00
2026-01-08 19:05,-0.04,0.00,430.15,16.65,379.00,583.00,327.75,175.30,416.03,683.79,93.31,211.67,0.00,0.00,33.75,0.00,22.28,2.07,18.19,19.66,19.90,8.61,443.16,370.00
2026-01-08 19:10,-0.04,0.00,465.94,22.88,379.00,584.59,331.16,174.81,391.47,684.03,72.45,188.98,0.00,0.00,33.80,0.00,25.02,2.84,18.19,19.71,20.11,8.59,479.66,353.82
2026-01-08 19:15,-0.04,0.00,414.67,23.05,384.00,589.60,329.96,174.98,453.16,683.92,65.15,166.28,0.00,0.00,33.85,0.00,22.34,2.86,18.43,19.88,20.04,8.60,450.36,305.00
2026-01-08 19:20,-0.18,0.00,516.08,23.75,377.00,581.63,287.42,174.30,434.97,701.93,52.34,143.59,0.00,0.00,33.90,0.00,26.18,2.95,18.09,19.62,17.43,8.57,492.75,300.75
2026-01-08 19:25,-1.57,0.00,517.66,24.75,378.00,604.28,329.10,172.58,374.49,693.95,38.50,120.90,0.00,0.00,33.95,0.00,26.77,3.08,18.14,20.40,19.71,8.48,522.62,275.98
2026-01-08 19:30,-0.03,0.00,477.07,0.05,381.00,571.95,349.92,190.54,446.98,677.36,27.14,98.20,0.00,0.00,34.00,0.00,25.06,0.01,18.28,19.32,20.65,9.36,490.83,275.98
2026-01-08 19:35,-0.54,0.00,526.37,0.05,380.00,566.79,369.76,191.03,435.07,642.49,21.97,84.57,0.00,0.00,34.00,0.00,26.93,0.01,18.23,19.15,21.95,9.39,530.25,299.98
2026-01-08 19:40,-0.05,0.00,379.50,4.15,382.00,621.70,370.92,190.04,473.89,644.83,15.55,70.94,0.00,0.00,34.00,0.00,20.07,0.51,18.33,20.99,22.01,9.34,457.35,299.44
2026-01-08 19:45,-0.66,0.00,428.82,0.05,383.00,592.85,373.70,188.17,457.12,651.46,5.39,57.31,0.00,0.00,34.00,0.00,23.19,0.01,18.38,20.03,22.20,9.25,489.85,299.44
2026-01-08 19:50,-0.91,0.00,471.85,0.05,379.00,597.50,390.71,190.75,398.98,663.85,2.66,43.68,0.00,0.00,34.00,0.00,24.33,0.01,18.19,20.18,23.32,9.37,521.66,299.98
2026-01-08 19:55,-0.60,0.00,406.56,1.75,381.00,623.64,390.09,190.55,402.25,670.27,0.97,30.04,0.00,0.00,34.00,0.00,21.38,0.22,18.28,21.06,23.28,9.36,491.83,300.75
2026-01-08 20:00,-0.91,0.00,452.68,25.15,381.00,619.25,399.29,190.26,330.54,669.21,0.41,16.41,0.00,0.00,34.00,0.00,24.04,3.13,18.28,20.91,23.89,9.35,548.79,299.98
2026-01-08 20:05,-0.10,0.00,437.76,1.35,381.00,621.30,389.90,190.17,347.26,677.13,0.02,13.68,0.00,0.00,33.63,0.00,23.23,0.17,18.28,20.98,23.27,9.35,523.45,275.98
2026-01-08 20:10,-3.36,0.00,437.05,0.05,377.00,570.13,389.34,187.29,362.02,705.60,0.01,10.94,0.00,0.00,33.27,0.00,23.05,0.01,18.09,19.27,23.24,9.20,515.40,270.00
2026-01-08 20:15,-1.09,0.00,422.58,0.05,378.00,578.81,354.73,190.28,312.23,765.71,0.01,8.21,0.00,0.00,32.90,0.00,22.86,0.01,18.14,19.56,21.11,9.35,504.71,262.00
2026-01-08 20:20,0.00,0.00,396.27,0.05,384.00,585.06,359.51,191.94,278.44,805.65,0.01,5.47,0.00,0.00,32.53,0.00,22.02,0.01,18.43,19.77,20.72,9.43,489.84,229.00
2026-01-08 20:25,0.00,0.00,372.98,0.05,383.00,580.91,331.23,191.45,277.19,848.62,0.01,2.74,0.00,0.00,32.17,0.00,20.35,0.01,18.38,19.63,18.80,9.41,463.31,138.04
2026-01-08 20:30,0.00,0.00,378.29,0.05,361.00,527.47,325.95,191.20,293.66,891.11,0.01,0.00,0.00,0.00,31.80,0.00,21.05,0.01,17.32,17.84,18.45,9.40,455.99,198.00
2026-01-08 20:35,0.00,0.00,347.74,0.05,387.00,577.18,318.96,190.75,203.44,925.79,0.01,0.00,0.00,0.00,31.57,0.00,19.47,0.01,18.57,19.50,17.98,9.37,451.74,170.44
2026-01-08 20:40,-3.19,0.00,419.86,0.05,382.00,529.46,285.57,190.58,214.50,928.27,0.01,0.00,0.00,0.00,31.33,0.00,22.85,0.01,18.33,17.91,15.93,9.37,480.53,170.44
2026-01-08 20:45,-197.83,0.00,420.91,0.05,382.00,573.29,284.27,191.45,317.70,977.12,0.01,0.00,4.92,0.00,31.10,0.00,23.59,0.01,18.33,19.38,15.85,9.41,492.93,230.00
2026-01-08 20:50,-200.07,0.00,430.60,0.05,381.00,576.84,239.85,188.43,321.23,997.95,0.01,0.00,10.60,0.00,30.87,0.00,24.22,0.01,18.28,19.49,13.14,9.26,488.19,138.00
2026-01-08 20:55,-0.39,0.00,393.39,0.05,348.00,533.76,239.23,170.60,222.62,1011.87,0.00,0.00,0.00,0.00,30.63,0.00,21.76,0.01,16.70,18.05,13.10,8.38,438.99,138.04
2026-01-08 21:00,-0.54,0.00,416.25,0.01,316.00,528.40,240.13,190.97,159.01,1044.66,0.00,0.00,4.92,0.00,30.40,0.00,22.91,0.00,15.16,17.87,13.15,9.38,456.68,138.00
2026-01-08 21:05,-0.10,0.00,446.47,0.01,279.00,529.32,229.29,190.48,147.86,1064.30,0.00,0.00,7.97,0.00,30.17,0.00,24.80,0.00,13.39,17.90,12.49,9.36,469.15,138.04
2026-01-08 21:10,-0.09,0.00,424.05,0.01,295.00,508.12,199.45,191.03,161.25,1084.05,0.00,0.00,2.49,0.00,29.93,0.00,23.75,0.00,14.16,17.17,10.68,9.39,447.55,138.04
2026-01-08 21:15,-0.17,0.00,426.20,0.01,268.00,497.43,197.84,190.29,143.30,1120.95,0.00,0.00,6.14,0.00,29.70,0.00,24.15,0.00,12.86,16.80,10.58,9.35,444.31,138.00
2026-01-08 21:20,-0.23,0.00,394.16,0.01,232.00,497.70,198.32,171.48,170.62,1146.14,0.00,0.00,10.07,0.00,29.47,0.00,22.50,0.00,11.13,16.81,10.61,8.43,412.31,138.00
2026-01-08 21:25,-0.18,0.00,358.92,0.01,200.00,502.32,200.62,153.58,206.53,1176.23,0.00,0.00,9.65,0.00,29.23,0.00,20.59,0.00,9.60,16.96,10.75,7.55,377.52,138.00
2026-01-08 21:30,-0.16,0.00,419.08,0.01,158.00,452.91,197.33,165.91,185.32,1190.46,0.00,0.00,3.30,0.00,29.00,0.00,23.94,0.00,7.58,15.26,10.54,8.15,407.00,138.00
2026-01-08 21:35,-0.18,0.00,501.10,0.01,136.00,383.68,199.90,149.87,169.38,1215.98,0.00,0.00,2.49,0.00,28.83,0.00,29.08,0.00,6.53,12.86,10.70,7.36,455.35,123.45
2026-01-08 21:40,-0.11,0.00,461.35,0.01,168.00,366.83,166.83,192.40,122.57,1243.20,0.00,0.00,7.97,0.00,28.67,0.00,26.93,0.00,8.06,12.28,8.69,9.45,436.54,108.11
2026-01-08 21:45,-1.03,0.00,458.61,0.01,193.00,358.11,156.75,189.03,80.02,1256.73,0.00,0.00,10.86,0.00,28.50,0.00,26.79,0.00,9.26,11.99,8.08,9.29,442.43,166.67
2026-01-08 21:50,-0.37,0.00,482.65,0.01,195.00,360.12,156.84,190.31,12.69,1259.10,0.00,0.00,12.21,0.00,28.33,0.00,28.50,0.00,9.36,12.06,8.08,9.35,477.95,103.98
2026-01-08 21:55,-0.05,0.00,411.00,0.01,201.00,366.83,158.96,191.94,43.23,1264.54,0.00,0.00,11.54,0.00,28.17,0.00,24.69,0.00,9.64,12.28,8.21,9.43,424.79,103.92
2026-01-08 22:00,-11.37,0.00,424.57,0.01,190.00,354.75,155.56,187.53,0.31,1315.45,0.00,0.00,11.98,0.00,28.00,0.00,25.43,0.00,9.12,11.88,8.00,9.22,432.06,96.27
2026-01-08 22:05,-0.77,0.00,484.29,0.01,196.00,303.08,108.20,190.89,2.15,1303.84,0.00,0.00,8.81,0.00,27.97,0.00,30.04,0.00,9.40,10.15,5.12,9.38,475.05,100.44
2026-01-08 22:10,-0.08,0.00,484.27,0.01,202.00,278.92,47.57,192.17,46.26,1284.99,0.00,0.00,11.84,0.00,27.93,0.00,30.28,0.00,9.69,9.34,2.02,9.44,465.21,100.44
2026-01-08 22:15,-2.50,0.00,491.46,0.01,194.00,284.96,39.57,190.94,35.24,1296.08,0.00,0.00,12.28,0.00,27.90,0.00,29.79,0.00,9.31,9.54,1.68,9.38,463.16,100.44
2026-01-08 22:20,-0.02,0.00,450.96,0.01,201.00,282.27,39.49,191.84,38.43,1306.50,0.00,0.00,12.50,0.00,27.87,0.00,27.33,0.00,9.64,9.45,1.67,9.43,429.15,90.44
2026-01-08 22:25,-0.02,0.00,443.73,0.01,200.00,252.07,39.64,191.88,34.86,1333.94,0.00,0.00,12.62,0.00,27.83,0.00,26.91,0.00,9.60,8.44,1.68,9.43,418.17,100.44
2026-01-08 22:30,-87.52,0.00,465.30,0.01,204.00,287.64,39.64,191.65,70.88,1288.24,0.00,0.00,12.28,0.00,27.80,0.00,29.25,0.00,9.79,9.63,1.68,9.42,468.98,92.09
2026-01-08 22:35,-1.31,0.00,407.82,0.01,194.00,264.82,39.72,189.81,25.59,1299.37,0.00,0.00,11.39,0.00,27.90,0.00,25.79,0.00,9.31,8.87,1.68,9.33,411.29,90.44
2026-01-08 22:40,-36.85,0.00,495.00,0.01,153.00,262.81,39.76,190.65,11.55,1290.25,0.00,0.00,12.35,0.00,28.00,0.00,31.09,0.00,7.34,8.80,1.68,9.37,493.87,90.44
2026-01-08 22:45,-0.18,0.00,506.04,0.01,127.00,228.58,39.73,194.00,36.03,1250.29,0.00,0.00,11.39,0.00,28.10,0.00,31.45,0.00,6.09,7.65,1.68,9.53,494.41,91.93
2026-01-08 22:50,-0.54,0.00,474.14,0.01,119.00,263.48,39.57,192.93,26.70,1236.48,0.00,0.00,12.35,0.00,28.20,0.00,30.48,0.00,5.71,8.82,1.68,9.48,480.30,90.44
2026-01-08 22:55,-4.24,0.00,476.30,0.01,116.00,240.66,39.56,190.72,17.59,1239.42,0.00,0.00,11.84,0.00,28.30,0.00,30.72,0.00,5.57,8.06,1.68,9.37,487.58,90.44
2026-01-08 23:00,-2.20,0.00,449.92,0.01,121.00,260.12,39.61,191.79,9.05,1237.61,0.00,0.00,12.21,0.00,28.40,0.00,28.66,0.00,5.81,8.71,1.68,9.42,462.96,90.44
2026-01-08 23:05,-99.53,0.00,551.43,0.01,116.00,237.98,39.63,189.91,3.06,1250.13,0.00,0.00,10.60,0.00,28.35,0.00,34.75,0.00,5.57,7.97,1.68,9.33,600.12,90.44
2026-01-08 23:10,-1.20,0.00,442.53,0.01,117.00,237.31,39.56,44.62,119.00,1257.83,0.00,0.00,12.50,0.00,28.30,0.00,27.49,0.00,5.61,7.95,1.68,2.19,392.99,103.57
2026-01-08 23:15,-0.26,0.00,494.31,0.01,116.00,294.35,39.66,18.92,16.29,1271.73,0.00,0.00,11.13,0.00,28.25,0.00,30.39,0.00,5.57,9.86,1.68,0.93,460.32,100.44
2026-01-08 23:20,-0.02,0.00,523.54,0.01,118.00,278.24,39.69,9.81,3.17,1262.69,0.00,0.00,12.28,0.00,28.20,0.00,31.99,0.00,5.66,9.32,1.68,0.48,496.23,90.44
2026-01-08 23:25,-5.41,0.00,535.00,0.01,115.00,247.37,39.73,9.55,0.01,1275.31,0.00,0.00,12.28,0.00,28.15,0.00,32.37,0.00,5.52,8.28,1.68,0.47,505.80,90.44
2026-01-08 23:30,-2.73,0.00,576.85,0.01,117.00,227.24,39.65,0.00,0.34,1240.10,0.00,0.00,12.62,0.00,28.10,0.00,34.34,0.00,5.61,7.61,1.68,0.00,565.66,90.44
2026-01-08 23:35,-4.16,0.00,554.47,0.01,115.00,250.73,39.67,0.00,0.07,1248.13,0.00,0.00,12.69,0.00,27.78,0.00,32.81,0.00,5.52,8.40,1.68,0.00,530.46,262.00
2026-01-08 23:40,-0.11,0.00,541.37,0.01,116.00,201.74,39.63,0.00,58.42,1249.14,0.00,0.00,12.13,0.00,27.47,0.00,32.17,0.00,5.57,6.75,1.68,0.00,493.16,148.00
2026-01-08 23:45,-7.01,0.00,573.40,0.01,112.00,138.65,39.63,0.00,105.56,1240.96,0.00,0.00,12.56,0.00,27.15,0.00,33.46,0.00,5.37,4.64,1.68,0.00,512.96,262.00
2026-01-08 23:50,-0.38,0.00,545.12,0.01,118.00,184.96,39.65,0.00,59.76,1252.69,0.00,0.00,12.69,0.00,26.83,0.00,31.78,0.00,5.66,6.19,1.68,0.00,490.05,170.44
2026-01-08 23:55,-1.07,0.00,518.98,0.01,117.00,138.65,39.64,0.02,124.31,1249.09,0.00,0.00,12.68,0.00,26.52,0.00,30.31,0.00,5.61,4.64,1.68,0.00,441.38,262.00
2026-01-09 00:00,-0.24,0.00,547.15,0.00,120.00,180.93,39.64,0.00,56.20,1227.46,0.00,0.00,12.35,0.00,26.20,0.00,32.50,0.00,5.76,6.06,1.68,0.00,512.60,170.44
2026-01-09 00:05,-0.21,0.00,528.80,0.00,117.00,188.99,39.81,0.00,27.24,1243.46,0.00,0.00,12.21,0.00,26.08,0.00,31.65,0.00,5.61,6.33,1.69,0.00,499.67,120.14
2026-01-09 00:10,-21.81,0.00,541.42,0.00,94.00,144.02,39.71,0.00,130.89,1206.50,0.00,0.00,12.65,0.00,25.97,0.00,32.57,0.00,4.51,4.82,1.68,0.00,497.18,178.02
2026-01-09 00:15,-14.31,0.00,482.66,0.01,59.00,179.59,39.83,0.00,84.97,1301.10,0.00,0.00,12.69,0.00,25.85,0.00,29.10,0.00,2.83,6.01,1.69,0.00,407.31,124.00
2026-01-09 00:20,-18.94,0.00,543.86,0.00,56.00,137.31,39.40,0.00,18.95,1373.45,0.00,0.00,12.70,0.00,25.73,0.00,31.74,0.00,2.69,4.60,1.67,0.00,459.72,53.26
2026-01-09 00:25,-3.19,0.00,576.46,0.00,58.00,76.24,39.53,0.00,2.04,1398.26,0.00,0.00,12.70,0.00,25.62,0.00,33.62,0.00,2.78,2.55,1.68,0.00,490.29,64.05
2026-01-09 00:30,-1.60,0.00,635.14,0.00,60.00,60.14,39.41,0.00,8.05,1346.44,0.00,0.00,12.62,0.00,25.50,0.00,36.68,0.00,2.88,2.01,1.67,0.00,591.44,100.44
2026-01-09 00:35,-1.02,0.00,688.77,0.00,59.00,69.53,39.51,0.00,6.15,1274.88,0.00,0.00,12.59,0.00,25.37,0.00,39.24,0.00,2.83,2.33,1.67,0.00,728.13,262.00
2026-01-09 00:40,-0.19,0.00,634.36,0.00,60.00,121.21,39.59,0.00,54.38,1199.34,0.00,0.00,12.53,0.00,25.23,0.00,36.01,0.00,2.88,4.06,1.68,0.00,637.50,262.00
2026-01-09 00:45,-0.21,0.00,581.54,0.00,62.00,171.54,14.05,0.00,83.56,1191.60,0.00,0.00,12.62,0.00,25.10,0.00,33.28,0.00,2.98,5.74,0.60,0.00,543.23,170.44
2026-01-09 00:50,-1.01,0.00,532.84,0.00,57.00,177.58,0.11,0.00,78.05,1224.40,0.00,0.00,12.69,0.00,24.97,0.00,30.44,0.00,2.74,5.95,0.01,0.00,467.99,170.44
2026-01-09 00:55,-0.20,0.00,623.29,0.00,62.00,172.88,0.11,0.00,28.01,1209.17,0.00,0.00,12.70,0.00,24.83,0.00,35.78,0.00,2.98,5.79,0.01,0.00,629.92,123.45
2026-01-09 01:00,-2.23,0.00,564.89,0.00,62.00,115.84,0.11,0.00,132.27,1187.96,0.00,0.00,12.71,0.00,24.70,0.00,32.91,0.00,2.98,3.88,0.01,0.00,512.57,279.73
2026-01-09 01:05,-86.08,0.00,618.01,0.00,60.00,164.83,0.11,0.00,123.90,1176.23,0.00,0.00,12.71,0.00,24.57,0.00,36.05,0.00,2.88,5.52,0.01,0.00,649.80,170.44
2026-01-09 01:10,-0.10,0.00,550.73,0.00,60.00,186.30,0.11,0.00,27.55,1207.51,0.00,0.00,12.68,0.00,24.43,0.00,32.37,0.00,2.88,6.24,0.01,0.00,535.02,170.44
2026-01-09 01:15,-0.38,0.00,580.78,0.00,61.00,134.63,0.11,0.00,24.42,1211.16,0.00,0.00,12.71,0.00,24.30,0.00,34.46,0.00,2.93,4.51,0.01,0.00,591.50,49.02
2026-01-09 01:20,-20.78,0.00,569.90,0.00,60.00,84.97,0.11,100.39,12.63,1203.31,0.00,0.00,12.53,0.00,24.17,0.00,33.75,0.00,2.88,2.85,0.01,4.93,612.09,100.44
2026-01-09 01:25,-80.34,0.00,576.26,0.00,64.00,94.36,0.11,101.01,8.38,1232.28,0.00,0.00,12.72,0.00,24.03,0.00,34.57,0.00,3.07,3.16,0.01,4.96,651.15,59.97
2026-01-09 01:30,-10.60,0.00,520.36,0.00,61.00,58.79,0.11,99.05,0.12,1262.81,0.00,0.00,12.71,0.00,23.90,0.00,31.26,0.00,2.93,1.97,0.01,4.87,517.72,59.04
2026-01-09 01:35,-37.02,0.00,571.12,0.00,59.00,60.14,0.11,99.47,0.14,1235.80,0.00,0.00,12.73,0.00,23.93,0.00,34.12,0.00,2.83,2.01,0.01,4.89,621.81,60.42
2026-01-09 01:40,-8.29,0.00,547.33,0.00,40.00,60.14,0.11,97.90,0.00,1249.33,0.00,0.00,12.73,0.00,23.97,0.00,32.83,0.00,1.92,2.01,0.01,4.81,559.48,59.44
2026-01-09 01:45,-8.29,0.00,485.67,0.00,40.00,60.14,0.11,99.23,0.01,1284.91,0.00,0.00,12.73,0.00,24.00,0.00,29.10,0.00,1.92,2.01,0.01,4.88,459.38,55.92
2026-01-09 01:50,-2.78,0.00,413.36,0.00,40.00,60.14,0.11,99.43,0.10,1350.39,0.00,0.00,12.73,0.00,24.03,0.00,24.62,0.00,1.92,2.01,0.01,4.89,353.89,58.58
2026-01-09 01:55,-98.09,0.00,493.28,0.00,40.00,60.81,0.11,99.99,0.81,1369.21,0.00,0.00,12.72,0.00,24.07,0.00,29.68,0.00,1.92,2.04,0.01,4.91,472.33,40.37
2026-01-09 02:00,-31.14,0.00,373.24,0.00,40.00,60.14,0.11,97.40,1.51,1404.04,0.00,0.00,12.73,0.00,24.10,0.00,22.20,0.00,1.92,2.01,0.01,4.79,309.61,44.16
2026-01-09 02:05,-30.27,0.00,420.21,0.00,41.00,60.14,0.11,100.10,7.43,1344.74,0.00,0.00,12.73,0.00,24.10,0.00,25.05,0.00,1.97,2.01,0.01,4.92,369.42,51.47
2026-01-09 02:10,-2.03,0.00,368.62,0.00,42.00,60.14,0.11,101.35,8.25,1338.39,0.00,0.00,12.73,0.00,24.10,0.00,21.98,0.00,2.02,2.01,0.01,4.98,315.35,50.38
2026-01-09 02:15,-3.81,0.00,363.91,0.00,43.00,60.14,0.11,100.72,14.58,1321.38,0.00,0.00,12.73,0.00,24.10,0.00,22.05,0.00,2.06,2.01,0.01,4.95,318.20,59.80
2026-01-09 02:20,-4.74,0.00,368.29,0.00,41.00,60.14,0.11,98.44,5.75,1313.61,0.00,0.00,10.67,0.00,24.10,0.00,22.15,0.00,1.97,2.01,0.01,4.84,324.39,55.90
2026-01-09 02:25,-33.20,0.00,380.98,0.00,41.00,60.14,0.11,100.25,14.04,1323.71,0.00,0.00,10.67,0.00,24.10,0.00,23.28,0.00,1.97,2.01,0.01,4.93,343.42,59.26
2026-01-09 02:30,-27.96,0.00,362.10,0.00,40.00,59.46,0.11,99.96,0.10,1351.40,0.00,0.00,10.67,0.00,24.10,0.00,22.40,0.00,1.92,1.99,0.01,4.91,322.83,53.33
2026-01-09 02:35,-25.81,0.00,328.73,0.00,41.00,60.14,0.11,99.12,1.42,1370.35,0.00,0.00,10.67,0.00,24.07,0.00,20.16,0.00,1.97,2.01,0.01,4.87,286.00,59.48
2026-01-09 02:40,-11.07,0.00,367.06,0.00,40.00,60.81,0.11,10.13,0.78,1407.05,0.00,0.00,10.67,0.00,24.03,0.00,22.57,0.00,1.92,2.04,0.01,0.50,284.29,55.65
2026-01-09 02:45,-0.28,0.00,367.04,0.00,42.00,60.14,0.11,0.00,4.03,1403.02,0.00,0.00,10.63,0.00,24.00,0.00,22.68,0.00,2.02,2.01,0.01,0.00,280.69,56.52
2026-01-09 02:50,-0.31,0.00,380.69,0.00,42.00,59.46,0.11,0.00,1.10,1386.81,0.00,0.00,10.67,0.00,23.97,0.00,23.84,0.00,2.02,1.99,0.01,0.00,301.58,59.21
2026-01-09 02:55,-1.29,0.00,365.16,0.00,43.00,59.46,0.11,0.00,16.52,1381.69,0.00,0.00,10.67,0.00,23.93,0.00,23.47,0.00,2.06,1.99,0.01,0.00,291.25,73.79
2026-01-09 03:00,-1.83,0.00,336.71,0.00,39.00,60.14,0.11,0.00,0.41,1417.60,0.00,0.00,10.67,0.00,23.90,0.00,21.54,0.00,1.87,2.01,0.01,0.00,258.86,67.15
2026-01-09 03:05,-10.69,0.00,331.33,0.00,40.00,60.14,0.11,0.00,0.00,1443.82,0.00,0.00,10.60,0.00,23.77,0.00,20.97,0.00,1.92,2.01,0.01,0.00,248.67,58.46
2026-01-09 03:10,-5.83,0.00,284.46,0.00,43.00,60.14,0.11,0.00,10.90,1461.64,0.00,0.00,10.67,0.00,23.63,0.00,18.41,0.00,2.06,2.01,0.01,0.00,210.03,66.67
2026-01-09 03:15,-0.24,0.00,265.12,0.00,43.00,60.14,0.11,0.00,3.57,1473.36,0.00,0.00,10.48,0.00,23.50,0.00,17.61,0.00,2.06,2.01,0.01,0.00,198.03,68.88
2026-01-09 03:20,-0.58,0.00,277.43,0.00,42.00,60.14,0.11,0.00,1.47,1457.05,0.00,0.00,10.67,0.00,23.37,0.00,18.77,0.00,2.02,2.01,0.01,0.00,213.30,99.05
2026-01-09 03:25,-5.60,0.00,236.71,0.00,40.00,59.46,0.11,0.00,0.51,1492.29,0.00,0.00,10.67,0.00,23.23,0.00,14.66,0.00,1.92,1.99,0.01,0.00,165.11,73.30
2026-01-09 03:30,-1.55,0.00,189.39,0.00,42.00,60.14,0.11,0.00,5.80,1517.81,0.00,0.00,10.57,0.00,23.10,0.00,12.90,0.00,2.02,2.01,0.01,0.00,141.66,88.48
2026-01-09 03:35,-1.41,0.00,192.46,0.00,40.00,59.46,0.11,0.00,0.35,1524.45,0.00,0.00,10.66,0.00,23.15,0.00,13.22,0.00,1.92,1.99,0.01,0.00,143.78,93.65
2026-01-09 03:40,-5.93,0.00,179.21,0.00,40.00,60.14,0.11,0.00,2.30,1548.89,0.00,0.00,10.67,0.00,23.20,0.00,12.33,0.00,1.92,2.01,0.01,0.00,133.18,93.64
2026-01-09 03:45,-2.89,0.00,161.77,0.00,40.00,59.46,0.11,0.00,1.80,1542.50,0.00,0.00,10.67,0.00,23.25,0.00,11.38,0.00,1.92,1.99,0.01,0.00,124.11,91.74
2026-01-09 03:50,-0.82,0.00,150.10,0.00,42.00,60.14,0.11,0.00,2.42,1547.92,0.00,0.00,10.67,0.00,23.30,0.00,10.94,0.00,2.02,2.01,0.01,0.00,119.66,100.44
2026-01-09 03:55,-0.43,0.00,177.97,0.00,42.00,78.93,0.11,0.00,0.80,1511.59,0.00,0.00,10.67,0.00,23.35,0.00,12.92,0.00,2.02,2.64,0.01,0.00,145.03,100.44
2026-01-09 04:00,-0.90,0.00,133.70,0.00,41.00,108.45,0.11,0.00,0.78,1508.47,0.00,0.00,10.67,0.00,23.40,0.00,9.80,0.00,1.97,3.63,0.01,0.00,121.25,104.66
2026-01-09 04:05,-2.28,0.00,139.24,0.00,40.00,108.45,0.11,0.00,1.24,1491.63,0.00,0.00,10.67,0.00,23.27,0.00,9.90,0.00,1.92,3.63,0.01,0.00,123.69,100.44
2026-01-09 04:10,-0.17,0.00,118.69,0.00,41.00,140.00,0.11,0.00,3.37,1488.41,0.00,0.00,10.67,0.00,23.13,0.00,8.48,0.00,1.97,4.69,0.01,0.00,116.91,132.63
2026-01-09 04:15,-0.13,0.00,74.62,0.00,42.00,148.72,0.10,0.00,7.30,1503.35,0.00,0.00,10.67,0.00,23.00,0.00,5.41,0.00,2.02,4.98,0.01,0.00,91.57,143.62
2026-01-09 04:20,-1.35,0.00,118.02,0.00,40.00,148.05,0.11,0.00,0.16,1462.01,0.00,0.00,10.67,0.00,22.87,0.00,8.87,0.00,1.92,4.96,0.01,0.00,123.46,144.75
2026-01-09 04:25,-7.25,0.00,125.71,0.00,40.00,148.72,0.11,0.00,0.00,1457.16,0.00,0.00,10.67,0.00,22.73,0.00,9.43,0.00,1.92,4.98,0.01,0.00,129.57,161.14
2026-01-09 04:30,-4.26,0.00,111.77,0.00,40.00,148.05,0.11,0.00,0.09,1457.26,0.00,0.00,8.62,0.00,22.60,0.00,8.38,0.00,1.92,4.96,0.01,0.00,119.75,129.33
2026-01-09 04:35,-0.18,0.00,101.36,0.00,41.00,148.72,0.11,0.00,6.43,1456.94,0.00,0.00,8.62,0.00,22.73,0.00,7.59,0.00,1.97,4.98,0.01,0.00,112.48,124.13
2026-01-09 04:40,-0.38,0.00,122.56,0.00,42.00,148.72,0.11,0.00,2.94,1448.47,0.00,0.00,8.62,0.00,22.87,0.00,9.15,0.00,2.02,4.98,0.01,0.00,127.57,129.68
2026-01-09 04:45,-11.00,0.00,136.69,0.00,40.00,148.05,0.11,0.00,0.00,1459.88,0.00,0.00,8.62,0.00,23.00,0.00,10.29,0.00,1.92,4.96,0.01,0.00,137.33,100.44
2026-01-09 04:50,-2.40,0.00,90.71,0.00,40.00,145.37,0.11,0.00,7.92,1498.91,0.00,0.00,8.62,0.00,23.13,0.00,6.74,0.00,1.92,4.87,0.01,0.00,101.58,119.49
2026-01-09 04:55,-9.03,0.00,104.15,0.00,40.00,148.72,0.11,0.00,0.00,1491.21,0.00,0.00,8.62,0.00,23.27,0.00,7.80,0.00,1.92,4.98,0.01,0.00,112.64,114.06
2026-01-09 05:00,-8.50,0.00,105.41,0.00,41.00,148.05,0.11,0.00,11.03,1480.97,0.00,0.00,8.62,0.00,23.40,0.00,8.07,0.00,1.97,4.96,0.01,0.00,114.86,115.27
2026-01-09 05:05,-1.13,0.00,105.74,0.00,41.00,148.72,0.11,0.00,2.99,1468.35,0.00,0.00,8.62,0.00,23.23,0.00,8.26,0.00,1.97,4.98,0.01,0.00,117.46,126.16
2026-01-09 05:10,-0.19,0.00,82.77,0.00,58.00,148.72,0.11,0.00,28.44,1463.10,0.00,0.00,8.62,0.00,23.07,0.00,6.37,0.00,2.78,4.98,0.01,0.00,105.04,114.59
2026-01-09 05:15,-0.86,0.00,90.67,0.00,58.00,148.72,0.11,0.00,18.66,1461.66,0.00,0.00,8.62,0.00,22.90,0.00,6.87,0.00,2.78,4.98,0.01,0.00,110.11,116.77
2026-01-09 05:20,-12.26,0.00,119.17,0.00,55.00,147.38,0.11,0.00,0.00,1473.49,0.00,0.00,8.62,0.00,22.73,0.00,8.92,0.00,2.64,4.93,0.01,0.00,128.16,92.91
2026-01-09 05:25,-7.32,0.00,92.20,0.00,57.00,97.72,0.11,0.00,44.27,1520.31,0.00,0.00,8.61,0.00,22.57,0.00,6.82,0.00,2.74,3.27,0.01,0.00,95.09,100.44
2026-01-09 05:30,-10.00,0.00,74.47,0.00,56.00,99.73,0.11,0.00,0.00,1576.87,0.00,0.00,6.57,0.00,22.40,0.00,5.48,0.00,2.69,3.34,0.01,0.00,83.86,90.44
2026-01-09 05:35,-13.98,0.00,169.23,0.00,56.00,72.89,0.11,0.00,0.00,1523.95,0.00,0.36,17.40,0.00,22.50,0.00,12.29,0.00,2.69,2.44,0.01,0.00,142.26,75.60
2026-01-09 05:40,-16.29,0.00,199.50,0.00,56.00,60.81,0.11,0.00,0.00,1502.13,0.00,0.72,10.66,0.00,22.60,0.00,14.24,0.00,2.69,2.04,0.01,0.00,162.17,77.23
2026-01-09 05:45,-15.07,0.00,185.88,0.00,57.00,60.81,0.11,0.00,0.00,1530.77,0.00,1.08,10.66,0.00,22.70,0.00,13.01,0.00,2.74,2.04,0.01,0.00,147.36,67.60
2026-01-09 05:50,-11.60,0.00,209.69,0.00,57.00,60.81,0.11,0.00,0.04,1504.19,0.02,1.45,10.62,0.00,22.80,0.00,14.45,0.00,2.74,2.04,0.01,0.00,164.50,58.84
2026-01-09 05:55,-12.56,0.00,255.38,0.00,57.00,60.81,0.11,0.00,0.34,1474.43,0.87,1.81,10.67,0.00,22.90,0.00,17.21,0.00,2.74,2.04,0.01,0.00,198.80,58.84
2026-01-09 06:00,-12.20,0.00,221.72,0.00,57.00,60.81,0.11,0.00,0.00,1498.21,1.07,2.17,10.48,0.00,23.00,0.00,14.73,0.00,2.74,2.04,0.01,0.00,169.00,56.47
2026-01-09 06:05,-6.53,0.00,269.14,0.00,56.00,60.81,0.11,0.00,0.00,1456.90,2.67,8.97,10.66,0.00,23.09,0.00,17.70,0.00,2.69,2.04,0.01,0.00,205.50,42.36
2026-01-09 06:10,-0.21,0.00,226.03,0.00,59.00,60.81,0.11,0.00,1.42,1493.29,5.46,15.78,10.45,0.00,23.18,0.00,14.56,0.00,2.83,2.04,0.01,0.00,165.44,42.18
2026-01-09 06:15,-13.17,0.00,240.55,0.00,56.00,60.81,0.11,0.00,0.00,1485.48,9.06,22.58,10.09,0.00,23.28,0.00,14.92,0.00,2.69,2.04,0.01,0.00,170.83,40.14
2026-01-09 06:20,-13.42,0.00,203.40,0.00,56.00,60.81,0.11,0.00,0.01,1515.79,12.06,29.38,10.45,0.00,23.37,0.00,12.25,0.00,2.69,2.04,0.01,0.00,139.81,29.72
2026-01-09 06:25,-22.26,0.00,240.92,0.00,55.00,60.14,0.11,0.00,0.01,1486.11,19.63,36.18,10.67,0.00,23.46,0.00,14.18,0.00,2.64,2.01,0.01,0.00,162.14,13.34
2026-01-09 06:30,-33.18,0.00,242.36,0.00,56.00,60.81,0.11,0.00,0.02,1485.37,23.97,42.99,10.65,0.00,23.55,0.00,13.97,0.00,2.69,2.04,0.01,0.00,160.99,15.95
2026-01-09 06:35,-0.84,0.00,193.97,0.00,58.00,61.48,0.11,0.00,0.21,1490.02,33.41,61.15,10.66,0.00,23.74,0.00,11.19,0.00,2.78,2.06,0.01,0.00,127.49,24.61
2026-01-09 06:40,-0.18,0.00,138.63,0.00,60.00,60.81,0.11,0.00,4.96,1533.43,47.42,79.31,12.50,0.00,23.93,0.00,7.97,0.00,2.88,2.04,0.01,0.00,93.88,24.39
2026-01-09 06:45,-5.58,0.00,162.39,0.00,58.00,60.14,0.11,0.00,0.03,1518.67,55.59,97.47,11.98,0.00,24.13,0.00,9.31,0.00,2.78,2.01,0.01,0.00,104.41,13.03
2026-01-09 06:50,-1.33,0.00,142.15,0.00,59.00,60.14,0.11,0.00,0.81,1536.66,66.07,115.63,12.43,0.00,24.32,0.00,7.89,0.00,2.83,2.01,0.01,0.00,90.21,4.98
2026-01-09 06:55,-6.56,0.00,84.99,0.00,56.00,60.81,0.11,0.00,0.00,1569.41,79.26,133.79,1.69,0.00,24.51,0.00,4.57,0.00,2.69,2.04,0.01,0.00,61.71,2.54
2026-01-09 07:00,-0.07,0.00,33.67,0.00,62.00,60.81,0.11,0.00,10.27,1564.74,92.05,151.96,11.84,0.00,24.70,0.00,1.82,0.00,2.98,2.04,0.01,0.00,43.02,-12.50
2026-01-09 07:05,-50.13,0.00,430.39,0.00,57.00,60.81,0.11,0.00,0.53,1260.12,100.68,178.96,319.29,15.30,24.90,0.00,22.77,0.00,2.74,2.04,0.01,0.00,280.68,-7.01
2026-01-09 07:10,-34.40,0.00,186.76,0.00,62.00,43.36,0.11,0.00,11.94,1449.96,112.16,205.96,80.47,7.06,25.10,0.00,9.88,0.00,2.98,1.45,0.01,0.00,103.18,-7.01
2026-01-09 07:15,-127.30,0.00,254.58,0.00,62.00,42.69,0.11,0.00,8.56,1469.16,131.34,232.96,139.49,4.66,25.30,0.00,13.53,0.00,2.98,1.43,0.01,0.00,137.57,-11.66
2026-01-09 07:20,-19.07,0.00,397.58,0.00,56.00,42.69,0.11,0.00,0.00,1234.68,139.67,259.96,359.99,11.54,25.50,0.00,21.18,0.00,2.69,1.43,0.01,0.00,230.69,-11.66
2026-01-09 07:25,-17.07,0.00,385.96,0.00,58.00,42.69,0.11,0.00,0.01,1209.35,148.61,286.96,387.45,16.48,25.70,0.00,20.39,0.00,2.78,1.43,0.01,0.00,219.91,-11.66
2026-01-09 07:30,-9.77,0.00,336.80,0.00,60.00,42.69,0.11,0.00,5.17,1221.77,163.43,313.96,355.27,16.54,25.90,0.00,17.44,0.00,2.88,1.43,0.01,0.00,178.73,-11.66
2026-01-09 07:35,-38.28,0.00,318.63,0.00,61.00,42.02,0.11,0.00,1.82,1245.33,176.27,349.10,342.29,15.18,25.97,0.00,16.45,0.00,2.93,1.41,0.01,0.00,164.30,-25.30
2026-01-09 07:40,-129.27,0.00,501.07,0.00,57.00,42.02,0.11,0.00,0.05,1187.12,165.25,384.23,407.11,38.37,26.03,0.00,24.96,0.00,2.74,1.41,0.01,0.00,289.74,-12.50
2026-01-09 07:45,-100.95,0.00,433.56,0.00,59.00,42.02,0.11,0.00,1.56,1180.90,193.69,419.37,397.12,38.93,26.10,0.00,21.17,0.00,2.83,1.41,0.01,0.00,223.87,-85.12
2026-01-09 07:50,-91.12,0.00,466.48,0.00,62.00,42.69,0.11,0.00,6.62,1153.71,190.22,454.50,414.70,111.53,26.17,0.00,22.29,0.00,2.98,1.43,0.01,0.00,236.97,-41.97
2026-01-09 07:55,-128.79,0.00,484.89,0.00,59.00,41.34,0.11,0.00,1.14,1151.68,204.45,489.64,397.70,124.40,26.23,0.00,22.71,0.00,2.83,1.38,0.01,0.00,242.33,-15.08
2026-01-09 08:00,-154.17,0.00,436.62,0.00,58.00,42.02,0.11,0.00,1.69,1179.51,229.51,524.77,388.95,119.84,26.30,0.00,20.48,0.00,2.78,1.41,0.01,0.00,204.96,-59.00
2026-01-09 08:05,-204.17,0.00,489.26,0.00,62.00,42.69,0.11,0.00,2.54,1184.75,225.12,562.30,387.65,142.83,26.55,0.00,22.88,0.00,2.98,1.43,0.01,0.00,236.26,-41.97
2026-01-09 08:10,-178.83,0.00,480.32,0.00,61.00,42.69,0.11,0.00,0.70,1155.16,226.34,599.83,381.74,146.58,26.80,0.00,22.42,0.00,2.93,1.43,0.01,0.00,225.31,-15.46
2026-01-09 08:15,-178.83,0.00,419.41,0.00,56.00,42.69,0.11,0.00,0.00,1176.84,244.02,637.36,354.79,130.55,27.05,0.00,19.51,0.00,2.69,1.43,0.01,0.00,181.91,-11.66
2026-01-09 08:20,-145.66,0.00,442.28,0.00,62.00,42.02,0.11,0.00,5.51,1171.95,253.71,674.89,349.70,224.45,27.30,0.00,21.07,0.00,2.98,1.41,0.01,0.00,188.33,-7.25
2026-01-09 08:25,-234.69,0.00,345.76,0.00,61.00,42.02,0.11,0.00,1.66,1296.82,202.33,712.42,146.57,195.19,27.55,0.00,16.70,0.00,2.93,1.41,0.01,0.00,145.44,-8.50
2026-01-09 08:30,-249.42,0.00,400.70,0.00,59.00,42.02,0.11,0.00,0.18,1226.78,211.31,749.95,237.56,189.25,27.80,0.00,19.63,0.00,2.83,1.41,0.01,0.00,174.79,-11.66
2026-01-09 08:35,-210.73,0.00,378.11,0.00,63.00,42.02,0.11,0.00,2.92,1207.35,194.63,790.92,267.14,214.07,28.00,0.00,18.88,0.00,3.02,1.41,0.01,0.00,163.45,-8.50
2026-01-09 08:40,-113.88,0.00,421.23,0.00,40.00,42.02,0.11,0.00,0.00,1066.39,211.97,831.89,420.74,190.13,28.20,0.00,20.66,0.00,1.92,1.41,0.01,0.00,173.75,-70.05
2026-01-09 08:45,-199.07,0.00,704.55,0.00,40.00,42.69,0.11,0.00,0.00,921.59,150.35,872.86,614.26,265.35,28.40,0.00,35.86,0.00,1.92,1.43,0.01,0.00,418.68,-41.97
2026-01-09 08:50,-171.12,0.00,657.54,0.00,42.00,42.02,0.11,0.00,3.28,906.00,154.54,913.83,616.58,262.64,28.60,0.00,32.99,0.00,2.02,1.41,0.01,0.00,354.44,-19.88
2026-01-09 08:55,-204.25,0.00,677.40,0.00,40.00,42.69,0.11,0.00,0.06,916.10,150.33,954.80,644.40,267.63,28.80,0.00,33.02,0.00,1.92,1.43,0.01,0.00,357.06,-12.50
2026-01-09 09:00,-229.00,0.00,683.44,0.00,43.00,42.69,0.11,0.00,3.08,914.70,174.94,995.77,657.96,244.98,29.00,0.00,33.07,0.00,2.06,1.43,0.01,0.00,347.78,-12.50
2026-01-09 09:05,-221.51,0.00,688.00,0.00,42.00,42.69,0.11,0.00,1.73,919.00,177.48,1026.28,652.43,262.81,29.13,0.00,32.85,0.00,2.02,1.43,0.01,0.00,335.14,-19.88
2026-01-09 09:10,-255.54,0.00,730.92,0.00,40.00,42.69,0.11,0.00,0.11,903.30,166.28,1056.78,695.18,272.98,29.27,0.00,33.60,0.00,1.92,1.43,0.01,0.00,362.67,-35.85
2026-01-09 09:15,-275.76,0.00,756.49,0.00,40.00,42.69,0.11,0.00,0.01,884.77,174.64,1087.29,679.58,269.46,29.40,0.00,33.82,0.00,1.92,1.43,0.01,0.00,372.62,-47.50
2026-01-09 09:20,-273.59,0.00,723.98,0.00,41.00,42.69,0.11,0.00,2.82,870.17,177.77,1117.80,661.20,275.30,29.53,0.00,32.17,0.00,1.97,1.43,0.01,0.00,340.23,-41.97
2026-01-09 09:25,-280.36,0.00,748.85,0.00,42.00,42.69,0.11,0.00,0.07,863.56,171.48,1148.31,629.62,276.99,29.67,0.00,32.76,0.00,2.02,1.43,0.01,0.00,350.73,-19.88
2026-01-09 09:30,-257.50,0.00,665.16,0.00,40.00,42.02,0.11,0.00,0.00,874.88,181.61,1178.82,640.18,279.71,29.80,0.00,28.48,0.00,1.92,1.41,0.01,0.00,273.67,-19.50
2026-01-09 09:35,-307.26,0.00,674.86,0.00,40.00,42.69,0.11,0.00,0.01,877.42,184.78,1214.16,645.18,234.58,29.83,0.00,29.10,0.00,1.92,1.43,0.01,0.00,282.79,-12.50
2026-01-09 09:40,-312.68,0.00,633.21,0.00,42.00,42.69,0.11,0.00,0.17,891.89,202.54,1249.50,641.10,277.49,29.87,0.00,27.11,0.00,2.02,1.43,0.01,0.00,247.31,-12.50
2026-01-09 09:45,-311.13,0.00,643.84,0.00,43.00,42.69,0.11,0.00,0.36,877.57,184.48,1284.84,641.23,277.08,29.90,0.00,27.39,0.00,2.06,1.43,0.01,0.00,250.75,-12.50
2026-01-09 09:50,-312.36,0.00,674.70,0.00,43.00,42.69,0.11,0.00,0.10,849.81,173.80,1320.19,628.37,281.40,29.93,0.00,28.34,0.00,2.06,1.43,0.01,0.00,264.87,-12.50
2026-01-09 09:55,-261.25,0.00,608.27,0.00,40.00,42.02,0.11,0.00,0.01,831.08,197.63,1355.53,652.70,258.16,29.97,0.00,24.96,0.00,1.92,1.41,0.01,0.00,212.60,-11.66
2026-01-09 10:00,-284.25,0.00,633.45,0.00,40.00,42.69,0.11,0.00,0.01,833.38,205.30,1390.87,636.90,279.58,30.00,0.00,26.05,0.00,1.92,1.43,0.01,0.00,221.31,-11.66
2026-01-09 10:05,-272.00,0.00,638.98,0.00,43.00,42.69,0.11,0.00,0.23,772.94,225.91,1407.11,656.76,252.20,29.87,0.00,26.34,0.00,2.06,1.43,0.01,0.00,226.46,-11.66
2026-01-09 10:10,-201.49,0.00,678.53,0.00,45.00,42.69,0.11,0.00,4.56,727.50,211.63,1423.36,717.70,269.43,29.73,0.00,28.79,0.00,2.16,1.43,0.01,0.00,246.77,-8.35
2026-01-09 10:15,-208.22,0.00,562.39,0.00,43.00,42.69,0.11,0.00,2.55,770.73,281.52,1439.60,657.99,197.39,29.60,0.00,25.02,0.00,2.06,1.43,0.01,0.00,189.14,-8.50
2026-01-09 10:20,-204.81,0.00,552.20,0.00,43.00,42.69,0.11,0.00,2.47,783.14,267.53,1455.84,633.68,214.17,29.47,0.00,24.89,0.00,2.06,1.43,0.01,0.00,185.34,-8.50
2026-01-09 10:25,-308.05,0.00,582.33,0.00,42.00,42.02,0.11,0.00,0.18,834.69,292.09,1472.08,669.70,203.02,29.33,0.00,26.16,0.00,2.02,1.41,0.01,0.00,198.09,-11.66
2026-01-09 10:30,-221.83,0.00,568.67,0.00,43.00,42.02,0.11,0.00,2.52,810.19,233.17,1488.33,747.75,265.36,29.20,0.00,25.88,0.00,2.06,1.41,0.01,0.00,192.61,-10.05
2026-01-09 10:35,-304.13,0.00,616.78,0.00,42.00,42.02,0.11,0.00,0.03,839.72,249.03,1486.52,715.70,250.72,28.87,0.00,27.31,0.00,2.02,1.41,0.01,0.00,212.19,-10.05
2026-01-09 10:40,-320.44,0.00,681.29,0.00,42.00,42.69,0.11,0.00,0.11,801.32,265.86,1484.72,689.34,253.80,28.53,0.00,29.35,0.00,2.02,1.43,0.01,0.00,240.73,-8.50
2026-01-09 10:45,-325.99,0.00,733.47,0.00,40.00,42.02,0.11,0.00,0.07,792.91,275.19,1482.92,635.54,214.65,28.20,0.00,31.70,0.00,1.92,1.41,0.01,0.00,267.14,-7.83
2026-01-09 10:50,-361.70,0.00,752.64,0.00,44.00,42.69,0.11,0.00,0.37,819.04,298.60,1481.11,531.18,197.45,27.87,0.00,33.14,0.00,2.11,1.43,0.01,0.00,280.15,-7.83
2026-01-09 10:55,-230.89,0.00,439.98,0.00,43.00,42.02,0.11,0.00,3.38,928.09,302.64,1479.31,568.27,194.11,27.53,0.00,20.11,0.00,2.06,1.41,0.01,0.00,133.01,-8.50
2026-01-09 11:00,-241.59,0.00,478.19,0.00,42.00,42.02,0.11,0.00,2.30,843.52,270.11,1477.51,682.59,206.44,27.20,0.00,21.25,0.00,2.02,1.41,0.01,0.00,151.27,-11.66
2026-01-09 11:05,-214.22,0.00,470.39,0.00,45.00,42.69,0.11,0.00,5.69,797.32,226.39,1503.35,757.89,239.50,27.30,0.00,21.44,0.00,2.16,1.43,0.01,0.00,155.20,-11.66
2026-01-09 11:10,-218.47,0.00,538.09,0.00,43.00,42.02,0.11,0.00,0.31,715.54,225.19,1529.19,829.68,243.59,27.40,0.00,23.32,0.00,2.06,1.41,0.01,0.00,178.77,-12.60
2026-01-09 11:15,-269.50,0.00,647.75,0.00,40.00,42.69,0.11,0.00,0.00,685.24,213.22,1555.03,879.64,246.70,27.50,0.00,27.58,0.00,1.92,1.43,0.01,0.00,229.30,-20.00
2026-01-09 11:20,-217.73,0.00,638.57,0.00,41.00,42.02,0.11,0.00,0.76,667.66,212.45,1580.87,904.49,265.62,27.60,0.00,26.81,0.00,1.97,1.41,0.01,0.00,214.55,-20.00
2026-01-09 11:25,-206.67,0.00,677.05,0.00,43.00,42.02,0.11,0.00,4.45,676.63,194.82,1606.71,863.03,269.01,27.70,0.00,28.67,0.00,2.06,1.41,0.01,0.00,229.09,-12.50
2026-01-09 11:30,-202.33,0.00,593.73,0.00,42.00,42.69,0.11,0.00,2.53,726.43,212.88,1632.55,798.28,244.08,27.80,0.00,25.18,0.00,2.02,1.43,0.01,0.00,184.44,-12.50
2026-01-09 11:35,-199.44,0.00,581.49,0.00,42.00,42.02,0.11,0.00,3.12,723.68,225.05,1647.13,672.48,258.22,27.72,0.00,24.91,0.00,2.02,1.41,0.01,0.00,178.76,-11.66
2026-01-09 11:40,-182.98,0.00,488.76,0.00,43.00,42.02,0.11,0.00,6.56,743.57,212.12,1661.72,684.45,250.12,27.63,0.00,21.55,0.00,2.06,1.41,0.01,0.00,147.40,-9.50
2026-01-09 11:45,-176.24,0.00,334.40,0.00,42.00,42.69,0.11,0.00,1.82,783.44,242.55,1676.31,639.32,210.18,27.55,0.00,15.12,0.00,2.02,1.43,0.01,0.00,97.80,-8.35
2026-01-09 11:50,-161.16,0.00,214.22,0.00,44.00,42.69,0.11,0.00,5.61,825.42,265.64,1690.90,613.40,168.41,27.47,0.00,9.75,0.00,2.11,1.43,0.01,0.00,63.85,-7.98
2026-01-09 11:55,-163.40,0.00,154.34,0.00,45.00,42.02,0.11,0.00,11.52,837.35,289.27,1705.48,570.68,167.92,27.38,0.00,7.03,0.00,2.16,1.41,0.01,0.00,48.70,-7.76
2026-01-09 12:00,-170.22,0.00,149.78,0.00,43.00,42.69,0.11,0.00,2.47,853.69,273.51,1720.07,469.92,150.38,27.30,0.00,6.84,0.00,2.06,1.43,0.01,0.00,47.45,-7.83
2026-01-09 12:05,-171.87,0.00,68.20,0.00,41.00,42.69,0.11,0.00,1.04,909.36,288.88,1720.95,464.84,144.87,27.55,0.00,3.08,0.00,1.97,1.43,0.01,0.00,28.14,-7.83
2026-01-09 12:10,-165.26,0.00,22.50,0.00,44.00,42.02,0.11,0.00,13.17,928.64,304.94,1721.83,474.05,172.31,27.80,0.00,1.09,0.00,2.11,1.41,0.01,0.00,19.31,-7.83
2026-01-09 12:15,-122.61,0.00,44.94,0.00,42.00,42.02,0.11,0.00,6.22,902.84,290.57,1722.71,511.45,168.21,28.05,0.00,2.07,0.00,2.02,1.41,0.01,0.00,23.25,-7.83
2026-01-09 12:20,-119.43,0.00,62.42,0.01,44.00,42.69,0.11,0.00,19.34,931.23,257.22,1723.59,488.65,167.08,28.30,0.00,2.87,0.00,2.11,1.43,0.01,0.00,27.16,-7.83
2026-01-09 12:25,-121.84,0.00,67.06,0.01,43.00,42.02,0.11,0.00,25.28,924.56,231.74,1724.47,460.46,157.08,28.55,0.00,3.16,0.00,2.06,1.41,0.01,0.00,28.42,-7.76
2026-01-09 12:30,-121.35,-15.37,0.00,0.01,44.00,42.02,0.11,0.00,25.75,944.16,227.05,1725.36,433.07,138.40,28.80,0.04,0.00,0.00,2.11,1.41,0.01,0.00,14.56,-7.76
2026-01-09 12:35,-108.42,-58.75,0.00,0.00,40.00,42.69,0.11,0.00,12.38,1003.95,240.43,1733.20,480.89,135.15,28.97,0.15,0.00,0.00,1.92,1.43,0.01,0.00,13.25,-7.83
2026-01-09 12:40,-123.11,-40.93,0.00,0.01,42.00,42.02,0.11,0.00,14.79,985.35,241.77,1741.05,478.70,141.51,29.13,0.11,0.00,0.00,2.02,1.41,0.01,0.00,13.74,6.57
2026-01-09 12:45,-123.89,-48.45,0.00,0.01,43.00,42.02,0.11,0.00,8.96,909.65,273.14,1748.90,506.52,140.83,29.30,0.13,0.00,0.00,2.06,1.41,0.01,0.00,14.07,-8.35
2026-01-09 12:50,-127.49,0.00,8.44,0.01,41.00,42.02,0.11,0.00,2.36,861.27,287.95,1756.75,554.13,156.01,29.47,0.00,0.41,0.00,1.97,1.41,0.01,0.00,15.92,-8.50
2026-01-09 12:55,-118.19,0.00,32.44,0.00,43.00,42.02,0.11,0.00,8.27,834.50,274.70,1764.60,544.67,211.84,29.63,0.00,1.57,0.00,2.06,1.41,0.01,0.00,21.52,-8.50
2026-01-09 13:00,-29.40,0.00,10.07,0.01,40.00,42.02,0.11,0.00,0.05,814.97,233.53,1772.45,525.87,220.81,29.80,0.00,0.48,0.00,1.92,1.41,0.01,0.00,15.99,-8.50
2026-01-09 13:05,-35.05,0.00,53.63,0.00,40.00,42.02,0.11,0.00,0.00,790.90,232.05,1772.62,568.08,183.23,30.03,0.00,2.51,0.00,1.92,1.41,0.01,0.00,25.14,-8.50
2026-01-09 13:10,-16.50,-1.18,0.00,0.00,41.00,42.69,0.11,0.00,16.05,812.52,235.58,1772.79,590.86,178.02,30.27,0.00,0.00,0.00,1.97,1.43,0.01,0.00,14.05,-8.50
2026-01-09 13:15,-7.34,-42.60,0.00,0.00,40.00,42.69,0.11,0.00,32.25,839.72,233.72,1772.96,640.36,190.88,30.50,0.12,0.00,0.00,1.92,1.43,0.01,0.00,13.33,-8.50
2026-01-09 13:20,-10.60,-17.66,0.00,0.00,40.00,42.69,0.11,0.00,13.73,819.05,249.41,1773.13,633.66,195.70,30.73,0.05,0.00,0.00,1.92,1.43,0.01,0.00,13.63,-8.50
2026-01-09 13:25,-38.22,0.00,31.22,0.00,40.00,42.69,0.11,0.00,0.40,852.42,210.44,1773.31,581.90,233.30,30.97,0.00,1.45,0.00,1.92,1.43,0.01,0.00,20.22,-8.50
2026-01-09 13:30,-13.57,-61.09,0.00,0.00,41.00,42.02,0.11,0.00,68.02,871.02,208.78,1773.48,625.70,277.01,31.20,0.17,0.00,0.00,1.97,1.41,0.01,0.00,13.16,-8.35
2026-01-09 13:35,-49.08,0.00,17.96,0.00,40.00,42.69,0.11,0.00,0.00,900.29,215.03,1770.90,545.64,253.93,30.97,0.00,0.85,0.00,1.92,1.43,0.01,0.00,17.38,-20.00
2026-01-09 13:40,-115.80,0.00,392.97,0.00,41.00,42.02,0.11,0.00,1.34,677.40,124.09,1768.32,759.46,370.41,30.73,0.00,18.21,0.00,1.97,1.41,0.01,0.00,120.75,-20.00
2026-01-09 13:45,-98.66,0.00,479.76,0.00,40.00,42.02,0.11,0.00,0.05,590.37,116.57,1765.74,846.03,403.01,30.50,0.00,22.16,0.00,1.92,1.41,0.01,0.00,154.76,-20.00
2026-01-09 13:50,-42.34,0.00,393.25,0.00,41.00,42.69,0.11,0.00,23.75,594.98,116.72,1763.16,874.25,409.52,30.27,0.00,18.10,0.00,1.97,1.43,0.01,0.00,120.18,-20.00
2026-01-09 13:55,-72.86,0.00,435.34,0.00,40.00,42.02,0.11,0.00,0.57,644.78,116.57,1760.59,796.50,411.08,30.03,0.00,20.04,0.00,1.92,1.41,0.01,0.00,133.77,-20.00
2026-01-09 14:00,-80.54,0.00,590.83,0.00,39.00,42.02,0.11,0.00,0.00,498.56,116.26,1758.01,942.44,408.73,29.80,0.00,26.68,0.00,1.87,1.41,0.01,0.00,201.71,-20.00
2026-01-09 14:05,-170.33,0.00,688.30,0.00,40.00,42.02,0.11,0.00,0.21,564.89,116.72,1740.93,924.71,389.32,29.73,0.00,31.05,0.00,1.92,1.41,0.01,0.00,250.60,-20.00
2026-01-09 14:10,-143.89,0.00,641.46,0.00,42.00,42.02,0.11,0.00,1.70,554.90,192.24,1723.85,890.36,315.13,29.67,0.00,29.70,0.00,2.02,1.41,0.01,0.00,224.39,-20.00
2026-01-09 14:15,-127.61,0.00,449.38,0.00,40.00,42.02,0.11,0.00,7.19,689.08,193.83,1706.78,853.26,282.05,29.60,0.00,20.09,0.00,1.92,1.41,0.01,0.00,133.69,-11.66
2026-01-09 14:20,-56.60,0.00,408.91,0.00,40.00,42.02,0.11,0.00,0.00,672.70,213.04,1689.70,885.46,283.78,29.53,0.00,18.70,0.00,1.92,1.41,0.01,0.00,120.63,-8.50
2026-01-09 14:25,-165.29,0.00,321.00,0.00,40.00,42.02,0.11,0.00,0.00,779.69,248.89,1672.62,704.25,219.84,29.47,0.00,14.90,0.00,1.92,1.41,0.01,0.00,95.26,-8.50
2026-01-09 14:30,-159.09,0.00,215.00,0.00,42.00,42.02,0.11,0.00,3.09,811.20,270.22,1655.54,750.56,184.77,29.40,0.00,9.91,0.00,2.02,1.41,0.01,0.00,65.34,-8.35
2026-01-09 14:35,-137.46,0.00,142.62,0.00,40.00,42.02,0.11,0.00,0.00,872.07,270.30,1657.86,644.51,176.43,29.25,0.00,6.76,0.00,1.92,1.41,0.01,0.00,46.55,-7.83
2026-01-09 14:40,-149.55,0.00,70.06,0.00,41.00,42.02,0.11,0.00,9.50,947.26,271.95,1660.17,593.41,173.91,29.10,0.00,3.25,0.00,1.97,1.41,0.01,0.00,28.90,-7.76
2026-01-09 14:45,-146.15,-34.10,0.00,0.00,40.00,42.02,0.11,0.00,0.00,1071.45,273.63,1662.49,572.65,173.48,28.95,0.08,0.00,0.00,1.92,1.41,0.01,0.00,13.42,-8.35
2026-01-09 14:50,-129.78,0.00,48.80,0.00,40.00,42.02,0.11,0.00,6.42,1013.66,250.33,1664.80,649.17,171.19,28.80,0.00,2.30,0.00,1.92,1.41,0.01,0.00,23.81,-7.83
2026-01-09 14:55,-98.11,-44.95,0.00,0.00,40.00,42.02,0.11,0.00,18.29,1038.05,287.95,1667.12,613.04,187.04,28.65,0.10,0.00,0.00,1.92,1.41,0.01,0.00,13.13,-7.25
2026-01-09 15:00,-208.81,0.00,28.13,0.00,40.00,42.02,0.11,0.00,0.00,1079.37,287.23,1669.43,501.59,195.20,28.50,0.00,1.26,0.00,1.92,1.41,0.01,0.00,19.15,-7.76
2026-01-09 15:05,-214.67,-76.78,0.00,0.00,40.00,42.02,0.11,0.00,0.00,1169.61,286.19,1655.63,538.07,182.89,28.43,0.17,0.00,0.00,1.92,1.41,0.01,0.00,13.09,-8.35
2026-01-09 15:10,-172.85,-18.91,0.00,0.01,40.00,42.02,0.11,0.00,0.20,1073.75,281.24,1641.83,670.06,205.49,28.37,0.04,0.00,0.00,1.92,1.41,0.01,0.00,13.67,-8.50
2026-01-09 15:15,-57.65,-1.46,0.00,0.01,41.00,42.69,0.11,0.00,8.57,967.44,258.15,1628.03,783.78,211.56,28.30,0.00,0.00,0.00,1.97,1.43,0.01,0.00,14.14,-8.50
2026-01-09 15:20,-62.04,-40.50,0.00,0.00,41.00,42.02,0.11,0.00,21.57,986.74,277.05,1614.23,747.51,203.53,28.23,0.10,0.00,0.00,1.97,1.41,0.01,0.00,13.67,-8.50
2026-01-09 15:25,-55.81,-49.52,0.00,0.01,40.00,42.02,0.11,0.00,2.59,1005.38,280.67,1600.43,751.52,209.97,28.17,0.12,0.00,0.00,1.92,1.41,0.01,0.00,13.46,-8.50
2026-01-09 15:30,-71.46,0.00,11.02,0.01,40.00,42.02,0.11,0.00,0.87,988.62,269.93,1586.63,725.25,226.25,28.10,0.00,0.53,0.00,1.92,1.41,0.01,0.00,16.28,-7.83
2026-01-09 15:35,-180.59,0.00,58.30,0.01,40.00,42.69,0.11,0.00,0.00,1052.93,276.02,1569.17,638.03,200.28,28.05,0.00,2.75,0.00,1.92,1.43,0.01,0.00,26.73,-8.50
2026-01-09 15:40,-128.41,-36.59,0.00,0.00,41.00,42.02,0.11,0.00,13.26,1008.29,277.99,1551.72,722.78,127.94,28.00,0.09,0.00,0.00,1.97,1.41,0.01,0.00,14.26,-11.66
2026-01-09 15:45,-22.40,0.00,29.39,0.01,40.00,42.02,0.11,0.00,5.68,872.75,355.13,1534.26,877.53,163.44,27.95,0.00,1.35,0.00,1.92,1.41,0.01,0.00,20.09,-8.50
2026-01-09 15:50,-124.70,0.00,46.44,0.01,40.00,42.69,0.11,0.00,0.07,944.53,383.03,1516.81,735.51,102.49,27.90,0.00,2.14,0.00,1.92,1.43,0.01,0.00,23.95,-8.50
2026-01-09 15:55,-61.14,-27.17,0.00,0.00,40.00,42.02,0.11,0.00,0.35,968.25,386.07,1499.35,784.32,96.74,27.85,0.06,0.00,0.00,1.92,1.41,0.01,0.00,13.78,-8.50
2026-01-09 16:00,-10.16,-48.82,0.00,0.00,41.00,42.02,0.11,0.00,7.00,958.83,379.53,1481.90,825.31,116.87,27.80,0.12,0.00,0.00,1.97,1.41,0.01,0.00,13.74,-8.50
2026-01-09 16:05,-26.77,-6.72,0.00,0.01,40.00,42.02,0.11,0.00,0.54,974.01,378.14,1443.75,774.33,110.53,27.45,0.02,0.00,0.00,1.92,1.41,0.01,0.00,14.00,-11.66
2026-01-09 16:10,-26.02,0.00,74.28,0.00,60.00,42.02,0.11,0.00,4.51,959.89,280.79,1405.61,648.86,227.65,27.10,0.00,3.39,0.00,2.88,1.41,0.01,0.00,34.75,-11.66
2026-01-09 16:15,-27.30,0.00,49.35,0.00,60.00,42.02,0.11,0.00,0.00,1080.11,259.98,1367.46,732.50,236.49,26.75,0.00,2.19,0.00,2.88,1.41,0.01,0.00,28.46,-11.66
2026-01-09 16:20,-43.61,-12.15,0.00,0.00,62.00,42.02,0.11,0.00,0.00,1150.12,271.19,1329.31,660.13,227.22,26.40,0.04,0.00,0.00,2.98,1.41,0.01,0.00,18.67,-11.66
2026-01-09 16:25,-83.37,-15.25,0.00,0.00,67.00,42.69,0.11,0.00,2.38,1210.91,281.64,1291.17,622.46,204.79,26.05,0.04,0.00,0.00,3.21,1.43,0.01,0.00,19.76,-9.91
2026-01-09 16:30,-35.50,0.00,27.94,0.00,58.00,41.34,0.11,0.00,0.00,1169.21,255.84,1253.02,619.99,199.95,25.70,0.00,1.21,0.00,2.78,1.38,0.01,0.00,23.82,-8.50
2026-01-09 16:35,-145.62,0.00,57.19,0.00,57.00,42.02,0.11,0.00,0.00,1287.33,290.92,1196.28,545.98,115.01,25.60,0.00,2.43,0.00,2.74,1.41,0.01,0.00,29.55,-7.98
2026-01-09 16:40,-103.07,-50.13,0.00,0.01,74.00,42.69,0.11,0.00,24.08,1319.94,304.11,1139.54,530.50,133.19,25.50,0.14,0.00,0.00,3.55,1.43,0.01,0.00,21.14,-7.97
2026-01-09 16:45,-90.72,-85.70,0.00,0.01,66.00,42.02,0.11,0.00,31.15,1319.03,305.41,1082.79,514.48,142.27,25.40,0.22,0.00,0.00,3.17,1.41,0.01,0.00,19.59,-7.98
2026-01-09 16:50,-90.44,-81.32,0.00,0.01,72.00,42.02,0.11,0.00,45.09,1306.02,303.38,1026.05,531.86,158.85,25.30,0.22,0.00,0.00,3.45,1.41,0.01,0.00,21.25,-7.25
2026-01-09 16:55,-80.08,-46.44,0.00,0.01,74.00,42.02,0.11,0.00,61.06,1305.15,298.23,969.31,504.92,171.16,25.20,0.13,0.00,0.00,3.55,1.41,0.01,0.00,22.12,-7.00
2026-01-09 17:00,-156.19,0.00,37.15,0.01,60.00,42.02,0.11,0.00,9.30,1321.73,366.90,912.57,449.62,86.32,25.10,0.00,1.54,0.00,2.88,1.41,0.01,0.00,27.80,-7.00
2026-01-09 17:05,-107.37,-48.04,0.00,0.01,63.00,42.69,0.11,0.00,20.94,1351.90,354.09,876.88,463.61,81.97,24.82,0.12,0.00,0.00,3.02,1.43,0.01,0.00,20.41,-7.98
2026-01-09 17:10,-41.13,0.00,3.48,0.01,60.00,42.69,0.10,0.00,7.83,1282.87,346.11,841.18,520.68,86.95,24.53,0.00,0.14,0.00,2.88,1.43,0.01,0.00,21.10,-7.25
2026-01-09 17:15,-21.36,-60.10,0.00,0.01,69.00,42.69,0.11,0.00,45.56,1285.73,335.46,805.49,457.70,86.75,24.25,0.16,0.00,0.00,3.31,1.43,0.01,0.00,22.00,-7.25
2026-01-09 17:20,-22.85,-74.07,0.00,0.01,63.00,41.34,0.11,0.00,35.87,1300.72,325.76,769.80,474.77,69.09,23.97,0.19,0.00,0.00,3.02,1.38,0.01,0.00,20.81,-7.98
2026-01-09 17:25,0.00,-82.92,0.00,0.01,70.00,42.69,0.11,0.00,72.45,1292.58,289.17,734.11,494.76,65.21,23.68,0.23,0.00,0.00,3.36,1.43,0.01,0.00,22.68,-7.25
2026-01-09 17:30,-2.85,-36.87,0.00,0.01,69.00,42.02,0.11,0.00,54.47,1289.03,294.02,698.42,478.12,39.43,23.40,0.10,0.00,0.00,3.31,1.41,0.01,0.00,23.06,-7.01
2026-01-09 17:35,-10.11,-106.95,0.00,0.01,69.00,42.69,0.11,0.00,51.22,1405.11,299.83,666.39,428.44,36.99,23.42,0.27,0.00,0.00,3.31,1.43,0.01,0.00,22.22,-7.01
2026-01-09 17:40,-102.45,-125.71,0.00,0.01,68.00,42.02,0.11,0.00,36.47,1454.27,297.79,634.36,395.95,34.06,23.43,0.31,0.00,0.00,3.26,1.41,0.01,0.00,22.74,-9.50
2026-01-09 17:45,-29.27,-14.06,0.00,0.01,65.00,42.02,0.11,0.00,44.94,1291.72,284.98,602.33,575.50,42.73,23.45,0.04,0.00,0.00,3.12,1.41,0.01,0.00,23.59,-7.01
2026-01-09 17:50,-119.08,0.00,78.23,0.01,65.00,42.02,0.11,0.00,36.41,1368.23,282.93,570.30,399.92,20.37,23.47,0.00,3.52,0.00,3.12,1.41,0.01,0.00,44.61,-7.01
2026-01-09 17:55,-60.13,-25.34,0.00,0.01,62.00,42.02,0.11,0.00,25.84,1499.09,270.12,538.27,363.71,21.52,23.48,0.06,0.00,0.00,2.98,1.41,0.01,0.00,22.10,-2.10
2026-01-09 18:00,-78.33,-271.01,0.00,0.01,66.00,42.69,0.11,0.00,26.14,1739.74,288.52,506.24,87.08,0.00,23.50,0.58,0.00,0.00,3.17,1.43,0.01,0.00,20.83,53.39
2026-01-09 18:05,-20.68,-401.84,0.00,0.01,63.00,42.02,0.11,0.00,11.61,1835.64,254.28,470.00,8.08,0.00,23.35,0.81,0.00,0.00,3.02,1.41,0.01,0.00,19.32,62.11
2026-01-09 18:10,-21.30,-346.15,0.00,0.01,61.00,42.02,0.11,0.00,10.51,1813.64,248.30,433.77,36.17,0.00,23.20,0.69,0.00,0.00,2.93,1.41,0.01,0.00,19.54,62.40
2026-01-09 18:15,-15.72,-351.24,0.00,0.01,55.00,42.02,0.11,0.00,19.13,1812.30,238.07,397.54,29.68,0.00,23.05,0.66,0.00,0.00,2.64,1.41,0.01,0.00,18.55,52.27
2026-01-09 18:20,0.00,-316.19,0.00,0.01,59.00,42.69,0.11,0.00,7.83,1811.62,225.89,361.31,24.43,0.00,22.90,0.63,0.00,0.00,2.83,1.43,0.01,0.00,19.92,62.80
2026-01-09 18:25,0.00,-337.16,0.00,0.01,62.00,42.02,0.11,0.00,33.30,1831.08,214.72,325.08,21.47,0.00,22.75,0.68,0.00,0.00,2.98,1.41,0.01,0.00,20.52,81.97
2026-01-09 18:30,-0.99,-348.93,0.00,0.01,59.00,42.69,0.11,0.00,70.78,1847.34,187.02,288.85,9.22,0.00,22.60,0.67,0.00,0.00,2.83,1.43,0.01,0.00,20.09,80.85
2026-01-09 18:35,-1.05,-331.01,0.00,0.01,57.00,42.02,0.11,0.00,110.16,1833.95,178.51,269.53,11.92,0.00,22.53,0.62,0.00,0.00,2.74,1.41,0.01,0.00,19.63,71.71
2026-01-09 18:40,-0.02,-407.75,0.00,0.01,59.00,42.02,0.11,0.00,179.81,1814.18,137.38,250.21,18.86,0.00,22.47,0.78,0.00,0.00,2.83,1.41,0.01,0.00,20.07,72.91
2026-01-09 18:45,-0.01,-406.16,0.00,0.01,60.00,42.02,0.11,0.00,168.69,1816.07,147.47,230.88,7.37,0.00,22.40,0.78,0.00,0.00,2.88,1.41,0.01,0.00,20.47,56.20
2026-01-09 18:50,0.00,-298.15,0.00,0.01,59.00,42.69,0.11,0.00,87.04,1809.90,126.15,211.56,6.81,0.00,22.33,0.60,0.00,0.00,2.83,1.43,0.01,0.00,21.60,86.91
2026-01-09 18:55,0.00,-326.92,0.00,0.01,61.00,42.69,0.11,0.00,102.57,1808.80,115.52,192.24,9.65,0.00,22.27,0.67,0.00,0.00,2.93,1.43,0.01,0.00,22.21,86.43
2026-01-09 19:00,-0.22,-294.88,0.00,0.01,58.00,42.02,0.11,0.00,107.60,1801.64,104.78,172.92,10.87,0.00,22.20,0.59,0.00,0.00,2.78,1.41,0.01,0.00,21.76,79.05
2026-01-09 19:05,0.00,-386.67,0.00,0.01,61.00,42.69,0.11,0.00,220.87,1782.39,93.67,154.60,4.94,0.00,22.05,0.77,0.00,0.00,2.93,1.43,0.01,0.00,21.93,59.55
2026-01-09 19:10,-0.01,-336.11,0.00,0.01,58.00,42.02,0.11,0.00,223.79,1773.89,83.21,136.28,3.36,0.00,21.90,0.65,0.00,0.00,2.78,1.41,0.01,0.00,21.51,77.77
2026-01-09 19:15,0.00,-397.90,0.00,0.01,60.00,42.69,0.11,0.00,305.38,1756.58,76.20,117.96,10.27,0.00,21.75,0.77,0.00,0.00,2.88,1.43,0.01,0.00,21.72,79.93
2026-01-09 19:20,-1.81,-428.50,0.00,0.01,57.00,42.69,0.11,0.00,340.60,1746.75,64.48,99.65,10.21,0.00,21.60,0.79,0.00,0.00,2.74,1.43,0.01,0.00,21.10,83.82
2026-01-09 19:25,-0.61,-387.76,0.00,0.01,58.00,42.69,0.11,0.00,334.24,1734.29,54.83,81.33,17.46,0.00,21.45,0.74,0.00,0.00,2.78,1.43,0.01,0.00,21.81,83.33
2026-01-09 19:30,-0.05,-405.52,0.00,0.01,62.00,42.02,0.11,0.00,356.14,1740.58,39.32,63.01,17.71,0.00,21.30,0.79,0.00,0.00,2.98,1.41,0.01,0.00,22.73,82.39
2026-01-09 19:35,-1.48,-388.30,0.00,0.01,57.00,42.02,0.11,0.00,291.56,1774.99,31.55,54.49,19.68,0.00,21.23,0.73,0.00,0.00,2.74,1.41,0.01,0.00,22.02,75.01
2026-01-09 19:40,-0.21,-413.61,0.00,0.01,58.00,42.69,0.11,0.00,361.85,1743.75,27.56,45.96,30.42,0.00,21.17,0.78,0.00,0.00,2.78,1.43,0.01,0.00,22.11,80.71
2026-01-09 19:45,-0.01,-308.08,0.00,0.01,59.00,42.02,0.11,0.00,228.07,1769.05,18.99,37.44,27.70,0.00,21.10,0.62,0.00,0.00,2.83,1.41,0.01,0.00,23.58,77.75
2026-01-09 19:50,-0.98,-304.87,0.00,0.00,57.00,42.02,0.11,0.00,229.64,1775.90,11.24,28.92,31.50,0.00,21.03,0.60,0.00,0.00,2.74,1.41,0.01,0.00,23.17,59.55
2026-01-09 19:55,-0.18,-422.49,0.00,0.00,57.00,42.02,0.11,0.00,371.80,1779.62,3.55,20.39,27.94,0.00,20.97,0.78,0.00,0.00,2.74,1.41,0.01,0.00,21.85,59.55
2026-01-09 20:00,-0.16,-437.35,0.00,0.00,61.00,42.02,0.11,0.00,355.45,1786.69,1.23,11.87,25.60,0.00,20.90,0.85,0.00,0.00,2.93,1.41,0.01,0.00,23.04,0.00
2026-01-09 20:05,-0.45,-302.73,0.00,0.00,59.00,42.69,0.11,0.00,238.93,1778.71,0.37,9.89,33.59,0.00,20.87,0.61,0.00,0.00,2.83,1.43,0.01,0.00,24.03,10.16
2026-01-09 20:10,-5.58,-240.71,0.00,0.00,56.00,42.02,0.11,0.00,252.42,1696.60,0.02,7.91,130.71,0.00,20.83,0.48,0.00,0.00,2.69,1.41,0.01,0.00,24.01,31.31
2026-01-09 20:15,-0.18,-393.74,0.00,0.00,64.00,42.02,0.11,0.00,287.21,1777.11,0.02,5.94,39.65,0.00,20.80,0.81,0.00,0.00,3.07,1.41,0.01,0.00,24.71,18.20
2026-01-09 20:20,-0.18,-324.51,0.00,0.00,60.00,42.02,0.11,0.00,262.71,1762.10,0.01,3.96,44.01,0.00,20.77,0.65,0.00,0.00,2.88,1.41,0.01,0.00,24.17,52.17
2026-01-09 20:25,-0.13,-379.62,0.00,0.00,63.00,42.02,0.11,0.00,305.56,1760.13,0.01,1.98,39.95,0.00,20.73,0.78,0.00,0.00,3.02,1.41,0.01,0.00,24.50,56.34
2026-01-09 20:30,-0.20,-467.23,0.00,0.00,64.00,42.69,0.11,0.00,388.42,1764.23,0.01,0.00,38.28,0.00,20.70,0.93,0.00,0.00,3.07,1.43,0.01,0.00,23.94,56.20
2026-01-09 20:35,-0.18,-474.01,0.00,0.00,59.00,42.02,0.11,0.00,396.88,1752.22,0.01,0.00,38.43,0.00,20.62,0.89,0.00,0.00,2.83,1.41,0.01,0.00,22.64,59.55
2026-01-09 20:40,0.00,-438.52,0.00,0.00,56.00,42.02,0.11,0.00,393.21,1755.58,0.01,0.00,42.87,0.00,20.53,0.80,0.00,0.00,2.69,1.41,0.01,0.00,21.90,56.20
2026-01-09 20:45,0.00,-506.49,0.00,0.00,60.00,42.69,0.11,0.00,441.35,1753.27,0.01,0.00,29.41,0.00,20.45,0.95,0.00,0.00,2.88,1.43,0.01,0.00,22.54,56.20
2026-01-09 20:50,0.00,-485.80,0.00,0.00,62.00,42.02,0.11,0.00,397.47,1774.94,0.01,0.00,34.99,0.00,20.37,0.94,0.00,0.00,2.98,1.41,0.01,0.00,23.13,59.55
2026-01-09 20:55,0.00,-552.71,0.00,0.00,58.00,42.02,0.11,0.00,453.53,1782.62,0.00,0.00,47.20,0.00,20.28,0.99,0.00,0.00,2.78,1.41,0.01,0.00,21.56,59.55
2026-01-09 21:00,0.00,-581.95,0.00,0.00,58.00,42.02,0.11,0.00,463.11,1797.62,0.00,0.00,42.05,0.00,20.20,1.03,0.00,0.00,2.78,1.41,0.01,0.00,21.33,70.31
2026-01-09 21:05,0.00,-603.75,0.00,0.00,55.00,42.69,0.11,0.00,484.10,1782.67,0.00,0.00,45.66,0.00,20.17,1.04,0.00,0.00,2.64,1.43,0.01,0.00,20.68,59.55
2026-01-09 21:10,0.00,-580.93,0.00,0.00,59.00,42.02,0.11,0.00,448.08,1802.85,0.00,0.00,47.69,0.00,20.13,1.05,0.00,0.00,2.83,1.41,0.01,0.00,21.66,69.03
2026-01-09 21:15,0.00,-548.14,0.00,0.00,57.00,42.02,0.11,0.00,360.66,1830.26,0.00,0.00,51.10,0.00,20.10,0.99,0.00,0.00,2.74,1.41,0.01,0.00,21.74,68.77
2026-01-09 21:20,0.00,-574.46,0.00,0.00,58.00,42.69,0.11,0.00,348.05,1877.47,0.00,0.00,48.78,0.00,20.07,1.04,0.00,0.00,2.78,1.43,0.01,0.00,21.76,71.60
2026-01-09 21:25,-0.20,-609.57,0.00,0.00,58.00,42.69,0.11,0.00,365.62,1880.11,0.00,0.00,52.40,0.00,20.03,1.10,0.00,0.00,2.78,1.43,0.01,0.00,21.58,65.33
2026-01-09 21:30,-0.40,-683.28,0.00,0.00,60.00,42.02,0.11,0.00,418.65,1888.33,0.00,0.00,58.95,0.00,20.00,1.22,0.00,0.00,2.88,1.41,0.01,0.00,21.39,67.61
2026-01-09 21:35,-0.70,-640.22,0.00,0.00,59.00,42.69,0.11,0.00,304.40,1944.98,0.00,0.00,55.14,0.00,19.97,1.16,0.00,0.00,2.83,1.43,0.01,0.00,21.79,50.25
2026-01-09 21:40,-0.54,-521.37,0.00,0.00,58.00,42.02,0.11,0.00,187.38,1947.61,0.00,0.00,64.00,0.00,19.93,0.98,0.00,0.00,2.78,1.41,0.01,0.00,22.54,63.53
2026-01-09 21:45,0.00,-546.06,0.00,0.00,61.00,42.02,0.11,0.00,163.17,1986.76,0.00,0.00,57.19,0.00,19.90,1.05,0.00,0.00,2.93,1.41,0.01,0.00,23.12,59.55
2026-01-09 21:50,0.00,-567.87,0.00,0.00,58.00,42.69,0.11,0.00,208.34,1952.37,0.00,0.00,58.22,0.00,19.87,1.06,0.00,0.00,2.78,1.43,0.01,0.00,22.39,61.92
2026-01-09 21:55,0.00,-601.63,0.00,0.00,57.00,42.02,0.11,0.00,251.29,1942.54,0.00,0.00,52.53,0.00,19.83,1.09,0.00,0.00,2.74,1.41,0.01,0.00,21.71,34.50
2026-01-09 22:00,-0.81,-498.68,0.00,0.00,57.00,42.69,0.11,0.00,168.33,1931.99,0.00,0.00,52.93,0.00,19.80,0.95,0.00,0.00,2.74,1.43,0.01,0.00,22.76,66.15
2026-01-09 22:05,-1.14,-530.43,0.00,0.00,58.00,42.02,0.11,0.00,176.43,1932.73,0.00,0.00,57.47,0.00,19.77,1.01,0.00,0.00,2.78,1.41,0.01,0.00,22.81,55.20
2026-01-09 22:10,0.00,-621.50,0.00,0.00,63.00,42.02,0.11,0.00,249.79,1940.18,0.00,0.00,61.19,0.00,19.73,1.20,0.00,0.00,3.02,1.41,0.01,0.00,23.20,50.68
2026-01-09 22:15,-0.51,-621.59,0.00,0.00,61.00,42.02,0.11,0.00,174.91,2023.56,0.00,0.00,3.04,0.00,19.70,1.17,0.00,0.00,2.93,1.41,0.01,0.00,22.64,50.96
2026-01-09 22:20,-0.52,-589.89,0.00,0.00,61.00,42.02,0.11,0.00,126.31,2037.24,0.00,0.00,10.66,0.00,19.67,1.13,0.00,0.00,2.93,1.41,0.01,0.00,22.99,70.71
2026-01-09 22:25,-2.72,-615.57,0.00,0.00,57.00,42.02,0.11,0.00,160.75,2010.01,0.00,0.00,10.67,0.00,19.63,1.13,0.00,0.00,2.74,1.41,0.01,0.00,21.97,68.47
2026-01-09 22:30,-8.65,-620.71,0.00,0.00,61.00,42.02,0.11,0.00,177.98,1992.74,0.00,0.00,10.45,0.00,19.60,1.18,0.00,0.00,2.93,1.41,0.01,0.00,23.03,77.85
2026-01-09 22:35,-10.06,-592.45,0.00,0.00,56.00,42.02,0.11,0.00,137.44,2002.73,0.00,0.00,10.54,0.00,19.57,1.09,0.00,0.00,2.69,1.41,0.01,0.00,22.12,74.04
2026-01-09 22:40,-2.44,-580.40,0.00,0.00,41.00,42.02,0.11,0.00,114.53,2009.90,0.00,0.00,10.60,0.00,19.53,0.89,0.00,0.00,1.97,1.41,0.01,0.00,18.41,62.84
2026-01-09 22:45,-7.07,-535.69,0.00,0.00,40.00,42.02,0.11,0.00,109.41,1976.65,0.00,0.00,10.67,0.00,19.50,0.82,0.00,0.00,1.92,1.41,0.01,0.00,18.53,63.16
2026-01-09 22:50,-4.00,-560.34,0.00,0.00,40.00,42.02,0.11,0.00,110.76,1975.42,0.00,0.00,9.51,0.00,19.47,0.86,0.00,0.00,1.92,1.41,0.01,0.00,18.49,63.56
2026-01-09 22:55,-7.02,-540.30,0.00,0.00,40.00,42.02,0.11,0.00,106.01,1969.43,0.00,0.00,9.80,0.00,19.43,0.83,0.00,0.00,1.92,1.41,0.01,0.00,18.62,62.77
2026-01-09 23:00,-2.92,-572.57,0.00,0.00,40.00,42.02,0.11,0.00,98.99,1983.62,0.00,0.00,10.66,0.00,19.40,0.88,0.00,0.00,1.92,1.41,0.01,0.00,18.51,31.31
2026-01-09 23:05,-7.29,-568.50,0.00,0.00,40.00,42.69,0.11,0.00,71.35,2027.42,0.00,0.00,9.65,0.00,19.35,0.87,0.00,0.00,1.92,1.43,0.01,0.00,18.54,52.86
2026-01-09 23:10,-4.44,-583.80,0.00,0.00,40.00,42.02,0.11,0.00,74.95,2034.24,0.00,0.00,7.66,0.00,19.30,0.89,0.00,0.00,1.92,1.41,0.01,0.00,18.30,16.52
2026-01-09 23:15,-6.95,-595.65,0.00,0.00,40.00,42.02,0.11,0.00,107.52,2013.84,0.00,0.00,3.63,0.00,19.25,0.90,0.00,0.00,1.92,1.41,0.01,0.00,18.23,16.51
2026-01-09 23:20,-1.37,-534.01,0.00,0.00,40.00,42.69,0.11,0.00,43.83,2003.71,0.00,0.00,8.59,0.00,19.20,0.84,0.00,0.00,1.92,1.43,0.01,0.00,18.92,53.44
2026-01-09 23:25,-5.13,-507.44,0.00,0.00,40.00,42.02,0.11,0.00,0.06,2011.88,0.00,0.00,8.85,0.00,19.15,0.81,0.00,0.00,1.92,1.41,0.01,0.00,19.16,17.77
2026-01-09 23:30,-13.91,-523.62,0.00,0.00,40.00,42.69,0.11,0.00,0.06,2041.65,0.00,0.00,7.25,0.00,19.10,0.83,0.00,0.00,1.92,1.43,0.01,0.00,19.12,18.33
2026-01-09 23:35,-121.01,-417.75,0.00,0.00,40.00,42.02,0.11,0.00,0.06,2044.43,0.00,0.00,9.95,0.00,19.08,0.65,0.00,0.00,1.92,1.41,0.01,0.00,20.24,14.72
2026-01-09 23:40,-94.37,-414.98,0.00,0.00,40.00,42.02,0.11,0.00,0.19,2046.94,0.00,0.00,7.25,0.00,19.07,0.65,0.00,0.00,1.92,1.41,0.01,0.00,19.88,11.47
2026-01-09 23:45,-6.00,-504.32,0.00,-0.10,40.00,42.02,0.11,0.00,0.09,2046.99,0.00,0.00,0.00,0.00,19.05,0.79,0.00,0.00,1.92,1.41,0.01,0.00,18.86,11.45
2026-01-09 23:50,-3.70,-494.86,0.00,-0.10,40.00,42.02,0.11,0.00,0.09,2052.43,0.00,0.00,10.16,0.00,19.03,0.77,0.00,0.00,1.92,1.41,0.01,0.00,18.78,4.56
2026-01-09 23:55,-9.08,-491.93,0.00,0.00,39.00,42.02,0.11,0.00,0.10,2045.71,0.00,0.00,10.62,0.00,19.02,0.76,0.00,0.00,1.87,1.41,0.01,0.00,18.64,4.54
2026-01-10 00:00,-8.17,-502.52,0.00,-0.10,40.00,42.69,0.11,0.00,0.07,2037.13,0.00,0.00,9.11,0.00,19.00,0.80,0.00,0.00,1.92,1.43,0.01,0.00,19.09,4.54
2026-01-10 00:05,-4.51,-525.37,0.00,0.00,40.00,42.02,0.11,0.00,0.04,2050.77,0.00,0.00,10.66,0.00,18.97,0.82,0.00,0.00,1.92,1.41,0.01,0.00,18.80,7.95
2026-01-10 00:10,-1.68,-515.34,0.00,0.00,40.00,41.34,0.11,0.00,0.50,2054.93,0.00,0.00,10.51,0.00,18.93,0.80,0.00,0.00,1.92,1.38,0.01,0.00,18.61,4.57
2026-01-10 00:15,-4.22,-517.67,0.00,0.00,40.00,42.02,0.11,0.00,13.96,2052.03,0.00,0.00,10.16,0.00,18.90,0.80,0.00,0.00,1.92,1.41,0.01,0.00,18.67,4.57
2026-01-10 00:20,-7.59,-498.42,0.00,0.00,40.00,41.34,0.11,0.00,13.13,2049.16,0.00,0.00,9.80,0.00,18.87,0.77,0.00,0.00,1.92,1.38,0.01,0.00,18.62,4.58
2026-01-10 00:25,-9.13,-503.87,0.00,0.00,40.00,41.34,0.10,0.00,12.61,2059.60,0.00,0.00,10.48,0.00,18.83,0.77,0.00,0.00,1.92,1.38,0.01,0.00,18.55,0.00
2026-01-10 00:30,-3.18,-533.63,0.00,0.00,40.00,42.02,0.11,0.00,20.88,2054.45,0.00,0.00,7.24,0.00,18.80,0.82,0.00,0.00,1.92,1.41,0.01,0.00,18.57,0.00
2026-01-10 00:35,-1.70,-527.01,0.00,0.00,40.00,41.34,0.10,0.00,16.33,2055.24,0.00,0.00,10.51,0.00,18.80,0.81,0.00,0.00,1.92,1.38,0.01,0.00,18.47,0.00
2026-01-10 00:40,-2.55,-523.41,0.00,0.00,40.00,41.34,0.11,0.00,25.12,2044.11,0.00,0.00,4.81,0.00,18.80,0.81,0.00,0.00,1.92,1.38,0.01,0.00,18.50,-2.56
2026-01-10 00:45,-2.36,-363.65,0.00,0.00,40.00,42.02,0.11,0.00,24.92,1866.30,0.00,0.00,216.93,0.00,18.80,0.61,0.00,0.00,1.92,1.41,0.01,0.00,20.30,-2.10
2026-01-10 00:50,-3.42,-332.37,0.00,0.00,40.00,41.34,0.11,0.00,18.07,1847.71,0.00,0.00,190.91,0.00,18.80,0.57,0.00,0.00,1.92,1.38,0.01,0.00,20.44,-2.00
2026-01-10 00:55,-1.53,-382.81,0.00,0.00,41.00,41.34,0.11,0.00,31.33,1873.46,0.00,0.00,148.65,0.00,18.80,0.65,0.00,0.00,1.97,1.38,0.01,0.00,20.30,0.01
2026-01-10 01:00,-0.19,-527.69,0.00,0.00,41.00,41.34,0.11,0.00,36.00,2033.14,0.00,0.00,7.24,0.00,18.80,0.82,0.00,0.00,1.97,1.38,0.01,0.00,18.73,4.61
2026-01-10 01:05,-3.65,-507.01,0.00,0.00,40.00,41.34,0.11,0.00,15.99,2028.46,0.00,0.00,6.83,0.00,18.77,0.79,0.00,0.00,1.92,1.38,0.01,0.00,18.73,4.63
2026-01-10 01:10,-11.88,-489.00,0.00,0.00,41.00,41.34,0.11,0.00,29.45,1997.89,0.00,0.00,4.45,0.00,18.73,0.78,0.00,0.00,1.97,1.38,0.01,0.00,19.24,4.63
2026-01-10 01:15,-16.24,-484.88,0.00,-0.10,40.00,41.34,0.11,0.00,0.00,2005.60,0.00,0.00,3.67,0.00,18.70,0.77,0.00,0.00,1.92,1.38,0.01,0.00,19.23,-2.00
2026-01-10 01:20,-15.70,-408.34,0.00,-0.10,40.00,41.34,0.11,0.00,0.07,1924.59,0.00,0.00,95.72,0.00,18.67,0.67,0.00,0.00,1.92,1.38,0.01,0.00,20.00,0.00
2026-01-10 01:25,-10.50,-476.62,0.00,0.00,41.00,41.34,0.11,0.00,0.09,1994.56,0.00,0.00,6.55,0.00,18.63,0.77,0.00,0.00,1.97,1.38,0.01,0.00,19.53,-2.57
2026-01-10 01:30,-6.12,-300.13,0.00,-0.10,40.00,42.02,0.11,0.00,0.80,1801.10,0.00,0.00,207.08,0.00,18.60,0.53,0.00,0.00,1.92,1.41,0.01,0.00,21.31,-2.00
2026-01-10 01:35,-15.29,-343.51,0.00,0.00,40.00,41.34,0.11,0.00,0.80,1831.64,0.00,0.00,130.57,0.00,18.55,0.59,0.00,0.00,1.92,1.38,0.01,0.00,20.96,-2.59
2026-01-10 01:40,-19.54,-292.41,0.00,0.00,40.00,41.34,0.11,0.00,5.20,1780.98,0.00,0.00,204.82,0.00,18.50,0.52,0.00,0.00,1.92,1.38,0.01,0.00,21.54,-2.00
2026-01-10 01:45,-19.56,-350.20,0.00,0.00,40.00,41.34,0.11,0.00,0.08,1854.52,0.00,0.00,128.30,0.00,18.45,0.60,0.00,0.00,1.92,1.38,0.01,0.00,20.78,-2.57
2026-01-10 01:50,-10.61,-288.18,0.00,0.00,40.00,41.34,0.11,0.00,3.97,1784.65,0.00,0.00,206.39,0.00,18.40,0.51,0.00,0.00,1.92,1.38,0.01,0.00,21.39,-5.48
2026-01-10 01:55,-6.70,-285.74,0.00,0.00,40.00,41.34,0.11,0.00,10.85,1760.94,0.00,0.00,224.67,0.00,18.35,0.51,0.00,0.00,1.92,1.38,0.01,0.00,21.53,-5.48
2026-01-10 02:00,-9.19,-270.69,0.00,0.00,40.00,42.02,0.11,0.00,0.11,1741.77,0.00,0.00,220.99,0.00,18.30,0.49,0.00,0.00,1.92,1.41,0.01,0.00,22.06,-2.55
2026-01-10 02:05,-3.33,-259.61,0.00,0.00,41.00,42.02,0.11,0.00,4.11,1736.32,0.00,0.00,207.47,0.00,18.23,0.48,0.00,0.00,1.97,1.41,0.01,0.00,22.30,-6.00
2026-01-10 02:10,-11.36,-228.64,0.00,0.00,40.00,41.34,0.11,0.00,4.47,1688.51,0.00,0.00,279.16,0.00,18.17,0.43,0.00,0.00,1.92,1.38,0.01,0.00,22.55,-2.58
2026-01-10 02:15,-16.09,-263.07,0.00,0.00,40.00,42.02,0.11,0.00,0.00,1719.23,0.00,0.00,213.58,0.00,18.10,0.49,0.00,0.00,1.92,1.41,0.01,0.00,22.44,-6.44
2026-01-10 02:20,-8.28,-159.39,0.00,0.00,40.00,42.02,0.10,0.00,0.15,1587.51,0.00,0.00,348.39,0.00,18.03,0.32,0.00,0.00,1.92,1.41,0.01,0.00,24.08,-6.50
2026-01-10 02:25,-12.92,-167.20,0.00,0.00,40.00,41.34,0.11,0.00,11.99,1569.14,0.00,0.00,335.71,0.00,17.97,0.33,0.00,0.00,1.92,1.38,0.01,0.00,24.10,-7.01
2026-01-10 02:30,-10.80,-116.06,0.00,-0.10,40.00,42.02,0.11,0.00,0.25,1519.90,0.00,0.00,379.11,0.00,17.90,0.24,0.00,0.00,1.92,1.41,0.01,0.00,25.15,-7.01
2026-01-10 02:35,-9.35,-35.70,0.00,-0.10,40.00,41.34,0.11,0.00,0.15,1437.87,0.00,0.00,418.40,0.00,17.87,0.08,0.00,0.00,1.92,1.38,0.01,0.00,26.31,-6.50
2026-01-10 02:40,-11.89,-73.88,0.00,-0.10,40.00,41.34,0.11,0.00,0.00,1501.64,0.00,0.00,362.64,0.00,17.83,0.15,0.00,0.00,1.92,1.38,0.01,0.00,25.30,-6.00
2026-01-10 02:45,-8.84,-145.13,0.00,-0.10,40.00,41.34,0.11,0.00,0.36,1551.17,0.00,0.00,312.32,0.00,17.80,0.29,0.00,0.00,1.92,1.38,0.01,0.00,24.48,-2.61
2026-01-10 02:50,-39.60,-247.97,0.00,0.00,40.00,42.02,0.11,0.00,0.11,1682.39,0.00,0.00,209.69,0.00,17.77,0.47,0.00,0.00,1.92,1.41,0.01,0.00,23.27,-5.49
2026-01-10 02:55,-9.46,-279.08,0.00,0.00,40.00,41.34,0.11,0.00,0.49,1688.50,0.00,0.00,223.45,0.00,17.73,0.52,0.00,0.00,1.92,1.38,0.01,0.00,22.58,-6.50
2026-01-10 03:00,-27.96,-130.26,0.00,0.00,40.00,42.02,0.11,0.00,0.12,1538.12,0.00,0.00,378.68,0.00,17.70,0.27,0.00,0.00,1.92,1.41,0.01,0.00,25.16,-7.98
2026-01-10 03:05,-9.57,0.00,27.26,0.00,40.00,42.02,0.11,0.00,0.13,1349.38,0.00,0.00,574.53,0.00,17.65,0.00,1.25,0.00,1.92,1.41,0.01,0.00,39.46,-7.01
2026-01-10 03:10,-76.83,0.00,38.14,0.00,40.00,42.02,0.11,0.00,0.13,1415.11,0.00,0.00,426.52,0.00,17.60,0.00,1.76,0.00,1.92,1.41,0.01,0.00,44.20,-7.24
2026-01-10 03:15,-8.24,-59.05,0.00,0.00,40.00,42.02,0.11,0.00,0.16,1417.43,0.00,0.00,508.43,0.00,17.55,0.13,0.00,0.00,1.92,1.41,0.01,0.00,26.82,-6.55
2026-01-10 03:20,-11.42,-175.30,0.00,0.00,40.00,42.02,0.11,0.00,0.16,1531.13,0.00,0.00,409.72,0.00,17.50,0.36,0.00,0.00,1.92,1.41,0.01,0.00,24.99,-6.37
2026-01-10 03:25,-3.64,-202.67,0.00,0.00,40.00,42.02,0.11,0.00,0.34,1549.89,0.00,0.00,363.17,0.00,17.45,0.37,0.00,0.00,1.92,1.41,0.01,0.00,24.94,-6.30
2026-01-10 03:30,-2.11,-161.80,0.00,0.00,41.00,41.34,0.11,0.00,1.23,1505.58,0.00,0.00,350.61,0.00,17.40,0.34,0.00,0.00,1.97,1.38,0.01,0.00,25.40,-6.39
2026-01-10 03:35,-1.36,-161.03,0.00,0.00,40.00,42.02,0.11,0.00,0.54,1503.00,0.00,0.00,353.98,0.00,17.35,0.34,0.00,0.00,1.92,1.41,0.01,0.00,25.25,-6.39
2026-01-10 03:40,-6.80,-135.00,0.00,0.00,40.00,42.02,0.11,0.00,0.78,1484.10,0.00,0.00,335.93,0.00,17.30,0.29,0.00,0.00,1.92,1.41,0.01,0.00,25.65,-7.14
2026-01-10 03:45,-8.64,-5.27,0.00,0.00,40.00,42.02,0.11,0.00,0.06,1360.05,0.00,0.00,459.25,0.00,17.25,0.01,0.00,0.00,1.92,1.41,0.01,0.00,27.90,-8.37
2026-01-10 03:50,-3.46,0.00,55.42,0.00,40.00,41.34,0.11,0.00,0.21,1271.15,0.00,0.00,544.70,0.00,17.20,0.00,2.55,0.00,1.92,1.38,0.01,0.00,54.39,-6.50
2026-01-10 03:55,-1.02,-121.46,0.00,0.00,40.00,41.34,0.10,0.00,15.56,1430.37,0.00,0.00,342.23,0.00,17.15,0.26,0.00,0.00,1.92,1.38,0.01,0.00,26.03,-6.88
2026-01-10 04:00,-1.38,-205.77,0.00,0.00,40.00,42.02,0.11,0.00,0.46,1539.48,0.00,0.00,321.24,0.00,17.10,0.42,0.00,0.00,1.92,1.41,0.01,0.00,24.68,-6.88
2026-01-10 04:05,-3.26,-131.65,0.00,-0.10,40.00,41.34,0.11,0.00,0.28,1479.40,0.00,0.00,358.30,0.00,17.08,0.27,0.00,0.00,1.92,1.38,0.01,0.00,25.55,-6.00
2026-01-10 04:10,-0.21,-401.71,0.00,-0.10,42.00,42.02,0.11,0.00,17.31,1738.63,0.00,0.00,6.28,0.00,17.07,0.78,0.00,0.00,2.02,1.41,0.01,0.00,22.09,-7.97
2026-01-10 04:15,-3.14,-193.70,0.00,0.00,41.00,42.02,0.11,0.00,0.07,1532.54,0.00,0.00,310.72,0.00,17.05,0.41,0.00,0.00,1.97,1.41,0.01,0.00,25.16,-7.78
2026-01-10 04:20,-4.79,-186.84,0.00,0.00,40.00,42.02,0.11,0.00,0.30,1514.21,0.00,0.00,288.02,0.00,17.03,0.39,0.00,0.00,1.92,1.41,0.01,0.00,25.13,-7.97
2026-01-10 04:25,-2.04,-177.82,0.00,0.00,40.00,42.02,0.11,0.00,0.38,1518.98,0.00,0.00,307.22,0.00,17.02,0.37,0.00,0.00,1.92,1.41,0.01,0.00,25.00,-8.11
2026-01-10 04:30,-5.52,-77.95,0.00,0.00,40.00,42.02,0.11,0.00,0.13,1401.26,0.00,0.00,430.49,0.00,17.00,0.17,0.00,0.00,1.92,1.41,0.01,0.00,27.12,-6.45
2026-01-10 04:35,-0.19,-104.59,0.00,0.00,41.00,42.02,0.11,0.00,6.94,1419.28,0.00,0.00,343.61,0.00,16.95,0.23,0.00,0.00,1.97,1.41,0.01,0.00,26.94,-7.25
2026-01-10 04:40,-4.95,0.00,25.25,0.00,40.00,42.02,0.11,0.00,0.18,1305.75,0.00,0.00,472.98,0.00,16.90,0.00,1.22,0.00,1.92,1.41,0.01,0.00,40.23,-6.65
2026-01-10 04:45,-2.59,0.00,10.25,0.00,40.00,42.02,0.11,0.00,0.24,1324.87,0.00,0.00,417.96,0.00,16.85,0.00,0.50,0.00,1.92,1.41,0.01,0.00,32.99,-6.00
2026-01-10 04:50,-2.23,-47.48,0.00,0.00,40.00,42.02,0.11,0.00,0.24,1366.93,0.00,0.00,356.30,0.00,16.80,0.10,0.00,0.00,1.92,1.41,0.01,0.00,27.68,-6.00
2026-01-10 04:55,-0.86,-57.29,0.00,0.00,40.00,41.34,0.11,0.00,14.12,1373.56,0.00,0.00,322.87,0.00,16.75,0.13,0.00,0.00,1.92,1.38,0.01,0.00,27.09,-6.00
2026-01-10 05:00,-0.56,-67.63,0.00,0.00,40.00,42.02,0.11,0.00,0.29,1393.06,0.00,0.00,314.22,0.00,16.70,0.15,0.00,0.00,1.92,1.41,0.01,0.00,27.16,-6.00
2026-01-10 05:05,-3.82,-28.98,0.00,0.00,40.00,42.02,0.11,0.00,0.41,1356.35,0.00,0.00,330.72,0.00,16.70,0.06,0.00,0.00,1.92,1.41,0.01,0.00,27.90,0.00
2026-01-10 05:10,-4.06,-292.55,0.00,0.00,43.00,42.02,0.11,0.00,8.22,1632.67,0.00,0.00,0.00,0.00,16.70,0.63,0.00,0.00,2.06,1.41,0.01,0.00,23.91,-2.00
2026-01-10 05:15,-0.16,-218.86,0.00,0.00,42.00,41.34,0.11,0.00,1.68,1564.52,0.00,0.00,127.05,0.00,16.70,0.45,0.00,0.00,2.02,1.38,0.01,0.00,24.81,-1.99
2026-01-10 05:20,-8.60,-246.00,0.00,0.00,40.00,42.02,0.11,0.00,0.19,1579.23,0.00,0.00,60.35,0.00,16.70,0.50,0.00,0.00,1.92,1.41,0.01,0.00,24.18,-2.00
2026-01-10 05:25,-4.97,-182.04,0.00,0.00,40.00,42.02,0.11,0.00,0.35,1516.04,0.00,0.00,101.87,0.00,16.70,0.38,0.00,0.00,1.92,1.41,0.01,0.00,25.14,-1.99
2026-01-10 05:30,-3.85,-183.40,0.00,0.00,40.00,41.34,0.11,0.00,0.27,1530.93,0.00,0.00,26.62,0.00,16.70,0.38,0.00,0.00,1.92,1.38,0.01,0.00,24.70,11.51
2026-01-10 05:35,-0.94,-260.57,0.00,0.00,40.00,42.02,0.11,0.00,0.95,1591.68,0.00,0.34,0.00,0.00,16.65,0.52,0.00,0.00,1.92,1.41,0.01,0.00,23.89,11.72
2026-01-10 05:40,-0.27,-272.68,0.00,0.00,40.00,42.02,0.11,0.00,0.54,1614.22,0.00,0.67,0.00,0.00,16.60,0.54,0.00,0.00,1.92,1.41,0.01,0.00,23.56,11.83
2026-01-10 05:45,-1.03,-267.55,0.00,0.00,40.00,42.02,0.11,0.00,0.62,1610.11,0.00,1.01,0.00,0.00,16.55,0.53,0.00,0.00,1.92,1.41,0.01,0.00,23.63,15.62
2026-01-10 05:50,-6.05,-258.90,0.00,0.00,40.00,42.02,0.11,0.00,0.38,1606.12,0.00,1.34,0.00,0.00,16.50,0.51,0.00,0.00,1.92,1.41,0.01,0.00,23.76,9.90
2026-01-10 05:55,-2.65,-286.92,0.00,-0.10,40.00,42.02,0.11,0.00,0.18,1623.12,0.03,1.68,0.00,0.00,16.45,0.56,0.00,0.00,1.92,1.41,0.01,0.00,23.47,-1.99
2026-01-10 06:00,-2.64,-271.90,0.00,0.00,42.00,42.02,0.11,0.00,2.66,1610.38,0.22,2.02,1.81,0.00,16.40,0.55,0.00,0.00,2.02,1.41,0.01,0.00,24.25,3.80
2026-01-10 06:05,-14.23,-258.43,0.00,0.00,40.00,42.02,0.11,0.00,0.22,1602.80,0.74,8.49,0.00,0.00,16.40,0.51,0.00,0.00,1.92,1.41,0.01,0.00,23.82,4.61
2026-01-10 06:10,-6.08,-244.60,0.00,0.00,41.00,42.02,0.11,0.00,1.70,1596.49,1.66,14.96,0.00,0.00,16.40,0.49,0.00,0.00,1.97,1.41,0.01,0.00,23.96,4.57
2026-01-10 06:15,-0.14,-246.44,0.00,0.00,41.00,42.02,0.10,0.00,1.34,1565.65,2.75,21.43,0.00,0.00,16.40,0.50,0.00,0.00,1.97,1.41,0.01,0.00,24.18,-2.00
2026-01-10 06:20,-3.94,-97.82,0.00,0.00,41.00,42.02,0.11,0.00,0.15,1408.48,5.52,27.90,138.89,0.00,16.40,0.22,0.00,0.00,1.97,1.41,0.01,0.00,26.64,-3.82
2026-01-10 06:25,-3.07,-87.01,0.00,0.00,40.00,42.02,0.11,0.00,0.46,1361.66,8.04,34.38,181.28,0.00,16.40,0.20,0.00,0.00,1.92,1.41,0.01,0.00,26.92,-3.92
2026-01-10 06:30,-8.20,-111.17,0.00,0.00,40.00,42.02,0.11,0.00,0.11,1377.26,9.19,40.85,177.63,1.50,16.40,0.25,0.00,0.00,1.92,1.41,0.01,0.00,26.59,-6.00
2026-01-10 06:35,-2.85,-89.71,0.00,0.00,40.00,42.69,0.10,0.00,0.45,1374.00,11.94,52.45,202.79,2.54,16.43,0.20,0.00,0.00,1.92,1.43,0.01,0.00,26.45,-6.00
2026-01-10 06:40,-0.08,-148.04,0.00,0.00,42.00,42.02,0.11,0.00,18.72,1403.63,11.94,64.06,206.73,2.60,16.47,0.33,0.00,0.00,2.02,1.41,0.01,0.00,25.89,-5.28
2026-01-10 06:45,-0.37,-162.18,0.00,0.00,42.00,42.69,0.11,0.00,1.29,1429.73,15.63,75.66,184.49,1.12,16.50,0.37,0.00,0.00,2.02,1.43,0.01,0.00,25.64,-6.00
2026-01-10 06:50,-5.99,-63.92,0.00,0.00,42.00,42.02,0.11,0.00,0.67,1305.28,17.65,87.26,313.37,1.99,16.53,0.16,0.00,0.00,2.02,1.41,0.01,0.00,27.56,-7.25
2026-01-10 06:55,-0.01,0.00,9.61,0.00,45.00,42.02,0.11,0.00,24.13,1165.15,21.17,98.87,463.51,6.99,16.57,0.00,0.45,0.00,2.16,1.41,0.01,0.00,34.82,-11.66
2026-01-10 07:00,-12.65,0.00,103.26,0.00,40.00,42.02,0.11,0.00,0.17,1092.48,19.60,110.47,583.00,14.89,16.60,0.00,4.80,0.00,1.92,1.41,0.01,0.00,82.08,-13.67
2026-01-10 07:05,-4.12,0.00,122.16,0.00,42.00,42.02,0.11,0.00,5.88,1055.75,27.77,139.41,641.00,27.36,16.70,0.00,5.77,0.00,2.02,1.41,0.01,0.00,93.01,-14.44
2026-01-10 07:10,-0.02,0.00,296.50,0.00,43.00,42.02,0.11,0.00,9.23,816.89,28.97,168.35,918.23,21.40,16.80,0.00,14.05,0.00,2.06,1.41,0.01,0.00,259.08,-7.12
2026-01-10 07:15,-0.03,0.00,152.37,0.00,43.00,42.02,0.10,0.00,8.10,932.74,49.42,197.29,735.25,12.26,16.90,0.00,7.25,0.00,2.06,1.41,0.01,0.00,114.95,-6.90
2026-01-10 07:20,-4.67,0.00,13.30,0.00,40.00,42.02,0.11,0.00,0.07,1040.06,68.41,226.23,688.61,6.92,17.00,0.00,0.65,0.00,1.92,1.41,0.01,0.00,34.19,-6.72
2026-01-10 07:25,-5.11,-94.83,0.00,0.00,45.00,42.02,0.11,0.00,12.62,1083.37,98.53,255.16,636.77,13.89,17.10,0.26,0.00,0.00,2.16,1.41,0.01,0.00,27.63,-6.61
2026-01-10 07:30,-0.01,-69.45,0.00,0.00,45.00,42.02,0.11,0.00,13.48,1077.14,78.82,284.10,634.33,13.65,17.20,0.20,0.00,0.00,2.16,1.41,0.01,0.00,27.53,-6.66
2026-01-10 07:35,-2.00,-81.76,0.00,0.00,40.00,42.02,0.11,0.00,0.39,1099.55,100.13,304.48,648.33,13.78,17.13,0.21,0.00,0.00,1.92,1.41,0.01,0.00,24.92,-11.66
2026-01-10 07:40,-9.76,0.00,212.80,0.00,43.00,42.02,0.11,0.00,7.20,808.84,50.65,324.86,927.50,69.35,17.07,0.00,10.71,0.00,2.06,1.41,0.01,0.00,161.46,-7.85
2026-01-10 07:45,-1.29,-18.58,0.00,0.00,42.00,42.02,0.11,0.00,2.19,980.85,67.86,345.23,790.97,49.25,17.00,0.06,0.00,0.00,2.02,1.41,0.01,0.00,27.72,-13.42
2026-01-10 07:50,-5.51,0.00,178.28,0.00,44.00,42.02,0.11,0.00,4.45,816.95,90.43,365.61,951.77,32.63,16.93,0.00,9.21,0.00,2.11,1.41,0.01,0.00,129.55,-13.78
2026-01-10 07:55,-18.63,0.00,197.64,0.00,42.00,42.02,0.11,0.00,1.43,800.82,55.55,385.99,919.41,35.92,16.87,0.00,10.47,0.00,2.02,1.41,0.01,0.00,150.01,-15.52
2026-01-10 08:00,-1.30,0.00,241.89,0.00,41.00,42.69,0.11,0.00,1.16,757.55,52.10,406.36,959.67,67.14,16.80,0.00,13.01,0.00,1.97,1.43,0.01,0.00,186.17,-15.55
2026-01-10 08:05,-0.05,0.00,260.83,0.00,44.00,42.02,0.11,0.00,7.82,757.57,29.32,428.74,994.59,95.01,16.92,0.00,14.53,0.00,2.11,1.41,0.01,0.00,206.62,-15.46
2026-01-10 08:10,-2.06,0.00,211.30,0.00,43.00,42.02,0.11,0.00,26.85,750.58,24.50,451.11,979.47,91.53,17.03,0.00,11.70,0.00,2.06,1.41,0.01,0.00,161.93,-15.40
2026-01-10 08:15,-2.99,0.00,203.84,0.00,40.00,42.02,0.11,0.00,14.01,716.12,58.33,473.48,979.68,106.23,17.15,0.00,11.36,0.00,1.92,1.41,0.01,0.00,155.02,-15.08
2026-01-10 08:20,-27.54,0.00,149.76,0.00,44.00,42.02,0.11,0.00,22.19,742.56,63.22,495.86,1007.99,125.88,17.27,0.00,8.21,0.00,2.11,1.41,0.01,0.00,114.26,-8.50
2026-01-10 08:25,-44.35,0.00,36.77,0.00,43.00,42.02,0.11,0.00,9.99,870.32,76.33,518.23,843.56,148.56,17.38,0.00,2.19,0.00,2.06,1.41,0.01,0.00,45.98,-15.08
2026-01-10 08:30,-29.26,0.00,167.58,0.00,40.00,42.02,0.11,0.00,0.19,756.35,85.80,540.60,1006.51,149.23,17.50,0.00,9.72,0.00,1.92,1.41,0.01,0.00,123.48,-15.08
2026-01-10 08:35,-121.29,0.00,258.65,0.00,44.00,42.02,0.11,0.00,12.06,757.39,76.62,576.46,980.75,185.07,17.55,0.00,15.06,0.00,2.11,1.41,0.01,0.00,197.64,-15.08
2026-01-10 08:40,-118.59,0.00,264.55,0.00,40.00,42.02,0.10,0.00,0.03,753.41,20.45,612.32,982.61,164.38,17.60,0.00,14.39,0.00,1.92,1.41,0.01,0.00,195.96,-15.50
2026-01-10 08:45,-113.44,0.00,243.98,0.00,43.00,42.02,0.11,0.00,2.31,773.10,9.83,648.17,1013.70,240.22,17.65,0.00,13.40,0.00,2.06,1.41,0.01,0.00,174.44,-15.58
2026-01-10 08:50,-137.74,0.00,238.49,0.00,41.00,42.02,0.11,0.00,5.22,769.01,8.92,684.03,934.38,213.66,17.70,0.00,13.31,0.00,1.97,1.41,0.01,0.00,170.58,-18.89
2026-01-10 08:55,-7.84,0.00,135.25,0.00,43.00,42.02,0.11,0.00,2.67,754.39,8.25,719.88,936.22,226.30,17.75,0.00,7.85,0.00,2.06,1.41,0.01,0.00,95.21,-15.46
2026-01-10 09:00,-14.78,0.00,87.36,0.00,40.00,42.02,0.11,0.00,0.12,747.31,26.14,755.74,972.32,187.45,17.80,0.00,5.02,0.00,1.92,1.41,0.01,0.00,66.45,-18.87
2026-01-10 09:05,-3.55,0.00,49.19,0.00,42.00,42.02,0.11,0.00,0.58,742.66,10.70,767.54,971.24,183.75,17.88,0.00,2.84,0.00,2.02,1.41,0.01,0.00,48.45,-20.00
2026-01-10 09:10,-10.38,0.00,140.25,0.00,41.00,42.69,0.11,0.00,0.49,673.16,7.30,779.34,1031.08,395.91,17.97,0.00,8.11,0.00,1.97,1.43,0.01,0.00,99.17,-20.00
2026-01-10 09:15,-109.85,0.00,221.12,0.00,41.00,42.02,0.11,0.00,0.99,668.95,6.57,791.13,1011.97,222.12,18.05,0.00,12.67,0.00,1.97,1.41,0.01,0.00,157.88,-33.21
2026-01-10 09:20,-112.73,0.00,271.57,0.00,41.00,42.02,0.11,0.00,0.73,603.36,9.96,802.93,1067.05,233.08,18.13,0.00,15.75,0.00,1.97,1.41,0.01,0.00,205.78,-36.05
2026-01-10 09:25,-138.24,0.00,280.82,0.00,40.00,42.02,0.11,0.00,0.17,602.36,9.11,814.73,1040.20,261.12,18.22,0.00,16.29,0.00,1.92,1.41,0.01,0.00,216.14,-34.77
2026-01-10 09:30,-263.25,0.00,405.22,0.00,41.00,42.02,0.11,0.00,0.20,557.79,7.14,826.53,1094.67,235.67,18.30,0.00,23.42,0.00,1.97,1.41,0.01,0.00,398.88,-35.85
2026-01-10 09:35,-142.67,0.00,265.89,0.00,42.00,42.02,0.11,0.00,0.04,560.61,10.91,864.48,1071.88,311.55,18.40,0.00,15.93,0.00,2.02,1.41,0.01,0.00,209.00,-33.35
2026-01-10 09:40,-141.90,0.00,247.26,0.00,41.00,42.02,0.11,0.00,0.90,568.52,7.46,902.43,1071.17,305.75,18.50,0.00,14.70,0.00,1.97,1.41,0.01,0.00,184.88,-24.72
2026-01-10 09:45,-145.84,0.00,198.93,0.00,40.00,43.36,0.11,0.00,0.73,565.49,6.68,940.38,1084.03,351.67,18.60,0.00,11.61,0.00,1.92,1.45,0.01,0.00,143.65,-43.40
2026-01-10 09:50,-150.42,0.00,148.57,0.00,41.00,42.02,0.11,0.00,0.02,553.03,5.80,978.33,1125.80,334.51,18.70,0.00,8.99,0.00,1.97,1.41,0.01,0.00,112.38,-41.30
2026-01-10 09:55,-27.28,0.00,16.61,0.00,41.00,42.02,0.11,0.00,0.12,555.94,5.79,1016.28,1138.77,244.04,18.80,0.00,1.00,0.00,1.97,1.41,0.01,0.00,32.52,-46.48
2026-01-10 10:00,-56.27,0.00,24.36,0.00,40.00,42.02,0.11,0.00,0.02,576.06,5.42,1054.22,1126.15,367.56,18.90,0.00,1.48,0.00,1.92,1.41,0.01,0.00,35.27,-42.36
2026-01-10 10:05,-154.73,0.00,36.00,0.00,40.00,42.02,0.11,0.00,0.06,573.04,9.67,1086.12,1080.00,363.97,19.00,0.00,2.16,0.00,1.92,1.41,0.01,0.00,42.26,-41.18
2026-01-10 10:10,-149.47,0.00,51.36,0.00,40.00,42.69,0.11,0.00,0.17,576.45,6.35,1118.02,1106.51,294.86,19.10,0.00,3.06,0.00,1.92,1.43,0.01,0.00,48.62,-54.37
2026-01-10 10:15,-133.22,0.00,48.46,0.00,43.00,42.02,0.11,0.00,2.09,564.76,5.64,1149.92,1120.65,378.23,19.20,0.00,3.02,0.00,2.06,1.41,0.01,0.00,47.94,-50.30
2026-01-10 10:20,-68.59,-36.26,0.00,0.00,41.00,42.02,0.11,0.00,0.42,574.56,7.53,1181.82,1048.76,374.16,19.30,0.18,0.00,0.00,1.97,1.41,0.01,0.00,22.01,-46.11
2026-01-10 10:25,-96.40,-3.48,0.00,0.00,44.00,42.69,0.11,0.00,4.37,557.75,6.20,1213.72,1138.54,361.23,19.40,0.02,0.00,0.00,2.11,1.43,0.01,0.00,23.94,-42.02
2026-01-10 10:30,-176.02,0.00,80.95,0.00,42.00,42.02,0.11,0.00,1.69,533.94,5.99,1245.62,1068.59,393.84,19.50,0.00,4.97,0.00,2.02,1.41,0.01,0.00,62.41,-40.57
2026-01-10 10:35,-62.99,-51.11,0.00,0.00,42.00,42.69,0.11,0.00,1.04,567.21,7.99,1250.24,1033.56,387.33,19.58,0.27,0.00,0.00,2.02,1.43,0.01,0.00,21.26,-41.80
2026-01-10 10:40,-171.97,0.00,86.57,0.00,41.00,42.69,0.10,0.00,0.02,552.27,5.89,1254.86,1041.97,427.90,19.67,0.00,5.25,0.00,1.97,1.43,0.01,0.00,63.39,-45.66
2026-01-10 10:45,-44.45,-21.86,0.00,0.00,43.00,42.69,0.10,0.00,1.55,537.28,6.00,1259.48,1068.40,417.29,19.75,0.12,0.00,0.00,2.06,1.43,0.01,0.00,22.22,-49.58
2026-01-10 10:50,-72.94,-39.41,0.00,0.00,40.00,42.02,0.11,0.00,0.05,556.42,8.00,1264.09,1079.48,429.78,19.83,0.20,0.00,0.00,1.92,1.41,0.01,0.00,20.88,-45.29
2026-01-10 10:55,-122.01,0.00,10.89,0.00,43.00,42.02,0.11,0.00,2.93,552.36,5.98,1268.71,1085.88,407.27,19.92,0.00,0.65,0.00,2.06,1.41,0.01,0.00,27.80,-41.29
2026-01-10 11:00,-146.65,0.00,27.05,0.00,40.00,42.02,0.11,0.00,0.01,555.32,5.16,1273.33,1112.66,378.39,20.00,0.00,1.60,0.00,1.92,1.41,0.01,0.00,33.99,-52.24
2026-01-10 11:05,-246.50,0.00,120.83,0.00,40.00,42.02,0.10,0.00,0.02,544.79,7.67,1276.38,1061.94,396.11,19.88,0.00,7.34,0.00,1.92,1.41,0.01,0.00,82.99,-55.34
2026-01-10 11:10,-157.59,0.00,14.34,0.00,43.00,42.02,0.10,0.00,2.66,558.30,4.77,1279.43,1064.21,453.21,19.77,0.00,0.90,0.00,2.06,1.41,0.01,0.00,29.85,-42.88
2026-01-10 11:15,-254.20,0.00,119.26,0.00,43.00,42.02,0.11,0.00,3.28,536.32,5.47,1282.48,1079.81,463.48,19.65,0.00,7.07,0.00,2.06,1.41,0.01,0.00,82.20,-48.41
2026-01-10 11:20,-283.39,0.00,128.47,0.00,39.00,42.02,0.11,0.00,0.01,564.09,8.92,1285.53,1046.72,452.54,19.53,0.00,7.79,0.00,1.87,1.41,0.01,0.00,87.02,-59.00
2026-01-10 11:25,-272.31,0.00,152.54,-0.10,42.00,42.02,0.11,0.00,0.78,529.21,3.86,1288.58,1062.42,435.41,19.42,0.00,9.82,0.00,2.02,1.41,0.01,0.00,107.33,-60.21
2026-01-10 11:30,-437.94,0.00,284.69,-0.10,40.00,42.69,0.11,0.00,0.02,560.34,2.74,1291.63,1083.71,437.40,19.30,0.00,17.78,0.00,1.92,1.43,0.01,0.00,208.74,-49.32
2026-01-10 11:35,-359.23,0.00,218.46,-0.10,43.00,42.02,0.11,0.00,0.01,523.79,6.13,1289.30,1025.74,427.22,19.53,0.00,13.66,0.00,2.06,1.41,0.01,0.00,155.06,-56.83
2026-01-10 11:40,-245.21,0.00,94.30,-0.10,43.00,42.02,0.11,0.00,0.00,539.73,4.29,1286.97,1152.97,438.09,19.77,0.00,6.02,0.00,2.06,1.41,0.01,0.00,72.28,-58.20
2026-01-10 11:45,-337.72,0.00,193.15,-0.10,40.00,42.02,0.11,0.00,0.02,524.78,2.90,1284.64,1063.83,447.44,20.00,0.00,12.49,0.00,1.92,1.41,0.01,0.00,139.30,-58.72
2026-01-10 11:50,-369.39,0.00,183.50,0.00,42.00,42.02,0.11,0.00,0.00,543.84,5.58,1282.31,1053.38,443.45,20.23,0.00,11.90,0.00,2.02,1.41,0.01,0.00,134.95,-48.74
2026-01-10 11:55,-364.69,0.00,182.61,0.00,40.00,42.02,0.11,0.00,0.01,517.15,3.78,1279.97,1096.58,428.54,20.47,0.00,11.41,0.00,1.92,1.41,0.01,0.00,132.46,-47.28
2026-01-10 12:00,-368.55,0.00,124.81,0.00,40.00,42.02,0.11,0.00,0.01,538.59,4.25,1277.64,1003.06,461.93,20.70,0.00,7.45,0.00,1.92,1.41,0.01,0.00,91.85,-49.86
2026-01-10 12:05,-327.55,0.00,54.41,0.00,40.00,42.02,0.11,0.00,2.78,550.41,4.02,1299.88,1062.71,471.85,20.58,0.00,3.41,0.00,1.92,1.41,0.01,0.00,51.97,-56.29
2026-01-10 12:10,-98.42,-172.17,0.00,0.00,40.00,42.69,0.10,0.00,3.09,544.40,7.71,1322.13,1080.00,471.06,20.47,0.91,0.00,0.00,1.92,1.43,0.01,0.00,17.40,-53.60
2026-01-10 12:15,-124.49,-157.52,0.00,0.00,40.00,42.02,0.11,0.00,2.84,528.96,4.26,1344.37,1084.13,465.20,20.35,0.85,0.00,0.00,1.92,1.41,0.01,0.00,17.73,-54.61
2026-01-10 12:20,-250.04,-51.76,0.00,0.00,43.00,42.02,0.11,0.00,5.67,530.63,3.95,1366.61,1105.18,434.42,20.23,0.29,0.00,0.00,2.06,1.41,0.01,0.00,22.64,-47.15
2026-01-10 12:25,-381.67,0.00,76.57,0.00,40.00,42.02,0.11,0.00,0.00,514.76,8.50,1388.85,1047.27,452.94,20.12,0.00,4.64,0.00,1.92,1.41,0.01,0.00,62.28,-46.82
2026-01-10 12:30,-358.18,0.00,32.26,0.00,41.00,42.69,0.11,0.00,0.00,522.60,6.58,1411.09,1045.77,431.49,20.00,0.00,2.00,0.00,1.97,1.43,0.01,0.00,39.68,-53.68
2026-01-10 12:35,-232.50,-112.47,0.00,0.00,42.00,42.02,0.11,0.00,1.12,544.59,5.08,1424.21,1087.81,460.59,20.18,0.61,0.00,0.00,2.02,1.41,0.01,0.00,19.75,-56.34
2026-01-10 12:40,-236.47,-104.68,0.00,0.00,40.00,42.02,0.11,0.00,0.01,532.71,7.42,1437.33,1109.19,473.72,20.37,0.56,0.00,0.00,1.92,1.41,0.01,0.00,19.36,-55.33
2026-01-10 12:45,-349.87,-36.51,0.00,0.00,43.00,42.02,0.11,0.00,0.15,573.23,4.79,1450.45,1075.70,478.14,20.55,0.19,0.00,0.00,2.06,1.41,0.01,0.00,22.83,-55.28
2026-01-10 12:50,-391.72,-6.83,0.00,0.00,41.00,42.02,0.11,0.00,0.01,559.37,3.59,1463.56,1084.36,431.35,20.73,0.04,0.00,0.00,1.97,1.41,0.01,0.00,23.46,-57.66
2026-01-10 12:55,-339.16,-83.79,0.00,0.00,40.00,42.02,0.10,0.00,0.01,563.65,6.99,1476.68,1055.64,426.50,20.92,0.43,0.00,0.00,1.92,1.41,0.01,0.00,20.43,-56.48
2026-01-10 13:00,-232.86,-172.88,0.00,0.00,42.00,42.69,0.11,0.00,0.00,557.31,4.16,1489.80,1090.60,456.13,21.10,0.92,0.00,0.00,2.02,1.43,0.01,0.00,17.53,-56.28
2026-01-10 13:05,-241.83,-172.26,0.00,0.00,40.00,42.02,0.11,0.00,0.00,564.88,3.48,1495.59,1101.94,462.19,21.08,0.88,0.00,0.00,1.92,1.41,0.01,0.00,16.98,-54.85
2026-01-10 13:10,-124.10,-264.96,0.00,0.00,41.00,42.02,0.11,0.00,0.40,547.81,7.62,1501.38,1043.78,485.65,21.07,1.40,0.00,0.00,1.97,1.41,0.01,0.00,13.56,-56.29
2026-01-10 13:15,-235.85,-208.84,0.00,-0.10,42.00,42.02,0.11,0.00,1.00,556.98,4.54,1507.17,1046.16,469.78,21.05,1.11,0.00,0.00,2.02,1.41,0.01,0.00,16.30,-55.62
2026-01-10 13:20,-267.61,-195.05,0.00,0.00,40.00,42.69,0.10,0.00,0.07,547.61,3.56,1512.96,1057.09,508.77,21.03,1.03,0.00,0.00,1.92,1.43,0.01,0.00,16.55,-52.94
2026-01-10 13:25,-333.41,-158.16,0.00,0.00,42.00,42.02,0.11,0.00,1.50,547.94,6.31,1518.75,1031.83,491.33,21.02,0.85,0.00,0.00,2.02,1.41,0.01,0.00,18.58,-55.39
2026-01-10 13:30,-255.80,-208.17,0.00,0.00,42.00,42.02,0.11,0.00,0.10,523.54,4.43,1524.54,1048.92,485.63,21.00,1.17,0.00,0.00,2.02,1.41,0.01,0.00,16.23,-56.50
2026-01-10 13:35,-295.81,-170.14,0.00,0.00,41.00,42.02,0.11,0.00,0.00,537.80,3.67,1533.31,1042.35,524.24,21.05,0.92,0.00,0.00,1.97,1.41,0.01,0.00,17.45,-59.00
2026-01-10 13:40,-345.27,-154.24,0.00,0.00,41.00,42.02,0.11,0.00,0.01,562.44,5.77,1542.08,1074.52,435.92,21.10,0.80,0.00,0.00,1.97,1.41,0.01,0.00,18.28,-57.84
2026-01-10 13:45,-205.57,-276.77,0.00,0.00,43.00,42.02,0.11,0.00,1.10,566.44,3.19,1550.86,987.12,516.58,21.15,1.47,0.00,0.00,2.06,1.41,0.01,0.00,13.99,-70.50
2026-01-10 13:50,-339.71,-140.54,0.00,0.00,43.00,42.02,0.11,0.00,1.30,548.01,2.86,1559.63,1079.57,512.13,21.20,0.77,0.00,0.00,2.06,1.41,0.01,0.00,18.95,-59.04
2026-01-10 13:55,-323.35,-194.32,0.00,0.00,41.00,42.02,0.11,0.00,0.00,583.59,6.38,1568.40,1027.58,525.23,21.25,0.98,0.00,0.00,1.97,1.41,0.01,0.00,16.74,-59.00
2026-01-10 14:00,-202.81,-274.10,0.00,0.00,42.00,42.02,0.11,0.00,0.07,544.24,3.44,1577.17,1017.52,499.17,21.30,1.49,0.00,0.00,2.02,1.41,0.01,0.00,13.45,-60.61
2026-01-10 14:05,-344.24,-129.79,0.00,0.00,42.00,42.02,0.11,0.00,0.32,563.51,2.83,1564.24,978.94,505.23,21.30,0.68,0.00,0.00,2.02,1.41,0.01,0.00,18.92,-54.94
2026-01-10 14:10,-228.05,-270.88,0.00,0.00,40.00,42.02,0.11,0.00,0.00,590.42,6.49,1551.31,1014.13,519.44,21.30,1.33,0.00,0.00,1.92,1.41,0.01,0.00,13.89,-54.43
2026-01-10 14:15,-234.02,-233.22,0.00,0.00,40.00,42.02,0.11,0.00,0.00,562.21,3.26,1538.37,1036.36,531.98,21.30,1.20,0.00,0.00,1.92,1.41,0.01,0.00,14.89,-59.00
2026-01-10 14:20,-110.62,-359.47,0.00,0.00,40.00,42.02,0.11,0.00,0.70,578.73,2.84,1525.44,1036.89,409.72,21.30,1.80,0.00,0.00,1.92,1.41,0.01,0.00,10.67,-53.53
2026-01-10 14:25,-61.98,-389.88,0.00,0.00,43.00,42.02,0.11,0.00,5.37,550.46,5.85,1512.50,993.12,415.52,21.30,2.10,0.00,0.00,2.06,1.41,0.01,0.00,9.71,-55.20
2026-01-10 14:30,-170.99,-308.32,0.00,0.00,45.00,42.02,0.10,0.00,9.53,575.13,5.09,1499.57,1042.29,493.64,21.30,1.63,0.00,0.00,2.16,1.41,0.01,0.00,13.75,-51.25
2026-01-10 14:35,-188.36,-291.38,0.00,0.00,40.00,42.02,0.11,0.00,0.70,567.74,3.68,1495.34,1047.44,469.66,21.32,1.48,0.00,0.00,1.92,1.41,0.01,0.00,13.28,-50.68
2026-01-10 14:40,-205.26,-303.10,0.00,0.00,40.00,42.02,0.11,0.00,0.02,582.50,7.31,1491.10,933.71,459.50,21.33,1.50,0.00,0.00,1.92,1.41,0.01,0.00,13.27,-59.04
2026-01-10 14:45,-146.80,-349.95,0.00,0.00,42.00,42.02,0.11,0.00,4.24,593.55,4.07,1486.87,1005.38,497.93,21.35,1.75,0.00,0.00,2.02,1.41,0.01,0.00,12.03,-59.00
2026-01-10 14:50,-117.13,-349.83,0.00,0.00,41.00,42.69,0.11,0.00,3.79,587.99,2.86,1482.63,1026.27,511.48,21.37,1.75,0.00,0.00,1.97,1.43,0.01,0.00,11.68,-50.89
2026-01-10 14:55,-179.38,-281.07,0.00,0.00,44.00,42.02,0.11,0.00,15.55,542.17,7.69,1478.39,1026.31,524.85,21.38,1.52,0.00,0.00,2.11,1.41,0.01,0.00,14.41,-51.15
2026-01-10 15:00,-189.92,-262.63,0.00,0.00,40.00,42.02,0.11,0.00,5.42,545.70,3.96,1474.16,1050.61,520.19,21.40,1.37,0.00,0.00,1.92,1.41,0.01,0.00,14.17,-50.59
2026-01-10 15:05,-199.52,-235.36,0.00,0.00,42.00,42.02,0.11,0.00,1.17,535.87,3.76,1466.15,1034.38,507.49,21.42,1.29,0.00,0.00,2.02,1.41,0.01,0.00,15.49,-62.04
2026-01-10 15:10,-336.99,-95.70,0.00,0.00,46.00,42.02,0.11,0.00,18.09,543.05,6.62,1458.14,979.77,496.93,21.43,0.53,0.00,0.00,2.21,1.41,0.01,0.00,22.07,-63.02
2026-01-10 15:15,-388.97,-14.37,0.00,0.00,41.00,42.69,0.11,0.00,0.03,548.74,3.51,1450.13,1036.20,499.29,21.45,0.08,0.00,0.00,1.97,1.43,0.01,0.00,23.72,-60.33
2026-01-10 15:20,-278.68,-116.44,0.00,0.00,41.00,42.02,0.11,0.00,0.03,573.29,2.65,1442.12,1050.03,505.25,21.47,0.60,0.00,0.00,1.97,1.41,0.01,0.00,19.58,-59.54
2026-01-10 15:25,-180.77,-212.80,0.00,0.00,43.00,42.02,0.11,0.00,6.20,571.94,6.11,1434.11,1039.45,432.97,21.48,1.11,0.00,0.00,2.06,1.41,0.01,0.00,16.64,-60.13
2026-01-10 15:30,-205.27,-187.69,0.00,0.00,40.00,42.02,0.11,0.00,0.00,582.61,2.99,1426.10,1087.43,428.89,21.50,0.94,0.00,0.00,1.92,1.41,0.01,0.00,16.91,-59.54
2026-01-10 15:35,-176.95,-186.65,0.00,0.00,42.00,42.02,0.11,0.00,8.23,561.77,2.93,1403.74,1064.15,432.33,21.45,0.97,0.00,0.00,2.02,1.41,0.01,0.00,17.36,-56.49
2026-01-10 15:40,-178.83,-162.92,0.00,0.00,40.00,42.02,0.10,0.00,0.00,565.32,5.81,1381.39,1028.06,415.33,21.40,0.83,0.00,0.00,1.92,1.41,0.01,0.00,17.73,-54.63
2026-01-10 15:45,-78.41,-222.04,0.00,0.00,40.00,42.02,0.11,0.00,0.00,533.46,3.23,1359.03,1029.37,409.56,21.35,1.20,0.00,0.00,1.92,1.41,0.01,0.00,15.29,-51.55
2026-01-10 15:50,-65.34,-208.64,0.00,0.00,40.00,42.02,0.11,0.00,0.00,529.31,2.64,1336.67,1050.68,369.50,21.30,1.13,0.00,0.00,1.92,1.41,0.01,0.00,15.75,-47.69
2026-01-10 15:55,-43.52,-208.00,0.00,0.00,40.00,42.02,0.11,0.00,0.27,561.79,4.26,1314.31,1067.85,451.52,21.25,1.07,0.00,0.00,1.92,1.41,0.01,0.00,15.87,-41.97
2026-01-10 16:00,-38.89,-186.30,0.00,0.00,40.00,42.02,0.11,0.00,1.64,554.97,8.06,1291.96,1069.19,438.47,21.20,0.96,0.00,0.00,1.92,1.41,0.01,0.00,16.62,-35.75
2026-01-10 16:05,-48.16,-144.61,0.00,0.00,40.00,42.02,0.11,0.00,7.77,543.16,6.56,1267.04,1050.90,413.78,21.22,0.75,0.00,0.00,1.92,1.41,0.01,0.00,18.06,-32.12
2026-01-10 16:10,-36.14,-155.67,0.00,0.00,40.00,42.02,0.11,0.00,0.42,547.96,6.28,1242.12,1059.14,418.91,21.23,0.81,0.00,0.00,1.92,1.41,0.01,0.00,17.91,-30.61
2026-01-10 16:15,-125.17,-75.49,0.00,0.00,40.00,42.02,0.11,0.00,2.65,560.57,8.91,1217.21,1114.62,408.19,21.25,0.38,0.00,0.00,1.92,1.41,0.01,0.00,21.18,-29.59
2026-01-10 16:20,-22.37,-126.46,0.00,0.00,40.00,42.02,0.11,0.00,4.82,550.26,6.65,1192.29,1085.64,445.26,21.27,0.65,0.00,0.00,1.92,1.41,0.01,0.00,19.05,-30.12
2026-01-10 16:25,-1.40,-146.68,0.00,0.00,40.00,42.02,0.11,0.00,19.34,557.05,6.53,1167.37,1092.70,267.06,21.28,0.74,0.00,0.00,1.92,1.41,0.01,0.00,18.51,-19.88
2026-01-10 16:30,-90.50,-111.47,0.00,0.00,44.00,42.69,0.11,0.00,6.66,649.29,7.02,1142.46,884.47,330.67,21.30,0.53,0.00,0.00,2.11,1.43,0.01,0.00,21.44,-19.88
2026-01-10 16:35,-90.01,-171.20,0.00,0.00,42.00,42.02,0.11,0.00,30.62,694.86,6.99,1119.70,931.87,303.39,21.35,0.72,0.00,0.00,2.02,1.41,0.01,0.00,19.41,-18.21
2026-01-10 16:40,-122.40,-107.76,0.00,0.00,42.00,42.69,0.11,0.00,13.33,692.57,11.39,1096.95,953.44,307.08,21.40,0.46,0.00,0.00,2.02,1.43,0.01,0.00,21.48,-17.60
2026-01-10 16:45,-27.26,-201.00,0.00,0.00,40.00,42.69,0.11,0.00,0.00,735.77,8.92,1074.19,942.61,237.99,21.45,0.82,0.00,0.00,1.92,1.43,0.01,0.00,18.22,-17.62
2026-01-10 16:50,-19.59,-184.20,0.00,0.00,40.00,42.02,0.11,0.00,5.41,731.54,10.79,1051.44,953.50,264.43,21.50,0.74,0.00,0.00,1.92,1.41,0.01,0.00,18.55,-13.72
2026-01-10 16:55,-12.58,-170.11,0.00,0.01,40.00,42.02,0.11,0.00,7.95,733.12,30.26,1028.68,980.30,299.09,21.55,0.66,0.00,0.00,1.92,1.41,0.01,0.00,18.85,-13.95
2026-01-10 17:00,-7.28,-166.52,0.00,0.00,40.00,42.02,0.11,0.00,6.93,732.91,30.94,1005.93,978.93,411.77,21.60,0.65,0.00,0.00,1.92,1.41,0.01,0.00,19.10,-13.38
2026-01-10 17:05,-125.01,-85.95,0.00,0.00,42.00,42.02,0.11,0.00,80.96,746.93,13.77,970.74,948.52,370.09,21.43,0.32,0.00,0.00,2.02,1.41,0.01,0.00,22.15,-12.57
2026-01-10 17:10,-17.82,-128.09,0.00,0.00,40.00,42.02,0.11,0.00,17.98,744.07,35.33,935.55,984.66,324.06,21.27,0.49,0.00,0.00,1.92,1.41,0.01,0.00,20.47,-12.69
2026-01-10 17:15,-3.20,-92.84,0.00,0.00,40.00,42.69,0.11,0.00,6.03,739.11,34.97,900.36,945.88,323.58,21.10,0.36,0.00,0.00,1.92,1.43,0.01,0.00,21.55,-12.77
2026-01-10 17:20,-0.61,-67.57,0.00,0.00,41.00,42.02,0.11,0.00,0.80,744.40,31.33,865.17,967.54,294.13,20.93,0.27,0.00,0.00,1.97,1.41,0.01,0.00,22.57,-9.50
2026-01-10 17:25,-0.83,-155.87,0.00,0.00,40.00,42.69,0.11,0.00,0.40,850.71,52.78,829.99,840.91,282.71,20.77,0.53,0.00,0.00,1.92,1.43,0.01,0.00,20.43,-8.36
2026-01-10 17:30,-0.31,-188.89,0.00,0.00,40.00,42.02,0.11,0.00,0.57,936.92,55.05,794.80,763.55,242.68,20.60,0.59,0.00,0.00,1.92,1.41,0.01,0.00,19.62,-7.25
2026-01-10 17:35,-0.13,-217.43,0.00,0.00,43.00,42.02,0.11,0.00,9.02,977.74,47.88,759.37,751.10,249.60,20.67,0.68,0.00,0.00,2.06,1.41,0.01,0.00,20.23,-6.49
2026-01-10 17:40,-0.12,-242.82,0.00,0.00,41.00,42.02,0.11,0.00,1.56,1002.60,77.32,723.95,731.98,220.76,20.73,0.70,0.00,0.00,1.97,1.41,0.01,0.00,19.51,-6.49
2026-01-10 17:45,-0.13,-242.11,0.00,0.00,42.00,42.02,0.11,0.00,17.86,1030.87,74.03,688.52,644.06,179.00,20.80,0.69,0.00,0.00,2.02,1.41,0.01,0.00,19.90,-6.33
2026-01-10 17:50,-4.70,-174.96,0.00,0.00,40.00,42.02,0.11,0.00,4.07,1043.34,47.44,653.10,646.45,243.84,20.87,0.50,0.00,0.00,1.92,1.41,0.01,0.00,20.63,-6.64
2026-01-10 17:55,-0.49,-145.65,0.00,-0.10,41.00,42.02,0.11,0.00,2.55,1064.06,54.58,617.67,662.11,230.77,20.93,0.41,0.00,0.00,1.97,1.41,0.01,0.00,21.28,-6.02
2026-01-10 18:00,-2.94,-161.57,0.00,0.00,40.00,42.02,0.11,0.00,0.11,1087.88,54.60,582.25,604.53,232.68,21.00,0.44,0.00,0.00,1.92,1.41,0.01,0.00,21.14,-6.00
2026-01-10 18:05,-1.06,-183.06,0.00,0.00,40.00,42.02,0.11,0.00,0.16,1141.06,52.14,557.85,553.92,219.81,20.75,0.48,0.00,0.00,1.92,1.41,0.01,0.00,20.77,-6.35
2026-01-10 18:10,-19.97,-147.25,0.00,0.00,41.00,42.02,0.11,0.00,25.55,1104.05,71.28,533.45,410.36,176.76,20.50,0.39,0.00,0.00,1.97,1.41,0.01,0.00,21.77,-6.00
2026-01-10 18:15,-14.80,-261.39,0.00,0.00,40.00,42.02,0.11,0.00,3.54,1275.44,51.62,509.05,390.22,190.50,20.25,0.62,0.00,0.00,1.92,1.41,0.01,0.00,19.81,-6.32
2026-01-10 18:20,-0.01,-212.77,0.00,0.00,43.00,42.02,0.11,0.00,10.49,1268.57,35.11,484.64,388.17,54.49,20.00,0.53,0.00,0.00,2.06,1.41,0.01,0.00,21.17,-5.94
2026-01-10 18:25,-3.15,-243.28,0.00,0.00,40.00,42.02,0.11,0.00,7.49,1303.08,63.03,460.24,266.44,59.94,19.75,0.56,0.00,0.00,1.92,1.41,0.01,0.00,19.95,-5.57
2026-01-10 18:30,0.00,-346.02,0.00,0.00,42.00,42.02,0.11,0.00,11.28,1425.11,68.18,435.84,237.65,43.77,19.50,0.75,0.00,0.00,2.02,1.41,0.01,0.00,19.18,-2.10
2026-01-10 18:35,-0.23,-359.61,0.00,0.00,40.00,42.69,0.11,0.00,24.60,1453.33,53.53,402.97,202.54,49.45,19.38,0.75,0.00,0.00,1.92,1.43,0.01,0.00,18.88,-5.63
2026-01-10 18:40,-11.36,-331.37,0.00,0.00,40.00,42.02,0.11,0.00,8.11,1451.88,40.26,370.10,238.57,44.89,19.27,0.70,0.00,0.00,1.92,1.41,0.01,0.00,19.64,-5.51
2026-01-10 18:45,-1.74,-309.53,0.00,0.00,40.00,42.02,0.11,0.00,8.48,1484.40,43.82,337.22,230.96,65.40,19.15,0.64,0.00,0.00,1.92,1.41,0.01,0.00,19.67,-5.64
2026-01-10 18:50,-0.01,-262.52,0.00,0.00,42.00,42.02,0.11,0.00,23.49,1442.59,34.60,304.35,232.83,22.63,19.03,0.57,0.00,0.00,2.02,1.41,0.01,0.00,21.11,-4.93
2026-01-10 18:55,-0.31,-262.00,0.00,0.00,41.00,42.02,0.11,0.00,13.24,1491.06,36.62,271.48,139.04,3.66,18.92,0.55,0.00,0.00,1.97,1.41,0.01,0.00,20.83,-2.33
2026-01-10 19:00,-0.21,-325.74,0.00,0.00,40.00,42.69,0.11,0.00,12.34,1546.86,52.27,238.60,77.53,8.36,18.80,0.65,0.00,0.00,1.92,1.43,0.01,0.00,20.24,-2.10
2026-01-10 19:05,-0.05,-382.17,0.00,0.00,41.00,42.69,0.11,0.00,14.76,1596.25,75.60,216.79,48.66,5.65,18.75,0.73,0.00,0.00,1.97,1.43,0.01,0.00,19.95,-4.94
2026-01-10 19:10,0.00,-342.16,0.00,0.00,43.00,42.02,0.11,0.00,38.79,1573.23,83.38,194.97,90.06,0.00,18.70,0.67,0.00,0.00,2.06,1.41,0.01,0.00,20.64,-2.36
2026-01-10 19:15,-2.98,-293.61,0.00,0.00,40.00,42.69,0.11,0.00,8.58,1568.59,72.04,173.16,71.06,0.00,18.65,0.57,0.00,0.00,1.92,1.43,0.01,0.00,20.79,-2.36
2026-01-10 19:20,-3.39,-280.19,0.00,0.00,40.00,42.02,0.11,0.00,8.33,1586.97,74.60,151.34,71.06,0.00,18.60,0.53,0.00,0.00,1.92,1.41,0.01,0.00,20.74,-2.36
2026-01-10 19:25,-0.36,-263.49,0.00,0.00,41.00,42.69,0.11,0.00,15.89,1564.66,61.99,129.53,66.93,0.00,18.55,0.52,0.00,0.00,1.97,1.43,0.01,0.00,21.74,-2.41
2026-01-10 19:30,0.00,-259.68,0.00,0.00,44.00,42.69,0.11,0.00,37.73,1567.78,50.06,107.71,66.98,0.00,18.50,0.53,0.00,0.00,2.11,1.43,0.01,0.00,22.78,0.05
2026-01-10 19:35,-8.94,-281.83,0.00,0.00,40.00,42.02,0.11,0.00,18.83,1621.71,42.96,92.90,7.98,0.00,18.37,0.53,0.00,0.00,1.92,1.41,0.01,0.00,21.44,0.00
2026-01-10 19:40,-1.13,-274.73,0.00,0.00,40.00,42.69,0.11,0.00,4.42,1634.80,35.17,78.09,0.00,0.00,18.23,0.52,0.00,0.00,1.92,1.43,0.01,0.00,21.78,0.01
2026-01-10 19:45,0.00,-298.94,0.00,0.00,44.00,42.02,0.11,0.00,47.89,1623.66,23.62,63.28,0.00,0.00,18.10,0.59,0.00,0.00,2.11,1.41,0.01,0.00,22.77,0.94
2026-01-10 19:50,-3.56,-272.56,0.00,0.00,40.00,42.02,0.11,0.00,5.91,1648.00,11.39,48.47,0.00,0.00,17.97,0.52,0.00,0.00,1.92,1.41,0.01,0.00,22.21,8.34
2026-01-10 19:55,-0.21,-284.54,0.00,0.00,40.00,42.69,0.11,0.00,4.44,1659.79,5.92,33.66,0.00,0.00,17.83,0.54,0.00,0.00,1.92,1.43,0.01,0.00,22.46,8.30
2026-01-10 20:00,-5.37,-265.10,0.00,0.00,40.00,42.02,0.11,0.00,5.06,1652.69,1.57,18.85,0.00,0.00,17.70,0.51,0.00,0.00,1.92,1.41,0.01,0.00,22.76,11.78
2026-01-10 20:05,-0.16,-269.56,0.00,0.00,41.00,42.69,0.11,0.00,12.95,1643.76,0.64,15.71,0.00,0.00,17.62,0.53,0.00,0.00,1.97,1.43,0.01,0.00,23.21,8.33
2026-01-10 20:10,-0.51,-249.15,0.00,0.00,41.00,42.02,0.11,0.00,19.08,1631.04,0.03,12.57,0.00,0.00,17.53,0.49,0.00,0.00,1.97,1.41,0.01,0.00,23.22,8.38
2026-01-10 20:15,-0.19,-240.57,0.00,0.00,41.00,42.69,0.11,0.00,22.22,1624.47,0.01,9.43,0.00,0.00,17.45,0.47,0.00,0.00,1.97,1.43,0.01,0.00,23.46,5.03
2026-01-10 20:20,-1.38,-217.65,0.00,0.00,40.00,42.69,0.11,0.00,8.65,1615.64,0.01,6.28,0.00,0.00,17.37,0.43,0.00,0.00,1.92,1.43,0.01,0.00,23.51,12.20
2026-01-10 20:25,-3.92,-181.10,0.00,0.00,40.00,42.69,0.11,0.00,8.09,1588.96,0.01,3.14,0.00,0.00,17.28,0.36,0.00,0.00,1.92,1.43,0.01,0.00,23.98,12.77
2026-01-10 20:30,-0.18,-213.18,0.00,0.00,42.00,42.69,0.10,0.00,33.20,1579.21,0.01,0.00,0.00,0.00,17.20,0.43,0.00,0.00,2.02,1.43,0.01,0.00,24.40,15.06
2026-01-10 20:35,-0.29,-236.38,0.00,0.00,42.00,42.69,0.11,0.00,52.64,1584.07,0.01,0.00,0.00,0.00,17.08,0.47,0.00,0.00,2.02,1.43,0.01,0.00,24.06,12.47
2026-01-10 20:40,-0.76,-305.24,0.00,0.00,40.00,42.02,0.11,0.00,163.88,1585.97,0.01,0.00,0.00,0.00,16.97,0.56,0.00,0.00,1.92,1.41,0.01,0.00,21.84,15.74
2026-01-10 20:45,-0.82,-185.66,0.00,0.00,40.00,42.02,0.10,0.00,68.82,1556.68,0.01,0.00,0.00,0.00,16.85,0.36,0.00,0.00,1.92,1.41,0.01,0.00,23.43,13.15
2026-01-10 20:50,-0.16,-145.50,0.00,0.00,40.00,42.69,0.11,0.00,80.34,1508.38,0.01,0.00,0.00,0.00,16.73,0.29,0.00,0.00,1.92,1.43,0.01,0.00,24.09,25.98
2026-01-10 20:55,-0.40,-223.64,0.00,0.00,40.00,42.69,0.10,0.00,168.19,1503.46,0.00,0.00,0.00,0.00,16.62,0.43,0.00,0.00,1.92,1.43,0.01,0.00,22.95,19.20
2026-01-10 21:00,-0.33,-117.70,0.00,0.00,40.00,42.69,0.11,0.00,72.87,1473.79,0.00,0.00,0.00,0.00,16.50,0.24,0.00,0.00,1.92,1.43,0.01,0.00,24.72,19.27
2026-01-10 21:05,-1.69,-82.69,0.00,0.00,40.00,42.69,0.11,0.00,68.89,1439.44,0.00,0.00,0.00,0.00,16.45,0.17,0.00,0.00,1.92,1.43,0.01,0.00,25.33,27.07
2026-01-10 21:10,-0.42,-88.36,0.00,0.00,42.00,42.69,0.11,0.00,77.30,1427.95,0.00,0.00,0.00,0.00,16.40,0.19,0.00,0.00,2.02,1.43,0.01,0.00,26.06,18.20
2026-01-10 21:15,-0.14,-193.67,0.00,0.00,42.00,42.69,0.11,0.00,188.71,1424.70,0.00,0.00,0.00,0.00,16.35,0.39,0.00,0.00,2.02,1.43,0.01,0.00,24.39,12.95
2026-01-10 21:20,-0.81,-38.56,0.00,0.00,41.00,42.02,0.11,0.00,82.67,1393.63,0.00,0.00,0.00,0.00,16.30,0.08,0.00,0.00,1.97,1.41,0.01,0.00,26.03,19.82
2026-01-10 21:25,-2.94,-29.84,0.00,0.00,40.00,42.69,0.11,0.00,71.04,1365.80,0.00,0.00,0.00,0.00,16.25,0.07,0.00,0.00,1.92,1.43,0.01,0.00,26.55,13.15
2026-01-10 21:30,-0.37,0.00,0.43,0.00,40.00,42.69,0.10,0.00,61.56,1344.90,0.00,0.00,0.00,0.00,16.20,0.00,0.03,0.00,1.92,1.43,0.01,0.00,27.27,19.79
2026-01-10 21:35,-1.62,-10.47,0.00,0.00,40.00,42.69,0.11,0.00,66.47,1333.84,0.00,0.00,0.00,0.00,16.13,0.02,0.00,0.00,1.92,1.43,0.01,0.00,27.18,19.69
2026-01-10 21:40,-0.24,-27.79,0.00,0.00,41.00,42.69,0.11,0.00,74.28,1332.49,0.00,0.00,0.00,0.00,16.07,0.06,0.00,0.00,1.97,1.43,0.01,0.00,27.40,19.68
2026-01-10 21:45,-0.17,0.00,0.33,0.00,41.00,42.69,0.11,0.00,77.94,1312.76,0.00,0.00,0.00,0.00,16.00,0.00,0.02,0.00,1.97,1.43,0.01,0.00,27.89,27.53
2026-01-10 21:50,-1.63,-8.64,0.00,0.00,40.00,42.69,0.11,0.00,65.46,1314.43,0.00,0.00,0.00,0.00,15.93,0.02,0.00,0.00,1.92,1.43,0.01,0.00,27.56,19.58
2026-01-10 21:55,-0.17,-10.83,0.00,0.00,41.00,42.69,0.11,0.00,86.14,1297.61,0.00,0.00,0.00,0.00,15.87,0.03,0.00,0.00,1.97,1.43,0.01,0.00,27.83,19.86
2026-01-10 22:00,-0.41,-1.06,0.00,0.00,40.00,42.69,0.11,0.00,83.30,1270.14,0.00,0.00,0.00,0.00,15.80,0.00,0.00,0.00,1.92,1.43,0.01,0.00,28.04,18.20
2026-01-10 22:05,-0.66,0.00,17.04,0.00,40.00,42.69,0.11,0.00,94.19,1245.63,0.00,0.00,0.00,0.00,15.75,0.00,1.12,0.00,1.92,1.43,0.01,0.00,38.26,27.86
2026-01-10 22:10,-0.17,0.00,28.70,0.00,41.00,43.36,0.11,0.00,85.87,1235.66,0.00,0.00,0.00,0.00,15.70,0.00,1.92,0.00,1.97,1.45,0.01,0.00,46.62,12.80
2026-01-10 22:15,-0.13,-84.48,0.00,0.00,41.00,42.69,0.11,0.00,204.56,1212.01,0.00,0.00,0.00,0.00,15.65,0.19,0.00,0.00,1.97,1.43,0.01,0.00,27.22,19.80
2026-01-10 22:20,-0.25,0.00,22.55,0.00,40.00,42.69,0.11,0.00,100.18,1209.24,0.00,0.00,0.00,0.00,15.60,0.00,1.48,0.00,1.92,1.43,0.01,0.00,42.36,19.12
2026-01-10 22:25,-0.37,-141.28,0.00,0.00,41.00,43.36,0.11,0.00,254.44,1212.81,0.00,0.00,0.00,0.00,15.55,0.31,0.00,0.00,1.97,1.45,0.01,0.00,26.50,12.73
2026-01-10 22:30,-0.21,-119.38,0.00,-0.10,41.00,42.69,0.11,0.00,244.48,1207.96,0.00,0.00,0.00,0.00,15.50,0.26,0.00,0.00,1.97,1.43,0.01,0.00,26.59,18.86
2026-01-10 22:35,-0.99,-204.42,0.00,0.00,40.00,42.02,0.11,0.00,322.16,1211.50,0.00,0.00,0.00,0.00,15.45,0.42,0.00,0.00,1.92,1.41,0.01,0.00,24.77,27.58
2026-01-10 22:40,-0.27,-18.71,0.00,0.00,41.00,42.69,0.11,0.00,114.15,1209.33,0.00,0.00,0.00,0.00,15.40,0.05,0.00,0.00,1.97,1.43,0.01,0.00,29.03,8.51
2026-01-10 22:45,-0.14,-116.15,0.00,0.00,42.00,43.36,0.11,0.00,227.37,1198.09,0.00,0.00,0.00,0.00,15.35,0.27,0.00,0.00,2.02,1.45,0.01,0.00,27.59,18.93
2026-01-10 22:50,-0.14,-200.42,0.00,0.00,42.00,42.69,0.10,0.00,308.55,1192.78,0.00,0.00,0.00,0.00,15.30,0.44,0.00,0.00,2.02,1.43,0.01,0.00,26.11,19.18
2026-01-10 22:55,-1.68,-124.47,0.00,0.00,40.00,42.69,0.11,0.00,245.87,1165.70,0.00,0.00,0.00,0.00,15.25,0.28,0.00,0.00,1.92,1.43,0.01,0.00,26.98,8.51
2026-01-10 23:00,-0.14,-61.65,0.00,0.00,41.00,43.36,0.11,0.00,192.29,1165.93,0.00,0.00,0.00,0.00,15.20,0.15,0.00,0.00,1.97,1.45,0.01,0.00,28.50,19.27
2026-01-10 23:05,-1.85,-111.85,0.00,0.00,40.00,42.69,0.11,0.00,230.27,1178.15,0.00,0.00,0.00,0.00,15.15,0.25,0.00,0.00,1.92,1.43,0.01,0.00,27.04,19.42
2026-01-10 23:10,-0.15,-66.58,0.00,0.00,43.00,42.69,0.11,0.00,171.59,1156.06,0.00,0.00,0.00,0.00,15.10,0.16,0.00,0.00,2.06,1.43,0.01,0.00,29.71,18.84
2026-01-10 23:15,-0.15,-214.11,0.00,0.00,41.00,42.69,0.11,0.00,335.79,1152.77,0.00,0.00,0.00,0.00,15.05,0.46,0.00,0.00,1.97,1.43,0.01,0.00,25.98,18.20
2026-01-10 23:20,-0.35,-295.81,0.00,0.00,40.00,42.69,0.11,0.00,409.75,1166.16,0.00,0.00,0.00,0.00,15.00,0.60,0.00,0.00,1.92,1.43,0.01,0.00,24.28,18.20
2026-01-10 23:25,-0.44,-160.23,0.00,0.00,40.00,42.69,0.11,0.00,252.49,1172.94,0.00,0.00,0.00,0.00,14.95,0.36,0.00,0.00,1.92,1.43,0.01,0.00,26.71,8.51
2026-01-10 23:30,-0.15,-243.92,0.00,0.00,41.00,42.69,0.11,0.00,369.38,1167.56,0.00,0.00,0.00,0.00,14.90,0.51,0.00,0.00,1.97,1.43,0.01,0.00,25.20,18.20
2026-01-10 23:35,-0.31,-223.60,0.00,0.00,40.00,42.69,0.10,0.00,376.83,1152.93,0.00,0.00,0.00,0.00,14.87,0.47,0.00,0.00,1.92,1.43,0.01,0.00,24.97,8.94
2026-01-10 23:40,-0.13,-86.71,0.00,0.00,41.00,42.69,0.11,0.00,287.47,1132.36,0.00,0.00,0.00,0.00,14.83,0.20,0.00,0.00,1.97,1.43,0.01,0.00,27.16,9.00
2026-01-10 23:45,-0.13,-91.15,0.00,0.00,40.00,42.69,0.11,0.00,306.20,1134.66,0.00,0.00,0.00,0.00,14.80,0.20,0.00,0.00,1.92,1.43,0.01,0.00,26.43,27.33
2026-01-10 23:50,-0.46,-79.41,0.00,0.00,40.00,43.36,0.11,0.00,273.49,1126.16,0.00,0.00,0.00,0.00,14.77,0.18,0.00,0.00,1.92,1.45,0.01,0.00,27.34,18.20
2026-01-10 23:55,-0.52,-118.68,0.00,0.00,40.00,42.69,0.11,0.00,320.08,1118.02,0.00,0.00,0.00,0.00,14.73,0.26,0.00,0.00,1.92,1.43,0.01,0.00,26.49,27.94
2026-01-11 00:00,-0.18,0.00,54.73,0.00,40.00,44.03,0.11,0.00,122.16,1115.35,0.00,0.00,0.00,0.00,14.70,0.00,3.62,0.00,1.92,1.47,0.01,0.00,66.46,0.00
2026-01-11 00:05,-0.46,-13.72,0.00,0.00,40.00,42.69,0.11,0.00,213.32,1111.33,0.00,0.00,0.00,0.00,14.67,0.03,0.00,0.00,1.92,1.43,0.01,0.00,28.62,31.61
2026-01-11 00:10,-1.18,0.00,102.83,0.00,40.00,43.36,0.11,0.00,105.56,1115.56,0.00,0.00,0.00,0.00,14.63,0.00,6.75,0.00,1.92,1.45,0.01,0.00,101.26,18.20
2026-01-11 00:15,-0.48,-16.58,0.00,0.00,40.00,42.69,0.11,0.00,233.06,1124.19,0.00,0.00,0.00,0.00,14.60,0.04,0.00,0.00,1.92,1.43,0.01,0.00,27.97,28.48
2026-01-11 00:20,-0.72,0.00,68.02,0.00,40.00,43.36,0.11,0.00,114.58,1149.04,0.00,0.00,0.00,0.00,14.57,0.00,4.52,0.00,1.92,1.45,0.01,0.00,74.15,9.30
2026-01-11 00:25,-0.48,0.00,28.80,0.00,40.00,43.36,0.11,0.00,159.78,1157.86,0.00,0.00,0.00,0.00,14.53,0.00,1.90,0.00,1.92,1.45,0.01,0.00,46.16,0.52
2026-01-11 00:30,-0.34,-124.96,0.00,0.00,40.00,42.69,0.10,0.00,316.54,1165.76,0.00,0.00,0.00,0.00,14.50,0.27,0.00,0.00,1.92,1.43,0.01,0.00,25.73,9.44
2026-01-11 00:35,-0.19,0.00,21.20,0.00,40.00,42.69,0.11,0.00,170.54,1171.21,0.00,0.00,0.00,0.00,14.47,0.00,1.36,0.00,1.92,1.43,0.01,0.00,40.35,32.87
2026-01-11 00:40,-1.12,0.00,111.18,-0.10,40.00,42.69,0.11,0.00,55.83,1176.55,0.00,0.00,0.00,0.00,14.43,0.00,7.17,0.00,1.92,1.43,0.01,0.00,105.02,1.05
2026-01-11 00:45,-0.85,0.00,12.80,0.00,40.00,42.69,0.11,0.00,159.01,1195.61,0.00,0.00,0.00,0.00,14.40,0.00,0.82,0.00,1.92,1.43,0.01,0.00,35.21,28.75
2026-01-11 00:50,-0.27,0.00,121.64,0.00,40.00,42.69,0.11,0.00,27.82,1187.21,0.00,0.00,0.00,0.00,14.37,0.00,7.65,0.00,1.92,1.43,0.01,0.00,112.35,31.11
2026-01-11 00:55,-0.55,0.00,93.18,0.00,40.00,42.69,0.11,0.00,55.11,1191.02,0.00,0.00,0.00,0.00,14.33,0.00,5.82,0.00,1.92,1.43,0.01,0.00,89.15,18.20
2026-01-11 01:00,-2.09,0.00,153.23,0.00,40.00,43.36,0.11,0.00,15.47,1184.02,0.00,0.00,0.00,0.00,14.30,0.00,9.42,0.00,1.92,1.45,0.01,0.00,136.18,18.20
2026-01-11 01:05,-0.19,0.00,151.32,0.00,43.00,43.36,0.11,0.00,28.36,1177.84,0.00,0.00,0.00,0.00,14.30,0.00,9.21,0.00,2.06,1.45,0.01,0.00,133.90,28.95
2026-01-11 01:10,-0.38,0.00,118.32,0.00,41.00,42.69,0.11,0.00,60.54,1159.02,0.00,0.00,0.00,0.00,14.30,0.00,7.36,0.00,1.97,1.43,0.01,0.00,109.06,9.57
2026-01-11 01:15,-1.89,0.00,112.69,0.00,40.00,42.69,0.11,0.00,58.89,1196.49,0.00,0.00,0.00,0.00,14.30,0.00,7.05,0.00,1.92,1.43,0.01,0.00,102.00,9.46
2026-01-11 01:20,-0.17,-17.92,0.00,0.00,41.00,42.69,0.11,0.00,111.72,1262.98,0.00,0.00,0.00,0.00,14.30,0.04,0.00,0.00,1.97,1.43,0.01,0.00,28.01,1.03
2026-01-11 01:25,-0.16,-96.13,0.00,0.00,41.00,42.69,0.11,0.00,188.19,1238.62,0.00,0.00,0.00,0.00,14.30,0.22,0.00,0.00,1.97,1.43,0.01,0.00,27.04,9.45
2026-01-11 01:30,-0.10,0.00,41.88,0.00,42.00,42.69,0.11,0.00,71.89,1201.46,0.00,0.00,0.00,0.00,14.30,0.00,2.64,0.00,2.02,1.43,0.01,0.00,55.54,9.07
2026-01-11 01:35,-0.47,-127.70,0.00,0.00,40.00,42.69,0.11,0.00,229.37,1210.13,0.00,0.00,0.00,0.00,14.27,0.28,0.00,0.00,1.92,1.43,0.01,0.00,26.46,9.28
2026-01-11 01:40,-0.43,-30.82,0.00,0.00,40.00,42.69,0.11,0.00,121.16,1230.42,0.00,0.00,0.00,0.00,14.23,0.07,0.00,0.00,1.92,1.43,0.01,0.00,28.08,16.07
2026-01-11 01:45,0.00,0.00,12.38,0.00,41.00,42.69,0.11,0.00,43.41,1263.71,0.00,0.00,0.00,0.00,14.20,0.00,0.79,0.00,1.97,1.43,0.01,0.00,36.48,4.18
2026-01-11 01:50,-0.65,0.00,16.61,0.00,40.00,42.69,0.11,0.00,42.14,1268.95,0.00,0.00,0.00,0.00,14.17,0.00,1.05,0.00,1.92,1.43,0.01,0.00,38.37,4.13
2026-01-11 01:55,-0.16,-100.93,0.00,0.00,40.00,42.69,0.11,0.00,132.42,1270.46,0.00,0.00,0.00,0.00,14.13,0.23,0.00,0.00,1.92,1.43,0.01,0.00,27.11,0.01
2026-01-11 02:00,-1.98,-65.30,0.00,0.00,40.00,42.69,0.11,0.00,111.19,1251.63,0.00,0.00,0.00,0.00,14.10,0.15,0.00,0.00,1.92,1.43,0.01,0.00,27.89,9.12
2026-01-11 02:05,-0.20,-82.46,0.00,-0.10,40.00,42.69,0.11,0.00,114.19,1257.84,0.00,0.00,0.00,0.00,14.05,0.19,0.00,0.00,1.92,1.43,0.01,0.00,27.68,21.21
2026-01-11 02:10,-38.87,-0.09,0.00,0.00,42.00,42.69,0.11,0.00,84.12,1251.17,0.00,0.00,0.00,0.00,14.00,0.00,0.00,0.00,2.02,1.43,0.01,0.00,29.99,9.10
2026-01-11 02:15,-0.36,0.00,14.10,0.00,40.00,43.36,0.11,0.00,33.08,1245.54,0.00,0.00,0.00,0.00,13.95,0.00,0.85,0.00,1.92,1.45,0.01,0.00,37.69,9.36
2026-01-11 02:20,-0.39,0.00,42.67,0.00,40.00,44.03,0.11,0.00,3.17,1243.97,0.00,0.00,0.00,0.00,13.90,0.00,2.66,0.00,1.92,1.47,0.01,0.00,56.49,9.37
2026-01-11 02:25,-1.21,0.00,26.00,0.00,41.00,43.36,0.11,0.00,19.39,1236.96,0.00,0.00,0.00,0.00,13.85,0.00,1.63,0.00,1.97,1.45,0.01,0.00,46.16,9.36
2026-01-11 02:30,-0.37,-12.59,0.00,0.00,41.00,42.69,0.11,0.00,35.20,1239.24,0.00,0.00,0.00,0.00,13.80,0.03,0.00,0.00,1.97,1.43,0.01,0.00,30.08,9.27
2026-01-11 02:35,-0.84,0.00,4.92,-0.10,40.00,42.69,0.11,0.00,5.74,1250.45,0.00,0.00,0.00,0.00,13.73,0.00,0.31,0.00,1.92,1.43,0.01,0.00,33.00,9.23
2026-01-11 02:40,-0.27,-28.51,0.00,-0.10,41.00,42.69,0.11,0.00,33.54,1275.35,0.00,0.00,0.00,0.00,13.67,0.07,0.00,0.00,1.97,1.43,0.01,0.00,29.33,9.25
2026-01-11 02:45,-0.17,-46.27,0.00,-0.10,42.00,42.69,0.11,0.00,38.76,1280.42,0.00,0.00,0.00,0.00,13.60,0.11,0.00,0.00,2.02,1.43,0.01,0.00,29.51,9.21
2026-01-11 02:50,-1.56,-22.28,0.00,0.00,40.00,42.69,0.11,0.00,21.52,1283.06,0.00,0.00,0.00,0.00,13.53,0.05,0.00,0.00,1.92,1.43,0.01,0.00,29.06,9.24
2026-01-11 02:55,-0.16,-79.17,0.00,0.00,41.00,42.69,0.11,0.00,39.73,1300.64,0.00,0.00,0.00,0.00,13.47,0.19,0.00,0.00,1.97,1.43,0.01,0.00,28.68,9.15
2026-01-11 03:00,-2.72,-29.51,0.00,0.00,40.00,43.36,0.11,0.00,0.20,1277.12,0.00,0.00,0.00,0.00,13.40,0.07,0.00,0.00,1.92,1.45,0.01,0.00,29.85,9.11
2026-01-11 03:05,-0.92,-69.75,0.00,0.00,40.00,42.69,0.11,0.00,1.09,1307.34,0.00,0.00,0.00,0.00,13.30,0.17,0.00,0.00,1.92,1.43,0.01,0.00,28.96,9.06
2026-01-11 03:10,-0.15,-148.64,0.00,0.00,41.00,42.69,0.11,0.00,42.33,1330.47,0.00,0.00,0.00,0.00,13.20,0.35,0.00,0.00,1.97,1.43,0.01,0.00,28.04,8.93
2026-01-11 03:15,-2.36,-119.07,0.00,0.00,40.00,43.36,0.11,0.00,4.63,1339.61,0.00,0.00,0.00,0.00,13.10,0.28,0.00,0.00,1.92,1.45,0.01,0.00,28.44,1.08
2026-01-11 03:20,-1.56,-117.45,0.00,0.00,41.00,42.69,0.11,0.00,11.31,1359.60,0.00,0.00,0.00,0.00,13.00,0.27,0.00,0.00,1.97,1.43,0.01,0.00,28.11,14.87
2026-01-11 03:25,-1.47,-144.13,0.00,0.00,41.00,42.69,0.11,0.00,8.20,1353.42,0.00,0.00,0.00,0.00,12.90,0.36,0.00,0.00,1.94,1.44,0.01,0.00,28.01,8.93
2026-01-11 03:30,-0.78,-122.88,0.00,0.00,40.00,42.69,0.11,0.00,7.62,1337.85,0.00,0.00,0.00,0.00,12.80,0.28,0.00,0.00,1.92,1.43,0.01,0.00,28.26,8.97
2026-01-11 03:35,-0.27,-159.54,0.00,0.00,42.00,42.69,0.11,0.00,53.91,1333.52,0.00,0.00,0.00,0.00,12.73,0.37,0.00,0.00,2.02,1.43,0.01,0.00,28.14,8.97
2026-01-11 03:40,-0.27,-132.46,0.00,0.00,41.00,42.69,0.11,0.00,6.03,1331.14,0.00,0.00,1.68,0.00,12.67,0.32,0.00,0.00,1.97,1.43,0.01,0.00,28.75,8.96
2026-01-11 03:45,-0.84,-120.92,0.00,0.00,41.00,42.69,0.11,0.00,11.69,1327.16,0.00,0.00,0.00,0.00,12.60,0.29,0.00,0.00,1.97,1.43,0.01,0.00,28.73,8.97
2026-01-11 03:50,-0.36,-134.17,0.00,0.00,40.00,42.69,0.11,0.00,2.00,1342.68,0.00,0.00,0.80,0.00,12.53,0.32,0.00,0.00,1.92,1.43,0.01,0.00,28.22,1.01
2026-01-11 03:55,-0.47,-166.56,0.00,0.00,40.00,42.69,0.11,0.00,41.41,1338.26,0.00,0.00,0.70,0.00,12.47,0.38,0.00,0.00,1.92,1.43,0.01,0.00,27.54,4.93
2026-01-11 04:00,-0.16,-250.86,0.00,0.00,41.00,42.69,0.11,0.00,126.23,1341.29,0.00,0.00,5.53,0.00,12.40,0.55,0.00,0.00,1.97,1.43,0.01,0.00,26.33,8.92
2026-01-11 04:05,-0.26,-176.23,0.00,0.00,40.00,42.69,0.11,0.00,8.62,1370.32,0.00,0.00,1.68,0.00,12.48,0.41,0.00,0.00,1.94,1.43,0.01,0.00,27.73,8.79
2026-01-11 04:10,-0.64,-232.44,0.00,0.00,42.00,44.03,0.11,0.00,62.00,1386.00,0.00,0.00,5.53,0.00,12.57,0.54,0.00,0.00,1.99,1.45,0.01,0.00,26.85,8.80
2026-01-11 04:15,-0.16,-231.44,0.00,-0.10,41.00,42.69,0.11,0.00,45.92,1389.17,0.00,0.00,2.49,0.00,12.65,0.51,0.00,0.00,1.97,1.43,0.01,0.00,26.95,0.01
2026-01-11 04:20,-0.20,-332.06,0.00,-0.10,40.00,42.69,0.11,0.00,137.56,1437.87,0.00,0.00,7.36,0.00,12.73,0.72,0.00,0.00,1.94,1.43,0.01,0.00,24.05,5.03
2026-01-11 04:25,-0.90,-249.99,0.00,-0.10,40.00,42.69,0.11,0.00,47.14,1414.63,0.00,0.00,6.14,0.00,12.82,0.56,0.00,0.00,1.94,1.43,0.01,0.00,26.12,0.01
2026-01-11 04:30,-0.25,-226.58,0.00,0.00,40.00,42.69,0.11,0.00,20.17,1437.18,0.00,0.00,2.49,0.00,12.90,0.49,0.00,0.00,1.94,1.43,0.01,0.00,26.36,0.00
2026-01-11 04:35,-1.63,-358.77,0.00,0.00,40.00,43.36,0.11,0.00,149.01,1425.38,0.00,0.00,6.14,0.00,12.98,0.78,0.00,0.00,1.94,1.44,0.01,0.00,24.12,0.01
2026-01-11 04:40,-0.55,-218.24,0.00,0.00,41.00,43.36,0.11,0.00,12.88,1431.70,0.00,0.00,7.96,0.00,13.07,0.50,0.00,0.00,1.97,1.44,0.01,0.00,26.68,3.93
2026-01-11 04:45,-2.16,-233.97,0.00,0.00,40.00,42.69,0.11,0.00,0.17,1445.01,0.00,0.00,7.96,0.00,13.15,0.53,0.00,0.00,1.94,1.43,0.01,0.00,26.45,8.63
2026-01-11 04:50,-0.25,-247.86,0.00,0.00,40.00,42.69,0.11,0.00,8.27,1445.32,0.00,0.00,10.33,0.00,13.23,0.56,0.00,0.00,1.94,1.43,0.01,0.00,26.25,8.44
2026-01-11 04:55,-4.43,-286.96,0.00,0.00,40.00,42.69,0.11,0.00,69.71,1445.93,0.00,0.00,10.86,0.00,13.32,0.62,0.00,0.00,1.94,1.43,0.01,0.00,25.37,0.01
2026-01-11 05:00,-0.44,-394.11,0.00,0.00,41.00,43.36,0.11,0.00,147.60,1455.51,0.00,0.00,7.96,0.00,13.40,0.83,0.00,0.00,1.97,1.44,0.01,0.00,23.99,0.01
2026-01-11 05:05,-0.21,-291.91,0.00,0.00,41.00,42.69,0.11,0.00,54.92,1467.98,0.00,0.00,10.59,0.00,13.52,0.63,0.00,0.00,1.97,1.43,0.01,0.00,25.33,0.01
2026-01-11 05:10,0.00,-398.58,0.00,0.00,43.00,42.69,0.11,0.00,166.65,1452.81,0.00,0.00,8.80,0.00,13.63,0.84,0.00,0.00,2.02,1.43,0.01,0.00,23.95,1.02
2026-01-11 05:15,0.00,-369.84,0.00,0.00,40.00,43.36,0.11,0.00,152.59,1434.19,0.00,0.00,9.22,0.00,13.75,0.78,0.00,0.00,1.94,1.44,0.01,0.00,24.12,3.78
2026-01-11 05:20,-1.03,-349.34,0.00,0.00,40.00,42.69,0.11,0.00,124.76,1446.85,0.00,0.00,9.64,0.00,13.87,0.74,0.00,0.00,1.94,1.43,0.01,0.00,24.32,0.44
2026-01-11 05:25,-1.08,-345.78,0.00,0.00,40.00,43.36,0.11,0.00,134.91,1449.60,0.00,0.00,4.92,0.00,13.98,0.73,0.00,0.00,1.94,1.44,0.01,0.00,24.19,8.69
2026-01-11 05:30,-0.59,-243.79,0.00,0.00,40.00,42.69,0.11,0.00,18.67,1436.72,0.00,0.00,10.33,0.00,14.10,0.53,0.00,0.00,1.92,1.43,0.01,0.00,26.19,8.64
2026-01-11 05:35,-0.21,-254.35,0.00,0.00,40.00,42.69,0.11,0.00,21.25,1444.26,0.00,0.61,5.53,0.00,14.17,0.55,0.00,0.00,1.92,1.43,0.01,0.00,25.99,0.01
2026-01-11 05:40,-1.94,-340.15,0.00,0.00,40.00,42.69,0.11,0.00,115.70,1438.58,0.00,1.22,9.22,0.00,14.23,0.70,0.00,0.00,1.92,1.43,0.01,0.00,24.63,8.68
2026-01-11 05:45,-0.15,-227.48,0.00,0.00,40.00,42.69,0.11,0.00,9.82,1453.39,0.01,1.83,8.80,0.00,14.30,0.48,0.00,0.00,1.92,1.43,0.01,0.00,26.17,8.69
2026-01-11 05:50,-2.31,-241.34,0.00,0.00,40.00,43.36,0.11,0.00,9.14,1454.36,0.12,2.44,6.75,0.00,14.37,0.53,0.00,0.00,1.92,1.44,0.01,0.00,26.09,8.60
2026-01-11 05:55,-1.28,-254.03,0.00,0.00,40.00,43.36,0.11,0.00,27.01,1457.31,1.09,3.05,7.96,0.00,14.43,0.55,0.00,0.00,1.92,1.44,0.01,0.00,25.68,-2.52
2026-01-11 06:00,-3.05,-360.35,0.00,0.00,40.00,43.36,0.11,0.00,135.36,1453.33,1.36,3.66,7.36,0.00,14.50,0.73,0.00,0.00,1.92,1.44,0.01,0.00,24.07,-2.61
2026-01-11 06:05,0.00,-313.89,0.00,-0.10,42.00,43.36,0.11,0.00,68.20,1446.08,5.80,11.56,5.53,0.00,14.58,0.66,0.00,0.00,1.97,1.44,0.01,0.00,25.40,0.00
2026-01-11 06:10,-0.10,-255.78,0.00,-0.10,40.00,42.69,0.11,0.00,8.31,1442.19,9.39,19.46,6.75,0.00,14.67,0.56,0.00,0.00,1.92,1.43,0.01,0.00,25.70,-2.55
2026-01-11 06:15,-0.01,-352.43,0.00,-0.20,41.00,42.69,0.11,0.00,112.60,1418.84,13.98,27.36,7.96,0.00,14.75,0.73,0.00,0.00,1.94,1.43,0.01,0.00,24.40,-2.58
2026-01-11 06:20,0.00,-267.07,0.00,-0.20,43.00,42.69,0.11,0.00,34.50,1410.45,20.42,35.27,7.96,0.00,14.83,0.57,0.00,0.00,1.99,1.43,0.01,0.00,25.99,3.89
2026-01-11 06:25,-3.39,-249.09,0.00,-0.20,40.00,42.69,0.11,0.00,0.51,1401.03,27.76,43.17,6.75,0.00,14.92,0.55,0.00,0.00,1.92,1.43,0.01,0.00,25.83,-0.71
2026-01-11 06:30,-2.01,-265.90,0.00,-0.10,40.00,42.69,0.11,0.00,16.81,1377.33,37.17,51.07,9.22,0.00,15.00,0.58,0.00,0.00,1.92,1.43,0.01,0.00,25.63,-2.59
2026-01-11 06:35,-1.25,-262.31,0.00,0.00,40.00,42.69,0.11,0.00,0.41,1377.27,47.32,66.16,10.33,0.00,15.05,0.58,0.00,0.00,1.92,1.43,0.01,0.00,25.41,-0.34
2026-01-11 06:40,-0.12,-260.00,0.00,0.00,41.00,43.36,0.11,0.00,5.81,1360.06,52.40,81.26,3.30,0.00,15.10,0.58,0.00,0.00,1.94,1.44,0.01,0.00,25.45,-2.59
2026-01-11 06:45,-3.31,-273.70,0.00,0.00,40.00,43.36,0.11,0.00,0.26,1360.87,66.63,96.35,9.22,0.00,15.15,0.61,0.00,0.00,1.92,1.44,0.01,0.00,24.88,-5.42
2026-01-11 06:50,-0.08,-336.03,0.00,0.00,44.00,43.36,0.11,0.00,45.15,1347.47,81.61,111.45,0.00,0.00,15.20,0.73,0.00,0.00,2.02,1.44,0.01,0.00,24.56,-2.39
2026-01-11 06:55,-0.08,-344.82,0.00,0.00,44.00,42.69,0.11,0.00,42.39,1325.00,101.45,126.55,0.87,0.00,15.25,0.74,0.00,0.00,2.02,1.43,0.01,0.00,24.29,-6.00
2026-01-11 07:00,-3.20,-292.64,0.00,0.00,39.00,42.69,0.11,0.00,1.42,1303.86,106.45,141.64,9.45,0.00,15.30,0.65,0.00,0.00,1.90,1.43,0.01,0.00,24.06,-6.00
2026-01-11 07:05,-9.00,-298.31,0.00,0.00,39.00,42.69,0.11,0.00,0.29,1286.71,127.95,164.83,24.31,0.00,15.35,0.66,0.00,0.00,1.90,1.43,0.01,0.00,23.68,-2.46
2026-01-11 07:10,-5.28,-445.33,0.00,0.00,40.00,42.69,0.11,0.00,90.11,1315.34,129.14,188.02,2.49,10.86,15.40,0.92,0.00,0.00,1.92,1.43,0.01,0.00,21.57,-6.00
2026-01-11 07:15,-7.71,-363.06,0.00,0.00,42.00,42.69,0.11,0.00,6.42,1265.57,150.26,211.21,48.35,11.35,15.45,0.78,0.00,0.00,1.97,1.43,0.01,0.00,23.36,-6.74
2026-01-11 07:20,-10.04,-331.85,0.00,0.00,40.00,42.69,0.11,0.00,0.49,1214.42,165.69,234.40,95.76,11.89,15.50,0.74,0.00,0.00,1.92,1.43,0.01,0.00,23.13,-6.64
2026-01-11 07:25,-13.05,-387.28,0.00,0.00,40.00,43.36,0.11,0.00,0.61,1222.94,184.63,257.59,114.15,14.70,15.55,0.86,0.00,0.00,1.92,1.44,0.01,0.00,22.29,-7.25
2026-01-11 07:30,-15.85,-350.39,0.00,0.00,40.00,42.69,0.11,0.00,0.36,1157.05,190.08,280.77,218.85,41.85,15.60,0.79,0.00,0.00,1.92,1.43,0.01,0.00,22.89,-7.16
2026-01-11 07:35,-8.29,-362.06,0.00,0.00,42.00,43.36,0.11,0.00,14.53,1170.46,193.51,313.57,220.54,120.45,15.82,0.79,0.00,0.00,1.97,1.44,0.01,0.00,22.36,-7.48
2026-01-11 07:40,-8.30,-316.43,0.00,0.00,43.00,43.36,0.11,0.00,10.16,1110.04,135.95,346.36,280.03,129.85,16.03,0.75,0.00,0.00,1.99,1.44,0.01,0.00,23.68,-12.81
2026-01-11 07:45,-11.57,-212.44,0.00,0.00,41.00,42.69,0.11,0.00,34.53,1004.30,121.68,379.15,409.46,156.83,16.25,0.53,0.00,0.00,1.94,1.43,0.01,0.00,24.43,-12.39
2026-01-11 07:50,-10.08,-202.50,0.00,0.00,42.00,42.69,0.11,0.00,7.86,1004.78,122.57,411.94,391.76,171.64,16.47,0.55,0.00,0.00,1.97,1.43,0.01,0.00,24.15,-13.73
2026-01-11 07:55,-12.22,-232.16,0.00,0.00,41.00,43.36,0.11,0.00,0.41,1027.57,131.96,444.73,407.67,233.45,16.68,0.62,0.00,0.00,1.94,1.44,0.01,0.00,23.00,-17.55
2026-01-11 08:00,-8.89,-249.76,0.00,0.00,42.00,42.69,0.11,0.00,11.92,1039.21,108.67,477.52,427.48,274.80,16.90,0.64,0.00,0.00,1.97,1.43,0.01,0.00,22.69,-14.14
2026-01-11 08:05,-4.57,-286.23,0.00,0.00,45.00,42.69,0.11,0.00,94.09,1052.94,118.46,496.57,437.39,371.72,16.83,0.72,0.00,0.00,2.04,1.43,0.01,0.00,21.24,-7.01
2026-01-11 08:10,0.00,-251.67,0.00,0.00,42.00,43.36,0.11,0.00,51.42,1002.34,71.50,515.62,446.16,324.68,16.77,0.60,0.00,0.00,1.97,1.44,0.01,0.00,22.88,-7.00
2026-01-11 08:15,0.00,-298.59,0.00,0.00,42.00,42.69,0.11,0.00,30.81,1070.59,66.23,534.67,424.15,323.91,16.70,0.78,0.00,0.00,1.97,1.43,0.01,0.00,21.12,-6.50
2026-01-11 08:20,-0.47,-349.47,0.00,0.00,40.00,42.69,0.11,0.00,1.17,1090.77,138.75,553.72,380.65,250.53,16.63,0.95,0.00,0.00,1.92,1.43,0.01,0.00,19.05,-6.25
2026-01-11 08:25,-3.99,-390.29,0.00,0.00,40.00,42.69,0.11,0.00,0.17,1115.17,140.25,572.77,342.82,262.15,16.57,1.02,0.00,0.00,1.92,1.43,0.01,0.00,18.50,-6.21
2026-01-11 08:30,-1.22,-432.10,0.00,0.00,41.00,42.69,0.11,0.00,10.08,1119.85,153.36,591.82,384.28,256.65,16.50,1.15,0.00,0.00,1.94,1.43,0.01,0.00,17.53,-7.00
2026-01-11 08:35,-0.01,-450.10,0.00,-0.10,44.00,43.36,0.11,0.00,57.47,1097.18,136.82,612.25,397.31,285.53,16.65,1.12,0.00,0.00,2.11,1.45,0.01,0.00,19.05,-7.35
2026-01-11 08:40,0.00,-260.78,0.00,-0.10,43.00,42.69,0.11,0.00,58.34,937.87,95.20,632.67,584.34,353.46,16.80,0.70,0.00,0.00,2.09,1.44,0.01,0.00,21.94,-7.01
2026-01-11 08:45,-1.11,-249.55,0.00,-0.20,40.00,42.69,0.11,0.00,0.44,952.43,82.96,653.09,467.63,358.16,16.95,0.71,0.00,0.00,2.02,1.44,0.01,0.00,21.75,-7.25
2026-01-11 08:50,-25.39,-282.71,0.00,-0.20,40.00,42.69,0.11,0.00,0.45,986.68,90.90,673.52,483.15,362.79,17.10,0.79,0.00,0.00,2.02,1.44,0.01,0.00,21.04,-7.97
2026-01-11 08:55,-5.81,-269.55,0.00,-0.10,40.00,42.69,0.11,0.00,3.26,928.22,86.45,693.94,587.71,346.94,17.25,0.78,0.00,0.00,2.02,1.44,0.01,0.00,21.21,-8.50
2026-01-11 09:00,0.00,-149.96,0.00,-0.10,42.00,43.36,0.11,0.00,7.24,825.59,43.45,714.37,701.49,413.09,17.40,0.46,0.00,0.00,2.06,1.45,0.01,0.00,24.07,-7.25
2026-01-11 09:05,-0.01,-329.92,0.00,-0.10,43.00,42.69,0.11,0.00,26.85,924.78,95.12,734.41,557.83,377.79,17.58,0.94,0.00,0.00,2.09,1.44,0.01,0.00,20.23,-14.13
2026-01-11 09:10,-0.10,-125.97,0.00,-0.10,42.00,42.69,0.11,0.00,7.61,797.83,34.90,754.44,729.47,430.31,17.77,0.40,0.00,0.00,2.06,1.44,0.01,0.00,24.07,-8.50
2026-01-11 09:15,-24.10,-180.27,0.00,-0.10,42.00,42.69,0.11,0.00,9.25,826.60,55.99,774.48,648.79,420.87,17.95,0.56,0.00,0.00,2.06,1.44,0.01,0.00,22.90,-12.57
2026-01-11 09:20,-3.30,-154.20,0.00,-0.10,42.00,42.69,0.11,0.00,9.78,787.48,39.30,794.52,722.68,432.54,18.13,0.51,0.00,0.00,2.06,1.44,0.01,0.00,23.14,-13.99
2026-01-11 09:25,-2.20,-145.53,0.00,-0.10,40.00,42.69,0.11,0.00,1.55,777.85,37.76,814.56,702.26,429.94,18.32,0.50,0.00,0.00,2.02,1.44,0.01,0.00,22.69,-12.51
2026-01-11 09:30,-1.32,-137.26,0.00,-0.10,41.00,42.69,0.11,0.00,0.10,765.06,38.30,834.60,681.33,396.85,18.50,0.48,0.00,0.00,2.04,1.44,0.01,0.00,22.81,-18.41
2026-01-11 09:35,0.00,-153.60,0.00,0.00,43.00,42.69,0.11,0.00,24.23,767.97,13.57,850.75,706.59,418.97,18.42,0.53,0.00,0.00,2.09,1.44,0.01,0.00,22.71,-20.00
2026-01-11 09:40,-0.01,-79.35,0.00,0.00,45.00,42.69,0.11,0.00,40.65,663.31,10.28,866.90,786.48,481.60,18.33,0.28,0.00,0.00,2.14,1.44,0.01,0.00,24.91,-33.95
2026-01-11 09:45,-5.85,0.00,8.95,0.00,40.00,42.69,0.11,0.00,6.04,620.32,7.06,883.05,788.07,490.50,18.25,0.00,0.55,0.00,2.02,1.44,0.01,0.00,30.40,-41.76
2026-01-11 09:50,-9.79,0.00,10.76,0.00,40.00,43.36,0.11,0.00,6.58,603.13,5.77,899.20,738.95,495.57,18.17,0.00,0.67,0.00,2.02,1.45,0.01,0.00,31.48,-46.80
2026-01-11 09:55,-4.11,-15.57,0.00,0.00,42.00,43.36,0.11,0.00,11.95,589.35,5.77,915.35,772.21,500.15,18.08,0.06,0.00,0.00,2.06,1.45,0.01,0.00,26.16,-20.00
2026-01-11 10:00,-3.96,-27.86,0.00,0.00,40.00,42.69,0.11,0.00,0.00,584.54,5.83,931.50,725.09,476.63,18.00,0.11,0.00,0.00,2.02,1.44,0.01,0.00,25.58,-41.49
2026-01-11 10:05,-14.07,-45.32,0.00,0.00,40.00,42.69,0.11,0.00,0.01,578.30,9.02,978.92,724.06,465.44,18.20,0.18,0.00,0.00,2.02,1.44,0.01,0.00,24.77,-41.23
2026-01-11 10:10,-18.71,-13.61,0.00,0.00,42.00,42.69,0.11,0.00,2.77,550.17,6.39,1026.34,721.03,497.67,18.40,0.06,0.00,0.00,2.06,1.44,0.01,0.00,25.30,-20.00
2026-01-11 10:15,-58.27,0.00,28.23,0.00,41.00,42.69,0.11,0.00,2.17,520.94,6.54,1073.75,734.16,468.96,18.60,0.00,1.76,0.00,2.04,1.44,0.01,0.00,39.31,-42.17
2026-01-11 10:20,-51.94,0.00,42.91,0.00,43.00,42.69,0.11,0.00,3.42,472.85,5.97,1121.17,730.47,465.44,18.80,0.00,2.69,0.00,2.09,1.44,0.01,0.00,46.86,-47.29
2026-01-11 10:25,-52.22,0.00,9.31,-0.10,40.00,42.69,0.11,0.00,0.19,458.90,5.52,1168.59,705.91,499.43,19.00,0.00,0.58,0.00,2.02,1.44,0.01,0.00,29.33,-31.56
2026-01-11 10:30,-93.42,0.00,11.82,-0.10,43.00,42.69,0.11,0.00,1.47,426.31,13.72,1216.00,700.49,514.99,19.20,0.00,0.73,0.00,2.09,1.44,0.01,0.00,31.27,-54.54
2026-01-11 10:35,-89.19,-27.07,0.00,0.00,40.00,42.69,0.11,0.00,0.00,421.26,5.32,1255.74,741.49,484.86,19.45,0.14,0.00,0.00,2.02,1.44,0.01,0.00,24.17,-41.97
2026-01-11 10:40,-164.21,0.00,46.49,0.00,41.00,42.69,0.11,0.00,0.00,419.36,5.27,1295.48,668.10,518.24,19.70,0.00,2.91,0.00,2.04,1.44,0.01,0.00,48.20,-56.64
2026-01-11 10:45,-189.00,0.00,38.40,0.00,40.00,42.69,0.11,0.00,0.00,416.88,8.10,1335.22,639.33,517.61,19.95,0.00,2.47,0.00,2.02,1.44,0.01,0.00,44.08,-48.95
2026-01-11 10:50,-360.68,0.00,174.01,0.00,42.00,42.69,0.11,0.00,0.00,388.75,4.47,1374.96,670.27,503.62,20.20,0.00,10.93,0.00,2.06,1.44,0.01,0.00,131.48,-57.46
2026-01-11 10:55,-337.80,0.00,109.31,0.00,43.00,42.69,0.11,0.00,0.78,381.87,3.93,1414.70,676.50,506.45,20.45,0.00,6.95,0.00,2.09,1.44,0.01,0.00,87.38,-56.86
2026-01-11 11:00,-383.11,0.00,138.37,0.00,42.00,42.69,0.11,0.00,0.00,348.44,7.83,1454.44,635.27,503.44,20.70,0.00,9.16,0.00,2.06,1.44,0.01,0.00,110.67,-54.48
2026-01-11 11:05,-211.19,-77.80,0.00,0.00,44.00,42.69,0.11,0.00,0.73,372.99,4.73,1495.50,611.86,474.93,20.78,0.43,0.00,0.00,2.11,1.44,0.01,0.00,22.42,-57.97
2026-01-11 11:10,-261.15,-54.40,0.00,0.00,43.00,42.69,0.11,0.00,1.23,364.04,4.13,1536.57,696.69,510.85,20.87,0.26,0.00,0.00,2.09,1.44,0.01,0.00,23.44,-53.55
2026-01-11 11:15,-247.91,-53.08,0.00,0.00,40.00,42.69,0.11,0.00,0.00,334.55,7.49,1577.64,698.45,494.49,20.95,0.30,0.00,0.00,2.02,1.44,0.01,0.00,22.27,-55.40
2026-01-11 11:20,-333.10,-31.34,0.00,0.00,41.00,42.69,0.11,0.00,0.02,359.94,4.18,1618.70,649.58,515.79,21.03,0.16,0.00,0.00,2.04,1.44,0.01,0.00,23.45,-55.04
2026-01-11 11:25,-388.43,0.00,36.89,0.00,43.00,42.69,0.11,0.00,0.00,329.17,4.23,1659.77,731.37,497.08,21.12,0.00,2.56,0.00,2.09,1.44,0.01,0.00,44.23,-59.00
2026-01-11 11:30,-416.03,0.00,10.35,0.00,42.00,42.69,0.11,0.00,0.00,325.97,9.53,1700.83,642.82,522.14,21.20,0.00,0.72,0.00,2.06,1.44,0.01,0.00,29.93,-60.09
2026-01-11 11:35,-345.86,-70.32,0.00,0.00,42.00,42.69,0.11,0.00,0.05,338.90,6.65,1725.09,606.60,522.54,21.30,0.35,0.00,0.00,2.06,1.44,0.01,0.00,21.81,-54.39
2026-01-11 11:40,-389.28,-34.06,0.00,0.00,40.00,42.69,0.11,0.00,0.00,327.28,3.30,1749.34,732.08,507.97,21.40,0.28,0.00,0.00,1.92,1.43,0.01,0.00,21.24,-58.45
2026-01-11 11:45,-436.96,-32.29,0.00,0.00,40.00,42.69,0.11,0.00,0.00,337.70,6.82,1773.59,658.34,525.42,21.50,0.26,0.00,0.00,1.92,1.43,0.01,0.00,21.47,-58.07
2026-01-11 11:50,-422.45,-56.41,0.00,0.00,42.00,42.69,0.11,0.00,0.00,357.31,3.37,1797.84,611.37,529.79,21.60,0.45,0.00,0.00,1.97,1.43,0.01,0.00,20.11,-59.04
2026-01-11 11:55,-459.76,-20.20,0.00,0.00,41.00,42.02,0.11,0.00,0.01,347.70,2.90,1822.09,620.74,526.87,21.70,0.16,0.00,0.00,1.94,1.42,0.01,0.00,21.67,-59.04
2026-01-11 12:00,-466.97,-25.73,0.00,-0.10,41.00,42.69,0.11,0.00,0.00,339.13,6.76,1846.34,618.68,526.20,21.80,0.21,0.00,0.00,1.94,1.43,0.01,0.00,21.35,-61.84
2026-01-11 12:05,-454.46,-59.12,0.00,-0.10,40.00,42.02,0.11,0.00,0.00,373.46,3.21,1846.73,608.79,530.51,21.95,0.45,0.00,0.00,1.92,1.42,0.01,0.00,19.36,-57.78
2026-01-11 12:10,-430.39,-24.27,0.00,0.00,40.00,42.69,0.11,0.00,0.01,320.66,2.63,1847.13,604.05,522.52,22.10,0.20,0.00,0.00,1.92,1.43,0.01,0.00,21.06,-59.60
2026-01-11 12:15,-507.88,0.00,28.27,0.00,40.00,42.02,0.11,0.00,0.01,334.06,6.76,1847.52,651.31,515.20,22.25,0.00,2.30,0.00,1.92,1.42,0.01,0.00,39.04,-59.04
2026-01-11 12:20,-447.37,-27.41,0.00,0.00,42.00,42.69,0.11,0.00,0.01,309.63,3.48,1847.92,702.64,531.10,22.40,0.23,0.00,0.00,1.97,1.43,0.01,0.00,21.50,-62.25
2026-01-11 12:25,-465.00,0.00,3.18,0.00,43.00,42.69,0.11,0.00,0.04,294.56,3.11,1848.31,654.36,528.37,22.55,0.00,0.27,0.00,1.99,1.43,0.01,0.00,25.16,-59.00
2026-01-11 12:30,-326.59,-169.05,0.00,0.00,40.00,42.69,0.11,0.00,0.00,310.27,6.71,1848.71,675.60,527.32,22.70,1.40,0.00,0.00,1.92,1.43,0.01,0.00,13.42,-61.95
2026-01-11 12:35,-461.15,-52.34,0.00,0.00,41.00,42.69,0.11,0.00,0.00,333.44,3.31,1848.18,651.82,531.53,22.88,0.42,0.00,0.00,1.94,1.43,0.01,0.00,20.20,-85.12
2026-01-11 12:40,-386.64,-39.48,0.00,0.00,41.00,42.02,0.11,0.00,0.01,260.69,1.10,1847.66,699.37,530.54,23.07,0.37,0.00,0.00,1.94,1.42,0.01,0.00,20.37,-62.27
2026-01-11 12:45,-455.85,-14.23,0.00,0.00,39.00,42.69,0.11,0.00,0.01,290.19,6.33,1847.14,645.31,527.63,23.25,0.12,0.00,0.00,1.90,1.43,0.01,0.00,21.96,-81.82
2026-01-11 12:50,-418.67,-22.63,0.00,0.00,40.00,42.69,0.11,0.00,0.00,265.98,2.50,1846.62,592.30,532.85,23.43,0.20,0.00,0.00,1.92,1.43,0.01,0.00,21.57,-76.55
2026-01-11 12:55,-297.61,-163.00,0.00,0.00,41.00,42.69,0.11,0.00,3.94,277.10,1.66,1846.09,572.90,529.83,23.62,1.41,0.00,0.00,1.94,1.43,0.01,0.00,13.51,-79.88
2026-01-11 13:00,-304.67,-152.89,0.00,0.00,40.00,43.36,0.11,0.00,2.17,272.17,5.68,1845.57,671.85,528.93,23.80,1.32,0.00,0.00,1.92,1.44,0.01,0.00,14.01,-73.50
2026-01-11 13:05,-319.71,-165.14,0.00,0.00,40.00,43.36,0.11,0.00,0.00,310.60,2.62,1840.29,618.52,532.57,23.73,1.37,0.00,0.00,1.92,1.44,0.01,0.00,13.66,-59.04
2026-01-11 13:10,-193.37,-288.31,0.00,0.00,40.00,42.69,0.11,0.00,0.32,315.97,2.51,1835.01,591.72,529.04,23.67,2.37,0.00,0.00,1.92,1.43,0.01,0.00,6.74,-57.50
2026-01-11 13:15,-171.82,-337.60,0.00,0.00,42.00,42.69,0.11,0.00,12.47,317.41,7.07,1829.73,635.81,527.45,23.60,2.74,0.00,0.00,1.97,1.43,0.01,0.00,4.55,-85.02
2026-01-11 13:20,-170.89,-314.96,0.00,0.00,40.00,43.36,0.11,0.00,0.00,297.92,1.68,1824.45,651.16,534.13,23.53,2.66,0.00,0.00,1.92,1.44,0.01,0.00,4.91,-160.11
2026-01-11 13:25,-152.39,-247.86,0.00,0.00,40.00,42.69,0.11,0.00,0.00,252.90,0.73,1819.17,673.35,531.41,23.47,2.34,0.00,0.00,1.92,1.43,0.01,0.00,6.97,-68.62
2026-01-11 13:30,-183.15,-269.54,0.00,0.00,41.00,43.36,0.11,0.00,0.40,256.44,6.36,1813.88,679.37,528.32,23.40,2.39,0.00,0.00,1.94,1.44,0.01,0.00,7.00,-59.38
2026-01-11 13:35,-276.39,-240.79,0.00,0.00,43.00,42.69,0.11,0.00,37.63,281.67,4.61,1809.01,653.97,532.25,23.37,2.00,0.00,0.00,1.99,1.43,0.01,0.00,10.09,-67.62
2026-01-11 13:40,-170.80,-315.70,0.00,0.00,41.00,42.69,0.11,0.00,30.73,265.57,4.74,1804.13,693.88,529.39,23.33,2.66,0.00,0.00,1.94,1.43,0.01,0.00,5.07,-95.07
2026-01-11 13:45,-203.84,-220.94,0.00,-0.10,40.00,43.36,0.11,0.00,0.00,230.72,4.96,1799.26,707.34,530.38,23.30,2.20,0.00,0.00,1.92,1.44,0.01,0.00,8.23,-78.35
2026-01-11 13:50,-246.47,-198.53,0.00,-0.10,41.00,42.69,0.11,0.00,1.89,252.53,2.15,1794.38,598.30,528.63,23.27,1.77,0.00,0.00,1.94,1.43,0.01,0.00,11.40,-79.91
2026-01-11 13:55,-275.97,-191.84,0.00,-0.10,44.00,42.69,0.11,0.00,1.53,279.23,3.87,1789.51,710.69,525.85,23.23,1.68,0.00,0.00,2.02,1.43,0.01,0.00,12.54,-85.12
2026-01-11 14:00,-238.04,-207.17,0.00,-0.10,40.00,42.69,0.11,0.00,2.99,246.60,5.89,1784.63,765.46,530.40,23.20,1.94,0.00,0.00,1.92,1.43,0.01,0.00,10.12,-81.08
2026-01-11 14:05,-227.35,-218.56,0.00,0.00,40.00,43.36,0.11,0.00,0.00,274.20,1.94,1783.76,681.51,532.97,23.28,1.90,0.00,0.00,1.92,1.44,0.01,0.00,10.34,-79.61
2026-01-11 14:10,-305.88,-159.13,0.00,0.00,40.00,42.69,0.11,0.00,0.00,289.33,1.62,1782.89,670.66,530.19,23.37,1.36,0.00,0.00,1.92,1.43,0.01,0.00,14.18,-93.45
2026-01-11 14:15,-296.66,-120.97,0.00,0.00,41.00,42.69,0.11,0.00,0.20,260.67,4.49,1782.02,738.44,530.18,23.45,1.16,0.00,0.00,1.94,1.43,0.01,0.00,15.56,-85.02
2026-01-11 14:20,-189.84,-186.41,0.00,0.00,41.00,42.02,0.11,0.00,0.20,234.54,1.54,1781.15,747.64,533.72,23.53,1.76,0.00,0.00,1.94,1.42,0.01,0.00,11.19,-91.82
2026-01-11 14:25,-197.27,-197.49,0.00,0.00,40.00,42.02,0.11,0.00,0.01,256.70,0.73,1780.27,747.55,530.49,23.62,1.85,0.00,0.00,1.92,1.42,0.01,0.00,10.42,-59.04
2026-01-11 14:30,-112.59,-327.65,0.00,0.00,44.00,42.69,0.11,0.00,12.82,281.77,7.54,1779.40,740.57,527.18,23.70,2.80,0.00,0.00,2.02,1.43,0.01,0.00,4.50,-85.02
2026-01-11 14:35,-183.64,-208.58,0.00,0.00,40.00,42.69,0.11,0.00,0.00,269.58,2.30,1765.93,690.28,533.38,23.60,1.82,0.00,0.00,1.92,1.43,0.01,0.00,10.64,-61.96
2026-01-11 14:40,-363.85,-51.68,0.00,0.00,40.00,42.69,0.11,0.00,0.00,292.12,2.21,1752.46,642.71,528.76,23.50,0.44,0.00,0.00,1.92,1.43,0.01,0.00,20.42,-59.04
2026-01-11 14:45,-172.12,-244.07,0.00,0.00,40.00,42.69,0.11,0.00,0.00,302.65,5.91,1738.99,622.58,527.68,23.40,2.09,0.00,0.00,1.92,1.43,0.01,0.00,8.84,-123.07
2026-01-11 14:50,-60.91,-269.71,0.00,0.00,40.00,42.69,0.11,0.00,0.00,242.40,1.44,1725.52,746.99,532.90,23.30,2.75,0.00,0.00,1.92,1.43,0.01,0.00,4.22,-55.34
2026-01-11 14:55,-174.67,-222.84,0.00,0.00,44.00,42.69,0.11,0.00,10.93,281.91,3.51,1712.05,672.59,527.32,23.20,1.98,0.00,0.00,2.02,1.43,0.01,0.00,10.38,-88.25
2026-01-11 15:00,-155.94,-189.16,0.00,0.00,41.00,42.69,0.11,0.00,0.00,268.26,4.51,1698.58,717.13,529.47,23.10,1.79,0.00,0.00,1.94,1.43,0.01,0.00,11.17,-65.56
2026-01-11 15:05,-177.35,-183.73,0.00,0.00,40.00,42.69,0.11,0.00,0.00,291.76,2.77,1686.31,704.96,530.49,23.28,1.60,0.00,0.00,1.92,1.43,0.01,0.00,12.36,-59.80
2026-01-11 15:10,-208.09,-177.65,0.00,0.00,43.00,42.69,0.11,0.00,0.18,321.35,3.20,1674.05,701.25,522.86,23.47,1.52,0.00,0.00,1.99,1.43,0.01,0.00,13.47,-58.56
2026-01-11 15:15,-129.19,-240.82,0.00,0.00,41.00,43.36,0.11,0.00,0.23,324.65,2.70,1661.79,721.59,527.05,23.65,2.04,0.00,0.00,1.94,1.44,0.01,0.00,9.51,-62.44
2026-01-11 15:20,-38.23,-311.26,0.00,0.00,40.00,43.36,0.11,0.00,0.00,325.12,5.51,1649.52,705.18,526.87,23.83,2.60,0.00,0.00,1.92,1.44,0.01,0.00,5.35,-61.44
2026-01-11 15:25,-19.50,-338.38,0.00,-0.10,42.00,43.36,0.11,0.00,11.67,344.57,3.21,1637.26,731.61,529.43,24.02,2.73,0.00,0.00,1.97,1.44,0.01,0.00,4.75,-57.48
2026-01-11 15:30,-21.52,-330.69,0.00,-0.10,41.00,43.36,0.11,0.00,3.68,347.68,3.44,1625.00,717.96,525.60,24.20,2.67,0.00,0.00,1.94,1.44,0.01,0.00,5.03,-51.16
2026-01-11 15:35,-127.33,-217.63,0.00,0.00,40.00,42.69,0.11,0.00,0.00,355.57,6.04,1616.99,735.19,523.94,24.03,1.75,0.00,0.00,1.92,1.43,0.01,0.00,11.24,-58.68
2026-01-11 15:40,-96.14,-240.36,0.00,0.00,40.00,43.36,0.11,0.00,0.00,378.16,3.33,1608.98,745.84,526.90,23.87,1.89,0.00,0.00,1.92,1.44,0.01,0.00,10.20,-50.96
2026-01-11 15:45,-78.47,-229.65,0.00,0.00,40.00,42.69,0.11,0.00,0.00,361.91,2.61,1600.98,704.55,522.68,23.70,1.84,0.00,0.00,1.92,1.43,0.01,0.00,10.42,-51.24
2026-01-11 15:50,-70.81,-233.52,0.00,0.00,40.00,43.36,0.11,0.00,0.04,376.56,5.16,1592.97,710.59,520.65,23.53,1.84,0.00,0.00,1.92,1.44,0.01,0.00,10.48,-43.69
2026-01-11 15:55,-46.64,-242.77,0.00,0.00,40.00,43.36,0.10,0.00,0.02,390.91,4.46,1584.97,714.99,519.28,23.37,1.88,0.00,0.00,1.92,1.44,0.01,0.00,10.08,-51.53
2026-01-11 16:00,-36.85,-252.85,0.00,0.00,42.00,43.36,0.11,0.00,15.31,409.52,4.62,1576.96,741.68,517.24,23.20,1.89,0.00,0.00,1.97,1.44,0.01,0.00,10.17,-51.85
2026-01-11 16:05,-65.33,-210.96,0.00,0.00,40.00,42.69,0.11,0.00,0.00,425.27,5.79,1552.07,749.22,513.95,23.20,1.56,0.00,0.00,1.92,1.43,0.01,0.00,12.01,-55.44
2026-01-11 16:10,-23.22,-213.38,0.00,0.00,40.00,42.69,0.11,0.00,0.00,401.85,3.43,1527.17,701.50,513.62,23.20,1.63,0.00,0.00,1.92,1.43,0.01,0.00,11.65,-51.36
2026-01-11 16:15,-5.49,-204.28,0.00,0.00,41.00,42.69,0.11,0.00,4.64,403.72,3.91,1502.28,720.99,508.37,23.20,1.55,0.00,0.00,1.94,1.43,0.01,0.00,12.29,-51.60
2026-01-11 16:20,-1.54,-192.88,0.00,0.00,42.00,42.69,0.11,0.00,5.38,407.59,3.79,1477.38,768.46,504.18,23.20,1.46,0.00,0.00,1.97,1.43,0.01,0.00,13.10,-39.12
2026-01-11 16:25,-2.42,-164.08,0.00,0.00,40.00,42.69,0.11,0.00,0.30,415.96,5.10,1452.49,772.12,498.28,23.20,1.23,0.00,0.00,1.92,1.43,0.01,0.00,14.28,-39.35
2026-01-11 16:30,-1.12,-145.01,0.00,0.00,43.00,42.69,0.11,0.00,7.94,419.29,5.70,1427.59,710.94,494.08,23.20,1.08,0.00,0.00,1.99,1.43,0.01,0.00,15.66,-17.39
2026-01-11 16:35,-21.66,-155.19,0.00,0.00,40.00,43.36,0.11,0.00,0.03,476.68,10.32,1397.37,664.43,482.67,23.17,1.09,0.00,0.00,1.92,1.44,0.01,0.00,15.28,-17.39
2026-01-11 16:40,-51.43,-155.77,0.00,0.00,40.00,43.36,0.11,0.00,0.01,531.53,10.44,1367.14,623.95,479.18,23.13,1.03,0.00,0.00,1.92,1.44,0.01,0.00,15.70,-32.56
2026-01-11 16:45,-0.15,-100.64,0.00,0.00,44.00,43.36,0.11,0.00,9.89,441.11,9.41,1336.91,774.57,477.82,23.10,0.73,0.00,0.00,2.02,1.44,0.01,0.00,18.37,-12.67
2026-01-11 16:50,-9.52,-89.59,0.00,-0.10,40.00,42.69,0.11,0.00,0.01,470.45,34.11,1306.69,622.13,447.95,23.07,0.62,0.00,0.00,1.92,1.43,0.01,0.00,18.31,-8.50
2026-01-11 16:55,-26.07,-159.31,0.00,0.00,40.00,42.69,0.11,0.00,0.00,552.67,52.15,1276.46,595.04,427.44,23.03,0.99,0.00,0.00,1.92,1.43,0.01,0.00,15.95,-20.00
2026-01-11 17:00,-0.17,-14.46,0.00,0.00,43.00,43.36,0.11,0.00,11.32,457.20,13.56,1246.24,685.67,471.22,23.00,0.10,0.00,0.00,1.99,1.44,0.01,0.00,22.24,-15.46
2026-01-11 17:05,-0.16,-7.07,0.00,-0.10,42.00,43.36,0.11,0.00,8.69,495.32,17.40,1210.14,610.80,427.96,22.85,0.05,0.00,0.00,1.97,1.44,0.01,0.00,22.33,-14.50
2026-01-11 17:10,-10.18,0.00,13.15,-0.10,40.00,43.36,0.11,0.00,0.00,496.49,37.21,1174.04,686.28,349.45,22.70,0.00,0.86,0.00,1.92,1.44,0.01,0.00,28.71,-13.04
2026-01-11 17:15,-13.18,0.00,24.45,0.00,40.00,43.36,0.11,0.00,0.02,510.54,39.52,1137.95,709.49,344.63,22.55,0.00,1.55,0.00,1.92,1.44,0.01,0.00,34.06,-13.05
2026-01-11 17:20,-1.08,0.00,76.43,0.00,41.00,43.36,0.11,0.00,1.38,501.60,40.16,1101.85,632.30,413.03,22.40,0.00,4.79,0.00,1.94,1.44,0.01,0.00,59.45,0.00
2026-01-11 17:25,-4.58,0.00,28.92,0.00,40.00,43.36,0.11,0.00,0.14,561.95,50.43,1065.75,611.65,402.59,22.25,0.00,1.46,0.00,1.94,1.45,0.01,0.00,33.75,-7.97
2026-01-11 17:30,-5.03,-67.75,0.00,0.00,43.00,42.69,0.11,0.00,10.75,642.11,78.17,1029.66,469.32,362.07,22.10,0.38,0.00,0.00,1.99,1.43,0.01,0.00,20.61,-7.25
2026-01-11 17:35,-2.04,-61.85,0.00,0.00,40.00,43.36,0.11,0.00,0.23,683.51,79.24,983.60,467.51,359.28,21.97,0.33,0.00,0.00,1.92,1.44,0.01,0.00,20.60,-7.42
2026-01-11 17:40,-0.43,0.00,6.48,0.00,41.00,0.00,0.11,0.00,1.74,681.05,78.43,937.54,485.55,356.41,21.83,0.00,0.40,0.00,1.94,0.71,0.01,0.00,21.26,-7.00
2026-01-11 17:45,-2.02,-114.47,0.00,0.00,42.00,0.00,0.11,0.00,8.94,773.93,146.47,891.49,333.71,273.78,21.70,0.34,0.00,0.00,1.97,0.71,0.01,0.00,16.14,-6.43
2026-01-11 17:50,-11.78,-152.93,0.00,0.00,41.00,0.00,0.11,0.00,0.04,868.80,154.99,845.43,262.55,261.86,21.57,0.28,0.00,0.00,1.97,0.00,0.01,0.00,11.62,-6.27
2026-01-11 17:55,-0.32,-103.78,0.00,0.00,42.00,0.00,0.11,0.00,2.48,843.28,149.39,799.38,292.12,258.32,21.43,0.20,0.00,0.00,1.99,0.00,0.01,0.00,12.48,-5.85
2026-01-11 18:00,-22.53,-112.88,0.00,0.00,40.00,0.00,0.11,0.00,0.35,913.99,144.75,753.32,264.65,251.68,21.30,0.20,0.00,0.00,1.94,0.00,0.01,0.00,12.21,-2.44
2026-01-11 18:05,-16.45,-110.22,0.00,0.00,40.00,0.00,0.11,0.00,0.03,940.35,136.37,713.90,237.75,245.17,21.23,0.20,0.00,0.00,1.94,0.00,0.01,0.00,12.35,-5.81
2026-01-11 18:10,-57.65,-110.81,0.00,0.00,44.00,0.00,0.11,0.00,9.34,978.99,163.38,674.48,64.06,200.38,21.17,0.20,0.00,0.00,2.04,0.00,0.01,0.00,13.02,-2.10
2026-01-11 18:15,-11.27,-225.73,0.00,0.00,40.00,0.00,0.11,0.00,0.04,1112.80,151.43,635.06,39.27,194.34,21.10,0.37,0.00,0.00,1.94,0.00,0.01,0.00,11.13,-2.10
2026-01-11 18:20,-7.00,-210.97,0.00,-0.10,41.00,0.00,0.11,0.00,0.31,1137.77,140.23,595.64,18.67,192.71,21.03,0.35,0.00,0.00,1.97,0.00,0.01,0.00,11.49,-2.35
2026-01-11 18:25,-11.44,-255.51,0.00,-0.10,44.00,0.00,0.11,0.00,4.28,1139.41,129.78,556.22,35.77,94.22,20.97,0.44,0.00,0.00,2.04,0.00,0.01,0.00,12.01,0.01
2026-01-11 18:30,-1.82,-262.03,0.00,-0.10,43.00,0.00,0.11,0.00,4.57,1197.27,195.95,516.80,0.00,92.48,20.90,0.42,0.00,0.00,2.02,0.00,0.01,0.00,11.34,7.73
2026-01-11 18:35,-0.02,-228.91,0.00,-0.10,44.00,0.00,0.11,0.00,10.30,1212.05,179.84,476.42,0.00,83.79,0.00,0.37,0.00,0.00,2.04,0.00,0.01,0.00,11.86,7.81
2026-01-11 18:40,-4.87,-260.36,0.00,-0.10,42.00,0.00,0.10,0.00,3.19,1226.48,223.16,436.04,0.00,0.00,0.00,0.41,0.00,0.00,1.99,0.00,0.01,0.00,11.47,11.19
2026-01-11 18:45,-9.03,-151.02,0.00,0.00,41.00,0.00,0.11,0.00,1.68,1168.20,211.72,395.66,0.00,0.00,0.00,0.24,0.00,0.00,1.97,0.00,0.01,0.00,12.55,24.71
2026-01-11 18:50,-3.98,-149.81,0.00,0.00,41.00,0.00,0.11,0.00,1.48,1195.39,190.35,355.28,0.00,0.00,0.00,0.24,0.00,0.00,1.97,0.00,0.01,0.00,12.79,32.68
2026-01-11 18:55,-15.11,-134.02,0.00,0.00,42.00,0.00,0.11,0.00,15.91,1211.00,164.71,314.90,0.00,0.00,0.00,0.21,0.00,0.00,1.99,0.00,0.01,0.00,13.38,34.09