date,Battery (Charging) -  MW,Exports -  MW,Imports -  MW,Distillate -  MW,Gas (Steam) -  MW,Gas (CCGT) -  MW,Gas (OCGT) -  MW,Gas (Reciprocating) -  MW,Battery (Discharging) -  MW,Wind -  MW,Solar (Utility) -  MW,Solar (Rooftop) -  MW,Temperature - C,Exports Emissions Vol - tCO₂e,Imports Emissions Vol - tCO₂e,Distillate Emissions Vol - tCO₂e,Gas (Steam) Emissions Vol - tCO₂e,Gas (CCGT) Emissions Vol - tCO₂e,Gas (OCGT) Emissions Vol - tCO₂e,Gas (Reciprocating) Emissions Vol - tCO₂e,Emissions Intensity - kgCO₂e/MWh,Price - AUD/MWh
2025-06-06 16:20,-8.34,-13.76,0.00,0.00,62.00,45.37,0.45,0.00,0.47,1353.72,206.90,0.00,16.23,0.04,0.00,0.00,2.98,1.52,0.03,0.00,32.71,-21.00
2025-06-06 16:25,-18.15,-27.43,0.00,0.00,60.00,45.37,0.45,0.00,0.34,1408.93,213.57,0.00,16.17,0.07,0.00,0.00,2.88,1.52,0.03,0.00,31.08,-21.00
2025-06-06 16:30,-2.90,-26.59,0.00,0.00,62.00,44.70,0.45,0.00,7.35,1458.58,197.02,309.00,16.10,0.07,0.00,0.00,2.98,1.50,0.03,0.00,25.97,-19.86
2025-06-06 16:35,-21.60,-18.19,0.00,0.00,58.00,44.70,0.45,0.00,0.28,1542.07,146.58,285.40,15.92,0.04,0.00,0.00,2.78,1.50,0.03,0.00,25.13,-21.00
2025-06-06 16:40,-17.08,-8.96,0.00,-0.10,60.00,45.37,0.45,0.00,0.37,1554.54,142.22,261.80,15.73,0.02,0.00,0.00,2.88,1.52,0.03,0.00,25.95,-19.86
2025-06-06 16:45,-16.84,-62.77,0.00,-0.10,62.00,45.37,0.45,0.00,0.79,1671.69,115.15,238.20,15.55,0.15,0.00,0.00,2.98,1.52,0.03,0.00,25.57,-21.00
2025-06-06 16:50,-10.12,-47.06,0.00,-0.10,59.00,45.37,0.45,0.00,0.35,1729.20,66.73,214.61,15.37,0.11,0.00,0.00,2.83,1.52,0.03,0.00,24.91,-19.86
2025-06-06 16:55,-26.86,-31.67,0.00,0.00,59.00,45.37,0.45,0.00,0.27,1765.99,52.49,191.01,15.18,0.07,0.00,0.00,2.83,1.52,0.03,0.00,25.15,-19.86
2025-06-06 17:00,-70.63,-26.41,0.00,-0.10,55.00,45.37,0.45,0.00,0.31,1850.62,41.27,167.41,15.00,0.06,0.00,0.00,2.64,1.52,0.03,0.00,24.05,-21.00
2025-06-06 17:05,-22.89,-48.59,0.00,-0.10,60.00,46.04,0.45,0.00,0.28,1849.65,61.39,147.67,14.97,0.11,0.00,0.00,2.88,1.54,0.03,0.00,24.90,-20.00
2025-06-06 17:10,-13.57,-47.06,0.00,-0.10,57.00,45.37,0.45,0.00,0.27,1877.50,46.55,127.94,14.93,0.10,0.00,0.00,2.73,1.52,0.03,0.00,23.99,-20.00
2025-06-06 17:15,-1.94,-43.94,0.00,0.00,59.00,46.71,0.45,0.00,2.50,1884.57,42.22,108.20,14.90,0.10,0.00,0.00,2.83,1.56,0.03,0.00,24.78,-20.00
2025-06-06 17:20,-5.55,-36.27,0.00,0.00,59.00,45.37,0.45,0.00,1.54,1902.55,37.02,88.46,14.87,0.08,0.00,0.00,2.83,1.52,0.03,0.00,24.68,-20.00
2025-06-06 17:25,-4.91,-14.70,0.00,0.00,60.00,45.37,0.45,0.00,0.28,1909.36,23.26,68.72,14.83,0.03,0.00,0.00,2.88,1.52,0.03,0.00,25.28,-19.97
2025-06-06 17:30,-0.48,-35.58,0.00,0.00,66.00,45.37,0.45,0.00,1.55,1996.18,15.31,48.98,14.80,0.08,0.00,0.00,3.17,1.52,0.03,0.00,26.04,-19.90
2025-06-06 17:35,-5.09,-47.98,0.00,0.00,59.00,45.37,0.45,0.00,0.95,2053.66,8.08,41.04,14.87,0.10,0.00,0.00,2.83,1.52,0.03,0.00,23.86,-19.97
2025-06-06 17:40,-1.33,-42.42,0.00,0.00,60.00,45.37,0.45,0.00,4.96,2063.35,4.90,33.09,14.93,0.09,0.00,0.00,2.88,1.52,0.03,0.00,24.04,-19.90
2025-06-06 17:45,-16.13,-22.35,0.00,0.00,59.00,46.04,0.45,0.00,4.00,2051.50,2.86,25.14,15.00,0.05,0.00,0.00,2.83,1.54,0.03,0.00,24.32,-19.90
2025-06-06 17:50,-2.54,-28.67,0.00,0.00,62.00,45.37,0.45,0.00,11.56,2087.99,1.27,17.19,15.07,0.06,0.00,0.00,2.98,1.52,0.03,0.00,24.40,0.00
2025-06-06 17:55,-1.51,-65.10,0.00,0.00,59.00,45.37,0.45,0.37,15.68,2130.75,0.32,9.24,15.13,0.13,0.00,0.00,2.83,1.52,0.03,0.02,23.36,0.00
2025-06-06 18:00,-3.76,-87.85,0.00,0.00,58.00,46.04,0.45,34.82,50.29,2112.95,0.06,1.29,15.20,0.23,0.00,0.00,2.78,1.54,0.03,1.71,31.66,0.00
2025-06-06 18:05,-3.86,-55.42,0.00,-0.10,57.00,45.37,0.45,12.54,12.63,2132.76,0.06,1.07,14.66,0.12,0.00,0.00,2.73,1.52,0.03,0.62,26.05,0.00
2025-06-06 18:10,-7.10,-75.17,0.00,-0.10,59.00,46.04,0.45,23.91,28.72,2155.78,0.06,0.86,14.12,0.18,0.00,0.00,2.83,1.54,0.03,1.18,29.02,0.00
2025-06-06 18:15,-1.01,-65.82,0.00,-0.10,58.00,45.37,0.45,26.75,29.10,2140.78,0.06,0.64,13.58,0.16,0.00,0.00,2.78,1.52,0.03,1.31,29.47,0.00
2025-06-06 18:20,-0.89,-61.79,0.00,-0.10,58.00,45.37,0.45,15.69,31.53,2149.43,0.06,0.43,13.04,0.14,0.00,0.00,2.78,1.52,0.03,0.77,26.64,0.00
2025-06-06 18:25,-1.60,-36.23,0.00,-0.10,59.00,45.37,0.45,9.26,13.99,2146.74,0.00,0.21,12.51,0.08,0.00,0.00,2.83,1.52,0.03,0.46,25.53,0.00
2025-06-06 18:30,-0.82,-65.52,0.00,-0.10,58.00,45.37,0.45,26.98,33.61,2163.80,0.00,0.00,11.97,0.16,0.00,0.00,2.78,1.52,0.03,1.33,29.18,0.00
2025-06-06 18:35,-1.73,-60.41,0.00,-0.10,57.00,45.37,0.45,20.36,25.61,2145.25,0.00,0.00,11.77,0.14,0.00,0.00,2.73,1.52,0.03,1.00,27.68,0.00
2025-06-06 18:40,-1.48,-47.13,0.00,-0.10,41.00,45.37,0.45,8.96,10.28,2149.43,0.00,0.00,11.58,0.08,0.00,0.00,1.97,1.52,0.03,0.44,21.08,0.00
2025-06-06 18:45,-0.64,-49.12,0.00,-0.10,40.00,46.04,0.45,0.00,20.07,2151.06,0.00,0.00,11.38,0.08,0.00,0.00,1.92,1.54,0.03,0.00,18.57,0.00
2025-06-06 18:50,-0.23,-68.61,0.00,-0.10,40.00,44.70,0.45,21.76,38.66,2149.18,0.00,0.00,11.19,0.14,0.00,0.00,1.92,1.50,0.03,1.07,23.62,0.00
2025-06-06 18:55,-0.71,-66.03,0.00,-0.10,41.00,45.37,0.45,25.64,35.24,2162.56,0.00,0.00,10.99,0.14,0.00,0.00,1.97,1.52,0.03,1.26,24.83,0.00
2025-06-06 19:00,-5.41,-71.03,0.00,0.00,40.00,45.37,0.45,40.47,44.15,2165.26,0.00,0.00,10.80,0.17,0.00,0.00,1.92,1.52,0.03,1.99,28.11,0.00
2025-06-06 19:05,-0.87,-63.71,0.00,0.00,40.00,45.37,0.45,45.11,47.38,2133.23,0.00,0.00,10.92,0.16,0.00,0.00,1.92,1.52,0.03,2.22,29.54,0.00
2025-06-06 19:10,-2.07,-75.68,0.00,0.00,40.00,45.37,0.45,58.37,32.98,2158.70,0.00,0.00,11.03,0.21,0.00,0.00,1.92,1.52,0.03,2.87,32.59,0.00
2025-06-06 19:15,-1.24,-95.42,0.00,0.00,40.00,46.04,0.45,65.28,54.14,2155.41,0.00,0.00,11.15,0.27,0.00,0.00,1.92,1.54,0.03,3.21,34.07,0.00
2025-06-06 19:20,-0.32,-89.03,0.00,0.00,40.00,46.04,0.45,60.97,54.93,2141.57,0.00,0.00,11.27,0.25,0.00,0.00,1.92,1.54,0.03,3.00,33.23,0.00
2025-06-06 19:25,-0.87,-103.63,0.00,0.00,40.00,46.04,0.45,77.46,81.95,2128.57,0.00,0.00,11.38,0.32,0.00,0.00,1.92,1.54,0.03,3.81,36.90,0.00
2025-06-06 19:30,-2.33,-85.21,0.00,0.00,40.00,44.70,0.45,69.87,58.35,2103.23,0.00,0.00,11.50,0.25,0.00,0.00,1.92,1.50,0.03,3.43,35.68,0.00
2025-06-06 19:35,-3.78,-87.68,0.00,0.00,40.00,46.04,0.45,69.60,58.10,2117.68,0.00,0.00,11.48,0.26,0.00,0.00,1.92,1.54,0.03,3.42,35.64,160.46
2025-06-06 19:40,-1.82,-89.44,0.00,-0.10,40.00,45.37,0.45,7.92,81.66,2100.87,0.00,0.00,11.47,0.15,0.00,0.00,1.92,1.52,0.03,0.39,20.36,0.00
2025-06-06 19:45,-0.16,-67.73,0.00,-0.10,41.00,46.04,0.45,0.00,77.49,2079.79,0.00,0.00,11.45,0.11,0.00,0.00,1.97,1.54,0.03,0.00,18.93,0.00
2025-06-06 19:50,0.00,-47.02,0.00,-0.10,42.00,45.37,0.45,0.00,123.86,2016.21,0.00,0.00,11.43,0.08,0.00,0.00,2.02,1.52,0.03,0.00,19.21,171.45
2025-06-06 19:55,-0.31,-71.36,0.00,-0.10,40.00,46.04,0.45,0.00,172.46,1964.59,0.00,0.00,11.42,0.11,0.00,0.00,1.92,1.54,0.03,0.00,18.85,176.81
2025-06-06 20:00,-2.10,-74.74,0.00,-0.10,40.00,45.37,0.45,0.00,199.59,1927.30,0.00,0.00,11.40,0.12,0.00,0.00,1.92,1.52,0.03,0.00,18.84,35.95
2025-06-06 20:05,0.00,-77.24,0.00,-0.10,41.00,45.37,0.45,0.00,233.03,1903.91,0.00,0.00,11.40,0.12,0.00,0.00,1.97,1.52,0.03,0.00,18.99,50.27
2025-06-06 20:10,-0.41,-79.85,0.00,-0.10,41.00,46.04,0.45,0.00,256.43,1886.51,0.00,0.00,11.40,0.13,0.00,0.00,1.97,1.54,0.03,0.00,19.05,94.72
2025-06-06 20:15,-0.22,-102.71,0.00,-0.10,41.00,45.37,0.45,0.00,288.41,1880.13,0.00,0.00,11.40,0.16,0.00,0.00,1.97,1.52,0.03,0.00,18.72,54.31
2025-06-06 20:20,-0.48,-75.00,0.00,-0.10,40.00,46.04,0.45,0.00,234.41,1880.41,0.00,0.00,11.40,0.12,0.00,0.00,1.92,1.54,0.03,0.00,19.05,0.00
2025-06-06 20:25,-0.07,-86.87,0.00,-0.10,43.00,45.37,0.45,0.00,254.46,1918.31,0.00,0.00,11.40,0.14,0.00,0.00,2.06,1.52,0.03,0.00,19.18,0.00
2025-06-06 20:30,-1.04,-100.05,0.00,-0.10,40.00,45.37,0.45,0.00,218.82,1970.15,0.00,0.00,11.40,0.15,0.00,0.00,1.92,1.52,0.03,0.00,18.32,0.00
2025-06-06 20:35,-2.24,-80.42,0.00,-0.10,40.00,45.37,0.45,0.00,189.14,1957.40,0.00,0.00,11.60,0.13,0.00,0.00,1.92,1.52,0.03,0.00,18.67,0.00
2025-06-06 20:40,-0.60,-99.17,0.00,-0.10,40.00,46.04,0.45,0.00,150.23,2022.85,0.00,0.00,11.80,0.15,0.00,0.00,1.92,1.54,0.03,0.00,18.56,0.00
2025-06-06 20:45,-0.49,-108.01,0.00,-0.10,40.00,46.71,0.45,0.00,146.03,2041.84,0.00,0.00,12.00,0.17,0.00,0.00,1.92,1.56,0.03,0.00,18.55,0.00
2025-06-06 20:50,-0.80,-89.55,0.00,-0.10,40.00,46.04,0.45,0.00,99.53,2035.58,0.00,0.00,12.20,0.14,0.00,0.00,1.92,1.54,0.03,0.00,18.87,0.00
2025-06-06 20:55,-1.14,-73.38,0.00,-0.10,41.00,46.04,0.45,0.00,92.79,2014.64,0.00,0.00,12.40,0.14,0.00,0.00,1.97,1.54,0.03,0.00,19.27,0.00
2025-06-06 21:00,-0.79,-97.78,0.00,-0.10,41.00,45.37,0.45,0.00,140.14,1986.89,0.00,0.00,12.60,0.16,0.00,0.00,1.97,1.52,0.03,0.00,19.08,0.00
2025-06-06 21:05,-0.44,-94.36,0.00,-0.10,41.00,45.37,0.45,0.00,164.60,1933.70,0.00,0.00,12.53,0.15,0.00,0.00,1.97,1.52,0.03,0.00,19.33,0.00
2025-06-06 21:10,-0.32,-102.85,0.00,-0.10,41.00,45.37,0.45,0.00,188.94,1915.94,0.00,0.00,12.47,0.17,0.00,0.00,1.97,1.52,0.03,0.00,19.27,0.00
2025-06-06 21:15,-0.60,-115.71,0.00,-0.10,40.00,45.37,0.45,0.00,171.63,1953.29,0.00,0.00,12.40,0.18,0.00,0.00,1.92,1.52,0.03,0.00,18.84,0.00
2025-06-06 21:20,-0.51,-96.69,0.00,-0.10,40.00,45.37,0.45,0.00,118.17,1939.40,0.00,0.00,12.33,0.16,0.00,0.00,1.92,1.52,0.03,0.00,19.43,51.55
2025-06-06 21:25,-0.32,-93.45,0.00,-0.10,41.00,45.37,0.45,0.00,92.31,1941.55,0.00,0.00,12.27,0.15,0.00,0.00,1.97,1.52,0.03,0.00,19.91,175.51
2025-06-06 21:30,-0.07,-101.20,0.00,-0.10,42.00,44.70,0.45,0.00,107.18,1920.43,0.00,0.00,12.20,0.17,0.00,0.00,2.02,1.50,0.03,0.00,20.11,61.07
2025-06-06 21:35,-0.45,-92.24,0.00,0.00,43.00,45.37,0.45,0.00,79.86,1911.64,0.00,0.00,12.23,0.16,0.00,0.00,2.06,1.52,0.03,0.00,20.85,51.55
2025-06-06 21:40,0.00,-93.40,0.00,0.00,41.00,45.37,0.45,0.00,63.81,1919.92,0.00,0.00,12.27,0.16,0.00,0.00,1.97,1.52,0.03,0.00,20.39,-32.01
2025-06-06 21:45,-26.44,-67.15,0.00,0.00,41.00,45.37,0.45,0.00,70.79,1921.95,0.00,0.00,12.30,0.11,0.00,0.00,1.97,1.52,0.03,0.00,20.57,-32.01
2025-06-06 21:50,-36.52,-57.80,0.00,0.00,41.00,45.37,0.45,0.00,64.27,1923.38,0.00,0.00,12.33,0.10,0.00,0.00,1.97,1.52,0.03,0.00,20.73,-21.00
2025-06-06 21:55,-17.37,-92.29,0.00,-0.10,41.00,45.37,0.45,0.00,12.02,2027.85,0.00,0.00,12.37,0.15,0.00,0.00,1.97,1.52,0.03,0.00,20.02,-20.25
2025-06-06 22:00,-21.09,-79.38,0.00,0.00,40.00,45.37,0.45,0.00,0.39,1979.65,0.00,0.00,12.40,0.13,0.00,0.00,1.92,1.52,0.03,0.00,20.37,-20.25
2025-06-06 22:05,-26.79,-65.43,0.00,0.00,40.00,44.70,0.45,0.00,0.99,1945.40,0.00,0.00,12.40,0.11,0.00,0.00,1.92,1.50,0.03,0.00,20.65,-20.25
2025-06-06 22:10,-11.37,-104.18,0.00,0.00,43.00,44.70,0.45,0.00,12.86,1977.93,0.00,0.00,12.40,0.18,0.00,0.00,2.06,1.50,0.03,0.00,20.85,-21.00
2025-06-06 22:15,-16.36,-94.89,0.00,0.00,41.00,45.37,0.45,0.00,11.62,1963.80,0.00,0.00,12.40,0.16,0.00,0.00,1.97,1.52,0.03,0.00,20.64,-19.51
2025-06-06 22:20,-11.63,-91.80,0.00,0.00,41.00,45.37,0.45,0.00,6.62,1921.01,0.00,0.00,12.40,0.16,0.00,0.00,1.97,1.52,0.03,0.00,21.09,-19.51
2025-06-06 22:25,-13.77,-93.42,0.00,0.00,42.00,45.37,0.45,0.00,5.97,1918.54,0.00,0.00,12.40,0.17,0.00,0.00,2.02,1.52,0.03,0.00,21.42,-19.51
2025-06-06 22:30,-17.90,-94.96,0.00,0.00,41.00,45.37,0.45,0.00,5.96,1914.39,0.00,0.00,12.40,0.17,0.00,0.00,1.97,1.52,0.03,0.00,21.23,-19.51
2025-06-06 22:35,-14.19,-107.68,0.00,0.00,42.00,45.37,0.45,0.00,10.82,1954.37,0.00,0.00,12.29,0.19,0.00,0.00,2.02,1.52,0.03,0.00,21.00,-19.51
2025-06-06 22:40,-21.93,-120.87,0.00,-0.10,40.00,44.70,0.45,0.00,0.29,1978.62,0.00,0.00,12.18,0.20,0.00,0.00,1.92,1.50,0.03,0.00,20.27,-19.90
2025-06-06 22:45,-22.54,-126.42,0.00,-0.10,40.00,45.37,0.45,0.00,2.00,1948.21,0.00,0.00,12.07,0.22,0.00,0.00,1.92,1.52,0.03,0.00,20.70,-20.25
2025-06-06 22:50,-20.92,-119.11,0.00,-0.10,39.00,45.37,0.45,0.00,0.50,1911.21,0.00,0.00,11.96,0.20,0.00,0.00,1.87,1.52,0.03,0.00,20.80,-21.00
2025-06-06 22:55,-17.92,-96.86,0.00,-0.10,41.00,44.70,0.45,0.00,3.88,1845.66,0.00,0.00,11.84,0.17,0.00,0.00,1.97,1.50,0.03,0.00,21.89,-20.00
2025-06-06 23:00,-91.78,-113.91,0.00,-0.10,40.00,45.37,0.45,0.00,0.33,1950.43,0.00,0.00,11.73,0.19,0.00,0.00,1.92,1.52,0.03,0.00,21.47,-20.00
2025-06-06 23:05,-42.64,-120.31,0.00,-0.10,41.00,45.37,0.45,0.00,0.56,1913.06,0.00,0.00,11.64,0.21,0.00,0.00,1.97,1.52,0.03,0.00,21.60,-20.25
2025-06-06 23:10,-88.04,-104.07,0.00,0.00,40.00,45.37,0.45,0.00,0.29,1910.79,0.00,0.00,11.56,0.18,0.00,0.00,1.92,1.52,0.03,0.00,21.87,-21.00
2025-06-06 23:15,-27.96,-108.75,0.00,0.00,41.00,45.37,0.45,0.00,0.31,1838.33,0.00,0.00,11.47,0.20,0.00,0.00,1.97,1.52,0.03,0.00,22.27,-21.00
2025-06-06 23:20,-102.56,-86.86,0.00,-0.10,41.00,45.37,0.45,0.00,0.31,1875.50,0.00,0.00,11.38,0.16,0.00,0.00,1.97,1.52,0.03,0.00,22.76,-20.00
2025-06-06 23:25,-108.11,-106.59,0.00,0.00,40.00,46.04,0.45,0.00,0.29,1919.03,0.00,0.00,11.29,0.19,0.00,0.00,1.92,1.54,0.03,0.00,22.16,-20.25
2025-06-06 23:30,-29.79,-132.79,0.00,-0.10,40.00,45.37,0.45,0.00,0.30,1871.21,0.00,0.00,11.20,0.24,0.00,0.00,1.92,1.52,0.03,0.00,21.63,-20.00
2025-06-06 23:35,-102.79,-120.17,0.00,0.00,40.00,45.37,0.45,0.00,0.41,1919.61,0.00,0.00,11.38,0.21,0.00,0.00,1.92,1.52,0.03,0.00,21.96,-19.97
2025-06-06 23:40,-88.56,-119.92,0.00,0.00,40.00,44.70,0.45,0.00,0.43,1957.54,0.00,0.00,11.57,0.20,0.00,0.00,1.92,1.50,0.03,0.00,21.23,-20.25
2025-06-06 23:45,-18.64,-137.53,0.00,0.00,41.00,44.70,0.45,0.00,4.85,1886.47,0.00,0.00,11.75,0.24,0.00,0.00,1.97,1.50,0.03,0.00,21.43,-21.00
2025-06-06 23:50,-20.78,-109.08,0.00,0.00,40.00,45.37,0.45,0.00,0.38,1821.59,0.00,0.00,11.93,0.20,0.00,0.00,1.92,1.52,0.03,0.00,22.08,-20.00
2025-06-06 23:55,-97.83,-82.91,0.00,0.00,40.00,44.70,0.45,0.00,0.47,1841.93,0.00,0.00,12.12,0.15,0.00,0.00,1.92,1.50,0.03,0.00,22.67,-21.00
2025-06-07 00:00,-42.44,-108.59,0.00,0.00,41.00,44.70,0.45,0.00,0.33,1832.93,0.00,0.00,12.30,0.20,0.00,0.00,1.97,1.50,0.03,0.00,22.39,-21.00
2025-06-07 00:05,-27.88,-88.09,0.00,0.00,40.00,44.70,0.45,0.00,0.76,1721.46,0.00,0.00,12.36,0.17,0.00,0.00,1.92,1.50,0.03,0.00,23.27,-21.00
2025-06-07 00:10,-90.42,-95.38,0.00,0.00,40.00,44.70,0.45,0.00,0.30,1823.77,0.00,0.00,12.42,0.17,0.00,0.00,1.92,1.50,0.03,0.00,22.81,-20.25
2025-06-07 00:15,-87.63,-106.61,0.00,0.00,41.00,45.37,0.45,0.00,3.63,1827.40,0.00,0.00,12.48,0.20,0.00,0.00,1.97,1.52,0.03,0.00,23.13,-20.25
2025-06-07 00:20,-103.01,-105.38,0.00,0.00,40.00,44.70,0.45,0.00,0.39,1850.71,0.00,0.00,12.53,0.19,0.00,0.00,1.92,1.50,0.03,0.00,22.63,-20.25
2025-06-07 00:25,-106.34,-93.12,0.00,-0.10,41.00,44.70,0.45,0.00,0.33,1873.90,0.00,0.00,12.59,0.17,0.00,0.00,1.97,1.50,0.03,0.00,22.69,-20.25
2025-06-07 00:30,-91.78,-105.87,0.00,-0.10,42.00,44.70,0.45,0.00,1.55,1847.95,0.00,0.00,12.65,0.19,0.00,0.00,2.02,1.50,0.03,0.00,23.14,-21.00
2025-06-07 00:35,-23.19,-108.16,0.00,-0.10,41.00,44.70,0.45,0.00,1.83,1778.40,0.00,0.00,12.62,0.20,0.00,0.00,1.97,1.50,0.03,0.00,22.79,-21.00
2025-06-07 00:40,-84.05,-94.85,0.00,-0.10,40.00,45.37,0.45,0.00,0.27,1842.21,0.00,0.00,12.58,0.17,0.00,0.00,1.92,1.52,0.03,0.00,22.61,-21.00
2025-06-07 00:45,-84.55,-73.34,0.00,-0.10,40.00,45.37,0.45,0.00,0.29,1823.03,0.00,0.00,12.55,0.13,0.00,0.00,1.92,1.52,0.03,0.00,22.87,-21.00
2025-06-07 00:50,-81.17,-68.08,0.00,-0.10,40.00,45.37,0.45,0.00,0.28,1821.66,0.00,0.00,12.52,0.12,0.00,0.00,1.92,1.52,0.03,0.00,22.84,-21.00
2025-06-07 00:55,-74.67,-69.45,0.00,-0.10,40.00,44.70,0.45,0.00,0.47,1815.33,0.00,0.00,12.48,0.13,0.00,0.00,1.92,1.50,0.03,0.00,22.69,-21.00
2025-06-07 01:00,-92.68,-71.36,0.00,-0.10,40.00,44.70,0.45,0.00,0.30,1833.39,0.00,0.00,12.45,0.13,0.00,0.00,1.92,1.50,0.03,0.00,22.70,-20.10
2025-06-07 01:05,-11.39,-71.96,0.00,-0.10,41.00,45.37,0.45,0.00,0.43,1717.30,0.00,0.00,12.44,0.13,0.00,0.00,1.97,1.52,0.03,0.00,23.59,-20.10
2025-06-07 01:10,-8.66,-86.51,0.00,-0.10,42.00,45.37,0.45,0.00,4.14,1762.43,0.00,0.00,12.43,0.17,0.00,0.00,2.02,1.52,0.03,0.00,23.18,-20.25
2025-06-07 01:15,-5.68,-120.98,0.00,-0.10,41.00,44.70,0.45,0.00,0.29,1768.03,0.00,0.00,12.42,0.23,0.00,0.00,1.97,1.50,0.03,0.00,22.68,-20.25
2025-06-07 01:20,-7.08,-123.41,0.00,0.00,40.00,45.37,0.45,0.00,3.83,1740.14,0.00,0.00,12.42,0.23,0.00,0.00,1.92,1.52,0.03,0.00,22.86,-20.25
2025-06-07 01:25,-5.40,-116.53,0.00,-0.10,40.00,45.37,0.45,0.00,0.92,1736.03,0.00,0.00,12.41,0.22,0.00,0.00,1.92,1.52,0.03,0.00,22.92,-20.25
2025-06-07 01:30,-45.91,-110.91,0.00,-0.10,40.00,44.70,0.45,0.00,0.27,1736.29,0.00,0.00,12.40,0.21,0.00,0.00,1.92,1.50,0.03,0.00,23.33,-21.00
2025-06-07 01:35,-30.67,-98.44,0.00,-0.10,40.00,44.70,0.45,0.00,0.88,1709.67,0.00,0.00,12.38,0.19,0.00,0.00,1.92,1.50,0.03,0.00,23.47,-21.00
2025-06-07 01:40,-8.90,-107.45,0.00,-0.20,43.00,45.37,0.45,0.00,2.13,1707.39,0.00,0.00,12.37,0.21,0.00,0.00,2.06,1.52,0.03,0.00,24.28,-21.00
2025-06-07 01:45,-6.51,-107.28,0.00,-0.10,40.00,45.37,0.45,0.00,0.61,1690.81,0.00,0.00,12.35,0.21,0.00,0.00,1.92,1.52,0.03,0.00,23.50,-21.00
2025-06-07 01:50,-30.02,-88.81,0.00,-0.10,40.00,44.70,0.45,0.00,0.30,1690.11,0.00,0.00,12.33,0.17,0.00,0.00,1.92,1.50,0.03,0.00,23.72,-21.00
2025-06-07 01:55,-1.26,-79.93,0.00,-0.10,42.00,44.70,0.45,0.00,2.90,1649.52,0.00,0.00,12.32,0.16,0.00,0.00,2.02,1.50,0.03,0.00,24.49,-21.00
2025-06-07 02:00,-2.65,-74.19,0.00,-0.10,41.00,44.70,0.45,0.00,0.91,1617.85,0.00,0.00,12.30,0.15,0.00,0.00,1.97,1.50,0.03,0.00,24.65,-21.00
2025-06-07 02:05,-71.18,-66.26,0.00,-0.10,42.00,44.70,0.45,0.00,0.50,1668.23,0.00,0.00,12.20,0.13,0.00,0.00,2.02,1.50,0.03,0.00,25.28,-21.00
2025-06-07 02:10,-70.97,-67.13,0.00,0.00,42.00,44.70,0.45,0.00,2.00,1674.93,0.00,0.00,12.10,0.14,0.00,0.00,2.02,1.50,0.03,0.00,25.16,-21.00
2025-06-07 02:15,-10.17,-79.59,0.00,0.00,40.00,45.37,0.45,0.00,2.69,1616.60,0.00,0.00,12.00,0.16,0.00,0.00,1.92,1.52,0.03,0.00,24.58,-21.00
2025-06-07 02:20,-67.98,-89.98,0.00,0.00,42.00,44.70,0.45,0.00,4.99,1678.47,0.00,0.00,11.90,0.18,0.00,0.00,2.02,1.50,0.03,0.00,25.02,-21.00
2025-06-07 02:25,-6.61,-101.27,0.00,0.00,40.00,44.70,0.45,0.00,0.39,1621.70,0.00,0.00,11.80,0.20,0.00,0.00,1.92,1.50,0.03,0.00,24.34,-21.00
2025-06-07 02:30,-43.32,-83.44,0.00,0.00,40.00,44.70,0.45,0.00,0.29,1600.05,0.00,0.00,11.70,0.17,0.00,0.00,1.92,1.50,0.03,0.00,25.24,-21.00
2025-06-07 02:35,-82.11,-82.91,0.00,0.00,40.00,44.70,0.45,0.00,0.30,1673.31,0.00,0.00,11.59,0.17,0.00,0.00,1.92,1.50,0.03,0.00,24.71,-21.00
2025-06-07 02:40,-75.84,-116.77,0.00,0.00,40.00,45.37,0.45,0.00,0.57,1678.63,0.00,0.00,11.49,0.23,0.00,0.00,1.92,1.52,0.03,0.00,24.73,-21.00
2025-06-07 02:45,-8.56,-121.38,0.00,0.00,42.00,45.37,0.45,0.00,2.29,1616.41,0.00,0.00,11.38,0.25,0.00,0.00,2.02,1.52,0.03,0.00,25.27,-21.00
2025-06-07 02:50,-87.77,-113.96,0.00,0.00,41.00,45.37,0.45,0.00,0.38,1669.31,0.00,0.00,11.28,0.23,0.00,0.00,1.97,1.52,0.03,0.00,25.35,-21.00
2025-06-07 02:55,-78.01,-98.00,0.00,0.00,41.00,45.37,0.45,0.00,0.44,1636.04,0.00,0.00,11.17,0.20,0.00,0.00,1.97,1.52,0.03,0.00,25.75,-21.00
2025-06-07 03:00,-36.99,-92.21,0.00,0.00,40.00,45.37,0.45,0.00,0.31,1594.90,0.00,0.00,11.07,0.19,0.00,0.00,1.92,1.52,0.03,0.00,25.37,-21.00
2025-06-07 03:05,-19.00,-97.57,0.00,0.00,41.00,45.37,0.45,0.00,0.91,1549.72,0.00,0.00,11.01,0.21,0.00,0.00,1.97,1.52,0.03,0.00,26.14,-21.00
2025-06-07 03:10,-0.08,-97.69,0.00,-0.10,43.00,45.37,0.45,0.00,16.77,1541.26,0.00,0.00,10.94,0.21,0.00,0.00,2.06,1.52,0.03,0.00,26.36,-21.00
2025-06-07 03:15,-0.12,-97.04,0.00,-0.10,41.00,44.70,0.45,0.00,9.09,1528.06,0.00,0.00,10.88,0.21,0.00,0.00,1.97,1.50,0.03,0.00,25.83,-21.00
2025-06-07 03:20,-4.07,-68.99,0.00,-0.10,40.00,45.37,0.45,0.00,0.41,1472.57,0.00,0.00,10.82,0.15,0.00,0.00,1.92,1.52,0.03,0.00,26.81,-21.00
2025-06-07 03:25,-71.51,-45.40,0.00,-0.10,40.00,45.37,0.45,0.00,0.73,1545.69,0.00,0.00,10.76,0.10,0.00,0.00,1.92,1.52,0.03,0.00,26.70,-21.00
2025-06-07 03:30,-72.92,-67.02,0.00,-0.10,40.00,45.37,0.45,0.00,0.59,1572.99,0.00,0.00,10.70,0.14,0.00,0.00,1.92,1.52,0.03,0.00,26.29,-21.00
2025-06-07 03:35,-38.79,-79.69,0.00,-0.10,40.00,45.37,0.45,0.00,1.86,1525.67,0.00,0.00,10.69,0.17,0.00,0.00,1.92,1.52,0.03,0.00,26.50,-21.00
2025-06-07 03:40,-13.14,-54.52,0.00,-0.10,40.00,45.37,0.45,0.00,0.28,1477.13,0.00,0.00,10.68,0.12,0.00,0.00,1.92,1.52,0.03,0.00,26.89,-21.00
2025-06-07 03:45,-6.22,-53.91,0.00,-0.10,41.00,45.37,0.45,0.00,1.36,1495.94,0.00,0.00,10.67,0.12,0.00,0.00,1.97,1.52,0.03,0.00,26.76,-21.00
2025-06-07 03:50,-5.28,-69.04,0.00,-0.10,41.00,45.37,0.45,0.00,3.17,1491.49,0.00,0.00,10.66,0.15,0.00,0.00,1.97,1.52,0.03,0.00,26.79,-21.00
2025-06-07 03:55,-8.36,-70.28,0.00,0.00,40.00,44.70,0.45,0.00,0.30,1490.22,0.00,0.00,10.64,0.16,0.00,0.00,1.92,1.50,0.03,0.00,26.39,-21.00
2025-06-07 04:00,-26.15,-52.75,0.00,0.00,40.00,44.03,0.45,0.00,0.38,1449.70,0.00,0.00,10.63,0.12,0.00,0.00,1.92,1.47,0.03,0.00,27.28,-21.00
2025-06-07 04:05,-12.36,-33.18,0.00,-0.10,40.00,45.37,0.45,0.00,0.28,1451.09,0.00,0.00,10.69,0.07,0.00,0.00,1.92,1.52,0.03,0.00,27.32,-21.00
2025-06-07 04:10,-22.62,-42.87,0.00,-0.10,41.00,45.37,0.45,0.00,0.53,1490.94,0.00,0.00,10.74,0.10,0.00,0.00,1.97,1.52,0.03,0.00,27.15,-21.00
2025-06-07 04:15,-27.65,-49.10,0.00,-0.10,40.00,45.37,0.45,0.00,0.28,1494.55,0.00,0.00,10.79,0.11,0.00,0.00,1.92,1.52,0.03,0.00,26.82,-21.00
2025-06-07 04:20,-25.05,-59.00,0.00,-0.10,41.00,45.37,0.45,0.00,0.98,1507.83,0.00,0.00,10.84,0.13,0.00,0.00,1.97,1.52,0.03,0.00,26.90,-21.00
2025-06-07 04:25,-28.56,-80.83,0.00,0.00,40.00,45.37,0.45,0.00,0.29,1524.41,0.00,0.00,10.90,0.18,0.00,0.00,1.92,1.52,0.03,0.00,26.33,-21.00
2025-06-07 04:30,-49.52,-78.65,0.00,-0.10,40.00,45.37,0.45,0.00,0.33,1514.62,0.00,0.00,10.95,0.17,0.00,0.00,1.92,1.52,0.03,0.00,26.90,-21.00
2025-06-07 04:35,-30.40,-104.30,0.00,-0.10,41.00,45.37,0.45,0.00,0.38,1565.24,0.00,0.00,10.91,0.22,0.00,0.00,1.97,1.52,0.03,0.00,26.05,-21.00
2025-06-07 04:40,-19.83,-151.97,0.00,-0.10,41.00,45.37,0.45,0.00,2.48,1559.17,0.00,0.00,10.87,0.32,0.00,0.00,1.97,1.52,0.03,0.00,25.96,-21.00
2025-06-07 04:45,-24.43,-180.78,0.00,-0.10,41.00,44.03,0.45,0.00,0.42,1597.46,0.00,0.00,10.82,0.38,0.00,0.00,1.97,1.47,0.03,0.00,25.12,-21.00
2025-06-07 04:50,-13.69,-184.61,0.00,-0.10,42.00,46.04,0.45,0.00,1.42,1570.18,0.00,0.00,10.78,0.39,0.00,0.00,2.02,1.54,0.03,0.00,26.26,-21.00
2025-06-07 04:55,-7.64,-195.23,0.00,-0.10,42.00,45.37,0.45,0.00,5.91,1600.41,0.00,0.00,10.74,0.42,0.00,0.00,2.02,1.52,0.03,0.00,25.35,-21.00
2025-06-07 05:00,-9.20,-223.86,0.00,-0.10,42.00,45.37,0.45,0.00,3.85,1596.95,0.00,0.00,10.70,0.47,0.00,0.00,2.02,1.52,0.03,0.00,25.51,-21.00
2025-06-07 05:05,-1.97,-226.41,0.00,-0.10,42.00,45.37,0.45,0.00,0.85,1588.61,0.00,0.00,10.82,0.48,0.00,0.00,2.02,1.52,0.03,0.00,25.57,-20.25
2025-06-07 05:10,-12.88,-237.01,0.00,0.00,41.00,45.37,0.45,0.00,1.63,1608.84,0.00,0.00,10.93,0.50,0.00,0.00,1.97,1.52,0.03,0.00,25.05,-20.00
2025-06-07 05:15,-1.24,-261.19,0.00,0.00,42.00,45.37,0.45,0.00,22.27,1601.07,0.00,0.00,11.05,0.54,0.00,0.00,2.02,1.52,0.03,0.00,25.04,-8.50
2025-06-07 05:20,-0.16,-350.69,0.00,0.00,42.00,45.37,0.45,0.00,35.29,1744.30,0.00,0.00,11.17,0.70,0.00,0.00,2.02,1.52,0.03,0.00,22.69,-17.51
2025-06-07 05:25,-1.02,-413.51,0.00,0.00,41.00,45.37,0.45,0.00,32.80,1736.17,0.00,0.00,11.28,0.79,0.00,0.00,1.97,1.52,0.03,0.00,22.74,-8.00
2025-06-07 05:30,-0.59,-449.55,0.00,-0.10,40.00,45.37,0.45,0.00,13.72,1839.03,0.00,0.00,11.40,0.80,0.00,0.00,1.92,1.52,0.03,0.00,21.49,-8.50
2025-06-07 05:35,-2.82,-474.17,0.00,-0.10,40.00,44.70,0.45,0.00,8.77,1797.77,0.00,0.00,11.48,0.86,0.00,0.00,1.92,1.50,0.03,0.00,21.92,-8.00
2025-06-07 05:40,0.00,-459.87,0.00,-0.10,41.00,45.37,0.45,0.00,20.14,1805.21,0.00,0.00,11.57,0.85,0.00,0.00,1.97,1.52,0.03,0.00,22.08,-19.51
2025-06-07 05:45,-0.35,-411.22,0.00,-0.10,41.00,45.37,0.45,0.00,7.54,1701.37,0.00,0.00,11.65,0.81,0.00,0.00,1.97,1.52,0.03,0.00,23.52,-20.00
2025-06-07 05:50,-3.62,-333.70,0.00,-0.10,40.00,45.37,0.45,0.00,1.69,1676.59,0.00,0.00,11.73,0.66,0.00,0.00,1.92,1.52,0.03,0.00,23.67,-20.25
2025-06-07 05:55,-1.01,-303.82,0.00,-0.10,40.00,45.37,0.45,0.00,8.67,1641.38,0.00,0.00,11.82,0.61,0.00,0.00,1.92,1.52,0.03,0.00,24.01,-20.25
2025-06-07 06:00,-0.66,-273.32,0.00,-0.10,40.00,45.37,0.45,0.00,11.08,1605.73,0.00,0.00,11.90,0.56,0.00,0.00,1.92,1.52,0.03,0.00,24.47,-20.25
2025-06-07 06:05,-34.39,-249.93,0.00,-0.10,41.00,45.37,0.45,0.00,16.16,1613.13,0.00,0.00,11.95,0.51,0.00,0.00,1.97,1.52,0.03,0.00,25.19,-20.25
2025-06-07 06:10,-14.54,-247.96,0.00,-0.10,40.00,45.37,0.45,0.00,14.42,1614.51,0.00,0.00,12.00,0.50,0.00,0.00,1.92,1.52,0.03,0.00,24.53,-20.25
2025-06-07 06:15,-8.58,-252.51,0.00,0.00,41.00,45.37,0.45,0.00,4.85,1628.71,0.00,0.00,12.05,0.52,0.00,0.00,1.97,1.52,0.03,0.00,24.69,-20.00
2025-06-07 06:20,-20.85,-256.53,0.00,0.00,40.00,46.04,0.45,0.00,0.41,1675.65,0.00,0.00,12.10,0.51,0.00,0.00,1.92,1.54,0.03,0.00,24.11,-20.00
2025-06-07 06:25,-23.76,-268.58,0.00,0.00,41.00,45.37,0.45,0.00,16.82,1680.62,0.00,0.00,12.15,0.53,0.00,0.00,1.97,1.52,0.03,0.00,24.04,-20.25
2025-06-07 06:30,-12.10,-263.31,0.00,0.00,41.00,45.37,0.45,0.00,0.46,1648.48,0.00,0.00,12.20,0.53,0.00,0.00,1.97,1.52,0.03,0.00,24.52,-20.25
2025-06-07 06:35,-21.54,-242.45,0.00,0.00,40.00,44.70,0.45,0.00,0.73,1652.26,0.00,0.00,12.20,0.48,0.00,0.00,1.92,1.50,0.03,0.00,24.15,-20.25
2025-06-07 06:40,-11.42,-251.97,0.00,0.00,40.00,45.37,0.45,0.00,0.35,1677.86,0.00,0.00,12.20,0.50,0.00,0.00,1.92,1.52,0.03,0.00,23.79,-20.25
2025-06-07 06:45,-14.95,-246.95,0.00,0.00,40.00,45.37,0.45,0.00,0.35,1639.82,0.00,0.00,12.20,0.50,0.00,0.00,1.92,1.52,0.03,0.00,24.37,-19.51
2025-06-07 06:50,-25.35,-234.72,0.00,0.00,41.00,44.70,0.45,0.00,0.36,1698.01,0.00,0.00,12.20,0.46,0.00,0.00,1.97,1.50,0.03,0.00,23.90,-17.51
2025-06-07 06:55,-9.46,-280.29,0.00,0.00,40.00,45.37,0.45,0.00,8.79,1758.56,0.00,0.00,12.20,0.52,0.00,0.00,1.92,1.52,0.03,0.00,22.61,-3.10
2025-06-07 07:00,-34.80,-304.07,0.00,0.00,40.00,44.70,0.45,0.00,5.51,1778.17,0.00,0.00,12.20,0.56,0.00,0.00,1.92,1.50,0.03,0.00,22.64,-20.25
2025-06-07 07:05,-3.22,-270.05,0.00,-0.10,40.00,45.37,0.45,0.00,11.51,1704.79,0.00,0.00,12.21,0.52,0.00,0.00,1.92,1.52,0.03,0.00,23.16,-19.51
2025-06-07 07:10,-15.71,-272.40,0.00,0.00,40.00,46.04,0.45,0.00,0.29,1765.78,0.00,0.00,12.22,0.51,0.00,0.00,1.92,1.54,0.03,0.00,22.85,-3.10
2025-06-07 07:15,-15.01,-304.97,0.00,-0.10,40.00,46.04,0.45,0.00,1.43,1792.40,0.00,0.00,12.22,0.57,0.00,0.00,1.92,1.54,0.03,0.00,22.51,-2.10
2025-06-07 07:20,-6.93,-324.64,0.00,-0.10,40.00,46.04,0.45,0.00,2.57,1818.67,0.00,0.00,12.23,0.59,0.00,0.00,1.92,1.54,0.03,0.00,22.07,-3.10
2025-06-07 07:25,-12.56,-314.96,0.00,-0.10,40.00,46.04,0.45,0.00,2.16,1781.75,0.00,0.00,12.24,0.59,0.00,0.00,1.92,1.54,0.03,0.00,22.59,-8.00
2025-06-07 07:30,-6.00,-283.08,0.00,-0.10,40.00,45.37,0.45,0.00,2.35,1775.03,0.00,0.00,12.25,0.53,0.00,0.00,1.92,1.52,0.03,0.00,22.44,-19.51
2025-06-07 07:35,-19.56,-270.24,0.00,-0.20,40.00,44.70,0.45,0.00,0.36,1785.68,0.00,0.12,12.25,0.50,0.00,0.00,1.92,1.50,0.03,0.00,22.39,-10.82
2025-06-07 07:40,-2.63,-317.28,0.00,0.00,40.00,46.04,0.45,0.00,12.36,1875.58,0.00,0.23,12.25,0.56,0.00,0.00,1.92,1.54,0.03,0.00,21.26,-20.00
2025-06-07 07:45,-18.15,-359.14,0.00,-0.10,40.00,46.04,0.45,0.00,0.30,1904.72,0.00,0.35,12.25,0.63,0.00,0.00,1.92,1.54,0.03,0.00,21.28,-19.97
2025-06-07 07:50,-46.22,-328.75,0.00,0.00,40.00,45.37,0.45,0.00,0.29,1909.05,0.36,0.47,12.25,0.57,0.00,0.00,1.92,1.52,0.03,0.00,21.46,-19.51
2025-06-07 07:55,-13.70,-345.54,0.00,0.00,40.00,46.04,0.45,0.00,0.77,1962.20,1.30,0.59,12.25,0.59,0.00,0.00,1.92,1.54,0.03,0.00,20.60,-19.51
2025-06-07 08:00,-20.58,-383.54,0.00,0.00,40.00,45.37,0.45,0.00,0.31,2007.82,2.50,0.70,12.25,0.63,0.00,0.00,1.92,1.52,0.03,0.00,20.10,-19.97
2025-06-07 08:05,-9.67,-360.73,0.00,-0.10,40.00,45.37,0.45,0.00,0.66,1942.30,5.06,4.28,12.32,0.62,0.00,0.00,1.92,1.52,0.03,0.00,20.54,-20.00
2025-06-07 08:10,-26.86,-328.76,0.00,0.00,43.00,45.37,0.45,0.00,9.68,1920.26,9.45,7.86,12.40,0.59,0.00,0.00,2.06,1.52,0.03,0.00,21.63,-19.97
2025-06-07 08:15,-40.85,-296.54,0.00,-0.10,39.00,45.37,0.45,0.00,2.30,1927.69,13.73,11.43,12.47,0.50,0.00,0.00,1.87,1.52,0.03,0.00,20.60,-19.51
2025-06-07 08:20,-44.24,-328.91,0.00,-0.10,40.00,45.37,0.45,0.00,2.15,2023.48,22.65,15.01,12.55,0.53,0.00,0.00,1.92,1.52,0.03,0.00,19.84,-19.51
2025-06-07 08:25,-34.83,-401.27,0.00,-0.10,43.00,45.37,0.45,0.00,32.56,2011.99,29.41,18.58,12.63,0.67,0.00,0.00,2.06,1.52,0.03,0.00,20.24,-20.00
2025-06-07 08:30,-64.81,-346.20,0.00,-0.10,40.00,46.04,0.45,0.00,0.32,1912.81,41.81,22.16,12.70,0.59,0.00,0.00,1.92,1.54,0.03,0.00,21.06,-20.00
2025-06-07 08:35,-64.33,-249.87,0.00,-0.10,40.00,45.37,0.45,0.00,0.37,1866.08,50.50,35.22,12.80,0.43,0.00,0.00,1.92,1.52,0.03,0.00,21.15,-20.00
2025-06-07 08:40,-58.18,-227.32,0.00,-0.10,40.00,45.37,0.45,0.00,0.36,1857.42,59.80,48.28,12.90,0.39,0.00,0.00,1.92,1.52,0.03,0.00,20.90,-19.51
2025-06-07 08:45,-31.15,-282.31,0.00,-0.10,44.00,44.70,0.45,0.00,2.80,1905.04,92.88,61.34,13.00,0.49,0.00,0.00,2.11,1.50,0.03,0.00,20.56,-19.51
2025-06-07 08:50,-64.92,-344.86,0.00,-0.10,40.00,46.04,0.62,0.00,0.34,1957.56,95.63,74.40,13.10,0.56,0.00,0.00,1.92,1.54,0.04,0.00,19.55,-20.00
2025-06-07 08:55,-79.14,-298.92,0.00,-0.10,40.00,45.37,0.62,0.00,0.34,1861.36,82.89,87.46,13.20,0.51,0.00,0.00,1.92,1.52,0.04,0.00,20.48,-20.00
2025-06-07 09:00,-57.56,-245.55,0.00,-0.10,41.00,46.04,0.62,0.00,2.19,1812.75,103.31,100.52,13.30,0.43,0.00,0.00,1.97,1.54,0.04,0.00,20.75,10.90
2025-06-07 09:05,-0.03,-310.98,0.00,-0.20,43.00,45.37,0.62,0.00,25.53,1822.19,122.18,107.08,13.32,0.55,0.00,0.00,2.06,1.52,0.04,0.00,19.92,40.56
2025-06-07 09:10,-0.06,-389.48,0.00,-0.20,45.00,45.37,0.62,0.00,38.49,1822.17,134.84,113.65,13.33,0.69,0.00,0.00,2.16,1.52,0.04,0.00,20.07,42.91
2025-06-07 09:15,-4.73,-376.35,0.00,0.00,40.00,45.37,0.62,0.00,5.90,1809.23,136.21,120.22,13.35,0.64,0.00,0.00,1.92,1.52,0.04,0.00,19.18,72.32
2025-06-07 09:20,-14.45,-312.51,0.00,-0.10,40.00,45.37,0.62,0.00,1.26,1760.33,112.86,126.78,13.37,0.56,0.00,0.00,1.92,1.52,0.04,0.00,19.96,8.17
2025-06-07 09:25,-0.99,-252.17,0.00,-0.10,43.00,45.37,0.62,0.00,22.65,1734.18,82.08,133.35,13.38,0.47,0.00,0.00,2.06,1.52,0.04,0.00,20.92,102.82
2025-06-07 09:30,-0.95,-248.81,0.00,0.00,42.00,45.37,0.62,0.00,24.32,1711.31,128.85,139.91,13.40,0.46,0.00,0.00,2.02,1.52,0.04,0.00,20.34,230.00
2025-06-07 09:35,-1.50,-260.46,0.00,0.00,40.00,45.37,0.62,0.00,11.36,1645.18,167.41,142.29,13.42,0.47,0.00,0.00,1.92,1.52,0.04,0.00,20.16,349.98
2025-06-07 09:40,-0.16,-301.48,0.00,-0.10,41.00,45.37,0.62,29.77,48.49,1680.70,169.14,144.66,13.43,0.75,0.00,0.00,1.97,1.52,0.04,1.46,27.42,284.78
2025-06-07 09:45,-13.55,-427.17,0.00,-0.20,40.00,45.37,0.62,187.88,40.58,1698.63,194.24,147.04,13.45,2.46,0.00,0.00,1.92,1.52,0.04,9.23,64.31,138.00
2025-06-07 09:50,-18.50,-506.48,0.00,-0.10,40.00,45.37,0.62,173.88,1.06,1694.22,241.30,149.41,13.47,2.77,0.00,0.00,1.92,1.52,0.04,8.54,60.99,138.00
2025-06-07 09:55,0.00,-539.26,0.00,-0.10,43.00,45.37,0.62,192.63,17.64,1698.48,272.26,151.78,13.48,3.11,0.00,0.00,2.06,1.52,0.04,9.47,63.64,160.07
2025-06-07 10:00,-66.36,-560.67,0.00,-0.10,41.00,45.37,0.62,209.16,18.94,1720.72,277.68,154.16,13.50,3.35,0.00,0.00,1.97,1.52,0.04,10.28,68.21,163.21
2025-06-07 10:05,-48.09,-571.17,0.00,-0.10,40.00,45.37,0.62,207.32,19.65,1705.75,317.38,158.77,13.49,3.34,0.00,0.00,1.92,1.52,0.04,10.19,66.08,138.00
2025-06-07 10:10,0.00,-581.64,0.00,-0.10,41.00,45.37,0.62,193.15,44.17,1662.06,303.78,163.38,13.49,3.31,0.00,0.00,1.97,1.52,0.04,9.49,62.28,70.57
2025-06-07 10:15,0.00,-490.52,0.00,-0.10,43.00,44.70,0.62,98.95,153.84,1557.66,249.57,167.98,13.48,1.93,0.00,0.00,2.06,1.50,0.04,4.86,42.94,19.90
2025-06-07 10:20,-0.24,-373.60,0.00,-0.20,40.00,45.37,0.62,96.45,123.63,1596.70,235.43,172.59,13.48,1.44,0.00,0.00,1.92,1.52,0.04,4.74,42.04,16.30
2025-06-07 10:25,-2.66,-339.29,0.00,-0.10,40.00,45.37,0.62,94.94,123.19,1611.81,219.53,177.20,13.47,1.29,0.00,0.00,1.92,1.52,0.04,4.67,41.73,8.50
2025-06-07 10:30,-4.07,-338.94,0.00,-0.10,43.00,45.37,0.62,100.36,121.07,1582.67,235.87,181.81,13.47,1.36,0.00,0.00,2.06,1.52,0.04,4.93,43.88,138.00
2025-06-07 10:35,-6.63,-356.12,0.00,-0.10,40.00,45.37,0.62,167.06,11.38,1666.83,246.69,183.29,13.54,1.91,0.00,0.00,1.92,1.52,0.04,8.21,58.73,308.61
2025-06-07 10:40,-2.12,-349.96,0.00,-0.10,40.00,45.37,0.62,19.39,54.13,1703.50,240.43,184.76,13.61,0.74,0.00,0.00,1.92,1.52,0.04,0.95,22.92,234.80
2025-06-07 10:45,-3.87,-292.20,0.00,-0.10,40.00,46.04,0.62,18.81,69.37,1657.99,235.37,186.24,13.68,0.63,0.00,0.00,1.92,1.54,0.04,0.92,23.31,129.99
2025-06-07 10:50,-2.10,-232.96,0.00,0.00,40.00,46.04,0.62,9.89,54.52,1635.47,224.57,187.71,13.76,0.46,0.00,0.00,1.92,1.54,0.04,0.49,21.56,26.06
2025-06-07 10:55,-31.31,-198.48,0.00,0.00,40.00,45.37,0.62,10.06,98.96,1577.35,233.83,189.19,13.83,0.39,0.00,0.00,1.92,1.52,0.04,0.49,21.88,9.10
2025-06-07 11:00,-59.86,-160.05,0.00,-0.10,40.00,46.04,0.62,0.00,97.27,1581.65,237.63,190.67,13.90,0.28,0.00,0.00,1.92,1.54,0.04,0.00,19.61,-17.51
2025-06-07 11:05,-118.35,-80.16,0.00,0.00,40.00,46.04,0.62,0.00,98.84,1585.76,232.79,200.48,13.95,0.14,0.00,0.00,1.92,1.54,0.04,0.00,20.13,9.10
2025-06-07 11:10,-191.30,0.00,21.51,0.00,44.00,45.37,0.62,0.00,1.00,1678.72,231.74,210.29,14.00,0.00,1.08,0.00,2.11,1.52,0.04,0.00,28.53,18.75
2025-06-07 11:15,-64.83,0.00,34.64,-0.10,40.00,45.37,0.62,0.00,0.34,1634.22,231.48,220.09,14.05,0.00,1.75,0.00,1.92,1.52,0.04,0.00,30.29,9.10
2025-06-07 11:20,-64.01,-12.38,0.00,-0.10,43.00,46.04,0.62,0.00,3.54,1630.97,237.53,229.90,14.10,0.02,0.00,0.00,2.06,1.54,0.04,0.00,20.57,-17.51
2025-06-07 11:25,-105.56,-0.35,0.00,-0.10,40.00,45.37,0.62,0.00,0.32,1638.88,262.07,239.71,14.15,0.00,0.00,0.00,1.92,1.52,0.04,0.00,19.70,-17.51
2025-06-07 11:30,-163.14,0.00,2.98,-0.10,40.00,46.04,0.62,0.00,0.36,1686.07,280.02,249.52,14.20,0.00,0.15,0.00,1.92,1.54,0.04,0.00,20.50,-22.50
2025-06-07 11:35,-168.62,-5.16,0.00,-0.10,40.00,45.37,0.62,0.00,0.44,1674.57,277.13,255.49,14.22,0.01,0.00,0.00,1.92,1.52,0.04,0.00,19.66,20.72
2025-06-07 11:40,-52.43,-62.21,0.00,-0.10,43.00,46.04,0.62,0.00,5.36,1610.95,272.36,261.45,14.23,0.11,0.00,0.00,2.06,1.54,0.04,0.00,19.96,12.57
2025-06-07 11:45,-26.16,-138.59,0.00,-0.10,41.00,46.04,0.62,0.00,1.01,1608.32,276.38,267.41,14.25,0.25,0.00,0.00,1.97,1.54,0.04,0.00,19.10,274.58
2025-06-07 11:50,-16.49,-141.24,0.00,-0.10,40.00,45.37,0.62,0.00,80.21,1680.75,195.13,273.37,14.27,0.24,0.00,0.00,1.92,1.52,0.04,0.00,18.03,275.56
2025-06-07 11:55,-2.95,-347.00,0.00,-0.10,41.00,45.37,0.62,0.00,148.77,1755.17,150.66,279.33,14.28,0.57,0.00,0.00,1.97,1.52,0.04,0.00,17.14,346.34
2025-06-07 12:00,-0.04,-351.28,0.00,0.00,42.00,45.37,0.62,0.00,222.56,1736.48,143.49,285.30,14.30,0.57,0.00,0.00,2.02,1.52,0.04,0.00,16.97,215.04
2025-06-07 12:05,0.00,-321.82,0.00,0.00,40.00,46.04,0.62,0.00,209.27,1707.30,128.22,271.91,14.09,0.53,0.00,0.00,1.92,1.54,0.04,0.00,17.16,26.06
2025-06-07 12:10,-1.30,-257.55,0.00,0.00,41.00,45.37,0.62,0.00,126.28,1716.94,133.03,258.52,13.89,0.44,0.00,0.00,1.97,1.52,0.04,0.00,17.97,12.16
2025-06-07 12:15,-66.93,-175.80,0.00,0.00,43.00,45.37,0.62,0.00,102.14,1692.99,133.87,245.13,13.68,0.32,0.00,0.00,2.06,1.52,0.04,0.00,19.66,26.06
2025-06-07 12:20,-76.33,-158.81,0.00,0.00,43.00,46.04,0.62,0.00,116.48,1693.02,130.80,231.74,13.48,0.29,0.00,0.00,2.06,1.54,0.04,0.00,19.92,26.06
2025-06-07 12:25,-69.22,-118.10,0.00,0.00,40.00,45.37,0.62,0.00,0.39,1763.44,106.81,218.35,13.27,0.21,0.00,0.00,1.92,1.52,0.04,0.00,19.76,59.62
2025-06-07 12:30,-18.77,-167.97,0.00,-0.10,40.00,45.37,0.62,0.00,0.36,1776.74,130.75,204.96,13.07,0.29,0.00,0.00,1.92,1.52,0.04,0.00,19.02,26.06
2025-06-07 12:35,-53.13,-143.93,0.00,0.00,41.00,45.37,0.62,0.00,1.55,1739.31,161.56,212.03,13.05,0.26,0.00,0.00,1.97,1.52,0.04,0.00,19.61,26.06
2025-06-07 12:40,-71.18,-135.68,0.00,-0.10,40.00,44.70,0.62,0.00,0.32,1747.80,149.51,219.10,13.03,0.24,0.00,0.00,1.92,1.50,0.04,0.00,19.39,11.74
2025-06-07 12:45,-124.54,-104.83,0.00,-0.10,40.00,45.37,0.62,0.00,0.33,1712.13,180.75,226.18,13.01,0.18,0.00,0.00,1.92,1.52,0.04,0.00,20.03,9.10
2025-06-07 12:50,-160.75,-92.53,0.00,-0.10,40.00,45.37,0.62,0.00,0.50,1717.55,181.44,233.25,12.99,0.16,0.00,0.00,1.92,1.52,0.04,0.00,20.27,26.06
2025-06-07 12:55,-55.04,-168.22,0.00,-0.10,40.00,45.37,0.62,0.00,0.38,1706.43,192.93,240.32,12.97,0.29,0.00,0.00,1.92,1.52,0.04,0.00,19.10,26.06
2025-06-07 13:00,-86.81,-190.78,0.00,-0.10,40.00,46.04,0.62,0.00,0.31,1711.91,212.87,247.40,12.95,0.33,0.00,0.00,1.92,1.54,0.04,0.00,19.21,9.10
2025-06-07 13:05,-120.23,-149.29,0.00,-0.10,43.00,45.37,0.62,0.00,3.67,1701.21,163.71,251.96,13.07,0.28,0.00,0.00,2.06,1.52,0.04,0.00,20.72,26.06
2025-06-07 13:10,-68.32,-223.03,0.00,-0.10,42.00,45.37,0.62,0.00,3.38,1742.93,181.28,256.52,13.18,0.40,0.00,0.00,2.02,1.52,0.04,0.00,19.28,9.10
2025-06-07 13:15,-110.04,-188.24,0.00,-0.10,42.00,46.04,0.62,0.00,3.00,1725.67,173.76,261.08,13.30,0.34,0.00,0.00,2.02,1.54,0.04,0.00,20.03,268.46
2025-06-07 13:20,-145.45,-249.15,0.00,-0.10,41.00,46.04,0.62,0.00,47.22,1841.32,157.26,265.64,13.42,0.41,0.00,0.00,1.97,1.54,0.04,0.00,18.79,26.06
2025-06-07 13:25,-2.81,-244.44,0.00,-0.10,43.00,45.37,0.62,0.00,7.49,1778.86,173.59,270.21,13.53,0.43,0.00,0.00,2.06,1.52,0.04,0.00,18.50,278.78
2025-06-07 13:30,-113.07,-217.87,0.00,-0.10,41.00,45.37,0.62,0.00,42.19,1811.43,139.38,274.77,13.65,0.37,0.00,0.00,1.97,1.52,0.04,0.00,18.74,304.29
2025-06-07 13:35,-24.94,-331.75,0.00,0.00,42.00,44.70,0.62,0.00,59.27,1762.53,239.36,307.67,13.79,0.55,0.00,0.00,2.02,1.50,0.04,0.00,17.19,26.06
2025-06-07 13:40,-22.16,-330.29,0.00,0.00,43.00,44.70,0.62,0.00,125.97,1677.01,255.93,340.58,13.93,0.55,0.00,0.00,2.06,1.50,0.04,0.00,17.14,230.00
2025-06-07 13:45,-0.86,-348.14,0.00,0.00,42.00,45.37,15.03,0.00,110.84,1751.96,147.36,373.49,14.07,0.74,0.00,0.00,2.02,1.52,0.93,0.00,20.93,26.06
2025-06-07 13:50,-7.00,-344.88,0.00,0.00,42.00,45.37,11.83,0.00,58.60,1730.53,171.82,406.39,14.22,0.71,0.00,0.00,2.02,1.52,0.73,0.00,20.16,23.61
2025-06-07 13:55,-100.35,-333.98,0.00,0.00,42.00,45.37,11.57,0.00,64.89,1711.00,224.61,439.30,14.36,0.68,0.00,0.00,2.02,1.52,0.72,0.00,20.38,20.25
2025-06-07 14:00,-92.33,-338.69,0.00,0.00,42.00,45.37,11.72,0.00,55.54,1723.30,184.09,472.20,14.50,0.70,0.00,0.00,2.02,1.52,0.73,0.00,20.31,20.14
2025-06-07 14:05,-102.20,-386.85,0.00,0.00,40.00,45.37,11.14,0.00,49.95,1799.31,163.68,466.02,14.13,0.76,0.00,0.00,1.92,1.52,0.69,0.00,19.39,26.06
2025-06-07 14:10,-188.54,-392.79,0.00,0.00,42.00,45.37,11.51,0.00,0.34,1945.54,168.11,459.83,13.77,0.75,0.00,0.00,2.02,1.52,0.71,0.00,20.04,21.81
2025-06-07 14:15,-204.11,-361.63,0.00,-0.10,41.00,44.70,0.62,0.00,0.36,2005.20,147.80,453.64,13.40,0.57,0.00,0.00,1.97,1.50,0.04,0.00,16.59,23.15
2025-06-07 14:20,-221.85,-349.00,0.00,-0.10,40.00,45.37,0.62,0.00,0.35,2043.73,201.18,447.46,13.03,0.52,0.00,0.00,1.92,1.52,0.04,0.00,16.10,22.84
2025-06-07 14:25,-212.04,-285.49,0.00,-0.10,43.00,45.37,0.62,0.00,1.50,2075.84,188.77,441.27,12.67,0.44,0.00,0.00,2.06,1.52,0.04,0.00,16.64,70.97
2025-06-07 14:30,-5.42,-322.32,0.00,-0.10,42.00,46.04,0.62,0.00,25.23,1928.90,169.44,435.08,12.30,0.52,0.00,0.00,2.02,1.54,0.04,0.00,15.92,139.84
2025-06-07 14:35,-4.44,-306.63,0.00,-0.10,40.00,45.37,0.62,0.00,44.25,1848.71,169.64,414.44,12.57,0.50,0.00,0.00,1.92,1.52,0.04,0.00,15.91,57.38
2025-06-07 14:40,-0.75,-278.51,0.00,-0.10,41.00,45.37,0.62,0.00,39.12,1800.38,105.98,393.79,12.83,0.48,0.00,0.00,1.97,1.52,0.04,0.00,17.03,239.04
2025-06-07 14:45,-99.90,-291.85,0.00,0.00,42.00,46.04,56.61,0.00,73.86,1771.97,123.47,373.14,13.10,0.97,0.00,0.00,2.02,1.54,3.48,0.00,34.74,363.68
2025-06-07 14:50,-113.07,-415.42,0.00,0.00,42.00,45.37,58.73,152.48,76.73,1798.63,180.12,352.49,13.37,2.58,0.00,0.00,2.02,1.52,3.61,7.49,66.41,354.95
2025-06-07 14:55,-4.55,-468.57,0.00,50.10,42.00,45.37,58.86,209.13,91.03,1741.47,83.17,331.85,13.63,4.78,0.00,6.23,2.02,1.52,3.62,10.28,103.94,363.03
2025-06-07 15:00,-0.03,-696.69,0.00,50.90,42.00,45.37,58.73,209.71,190.57,1742.98,78.98,311.20,13.90,6.85,0.00,6.33,2.02,1.52,3.61,10.31,99.90,299.98
2025-06-07 15:05,-0.18,-682.29,0.00,7.60,40.00,45.37,95.03,209.86,142.23,1784.32,77.37,322.22,14.02,5.63,0.00,0.94,1.92,1.52,5.14,10.31,83.47,299.98
2025-06-07 15:10,-31.67,-690.32,0.00,18.20,40.00,45.37,100.40,207.95,138.62,1823.60,108.78,333.24,14.13,5.92,0.00,2.26,1.92,1.52,5.39,10.22,88.15,171.67
2025-06-07 15:15,-14.73,-658.39,0.00,0.00,40.00,45.37,83.28,207.40,120.52,1753.24,103.84,344.26,14.25,5.02,0.00,0.00,1.92,1.52,4.32,10.19,76.63,138.00
2025-06-07 15:20,-34.87,-590.61,0.00,-0.10,41.00,45.37,77.19,176.33,108.15,1679.27,88.33,355.28,14.37,4.25,0.00,0.00,1.97,1.52,3.79,8.67,72.13,49.02
2025-06-07 15:25,-24.82,-615.00,0.00,-0.10,40.00,45.37,80.91,94.03,103.73,1692.81,144.91,366.30,14.48,3.36,0.00,0.00,1.92,1.52,3.95,4.62,53.88,26.06
2025-06-07 15:30,-50.70,-595.22,0.00,0.00,43.00,45.37,82.54,98.77,107.14,1694.86,150.94,377.32,14.60,3.34,0.00,0.00,2.06,1.52,4.05,4.85,56.13,26.06
2025-06-07 15:35,-76.45,-557.99,0.00,0.00,43.00,44.70,81.89,98.66,99.92,1695.05,129.30,376.19,14.67,3.16,0.00,0.00,2.06,1.50,4.01,4.85,57.42,49.02
2025-06-07 15:40,-34.83,-570.13,0.00,-0.10,41.00,45.37,81.28,96.53,0.43,1743.43,139.07,375.06,14.73,3.24,0.00,0.00,1.97,1.52,3.97,4.74,56.08,138.00
2025-06-07 15:45,-192.20,-566.22,0.00,-0.20,40.00,45.37,70.87,188.25,10.78,1815.83,106.40,373.93,14.80,3.98,0.00,0.00,1.92,1.52,3.33,9.25,76.29,138.00
2025-06-07 15:50,-208.35,-560.38,0.00,-0.10,39.00,44.70,70.51,156.01,2.28,1842.47,120.24,372.81,14.87,3.53,0.00,0.00,1.87,1.50,3.31,7.67,69.02,49.02
2025-06-07 15:55,-47.95,-523.18,0.00,-0.10,44.00,44.70,71.39,100.11,4.31,1750.67,77.87,371.68,14.93,2.97,0.00,0.00,2.11,1.50,3.35,4.92,56.47,26.06
2025-06-07 16:00,-118.43,-527.37,0.00,-0.10,43.00,45.37,71.41,98.22,6.17,1795.63,129.62,370.55,15.00,2.83,0.00,0.00,2.06,1.52,3.35,4.83,55.99,9.01
2025-06-07 16:05,-225.58,-466.99,0.00,-0.10,44.00,44.70,71.39,98.94,7.28,1792.08,107.04,355.93,14.84,2.55,0.00,0.00,2.11,1.50,3.35,4.86,60.85,141.00
2025-06-07 16:10,-26.35,-695.65,0.00,-0.10,43.00,45.37,89.50,207.37,56.78,1836.20,105.26,341.31,14.68,5.28,0.00,0.00,2.06,1.52,4.31,10.19,76.71,138.00
2025-06-07 16:15,-24.55,-679.43,0.00,-0.10,41.00,44.70,71.20,174.40,6.85,1894.39,112.41,326.70,14.53,4.45,0.00,0.00,1.97,1.50,3.34,8.57,66.60,138.00
2025-06-07 16:20,-9.77,-659.20,0.00,-0.10,41.00,45.37,71.38,139.04,16.64,1889.59,127.75,312.08,14.37,3.87,0.00,0.00,1.97,1.52,3.35,6.83,59.59,138.00
2025-06-07 16:25,-7.80,-680.43,0.00,-0.10,44.00,45.37,71.89,187.30,37.38,1919.84,96.17,297.46,14.21,4.59,0.00,0.00,2.11,1.52,3.38,9.20,69.33,141.00
2025-06-07 16:30,-1.28,-709.03,0.00,0.00,41.00,45.37,81.31,208.87,76.03,1929.76,85.16,282.84,14.05,5.06,0.00,0.00,1.97,1.52,3.87,10.26,73.88,174.95
2025-06-07 16:35,-1.02,-705.93,0.00,0.00,40.00,45.37,98.11,206.78,28.41,1942.04,91.84,261.08,13.94,5.28,0.00,0.00,1.92,1.52,4.76,10.16,78.19,138.00
2025-06-07 16:40,-0.20,-682.82,0.00,0.00,56.00,45.37,71.26,192.77,87.34,1926.37,69.92,239.33,13.83,4.75,0.00,0.00,2.69,1.52,3.34,9.47,73.45,138.04
2025-06-07 16:45,-0.09,-707.40,0.00,0.00,77.00,45.37,71.43,208.61,35.29,1993.84,82.49,217.57,13.72,5.29,0.00,0.00,3.69,1.52,3.35,10.25,80.16,138.00
2025-06-07 16:50,-1.18,-692.51,0.00,0.00,63.00,45.37,71.54,196.32,29.00,2018.04,89.27,195.81,13.62,4.84,0.00,0.00,3.02,1.52,3.35,9.65,75.70,138.00
2025-06-07 16:55,-0.22,-707.81,0.00,0.00,68.00,45.37,71.31,184.83,55.68,2064.40,85.71,174.05,13.51,4.73,0.00,0.00,3.26,1.52,3.34,9.08,73.35,138.00
2025-06-07 17:00,-0.57,-617.02,0.00,0.00,63.00,45.37,71.31,110.86,68.64,1989.14,55.21,152.30,13.40,3.42,0.00,0.00,3.02,1.52,3.34,5.45,61.35,138.00
2025-06-07 17:05,-0.49,-610.18,0.00,-0.20,59.00,45.37,71.42,111.28,66.52,1980.08,82.55,134.05,13.30,3.32,0.00,0.00,2.83,1.52,3.35,5.47,60.89,93.48
2025-06-07 17:10,-0.50,-616.66,0.00,-0.10,60.00,46.71,71.61,95.45,134.80,1994.31,54.53,115.80,13.20,3.13,0.00,0.00,2.88,1.56,3.36,4.69,57.40,107.80
2025-06-07 17:15,-0.52,-589.86,0.00,-0.10,58.00,46.04,71.61,97.26,132.76,2022.48,36.28,97.55,13.10,2.98,0.00,0.00,2.78,1.54,3.36,4.78,57.69,138.00
2025-06-07 17:20,-1.54,-612.19,0.00,-0.10,58.00,45.37,71.45,142.50,114.04,2069.92,31.41,79.30,13.00,3.54,0.00,0.00,2.78,1.52,3.35,7.00,66.73,138.00
2025-06-07 17:25,-3.33,-546.81,0.00,-0.10,56.00,45.37,71.15,113.24,84.09,2041.70,15.91,61.05,12.90,2.95,0.00,0.00,2.69,1.52,3.33,5.56,62.85,138.00
2025-06-07 17:30,-0.50,-558.43,0.00,-0.10,59.00,45.37,71.60,100.80,141.22,2043.14,9.52,42.80,12.80,2.86,0.00,0.00,2.83,1.52,3.35,4.95,60.16,118.03
2025-06-07 17:35,-0.37,-534.41,0.00,-0.10,59.00,46.04,71.57,97.40,142.03,2041.88,6.08,35.83,12.80,2.71,0.00,0.00,2.83,1.54,3.35,4.79,59.84,125.73
2025-06-07 17:40,-1.88,-531.25,0.00,-0.10,57.00,46.04,71.45,94.61,155.87,2053.67,3.59,28.86,12.80,2.63,0.00,0.00,2.73,1.54,3.35,4.65,58.52,138.00
2025-06-07 17:45,-0.37,-570.03,0.00,-0.10,62.00,45.37,71.61,129.23,158.28,2104.31,0.73,21.89,12.80,3.15,0.00,0.00,2.98,1.52,3.36,6.35,65.56,138.00
2025-06-07 17:50,-0.90,-577.81,0.00,0.00,58.00,46.04,71.78,197.80,140.42,2087.47,0.10,14.92,12.80,3.87,0.00,0.00,2.78,1.54,3.36,9.72,79.74,138.00
2025-06-07 17:55,-3.14,-598.29,0.00,0.00,61.00,45.37,71.86,209.48,192.72,2093.51,0.04,7.95,12.80,4.05,0.00,0.00,2.93,1.52,3.37,10.29,81.08,138.00
2025-06-07 18:00,-0.53,-559.65,0.00,0.00,63.00,44.70,71.77,187.49,145.98,2098.22,0.04,0.98,12.80,3.66,0.00,0.00,3.02,1.50,3.36,9.21,78.55,138.00
2025-06-07 18:05,-0.68,-407.87,0.00,0.00,57.00,45.37,71.57,143.24,191.95,2005.99,0.04,0.82,12.77,2.37,0.00,0.00,2.73,1.52,3.35,7.04,69.87,141.00
2025-06-07 18:10,-0.45,-483.75,0.00,0.00,78.00,45.37,77.79,208.04,215.75,2037.48,0.04,0.65,12.73,3.48,0.00,0.00,3.74,1.52,3.68,10.22,86.37,141.00
2025-06-07 18:15,-0.61,-472.98,0.00,0.00,95.00,45.37,71.61,208.00,200.88,2032.76,0.04,0.49,12.70,3.50,0.00,0.00,4.56,1.52,3.35,10.22,88.87,138.04
2025-06-07 18:20,-0.43,-469.81,0.00,0.00,90.00,45.37,72.00,208.10,195.42,2056.91,0.04,0.33,12.67,3.42,0.00,0.00,4.32,1.52,3.37,10.23,87.44,140.89
2025-06-07 18:25,0.00,-500.76,0.00,0.00,108.00,45.37,72.06,211.52,214.01,2070.10,0.00,0.16,12.63,3.77,0.00,0.00,5.18,1.52,3.38,10.39,90.28,139.11
2025-06-07 18:30,-0.63,-493.35,0.00,0.00,128.00,45.37,71.81,207.89,189.83,2074.98,0.00,0.00,12.60,3.86,0.00,0.00,6.14,1.52,3.36,10.22,93.81,141.00
2025-06-07 18:35,0.00,-526.80,0.00,-0.10,148.00,45.37,87.77,209.29,199.02,2088.60,0.00,0.00,12.53,4.38,0.00,0.00,7.10,1.52,4.21,10.28,99.84,141.07
2025-06-07 18:40,-0.56,-513.02,0.00,0.00,166.00,45.37,93.15,207.26,143.58,2093.21,0.00,0.00,12.47,4.51,0.00,0.00,7.97,1.52,4.49,10.19,105.51,138.04
2025-06-07 18:45,-0.28,-517.09,0.00,0.00,184.00,45.37,91.00,209.28,135.47,2095.12,0.00,0.00,12.40,4.69,0.00,0.00,8.83,1.52,4.38,10.28,108.74,138.77
2025-06-07 18:50,-0.67,-519.38,0.00,0.00,193.00,45.37,82.31,205.55,144.96,2087.09,0.00,0.00,12.33,4.67,0.00,0.00,9.26,1.52,3.92,10.10,107.92,138.04
2025-06-07 18:55,-0.40,-509.50,0.00,0.00,177.00,44.70,99.22,206.87,137.05,2074.72,0.00,0.00,12.27,4.64,0.00,0.00,8.49,1.50,4.81,10.17,109.38,138.00
2025-06-07 19:00,-1.99,-449.74,0.00,0.00,156.00,45.37,99.33,131.18,131.18,2049.38,0.00,0.00,12.20,3.49,0.00,0.00,7.49,1.52,4.82,6.45,93.18,138.00
2025-06-07 19:05,-0.29,-426.15,0.00,0.00,136.00,44.70,99.49,114.12,146.91,2031.26,0.00,0.00,12.18,3.06,0.00,0.00,6.53,1.50,4.83,5.61,86.10,139.69
2025-06-07 19:10,-0.36,-479.83,0.00,0.00,153.00,44.70,99.50,209.40,79.89,2061.79,0.00,0.00,12.17,4.34,0.00,0.00,7.34,1.50,4.83,10.29,108.56,138.00
2025-06-07 19:15,0.00,-491.87,0.00,0.00,141.00,45.37,99.70,189.87,86.17,2098.93,0.00,0.00,12.15,4.15,0.00,0.00,6.77,1.52,4.84,9.33,101.25,138.00
2025-06-07 19:20,-0.39,-463.30,0.00,0.00,119.00,45.37,99.56,143.24,83.90,2080.68,0.00,0.00,12.13,3.44,0.00,0.00,5.71,1.52,4.83,7.04,89.12,138.00
2025-06-07 19:25,-0.59,-449.93,0.00,0.00,103.00,44.70,99.59,120.88,81.27,2092.04,0.00,0.00,12.12,3.05,0.00,0.00,4.94,1.50,4.83,5.94,81.28,138.00
2025-06-07 19:30,-0.43,-485.27,0.00,-0.10,83.00,45.37,99.63,188.88,78.31,2116.03,0.00,0.00,12.10,3.65,0.00,0.00,3.98,1.52,4.83,9.28,90.17,135.82
2025-06-07 19:35,-0.29,-421.90,0.00,-0.10,65.00,44.03,99.54,95.63,86.53,2105.64,0.00,0.00,11.81,2.39,0.00,0.00,3.12,1.47,4.83,4.70,67.89,138.04
2025-06-07 19:40,-3.35,-473.06,0.00,-0.10,74.00,45.37,99.47,206.84,57.71,2111.20,0.00,0.00,11.51,3.66,0.00,0.00,3.55,1.52,4.82,10.16,92.93,134.12
2025-06-07 19:45,0.00,-431.50,0.00,-0.10,62.00,44.70,99.63,96.45,80.07,2108.30,0.00,0.00,11.22,2.43,0.00,0.00,2.98,1.50,4.83,4.74,67.66,132.75
2025-06-07 19:50,-1.20,-426.96,0.00,-0.10,60.00,44.70,99.57,96.76,75.54,2102.55,0.00,0.00,10.92,2.40,0.00,0.00,2.88,1.50,4.83,4.75,67.62,134.56
2025-06-07 19:55,-0.72,-418.80,0.00,-0.10,57.00,45.37,99.51,95.38,57.71,2103.28,0.00,0.00,10.63,2.35,0.00,0.00,2.73,1.52,4.83,4.69,67.23,133.73
2025-06-07 20:00,0.00,-442.10,0.00,-0.10,61.00,45.37,99.54,95.84,73.92,2107.82,0.00,0.00,10.33,2.49,0.00,0.00,2.93,1.52,4.83,4.71,67.58,138.00
2025-06-07 20:05,-0.30,-440.21,0.00,-0.10,69.00,45.37,99.66,112.81,62.53,2091.30,0.00,0.00,10.12,2.70,0.00,0.00,3.31,1.52,4.83,5.54,73.58,138.79
2025-06-07 20:10,-0.60,-500.34,0.00,-0.10,87.00,45.37,99.49,207.98,71.47,2087.73,0.00,0.00,9.91,3.99,0.00,0.00,4.17,1.52,4.83,10.22,95.79,138.00
2025-06-07 20:15,-1.38,-476.83,0.00,-0.10,70.00,45.37,99.32,205.55,49.35,2104.10,0.00,0.00,9.69,3.67,0.00,0.00,3.36,1.52,4.82,10.10,92.37,138.00
2025-06-07 20:20,-1.29,-441.72,0.00,-0.10,64.00,44.70,99.50,136.87,49.57,2107.18,0.00,0.00,9.48,2.85,0.00,0.00,3.07,1.50,4.83,6.73,77.37,135.82
2025-06-07 20:25,-1.31,-429.25,0.00,-0.10,62.00,45.37,99.50,96.76,70.46,2100.46,0.00,0.00,9.26,2.44,0.00,0.00,2.98,1.52,4.83,4.75,68.31,135.21
2025-06-07 20:30,-0.56,-417.85,0.00,-0.10,63.00,44.70,99.33,98.08,55.86,2115.58,0.00,0.00,9.05,2.39,0.00,0.00,3.02,1.50,4.82,4.82,68.63,136.55
2025-06-07 20:35,-0.80,-428.54,0.00,0.00,66.00,44.70,99.54,96.67,54.55,2088.76,0.00,0.00,9.36,2.49,0.00,0.00,3.17,1.50,4.83,4.75,69.78,131.38
2025-06-07 20:40,-0.52,-414.56,0.00,0.00,68.00,45.37,99.78,96.06,52.17,2067.19,0.00,0.00,9.67,2.45,0.00,0.00,3.26,1.52,4.84,4.72,70.90,131.80
2025-06-07 20:45,-0.53,-434.75,0.00,0.00,64.00,45.37,99.84,95.92,59.55,2096.08,0.00,0.00,9.97,2.50,0.00,0.00,3.07,1.52,4.84,4.71,69.01,138.04
2025-06-07 20:50,-23.51,-490.31,0.00,0.00,77.00,45.37,99.98,205.34,48.72,2117.55,0.00,0.00,10.28,3.81,0.00,0.00,3.69,1.52,4.85,10.09,94.30,139.34
2025-06-07 20:55,-20.54,-486.94,0.00,0.00,95.00,45.37,99.99,206.87,47.24,2089.32,0.00,0.00,10.59,3.98,0.00,0.00,4.56,1.52,4.85,10.17,98.94,138.04
2025-06-07 21:00,-9.17,-488.73,0.00,0.00,82.00,45.37,99.79,207.26,59.66,2068.60,0.00,0.00,10.90,3.91,0.00,0.00,3.93,1.52,4.84,10.19,96.33,137.90
2025-06-07 21:05,-0.67,-447.63,0.00,0.00,73.00,44.70,99.97,98.13,79.38,2076.25,0.00,0.00,10.98,2.66,0.00,0.00,3.50,1.50,4.85,4.82,71.27,238.98
2025-06-07 21:10,-0.29,-511.86,0.00,0.00,86.00,45.37,99.76,207.36,86.28,2069.14,0.00,0.00,11.07,4.08,0.00,0.00,4.13,1.52,4.84,10.19,95.66,138.00
2025-06-07 21:15,-11.75,-488.43,0.00,0.00,73.00,45.37,99.71,192.71,81.18,2062.52,0.00,0.00,11.15,3.70,0.00,0.00,3.50,1.52,4.84,9.47,91.32,123.18
2025-06-07 21:20,-1.85,-424.28,0.00,0.00,61.00,45.37,99.59,93.83,31.77,2070.08,0.00,0.00,11.23,2.45,0.00,0.00,2.93,1.52,4.83,4.61,69.46,122.65
2025-06-07 21:25,-0.59,-435.49,0.00,0.00,58.00,44.70,99.74,97.08,33.04,2096.10,0.00,0.00,11.32,2.49,0.00,0.00,2.78,1.50,4.84,4.77,68.65,123.58
2025-06-07 21:30,-0.62,-420.32,0.00,0.00,59.00,45.37,99.60,94.70,3.72,2081.50,0.00,0.00,11.40,2.44,0.00,0.00,2.83,1.52,4.83,4.65,69.67,138.00
2025-06-07 21:35,-5.59,-484.61,0.00,0.00,58.00,45.37,99.16,177.87,69.82,2055.37,0.00,0.00,11.42,3.45,0.00,0.00,2.78,1.52,4.81,8.74,85.74,127.81
2025-06-07 21:40,-2.16,-470.49,0.00,0.00,59.00,45.37,99.60,95.06,81.98,2073.15,0.00,0.00,11.43,2.66,0.00,0.00,2.83,1.52,4.83,4.67,67.81,128.38
2025-06-07 21:45,-0.47,-488.79,0.00,0.00,61.00,45.37,99.76,96.38,89.33,2106.60,0.00,0.00,11.45,2.74,0.00,0.00,2.93,1.52,4.84,4.74,67.36,138.04
2025-06-07 21:50,-1.72,-507.23,0.00,0.00,75.00,45.37,99.73,202.24,19.49,2081.06,0.00,0.00,11.47,4.00,0.00,0.00,3.60,1.52,4.84,9.94,94.71,138.00
2025-06-07 21:55,-0.35,-496.18,0.00,0.00,66.00,46.04,100.01,141.71,9.45,2119.45,0.00,0.00,11.48,3.30,0.00,0.00,3.17,1.54,4.85,6.96,79.88,138.05
2025-06-07 22:00,-5.00,-521.19,0.00,0.00,81.00,45.37,99.75,206.88,0.40,2099.19,0.00,0.00,11.50,4.20,0.00,0.00,3.89,1.52,4.84,10.17,96.95,138.00
2025-06-07 22:05,-1.95,-477.88,0.00,-0.10,68.00,46.04,99.78,124.74,17.62,2071.56,0.00,0.00,11.40,3.11,0.00,0.00,3.26,1.54,4.84,6.13,78.05,138.04
2025-06-07 22:10,-0.42,-460.45,0.00,0.00,78.00,46.04,100.08,18.60,72.81,2061.88,0.00,0.00,11.30,2.14,0.00,0.00,3.74,1.54,4.86,0.91,55.81,143.18
2025-06-07 22:15,-0.22,-477.77,0.00,0.00,93.00,45.37,99.91,13.73,37.99,2097.41,0.00,0.00,11.20,2.30,0.00,0.00,4.46,1.52,4.85,0.67,57.83,149.00
2025-06-07 22:20,-44.91,-438.10,0.00,0.00,112.00,45.37,99.58,8.82,3.60,2057.94,0.00,0.00,11.10,2.29,0.00,0.00,5.37,1.52,4.83,0.43,64.21,111.01
2025-06-07 22:25,-5.49,-450.41,0.00,0.00,98.00,45.37,99.91,0.00,3.27,2067.95,0.00,0.00,11.00,2.15,0.00,0.00,4.70,1.52,4.85,0.00,57.56,111.14
2025-06-07 22:30,-1.98,-453.13,0.00,0.00,75.00,45.37,99.76,0.00,32.32,2049.86,0.00,0.00,10.90,1.96,0.00,0.00,3.60,1.52,4.84,0.00,51.95,111.58
2025-06-07 22:35,-5.78,-448.78,0.00,-0.10,59.00,45.37,99.93,0.00,34.65,2052.48,0.00,0.00,10.97,1.80,0.00,0.00,2.83,1.52,4.85,0.00,48.33,106.90
2025-06-07 22:40,-3.40,-450.76,0.00,0.00,45.00,45.37,11.80,0.00,151.54,2031.66,0.00,0.00,11.03,0.83,0.00,0.00,2.16,1.52,0.51,0.00,22.04,108.98
2025-06-07 22:45,-6.10,-394.32,0.00,-0.10,43.00,45.37,0.45,0.00,69.54,2005.99,0.00,0.00,11.10,0.66,0.00,0.00,2.06,1.52,0.03,0.00,20.11,113.80
2025-06-07 22:50,-7.16,-379.10,0.00,0.00,40.00,45.37,0.45,0.00,41.83,1985.28,0.00,0.00,11.17,0.62,0.00,0.00,1.92,1.52,0.03,0.00,19.79,103.45
2025-06-07 22:55,-2.50,-417.28,0.00,0.00,42.00,45.37,0.45,0.00,62.38,2006.11,0.00,0.00,11.23,0.69,0.00,0.00,2.02,1.52,0.03,0.00,19.88,103.48
2025-06-07 23:00,-5.20,-397.76,0.00,0.00,41.00,45.37,0.45,0.00,37.68,1994.73,0.00,0.00,11.30,0.66,0.00,0.00,1.97,1.52,0.03,0.00,19.98,203.77
2025-06-07 23:05,-8.01,-373.28,0.00,0.00,40.00,45.37,0.45,0.00,0.39,1961.67,0.00,0.00,11.15,0.63,0.00,0.00,1.92,1.52,0.03,0.00,20.43,147.32
2025-06-07 23:10,-137.97,-330.82,0.00,0.00,40.00,45.37,0.45,0.00,0.33,1991.18,0.00,0.00,11.00,0.55,0.00,0.00,1.92,1.52,0.03,0.00,21.77,116.60
2025-06-07 23:15,-7.05,-382.30,0.00,0.00,40.00,45.37,0.45,0.00,17.61,1949.39,0.00,0.00,10.85,0.65,0.00,0.00,1.92,1.52,0.03,0.00,20.37,107.40
2025-06-07 23:20,-5.21,-453.14,0.00,-0.10,41.00,46.04,0.45,0.00,153.65,1956.68,0.00,0.00,10.70,0.73,0.00,0.00,1.97,1.54,0.03,0.00,19.39,114.75
2025-06-07 23:25,-19.29,-398.96,0.00,-0.20,40.00,45.37,0.45,0.00,4.60,2007.04,0.00,0.00,10.55,0.66,0.00,0.00,1.92,1.52,0.03,0.00,20.08,114.21
2025-06-07 23:30,-5.36,-410.09,0.00,-0.10,41.00,44.03,0.45,0.00,30.27,1982.17,0.00,0.00,10.40,0.68,0.00,0.00,1.97,1.47,0.03,0.00,19.93,130.60
2025-06-07 23:35,-5.52,-406.73,0.00,-0.10,41.00,45.37,0.45,0.00,44.63,1960.76,0.00,0.00,10.45,0.68,0.00,0.00,1.97,1.52,0.03,0.00,20.25,236.05
2025-06-07 23:40,-2.90,-377.71,0.00,-0.20,40.00,45.37,0.45,0.00,23.02,1946.80,0.00,0.00,10.50,0.64,0.00,0.00,1.92,1.52,0.03,0.00,20.30,140.07
2025-06-07 23:45,-2.56,-422.56,0.00,-0.10,42.00,45.37,0.45,0.00,94.90,1973.94,0.00,0.00,10.55,0.70,0.00,0.00,2.02,1.52,0.03,0.00,19.87,194.45
2025-06-07 23:50,-3.23,-363.39,0.00,-0.10,40.00,46.04,0.45,0.00,8.19,1922.05,0.00,0.00,10.60,0.63,0.00,0.00,1.92,1.54,0.03,0.00,20.82,116.00
2025-06-07 23:55,-17.95,-352.48,0.00,-0.10,40.00,45.37,0.45,0.00,0.98,1923.89,0.00,0.00,10.65,0.61,0.00,0.00,1.92,1.52,0.03,0.00,20.94,102.15
2025-06-08 00:00,-90.39,-315.29,0.00,-0.10,39.00,44.70,0.45,0.00,0.31,1918.23,0.00,0.00,10.70,0.54,0.00,0.00,1.87,1.50,0.03,0.00,21.53,95.22
2025-06-08 00:05,-19.84,-352.57,0.00,0.00,40.00,45.37,0.45,0.00,0.35,1912.28,0.00,0.00,10.78,0.61,0.00,0.00,1.92,1.52,0.03,0.00,21.09,100.46
2025-06-08 00:10,-0.35,-372.71,0.00,-0.10,42.00,45.37,0.45,0.00,7.83,1942.95,0.00,0.00,10.87,0.65,0.00,0.00,2.02,1.52,0.03,0.00,21.00,100.44
2025-06-08 00:15,-1.48,-316.35,0.00,0.00,40.00,46.04,0.45,0.00,16.18,1946.79,0.00,0.00,10.95,0.54,0.00,0.00,1.92,1.54,0.03,0.00,20.47,100.82
2025-06-08 00:20,-2.48,-300.08,0.00,0.00,40.00,45.37,0.45,0.00,1.93,1931.22,0.00,0.00,11.03,0.52,0.00,0.00,1.92,1.52,0.03,0.00,20.66,101.26
2025-06-08 00:25,-1.77,-277.49,0.00,0.00,41.00,46.04,0.45,0.00,3.15,1916.48,0.00,0.00,11.12,0.49,0.00,0.00,1.97,1.54,0.03,0.00,21.19,102.08
2025-06-08 00:30,-1.71,-267.28,0.00,0.00,40.00,45.37,0.45,0.00,2.53,1895.93,0.00,0.00,11.20,0.47,0.00,0.00,1.92,1.52,0.03,0.00,21.01,102.47
2025-06-08 00:35,-4.54,-269.40,0.00,0.00,41.00,45.37,0.45,0.00,2.62,1899.75,0.00,0.00,11.18,0.48,0.00,0.00,1.97,1.52,0.03,0.00,21.28,135.39
2025-06-08 00:40,-1.36,-257.42,0.00,0.00,40.00,45.37,0.45,0.00,0.52,1883.53,0.00,0.00,11.17,0.45,0.00,0.00,1.92,1.52,0.03,0.00,21.16,107.83
2025-06-08 00:45,-17.46,-251.11,0.00,0.00,40.00,46.04,0.45,0.00,0.48,1871.31,0.00,0.00,11.15,0.45,0.00,0.00,1.92,1.54,0.03,0.00,21.62,102.08
2025-06-08 00:50,-2.81,-260.01,0.00,0.00,41.00,44.70,0.45,0.00,2.75,1876.61,0.00,0.00,11.13,0.46,0.00,0.00,1.97,1.50,0.03,0.00,21.38,102.01
2025-06-08 00:55,-15.63,-273.03,0.00,0.00,40.00,45.37,0.45,0.00,0.38,1908.65,0.00,0.00,11.12,0.47,0.00,0.00,1.92,1.52,0.03,0.00,21.07,100.98
2025-06-08 01:00,-2.71,-294.30,0.00,0.00,41.00,46.04,0.45,0.00,2.83,1923.15,0.00,0.00,11.10,0.52,0.00,0.00,1.97,1.54,0.03,0.00,21.14,70.15
2025-06-08 01:05,-5.30,-291.64,0.00,0.00,41.00,45.37,0.45,0.00,6.28,1917.35,0.00,0.00,11.08,0.51,0.00,0.00,1.97,1.52,0.03,0.00,21.06,70.98
2025-06-08 01:10,-8.63,-298.13,0.00,-0.10,40.00,45.37,0.45,0.00,0.76,1940.75,0.00,0.00,11.07,0.51,0.00,0.00,1.92,1.52,0.03,0.00,20.65,69.99
2025-06-08 01:15,-20.89,-313.10,0.00,0.00,40.00,45.37,0.45,0.00,0.50,1973.41,0.00,0.00,11.05,0.53,0.00,0.00,1.92,1.52,0.03,0.00,20.46,50.89
2025-06-08 01:20,-5.55,-327.31,0.00,0.00,41.00,45.37,0.45,0.00,1.52,1966.19,0.00,0.00,11.03,0.56,0.00,0.00,1.97,1.52,0.03,0.00,20.62,50.39
2025-06-08 01:25,-6.02,-327.88,0.00,0.00,40.00,45.37,0.45,0.00,0.51,1959.70,0.00,0.00,11.02,0.56,0.00,0.00,1.92,1.52,0.03,0.00,20.43,50.33
2025-06-08 01:30,-11.68,-337.43,0.00,0.00,41.00,44.70,0.45,0.00,0.51,1956.08,0.00,0.00,11.00,0.58,0.00,0.00,1.97,1.50,0.03,0.00,20.68,48.99
2025-06-08 01:35,-13.06,-333.78,0.00,-0.10,40.00,44.70,0.45,0.00,0.51,1940.82,0.00,0.00,10.90,0.57,0.00,0.00,1.92,1.50,0.03,0.00,20.58,48.94
2025-06-08 01:40,-10.60,-319.79,0.00,-0.10,40.00,44.70,0.45,0.00,0.97,1930.24,0.00,0.00,10.80,0.55,0.00,0.00,1.92,1.50,0.03,0.00,20.65,48.95
2025-06-08 01:45,-10.77,-311.90,0.00,-0.10,40.00,45.37,0.45,0.00,0.91,1914.52,0.00,0.00,10.70,0.54,0.00,0.00,1.92,1.52,0.03,0.00,20.94,49.22
2025-06-08 01:50,-26.33,-310.82,0.00,-0.10,40.00,45.37,0.45,0.00,0.52,1910.13,0.00,0.00,10.60,0.54,0.00,0.00,1.92,1.52,0.03,0.00,21.19,48.31
2025-06-08 01:55,-4.57,-315.25,0.00,-0.10,40.00,45.37,0.45,0.00,0.54,1888.87,0.00,0.00,10.50,0.55,0.00,0.00,1.92,1.52,0.03,0.00,21.14,48.30
2025-06-08 02:00,-8.34,-307.08,0.00,-0.10,40.00,44.70,0.45,0.00,0.45,1861.92,0.00,0.00,10.40,0.54,0.00,0.00,1.92,1.50,0.03,0.00,21.35,48.40
2025-06-08 02:05,-7.54,-297.99,0.00,-0.10,41.00,45.37,0.45,0.00,0.56,1842.12,0.00,0.00,10.25,0.54,0.00,0.00,1.97,1.52,0.03,0.00,21.98,51.11
2025-06-08 02:10,-6.11,-299.75,0.00,-0.10,40.00,44.70,0.45,0.00,0.82,1840.55,0.00,0.00,10.10,0.54,0.00,0.00,1.92,1.50,0.03,0.00,21.56,65.41
2025-06-08 02:15,-5.47,-290.62,0.00,-0.10,40.00,45.37,0.45,0.00,0.71,1797.99,0.00,0.00,9.95,0.54,0.00,0.00,1.92,1.52,0.03,0.00,22.17,51.44
2025-06-08 02:20,-22.52,-288.94,0.00,-0.10,40.00,44.70,0.45,0.00,0.29,1809.93,0.00,0.00,9.80,0.53,0.00,0.00,1.92,1.50,0.03,0.00,22.14,47.94
2025-06-08 02:25,-8.57,-306.66,0.00,-0.10,40.00,46.04,0.45,0.00,0.45,1824.74,0.00,0.00,9.65,0.56,0.00,0.00,1.92,1.54,0.03,0.00,22.04,46.76
2025-06-08 02:30,-7.99,-320.14,0.00,-0.10,41.00,45.37,0.45,0.00,2.45,1825.07,0.00,0.00,9.50,0.59,0.00,0.00,1.97,1.52,0.03,0.00,22.17,31.73
2025-06-08 02:35,-10.14,-317.39,0.00,-0.10,42.00,45.37,0.45,0.00,1.04,1826.58,0.00,0.00,9.67,0.59,0.00,0.00,2.02,1.52,0.03,0.00,22.49,10.94
2025-06-08 02:40,-84.08,-282.64,0.00,0.00,42.00,45.37,0.45,0.00,0.35,1831.98,0.00,0.00,9.83,0.53,0.00,0.00,2.02,1.52,0.03,0.00,23.49,9.85
2025-06-08 02:45,-36.54,-298.33,0.00,0.00,41.00,45.37,0.45,0.00,0.61,1810.95,0.00,0.00,10.00,0.55,0.00,0.00,1.97,1.52,0.03,0.00,22.76,9.95
2025-06-08 02:50,-27.34,-316.54,0.00,0.00,41.00,45.37,0.45,0.00,0.31,1836.10,0.00,0.00,10.17,0.58,0.00,0.00,1.97,1.52,0.03,0.00,22.33,9.89
2025-06-08 02:55,-38.64,-332.59,0.00,0.00,43.00,45.37,0.45,0.00,3.42,1866.82,0.00,0.00,10.33,0.61,0.00,0.00,2.06,1.52,0.03,0.00,22.68,10.76
2025-06-08 03:00,-33.65,-340.55,0.00,0.00,42.00,44.70,0.45,0.00,0.37,1885.95,0.00,0.00,10.50,0.61,0.00,0.00,2.02,1.50,0.03,0.00,22.00,9.89
2025-06-08 03:05,-36.88,-355.25,0.00,0.00,42.00,45.37,0.45,0.00,1.11,1909.82,0.00,0.00,10.48,0.63,0.00,0.00,2.02,1.52,0.03,0.00,21.90,9.58
2025-06-08 03:10,-34.54,-357.11,0.00,0.00,43.00,45.37,0.45,0.00,0.39,1912.76,0.00,0.00,10.47,0.64,0.00,0.00,2.06,1.52,0.03,0.00,22.13,8.25
2025-06-08 03:15,-47.91,-356.87,0.00,-0.10,44.00,46.04,0.45,0.00,0.61,1901.54,0.00,0.00,10.45,0.66,0.00,0.00,2.11,1.54,0.03,0.00,22.86,9.10
2025-06-08 03:20,-63.74,-348.58,0.00,-0.10,40.00,45.37,0.45,0.00,0.30,1908.70,0.00,0.00,10.43,0.61,0.00,0.00,1.92,1.52,0.03,0.00,21.72,0.18
2025-06-08 03:25,-72.41,-343.74,0.00,-0.10,41.00,44.70,0.45,0.00,1.69,1912.18,0.00,0.00,10.42,0.60,0.00,0.00,1.97,1.50,0.03,0.00,21.94,1.01
2025-06-08 03:30,-51.78,-351.20,0.00,-0.10,43.00,45.37,0.45,0.00,2.22,1900.06,0.00,0.00,10.40,0.63,0.00,0.00,2.06,1.52,0.03,0.00,22.56,9.10
2025-06-08 03:35,-35.81,-421.95,0.00,-0.10,42.00,44.70,0.45,0.00,3.26,1874.89,0.00,0.00,10.22,0.76,0.00,0.00,2.02,1.50,0.03,0.00,22.15,8.28
2025-06-08 03:40,-25.40,-409.70,0.00,-0.10,45.00,44.70,0.45,0.00,3.97,1857.51,0.00,0.00,10.03,0.77,0.00,0.00,2.16,1.50,0.03,0.00,23.05,11.65
2025-06-08 03:45,-15.12,-410.31,0.00,0.00,43.00,45.37,0.45,0.00,0.46,1857.02,0.00,0.00,9.85,0.76,0.00,0.00,2.06,1.52,0.03,0.00,22.51,19.19
2025-06-08 03:50,-126.67,-350.08,0.00,0.00,42.00,45.37,0.45,0.00,0.40,1841.59,0.00,0.00,9.67,0.65,0.00,0.00,2.02,1.52,0.03,0.00,24.11,47.36
2025-06-08 03:55,-114.24,-376.63,0.00,0.00,41.00,45.37,0.45,0.00,0.45,1877.18,0.00,0.00,9.48,0.67,0.00,0.00,1.97,1.52,0.03,0.00,23.16,10.98
2025-06-08 04:00,-29.81,-402.73,0.00,0.00,42.00,44.70,0.45,0.00,0.38,1840.37,0.00,0.00,9.30,0.74,0.00,0.00,2.02,1.50,0.03,0.00,22.50,18.71
2025-06-08 04:05,-25.03,-402.26,0.00,0.00,43.00,45.37,0.45,0.00,1.01,1806.92,0.00,0.00,9.30,0.75,0.00,0.00,2.06,1.52,0.03,0.00,23.41,15.14
2025-06-08 04:10,-13.96,-386.19,0.00,0.00,44.00,45.37,0.45,0.00,8.03,1750.11,0.00,0.00,9.30,0.73,0.00,0.00,2.11,1.52,0.03,0.00,24.29,15.33
2025-06-08 04:15,-40.80,-342.91,0.00,0.00,40.00,45.37,0.45,0.00,0.34,1687.97,0.00,0.00,9.30,0.65,0.00,0.00,1.92,1.52,0.03,0.00,24.38,8.57
2025-06-08 04:20,-41.93,-347.23,0.00,-0.10,40.00,45.37,0.45,0.00,0.34,1695.55,0.00,0.00,9.30,0.65,0.00,0.00,1.92,1.52,0.03,0.00,24.28,8.77
2025-06-08 04:25,-156.75,-289.21,0.00,-0.10,41.00,44.70,0.45,0.00,0.75,1696.42,0.00,0.00,9.30,0.54,0.00,0.00,1.97,1.50,0.03,0.00,26.48,12.03
2025-06-08 04:30,-96.13,-325.48,0.00,-0.20,41.00,44.70,0.45,0.00,0.65,1705.36,0.00,0.00,9.30,0.61,0.00,0.00,1.97,1.50,0.03,0.00,25.26,8.67
2025-06-08 04:35,-158.60,-318.95,0.00,-0.10,41.00,45.37,0.45,0.00,0.39,1749.78,0.00,0.00,9.20,0.59,0.00,0.00,1.97,1.52,0.03,0.00,25.81,0.00
2025-06-08 04:40,-74.24,-363.68,0.00,-0.10,44.00,45.37,0.45,0.00,3.55,1744.36,0.00,0.00,9.10,0.69,0.00,0.00,2.11,1.52,0.03,0.00,25.47,0.19
2025-06-08 04:45,-137.49,-333.37,0.00,-0.10,41.00,45.37,0.62,0.00,0.34,1741.52,0.00,0.00,9.00,0.62,0.00,0.00,1.97,1.52,0.04,0.00,25.69,0.24
2025-06-08 04:50,-116.63,-353.79,0.00,-0.10,42.00,46.04,0.45,0.00,0.33,1759.28,0.00,0.00,8.90,0.66,0.00,0.00,2.02,1.54,0.03,0.00,25.48,8.46
2025-06-08 04:55,-114.44,-375.88,0.00,-0.10,42.00,44.70,0.62,0.00,0.35,1796.56,0.00,0.00,8.80,0.70,0.00,0.00,2.02,1.50,0.04,0.00,24.62,11.99
2025-06-08 05:00,-120.94,-370.62,0.00,-0.10,43.00,45.37,0.62,0.00,0.37,1785.21,0.00,0.00,8.70,0.69,0.00,0.00,2.06,1.52,0.04,0.00,25.44,8.45
2025-06-08 05:05,-142.58,-295.27,0.00,-0.10,43.00,44.70,0.62,0.00,0.34,1790.68,0.00,0.00,8.59,0.57,0.00,0.00,2.06,1.50,0.04,0.00,25.27,8.46
2025-06-08 05:10,-116.29,-361.92,0.00,0.00,41.00,45.37,0.62,0.00,0.32,1786.92,0.00,0.00,8.48,0.67,0.00,0.00,1.97,1.52,0.04,0.00,24.59,8.42
2025-06-08 05:15,-117.96,-369.11,0.00,-0.10,42.00,45.37,0.62,0.00,0.40,1795.26,0.00,0.00,8.37,0.69,0.00,0.00,2.02,1.52,0.04,0.00,24.86,7.65
2025-06-08 05:20,-116.07,-367.42,0.00,0.00,40.00,45.37,0.62,0.00,0.38,1790.13,0.00,0.00,8.27,0.67,0.00,0.00,1.92,1.52,0.04,0.00,24.19,8.45
2025-06-08 05:25,-118.31,-359.04,0.00,0.00,43.00,45.37,0.62,0.00,1.34,1747.72,0.00,0.00,8.16,0.68,0.00,0.00,2.06,1.52,0.04,0.00,25.99,8.47
2025-06-08 05:30,-111.29,-268.27,0.00,0.00,42.00,44.70,0.62,0.00,1.85,1703.53,0.00,0.00,8.05,0.53,0.00,0.00,2.02,1.50,0.04,0.00,25.68,0.19
2025-06-08 05:35,-1.14,-311.63,0.00,0.00,43.00,44.70,0.62,0.00,4.51,1704.21,0.00,0.00,8.02,0.63,0.00,0.00,2.06,1.50,0.04,0.00,24.08,8.36
2025-06-08 05:40,-0.24,-312.98,0.00,0.00,42.00,45.37,0.62,0.00,3.69,1718.60,0.00,0.00,7.98,0.62,0.00,0.00,2.02,1.52,0.04,0.00,23.72,15.19
2025-06-08 05:45,-10.41,-313.98,0.00,0.00,40.00,45.37,0.62,0.00,0.38,1740.13,0.00,0.00,7.95,0.60,0.00,0.00,1.92,1.52,0.04,0.00,23.04,15.07
2025-06-08 05:50,-21.48,-305.19,0.00,-0.10,40.00,45.37,0.62,0.00,0.41,1728.26,0.00,0.00,7.92,0.59,0.00,0.00,1.92,1.52,0.04,0.00,23.36,8.33
2025-06-08 05:55,-2.72,-313.69,0.00,-0.20,43.00,45.37,0.62,0.00,0.96,1730.10,0.00,0.00,7.88,0.63,0.00,0.00,2.06,1.52,0.04,0.00,23.96,8.36
2025-06-08 06:00,-10.11,-308.42,0.00,-0.20,43.00,45.37,0.62,0.00,1.07,1726.64,0.00,0.00,7.85,0.62,0.00,0.00,2.06,1.52,0.04,0.00,24.12,8.36
2025-06-08 06:05,-11.74,-294.28,0.00,-0.10,41.00,46.04,0.62,0.00,4.25,1697.41,0.00,0.00,7.76,0.58,0.00,0.00,1.97,1.54,0.04,0.00,24.02,19.24
2025-06-08 06:10,-128.15,-233.28,0.00,-0.10,43.00,45.37,0.62,0.00,0.40,1694.83,0.00,0.00,7.67,0.47,0.00,0.00,2.06,1.52,0.04,0.00,26.59,15.29
2025-06-08 06:15,-11.68,-265.35,0.00,-0.10,41.00,45.37,0.62,0.00,1.47,1645.64,0.00,0.00,7.58,0.54,0.00,0.00,1.97,1.52,0.04,0.00,24.63,43.05
2025-06-08 06:20,-32.41,-236.38,0.00,-0.10,42.00,44.70,0.62,0.00,0.34,1611.02,0.00,0.00,7.48,0.49,0.00,0.00,2.02,1.50,0.04,0.00,25.69,32.48
2025-06-08 06:25,-0.02,-242.29,0.00,-0.10,45.00,45.37,0.62,0.00,20.21,1566.60,0.00,0.00,7.39,0.54,0.00,0.00,2.16,1.52,0.04,0.00,26.63,45.51
2025-06-08 06:30,-5.69,-230.28,0.00,-0.10,41.00,45.37,0.62,0.00,0.86,1560.51,0.00,0.00,7.30,0.49,0.00,0.00,1.97,1.52,0.04,0.00,25.81,45.00
2025-06-08 06:35,-1.31,-206.95,0.00,-0.10,43.00,45.37,0.62,0.00,1.95,1514.89,0.00,0.00,7.30,0.47,0.00,0.00,2.06,1.52,0.04,0.00,27.13,46.03
2025-06-08 06:40,-20.56,-168.56,0.00,0.00,40.00,45.37,0.62,0.00,0.41,1448.05,0.00,0.00,7.30,0.38,0.00,0.00,1.92,1.52,0.04,0.00,27.65,15.66
2025-06-08 06:45,-7.17,-244.35,0.00,0.00,40.00,46.04,0.62,0.00,200.24,1399.62,0.00,0.00,7.30,0.51,0.00,0.00,1.92,1.54,0.04,0.00,25.06,32.22
2025-06-08 06:50,-3.64,-242.17,0.00,0.00,41.00,45.37,0.62,0.00,198.53,1410.67,0.00,0.00,7.30,0.50,0.00,0.00,1.97,1.52,0.04,0.00,25.04,51.39
2025-06-08 06:55,-7.33,-164.31,0.00,0.00,40.00,45.37,0.62,0.00,0.35,1453.61,0.00,0.00,7.30,0.37,0.00,0.00,1.92,1.52,0.04,0.00,27.28,46.84
2025-06-08 07:00,-1.07,-168.47,0.00,0.00,42.00,45.37,0.62,0.00,1.29,1473.73,0.00,0.00,7.30,0.39,0.00,0.00,2.02,1.52,0.04,0.00,27.49,50.97
2025-06-08 07:05,-17.40,-154.03,0.00,0.00,40.00,45.37,0.62,0.00,0.40,1453.49,0.00,0.00,7.30,0.35,0.00,0.00,1.92,1.52,0.04,0.00,27.48,49.15
2025-06-08 07:10,-1.05,-172.42,0.00,0.00,43.00,45.37,0.62,0.00,4.21,1461.31,0.00,0.00,7.30,0.40,0.00,0.00,2.06,1.52,0.04,0.00,28.02,50.03
2025-06-08 07:15,-0.90,-162.75,0.00,-0.10,41.00,46.04,0.62,0.00,9.52,1449.61,0.00,0.00,7.30,0.37,0.00,0.00,1.97,1.54,0.04,0.00,27.58,50.86
2025-06-08 07:20,-0.14,-153.24,0.00,0.00,42.00,46.04,0.62,0.00,28.08,1428.94,0.00,0.00,7.30,0.36,0.00,0.00,2.02,1.54,0.04,0.00,27.96,52.96
2025-06-08 07:25,-8.38,-129.13,0.00,0.00,40.00,44.70,0.62,0.00,2.42,1427.86,0.00,0.00,7.30,0.29,0.00,0.00,1.92,1.50,0.04,0.00,27.56,46.18
2025-06-08 07:30,-16.94,0.00,12.93,0.00,40.00,45.37,0.62,0.00,0.35,1425.35,0.00,0.00,7.30,0.00,0.61,0.00,1.92,1.52,0.04,0.00,33.17,51.65
2025-06-08 07:35,-73.48,-83.39,0.00,0.00,40.00,46.04,0.62,0.00,2.35,1416.95,0.00,0.27,7.32,0.19,0.00,0.00,1.92,1.54,0.04,0.00,29.44,34.23
2025-06-08 07:40,-53.69,-87.58,0.00,-0.10,40.00,45.37,0.62,0.00,0.37,1422.23,0.00,0.55,7.33,0.20,0.00,0.00,1.92,1.52,0.04,0.00,28.78,53.23
2025-06-08 07:45,-126.46,-53.62,0.00,-0.10,40.00,46.04,0.62,0.00,0.39,1435.26,0.01,0.82,7.35,0.12,0.00,0.00,1.92,1.54,0.04,0.00,30.22,34.55
2025-06-08 07:50,-56.13,-74.70,0.00,-0.10,40.00,46.04,0.62,0.00,0.48,1417.82,0.02,1.09,7.37,0.17,0.00,0.00,1.92,1.54,0.04,0.00,29.07,46.56
2025-06-08 07:55,-55.11,-51.29,0.00,-0.10,40.00,45.37,0.62,0.00,0.36,1406.69,0.32,1.36,7.38,0.12,0.00,0.00,1.92,1.52,0.04,0.00,29.07,93.95
2025-06-08 08:00,-102.31,-6.75,0.00,0.00,41.00,46.04,0.62,0.00,0.63,1339.98,1.37,1.64,7.40,0.02,0.00,0.00,1.97,1.54,0.04,0.00,32.09,9.37
2025-06-08 08:05,-28.91,-0.54,0.00,0.00,43.00,45.37,0.62,0.00,22.72,1246.83,2.69,7.94,7.48,0.00,0.00,0.00,2.06,1.52,0.04,0.00,32.47,9.28
2025-06-08 08:10,-17.90,-57.44,0.00,0.00,44.00,45.37,0.62,0.00,206.96,1167.79,5.11,14.25,7.57,0.14,0.00,0.00,2.11,1.52,0.04,0.00,30.08,129.99
2025-06-08 08:15,-0.81,-2.44,0.00,0.00,41.00,45.37,0.62,0.00,81.44,1158.59,10.25,20.55,7.65,0.01,0.00,0.00,1.97,1.52,0.04,0.00,31.22,143.56
2025-06-08 08:20,-99.93,0.00,3.34,0.00,41.00,46.04,0.62,0.00,144.39,1164.12,16.28,26.86,7.73,0.00,0.14,0.00,1.97,1.54,0.04,0.00,33.17,137.15
2025-06-08 08:25,-0.97,-81.76,0.00,0.00,42.00,46.04,0.62,0.00,155.12,1197.20,28.20,33.16,7.82,0.20,0.00,0.00,2.02,1.54,0.04,0.00,28.75,124.00
2025-06-08 08:30,-4.91,-98.61,0.00,0.00,40.00,45.37,0.62,0.00,179.66,1202.45,38.67,39.47,7.90,0.23,0.00,0.00,1.92,1.52,0.04,0.00,27.07,50.01
2025-06-08 08:35,-7.03,-19.19,0.00,-0.10,40.00,45.37,0.62,0.00,40.69,1213.81,37.27,56.62,7.87,0.05,0.00,0.00,1.92,1.52,0.04,0.00,29.27,50.01
2025-06-08 08:40,-3.04,0.00,180.02,-0.10,40.00,45.37,0.62,0.00,148.01,1196.59,31.22,73.77,7.85,0.00,7.80,0.00,1.92,1.52,0.04,0.00,100.14,125.00
2025-06-08 08:45,-2.29,0.00,135.33,-0.10,40.00,45.37,0.62,0.00,210.36,1221.41,31.73,90.92,7.83,0.00,5.79,0.00,1.92,1.52,0.04,0.00,74.03,124.00
2025-06-08 08:50,-2.95,0.00,167.64,-0.10,40.00,45.37,0.62,0.00,139.77,1177.66,60.34,108.07,7.80,0.00,7.14,0.00,1.92,1.52,0.04,0.00,90.95,50.01
2025-06-08 08:55,-0.76,0.00,150.78,-0.10,42.00,45.37,0.62,0.00,176.23,1167.26,75.31,125.22,7.78,0.00,6.51,0.00,2.02,1.52,0.04,0.00,81.81,97.85
2025-06-08 09:00,0.00,0.00,148.55,-0.10,45.00,46.04,0.62,0.00,210.47,1136.77,77.57,142.37,7.75,0.00,6.31,0.00,2.16,1.54,0.04,0.00,79.86,216.97
2025-06-08 09:05,-3.29,0.00,174.34,-0.10,40.00,45.37,0.62,0.00,137.39,1152.18,86.15,158.48,7.88,0.00,7.34,0.00,1.92,1.52,0.04,0.00,90.04,151.03
2025-06-08 09:10,-1.68,0.00,173.84,-0.10,44.00,45.37,0.62,0.00,133.30,1162.20,80.77,174.59,8.00,0.00,7.29,0.00,2.11,1.52,0.04,0.00,89.77,142.40
2025-06-08 09:15,-2.79,0.00,168.85,-0.10,40.00,45.37,0.62,0.00,132.52,1162.46,83.81,190.70,8.13,0.00,7.04,0.00,1.92,1.52,0.04,0.00,85.14,129.99
2025-06-08 09:20,-5.45,0.00,176.10,0.00,40.00,46.04,11.41,0.00,94.03,1135.54,90.45,206.81,8.25,0.00,7.28,0.00,1.92,1.54,0.50,0.00,93.53,140.95
2025-06-08 09:25,-0.12,0.00,145.20,0.00,45.00,46.04,42.48,0.00,143.06,1115.55,74.61,222.92,8.38,0.00,6.19,0.00,2.16,1.54,1.82,0.00,90.99,147.20
2025-06-08 09:30,-2.89,0.00,182.52,0.00,43.00,46.04,42.82,0.00,46.24,1073.58,94.70,239.03,8.50,0.00,7.57,0.00,2.06,1.54,1.83,0.00,111.47,152.10
2025-06-08 09:35,-2.65,0.00,197.12,0.00,40.00,45.37,42.22,0.00,5.21,1066.14,90.38,269.09,8.63,0.00,8.06,0.00,1.92,1.52,1.80,0.00,117.48,149.60
2025-06-08 09:40,-6.96,0.00,192.84,0.00,42.00,46.04,42.62,0.00,5.84,1030.02,133.87,299.16,8.77,0.00,7.82,0.00,2.02,1.54,1.82,0.00,113.15,123.91
2025-06-08 09:45,-0.15,0.00,154.49,0.00,43.00,46.04,42.78,0.00,15.63,1053.01,141.96,329.23,8.90,0.00,6.29,0.00,2.06,1.54,1.83,0.00,92.75,82.71
2025-06-08 09:50,-28.29,0.00,166.81,0.00,40.00,45.37,42.08,0.00,4.80,1015.24,192.12,359.29,9.03,0.00,6.86,0.00,1.92,1.52,1.80,0.00,96.51,26.06
2025-06-08 09:55,-88.49,0.00,154.48,-0.10,40.00,46.04,42.28,0.00,0.32,1024.07,264.44,389.36,9.17,0.00,6.37,0.00,1.92,1.54,1.81,0.00,89.33,16.01
2025-06-08 10:00,-49.15,0.00,106.13,-0.10,43.00,45.37,42.69,0.00,0.51,1056.60,256.24,419.43,9.30,0.00,4.44,0.00,2.06,1.52,1.82,0.00,69.18,20.14
2025-06-08 10:05,-133.81,0.00,171.48,-0.10,43.00,45.37,42.68,0.00,1.91,1077.78,160.86,446.32,9.53,0.00,7.39,0.00,2.06,1.52,1.82,0.00,101.50,32.45
2025-06-08 10:10,-17.96,0.00,72.37,-0.10,42.00,45.37,42.73,0.00,16.84,1087.12,216.34,473.21,9.77,0.00,3.20,0.00,2.02,1.52,1.83,0.00,56.01,44.46
2025-06-08 10:15,-10.54,0.00,47.98,-0.10,39.00,45.37,42.25,0.00,0.31,1113.72,234.24,500.10,10.00,0.00,2.13,0.00,1.87,1.52,1.81,0.00,45.88,66.70
2025-06-08 10:20,-0.14,0.00,20.08,-0.10,40.00,45.37,42.58,0.00,7.62,1132.64,227.55,526.99,10.23,0.00,0.90,0.00,1.92,1.52,1.82,0.00,36.90,85.34
2025-06-08 10:25,-0.26,0.00,71.94,-0.10,40.00,46.04,12.25,0.00,1.45,1115.92,191.74,553.88,10.47,0.00,3.23,0.00,1.92,1.54,0.54,0.00,45.94,139.00
2025-06-08 10:30,-18.95,0.00,36.19,-0.10,40.00,45.37,15.04,0.00,0.30,1158.43,243.48,580.78,10.70,0.00,1.63,0.00,1.92,1.52,0.65,0.00,33.83,97.18
2025-06-08 10:35,-0.75,-30.36,0.00,-0.10,40.00,45.37,5.57,0.00,7.58,1164.39,338.58,600.08,10.63,0.07,0.00,0.00,1.92,1.52,0.25,0.00,20.03,54.28
2025-06-08 10:40,-0.10,-52.70,0.00,0.00,44.00,45.37,5.92,0.00,43.23,1185.02,299.34,619.38,10.57,0.13,0.00,0.00,2.11,1.52,0.27,0.00,20.67,58.78
2025-06-08 10:45,-13.56,-112.88,0.00,0.00,40.00,45.37,5.56,0.00,98.31,1231.62,359.67,638.68,10.50,0.23,0.00,0.00,1.92,1.52,0.25,0.00,18.10,81.22
2025-06-08 10:50,-5.34,-92.39,0.00,0.00,40.00,46.04,5.58,0.00,14.94,1266.45,324.72,657.98,10.43,0.20,0.00,0.00,1.92,1.54,0.25,0.00,18.67,53.18
2025-06-08 10:55,-8.06,-90.64,0.00,0.00,43.00,46.04,5.45,0.00,27.37,1282.10,306.81,677.29,10.37,0.20,0.00,0.00,2.06,1.54,0.25,0.00,19.13,53.89
2025-06-08 11:00,-5.80,-94.89,0.00,0.00,40.00,45.37,5.55,0.00,10.08,1259.96,335.19,696.59,10.30,0.21,0.00,0.00,1.92,1.52,0.25,0.00,18.24,69.03
2025-06-08 11:05,-1.78,-106.07,0.00,0.00,40.00,45.37,5.59,0.00,8.42,1253.26,380.38,701.51,10.38,0.23,0.00,0.00,1.92,1.52,0.25,0.00,17.88,26.06
2025-06-08 11:10,-36.84,-95.15,0.00,0.00,40.00,46.04,5.52,0.00,1.57,1240.49,390.59,706.42,10.47,0.20,0.00,0.00,1.92,1.54,0.25,0.00,18.31,17.89
2025-06-08 11:15,-62.04,-83.03,0.00,0.00,41.00,46.04,5.59,0.00,9.43,1346.41,284.04,711.34,10.55,0.18,0.00,0.00,1.97,1.54,0.25,0.00,18.70,14.55
2025-06-08 11:20,-48.10,-113.24,0.00,0.00,40.00,46.04,5.45,0.00,0.32,1421.91,279.80,716.26,10.63,0.23,0.00,0.00,1.92,1.54,0.25,0.00,17.76,9.10
2025-06-08 11:25,-48.32,-131.57,0.00,0.00,43.00,46.04,5.88,0.00,8.92,1415.81,295.35,721.18,10.72,0.28,0.00,0.00,2.06,1.54,0.27,0.00,18.29,13.39
2025-06-08 11:30,-51.73,-125.54,0.00,0.00,39.00,46.04,5.71,0.00,14.51,1366.31,322.68,726.10,10.80,0.26,0.00,0.00,1.87,1.54,0.26,0.00,17.49,14.94
2025-06-08 11:35,-46.95,-94.14,0.00,0.00,42.00,45.37,5.70,0.00,21.03,1327.75,267.11,750.26,10.97,0.21,0.00,0.00,2.02,1.52,0.26,0.00,18.56,49.91
2025-06-08 11:40,-41.12,-155.91,0.00,-0.10,40.00,46.04,0.62,0.00,2.96,1404.45,315.84,774.42,11.13,0.30,0.00,0.00,1.92,1.54,0.04,0.00,16.10,-8.50
2025-06-08 11:45,-124.10,-519.79,0.00,-0.10,40.00,46.04,0.62,0.00,0.32,1434.52,304.70,798.58,11.30,1.00,0.00,0.00,1.92,1.54,0.04,0.00,15.19,-17.51
2025-06-08 11:50,-142.91,-520.69,0.00,-0.10,40.00,46.04,0.62,0.00,0.71,1390.10,369.93,822.74,11.47,0.99,0.00,0.00,1.92,1.54,0.04,0.00,15.05,-18.42
2025-06-08 11:55,-170.40,-514.14,0.00,-0.10,40.00,46.04,0.62,0.00,0.33,1393.05,344.15,846.90,11.63,0.99,0.00,0.00,1.92,1.54,0.04,0.00,15.21,-18.56
2025-06-08 12:00,-165.30,-528.16,0.00,-0.10,42.00,46.04,0.62,0.00,0.48,1385.81,345.43,871.06,11.80,1.04,0.00,0.00,2.02,1.54,0.04,0.00,15.35,-19.51
2025-06-08 12:05,-212.66,-499.74,0.00,-0.10,42.00,44.70,0.62,0.00,0.56,1386.68,330.18,858.67,11.63,0.98,0.00,0.00,2.02,1.50,0.04,0.00,15.82,-19.17
2025-06-08 12:10,-263.95,-435.71,0.00,-0.10,43.00,46.04,0.62,0.00,0.73,1332.64,284.76,846.28,11.47,0.93,0.00,0.00,2.06,1.54,0.04,0.00,17.59,-20.00
2025-06-08 12:15,-339.36,-283.40,0.00,-0.10,39.00,45.37,0.62,0.00,0.44,1216.07,180.20,833.90,11.30,0.66,0.00,0.00,1.87,1.52,0.04,0.00,19.69,-20.00
2025-06-08 12:20,-199.92,-289.93,0.00,0.00,40.00,45.37,0.62,0.00,0.46,1090.00,183.39,821.51,11.13,0.74,0.00,0.00,1.92,1.52,0.04,0.00,19.44,-20.10
2025-06-08 12:25,-334.77,-203.49,0.00,0.00,40.00,45.37,0.62,0.00,0.30,1182.53,95.74,809.13,10.97,0.52,0.00,0.00,1.92,1.52,0.04,0.00,21.74,-17.51
2025-06-08 12:30,-313.20,-303.55,0.00,0.35,40.00,46.04,0.62,0.00,0.37,1327.13,158.70,796.74,10.80,0.68,0.00,0.03,1.92,1.54,0.04,0.00,19.54,-20.10
2025-06-08 12:35,-308.91,-269.03,0.00,0.00,40.00,45.37,0.62,0.00,0.43,1296.63,203.09,788.68,10.42,0.59,0.00,0.00,1.92,1.52,0.04,0.00,19.31,-21.00
2025-06-08 12:40,-270.18,-199.16,0.00,-0.10,42.00,45.37,0.62,0.00,0.54,1119.03,202.03,780.62,10.05,0.51,0.00,0.00,2.02,1.52,0.04,0.00,21.43,-20.00
2025-06-08 12:45,-247.35,-255.67,0.00,-0.10,42.00,46.04,0.62,0.00,1.88,1175.36,243.53,772.56,9.67,0.61,0.00,0.00,2.02,1.54,0.04,0.00,20.18,-19.51
2025-06-08 12:50,-292.38,-406.40,0.00,-0.10,43.00,45.37,0.62,0.00,0.40,1508.15,267.92,764.50,9.30,0.79,0.00,0.00,2.06,1.52,0.04,0.00,17.63,-20.00
2025-06-08 12:55,-278.20,-327.75,0.00,-0.10,44.00,45.37,0.62,0.00,0.90,1491.35,186.72,756.45,8.92,0.68,0.00,0.00,2.11,1.52,0.04,0.00,18.72,-17.51
2025-06-08 13:00,-264.63,-277.95,0.00,-0.10,42.00,45.37,0.62,0.00,0.34,1443.16,107.17,748.39,8.55,0.61,0.00,0.00,2.02,1.52,0.04,0.00,19.33,-7.75
2025-06-08 13:05,-247.26,-428.07,0.00,-0.10,41.00,45.37,0.62,0.00,0.28,1629.91,187.24,753.61,8.91,0.79,0.00,0.00,1.97,1.52,0.04,0.00,16.57,-17.51
2025-06-08 13:10,-283.83,-403.29,0.00,-0.10,40.00,45.37,0.62,0.00,0.44,1577.23,182.14,758.84,9.27,0.76,0.00,0.00,1.92,1.52,0.04,0.00,17.03,-20.25
2025-06-08 13:15,-188.78,-339.75,0.00,-0.10,40.00,45.37,0.62,0.00,0.46,1323.56,189.41,764.06,9.63,0.74,0.00,0.00,1.92,1.52,0.04,0.00,17.94,-20.25
2025-06-08 13:20,-195.31,-333.43,0.00,0.00,41.00,45.37,0.62,0.00,0.46,1324.30,137.05,769.29,9.98,0.76,0.00,0.00,1.97,1.52,0.04,0.00,18.58,-21.00
2025-06-08 13:25,-207.17,-381.37,0.00,0.00,41.00,46.04,0.62,0.00,0.39,1328.68,210.25,774.51,10.34,0.83,0.00,0.00,1.97,1.54,0.04,0.00,18.01,-21.00
2025-06-08 13:30,-166.46,-292.11,0.00,0.00,42.00,45.37,0.62,0.00,0.35,1140.20,168.64,779.74,10.70,0.75,0.00,0.00,2.02,1.52,0.04,0.00,19.77,-21.00
2025-06-08 13:35,-186.01,-293.92,0.00,0.00,40.00,45.37,0.62,0.00,0.35,1205.25,102.58,794.06,10.90,0.73,0.00,0.00,1.92,1.52,0.04,0.00,19.31,-21.00
2025-06-08 13:40,-155.06,-333.21,0.00,0.00,42.00,46.04,0.62,0.00,0.34,1250.65,101.32,808.39,11.10,0.83,0.00,0.00,2.02,1.54,0.04,0.00,18.86,-21.00
2025-06-08 13:45,-192.04,-354.24,0.00,0.00,44.00,45.37,0.62,0.00,0.30,1306.94,119.92,822.72,11.30,0.86,0.00,0.00,2.11,1.52,0.04,0.00,18.84,-21.00
2025-06-08 13:50,-169.45,-368.38,0.00,0.00,45.00,46.04,0.62,0.00,0.30,1254.75,182.41,837.05,11.50,0.90,0.00,0.00,2.16,1.54,0.04,0.00,18.66,-21.00
2025-06-08 13:55,-236.96,-348.22,0.00,0.00,44.00,46.04,0.62,0.00,4.30,1267.94,193.74,851.38,11.70,0.83,0.00,0.00,2.11,1.54,0.04,0.00,18.89,-21.00
2025-06-08 14:00,-207.76,-316.69,0.00,0.00,41.00,45.37,0.62,0.00,0.29,1296.45,112.11,865.71,11.90,0.75,0.00,0.00,1.97,1.52,0.04,0.00,18.18,-20.57
2025-06-08 14:05,-187.58,-367.33,0.00,0.00,40.00,45.37,0.62,0.00,0.29,1307.90,172.82,862.40,12.08,0.82,0.00,0.00,1.92,1.52,0.04,0.00,17.07,-20.57
2025-06-08 14:10,-161.59,-450.68,0.00,0.00,40.00,46.04,0.62,0.00,0.29,1400.69,191.73,859.09,12.27,0.94,0.00,0.00,1.92,1.54,0.04,0.00,15.98,-21.00
2025-06-08 14:15,-288.32,-363.18,0.00,0.00,40.00,46.04,0.62,0.00,0.29,1356.90,196.77,855.78,12.45,0.78,0.00,0.00,1.92,1.54,0.04,0.00,17.75,-31.26
2025-06-08 14:20,-259.15,-227.06,0.00,0.00,40.00,46.04,0.62,0.00,0.41,1081.87,171.01,852.47,12.63,0.59,0.00,0.00,1.92,1.54,0.04,0.00,20.47,-21.00
2025-06-08 14:25,-165.97,-301.30,0.00,-0.10,43.00,46.04,0.62,0.00,18.57,1039.75,250.70,849.15,12.82,0.79,0.00,0.00,2.06,1.54,0.04,0.00,19.30,-21.00
2025-06-08 14:30,-131.03,-274.26,0.00,-0.10,44.00,46.04,0.62,0.00,28.03,1071.88,142.45,845.84,13.00,0.76,0.00,0.00,2.11,1.54,0.04,0.00,19.87,-21.00
2025-06-08 14:35,-169.43,-61.42,0.00,-0.10,40.00,50.87,0.62,0.00,4.22,1186.39,173.25,821.09,12.95,0.15,0.00,0.00,1.92,1.71,0.04,0.00,20.64,-22.50
2025-06-08 14:40,-115.63,-291.03,0.00,0.00,44.00,77.58,0.62,0.00,0.82,994.54,190.75,796.33,12.90,1.06,0.00,0.00,2.11,2.61,0.04,0.00,26.21,-21.00
2025-06-08 14:45,-148.92,-246.23,0.00,-0.10,43.00,78.37,0.62,0.00,4.88,1018.11,125.52,771.58,12.85,0.92,0.00,0.00,2.06,2.64,0.04,0.00,27.89,-21.00
2025-06-08 14:50,-206.91,-1.44,0.00,-0.10,40.00,78.87,0.62,0.00,5.16,1148.77,153.05,746.83,12.80,0.00,0.00,0.00,1.92,2.66,0.04,0.00,28.20,-21.00
2025-06-08 14:55,-115.85,-27.72,0.00,-0.10,43.00,64.76,0.62,0.00,0.79,1107.60,193.25,722.07,12.75,0.08,0.00,0.00,2.06,2.19,0.04,0.00,25.40,-20.00
2025-06-08 15:00,-87.30,-91.71,0.00,0.00,46.00,63.46,0.62,0.00,9.37,1254.39,150.47,697.32,12.70,0.26,0.00,0.00,2.21,2.14,0.04,0.00,24.26,-21.00
2025-06-08 15:05,-79.73,-41.82,0.00,0.00,46.00,63.51,0.62,0.00,32.38,1258.83,60.04,679.23,12.42,0.13,0.00,0.00,2.21,2.14,0.04,0.00,25.38,-18.56
2025-06-08 15:10,-156.21,-21.37,0.00,0.00,42.00,60.80,0.62,0.00,0.34,1336.37,63.72,661.14,12.13,0.06,0.00,0.00,2.02,2.05,0.04,0.00,24.48,-19.83
2025-06-08 15:15,-180.00,-8.48,0.00,0.00,39.00,62.73,0.62,0.00,0.34,1363.78,59.49,643.06,11.85,0.02,0.00,0.00,1.87,2.12,0.04,0.00,24.30,-21.00
2025-06-08 15:20,-156.54,0.00,5.15,0.00,40.00,63.33,0.62,0.00,0.35,1306.68,129.93,624.97,11.57,0.00,0.24,0.00,1.92,2.14,0.04,0.00,26.02,31.40
2025-06-08 15:25,-114.66,-115.24,0.00,0.00,40.00,62.51,0.62,0.00,1.45,1468.16,160.29,606.88,11.28,0.27,0.00,0.00,1.92,2.11,0.04,0.00,21.63,-19.86
2025-06-08 15:30,-43.99,-89.22,0.00,0.00,41.00,63.91,0.62,0.00,1.17,1328.35,175.03,588.79,11.00,0.23,0.00,0.00,1.97,2.16,0.04,0.00,22.88,0.01
2025-06-08 15:35,-83.07,-162.22,0.00,0.00,40.00,62.01,0.62,0.00,0.33,1527.64,178.25,571.69,11.00,0.36,0.00,0.00,1.92,2.09,0.04,0.00,20.75,-20.00
2025-06-08 15:40,-141.05,-183.35,0.00,-0.10,46.00,70.05,0.45,0.00,29.51,1557.19,232.53,554.59,11.00,0.44,0.00,0.00,2.21,2.37,0.03,0.00,23.12,-20.00
2025-06-08 15:45,-136.20,-201.38,0.00,-0.10,45.00,76.37,0.45,0.00,58.12,1511.83,266.68,537.49,11.00,0.49,0.00,0.00,2.16,2.59,0.03,0.00,23.84,-18.56
2025-06-08 15:50,-123.29,-162.88,0.00,-0.10,41.00,81.23,0.45,0.00,0.32,1501.05,249.20,520.39,11.00,0.41,0.00,0.00,1.97,2.76,0.03,0.00,24.72,0.00
2025-06-08 15:55,-131.84,-235.61,0.00,-0.10,44.00,86.29,0.45,0.00,0.61,1654.94,252.50,503.28,11.00,0.59,0.00,0.00,2.11,2.93,0.03,0.00,24.77,-19.90
2025-06-08 16:00,-49.16,-207.46,0.00,-0.10,44.00,93.01,0.45,0.00,7.84,1580.57,217.77,486.18,11.00,0.57,0.00,0.00,2.11,3.16,0.03,0.00,26.17,75.68
2025-06-08 16:05,-84.09,-181.88,0.00,-0.10,40.00,100.79,0.45,0.00,5.20,1579.74,205.51,455.41,11.05,0.51,0.00,0.00,1.92,3.43,0.03,0.00,27.59,44.23
2025-06-08 16:10,-154.64,-189.61,0.00,-0.10,59.00,106.44,0.45,0.00,7.54,1578.92,288.16,424.63,11.10,0.60,0.00,0.00,2.83,3.63,0.03,0.00,33.31,50.08
2025-06-08 16:15,-35.75,-170.79,0.00,0.00,65.00,116.92,0.45,0.00,18.56,1562.42,188.25,393.86,11.15,0.62,0.00,0.00,3.12,3.99,0.03,0.00,36.55,54.33
2025-06-08 16:20,-112.73,-111.27,0.00,0.00,61.00,120.67,0.45,0.00,2.49,1575.48,168.46,363.09,11.20,0.41,0.00,0.00,2.93,4.12,0.03,0.00,38.71,65.72
2025-06-08 16:25,-101.46,-84.55,0.00,0.00,68.00,128.27,0.45,0.00,8.28,1593.03,98.41,332.31,11.25,0.34,0.00,0.00,3.26,4.38,0.03,0.00,43.08,81.98
2025-06-08 16:30,-8.78,-158.22,0.00,0.00,70.00,134.76,0.62,0.00,5.53,1613.07,179.86,301.54,11.30,0.63,0.00,0.00,3.36,4.61,0.04,0.00,41.39,86.08
2025-06-08 16:35,-16.56,-165.53,0.00,0.00,63.00,140.55,0.62,0.00,3.25,1663.60,187.42,273.10,11.05,0.63,0.00,0.00,3.02,4.81,0.04,0.00,40.42,0.00
2025-06-08 16:40,-17.61,-181.38,0.00,0.00,65.00,171.42,0.62,1.72,3.16,1704.19,189.27,244.67,10.80,0.77,0.00,0.00,3.12,5.85,0.04,0.08,45.79,51.99
2025-06-08 16:45,-32.34,-153.55,0.00,0.00,66.00,172.12,0.62,92.21,1.92,1677.57,149.25,216.23,10.55,0.97,0.00,0.00,3.17,5.88,0.04,4.53,69.33,70.44
2025-06-08 16:50,-22.70,-169.02,0.00,0.00,60.00,203.71,0.62,95.40,0.41,1689.97,134.07,187.79,10.30,1.13,0.00,0.00,2.88,6.94,0.04,4.69,73.90,73.55
2025-06-08 16:55,-15.91,-138.83,0.00,0.00,61.00,211.67,0.62,92.99,0.40,1663.38,127.70,159.36,10.05,0.95,0.00,0.00,2.93,7.22,0.04,4.57,76.62,84.44
2025-06-08 17:00,-8.70,-140.94,0.00,0.00,59.00,273.06,0.62,95.09,0.39,1617.38,111.97,130.92,9.80,1.10,0.00,0.00,2.83,9.28,0.04,4.67,88.25,103.12
2025-06-08 17:05,-0.85,-82.79,0.00,0.00,60.00,285.81,0.62,95.38,7.01,1538.82,84.60,114.67,9.77,0.69,0.00,0.00,2.88,9.72,0.04,4.69,94.90,88.80
2025-06-08 17:10,-2.25,-34.76,0.00,0.00,58.00,296.12,1.22,94.04,4.76,1470.26,70.65,98.41,9.73,0.31,0.00,0.00,2.78,10.07,0.08,4.62,100.62,89.28
2025-06-08 17:15,-3.42,-28.59,0.00,0.00,57.00,296.92,57.81,93.95,4.61,1439.23,53.78,82.16,9.70,0.29,0.00,0.00,2.73,10.10,3.06,4.62,118.16,101.56
2025-06-08 17:20,-0.05,-12.34,0.00,0.00,61.00,294.68,99.38,95.57,5.55,1434.65,22.02,65.90,9.67,0.14,0.00,0.00,2.93,10.02,4.83,4.70,129.71,110.66
2025-06-08 17:25,-1.02,-1.86,0.00,0.00,63.00,317.34,100.18,96.07,22.72,1402.07,14.62,49.65,9.63,0.02,0.00,0.00,3.02,10.80,4.87,4.72,136.08,103.94
2025-06-08 17:30,-0.15,-4.82,0.00,0.00,59.00,334.57,141.87,95.19,23.21,1394.81,8.82,33.40,9.60,0.06,0.00,0.00,2.83,11.40,7.07,4.68,149.06,89.97
2025-06-08 17:35,-0.67,-138.86,0.00,0.00,58.00,335.49,202.19,94.12,225.80,1435.21,5.87,27.99,9.48,1.71,0.00,0.00,2.78,11.43,10.25,4.63,146.29,126.19
2025-06-08 17:40,-1.29,-78.47,0.00,0.00,57.00,336.02,223.80,94.91,34.75,1522.47,2.74,22.59,9.37,1.04,0.00,0.00,2.73,11.45,11.39,4.66,158.20,121.23
2025-06-08 17:45,-2.32,-103.42,0.00,0.00,57.00,337.79,223.80,94.36,17.33,1610.83,2.16,17.18,9.25,1.34,0.00,0.00,2.73,11.51,11.39,4.64,154.01,102.30
2025-06-08 17:50,-1.25,-76.00,0.00,0.00,61.00,335.97,226.13,94.87,28.09,1557.14,1.33,11.78,9.13,1.01,0.00,0.00,2.93,11.45,11.51,4.66,158.32,130.46
2025-06-08 17:55,-0.25,-182.93,0.00,-0.10,58.00,394.12,224.28,95.23,79.11,1451.78,0.20,6.37,9.02,2.56,0.00,0.00,2.78,13.39,11.41,4.68,167.70,129.99
2025-06-08 18:00,-3.27,-108.64,0.00,-0.10,57.00,347.87,223.38,94.87,45.20,1394.21,0.01,0.96,8.90,1.54,0.00,0.00,2.73,11.85,11.37,4.66,170.06,113.45
2025-06-08 18:05,-0.43,-81.81,0.00,-0.10,57.00,338.79,224.78,94.94,23.54,1406.37,0.01,0.80,8.70,1.16,0.00,0.00,2.73,11.54,11.44,4.67,169.92,129.99
2025-06-08 18:10,-2.41,-93.63,0.00,-0.10,57.00,337.25,223.37,93.77,82.15,1402.97,0.01,0.64,8.50,1.29,0.00,0.00,2.73,11.49,11.37,4.61,165.16,100.32
2025-06-08 18:15,-0.46,-70.13,0.00,-0.10,59.00,337.27,226.68,95.74,38.17,1409.97,0.01,0.48,8.30,0.99,0.00,0.00,2.83,11.49,11.54,4.70,169.28,133.48
2025-06-08 18:20,-1.01,-107.84,0.00,-0.10,57.00,393.95,224.59,93.78,85.90,1389.40,0.01,0.32,8.10,1.55,0.00,0.00,2.73,13.39,11.43,4.61,172.01,97.16
2025-06-08 18:25,-0.08,-103.82,0.00,-0.10,57.00,345.63,224.01,94.47,126.49,1395.30,0.00,0.16,7.90,1.41,0.00,0.00,2.73,11.77,11.41,4.64,163.47,96.03
2025-06-08 18:30,-1.14,-73.38,0.00,-0.10,58.00,338.59,224.90,94.54,125.92,1363.03,0.00,0.00,7.70,1.01,0.00,0.00,2.78,11.54,11.45,4.65,165.61,90.67
2025-06-08 18:35,-0.40,-162.46,0.00,-0.10,58.00,339.12,224.51,93.86,342.76,1307.22,0.00,0.00,7.72,2.09,0.00,0.00,2.78,11.55,11.43,4.61,154.13,97.06
2025-06-08 18:40,-3.74,-80.04,0.00,0.00,55.00,339.17,222.85,93.00,111.82,1384.52,0.00,0.00,7.73,1.09,0.00,0.00,2.64,11.56,11.34,4.57,164.04,93.48
2025-06-08 18:45,-1.39,-76.98,0.00,-0.10,59.00,338.72,224.27,93.90,129.04,1367.56,0.00,0.00,7.75,1.06,0.00,0.00,2.83,11.54,11.42,4.61,165.00,88.34
2025-06-08 18:50,-0.22,-155.60,0.00,-0.10,62.00,339.18,227.10,95.89,288.51,1338.91,0.00,0.00,7.77,2.04,0.00,0.00,2.98,11.56,11.56,4.71,157.22,94.14
2025-06-08 18:55,-0.69,-27.65,0.00,-0.10,58.00,339.23,225.00,94.70,113.06,1281.43,0.00,0.00,7.78,0.40,0.00,0.00,2.78,11.56,11.45,4.65,173.11,95.48
2025-06-08 19:00,-1.88,-13.26,0.00,-0.10,57.00,339.45,224.40,94.93,122.95,1244.62,0.00,0.00,7.80,0.19,0.00,0.00,2.73,11.56,11.42,4.67,175.19,89.56
2025-06-08 19:05,-0.33,-95.90,0.00,-0.10,58.00,339.68,224.37,93.61,330.26,1189.78,0.00,0.00,7.82,1.30,0.00,0.00,2.78,11.57,11.42,4.60,163.07,110.41
2025-06-08 19:10,-1.80,-3.99,0.00,0.00,58.00,339.83,224.58,94.56,114.45,1205.04,0.00,0.00,7.83,0.06,0.00,0.00,2.78,11.58,11.43,4.65,179.52,92.29
2025-06-08 19:15,-0.31,-90.84,0.00,0.00,61.00,340.27,227.72,95.80,344.79,1137.09,0.00,0.00,7.85,1.27,0.00,0.00,2.93,11.59,11.59,4.71,167.63,94.49
2025-06-08 19:20,-0.64,-51.98,0.00,-0.10,57.00,339.58,224.17,94.97,336.11,1086.61,0.00,0.00,7.87,0.74,0.00,0.00,2.73,11.57,11.41,4.67,170.55,94.72
2025-06-08 19:25,-0.49,-46.95,0.00,0.00,57.00,340.65,223.56,94.85,343.53,1066.02,0.00,0.00,7.88,0.67,0.00,0.00,2.73,11.61,11.38,4.66,171.55,97.37
2025-06-08 19:30,-0.35,-47.81,0.00,0.00,58.00,339.45,225.16,93.89,304.93,1082.28,0.00,0.00,7.90,0.69,0.00,0.00,2.78,11.56,11.46,4.61,173.58,92.66
2025-06-08 19:35,-0.46,-61.23,0.00,0.00,58.00,338.78,224.29,95.09,329.82,1082.70,0.00,0.00,7.85,0.87,0.00,0.00,2.78,11.54,11.42,4.67,171.51,93.72
2025-06-08 19:40,-0.49,0.00,78.25,0.00,57.00,339.40,224.35,94.77,293.73,1084.77,0.00,0.00,7.80,0.00,3.82,0.00,2.73,11.56,11.42,4.66,203.64,99.91
2025-06-08 19:45,-0.67,0.00,15.97,0.00,59.00,339.28,225.96,93.34,101.29,1113.54,0.00,0.00,7.75,0.00,0.79,0.00,2.83,11.56,11.50,4.59,195.87,90.08
2025-06-08 19:50,-0.30,-110.24,0.00,0.00,60.00,339.34,227.82,95.11,309.43,1158.97,0.00,0.00,7.70,1.55,0.00,0.00,2.88,11.56,11.60,4.67,168.27,97.89
2025-06-08 19:55,-0.88,0.00,11.72,0.00,58.00,340.90,225.20,94.13,83.26,1144.49,0.00,0.00,7.65,0.00,0.58,0.00,2.78,11.61,11.46,4.63,192.86,96.52
2025-06-08 20:00,-0.31,0.00,34.50,0.00,59.00,340.05,225.38,94.39,101.44,1101.52,0.00,0.00,7.60,0.00,1.73,0.00,2.83,11.59,11.47,4.64,205.11,100.29
2025-06-08 20:05,-0.38,0.00,27.98,0.00,61.00,341.03,227.91,95.09,102.27,1078.14,0.00,0.00,7.48,0.00,1.41,0.00,2.93,11.62,11.60,4.67,206.06,99.04
2025-06-08 20:10,-3.33,0.00,41.44,0.00,61.00,340.31,227.76,96.70,96.46,1077.52,0.00,0.00,7.37,0.00,2.07,0.00,2.93,11.59,11.60,4.75,213.06,101.23
2025-06-08 20:15,-5.60,0.00,44.11,-0.10,58.00,339.99,224.93,93.81,77.59,1068.63,0.00,0.00,7.25,0.00,2.20,0.00,2.78,11.58,11.45,4.61,215.94,90.88
2025-06-08 20:20,-0.36,-48.65,0.00,-0.20,58.00,341.06,225.56,95.63,291.66,1058.34,0.00,0.00,7.13,0.72,0.00,0.00,2.78,11.62,11.49,4.70,177.35,95.18
2025-06-08 20:25,-3.68,-15.31,0.00,-0.10,56.00,340.76,224.26,94.80,237.27,1051.13,0.00,0.00,7.02,0.23,0.00,0.00,2.69,11.61,11.42,4.66,182.20,87.23
2025-06-08 20:30,-0.90,-41.93,0.00,-0.10,57.00,340.81,225.40,94.96,273.13,1061.75,0.00,0.00,6.90,0.62,0.00,0.00,2.73,11.61,11.47,4.67,178.28,101.02
2025-06-08 20:35,-0.38,0.00,44.76,-0.10,60.00,341.48,226.67,95.86,84.92,1030.89,0.00,0.00,6.92,0.00,2.22,0.00,2.88,11.63,11.54,4.71,220.53,98.97
2025-06-08 20:40,-0.34,0.00,48.16,-0.10,61.00,340.76,227.62,95.57,82.51,1021.15,0.00,0.00,6.93,0.00,2.42,0.00,2.93,11.61,11.59,4.70,224.13,100.92
2025-06-08 20:45,-0.55,0.00,38.00,-0.10,59.00,340.89,227.32,95.45,85.77,1031.88,0.00,0.00,6.95,0.00,1.92,0.00,2.83,11.61,11.58,4.69,217.36,88.37
2025-06-08 20:50,-0.36,-56.07,0.00,-0.10,61.00,340.36,227.85,96.67,280.20,1028.36,0.00,0.00,6.97,0.85,0.00,0.00,2.93,11.60,11.61,4.75,182.18,89.83
2025-06-08 20:55,-0.29,-20.99,0.00,-0.10,60.00,341.66,227.76,94.64,217.06,1022.97,0.00,0.00,6.98,0.33,0.00,0.00,2.88,11.64,11.60,4.65,188.04,113.97
2025-06-08 21:00,-0.46,0.00,258.57,0.00,58.00,341.09,226.55,94.80,6.16,1005.94,0.00,0.00,7.00,0.00,13.21,0.00,2.78,11.62,11.54,4.66,356.78,87.44
2025-06-08 21:05,-2.40,0.00,131.53,0.00,59.00,340.31,225.81,94.80,239.77,1027.94,0.00,0.00,7.03,0.00,6.86,0.00,2.83,11.59,11.50,4.66,242.38,106.12
2025-06-08 21:10,-7.08,0.00,229.47,0.00,57.00,339.99,225.50,94.77,6.04,1049.69,0.00,0.00,7.07,0.00,11.71,0.00,2.73,11.58,11.48,4.66,329.30,86.38
2025-06-08 21:15,-5.44,0.00,123.14,0.00,58.00,341.01,224.28,95.05,223.70,1047.78,0.00,0.00,7.10,0.00,6.38,0.00,2.78,11.62,11.42,4.67,237.71,92.18
2025-06-08 21:20,-2.33,0.00,211.88,0.00,61.00,342.98,228.12,96.24,14.95,1061.81,0.00,0.00,7.13,0.00,10.77,0.00,2.93,11.68,11.62,4.73,314.78,93.25
2025-06-08 21:25,-1.73,0.00,243.24,-0.10,60.00,340.16,181.47,95.34,15.23,1049.99,0.00,0.00,7.17,0.00,12.28,0.00,2.88,11.59,9.16,4.69,325.35,92.02
2025-06-08 21:30,-0.36,0.00,264.55,0.00,61.00,340.16,141.59,96.91,11.98,1037.56,0.00,0.00,7.20,0.00,13.60,0.00,2.93,11.59,7.05,4.76,336.37,93.12
2025-06-08 21:35,-13.39,0.00,309.17,0.00,56.00,339.42,99.46,94.35,0.34,1009.03,0.00,0.00,6.97,0.00,15.73,0.00,2.69,11.56,4.83,4.64,371.01,95.20
2025-06-08 21:40,-0.40,0.00,303.02,0.00,62.00,340.31,42.46,96.51,8.93,1031.26,0.00,0.00,6.73,0.00,15.73,0.00,2.98,11.59,1.81,4.74,346.04,95.73
2025-06-08 21:45,-1.42,0.00,310.33,-0.10,58.00,340.41,42.40,94.68,7.22,1025.67,0.00,0.00,6.50,0.00,16.16,0.00,2.78,11.60,1.81,4.65,353.43,103.37
2025-06-08 21:50,-0.28,0.00,297.71,0.00,59.00,341.31,42.44,96.24,13.78,1003.24,0.00,0.00,6.27,0.00,15.64,0.00,2.83,11.63,1.81,4.73,349.50,127.06
2025-06-08 21:55,-2.13,0.00,293.18,0.00,57.00,341.58,42.37,94.59,19.83,1010.41,0.00,0.00,6.03,0.00,15.41,0.00,2.73,11.64,1.81,4.65,342.34,124.23
2025-06-08 22:00,-1.30,0.00,272.89,-0.10,59.00,341.19,42.29,94.44,11.31,1012.80,0.00,0.00,5.80,0.00,14.31,0.00,2.83,11.63,1.81,4.64,328.37,94.08
2025-06-08 22:05,-1.01,0.00,278.68,-0.10,58.00,340.99,42.32,94.56,8.59,1018.43,0.00,0.00,5.73,0.00,14.76,0.00,2.78,11.62,1.81,4.65,333.11,128.99
2025-06-08 22:10,-0.37,0.00,263.62,-0.10,61.00,340.39,15.58,96.48,20.40,1026.47,0.00,0.00,5.67,0.00,13.83,0.00,2.93,11.60,0.68,4.74,312.70,98.25
2025-06-08 22:15,-0.30,0.00,258.66,-0.20,59.00,342.29,0.62,95.19,51.40,1013.49,0.00,0.00,5.60,0.00,13.74,0.00,2.83,11.66,0.04,4.68,303.49,84.44
2025-06-08 22:20,0.00,0.00,160.28,-0.10,58.00,323.61,0.62,94.58,237.31,1036.60,0.00,0.00,5.53,0.00,8.46,0.00,2.78,11.04,0.04,4.65,203.52,87.67
2025-06-08 22:25,-6.45,0.00,166.91,-0.10,55.00,339.67,0.62,93.92,223.46,1025.21,0.00,0.00,5.47,0.00,8.84,0.00,2.64,11.57,0.04,4.62,212.55,96.15
2025-06-08 22:30,-2.01,0.00,244.57,-0.10,60.00,338.93,0.62,95.96,36.31,1025.86,0.00,0.00,5.40,0.00,13.06,0.00,2.88,11.55,0.04,4.72,295.14,102.45
2025-06-08 22:35,-8.15,0.00,229.95,-0.10,57.00,340.20,0.62,94.50,31.41,1042.15,0.00,0.00,5.42,0.00,12.16,0.00,2.73,11.59,0.04,4.64,281.80,85.05
2025-06-08 22:40,-0.35,0.00,246.18,-0.20,56.00,338.93,0.62,95.35,19.25,1012.32,0.00,0.00,5.43,0.00,12.99,0.00,2.69,11.55,0.04,4.69,300.56,87.88
2025-06-08 22:45,-11.86,0.00,277.77,0.00,57.00,339.90,0.62,94.51,0.62,974.06,0.00,0.00,5.45,0.00,14.65,0.00,2.73,11.58,0.04,4.64,343.11,82.83
2025-06-08 22:50,-1.82,0.00,300.41,0.00,61.00,282.11,0.62,98.73,10.45,945.80,0.00,0.00,5.47,0.00,15.96,0.00,2.93,9.65,0.04,4.85,365.84,84.44
2025-06-08 22:55,-3.61,0.00,289.92,0.00,59.00,326.90,0.62,96.79,6.85,928.55,0.00,0.00,5.48,0.00,15.54,0.00,2.83,11.15,0.04,4.76,366.05,84.44
2025-06-08 23:00,-12.84,0.00,289.22,-0.10,60.00,306.56,0.62,98.07,4.06,930.26,0.00,0.00,5.50,0.00,15.66,0.00,2.88,10.47,0.04,4.82,370.35,84.44
2025-06-08 23:05,-4.23,0.00,265.28,-0.20,59.00,331.52,0.62,95.96,2.15,934.07,0.00,0.00,5.40,0.00,14.51,0.00,2.83,11.30,0.04,4.72,347.43,130.44
2025-06-08 23:10,-1.07,0.00,273.55,-0.10,58.00,361.21,0.62,9.87,12.96,920.23,0.00,0.00,5.30,0.00,14.94,0.00,2.78,12.30,0.04,0.48,336.87,125.00
2025-06-08 23:15,-2.02,0.00,284.09,-0.10,57.00,341.31,0.62,0.00,22.88,895.36,0.00,0.00,5.20,0.00,15.46,0.00,2.73,11.63,0.04,0.00,347.68,125.00
2025-06-08 23:20,-1.02,0.00,282.42,-0.20,59.00,341.59,0.62,0.00,32.43,873.01,0.00,0.00,5.10,0.00,15.30,0.00,2.83,11.64,0.04,0.00,349.77,128.49
2025-06-08 23:25,-3.90,0.00,293.45,-0.10,61.00,340.20,0.62,0.00,37.83,846.91,0.00,0.00,5.00,0.00,15.95,0.00,2.93,11.59,0.04,0.00,370.23,130.44
2025-06-08 23:30,-11.10,0.00,260.71,-0.10,58.00,397.65,0.62,0.00,15.26,844.47,0.00,0.00,4.90,0.00,14.23,0.00,2.78,13.52,0.04,0.00,351.40,130.44
2025-06-08 23:35,-5.63,0.00,394.37,-0.10,61.00,352.08,0.62,0.00,15.17,846.53,0.00,0.00,5.00,0.00,21.50,0.00,2.93,11.99,0.04,0.00,499.90,84.44
2025-06-08 23:40,-3.48,0.00,324.08,-0.10,60.00,330.93,0.62,0.00,12.01,842.67,0.00,0.00,5.10,0.00,17.59,0.00,2.88,11.28,0.04,0.00,415.32,134.39
2025-06-08 23:45,-3.77,0.00,262.28,-0.10,65.00,391.18,0.62,0.00,40.34,856.35,0.00,0.00,5.20,0.00,14.44,0.00,3.12,13.30,0.04,0.00,341.08,130.44
2025-06-08 23:50,-9.86,0.00,278.04,0.00,58.00,365.65,0.62,0.00,38.66,848.72,0.00,0.00,5.30,0.00,15.33,0.00,2.78,12.44,0.04,0.00,358.72,76.44
2025-06-08 23:55,-4.03,0.00,244.30,0.00,55.00,290.01,0.62,158.51,28.46,843.46,0.00,0.00,5.40,0.00,13.35,0.00,2.64,9.89,0.04,7.79,358.74,58.64
2025-06-09 00:00,-4.07,0.00,273.48,0.00,60.00,215.01,0.62,210.53,4.17,821.08,0.00,0.00,5.50,0.00,15.01,0.00,2.88,7.36,0.04,10.35,413.64,59.63
2025-06-09 00:05,-28.58,0.00,420.35,0.00,62.00,211.44,0.62,208.74,1.02,799.44,0.00,0.00,5.67,0.00,23.04,0.00,2.98,7.24,0.04,10.26,626.36,78.68
2025-06-09 00:10,-3.41,0.00,417.00,-0.10,62.00,236.66,0.62,210.41,4.94,769.32,0.00,0.00,5.83,0.00,22.74,0.00,2.98,8.08,0.04,10.34,613.95,81.64
2025-06-09 00:15,-22.06,0.00,415.70,-0.10,58.00,236.93,0.62,208.61,0.40,775.44,0.00,0.00,6.00,0.00,22.56,0.00,2.78,8.09,0.04,10.25,623.09,77.26
2025-06-09 00:20,-11.30,0.00,411.19,0.00,58.00,238.23,0.62,209.92,4.46,764.29,0.00,0.00,6.17,0.00,22.44,0.00,2.78,8.13,0.04,10.32,614.95,78.29
2025-06-09 00:25,-16.37,0.00,81.76,0.00,57.00,237.98,0.62,207.51,0.67,778.46,0.00,0.00,6.33,0.00,4.48,0.00,2.73,8.12,0.04,10.20,259.23,59.89
2025-06-09 00:30,-34.63,0.00,462.02,-0.10,58.00,210.39,0.62,210.88,2.51,766.50,0.00,0.00,6.50,0.00,25.32,0.00,2.78,7.20,0.04,10.36,729.34,59.03
2025-06-09 00:35,-0.08,0.00,456.04,-0.20,62.00,211.51,0.62,210.59,10.45,734.44,0.00,0.00,6.37,0.00,25.10,0.00,2.98,7.24,0.04,10.35,709.20,80.23
2025-06-09 00:40,-11.03,0.00,448.49,-0.10,59.00,238.35,0.62,210.27,0.65,747.76,0.00,0.00,6.23,0.00,24.56,0.00,2.83,8.14,0.04,10.33,691.20,79.66
2025-06-09 00:45,-18.46,0.00,450.23,-0.10,56.00,236.96,0.62,208.29,0.42,755.41,0.00,0.00,6.10,0.00,24.73,0.00,2.69,8.09,0.04,10.24,696.46,57.34
2025-06-09 00:50,-11.23,0.00,447.26,-0.10,58.00,210.96,0.62,207.52,0.52,774.72,0.00,0.00,5.97,0.00,24.37,0.00,2.78,7.22,0.04,10.20,674.49,56.06
2025-06-09 00:55,-8.62,0.00,444.21,-0.10,60.00,212.60,0.62,209.13,0.70,779.44,0.00,0.00,5.83,0.00,24.19,0.00,2.88,7.27,0.04,10.28,662.06,57.40
2025-06-09 01:00,-10.74,0.00,415.71,-0.10,62.00,211.61,0.62,210.71,1.61,815.48,0.00,0.00,5.70,0.00,22.62,0.00,2.98,7.24,0.04,10.35,592.58,61.14
2025-06-09 01:05,-35.53,0.00,430.91,-0.10,57.00,211.98,0.62,206.93,0.53,828.27,0.00,0.00,5.80,0.00,23.43,0.00,2.73,7.25,0.04,10.17,624.15,60.65
2025-06-09 01:10,-12.17,0.00,492.47,-0.10,58.00,212.65,0.62,47.01,1.45,820.66,0.00,0.00,5.90,0.00,26.71,0.00,2.78,7.28,0.04,2.31,738.51,84.39
2025-06-09 01:15,-106.36,0.00,534.77,-0.10,59.00,238.08,0.62,20.83,0.44,817.97,0.00,0.00,6.00,0.00,29.05,0.00,2.83,8.13,0.04,1.02,994.48,60.60
2025-06-09 01:20,-6.14,0.00,513.79,-0.10,60.00,212.43,0.62,9.80,0.57,802.91,0.00,0.00,6.10,0.00,28.05,0.00,2.88,7.27,0.04,0.48,820.53,60.96
2025-06-09 01:25,-8.46,0.00,513.11,0.00,58.00,213.62,0.62,9.66,0.47,812.08,0.00,0.00,6.20,0.00,28.00,0.00,2.78,7.31,0.04,0.47,808.80,61.25
2025-06-09 01:30,-27.10,0.00,501.04,0.00,56.00,210.99,0.62,0.00,0.42,840.54,0.00,0.00,6.30,0.00,27.27,0.00,2.69,7.22,0.04,0.00,769.54,60.67
2025-06-09 01:35,-101.44,0.00,530.45,-0.10,60.00,212.60,0.62,0.00,0.67,832.29,0.00,0.00,6.15,0.00,28.64,0.00,2.88,7.27,0.04,0.00,982.86,60.31
2025-06-09 01:40,-95.25,0.00,527.42,-0.10,64.00,211.83,0.62,0.00,10.91,824.97,0.00,0.00,6.00,0.00,28.58,0.00,3.07,7.25,0.04,0.00,954.65,61.59
2025-06-09 01:45,-106.14,0.00,560.74,0.00,59.00,209.32,0.62,0.00,0.47,809.64,0.00,0.00,5.85,0.00,30.61,0.00,2.83,7.16,0.04,0.00,1183.51,62.30
2025-06-09 01:50,-104.43,0.00,555.13,0.00,62.00,211.58,0.62,0.00,2.00,801.52,0.00,0.00,5.70,0.00,30.42,0.00,2.98,7.24,0.04,0.00,1167.37,62.28
2025-06-09 01:55,-104.46,0.00,565.52,-0.10,62.00,210.66,0.62,0.00,1.90,778.15,0.00,0.00,5.55,0.00,31.07,0.00,2.98,7.21,0.04,0.00,1293.12,64.01
2025-06-09 02:00,-132.85,0.00,572.47,-0.10,61.00,211.43,0.62,0.00,0.47,784.12,0.00,0.00,5.40,0.00,31.51,0.00,2.93,7.23,0.04,0.00,1421.31,62.47
2025-06-09 02:05,-113.21,0.00,704.10,-0.10,61.00,212.33,0.62,0.00,0.59,774.45,0.00,0.00,5.62,0.00,38.82,0.00,2.93,7.27,0.04,0.00,2541.72,59.34
2025-06-09 02:10,-13.40,0.00,506.71,-0.10,59.00,211.53,0.62,0.00,0.52,782.92,0.00,0.00,5.83,0.00,27.92,0.00,2.83,7.24,0.04,0.00,853.98,62.64
2025-06-09 02:15,-127.88,0.00,572.38,-0.10,57.00,211.04,0.62,0.00,0.48,766.65,0.00,0.00,6.05,0.00,31.45,0.00,2.73,7.22,0.04,0.00,1482.98,62.14
2025-06-09 02:20,-137.79,0.00,575.49,-0.10,58.00,211.04,0.62,0.00,0.46,763.91,0.00,0.00,6.27,0.00,31.44,0.00,2.78,7.22,0.04,0.00,1552.60,62.16
2025-06-09 02:25,-148.01,0.00,579.51,-0.10,58.00,209.99,0.62,0.00,0.49,756.61,0.00,0.00,6.48,0.00,31.65,0.00,2.78,7.19,0.04,0.00,1677.21,60.88
2025-06-09 02:30,-136.72,0.00,576.79,-0.10,58.00,209.89,0.62,0.00,0.47,739.84,0.00,0.00,6.70,0.00,31.33,0.00,2.78,7.18,0.04,0.00,1680.56,61.05
2025-06-09 02:35,-158.46,0.00,593.62,-0.10,57.00,211.14,0.62,0.00,0.52,739.37,0.00,0.00,6.55,0.00,32.05,0.00,2.73,7.23,0.04,0.00,1967.63,65.72
2025-06-09 02:40,-149.86,0.00,579.28,-0.10,61.00,212.16,0.62,0.00,0.67,738.50,0.00,0.00,6.40,0.00,31.44,0.00,2.93,7.26,0.04,0.00,1762.38,61.55
2025-06-09 02:45,-137.63,0.00,589.21,0.00,60.00,211.78,0.62,0.00,0.47,724.74,0.00,0.00,6.25,0.00,32.04,0.00,2.88,7.25,0.04,0.00,1870.74,61.21
2025-06-09 02:50,-110.77,0.00,565.44,-0.10,61.00,210.89,0.62,0.00,0.76,725.09,0.00,0.00,6.10,0.00,30.82,0.00,2.93,7.22,0.04,0.00,1527.82,60.85
2025-06-09 02:55,-112.84,0.00,561.52,0.00,59.00,212.10,0.62,0.00,0.62,710.59,0.00,0.00,5.95,0.00,30.66,0.00,2.83,7.26,0.04,0.00,1586.34,60.88
2025-06-09 03:00,-146.32,0.00,588.69,0.00,59.00,210.84,0.62,0.00,0.43,694.80,0.00,0.00,5.80,0.00,32.21,0.00,2.83,7.21,0.04,0.00,2200.56,63.10
2025-06-09 03:05,-132.39,0.00,569.86,0.00,61.00,211.31,0.62,0.00,0.98,692.88,0.00,0.00,5.65,0.00,31.25,0.00,2.93,7.23,0.04,0.00,1880.42,70.44
2025-06-09 03:10,-209.63,0.00,591.72,0.00,62.00,237.83,0.62,0.00,1.90,698.59,0.00,0.00,5.50,0.00,32.31,0.00,2.98,8.12,0.04,0.00,2612.07,68.48
2025-06-09 03:15,-236.33,0.00,632.35,-0.10,56.00,209.62,0.62,0.00,0.37,701.76,0.00,0.00,5.35,0.00,33.97,0.00,2.69,7.17,0.04,0.00,5286.07,84.44
2025-06-09 03:20,-229.03,0.00,600.97,-0.10,56.00,245.02,0.62,0.00,0.42,694.04,0.00,0.00,5.20,0.00,32.34,0.00,2.69,8.36,0.04,0.00,3139.88,74.30
2025-06-09 03:25,-227.78,0.00,593.96,-0.20,60.00,238.56,0.62,0.00,0.52,707.84,0.00,0.00,5.05,0.00,32.05,0.00,2.88,8.14,0.04,0.00,2787.48,65.72
2025-06-09 03:30,-252.27,0.00,612.11,-0.10,57.00,209.32,0.62,0.00,0.38,713.28,0.00,0.00,4.90,0.00,33.09,0.00,2.73,7.16,0.04,0.00,4447.56,70.44
2025-06-09 03:35,-232.66,0.00,780.10,-0.20,57.00,214.37,0.62,0.00,0.36,701.48,0.00,0.00,5.09,0.00,41.61,0.00,2.73,7.33,0.04,0.00,15861.68,71.20
2025-06-09 03:40,-225.06,0.00,771.45,-0.20,61.00,239.40,0.62,0.00,2.93,681.60,0.00,0.00,5.28,0.00,41.36,0.00,2.93,8.17,0.04,0.00,56437.51,84.44
2025-06-09 03:45,-222.21,0.00,774.34,-0.10,61.00,240.12,0.62,0.00,1.03,667.12,0.00,0.00,5.48,0.00,41.41,0.00,2.93,8.20,0.04,0.00,23572.74,84.44
2025-06-09 03:50,-239.77,0.00,787.96,-0.10,57.00,243.52,0.62,0.00,0.34,659.11,0.00,0.00,5.67,0.00,41.72,0.00,2.73,8.31,0.04,0.00,9424.66,84.44
2025-06-09 03:55,-229.36,0.00,781.57,-0.10,58.00,246.06,0.62,0.00,0.39,671.78,0.00,0.00,5.86,0.00,41.46,0.00,2.78,8.39,0.04,0.00,18490.84,61.81
2025-06-09 04:00,-160.76,0.00,751.73,-0.10,57.00,211.24,0.62,0.00,0.35,664.89,0.00,0.00,6.05,0.00,39.73,0.00,2.73,7.23,0.04,0.00,27744.03,57.28
2025-06-09 04:05,-170.44,0.00,767.03,0.00,58.00,211.67,0.62,0.00,0.45,659.16,0.00,0.00,6.09,0.00,40.76,0.00,2.78,7.24,0.04,0.00,80564.07,58.36
2025-06-09 04:10,-63.41,0.00,698.74,0.00,64.00,211.83,0.62,0.00,6.15,664.23,0.00,0.00,6.13,0.00,37.22,0.00,3.07,7.25,0.04,0.00,3091.82,61.97
2025-06-09 04:15,-73.52,0.00,711.97,0.00,57.00,212.55,0.62,0.00,0.36,663.97,0.00,0.00,6.17,0.00,37.74,0.00,2.73,7.27,0.04,0.00,3848.70,58.78
2025-06-09 04:20,-138.74,0.00,684.38,0.00,61.00,211.12,0.62,0.00,0.40,652.13,0.00,0.00,6.22,0.00,36.15,0.00,2.93,7.23,0.04,0.00,5444.16,62.40
2025-06-09 04:25,-150.66,0.00,757.55,0.00,58.00,212.85,0.62,0.00,0.39,633.26,0.00,0.00,6.26,0.00,40.14,0.00,2.78,7.28,0.04,0.00,195674.10,65.72
2025-06-09 04:30,-138.73,0.00,757.34,0.00,59.00,211.49,0.62,0.00,0.38,647.09,0.00,0.00,6.30,0.00,40.15,0.00,2.83,7.24,0.04,0.00,26786.40,61.89
2025-06-09 04:35,-148.49,0.00,749.84,0.00,56.00,211.78,0.62,0.00,0.38,655.97,0.00,0.00,6.27,0.00,39.74,0.00,2.69,7.25,0.04,0.00,22584.81,59.01
2025-06-09 04:40,-145.75,0.00,734.24,-0.10,60.00,211.98,0.62,0.00,0.48,661.39,0.00,0.00,6.24,0.00,38.84,0.00,2.88,7.25,0.04,0.00,10815.97,57.77
2025-06-09 04:45,-157.39,0.00,746.08,-0.10,56.00,211.86,0.62,0.00,0.38,650.26,0.00,0.00,6.22,0.00,39.30,0.00,2.69,7.25,0.04,0.00,38041.53,52.66
2025-06-09 04:50,-159.40,0.00,745.14,-0.20,58.00,213.23,0.62,0.00,0.63,651.78,0.00,0.00,6.19,0.00,39.18,0.00,2.78,7.30,0.04,0.00,30314.45,61.41
2025-06-09 04:55,-179.55,0.00,750.01,-0.10,57.00,213.00,0.62,0.00,0.47,665.35,0.00,0.00,6.16,0.00,39.39,0.00,2.73,7.29,0.04,0.00,87420.89,56.89
2025-06-09 05:00,-166.71,0.00,738.62,-0.10,60.00,213.15,0.62,0.00,0.57,667.17,0.00,0.00,6.13,0.00,38.85,0.00,2.88,7.29,0.04,0.00,16316.40,57.96
2025-06-09 05:05,-175.25,0.00,726.12,-0.10,62.00,212.88,0.62,0.00,0.85,684.21,0.00,0.00,6.12,0.00,38.34,0.00,2.98,7.28,0.04,0.00,9878.85,54.48
2025-06-09 05:10,-176.97,0.00,737.45,-0.20,61.00,212.70,0.62,0.00,5.53,672.92,0.00,0.00,6.11,0.00,38.87,0.00,2.93,7.28,0.04,0.00,15448.78,57.19
2025-06-09 05:15,-155.82,0.00,727.96,-0.10,63.00,212.33,0.62,0.00,8.14,682.75,0.00,0.00,6.09,0.00,38.38,0.00,3.02,7.27,0.04,0.00,7047.17,65.72
2025-06-09 05:20,-123.76,0.00,711.43,-0.10,59.00,213.67,0.62,0.00,0.57,678.89,0.00,0.00,6.08,0.00,37.53,0.00,2.83,7.31,0.04,0.00,4874.44,56.96
2025-06-09 05:25,-151.75,0.00,726.85,-0.10,59.00,211.86,0.62,0.00,0.48,674.24,0.00,0.00,6.06,0.00,38.27,0.00,2.83,7.25,0.04,0.00,8603.52,55.33
2025-06-09 05:30,-109.01,0.00,539.12,0.00,57.00,210.82,0.62,0.00,0.36,666.09,0.00,0.00,6.05,0.00,27.73,0.00,2.73,7.22,0.04,0.00,1578.75,37.71
2025-06-09 05:35,-88.40,0.00,630.34,0.00,56.00,211.91,0.62,0.00,0.34,672.99,0.00,0.00,6.03,0.00,32.03,0.00,2.69,7.25,0.04,0.00,2259.70,37.59
2025-06-09 05:40,-87.92,0.00,617.46,0.00,60.00,210.43,0.62,0.00,0.36,702.78,0.00,0.00,6.00,0.00,31.28,0.00,2.88,7.20,0.04,0.00,1848.39,37.61
2025-06-09 05:45,-79.99,0.00,609.04,0.00,57.00,211.34,0.62,0.00,0.35,709.14,0.00,0.00,5.97,0.00,30.92,0.00,2.73,7.23,0.04,0.00,1697.28,47.36
2025-06-09 05:50,-60.38,0.00,585.14,0.00,57.00,211.45,0.62,0.00,0.35,716.16,0.00,0.00,5.95,0.00,29.87,0.00,2.73,7.24,0.04,0.00,1407.53,36.79
2025-06-09 05:55,-36.83,0.00,580.20,0.00,57.00,211.21,0.62,0.00,0.33,715.98,0.00,0.00,5.92,0.00,29.39,0.00,2.73,7.23,0.04,0.00,1284.30,36.55
2025-06-09 06:00,-11.98,0.00,560.16,-0.10,61.00,211.96,0.62,0.00,3.70,728.27,0.00,0.00,5.90,0.00,28.31,0.00,2.93,7.25,0.04,0.00,1067.18,36.70
2025-06-09 06:05,-17.90,0.00,570.30,0.00,62.00,212.41,0.62,0.00,9.70,715.11,0.00,0.00,5.95,0.00,28.86,0.00,2.98,7.27,0.04,0.00,1141.29,37.16
2025-06-09 06:10,-47.74,0.00,558.76,-0.10,62.00,211.24,0.62,0.00,71.39,722.82,0.00,0.00,6.00,0.00,28.58,0.00,2.98,7.23,0.04,0.00,1009.82,61.71
2025-06-09 06:15,-29.46,0.00,545.23,-0.20,61.00,211.45,0.62,0.00,61.64,722.57,0.00,0.00,6.05,0.00,28.18,0.00,2.93,7.24,0.04,0.00,954.93,61.22
2025-06-09 06:20,-4.61,0.00,546.35,-0.10,56.00,210.49,0.62,0.00,51.43,717.89,0.00,0.00,6.10,0.00,28.03,0.00,2.69,7.20,0.04,0.00,938.66,61.20
2025-06-09 06:25,-2.46,0.00,537.31,-0.10,59.00,211.92,0.62,0.00,50.84,723.77,0.00,0.00,6.15,0.00,27.48,0.00,2.83,7.25,0.04,0.00,891.44,61.95
2025-06-09 06:30,-5.92,0.00,549.72,-0.10,61.00,211.88,0.45,0.00,51.38,725.39,0.00,0.00,6.20,0.00,27.93,0.00,2.93,7.25,0.03,0.00,925.80,62.16
2025-06-09 06:35,-0.10,0.00,547.53,-0.10,61.00,212.26,0.45,0.00,63.02,727.81,0.00,0.00,6.23,0.00,27.91,0.00,2.93,7.26,0.03,0.00,885.44,66.06
2025-06-09 06:40,-5.78,0.00,560.97,-0.10,57.00,212.31,0.45,0.00,45.52,724.80,0.00,0.00,6.27,0.00,28.50,0.00,2.73,7.27,0.03,0.00,976.98,62.45
2025-06-09 06:45,-0.56,0.00,555.07,-0.10,59.00,212.19,0.45,0.00,50.37,742.07,0.00,0.00,6.30,0.00,28.24,0.00,2.83,7.26,0.03,0.00,905.51,66.72
2025-06-09 06:50,-1.19,0.00,547.84,-0.10,56.00,211.93,0.45,0.00,50.49,754.98,0.00,0.00,6.33,0.00,27.76,0.00,2.69,7.25,0.03,0.00,862.93,66.73
2025-06-09 06:55,-3.49,0.00,560.93,-0.10,56.00,211.83,0.45,0.00,44.10,754.36,0.00,0.00,6.37,0.00,28.41,0.00,2.69,7.25,0.03,0.00,917.06,70.52
2025-06-09 07:00,-0.43,0.00,545.26,0.00,60.00,238.43,0.45,0.00,53.75,746.38,0.00,0.00,6.40,0.00,27.59,0.00,2.88,8.14,0.03,0.00,838.00,70.33
2025-06-09 07:05,-0.27,0.00,558.33,0.00,59.00,211.61,0.45,0.00,54.31,751.31,0.00,0.00,6.33,0.00,28.24,0.00,2.83,7.24,0.03,0.00,888.17,70.44
2025-06-09 07:10,-0.32,0.00,549.86,0.00,61.00,210.69,0.45,0.00,71.39,746.87,0.00,0.00,6.27,0.00,27.70,0.00,2.93,7.21,0.03,0.00,841.17,70.02
2025-06-09 07:15,-0.29,0.00,552.81,0.00,61.00,210.05,0.45,0.00,95.69,742.91,0.00,0.00,6.20,0.00,28.06,0.00,2.93,7.19,0.03,0.00,823.07,75.85
2025-06-09 07:20,-0.19,0.00,549.32,0.00,62.00,230.61,0.45,0.00,78.26,737.81,0.00,0.00,6.13,0.00,28.18,0.00,2.98,7.88,0.03,0.00,837.68,81.49
2025-06-09 07:25,-0.44,0.00,563.72,0.00,57.00,238.76,0.45,0.00,77.27,725.21,0.00,0.00,6.07,0.00,29.02,0.00,2.73,8.15,0.03,0.00,896.48,74.23
2025-06-09 07:30,-3.10,0.00,490.60,0.00,57.00,237.91,0.45,0.00,216.07,732.48,0.00,0.00,6.00,0.00,25.12,0.00,2.73,8.12,0.03,0.00,575.96,76.26
2025-06-09 07:35,-0.55,0.00,332.93,-0.10,57.00,237.92,0.45,0.00,247.13,736.32,0.00,0.49,6.00,0.00,17.08,0.00,2.73,8.12,0.03,0.00,354.86,70.44
2025-06-09 07:40,-0.34,0.00,488.67,-0.10,60.00,231.64,0.62,0.00,259.94,750.04,0.00,0.98,6.00,0.00,25.03,0.00,2.88,7.91,0.04,0.00,528.70,71.72
2025-06-09 07:45,-0.65,0.00,496.55,-0.10,58.00,235.72,0.62,0.00,266.80,747.28,0.01,1.47,6.00,0.00,25.26,0.00,2.78,8.05,0.04,0.00,533.63,75.47
2025-06-09 07:50,-2.54,0.00,505.25,-0.10,57.00,237.63,0.62,0.00,246.73,733.91,0.05,1.96,6.00,0.00,25.74,0.00,2.73,8.11,0.04,0.00,570.89,58.12
2025-06-09 07:55,-0.23,0.00,518.31,-0.10,58.00,210.49,0.62,0.00,282.11,713.34,0.69,2.44,6.00,0.00,26.49,0.00,2.78,7.20,0.04,0.00,585.08,69.41
2025-06-09 08:00,-2.33,0.00,555.73,-0.20,56.00,210.32,0.62,0.00,235.02,700.86,1.66,2.93,6.00,0.00,28.56,0.00,2.69,7.20,0.04,0.00,711.57,60.09
2025-06-09 08:05,-0.63,0.00,543.27,-0.10,58.00,212.04,0.62,0.00,250.97,701.51,3.19,12.93,6.20,0.00,28.00,0.00,2.78,7.26,0.04,0.00,657.32,70.50
2025-06-09 08:10,-0.52,0.00,561.79,-0.10,58.00,238.30,0.45,0.00,205.36,697.40,8.07,22.93,6.40,0.00,28.90,0.00,2.78,8.14,0.03,0.00,715.79,62.59
2025-06-09 08:15,-0.45,0.00,560.35,-0.10,58.00,210.70,0.45,0.00,259.34,675.70,12.42,32.93,6.60,0.00,28.59,0.00,2.78,7.21,0.03,0.00,672.90,61.95
2025-06-09 08:20,-2.34,0.00,555.51,0.00,57.00,210.17,0.45,0.00,261.82,671.47,21.95,42.93,6.80,0.00,27.93,0.00,2.73,7.19,0.03,0.00,642.34,61.68
2025-06-09 08:25,-0.19,0.00,545.74,0.00,59.00,211.71,0.45,0.00,265.59,661.35,31.31,52.93,7.00,0.00,27.29,0.00,2.83,7.24,0.03,0.00,609.34,129.99
2025-06-09 08:30,-0.30,0.00,573.04,0.00,61.00,269.60,0.45,0.00,125.62,652.55,44.76,62.93,7.20,0.00,28.71,0.00,2.93,9.18,0.03,0.00,761.72,115.21
2025-06-09 08:35,-0.37,0.00,602.87,-0.10,57.00,296.44,0.45,0.00,22.97,654.99,52.77,80.63,7.22,0.00,29.89,0.00,2.73,10.08,0.03,0.00,912.80,62.77
2025-06-09 08:40,-1.35,0.00,509.17,-0.10,40.00,244.04,0.45,0.00,235.62,631.11,71.77,98.33,7.25,0.00,25.77,0.00,1.92,8.33,0.03,0.00,533.55,70.44
2025-06-09 08:45,-1.79,0.00,530.08,-0.10,40.00,210.14,0.45,0.00,213.42,635.36,91.46,116.03,7.28,0.00,27.40,0.00,1.92,7.19,0.03,0.00,565.95,70.44
2025-06-09 08:50,-5.49,0.00,515.05,-0.10,40.00,213.10,0.45,0.00,237.96,647.75,94.56,133.73,7.30,0.00,26.48,0.00,1.92,7.29,0.03,0.00,506.11,129.99
2025-06-09 08:55,-3.14,0.00,513.79,-0.10,40.00,272.48,0.45,0.00,138.79,636.41,109.63,151.43,7.33,0.00,26.00,0.00,1.92,9.28,0.03,0.00,536.81,84.44
2025-06-09 09:00,-0.14,0.00,525.19,-0.10,40.00,246.68,0.45,0.00,102.46,647.76,142.60,169.13,7.35,0.00,26.47,0.00,1.92,8.42,0.03,0.00,536.74,50.01
2025-06-09 09:05,-0.37,0.00,531.93,-0.10,41.00,209.99,0.45,0.00,135.38,646.24,128.16,185.48,7.46,0.00,26.73,0.00,1.97,7.19,0.03,0.00,529.33,70.44
2025-06-09 09:10,-0.35,0.00,481.41,-0.10,40.00,209.40,0.45,0.00,201.28,645.81,158.74,201.82,7.57,0.00,24.35,0.00,1.92,7.17,0.03,0.00,411.62,50.01
2025-06-09 09:15,-0.22,0.00,539.15,-0.10,43.00,211.36,0.45,0.00,81.29,647.55,164.09,218.17,7.68,0.00,26.57,0.00,2.06,7.23,0.03,0.00,521.18,47.47
2025-06-09 09:20,-2.69,0.00,564.63,-0.10,41.00,209.12,0.45,0.00,3.87,639.67,195.74,234.51,7.78,0.00,27.78,0.00,1.97,7.16,0.03,0.00,585.53,129.99
2025-06-09 09:25,-0.22,0.00,473.06,-0.20,41.00,256.80,0.45,0.00,77.72,643.73,201.63,250.86,7.89,0.00,23.05,0.00,1.97,8.75,0.03,0.00,406.10,26.06
2025-06-09 09:30,-8.70,0.00,540.84,-0.10,42.00,223.84,0.45,0.00,10.09,648.27,147.87,267.20,8.00,0.00,26.93,0.00,2.02,7.65,0.03,0.00,556.35,11.16
2025-06-09 09:35,-18.56,0.00,463.71,-0.10,42.00,210.82,0.45,0.00,196.45,636.36,128.69,296.12,8.18,0.00,24.07,0.00,2.02,7.22,0.03,0.00,388.89,6.97
2025-06-09 09:40,-70.56,0.00,552.42,-0.10,44.00,211.33,0.45,0.00,30.37,633.00,153.22,325.03,8.37,0.00,28.00,0.00,2.11,7.23,0.03,0.00,579.15,14.92
2025-06-09 09:45,-24.22,0.00,415.87,0.00,40.00,211.01,0.45,0.00,196.66,617.35,201.90,353.94,8.55,0.00,21.70,0.00,1.92,7.22,0.03,0.00,313.66,-4.69
2025-06-09 09:50,-71.50,0.00,539.79,0.00,40.00,209.52,0.45,0.00,3.62,607.30,204.01,382.86,8.73,0.00,26.74,0.00,1.92,7.17,0.03,0.00,514.51,18.97
2025-06-09 09:55,-26.98,0.00,446.86,0.00,40.00,211.36,0.45,0.00,124.53,578.49,249.55,411.77,8.92,0.00,22.69,0.00,1.92,7.23,0.03,0.00,334.81,0.00
2025-06-09 10:00,-93.13,0.00,526.88,0.00,41.00,210.42,0.45,0.00,3.63,549.44,287.81,440.69,9.10,0.00,26.40,0.00,1.97,7.20,0.03,0.00,467.68,29.67
2025-06-09 10:05,-1.65,0.00,492.48,0.00,40.00,211.18,0.45,0.00,16.43,522.95,230.44,469.05,9.33,0.00,24.65,0.00,1.92,7.23,0.03,0.00,407.36,13.07
2025-06-09 10:10,-46.43,0.00,482.56,0.00,43.00,210.86,0.45,0.00,82.26,528.42,226.80,497.40,9.57,0.00,24.20,0.00,2.06,7.22,0.03,0.00,379.26,26.06
2025-06-09 10:15,-47.57,0.00,465.97,0.00,40.00,210.19,0.45,0.00,17.95,544.15,294.64,525.75,9.80,0.00,23.15,0.00,1.92,7.19,0.03,0.00,346.08,26.66
2025-06-09 10:20,-31.42,0.00,401.62,-0.10,40.00,210.83,0.45,0.00,6.33,556.45,366.33,554.11,10.03,0.00,20.63,0.00,1.92,7.21,0.03,0.00,274.74,9.10
2025-06-09 10:25,-93.37,0.00,407.51,-0.10,41.00,209.89,0.45,0.00,26.13,578.01,357.59,582.47,10.27,0.00,20.98,0.00,1.97,7.18,0.03,0.00,279.60,9.10
2025-06-09 10:30,-94.03,0.00,391.63,-0.10,40.00,211.45,0.45,0.00,14.03,576.97,367.41,610.82,10.50,0.00,20.39,0.00,1.92,7.23,0.03,0.00,265.74,1.78
2025-06-09 10:35,-110.44,0.00,416.91,0.00,40.00,209.34,0.45,0.00,3.13,585.06,319.39,634.45,10.65,0.00,21.54,0.00,1.92,7.16,0.03,0.00,290.94,1.69
2025-06-09 10:40,-140.74,0.00,424.70,0.00,40.00,210.04,0.45,0.00,3.73,600.53,335.17,658.07,10.80,0.00,22.64,0.00,1.92,7.19,0.03,0.00,297.35,3.60
2025-06-09 10:45,-198.02,0.00,426.51,-0.10,45.00,209.74,0.45,0.00,3.61,599.14,343.04,681.70,10.95,0.00,22.83,0.00,2.16,7.18,0.03,0.00,307.10,33.98
2025-06-09 10:50,-184.55,0.00,414.10,0.00,40.00,210.68,0.45,0.00,0.35,593.12,358.00,705.32,11.10,0.00,21.83,0.00,1.92,7.21,0.03,0.00,284.05,42.04
2025-06-09 10:55,-85.63,0.00,350.60,-0.10,40.00,210.42,0.45,0.00,3.61,593.82,381.14,728.95,11.25,0.00,18.51,0.00,1.92,7.20,0.03,0.00,218.11,26.06
2025-06-09 11:00,-45.73,0.00,320.72,0.00,41.00,209.27,0.45,0.00,2.59,599.87,357.46,752.57,11.40,0.00,17.63,0.00,1.97,7.16,0.03,0.00,201.31,26.06
2025-06-09 11:05,-23.53,0.00,296.67,0.00,41.00,211.06,0.45,0.00,9.41,616.59,366.96,767.16,11.55,0.00,16.35,0.00,1.97,7.22,0.03,0.00,181.29,66.58
2025-06-09 11:10,-66.94,0.00,287.83,0.00,40.00,210.46,0.45,0.00,20.20,617.96,377.07,781.75,11.70,0.00,15.78,0.00,1.92,7.20,0.03,0.00,176.69,70.37
2025-06-09 11:15,-69.65,0.00,277.78,-0.10,40.00,207.38,0.45,0.00,28.75,617.73,379.88,796.34,11.85,0.00,15.53,0.00,1.92,7.10,0.03,0.00,171.21,76.66
2025-06-09 11:20,-68.37,0.00,248.91,-0.10,40.00,237.63,0.45,0.00,13.11,634.40,381.93,810.92,12.00,0.00,13.94,0.00,1.92,8.11,0.03,0.00,159.89,75.88
2025-06-09 11:25,-97.88,0.00,239.94,-0.10,43.00,235.86,0.45,0.00,55.84,621.60,375.73,825.51,12.15,0.00,13.44,0.00,2.06,8.05,0.03,0.00,155.52,84.44
2025-06-09 11:30,-73.55,0.00,226.06,0.00,40.00,273.31,0.45,0.00,13.99,626.46,384.19,840.10,12.30,0.00,12.88,0.00,1.92,9.30,0.03,0.00,154.12,99.45
2025-06-09 11:35,-108.21,0.00,214.89,0.00,40.00,295.59,0.45,0.00,20.55,632.18,390.28,833.35,12.17,0.00,12.30,0.00,1.92,10.05,0.03,0.00,154.37,91.36
2025-06-09 11:40,-148.42,0.00,253.35,0.00,40.00,296.26,0.45,0.00,2.44,633.83,389.91,826.61,12.04,0.00,14.54,0.00,1.92,10.07,0.03,0.00,178.29,79.35
2025-06-09 11:45,-47.17,-90.28,0.00,0.00,40.00,245.47,0.45,0.00,1.80,665.21,389.64,819.86,11.92,0.69,0.00,0.00,1.92,8.37,0.03,0.00,57.06,88.49
2025-06-09 11:50,-130.90,-85.24,0.00,-0.10,40.00,284.74,0.45,0.00,0.39,693.21,399.40,813.12,11.79,0.70,0.00,0.00,1.92,9.69,0.03,0.00,65.15,83.08
2025-06-09 11:55,-131.70,-49.69,0.00,0.00,40.00,248.22,0.45,0.00,0.38,688.15,382.76,806.37,11.66,0.38,0.00,0.00,1.92,8.47,0.03,0.00,60.67,84.44
2025-06-09 12:00,-146.61,-69.15,0.00,0.00,42.00,283.15,0.45,0.00,0.59,691.61,383.04,799.63,11.53,0.58,0.00,0.00,2.02,9.64,0.03,0.00,67.15,80.20
2025-06-09 12:05,-30.96,-123.19,0.00,0.00,43.00,238.10,0.45,0.00,2.42,711.30,413.10,801.67,11.43,0.89,0.00,0.00,2.06,8.13,0.03,0.00,54.44,94.54
2025-06-09 12:10,-244.56,-54.10,0.00,-0.10,40.00,289.66,0.45,0.00,0.37,712.79,413.20,803.72,11.32,0.44,0.00,0.00,1.92,9.85,0.03,0.00,69.53,99.45
2025-06-09 12:15,-163.87,-88.50,0.00,-0.10,40.00,294.44,0.45,0.00,0.38,698.97,417.19,805.76,11.22,0.73,0.00,0.00,1.92,10.01,0.03,0.00,67.25,84.27
2025-06-09 12:20,-32.20,-108.64,0.00,-0.20,42.00,246.62,0.45,0.00,4.80,675.90,405.53,807.80,11.11,0.83,0.00,0.00,2.02,8.41,0.03,0.00,56.61,86.12
2025-06-09 12:25,-157.10,-63.11,0.00,-0.10,40.00,286.01,0.45,0.00,0.36,669.63,416.44,809.85,11.01,0.52,0.00,0.00,1.92,9.73,0.03,0.00,66.87,100.00
2025-06-09 12:30,-63.80,-102.70,0.00,-0.10,43.00,247.75,0.45,0.00,22.15,678.44,410.73,811.89,10.90,0.77,0.00,0.00,2.06,8.45,0.03,0.00,57.27,99.45
2025-06-09 12:35,-71.07,-82.59,0.00,-0.10,41.00,236.58,0.45,0.00,3.52,691.89,388.26,808.00,11.02,0.61,0.00,0.00,1.97,8.08,0.03,0.00,56.33,99.45
2025-06-09 12:40,-160.08,-18.82,0.00,0.00,42.00,236.30,0.45,0.00,1.42,668.05,401.79,804.11,11.13,0.14,0.00,0.00,2.02,8.07,0.03,0.00,60.58,100.00
2025-06-09 12:45,-35.82,-99.32,0.00,0.00,40.00,237.30,0.45,0.00,0.88,654.12,415.91,800.22,11.25,0.74,0.00,0.00,1.92,8.10,0.03,0.00,55.48,108.36
2025-06-09 12:50,-31.33,-99.29,0.00,0.00,40.00,236.30,0.45,0.00,9.43,666.89,381.64,796.34,11.37,0.75,0.00,0.00,1.92,8.07,0.03,0.00,55.62,99.45
2025-06-09 12:55,-155.77,-74.64,0.00,0.00,40.00,236.56,0.45,0.00,0.41,699.22,393.68,792.45,11.48,0.55,0.00,0.00,1.92,8.07,0.03,0.00,58.87,100.00
2025-06-09 13:00,-77.02,-88.71,0.00,0.00,40.00,236.30,0.45,0.00,5.10,728.98,279.86,788.56,11.60,0.69,0.00,0.00,1.92,8.07,0.03,0.00,58.50,124.07
2025-06-09 13:05,-105.18,-64.47,0.00,0.00,40.00,237.20,0.45,0.00,12.23,671.47,271.17,795.65,11.85,0.53,0.00,0.00,1.92,8.10,0.03,0.00,61.48,127.30
2025-06-09 13:10,-104.62,-88.72,0.00,0.00,46.00,235.96,0.45,0.00,11.00,663.16,303.77,802.74,12.10,0.72,0.00,0.00,2.21,8.05,0.03,0.00,61.41,99.45
2025-06-09 13:15,-83.79,-115.76,0.00,0.00,40.00,236.20,0.45,0.00,10.94,684.49,309.18,809.84,12.35,0.90,0.00,0.00,1.92,8.06,0.03,0.00,57.78,99.45
2025-06-09 13:20,-15.92,-167.09,0.00,0.00,42.00,234.97,0.45,0.00,6.49,680.61,364.16,816.93,12.60,1.27,0.00,0.00,2.02,8.02,0.03,0.00,53.81,120.31
2025-06-09 13:25,-67.23,-96.86,0.00,0.00,41.00,236.16,0.45,0.00,14.93,685.63,247.78,824.02,12.85,0.79,0.00,0.00,1.97,8.06,0.03,0.00,58.95,117.30
2025-06-09 13:30,-16.90,-133.50,0.00,0.00,40.00,234.95,0.45,0.00,0.32,704.43,243.92,831.12,13.10,1.09,0.00,0.00,1.92,8.02,0.03,0.00,55.96,130.44
2025-06-09 13:35,-1.53,-195.57,0.00,0.00,43.00,238.78,0.45,0.00,25.03,684.85,349.00,840.42,13.25,1.49,0.00,0.00,2.06,8.15,0.03,0.00,52.91,116.43
2025-06-09 13:40,-9.19,-214.37,0.00,0.00,46.00,236.41,0.45,0.00,59.14,693.11,353.57,849.73,13.40,1.59,0.00,0.00,2.21,8.07,0.03,0.00,51.91,134.05
2025-06-09 13:45,-77.11,-197.48,0.00,0.00,45.00,288.43,0.45,0.00,29.82,693.78,363.92,859.04,13.55,1.67,0.00,0.00,2.16,9.81,0.03,0.00,61.82,138.04
2025-06-09 13:50,-147.40,-215.95,0.00,-0.10,56.00,338.70,0.45,0.00,15.33,701.73,376.37,868.34,13.70,2.06,0.00,0.00,2.69,11.49,0.03,0.00,73.14,128.88
2025-06-09 13:55,-149.73,-169.73,0.00,0.00,42.00,290.13,0.45,0.00,10.79,686.65,376.66,877.65,13.85,1.44,0.00,0.00,2.02,9.87,0.03,0.00,63.99,136.89
2025-06-09 14:00,-125.58,-202.44,0.00,0.00,58.00,338.48,0.45,0.00,23.49,701.60,325.66,886.95,14.00,2.00,0.00,0.00,2.78,11.49,0.03,0.00,73.56,139.57
2025-06-09 14:05,-124.78,-205.26,0.00,-0.10,73.00,372.43,0.45,0.00,12.85,666.18,331.49,880.66,14.00,2.28,0.00,0.00,3.50,12.62,0.03,0.00,83.00,140.14
2025-06-09 14:10,-130.50,-218.96,0.00,-0.10,91.00,372.40,0.45,0.00,25.19,638.50,375.48,874.36,14.00,2.48,0.00,0.00,4.37,12.62,0.03,0.00,86.05,148.42
2025-06-09 14:15,-127.41,-196.25,0.00,-0.10,105.00,371.47,0.45,0.00,9.26,611.38,350.71,868.07,14.00,2.39,0.00,0.00,5.04,12.59,0.03,0.00,91.95,130.44
2025-06-09 14:20,-75.18,-198.04,0.00,-0.10,95.00,350.40,0.45,0.00,23.40,631.34,313.97,861.77,14.00,2.31,0.00,0.00,4.56,11.89,0.03,0.00,84.89,149.00
2025-06-09 14:25,-93.82,-177.70,0.00,0.00,100.00,371.54,0.45,0.00,8.16,670.54,243.05,855.48,14.00,2.22,0.00,0.00,4.80,12.59,0.03,0.00,92.24,125.15
2025-06-09 14:30,-108.85,-154.21,0.00,0.00,92.00,313.18,0.45,0.00,18.73,693.53,252.84,849.18,14.00,1.70,0.00,0.00,4.41,10.64,0.03,0.00,82.10,178.70
2025-06-09 14:35,-69.52,-203.72,0.00,-0.10,105.00,366.91,0.45,0.00,29.79,696.85,237.51,832.24,14.05,2.48,0.00,0.00,5.04,12.44,0.03,0.00,90.36,138.04
2025-06-09 14:40,-165.33,-142.03,0.00,-0.10,101.00,372.45,0.45,0.00,10.79,697.27,253.02,815.30,14.10,1.73,0.00,0.00,4.85,12.62,0.03,0.00,97.40,130.84
2025-06-09 14:45,-165.48,-104.52,0.00,-0.10,85.00,370.18,0.45,0.00,0.34,696.84,226.42,798.35,14.15,1.26,0.00,0.00,4.08,12.55,0.03,0.00,96.85,131.32
2025-06-09 14:50,-114.84,-143.21,0.00,-0.10,62.00,369.45,0.45,0.00,0.35,684.31,233.86,781.41,14.20,1.65,0.00,0.00,2.98,12.52,0.03,0.00,88.92,131.38
2025-06-09 14:55,-107.71,-197.68,0.00,-0.10,57.00,372.30,8.23,0.00,0.52,730.79,285.42,764.46,14.25,2.16,0.00,0.00,2.73,12.62,0.50,0.00,85.94,132.00
2025-06-09 15:00,-189.76,-159.38,0.00,-0.10,43.00,372.79,31.22,0.00,0.33,740.01,297.94,747.52,14.30,1.78,0.00,0.00,2.06,12.64,1.90,0.00,94.41,134.84
2025-06-09 15:05,-244.82,-170.05,0.00,-0.10,41.00,372.96,31.54,0.00,0.34,755.30,356.98,729.07,14.33,1.80,0.00,0.00,1.97,12.64,1.92,0.00,94.38,130.44
2025-06-09 15:10,-195.87,-181.01,0.00,-0.10,63.00,356.75,31.76,99.31,1.07,740.25,267.34,710.63,14.37,2.55,0.00,0.00,3.02,12.12,1.93,4.88,123.04,138.00
2025-06-09 15:15,-237.12,-211.56,0.00,0.00,61.00,411.91,31.88,131.00,0.34,712.09,342.80,692.18,14.40,3.16,0.00,0.00,2.93,13.99,1.94,6.44,137.26,138.00
2025-06-09 15:20,-240.42,-134.74,0.00,0.00,67.00,418.27,31.85,145.24,0.45,720.81,180.78,673.74,14.43,2.28,0.00,0.00,3.21,14.20,1.94,7.14,155.95,131.88
2025-06-09 15:25,-120.19,-182.55,0.00,0.00,62.00,413.83,31.87,95.58,0.34,733.50,199.24,655.29,14.47,2.81,0.00,0.00,2.98,14.05,1.94,4.70,132.47,138.04
2025-06-09 15:30,-212.22,-235.61,0.00,0.00,77.00,413.15,31.93,203.49,0.34,777.72,245.95,636.85,14.50,4.00,0.00,0.00,3.69,14.03,1.94,10.00,158.91,127.06
2025-06-09 15:35,-111.87,-269.95,0.00,0.00,61.00,358.09,31.93,204.59,0.31,773.04,300.39,613.39,14.43,4.23,0.00,0.00,2.93,12.19,1.94,10.05,140.01,129.64
2025-06-09 15:40,-157.10,-221.54,0.00,0.00,65.00,298.83,31.93,208.58,0.39,776.92,320.92,589.94,14.37,3.32,0.00,0.00,3.12,10.20,1.94,10.25,139.16,130.44
2025-06-09 15:45,-141.23,-140.95,0.00,0.00,68.00,276.02,31.86,210.12,0.93,775.66,172.48,566.48,14.30,2.29,0.00,0.00,3.26,9.44,1.94,10.33,149.54,139.02
2025-06-09 15:50,-61.34,-170.81,0.00,0.00,87.00,335.59,31.88,209.38,1.06,756.37,130.20,543.02,14.23,3.06,0.00,0.00,4.17,11.43,1.94,10.29,159.62,168.16
2025-06-09 15:55,-87.26,-185.87,0.00,0.00,106.00,383.74,31.89,209.40,0.36,726.21,184.71,519.57,14.17,3.44,0.00,0.00,5.09,13.04,1.94,10.29,171.07,148.71
2025-06-09 16:00,-213.12,-126.60,0.00,0.00,130.00,416.18,31.88,210.56,12.11,704.02,156.37,496.11,14.10,2.49,0.00,0.00,6.24,14.13,1.94,10.35,199.18,139.26
2025-06-09 16:05,-183.43,-101.32,0.00,0.00,148.00,416.61,31.96,209.58,2.13,684.72,109.60,471.79,14.08,2.12,0.00,0.00,7.10,14.14,1.95,10.30,210.37,171.95
2025-06-09 16:10,-264.08,-46.66,0.00,0.00,166.00,415.96,31.87,206.00,0.32,676.16,114.58,447.47,14.07,0.99,0.00,0.00,7.97,14.12,1.94,10.12,227.71,151.82
2025-06-09 16:15,-294.02,-37.82,0.00,-0.10,187.00,426.89,35.20,209.64,1.44,655.28,124.91,423.16,14.05,0.83,0.00,0.00,8.97,14.49,2.08,10.30,242.69,168.42
2025-06-09 16:20,-185.62,-67.57,0.00,0.00,198.00,425.85,72.17,209.52,0.40,652.41,88.14,398.84,14.03,1.56,0.00,0.00,9.50,14.45,3.65,10.30,243.35,150.78
2025-06-09 16:25,-187.80,-100.54,0.00,-0.10,198.00,451.57,124.56,209.34,30.99,650.03,69.34,374.52,14.02,2.41,0.00,0.00,9.50,15.31,6.41,10.29,257.84,167.11
2025-06-09 16:30,-140.55,-97.05,0.00,-0.20,199.00,457.11,129.93,210.56,23.53,642.43,68.70,350.20,14.00,2.36,0.00,0.00,9.55,15.50,6.69,10.35,258.58,176.88
2025-06-09 16:35,-15.32,-141.20,0.00,-0.10,199.00,482.92,130.09,211.29,1.91,633.04,55.05,325.50,13.93,3.54,0.00,0.00,9.55,16.36,6.70,10.38,251.53,171.07
2025-06-09 16:40,-115.90,-100.82,0.00,-0.10,199.00,525.37,164.89,211.17,8.55,619.92,50.46,300.80,13.87,2.62,0.00,0.00,9.55,17.79,8.54,10.38,280.96,170.65
2025-06-09 16:45,-66.36,-128.77,0.00,-0.10,200.00,521.54,225.55,209.64,30.25,591.14,42.88,276.10,13.80,3.49,0.00,0.00,9.60,17.66,11.74,10.30,289.04,170.60
2025-06-09 16:50,-25.48,-152.42,0.00,-0.10,199.00,562.88,252.23,208.97,16.65,602.36,24.22,251.40,13.73,4.25,0.00,0.00,9.55,19.04,13.15,10.27,295.47,172.23
2025-06-09 16:55,-1.21,-148.71,0.00,-0.10,199.00,574.60,256.16,209.95,2.20,608.23,18.77,226.70,13.67,4.19,0.00,0.00,9.55,19.43,13.36,10.32,298.93,173.94
2025-06-09 17:00,-22.26,-160.71,0.00,0.00,199.00,630.95,255.02,208.35,16.04,612.49,18.22,202.00,13.60,4.51,0.00,0.00,9.55,21.32,13.30,10.24,305.63,174.64
2025-06-09 17:05,-20.35,-143.79,0.00,0.00,197.00,645.74,252.66,206.70,0.33,609.61,19.80,179.04,13.35,4.06,0.00,0.00,9.45,21.82,13.17,10.16,311.50,170.44
2025-06-09 17:10,-3.69,-155.39,0.00,0.00,197.00,644.97,253.14,207.42,7.65,622.96,26.15,156.09,13.10,4.33,0.00,0.00,9.45,21.79,13.20,10.19,308.54,171.11
2025-06-09 17:15,-0.80,-130.21,0.00,0.00,198.00,650.17,254.23,209.40,10.67,607.60,19.85,133.13,12.85,3.67,0.00,0.00,9.50,21.96,13.26,10.29,315.59,176.23
2025-06-09 17:20,-0.95,-90.94,0.00,0.00,198.00,650.02,253.39,207.34,0.47,565.70,13.57,110.18,12.60,2.64,0.00,0.00,9.50,21.96,13.21,10.19,328.63,201.23
2025-06-09 17:25,-0.47,-97.35,0.00,0.00,200.00,658.07,254.02,208.38,35.86,561.73,6.86,87.22,12.35,2.80,0.00,0.00,9.60,22.23,13.24,10.24,329.18,210.79
2025-06-09 17:30,-0.48,-73.36,0.00,0.00,199.00,649.92,252.19,208.35,30.47,586.77,3.28,64.27,12.10,2.09,0.00,0.00,9.55,21.96,13.15,10.24,329.97,235.95
2025-06-09 17:35,-2.03,-82.17,0.00,0.00,197.00,647.39,251.38,205.45,69.19,601.49,2.37,54.00,11.97,2.27,0.00,0.00,9.45,21.87,13.11,10.10,322.56,178.76
2025-06-09 17:40,-0.32,-56.25,0.00,-0.10,199.00,658.97,253.67,210.50,65.25,589.83,1.99,43.74,11.83,1.57,0.00,0.00,9.55,22.26,13.23,10.34,328.37,240.56
2025-06-09 17:45,-0.59,-81.56,0.00,-0.10,198.00,653.11,253.02,209.99,129.92,586.55,1.44,33.48,11.70,2.21,0.00,0.00,9.50,22.06,13.19,10.32,319.87,212.66
2025-06-09 17:50,-1.01,-77.94,0.00,-0.10,197.00,650.15,251.57,207.66,126.80,597.35,1.15,23.21,11.57,2.10,0.00,0.00,9.45,21.96,13.12,10.20,319.69,206.72
2025-06-09 17:55,-0.87,-51.60,0.00,-0.10,196.00,648.98,250.99,207.66,259.66,610.94,0.49,12.95,11.43,1.30,0.00,0.00,9.40,21.93,13.08,10.20,299.70,186.01
2025-06-09 18:00,-0.49,-54.67,0.00,-0.10,198.00,654.23,253.11,207.90,263.48,638.09,0.03,2.68,11.30,1.36,0.00,0.00,9.50,22.10,13.20,10.22,297.79,208.39
2025-06-09 18:05,-1.34,-37.83,0.00,0.00,196.00,645.76,249.37,204.39,236.12,638.67,0.03,2.24,11.27,0.95,0.00,0.00,9.40,21.82,13.00,10.04,299.92,175.91
2025-06-09 18:10,-0.39,-54.82,0.00,0.00,198.00,655.65,252.97,209.64,287.84,648.51,0.03,1.79,11.23,1.34,0.00,0.00,9.50,22.15,13.19,10.30,293.55,187.65
2025-06-09 18:15,-0.67,0.00,12.10,0.00,197.00,647.95,251.34,206.61,187.94,628.00,0.03,1.34,11.20,0.00,0.72,0.00,9.45,21.89,13.10,10.15,315.02,173.60
2025-06-09 18:20,-0.45,-6.77,0.00,0.00,197.00,652.30,253.08,208.94,296.42,593.07,0.03,0.89,11.17,0.17,0.00,0.00,9.45,22.04,13.20,10.27,299.57,198.13
2025-06-09 18:25,-1.21,0.00,114.99,0.00,197.00,652.07,253.88,208.00,78.12,555.03,0.00,0.45,11.13,0.00,6.88,0.00,9.45,22.03,13.24,10.22,405.74,178.84
2025-06-09 18:30,-0.21,0.00,8.83,0.00,199.00,657.15,254.87,210.48,334.60,525.08,0.00,0.00,11.10,0.00,0.53,0.00,9.55,22.20,13.29,10.34,308.90,204.75
2025-06-09 18:35,-0.40,0.00,148.51,0.00,198.00,653.56,254.31,207.71,81.88,500.42,0.00,0.00,10.97,0.00,8.88,0.00,9.50,22.08,13.26,10.21,439.11,170.44
2025-06-09 18:40,-0.45,0.00,5.94,0.00,197.00,648.45,253.26,208.59,380.58,498.61,0.00,0.00,10.83,0.00,0.35,0.00,9.45,21.91,13.21,10.25,303.68,192.01
2025-06-09 18:45,-1.48,0.00,95.20,0.00,197.00,649.78,253.75,207.25,150.56,517.78,0.00,0.00,10.70,0.00,5.66,0.00,9.45,21.95,13.23,10.18,386.13,144.92
2025-06-09 18:50,-1.13,0.00,17.98,0.00,198.00,596.34,254.24,206.30,347.09,538.33,0.00,0.00,10.57,0.00,1.08,0.00,9.50,20.16,13.26,10.14,306.25,172.67
2025-06-09 18:55,-2.35,0.00,99.50,0.00,198.00,648.25,252.80,208.65,147.24,527.43,0.00,0.00,10.43,0.00,5.94,0.00,9.50,21.90,13.18,10.25,387.82,170.44
2025-06-09 19:00,-0.33,0.00,96.39,0.00,199.00,647.88,253.72,208.41,140.47,517.19,0.00,0.00,10.30,0.00,5.75,0.00,9.55,21.89,13.23,10.24,389.28,184.28
2025-06-09 19:05,-4.92,0.00,117.36,0.00,197.00,648.49,253.03,207.10,127.74,507.17,0.00,0.00,10.30,0.00,7.00,0.00,9.45,21.91,13.19,10.18,407.41,170.44
2025-06-09 19:10,-2.25,0.00,114.73,0.00,197.00,628.61,254.96,207.17,133.54,516.45,0.00,0.00,10.30,0.00,6.81,0.00,9.45,21.24,13.29,10.18,401.90,170.44
2025-06-09 19:15,-6.39,0.00,128.26,-0.10,196.00,600.85,253.09,206.23,127.18,519.10,0.00,0.00,10.30,0.00,7.61,0.00,9.40,20.31,13.19,10.13,411.80,166.18
2025-06-09 19:20,-3.31,0.00,121.80,-0.10,197.00,594.52,253.90,207.36,127.73,516.66,0.00,0.00,10.30,0.00,7.25,0.00,9.45,20.10,13.24,10.19,407.91,156.12
2025-06-09 19:25,-1.30,0.00,114.45,0.00,198.00,596.82,253.72,209.35,132.80,510.44,0.00,0.00,10.30,0.00,6.80,0.00,9.50,20.18,13.23,10.29,403.26,157.00
2025-06-09 19:30,-0.61,0.00,95.76,-0.10,198.00,600.66,256.36,207.48,129.56,525.52,0.00,0.00,10.30,0.00,5.71,0.00,9.50,20.31,13.37,10.20,389.33,153.59
2025-06-09 19:35,-2.95,0.00,88.18,0.00,199.00,596.36,254.63,208.32,128.17,539.71,0.00,0.00,10.32,0.00,5.27,0.00,9.55,20.17,13.27,10.24,382.52,148.57
2025-06-09 19:40,-0.86,0.00,78.03,0.00,198.00,598.72,255.83,207.20,103.63,567.13,0.00,0.00,10.33,0.00,4.71,0.00,9.50,20.24,13.34,10.18,375.73,165.48
2025-06-09 19:45,-74.75,0.00,122.68,0.00,197.00,595.48,253.93,206.97,100.44,561.20,0.00,0.00,10.35,0.00,7.36,0.00,9.45,20.14,13.24,10.17,421.67,146.92
2025-06-09 19:50,-1.01,0.00,80.19,0.00,199.00,598.66,254.92,207.54,102.90,567.74,0.00,0.00,10.37,0.00,4.82,0.00,9.55,20.24,13.29,10.20,376.96,147.69
2025-06-09 19:55,-1.31,0.00,69.40,-0.10,198.00,599.31,256.59,208.91,102.99,574.58,0.00,0.00,10.38,0.00,4.20,0.00,9.50,20.26,13.38,10.27,369.75,148.84
2025-06-09 20:00,-15.69,0.00,84.82,-0.10,197.00,595.31,254.56,205.55,94.41,581.72,0.00,0.00,10.40,0.00,5.10,0.00,9.45,20.13,13.27,10.10,381.13,150.15
2025-06-09 20:05,-1.04,0.00,98.03,0.00,198.00,605.53,257.02,210.96,14.58,600.76,0.00,0.00,10.28,0.00,6.02,0.00,9.50,20.47,13.40,10.37,401.12,155.56
2025-06-09 20:10,-31.08,0.00,111.15,-0.10,197.00,599.66,256.14,207.69,0.47,609.82,0.00,0.00,10.17,0.00,6.77,0.00,9.45,20.27,13.35,10.21,416.95,148.78
2025-06-09 20:15,-33.28,0.00,94.80,-0.10,197.00,599.73,257.45,209.57,0.81,618.42,0.00,0.00,10.05,0.00,5.74,0.00,9.45,20.28,13.42,10.30,404.74,146.04
2025-06-09 20:20,-4.29,0.00,66.61,-0.10,199.00,600.09,255.18,206.44,19.26,642.25,0.00,0.00,9.93,0.00,4.13,0.00,9.55,20.29,13.30,10.14,372.20,145.68
2025-06-09 20:25,-8.71,0.00,67.24,-0.10,198.00,598.37,255.97,207.71,19.68,646.92,0.00,0.00,9.82,0.00,4.24,0.00,9.50,20.23,13.34,10.21,372.98,147.30
2025-06-09 20:30,-45.66,0.00,85.40,-0.10,199.00,598.14,255.69,206.67,18.54,645.11,0.00,0.00,9.70,0.00,5.41,0.00,9.55,20.22,13.33,10.16,392.86,146.92
2025-06-09 20:35,-9.11,0.00,74.47,0.00,198.00,595.26,255.09,207.08,0.52,650.53,0.00,0.00,9.52,0.00,4.77,0.00,9.50,20.13,13.30,10.18,380.94,146.28
2025-06-09 20:40,-5.20,0.00,54.80,0.00,198.00,599.42,255.63,206.64,2.58,645.13,0.00,0.00,9.35,0.00,3.51,0.00,9.50,20.27,13.33,10.15,368.68,144.89
2025-06-09 20:45,-2.54,0.00,57.94,0.00,198.00,601.41,257.03,207.48,0.45,634.29,0.00,0.00,9.17,0.00,3.73,0.00,9.50,20.33,13.40,10.20,373.18,145.59
2025-06-09 20:50,-14.34,0.00,60.29,0.00,198.00,597.31,254.73,207.42,0.61,644.40,0.00,0.00,9.00,0.00,3.91,0.00,9.50,20.20,13.28,10.19,374.71,142.05
2025-06-09 20:55,-14.94,0.00,73.83,0.00,198.00,598.03,255.44,207.68,0.59,613.88,0.00,0.00,8.82,0.00,4.86,0.00,9.50,20.22,13.31,10.21,390.64,142.70
2025-06-09 21:00,-5.30,0.00,139.66,0.00,200.00,602.38,257.39,207.10,0.66,610.89,0.00,0.00,8.65,0.00,9.23,0.00,9.60,20.37,13.42,10.18,434.66,145.86
2025-06-09 21:05,-0.52,0.00,141.69,0.00,199.00,603.39,257.42,207.51,1.05,600.40,0.00,0.00,8.65,0.00,9.34,0.00,9.55,20.40,13.42,10.20,437.23,146.69
2025-06-09 21:10,-2.49,0.00,143.17,0.00,193.00,601.43,256.87,209.60,0.71,595.32,0.00,0.00,8.66,0.00,9.19,0.00,9.26,20.34,13.39,10.30,438.12,156.97
2025-06-09 21:15,-0.92,0.00,145.35,0.00,198.00,601.09,257.54,208.36,0.69,569.61,0.00,0.00,8.66,0.00,9.43,0.00,9.50,20.32,13.42,10.24,446.99,152.38
2025-06-09 21:20,-6.41,0.00,140.67,0.00,198.00,602.17,257.84,208.50,9.84,566.08,0.00,0.00,8.66,0.00,9.22,0.00,9.50,20.36,13.44,10.25,444.24,138.00
2025-06-09 21:25,-0.49,0.00,25.14,0.00,180.00,599.43,256.80,179.06,273.34,566.92,0.00,0.00,8.66,0.00,1.69,0.00,8.64,20.27,13.38,8.80,312.00,300.63
2025-06-09 21:30,-9.38,0.00,65.97,0.00,196.00,652.82,257.49,208.44,38.06,558.49,0.00,0.00,8.67,0.00,4.32,0.00,9.40,22.06,13.42,10.24,388.55,162.28
2025-06-09 21:35,-9.27,0.00,78.83,-0.10,197.00,600.12,257.24,207.22,87.95,552.82,0.00,0.00,8.64,0.00,5.26,0.00,9.45,20.29,13.41,10.18,387.62,231.06
2025-06-09 21:40,-16.08,-6.11,0.00,-0.10,198.00,655.10,257.11,208.85,208.45,549.09,0.00,0.00,8.61,0.16,0.00,0.00,9.50,22.13,13.40,10.26,322.06,270.75
2025-06-09 21:45,-7.12,0.00,64.62,-0.10,199.00,655.99,257.70,208.70,1.38,561.09,0.00,0.00,8.58,0.00,4.34,0.00,9.55,22.16,13.43,10.26,395.60,140.31
2025-06-09 21:50,-0.59,-0.08,0.00,-0.10,197.00,601.25,256.86,208.84,199.16,557.39,0.00,0.00,8.56,0.00,0.00,0.00,9.45,20.33,13.38,10.26,317.44,138.68
2025-06-09 21:55,-19.34,-3.72,0.00,-0.10,183.00,599.45,256.82,208.39,199.40,577.54,0.00,0.00,8.53,0.10,0.00,0.00,8.78,20.27,13.39,10.24,315.25,138.00
2025-06-09 22:00,-0.35,-19.43,0.00,-0.10,163.00,598.73,256.80,195.74,199.31,595.45,0.00,0.00,8.50,0.49,0.00,0.00,7.82,20.25,13.38,9.62,305.12,142.76
2025-06-09 22:05,-0.34,0.00,56.57,-0.10,179.00,601.82,257.36,208.07,3.42,597.15,0.00,0.00,8.52,0.00,3.94,0.00,8.59,20.35,13.41,10.22,378.90,170.44
2025-06-09 22:10,-47.17,0.00,35.81,0.00,197.00,652.14,257.86,209.34,7.54,600.08,0.00,0.00,8.54,0.00,2.54,0.00,9.45,22.03,13.44,10.29,376.43,170.43
2025-06-09 22:15,-148.40,0.00,104.76,0.00,199.00,607.64,257.73,209.49,4.41,603.20,0.00,0.00,8.57,0.00,7.35,0.00,9.55,20.54,13.43,10.29,450.77,156.58
2025-06-09 22:20,-72.57,0.00,76.18,0.00,198.00,596.01,224.00,205.84,0.44,615.89,0.00,0.00,8.59,0.00,5.42,0.00,9.50,20.15,11.40,10.12,401.52,144.72
2025-06-09 22:25,-150.86,0.00,95.94,0.00,199.00,600.12,225.95,208.56,0.60,630.54,0.00,0.00,8.61,0.00,6.80,0.00,9.55,20.29,11.50,10.25,433.08,142.74
2025-06-09 22:30,-150.10,0.00,79.73,0.00,200.00,607.93,225.71,208.30,5.56,629.12,0.00,0.00,8.63,0.00,5.64,0.00,9.60,20.55,11.49,10.24,419.13,142.97
2025-06-09 22:35,-153.25,0.00,76.52,0.00,199.00,604.24,225.68,208.93,0.37,634.59,0.00,0.00,8.60,0.00,5.41,0.00,9.55,20.43,11.49,10.27,417.35,141.09
2025-06-09 22:40,-152.11,0.00,71.41,0.00,199.00,604.64,225.34,208.74,2.03,629.97,0.00,0.00,8.57,0.00,5.09,0.00,9.55,20.44,11.47,10.26,414.12,140.03
2025-06-09 22:45,-147.61,0.00,67.25,0.00,199.00,602.08,225.42,208.87,0.38,618.78,0.00,0.00,8.54,0.00,4.81,0.00,9.55,20.36,11.48,10.26,413.18,139.38
2025-06-09 22:50,-114.13,0.00,45.84,-0.10,198.00,603.84,225.73,209.64,0.79,610.42,0.00,0.00,8.51,0.00,3.29,0.00,9.50,20.42,11.49,10.30,390.89,138.00
2025-06-09 22:55,-109.38,0.00,60.60,-0.10,182.00,605.18,226.44,206.79,4.26,590.46,0.00,0.00,8.48,0.00,4.33,0.00,8.73,20.46,11.53,10.16,402.80,138.04
2025-06-09 23:00,-107.68,0.00,57.83,-0.10,168.00,606.40,226.53,209.86,4.21,588.94,0.00,0.00,8.45,0.00,4.13,0.00,8.06,20.50,11.53,10.31,399.51,138.04
2025-06-09 23:05,-100.10,0.00,40.29,0.00,175.00,601.46,227.11,208.84,1.08,597.34,0.00,0.00,8.46,0.00,2.89,0.00,8.40,20.34,11.56,10.26,383.94,138.00
2025-06-09 23:10,-98.34,0.00,36.18,-0.10,160.00,606.96,226.37,157.61,3.40,626.27,0.00,0.00,8.47,0.00,2.60,0.00,7.68,20.52,11.52,7.75,365.01,138.00
2025-06-09 23:15,-104.23,0.00,32.79,-0.10,139.00,606.85,225.80,156.89,6.86,646.69,0.00,0.00,8.47,0.00,2.37,0.00,6.67,20.52,11.49,7.71,355.73,138.00
2025-06-09 23:20,-108.81,0.00,26.82,-0.10,119.00,604.97,226.73,158.11,13.95,665.76,0.00,0.00,8.48,0.00,1.94,0.00,5.71,20.45,11.54,7.77,344.30,138.00
2025-06-09 23:25,-103.68,0.00,38.97,0.00,97.00,600.24,226.76,138.43,5.75,675.15,0.00,0.00,8.49,0.00,2.84,0.00,4.65,20.30,11.54,6.80,345.89,135.45
2025-06-09 23:30,-97.59,0.00,55.42,0.00,82.00,607.00,226.38,97.61,11.92,681.54,0.00,0.00,8.50,0.00,4.04,0.00,3.93,20.52,11.52,4.80,346.21,138.00
2025-06-09 23:35,-99.91,0.00,71.11,0.00,67.00,599.61,225.09,127.29,8.49,654.97,0.00,0.00,8.53,0.00,5.21,0.00,3.21,20.27,11.46,6.26,368.48,138.04
2025-06-09 23:40,-98.48,0.00,63.02,0.00,74.00,604.29,183.86,208.16,16.00,648.77,0.00,0.00,8.57,0.00,4.63,0.00,3.55,20.43,9.28,10.23,366.93,142.43
2025-06-09 23:45,-100.95,0.00,86.12,0.00,93.00,599.70,142.25,210.03,5.02,644.25,0.00,0.00,8.60,0.00,6.32,0.00,4.46,20.28,7.08,10.32,385.89,138.04
2025-06-09 23:50,-5.10,0.00,54.81,0.00,84.00,603.45,100.01,208.56,2.50,638.90,0.00,0.00,8.63,0.00,4.04,0.00,4.03,20.40,4.85,10.25,331.44,140.20
2025-06-09 23:55,-103.19,0.00,106.60,0.00,104.00,603.60,99.97,208.45,3.36,625.42,0.00,0.00,8.67,0.00,7.86,0.00,4.99,20.41,4.85,10.24,404.35,139.86
2025-06-10 00:00,-98.83,0.00,91.51,0.00,123.00,602.90,99.98,208.48,4.27,628.59,0.00,0.00,8.70,0.00,6.76,0.00,5.90,20.38,4.85,10.25,391.16,138.04
2025-06-10 00:05,-100.40,0.00,16.22,0.00,142.00,597.40,99.90,208.36,0.41,624.60,0.00,0.00,8.77,0.00,1.20,0.00,6.81,20.20,4.85,10.24,333.91,140.13
2025-06-10 00:10,-105.57,0.00,21.99,0.00,163.00,601.94,99.95,209.00,0.45,628.05,0.00,0.00,8.83,0.00,1.65,0.00,7.82,20.35,4.85,10.27,342.44,139.40
2025-06-10 00:15,-104.23,0.00,15.87,-0.10,179.00,597.68,99.63,208.76,0.50,633.42,0.00,0.00,8.90,0.00,1.19,0.00,8.59,20.21,4.83,10.26,338.34,139.65
2025-06-10 00:20,-100.18,-5.94,0.00,0.00,197.00,606.36,99.97,211.02,25.52,624.54,0.00,0.00,8.97,0.15,0.00,0.00,9.45,20.50,4.85,10.37,325.81,138.14
2025-06-10 00:25,-25.93,-82.96,0.00,0.00,193.00,594.19,99.07,207.87,17.63,619.88,0.00,0.00,9.03,2.13,0.00,0.00,9.26,20.09,4.80,10.22,312.40,135.63
2025-06-10 00:30,-0.63,-102.87,0.00,0.00,198.00,603.77,99.88,209.69,24.08,616.49,0.00,0.00,9.10,2.65,0.00,0.00,9.50,20.41,4.85,10.30,308.81,138.44
2025-06-10 00:35,-0.21,-100.63,0.00,0.00,188.00,604.50,99.82,207.95,24.51,610.87,0.00,0.00,9.07,2.58,0.00,0.00,9.02,20.44,4.84,10.22,307.84,140.20
2025-06-10 00:40,-0.40,-64.37,0.00,0.00,199.00,600.87,41.69,210.06,35.16,615.34,0.00,0.00,9.03,1.59,0.00,0.00,9.55,20.32,1.77,10.32,295.89,170.44
2025-06-10 00:45,-0.69,-72.06,0.00,0.00,198.00,606.32,41.71,206.76,17.52,623.08,0.00,0.00,9.00,1.78,0.00,0.00,9.50,20.50,1.77,10.16,297.28,150.56
2025-06-10 00:50,-3.51,-77.74,0.00,0.00,195.00,596.45,41.84,208.90,14.47,641.01,0.00,0.00,8.97,1.90,0.00,0.00,9.36,20.17,1.78,10.27,294.51,140.21
2025-06-10 00:55,-2.26,-82.02,0.00,0.00,197.00,596.91,41.68,209.13,4.74,656.72,0.00,0.00,8.93,2.00,0.00,0.00,9.45,20.18,1.77,10.28,293.59,139.00
2025-06-10 01:00,0.00,-103.73,0.00,0.00,196.00,603.15,41.81,208.99,17.23,670.83,0.00,0.00,8.90,2.50,0.00,0.00,9.40,20.39,1.78,10.27,288.92,134.83
2025-06-10 01:05,-0.13,-87.22,0.00,0.00,176.00,600.95,41.79,207.98,17.94,672.07,0.00,0.00,8.78,2.07,0.00,0.00,8.45,20.32,1.78,10.22,284.95,140.71
2025-06-10 01:10,-50.54,-59.41,0.00,0.00,193.00,600.54,10.97,206.64,1.73,679.18,0.00,0.00,8.67,1.41,0.00,0.00,9.26,20.31,0.47,10.15,294.16,138.43
2025-06-10 01:15,-47.61,-69.14,0.00,0.00,197.00,607.08,0.28,207.92,6.21,685.48,0.00,0.00,8.55,1.63,0.00,0.00,9.45,20.52,0.02,10.22,291.70,140.28
2025-06-10 01:20,-51.20,-58.00,0.00,-0.10,196.00,596.92,0.28,208.24,0.57,668.47,0.00,0.00,8.43,1.38,0.00,0.00,9.40,20.19,0.02,10.23,295.62,140.55
2025-06-10 01:25,-60.19,-57.63,0.00,-0.20,193.00,594.65,0.28,205.57,0.32,674.40,0.00,0.00,8.32,1.36,0.00,0.00,9.26,20.11,0.02,10.10,295.14,138.69
2025-06-10 01:30,-84.48,-67.34,0.00,0.00,194.00,597.54,0.28,206.45,0.28,700.37,0.00,0.00,8.20,1.57,0.00,0.00,9.31,20.21,0.02,10.15,295.58,130.44
2025-06-10 01:35,-52.19,-63.31,0.00,-0.10,176.00,556.22,0.28,206.94,0.37,701.14,0.00,0.00,8.33,1.45,0.00,0.00,8.45,18.82,0.02,10.17,283.30,155.27
2025-06-10 01:40,-49.25,-40.66,0.00,-0.20,192.00,501.38,0.28,201.60,1.39,703.53,0.00,0.00,8.47,0.92,0.00,0.00,9.21,16.99,0.02,9.91,279.78,156.69
2025-06-10 01:45,-47.53,-35.34,0.00,-0.10,198.00,484.05,0.28,193.97,2.28,706.78,0.00,0.00,8.60,0.79,0.00,0.00,9.50,16.41,0.02,9.53,276.90,156.69
2025-06-10 01:50,-54.92,-37.32,0.00,-0.10,197.00,481.04,0.28,194.63,0.31,718.37,0.00,0.00,8.73,0.83,0.00,0.00,9.45,16.30,0.02,9.56,276.23,156.13
2025-06-10 01:55,-52.13,-51.84,0.00,-0.10,199.00,481.08,0.28,189.50,0.49,745.61,0.00,0.00,8.87,1.13,0.00,0.00,9.55,16.31,0.02,9.31,270.32,140.73
2025-06-10 02:00,-44.80,-61.39,0.00,0.00,200.00,482.52,0.28,209.51,0.92,753.81,0.00,0.00,9.00,1.35,0.00,0.00,9.60,16.35,0.02,10.30,271.91,140.97
2025-06-10 02:05,-47.58,-67.24,0.00,0.00,200.00,481.95,0.28,208.16,0.38,763.78,0.00,0.00,8.98,1.47,0.00,0.00,9.60,16.34,0.02,10.23,270.52,154.72
2025-06-10 02:10,-47.75,-88.38,0.00,0.00,199.00,480.75,0.28,209.37,0.54,770.37,0.00,0.00,8.97,1.92,0.00,0.00,9.55,16.29,0.02,10.29,269.47,153.16
2025-06-10 02:15,-55.12,-82.15,0.00,0.00,199.00,481.85,0.28,209.23,0.64,769.94,0.00,0.00,8.95,1.79,0.00,0.00,9.55,16.33,0.02,10.28,270.86,153.12
2025-06-10 02:20,-54.07,-99.15,0.00,0.00,199.00,482.93,0.28,207.86,0.42,789.55,0.00,0.00,8.93,2.13,0.00,0.00,9.55,16.37,0.02,10.21,267.36,151.79
2025-06-10 02:25,-53.70,-101.13,0.00,0.00,197.00,481.34,0.28,206.65,0.74,783.61,0.00,0.00,8.92,2.18,0.00,0.00,9.45,16.31,0.02,10.16,267.48,138.04
2025-06-10 02:30,-61.80,-94.49,0.00,0.00,182.00,481.32,0.28,208.27,0.69,775.88,0.00,0.00,8.90,2.02,0.00,0.00,8.73,16.31,0.02,10.23,267.62,138.04
2025-06-10 02:35,-53.35,-95.70,0.00,0.00,177.00,481.59,0.28,207.80,0.52,777.97,0.00,0.00,8.96,2.04,0.00,0.00,8.49,16.32,0.02,10.21,264.76,170.44
2025-06-10 02:40,-46.37,-122.77,0.00,0.00,198.00,498.93,0.28,208.30,6.82,773.47,0.00,0.00,9.01,2.67,0.00,0.00,9.50,16.90,0.02,10.24,268.93,170.44
2025-06-10 02:45,-51.23,-123.56,0.00,0.00,197.00,508.77,0.28,206.61,0.58,772.02,0.00,0.00,9.07,2.70,0.00,0.00,9.45,17.23,0.02,10.15,271.36,170.44
2025-06-10 02:50,-61.03,-134.56,0.00,-0.10,197.00,531.43,0.28,206.62,0.35,782.14,0.00,0.00,9.12,2.95,0.00,0.00,9.45,17.99,0.02,10.15,273.34,151.74
2025-06-10 02:55,-57.85,-122.11,0.00,0.00,199.00,483.89,0.28,211.80,0.45,788.76,0.00,0.00,9.18,2.64,0.00,0.00,9.55,16.40,0.02,10.41,269.16,151.12
2025-06-10 03:00,-74.18,-122.57,0.00,-0.10,197.00,482.77,0.28,205.68,0.31,802.42,0.00,0.00,9.23,2.61,0.00,0.00,9.45,16.36,0.02,10.11,268.17,149.82
2025-06-10 03:05,-64.51,-128.85,0.00,-0.10,199.00,483.77,0.28,210.04,0.39,793.38,0.00,0.00,9.24,2.77,0.00,0.00,9.55,16.40,0.02,10.32,269.30,147.07
2025-06-10 03:10,-51.06,-143.33,0.00,-0.10,200.00,485.51,0.28,209.25,3.10,803.54,0.00,0.00,9.24,3.06,0.00,0.00,9.60,16.45,0.02,10.28,265.06,150.65
2025-06-10 03:15,-82.48,-132.08,0.00,0.00,198.00,482.12,0.28,207.65,3.07,834.81,0.00,0.00,9.24,2.76,0.00,0.00,9.50,16.34,0.02,10.20,264.44,146.97
2025-06-10 03:20,-89.23,-146.14,0.00,0.00,196.00,481.83,0.28,209.06,0.29,852.60,0.00,0.00,9.24,3.03,0.00,0.00,9.40,16.33,0.02,10.27,263.20,143.51
2025-06-10 03:25,-65.64,-157.33,0.00,0.00,197.00,482.42,0.28,206.29,0.35,858.99,0.00,0.00,9.25,3.24,0.00,0.00,9.45,16.35,0.02,10.14,257.91,143.31
2025-06-10 03:30,-40.28,-177.49,0.00,0.00,200.00,485.03,0.28,208.30,8.44,863.50,0.00,0.00,9.25,4.00,0.00,0.00,9.60,16.44,0.02,10.24,250.33,143.79
2025-06-10 03:35,-51.33,-257.45,0.00,0.00,197.00,481.63,0.28,208.50,13.32,841.15,0.00,0.00,9.23,5.33,0.00,0.00,9.45,16.32,0.02,10.25,257.20,149.17
2025-06-10 03:40,-45.63,-244.79,0.00,0.00,182.00,484.54,0.28,209.63,1.61,827.31,0.00,0.00,9.22,5.09,0.00,0.00,8.73,16.42,0.02,10.30,257.68,149.71
2025-06-10 03:45,-68.86,-225.77,0.00,0.00,172.00,481.26,0.28,205.66,0.37,814.61,0.00,0.00,9.20,4.68,0.00,0.00,8.25,16.31,0.02,10.11,261.07,143.71
2025-06-10 03:50,-51.18,-246.46,0.00,0.00,175.00,482.71,0.28,209.11,22.10,809.71,0.00,0.00,9.18,5.08,0.00,0.00,8.40,16.36,0.02,10.28,256.63,145.47
2025-06-10 03:55,-59.65,-225.05,0.00,0.00,172.00,480.35,0.28,210.38,0.36,806.84,0.00,0.00,9.17,4.70,0.00,0.00,8.25,16.28,0.02,10.34,261.48,144.56
2025-06-10 04:00,-48.27,-246.02,0.00,0.00,176.00,482.09,0.28,209.25,23.05,802.87,0.00,0.00,9.15,5.10,0.00,0.00,8.45,16.34,0.02,10.28,257.19,150.64
2025-06-10 04:05,-63.98,-232.22,0.00,0.00,176.00,482.04,0.28,209.78,0.93,815.71,0.00,0.00,9.22,4.82,0.00,0.00,8.45,16.34,0.02,10.31,261.81,138.03
2025-06-10 04:10,-99.73,-210.62,0.00,0.00,165.00,482.06,0.28,209.71,0.55,824.76,0.00,0.00,9.30,4.34,0.00,0.00,7.92,16.34,0.02,10.31,264.49,130.44
2025-06-10 04:15,-97.54,-128.81,0.00,0.00,146.00,448.86,0.28,94.03,1.32,817.50,0.00,0.00,9.37,2.49,0.00,0.00,7.01,15.23,0.02,4.62,228.27,146.37
2025-06-10 04:20,-240.34,-137.35,0.00,0.00,164.00,481.67,0.28,210.54,0.47,809.08,0.00,0.00,9.45,2.84,0.00,0.00,7.87,16.32,0.02,10.35,295.42,137.19
2025-06-10 04:25,-99.33,-141.90,0.00,0.00,146.00,480.16,0.28,94.85,0.36,798.41,0.00,0.00,9.52,2.78,0.00,0.00,7.01,16.27,0.02,4.66,236.27,137.54
2025-06-10 04:30,-95.11,-133.10,0.00,0.00,124.00,479.33,0.28,95.05,0.46,803.81,0.00,0.00,9.60,2.58,0.00,0.00,5.95,16.25,0.02,4.67,228.82,130.44
2025-06-10 04:35,-92.81,-108.45,0.00,0.00,102.00,462.45,0.28,95.99,0.44,793.22,0.00,0.00,9.62,2.08,0.00,0.00,4.89,15.68,0.02,4.72,222.46,138.00
2025-06-10 04:40,-84.97,-121.50,0.00,-0.10,83.00,479.43,0.28,122.79,0.53,782.56,0.00,0.00,9.65,2.36,0.00,0.00,3.98,16.25,0.02,6.03,227.53,148.46
2025-06-10 04:45,-191.29,-119.19,0.00,-0.10,99.00,479.88,0.28,205.65,0.41,779.99,0.00,0.00,9.67,2.42,0.00,0.00,4.75,16.26,0.02,10.11,274.70,144.83
2025-06-10 04:50,-136.04,-160.65,0.00,-0.20,119.00,478.84,0.28,209.45,0.40,784.29,0.00,0.00,9.70,3.29,0.00,0.00,5.71,16.23,0.02,10.29,268.31,138.04
2025-06-10 04:55,-115.31,-186.74,0.00,-0.20,132.00,482.11,0.28,209.75,1.40,803.79,0.00,0.00,9.72,3.82,0.00,0.00,6.33,16.34,0.02,10.31,263.85,138.00
2025-06-10 05:00,-113.62,-145.38,0.00,-0.10,112.00,480.00,0.28,145.75,0.39,810.25,0.00,0.00,9.75,2.86,0.00,0.00,5.37,16.27,0.02,7.16,241.57,138.00
2025-06-10 05:05,-126.77,-141.51,0.00,-0.10,94.00,480.15,0.28,143.54,0.41,830.68,0.00,0.00,9.77,2.75,0.00,0.00,4.51,16.27,0.02,7.05,235.29,137.29
2025-06-10 05:10,-122.41,-145.62,0.00,-0.10,78.00,539.72,0.28,100.27,0.53,842.94,0.00,0.00,9.80,2.77,0.00,0.00,3.74,18.27,0.02,4.93,224.33,138.00
2025-06-10 05:15,-170.54,-161.01,0.00,-0.10,67.00,590.01,0.45,147.81,0.69,857.93,0.00,0.00,9.82,3.14,0.00,0.00,3.21,19.95,0.03,7.26,246.09,138.00
2025-06-10 05:20,-175.95,-191.35,0.00,-0.10,65.00,600.37,0.28,204.38,0.99,858.55,0.00,0.00,9.85,3.83,0.00,0.00,3.12,20.30,0.02,10.04,261.22,138.04
2025-06-10 05:25,-191.75,-186.08,0.00,-0.10,79.00,593.52,0.45,206.74,0.43,857.63,0.00,0.00,9.87,3.75,0.00,0.00,3.79,20.07,0.03,10.16,267.43,138.00
2025-06-10 05:30,-82.94,-99.99,0.00,-0.10,65.00,597.22,0.45,116.21,0.43,861.55,0.00,0.00,9.90,1.77,0.00,0.00,3.12,20.19,0.03,5.71,224.59,135.04
2025-06-10 05:35,-83.15,-106.26,0.00,-0.10,58.00,598.11,0.28,94.36,0.34,866.00,0.00,0.00,9.90,1.82,0.00,0.00,2.78,20.22,0.02,4.64,217.24,134.39
2025-06-10 05:40,-151.77,-105.47,0.00,-0.10,62.00,606.67,0.28,185.12,0.67,859.66,0.00,0.00,9.89,2.01,0.00,0.00,2.98,20.51,0.02,9.10,251.98,138.00
2025-06-10 05:45,-63.46,-159.25,0.00,-0.10,63.00,602.25,0.28,204.21,0.95,870.87,0.00,0.00,9.89,3.06,0.00,0.00,3.02,20.36,0.02,10.04,240.06,138.00
2025-06-10 05:50,-90.51,-140.94,0.00,0.00,63.00,594.50,0.28,203.42,0.33,877.78,0.00,0.00,9.88,2.69,0.00,0.00,3.02,20.10,0.02,10.00,242.38,132.30
2025-06-10 05:55,-69.16,-134.92,0.00,0.00,61.00,604.01,0.28,184.77,0.37,874.21,0.00,0.00,9.88,2.54,0.00,0.00,2.93,20.42,0.02,9.08,236.04,138.04
2025-06-10 06:00,-54.80,-158.63,0.00,0.00,70.00,598.17,0.45,207.48,0.48,878.77,0.00,0.00,9.88,3.06,0.00,0.00,3.36,20.23,0.03,10.20,239.37,138.04
2025-06-10 06:05,-49.05,-155.74,0.00,0.00,71.00,599.98,0.28,207.19,0.44,865.69,0.00,0.00,9.80,3.03,0.00,0.00,3.41,20.29,0.02,10.18,240.57,135.88
2025-06-10 06:10,-40.47,-165.34,0.00,0.00,78.00,617.63,0.45,207.92,18.25,849.96,0.00,0.00,9.73,3.25,0.00,0.00,3.74,20.88,0.03,10.22,242.21,156.34
2025-06-10 06:15,-14.13,-154.60,0.00,0.00,88.00,598.94,0.45,206.73,0.47,842.90,0.00,0.00,9.66,3.08,0.00,0.00,4.22,20.25,0.03,10.16,241.58,169.02
2025-06-10 06:20,-7.11,-164.53,0.00,0.00,109.00,598.20,0.45,208.27,5.56,846.14,0.00,0.00,9.59,3.33,0.00,0.00,5.23,20.23,0.03,10.23,243.61,190.54
2025-06-10 06:25,-1.38,-201.67,0.00,0.00,127.00,652.16,0.45,207.28,15.18,847.53,0.00,0.00,9.52,4.18,0.00,0.00,6.09,22.03,0.03,10.19,248.99,170.44
2025-06-10 06:30,-10.98,-227.27,0.00,-0.10,150.00,641.89,94.14,210.76,1.82,827.15,0.00,0.00,9.45,5.21,0.00,0.00,7.20,21.69,4.94,10.36,277.13,220.45
2025-06-10 06:35,-1.47,-280.59,0.00,-0.10,167.00,653.43,195.66,208.41,10.95,812.54,0.00,0.00,9.44,6.88,0.00,0.00,8.01,22.08,9.90,10.24,294.58,163.62
2025-06-10 06:40,-0.09,-280.73,0.00,0.00,189.00,610.50,227.65,209.08,23.98,807.17,0.00,0.00,9.43,7.00,0.00,0.00,9.07,20.64,11.59,10.27,299.35,191.13
2025-06-10 06:45,-0.47,-291.99,0.00,0.00,198.00,655.57,227.54,209.11,19.09,801.24,0.00,0.00,9.43,7.40,0.00,0.00,9.50,22.15,11.58,10.28,304.31,150.59
2025-06-10 06:50,-0.14,-356.44,0.00,0.00,198.00,604.70,226.72,207.69,260.52,796.08,0.00,0.00,9.42,8.03,0.00,0.00,9.50,20.45,11.54,10.21,270.46,175.03
2025-06-10 06:55,-0.30,-342.44,0.00,0.00,196.00,651.97,224.74,206.00,237.87,772.77,0.00,0.00,9.41,7.93,0.00,0.00,9.40,22.03,11.44,10.12,277.82,185.59
2025-06-10 07:00,-0.17,-361.32,0.00,0.00,199.00,657.01,227.20,208.47,250.09,818.01,0.00,0.00,9.40,8.20,0.00,0.00,9.55,22.20,11.56,10.24,272.36,219.10
2025-06-10 07:05,-0.30,-321.82,0.00,-0.10,179.00,653.22,226.18,206.84,160.55,827.25,0.00,0.00,9.44,7.48,0.00,0.00,8.59,22.07,11.51,10.16,278.81,188.06
2025-06-10 07:10,-0.07,-322.25,0.00,-0.10,160.00,655.79,226.38,208.62,209.57,826.99,0.00,0.00,9.49,7.27,0.00,0.00,7.68,22.16,11.52,10.25,270.77,196.53
2025-06-10 07:15,-0.14,-224.44,0.00,-0.10,161.00,657.72,227.84,210.21,50.75,799.19,0.00,0.00,9.53,5.53,0.00,0.00,7.73,22.22,11.60,10.33,295.51,189.88
2025-06-10 07:20,-0.29,-301.96,0.00,-0.10,157.00,652.92,225.17,207.66,246.71,797.27,0.00,0.00,9.58,6.77,0.00,0.00,7.53,22.06,11.46,10.20,269.04,187.79
2025-06-10 07:25,-0.15,-315.96,0.00,-0.10,159.00,657.62,226.06,208.29,292.44,813.21,0.00,0.00,9.62,6.92,0.00,0.00,7.63,22.22,11.51,10.24,262.72,189.15
2025-06-10 07:30,-0.06,-312.49,0.00,-0.10,161.00,660.02,227.13,207.51,320.61,791.62,0.00,0.00,9.67,6.83,0.00,0.00,7.73,22.30,11.56,10.20,262.44,190.46
2025-06-10 07:35,-0.29,-305.90,0.00,-0.10,157.00,655.83,225.42,207.42,296.23,837.28,0.00,0.21,9.71,6.60,0.00,0.00,7.53,22.16,11.48,10.19,259.07,183.94
2025-06-10 07:40,-0.14,-346.32,0.00,-0.10,177.00,658.16,226.66,208.18,399.16,839.99,0.00,0.42,9.74,7.25,0.00,0.00,8.49,22.23,11.54,10.23,251.03,183.68
2025-06-10 07:45,-0.22,-358.82,0.00,-0.10,195.00,657.73,226.44,209.31,455.68,840.61,0.00,0.63,9.78,7.41,0.00,0.00,9.36,22.22,11.52,10.29,247.82,161.97
2025-06-10 07:50,-0.42,-340.18,0.00,0.00,197.00,595.59,223.97,206.38,485.46,839.87,0.03,0.84,9.82,6.83,0.00,0.00,9.45,20.14,11.40,10.14,240.73,172.99
2025-06-10 07:55,-0.33,-341.02,0.00,-0.10,197.00,647.24,223.16,205.14,474.03,832.00,0.42,1.05,9.86,6.98,0.00,0.00,9.45,21.87,11.35,10.08,245.41,171.86
2025-06-10 08:00,-0.35,-319.67,0.00,0.00,197.00,651.23,249.15,207.92,411.00,831.08,1.32,1.26,9.90,6.85,0.00,0.00,9.45,22.00,12.93,10.22,256.99,161.60
2025-06-10 08:05,-0.37,-311.52,0.00,-0.10,198.00,599.50,257.03,208.97,429.78,849.85,3.23,7.22,9.91,6.54,0.00,0.00,9.50,20.27,13.39,10.27,251.03,187.75
2025-06-10 08:10,-0.14,-341.42,0.00,0.00,200.00,655.49,257.93,207.94,455.95,853.98,4.09,13.17,9.92,7.18,0.00,0.00,9.60,22.15,13.44,10.22,250.83,188.67
2025-06-10 08:15,-0.49,-307.81,0.00,0.00,197.00,650.45,253.50,206.23,412.32,845.63,7.05,19.13,9.92,6.55,0.00,0.00,9.45,21.98,13.21,10.13,253.44,191.06
2025-06-10 08:20,-0.30,-304.21,0.00,0.00,197.00,653.05,254.95,208.38,373.47,854.08,11.56,25.08,9.93,6.56,0.00,0.00,9.45,22.06,13.28,10.24,255.94,199.94
2025-06-10 08:25,-2.36,-184.29,0.00,0.00,197.00,649.75,252.19,205.48,128.17,855.28,12.97,31.04,9.94,4.38,0.00,0.00,9.45,21.95,13.14,10.10,281.21,200.39
2025-06-10 08:30,-99.28,-173.90,0.00,-0.10,200.00,663.54,257.50,207.92,162.58,860.21,17.07,36.99,9.95,4.08,0.00,0.00,9.60,22.41,13.41,10.22,290.13,196.12
2025-06-10 08:35,-0.84,-232.21,0.00,-0.10,198.00,654.79,256.55,207.72,170.83,862.25,26.81,54.29,10.01,5.39,0.00,0.00,9.50,22.12,13.37,10.21,271.89,170.44
2025-06-10 08:40,-1.02,-421.34,0.00,-0.10,197.00,646.67,253.06,204.99,335.56,845.18,36.90,71.59,10.07,9.13,0.00,0.00,9.45,21.85,13.19,10.07,251.45,194.62
2025-06-10 08:45,-1.59,-318.81,0.00,-0.10,197.00,650.17,253.90,205.17,134.47,802.63,39.95,88.88,10.12,7.64,0.00,0.00,9.45,21.97,13.23,10.08,275.43,194.63
2025-06-10 08:50,-1.22,-331.33,0.00,-0.10,197.00,651.54,255.11,206.38,126.12,781.27,68.77,106.18,10.18,7.96,0.00,0.00,9.45,22.01,13.29,10.14,273.50,192.87
2025-06-10 08:55,-0.51,-319.74,0.00,-0.10,198.00,653.55,256.12,206.56,135.04,761.98,47.84,123.48,10.24,7.80,0.00,0.00,9.50,22.08,13.34,10.15,275.12,195.13
2025-06-10 09:00,-1.35,-317.73,0.00,-0.10,197.00,651.44,255.69,205.51,125.61,746.52,47.24,140.77,10.30,7.82,0.00,0.00,9.45,22.01,13.32,10.10,275.41,177.63
2025-06-10 09:05,-0.30,-328.84,0.00,0.00,200.00,656.98,257.72,209.38,142.67,712.44,47.95,160.96,10.41,8.20,0.00,0.00,9.60,22.20,13.43,10.29,275.76,200.41
2025-06-10 09:10,-0.33,-276.62,0.00,0.00,199.00,654.97,254.38,207.20,21.46,692.38,64.55,181.15,10.52,7.28,0.00,0.00,9.55,22.13,13.26,10.18,287.27,191.46
2025-06-10 09:15,-0.88,-375.81,0.00,0.00,198.00,653.55,254.59,207.48,193.52,681.69,88.38,201.34,10.63,9.08,0.00,0.00,9.50,22.08,13.26,10.20,262.38,198.03
2025-06-10 09:20,-0.59,-280.65,0.00,0.00,199.00,655.89,256.09,208.99,8.64,649.02,94.56,221.53,10.74,7.49,0.00,0.00,9.55,22.16,13.34,10.27,285.18,197.75
2025-06-10 09:25,-0.32,-298.13,0.00,0.00,199.00,661.51,258.33,207.98,42.49,629.17,92.93,241.72,10.86,7.92,0.00,0.00,9.55,22.35,13.46,10.22,281.04,154.84
2025-06-10 09:30,-0.42,-333.23,0.00,0.00,198.00,606.72,256.10,207.80,181.64,616.33,100.82,261.90,10.97,8.24,0.00,0.00,9.50,20.51,13.34,10.21,259.58,170.44
2025-06-10 09:35,-0.75,-271.66,0.00,0.00,197.00,618.31,253.79,206.26,0.88,596.98,126.23,283.26,11.04,7.30,0.00,0.00,9.45,20.90,13.22,10.14,277.06,159.92
2025-06-10 09:40,-0.41,-275.38,0.00,0.00,198.00,597.45,211.55,206.70,0.75,576.14,179.30,304.62,11.11,7.11,0.00,0.00,9.50,20.20,11.00,10.16,262.65,170.44
2025-06-10 09:45,-0.40,-264.31,0.00,0.00,198.00,605.66,180.64,208.55,0.64,549.79,176.13,325.98,11.18,6.83,0.00,0.00,9.50,20.48,9.36,10.25,259.04,158.82
2025-06-10 09:50,-1.05,-226.05,0.00,0.00,198.00,594.77,131.58,206.47,3.37,529.76,154.00,347.34,11.26,5.79,0.00,0.00,9.50,20.11,6.77,10.15,252.27,178.70
2025-06-10 09:55,-22.81,-260.94,0.00,0.00,198.00,647.76,131.64,206.73,0.29,529.28,172.56,368.70,11.33,6.68,0.00,0.00,9.50,21.89,6.77,10.16,253.46,159.62
2025-06-10 10:00,-105.07,-221.15,0.00,0.00,197.00,594.23,131.48,208.42,0.29,510.80,216.85,390.06,11.40,5.54,0.00,0.00,9.45,20.09,6.76,10.24,255.96,130.44
2025-06-10 10:05,-5.14,-302.74,0.00,0.00,197.00,540.29,131.25,206.70,17.00,518.64,251.62,419.65,11.68,7.26,0.00,0.00,9.45,18.29,6.75,10.16,227.29,148.53
2025-06-10 10:10,-138.73,-228.63,0.00,0.00,200.00,603.39,131.67,208.27,6.00,515.21,182.47,449.24,11.97,5.82,0.00,0.00,9.60,20.40,6.78,10.23,256.26,149.00
2025-06-10 10:15,-78.64,-259.34,0.00,0.00,195.00,587.47,130.44,205.36,0.30,495.32,215.73,478.83,12.25,6.52,0.00,0.00,9.36,19.87,6.71,10.09,240.58,144.43
2025-06-10 10:20,-17.86,-293.87,0.00,0.00,197.00,591.83,130.90,205.60,0.30,452.18,233.62,508.42,12.53,7.51,0.00,0.00,9.45,20.01,6.74,10.10,231.83,140.27
2025-06-10 10:25,-22.70,-287.64,0.00,-0.10,199.00,599.53,131.00,209.46,0.50,420.81,192.00,538.02,12.82,7.69,0.00,0.00,9.55,20.27,6.75,10.29,237.39,148.10
2025-06-10 10:30,-115.65,-237.06,0.00,-0.10,198.00,596.23,130.92,208.62,0.53,404.88,182.30,567.61,13.10,6.42,0.00,0.00,9.50,20.16,6.74,10.25,249.33,141.66
2025-06-10 10:35,-41.45,-266.60,0.00,-0.10,197.00,591.56,130.31,207.74,0.43,388.09,160.24,593.37,13.30,7.38,0.00,0.00,9.45,20.00,6.71,10.21,238.70,145.41
2025-06-10 10:40,-92.82,-268.53,0.00,-0.10,199.00,609.77,130.54,209.32,9.25,380.68,191.08,619.12,13.50,7.32,0.00,0.00,9.55,20.61,6.73,10.29,240.63,142.33
2025-06-10 10:45,-27.71,-297.59,0.00,-0.10,199.00,592.23,130.23,207.28,0.48,358.21,234.92,644.88,13.70,8.03,0.00,0.00,9.55,20.03,6.71,10.19,225.93,138.40
2025-06-10 10:50,-10.14,-333.62,0.00,-0.10,187.00,592.75,130.09,208.51,0.31,368.94,274.60,670.64,13.90,8.70,0.00,0.00,8.97,20.04,6.70,10.25,214.06,130.44
2025-06-10 10:55,-8.14,-334.04,0.00,-0.10,170.00,542.49,129.95,209.40,0.51,366.57,300.28,696.39,14.10,8.45,0.00,0.00,8.16,18.36,6.70,10.29,202.88,138.31
2025-06-10 11:00,-112.83,-300.33,0.00,-0.10,182.00,591.46,129.76,207.68,0.37,362.86,283.89,722.15,14.30,7.79,0.00,0.00,8.73,20.00,6.69,10.21,219.65,130.44
2025-06-10 11:05,-124.84,-286.36,0.00,0.00,165.00,583.85,129.69,207.13,0.43,354.88,273.22,732.42,14.30,7.44,0.00,0.00,7.92,19.75,6.69,10.18,218.67,144.48
2025-06-10 11:10,-7.77,-307.05,0.00,0.00,177.00,527.36,58.24,206.55,0.36,380.37,268.33,742.70,14.30,7.53,0.00,0.00,8.49,17.85,3.18,10.15,188.56,170.44
2025-06-10 11:15,-14.47,-309.47,0.00,0.00,195.00,494.84,32.06,207.46,0.29,391.92,290.48,752.97,14.30,7.35,0.00,0.00,9.36,16.77,1.95,10.19,181.80,170.44
2025-06-10 11:20,-1.31,-293.99,0.00,0.00,198.00,457.48,31.95,208.93,6.95,385.04,261.10,763.24,14.30,7.06,0.00,0.00,9.50,15.51,1.95,10.27,179.42,170.44
2025-06-10 11:25,-97.45,-226.94,0.00,-0.10,200.00,479.68,31.85,209.20,9.13,374.95,215.33,773.52,14.30,5.68,0.00,0.00,9.60,16.26,1.94,10.28,197.37,170.44
2025-06-10 11:30,-1.18,-290.13,0.00,-0.10,199.00,494.56,31.79,208.80,0.68,388.39,222.31,783.79,14.30,7.23,0.00,0.00,9.55,16.76,1.93,10.26,184.14,145.28
2025-06-10 11:35,-0.24,-252.71,0.00,-0.10,200.00,446.29,31.96,208.77,8.04,386.79,193.32,783.42,14.37,6.33,0.00,0.00,9.60,15.14,1.95,10.26,183.17,167.86
2025-06-10 11:40,-0.44,-272.49,0.00,0.00,199.00,444.90,0.28,208.36,2.55,389.73,282.96,783.05,14.43,6.22,0.00,0.00,9.55,15.09,0.02,10.24,168.85,148.98
2025-06-10 11:45,-0.22,-245.68,0.00,-0.10,199.00,444.03,0.28,206.52,0.75,392.39,349.78,782.68,14.50,5.36,0.00,0.00,9.55,15.06,0.02,10.15,165.77,142.86
2025-06-10 11:50,-5.70,-235.34,0.00,0.00,194.00,444.38,0.28,207.98,0.44,414.03,322.15,782.30,14.57,5.15,0.00,0.00,9.31,15.08,0.02,10.22,166.50,141.56
2025-06-10 11:55,-20.75,-254.55,0.00,0.00,192.00,443.98,0.28,206.93,0.29,451.73,330.53,781.93,14.63,5.40,0.00,0.00,9.21,15.06,0.02,10.17,163.58,144.60
2025-06-10 12:00,-108.78,-211.88,0.00,0.00,200.00,447.01,0.28,207.25,2.06,451.76,316.54,781.56,14.70,4.56,0.00,0.00,9.60,15.16,0.02,10.18,174.92,141.56
2025-06-10 12:05,-14.97,-264.36,0.00,0.00,192.00,443.66,0.28,207.65,0.50,447.06,345.78,783.28,14.70,5.57,0.00,0.00,9.21,15.05,0.02,10.20,162.09,140.28
2025-06-10 12:10,-69.96,-221.16,0.00,0.00,198.00,446.97,0.28,207.68,4.32,425.49,300.54,784.99,14.70,4.87,0.00,0.00,9.50,15.16,0.02,10.21,173.40,146.93
2025-06-10 12:15,-133.27,-172.20,0.00,0.00,184.00,442.40,0.28,207.03,0.35,402.99,315.69,786.71,14.70,3.77,0.00,0.00,8.83,15.01,0.02,10.17,178.50,149.00
2025-06-10 12:20,-67.58,-202.27,0.00,0.00,190.00,443.77,0.28,207.10,0.29,394.90,307.70,788.42,14.70,4.50,0.00,0.00,9.12,15.05,0.02,10.18,173.75,142.58
2025-06-10 12:25,-0.26,-220.36,0.00,0.00,198.00,443.90,0.28,207.83,4.87,400.83,287.32,790.14,14.70,4.97,0.00,0.00,9.50,15.06,0.02,10.21,169.40,143.07
2025-06-10 12:30,-2.01,-228.43,0.00,0.00,194.00,442.35,0.28,206.81,0.30,398.29,309.45,791.85,14.70,5.08,0.00,0.00,9.31,15.01,0.02,10.16,167.08,138.00
2025-06-10 12:35,-0.22,-230.72,0.00,0.00,180.00,446.55,0.28,202.17,7.92,395.06,315.79,793.63,14.72,5.03,0.00,0.00,8.64,15.15,0.02,9.94,163.24,144.40
2025-06-10 12:40,-70.22,-212.95,0.00,0.00,188.00,445.36,0.28,207.92,7.85,396.87,291.88,795.40,14.73,4.76,0.00,0.00,9.02,15.11,0.02,10.22,173.27,163.69
2025-06-10 12:45,-75.10,-196.78,0.00,0.00,190.00,444.16,0.28,207.22,0.81,416.23,237.81,797.18,14.75,4.52,0.00,0.00,9.12,15.07,0.02,10.18,177.25,170.44
2025-06-10 12:50,-68.39,-218.42,0.00,0.00,192.00,481.39,0.28,209.11,0.42,430.46,247.64,798.95,14.77,5.01,0.00,0.00,9.21,16.31,0.02,10.28,178.31,175.05
2025-06-10 12:55,-116.23,-213.88,0.00,-0.10,188.00,535.53,0.28,207.90,0.29,427.05,227.92,800.73,14.78,5.04,0.00,0.00,9.02,18.13,0.02,10.22,188.64,145.01
2025-06-10 13:00,-49.83,-188.98,0.00,-0.10,189.00,481.60,0.28,207.46,0.62,412.07,182.15,802.50,14.80,4.57,0.00,0.00,9.07,16.32,0.02,10.19,182.85,170.44
2025-06-10 13:05,-47.56,-221.56,0.00,-0.10,191.00,472.37,0.28,206.70,0.51,446.15,187.39,810.47,14.87,5.21,0.00,0.00,9.16,16.01,0.02,10.16,176.84,169.75
2025-06-10 13:10,-106.30,-186.44,0.00,-0.10,172.00,445.13,0.28,208.41,0.31,458.04,189.86,818.44,14.93,4.25,0.00,0.00,8.25,15.10,0.02,10.24,176.22,150.01
2025-06-10 13:15,-209.34,-145.33,0.00,-0.10,167.00,443.50,0.28,206.94,0.29,461.14,192.19,826.41,15.00,3.28,0.00,0.00,8.01,15.05,0.02,10.17,185.06,147.81
2025-06-10 13:20,-215.67,-162.76,0.00,-0.10,174.00,448.14,0.28,208.13,0.30,453.17,210.74,834.38,15.07,3.68,0.00,0.00,8.35,15.20,0.02,10.23,185.29,144.15
2025-06-10 13:25,-220.01,-185.10,0.00,-0.10,169.00,446.80,0.28,207.08,0.31,464.86,235.93,842.35,15.13,4.06,0.00,0.00,8.11,15.16,0.02,10.18,179.87,138.00
2025-06-10 13:30,-192.82,-169.99,0.00,-0.10,150.00,446.31,0.28,162.83,0.31,483.71,259.57,850.32,15.20,3.43,0.00,0.00,7.20,15.14,0.02,8.00,162.34,141.93
2025-06-10 13:35,-195.20,-246.29,0.00,-0.10,162.00,447.61,0.28,207.43,0.31,535.66,306.82,848.25,15.22,4.92,0.00,0.00,7.77,15.19,0.02,10.19,164.03,138.64
2025-06-10 13:40,-161.75,-247.01,0.00,-0.10,176.00,444.62,0.28,207.54,0.56,571.32,254.44,846.18,15.23,5.04,0.00,0.00,8.45,15.08,0.02,10.20,164.67,145.15
2025-06-10 13:45,-216.91,-240.22,0.00,-0.10,187.00,444.23,0.11,207.57,0.33,591.96,264.09,844.11,15.25,4.85,0.00,0.00,8.97,15.07,0.01,10.20,169.41,141.59
2025-06-10 13:50,-174.02,-276.21,0.00,0.00,184.00,443.59,0.11,210.01,0.43,594.16,300.39,842.04,15.27,5.45,0.00,0.00,8.83,15.05,0.01,10.32,162.40,138.64
2025-06-10 13:55,-174.87,-247.66,0.00,0.00,174.00,441.75,0.11,208.09,0.28,557.39,252.35,839.97,15.28,5.09,0.00,0.00,8.35,14.99,0.01,10.23,166.60,140.30
2025-06-10 14:00,-167.50,-252.96,0.00,0.00,175.00,442.65,0.11,208.70,0.29,583.03,229.47,837.90,15.30,5.20,0.00,0.00,8.40,15.02,0.01,10.26,166.16,142.37
2025-06-10 14:05,-195.98,-227.72,0.00,0.00,175.00,441.63,0.11,207.19,0.30,603.94,174.58,831.12,15.35,4.77,0.00,0.00,8.40,14.98,0.01,10.18,171.91,143.34
2025-06-10 14:10,-164.97,-230.26,0.00,0.00,193.00,442.42,0.11,200.24,0.36,588.49,159.92,824.33,15.40,4.96,0.00,0.00,9.26,15.01,0.01,9.84,173.76,170.44
2025-06-10 14:15,-130.36,-285.50,0.00,0.00,194.00,461.48,0.11,191.23,0.31,585.75,216.01,817.54,15.45,5.95,0.00,0.00,9.31,15.65,0.01,9.40,166.25,138.00
2025-06-10 14:20,-92.33,-286.05,0.00,0.00,180.00,441.25,0.11,191.16,0.29,599.85,226.96,810.76,15.50,5.76,0.00,0.00,8.64,14.97,0.01,9.39,157.81,144.83
2025-06-10 14:25,-146.32,-272.83,0.00,0.00,198.00,446.37,0.11,197.41,0.78,594.29,244.31,803.97,15.55,5.57,0.00,0.00,9.50,15.14,0.01,9.70,167.12,149.00
2025-06-10 14:30,-155.28,-333.68,0.00,-0.10,196.00,442.15,0.11,208.36,0.30,596.60,354.72,797.19,15.60,6.43,0.00,0.00,9.40,15.00,0.01,10.24,160.77,136.53
2025-06-10 14:35,-103.95,-327.07,0.00,-0.10,182.00,441.65,0.11,142.92,0.32,610.64,355.86,790.92,15.60,5.80,0.00,0.00,8.73,14.98,0.01,7.02,142.99,139.67
2025-06-10 14:40,-229.90,-289.68,0.00,-0.10,193.00,443.53,0.11,208.87,0.35,608.20,338.31,784.65,15.60,5.59,0.00,0.00,9.26,15.04,0.01,10.26,169.08,149.09
2025-06-10 14:45,-190.38,-268.61,0.00,-0.10,193.00,440.98,0.11,209.40,0.27,534.83,325.10,778.38,15.60,5.44,0.00,0.00,9.26,14.96,0.01,10.29,172.47,175.05
2025-06-10 14:50,-152.16,-400.66,0.00,-0.10,197.00,498.52,0.11,208.16,0.03,632.32,258.53,772.11,15.60,8.17,0.00,0.00,9.45,16.89,0.01,10.23,169.29,175.05
2025-06-10 14:55,-99.20,-461.39,0.00,0.00,198.00,538.16,0.11,207.37,2.98,613.39,340.83,765.84,15.60,9.20,0.00,0.00,9.50,18.21,0.01,10.19,163.57,138.72
2025-06-10 15:00,-110.50,-394.91,0.00,0.00,188.00,483.50,0.11,209.11,0.06,608.96,293.10,759.57,15.60,7.90,0.00,0.00,9.02,16.38,0.01,10.28,163.66,170.44
2025-06-10 15:05,-187.68,-384.57,0.00,0.00,196.00,527.60,0.11,207.81,3.00,581.84,324.06,744.26,15.58,7.83,0.00,0.00,9.40,17.86,0.01,10.21,176.80,141.57
2025-06-10 15:10,-271.97,-359.72,0.00,0.00,180.00,579.95,0.11,206.71,0.32,584.16,322.66,728.95,15.57,7.37,0.00,0.00,8.64,19.61,0.01,10.16,188.96,138.00
2025-06-10 15:15,-224.41,-344.75,0.00,0.00,176.00,599.89,0.11,172.66,1.24,594.27,258.28,713.64,15.55,7.12,0.00,0.00,8.45,20.28,0.01,8.48,185.51,141.14
2025-06-10 15:20,-209.71,-338.11,0.00,0.00,177.00,593.68,0.11,210.77,0.31,609.07,197.26,698.33,15.53,7.36,0.00,0.00,8.49,20.07,0.01,10.36,195.40,149.00
2025-06-10 15:25,-192.42,-361.82,0.00,0.00,166.00,586.66,0.11,207.23,0.29,650.57,222.22,683.03,15.52,7.50,0.00,0.00,7.97,19.84,0.01,10.18,186.52,139.47
2025-06-10 15:30,-144.70,-388.19,0.00,0.00,172.00,592.48,0.11,207.42,24.61,611.84,250.74,667.72,15.50,8.04,0.00,0.00,8.25,20.03,0.01,10.19,183.25,150.17
2025-06-10 15:35,-136.17,-371.12,0.00,0.00,169.00,588.75,0.11,207.98,0.32,601.23,273.96,637.78,15.38,7.71,0.00,0.00,8.11,19.91,0.01,10.22,185.84,155.81
2025-06-10 15:40,-211.08,-314.25,0.00,0.00,190.00,599.49,0.11,210.32,0.32,582.85,225.05,607.85,15.27,6.90,0.00,0.00,9.12,20.27,0.01,10.34,208.32,147.05
2025-06-10 15:45,-217.65,-304.15,0.00,0.00,196.00,588.16,0.11,205.95,0.31,581.01,256.53,577.92,15.15,6.56,0.00,0.00,9.40,19.89,0.01,10.12,209.29,146.99
2025-06-10 15:50,-246.50,-288.54,0.00,-0.10,198.00,591.61,0.11,209.52,0.32,606.65,232.85,547.98,15.03,6.25,0.00,0.00,9.50,20.00,0.01,10.30,217.48,138.00
2025-06-10 15:55,-132.84,-305.37,0.00,-0.10,185.00,600.09,0.11,175.10,0.39,608.80,193.89,518.05,14.92,6.54,0.00,0.00,8.88,20.29,0.01,8.60,203.36,157.00
2025-06-10 16:00,-33.60,-314.54,0.00,-0.10,196.00,593.20,0.11,210.62,0.31,556.42,167.09,488.12,14.80,7.27,0.00,0.00,9.40,20.06,0.01,10.35,209.61,170.44
2025-06-10 16:05,-115.47,-300.61,0.00,-0.10,198.00,598.27,0.11,207.81,28.92,558.83,197.18,463.54,14.83,6.71,0.00,0.00,9.50,20.23,0.01,10.21,217.16,158.72
2025-06-10 16:10,-188.23,-290.91,0.00,-0.10,198.00,591.91,0.11,208.67,4.96,578.03,271.18,438.96,14.87,6.25,0.00,0.00,9.50,20.01,0.01,10.25,221.99,159.10
2025-06-10 16:15,-185.35,-273.26,0.00,-0.10,199.00,602.47,0.10,211.22,17.48,600.31,214.54,414.39,14.90,5.97,0.00,0.00,9.55,20.37,0.01,10.38,228.79,151.01
2025-06-10 16:20,-38.26,-364.99,0.00,-0.10,199.00,599.22,66.02,209.64,30.47,660.32,163.89,389.81,14.93,8.21,0.00,0.00,9.55,20.26,3.28,10.30,220.42,170.44
2025-06-10 16:25,-194.10,-314.81,0.00,0.00,198.00,647.93,71.25,210.10,0.59,669.08,194.42,365.24,14.97,7.16,0.00,0.00,9.50,21.89,3.59,10.32,247.70,170.44
2025-06-10 16:30,-234.58,-296.08,0.00,0.00,198.00,609.05,108.99,209.46,7.18,704.16,202.38,340.66,15.00,6.67,0.00,0.00,9.50,20.59,5.58,10.29,254.94,191.97
2025-06-10 16:35,-180.32,-377.89,0.00,0.00,199.00,655.24,176.95,210.90,46.94,737.50,153.00,314.39,14.93,8.88,0.00,0.00,9.55,22.13,9.17,10.36,262.44,215.88
2025-06-10 16:40,-7.12,-407.47,0.00,0.00,198.00,651.31,197.05,207.75,11.56,737.06,96.56,288.11,14.87,10.08,0.00,0.00,9.50,22.00,10.23,10.21,254.63,180.58
2025-06-10 16:45,-0.54,-468.00,0.00,0.00,197.00,648.53,196.43,207.75,43.60,876.12,90.21,261.84,14.80,10.72,0.00,0.00,9.45,21.91,10.20,10.21,239.93,215.01
2025-06-10 16:50,-0.34,-437.07,0.00,0.00,200.00,656.38,223.99,209.66,7.11,868.64,72.94,235.56,14.73,10.56,0.00,0.00,9.60,22.17,12.02,10.30,256.46,258.54
2025-06-10 16:55,-1.00,-392.73,0.00,0.00,200.00,654.59,228.29,209.52,20.58,818.91,39.52,209.29,14.67,9.82,0.00,0.00,9.60,22.11,12.31,10.30,268.70,271.53
2025-06-10 17:00,-2.33,-378.70,0.00,0.00,199.00,650.81,227.65,208.32,24.86,805.30,65.06,183.01,14.60,9.39,0.00,0.00,9.55,21.99,12.28,10.24,270.29,266.85
2025-06-10 17:05,-1.09,-363.15,0.00,0.00,198.00,650.32,255.94,208.84,24.43,784.80,65.99,158.85,14.43,9.28,0.00,0.00,9.50,21.97,14.19,10.26,282.25,229.00
2025-06-10 17:10,-1.11,-367.06,0.00,-0.10,199.00,652.13,313.88,207.32,49.32,753.90,60.85,134.68,14.27,9.68,0.00,0.00,9.55,22.03,17.24,10.19,295.51,256.85
2025-06-10 17:15,-7.21,-396.57,0.00,-0.10,199.00,657.28,371.19,210.41,117.36,742.31,36.01,110.52,14.10,10.68,0.00,0.00,9.55,22.20,20.75,10.34,306.80,260.34
2025-06-10 17:20,-1.82,-377.21,0.00,0.00,199.00,654.20,371.51,208.47,109.86,748.82,17.55,86.35,13.93,10.24,0.00,0.00,9.55,22.10,20.77,10.24,311.98,270.01
2025-06-10 17:25,-0.22,-344.15,0.00,-0.10,199.00,656.31,371.35,209.87,87.69,752.01,14.46,62.19,13.77,9.43,0.00,0.00,9.55,22.17,20.76,10.31,318.83,272.61
2025-06-10 17:30,-0.27,-321.49,0.00,-0.10,199.00,660.44,372.07,209.96,79.33,746.08,9.35,38.02,13.60,8.90,0.00,0.00,9.55,22.31,20.80,10.32,325.75,275.00
2025-06-10 17:35,-0.25,-270.31,0.00,0.00,199.00,658.64,371.93,210.47,85.27,654.38,8.71,31.90,13.43,7.77,0.00,0.00,9.55,22.25,20.79,10.34,339.49,269.19
2025-06-10 17:40,-1.59,-269.01,0.00,0.00,199.00,651.79,375.03,208.22,124.75,645.21,5.94,25.79,13.27,7.64,0.00,0.00,9.55,22.02,20.99,10.23,336.77,269.29
2025-06-10 17:45,-0.50,-262.41,0.00,0.00,198.00,657.08,400.67,208.76,135.51,620.21,2.51,19.67,13.10,7.62,0.00,0.00,9.50,22.20,22.57,10.26,344.97,284.22
2025-06-10 17:50,-1.44,-284.73,0.00,0.00,197.00,649.73,400.14,207.74,150.23,707.49,0.87,13.56,12.93,7.90,0.00,0.00,9.45,21.95,22.55,10.21,330.85,276.94
2025-06-10 17:55,-0.28,-231.18,0.00,0.00,199.00,654.03,403.12,210.15,173.05,696.99,0.09,7.44,12.77,6.40,0.00,0.00,9.55,22.09,22.71,10.33,331.07,295.17
2025-06-10 18:00,-0.63,-168.26,0.00,0.00,197.00,651.45,401.16,207.65,196.29,583.08,0.01,1.33,12.60,4.83,0.00,0.00,9.45,22.01,22.60,10.20,344.69,302.06
2025-06-10 18:05,-1.76,-231.01,0.00,0.00,197.00,651.08,427.40,210.33,216.25,682.53,0.01,1.11,12.47,6.39,0.00,0.00,9.45,22.00,24.21,10.34,332.21,301.16
2025-06-10 18:10,-2.92,-211.81,0.00,0.00,196.00,647.08,428.75,205.40,175.31,718.29,0.01,0.89,12.33,5.87,0.00,0.00,9.40,21.86,24.30,10.09,332.66,285.52
2025-06-10 18:15,-1.08,-198.20,0.00,0.00,198.00,648.48,429.75,207.23,183.64,707.75,0.01,0.66,12.20,5.50,0.00,0.00,9.50,21.91,24.36,10.18,333.32,280.40
2025-06-10 18:20,-0.71,-189.79,0.00,0.00,197.00,650.51,431.35,207.29,152.38,719.07,0.01,0.44,12.07,5.32,0.00,0.00,9.45,21.98,24.44,10.19,336.29,290.17
2025-06-10 18:25,-0.44,-169.14,0.00,0.00,198.00,654.09,433.24,209.34,154.82,690.49,0.01,0.22,11.93,4.80,0.00,0.00,9.50,22.10,24.55,10.29,340.71,302.06
2025-06-10 18:30,0.00,-198.13,0.00,-0.10,199.00,654.48,432.90,209.40,247.40,676.60,0.01,0.00,11.80,5.44,0.00,0.00,9.55,22.11,24.53,10.29,329.68,317.24
2025-06-10 18:35,-1.40,-196.62,0.00,-0.10,197.00,650.02,430.99,208.99,231.90,701.24,0.01,0.00,11.70,5.37,0.00,0.00,9.45,21.96,24.42,10.27,328.00,283.07
2025-06-10 18:40,-0.01,-264.17,0.00,-0.10,198.00,654.27,429.29,208.03,416.85,673.67,0.00,0.00,11.60,6.77,0.00,0.00,9.50,22.10,24.30,10.22,307.56,310.67
2025-06-10 18:45,0.00,-193.79,0.00,-0.10,199.00,657.77,433.68,209.29,259.86,656.90,0.00,0.00,11.50,5.34,0.00,0.00,9.55,22.22,24.57,10.28,330.85,316.96
2025-06-10 18:50,-0.15,-165.71,0.00,-0.10,198.00,651.33,431.27,207.08,219.98,650.19,0.00,0.00,11.40,4.65,0.00,0.00,9.50,22.01,24.44,10.18,336.56,303.01
2025-06-10 18:55,-0.31,-221.30,0.00,-0.10,198.00,651.83,430.90,208.35,326.85,658.89,0.00,0.00,11.30,5.92,0.00,0.00,9.50,22.02,24.42,10.24,320.95,302.06
2025-06-10 19:00,-0.94,-232.35,0.00,-0.10,196.00,648.20,461.44,208.21,318.68,664.21,0.00,0.00,11.20,6.33,0.00,0.00,9.40,21.90,26.45,10.23,326.91,302.06
2025-06-10 19:05,-0.30,-234.88,0.00,0.00,198.00,653.91,463.03,208.48,312.06,671.50,0.00,0.00,11.17,6.41,0.00,0.00,9.50,22.09,26.54,10.25,327.33,306.06
2025-06-10 19:10,-0.31,-219.92,0.00,0.00,198.00,658.51,464.03,210.19,259.54,683.03,0.00,0.00,11.13,6.11,0.00,0.00,9.50,22.25,26.59,10.33,333.21,311.22
2025-06-10 19:15,-0.50,-194.06,0.00,0.00,198.00,651.65,463.41,208.42,225.53,671.63,0.00,0.00,11.10,5.48,0.00,0.00,9.50,22.02,26.56,10.24,339.03,307.76
2025-06-10 19:20,-0.35,-181.95,0.00,0.00,198.00,652.27,462.49,209.14,188.94,675.83,0.00,0.00,11.07,5.21,0.00,0.00,9.50,22.04,26.51,10.28,343.58,335.71
2025-06-10 19:25,-2.73,-103.94,0.00,0.00,198.00,650.93,462.42,207.60,26.44,674.70,0.00,0.00,11.03,3.19,0.00,0.00,9.50,21.99,26.50,10.20,369.10,304.63
2025-06-10 19:30,-0.61,-174.44,0.00,0.00,198.00,650.04,461.44,208.07,191.38,654.82,0.00,0.00,11.00,5.03,0.00,0.00,9.50,21.96,26.45,10.22,346.01,274.60
2025-06-10 19:35,-0.21,-109.34,0.00,0.00,199.00,660.00,455.00,210.83,51.96,646.76,0.00,0.00,11.10,3.35,0.00,0.00,9.55,22.30,25.98,10.36,368.02,270.00
2025-06-10 19:40,-0.35,-220.17,0.00,0.00,197.00,651.80,453.35,208.00,278.86,653.14,0.00,0.00,11.20,6.09,0.00,0.00,9.45,22.02,25.89,10.22,332.15,270.85
2025-06-10 19:45,-0.58,-114.21,0.00,0.00,197.00,649.37,451.47,207.81,68.55,637.70,0.00,0.00,11.30,3.48,0.00,0.00,9.45,21.94,25.79,10.21,365.71,288.66
2025-06-10 19:50,-0.95,-174.61,0.00,0.00,197.00,649.87,452.26,207.10,218.96,620.43,0.00,0.00,11.40,5.02,0.00,0.00,9.45,21.96,25.83,10.18,345.05,303.11
2025-06-10 19:55,-0.78,-87.90,0.00,-0.10,198.00,651.80,463.39,208.80,26.44,608.31,0.00,0.00,11.50,2.79,0.00,0.00,9.50,22.02,26.55,10.26,380.38,275.98
2025-06-10 20:00,-0.30,-70.76,0.00,-0.10,199.00,651.28,454.01,208.88,24.91,585.09,0.00,0.00,11.60,2.26,0.00,0.00,9.55,22.00,25.93,10.26,382.96,300.01
2025-06-10 20:05,-0.79,-67.56,0.00,-0.10,197.00,651.70,452.85,210.77,19.36,561.79,0.00,0.00,11.47,2.18,0.00,0.00,9.45,22.02,25.87,10.36,388.21,274.73
2025-06-10 20:10,-1.36,-71.97,0.00,-0.10,197.00,650.96,452.22,207.39,22.38,573.06,0.00,0.00,11.33,2.31,0.00,0.00,9.45,21.99,25.83,10.19,385.25,277.48
2025-06-10 20:15,-2.02,-63.85,0.00,-0.10,197.00,650.54,451.77,207.48,4.96,577.89,0.00,0.00,11.20,2.06,0.00,0.00,9.45,21.98,25.80,10.20,387.63,272.62
2025-06-10 20:20,-3.33,-60.27,0.00,-0.10,197.00,649.99,451.13,207.94,0.57,560.91,0.00,0.00,11.07,1.96,0.00,0.00,9.45,21.96,25.77,10.22,391.85,230.00
2025-06-10 20:25,-0.77,-50.59,0.00,0.00,200.00,654.99,404.27,206.50,27.70,552.48,0.00,0.00,10.93,1.60,0.00,0.00,9.60,22.13,22.88,10.15,379.92,272.65
2025-06-10 20:30,-0.61,-18.94,0.00,0.00,198.00,653.69,418.34,209.60,0.88,493.57,0.00,0.00,10.80,0.63,0.00,0.00,9.50,22.08,23.58,10.30,398.05,260.11
2025-06-10 20:35,-0.49,-20.04,0.00,0.00,198.00,650.48,396.35,206.68,60.63,467.17,0.00,0.00,10.77,0.65,0.00,0.00,9.50,21.98,22.23,10.16,387.29,300.01
2025-06-10 20:40,-0.59,-32.46,0.00,0.00,197.00,654.76,428.97,209.09,43.34,435.31,0.00,0.00,10.73,1.09,0.00,0.00,9.45,22.12,24.27,10.28,403.16,277.08
2025-06-10 20:45,-0.80,0.00,0.26,0.00,198.00,652.76,420.50,207.51,35.94,408.37,0.00,0.00,10.70,0.00,0.02,0.00,9.50,22.05,23.72,10.20,408.87,282.49
2025-06-10 20:50,-0.60,-14.54,0.00,0.00,198.00,656.50,423.88,209.99,28.38,417.71,0.00,0.00,10.67,0.50,0.00,0.00,9.50,22.18,23.90,10.32,408.93,270.00
2025-06-10 20:55,-6.50,-17.10,0.00,0.00,196.00,649.57,429.30,208.58,24.00,423.00,0.00,0.00,10.63,0.58,0.00,0.00,9.40,21.95,24.36,10.25,411.40,238.44
2025-06-10 21:00,-0.61,0.00,210.52,0.00,199.00,652.15,415.89,207.32,4.47,422.41,0.00,0.00,10.60,0.00,14.06,0.00,9.55,22.03,23.52,10.19,563.41,230.00
2025-06-10 21:05,-5.65,0.00,252.79,0.00,197.00,598.91,371.93,208.06,0.30,409.04,0.00,0.00,10.58,0.00,16.83,0.00,9.45,20.25,20.84,10.22,609.89,229.00
2025-06-10 21:10,-1.03,0.00,257.25,0.00,199.00,598.81,338.62,208.84,2.11,417.30,0.00,0.00,10.57,0.00,17.26,0.00,9.55,20.25,18.64,10.26,605.07,229.00
2025-06-10 21:15,-1.27,0.00,258.46,0.00,198.00,596.57,341.45,207.03,1.22,399.54,0.00,0.00,10.55,0.00,17.40,0.00,9.50,20.17,18.83,10.17,615.18,218.74
2025-06-10 21:20,-0.63,0.00,282.08,0.00,198.00,598.53,282.28,209.38,2.66,391.10,0.00,0.00,10.53,0.00,18.96,0.00,9.50,20.24,15.01,10.29,634.62,230.00
2025-06-10 21:25,-15.09,0.00,268.63,0.00,197.00,595.08,341.40,207.14,0.29,390.36,0.00,0.00,10.52,0.00,18.08,0.00,9.45,20.12,18.75,10.18,634.86,221.65
2025-06-10 21:30,-3.32,0.00,274.40,0.00,198.00,599.66,278.12,208.70,1.36,388.62,0.00,0.00,10.50,0.00,18.48,0.00,9.50,20.27,14.74,10.26,629.39,194.74
2025-06-10 21:35,-6.81,0.00,276.41,-0.10,198.00,598.66,271.92,208.47,0.30,397.43,0.00,0.00,10.47,0.00,18.73,0.00,9.50,20.24,14.35,10.24,630.18,226.49
2025-06-10 21:40,-4.85,0.00,256.52,-0.10,198.00,595.98,270.63,206.90,0.30,404.89,0.00,0.00,10.43,0.00,17.93,0.00,9.50,20.15,14.28,10.17,610.81,184.31
2025-06-10 21:45,-1.74,0.00,149.49,-0.10,197.00,599.74,269.77,207.58,199.16,397.85,0.00,0.00,10.40,0.00,10.53,0.00,9.45,20.28,14.19,10.20,451.15,230.00
2025-06-10 21:50,-2.47,0.00,262.23,-0.10,198.00,593.17,286.47,206.73,0.50,367.35,0.00,0.00,10.37,0.00,18.55,0.00,9.50,20.06,15.24,10.16,635.74,230.00
2025-06-10 21:55,-1.38,0.00,253.71,-0.10,198.00,595.43,294.31,207.23,0.52,342.88,0.00,0.00,10.33,0.00,17.88,0.00,9.50,20.13,15.71,10.18,636.93,205.00
2025-06-10 22:00,-1.03,0.00,268.13,0.00,199.00,597.17,265.99,210.12,0.51,308.54,0.00,0.00,10.30,0.00,18.80,0.00,9.55,20.19,13.96,10.33,665.95,182.21
2025-06-10 22:05,-1.45,0.00,289.31,0.00,198.00,596.65,264.88,207.52,0.84,279.11,0.00,0.00,10.35,0.00,20.19,0.00,9.50,20.17,13.89,10.20,706.40,138.22
2025-06-10 22:10,-0.52,0.00,168.19,0.00,199.00,551.09,266.04,209.42,261.02,266.45,0.00,0.00,10.40,0.00,12.14,0.00,9.55,18.65,13.95,10.29,489.12,167.63
2025-06-10 22:15,-0.65,0.00,176.59,-0.10,198.00,548.31,265.21,208.88,275.23,243.75,0.00,0.00,10.45,0.00,12.31,0.00,9.50,18.56,13.91,10.26,495.82,188.65
2025-06-10 22:20,-0.68,0.00,178.20,0.00,198.00,596.53,263.97,208.24,198.09,237.30,0.00,0.00,10.50,0.00,12.41,0.00,9.50,20.17,13.85,10.23,521.16,188.51
2025-06-10 22:25,-1.04,0.00,170.75,-0.10,198.00,595.68,263.51,207.81,198.89,236.01,0.00,0.00,10.55,0.00,12.22,0.00,9.50,20.14,13.82,10.21,517.45,219.55
2025-06-10 22:30,-4.49,0.00,247.09,-0.10,197.00,598.04,264.48,208.35,0.40,242.75,0.00,0.00,10.60,0.00,17.66,0.00,9.45,20.22,13.87,10.24,680.72,199.32
2025-06-10 22:35,-0.96,0.00,243.70,-0.10,199.00,600.78,265.21,200.90,0.51,232.19,0.00,0.00,10.63,0.00,17.41,0.00,9.55,20.31,13.90,9.87,679.98,217.98
2025-06-10 22:40,-8.35,0.00,267.87,-0.10,196.00,596.53,220.21,200.28,0.45,220.66,0.00,0.00,10.67,0.00,18.72,0.00,9.40,20.17,11.53,9.84,722.12,187.50
2025-06-10 22:45,-0.46,0.00,280.40,-0.10,199.00,605.72,171.56,203.19,5.64,215.04,0.00,0.00,10.70,0.00,19.62,0.00,9.55,20.48,8.87,9.99,734.50,200.52
2025-06-10 22:50,-2.40,0.00,287.17,-0.10,199.00,598.15,131.38,207.55,1.36,206.17,0.00,0.00,10.73,0.00,20.12,0.00,9.55,20.23,6.75,10.20,761.03,189.60
2025-06-10 22:55,-5.41,0.00,300.72,-0.10,199.00,598.57,131.37,208.70,0.45,198.88,0.00,0.00,10.77,0.00,21.13,0.00,9.55,20.24,6.75,10.26,790.82,186.12
2025-06-10 23:00,-0.59,0.00,285.78,0.00,199.00,602.05,131.59,208.32,0.43,186.85,0.00,0.00,10.80,0.00,20.03,0.00,9.55,20.36,6.76,10.24,770.95,187.75
2025-06-10 23:05,-13.96,0.00,296.44,0.00,198.00,598.52,131.43,207.83,0.55,173.47,0.00,0.00,10.73,0.00,20.84,0.00,9.50,20.24,6.75,10.21,811.04,184.86
2025-06-10 23:10,-6.63,0.00,285.36,0.00,199.00,606.60,131.66,210.48,3.52,166.11,0.00,0.00,10.67,0.00,19.49,0.00,9.55,20.51,6.76,10.34,780.02,185.11
2025-06-10 23:15,-8.14,0.00,286.14,0.00,198.00,596.88,131.10,207.77,0.29,149.83,0.00,0.00,10.60,0.00,19.55,0.00,9.50,20.18,6.74,10.21,802.55,207.92
2025-06-10 23:20,-0.55,0.00,269.78,0.00,199.00,604.31,131.50,210.13,2.48,142.09,0.00,0.00,10.53,0.00,18.40,0.00,9.55,20.43,6.75,10.33,770.69,124.00
2025-06-10 23:25,-10.72,0.00,216.90,0.00,199.00,543.83,131.22,208.99,199.27,129.98,0.00,0.00,10.47,0.00,14.97,0.00,9.55,18.41,6.74,10.27,607.12,247.65
2025-06-10 23:30,-88.46,0.00,313.25,0.00,199.00,600.63,131.21,209.45,0.32,133.56,0.00,0.00,10.40,0.00,21.22,0.00,9.55,20.31,6.74,10.29,936.77,243.73
2025-06-10 23:35,-26.56,0.00,288.76,0.00,198.00,600.76,131.27,208.85,0.47,132.65,0.00,0.00,10.50,0.00,19.55,0.00,9.50,20.31,6.74,10.26,832.47,209.16
2025-06-10 23:40,-1.28,0.00,290.57,0.00,199.00,601.35,131.68,209.20,0.49,131.04,0.00,0.00,10.60,0.00,19.91,0.00,9.55,20.33,6.76,10.28,817.68,210.48
2025-06-10 23:45,-0.55,0.00,297.52,0.00,198.00,602.32,131.70,209.98,2.44,118.61,0.00,0.00,10.70,0.00,20.50,0.00,9.50,20.36,6.76,10.32,838.78,250.53
2025-06-10 23:50,-106.17,0.00,351.49,0.00,199.00,604.73,131.78,210.15,1.62,109.32,0.00,0.00,10.80,0.00,24.27,0.00,9.55,20.45,6.77,10.33,1071.82,251.50
2025-06-10 23:55,-119.23,0.00,368.25,0.00,199.00,602.09,131.57,208.74,1.38,95.35,0.00,0.00,10.90,0.00,25.43,0.00,9.55,20.36,6.76,10.26,1156.68,190.87
2025-06-11 00:00,-109.21,0.00,349.15,-0.10,199.00,606.03,131.65,210.94,0.33,88.90,0.00,0.00,11.00,0.00,24.13,0.00,9.55,20.49,6.76,10.37,1099.20,180.26
2025-06-11 00:05,-11.88,0.00,458.50,-0.10,199.00,600.16,131.90,208.87,0.29,78.10,0.00,0.00,11.05,0.00,31.97,0.00,9.55,20.29,6.78,10.26,1265.19,184.92
2025-06-11 00:10,-10.51,0.00,488.49,-0.10,200.00,606.45,100.31,210.50,4.22,76.14,0.00,0.00,11.10,0.00,34.06,0.00,9.60,20.50,4.85,10.34,1363.24,258.82
2025-06-11 00:15,-129.44,0.00,554.11,-0.10,199.00,599.84,99.80,210.03,0.28,74.81,0.00,0.00,11.15,0.00,38.54,0.00,9.55,20.28,4.83,10.32,2004.12,178.70
2025-06-11 00:20,-45.23,0.00,510.37,0.00,198.00,598.27,100.05,209.55,0.76,79.03,0.00,0.00,11.20,0.00,36.10,0.00,9.50,20.23,4.84,10.30,1542.03,186.40
2025-06-11 00:25,-11.75,0.00,194.45,0.00,199.00,606.02,100.15,210.80,1.87,76.46,0.00,0.00,11.25,0.00,13.69,0.00,9.55,20.49,4.85,10.36,715.71,222.31
2025-06-11 00:30,-160.86,0.00,551.70,0.00,199.00,603.44,99.71,209.75,1.49,77.57,0.00,0.00,11.30,0.00,38.17,0.00,9.55,20.40,4.83,10.31,2088.28,193.40
2025-06-11 00:35,-83.33,0.00,511.63,0.00,199.00,606.07,99.82,210.77,0.81,73.97,0.00,0.00,11.32,0.00,36.09,0.00,9.55,20.49,4.83,10.36,1638.68,252.60
2025-06-11 00:40,-42.15,0.00,480.39,0.00,200.00,607.40,100.31,210.04,2.01,80.00,0.00,0.00,11.33,0.00,33.61,0.00,9.60,20.54,4.86,10.32,1398.34,274.48
2025-06-11 00:45,-168.73,0.00,543.13,0.00,200.00,605.63,100.39,211.57,1.55,89.03,0.00,0.00,11.35,0.00,38.04,0.00,9.60,20.48,4.86,10.40,2015.73,170.44
2025-06-11 00:50,-97.11,0.00,522.10,0.00,199.00,573.44,100.36,210.77,0.34,90.72,0.00,0.00,11.37,0.00,36.95,0.00,9.55,19.40,4.86,10.36,1752.50,170.44
2025-06-11 00:55,-205.72,0.00,580.60,0.00,199.00,584.13,100.03,211.26,0.45,91.00,0.00,0.00,11.38,0.00,40.86,0.00,9.55,19.76,4.84,10.38,2564.58,170.44
2025-06-11 01:00,-159.83,0.00,553.99,0.00,199.00,570.21,99.63,211.57,0.39,85.85,0.00,0.00,11.40,0.00,39.06,0.00,9.55,19.29,4.82,10.40,2202.63,192.48
2025-06-11 01:05,-166.78,0.00,543.88,-0.10,198.00,607.10,100.35,209.86,0.33,84.56,0.00,0.00,11.32,0.00,38.00,0.00,9.50,20.53,4.86,10.31,2039.86,190.38
2025-06-11 01:10,-173.06,0.00,539.60,-0.10,199.00,602.18,100.27,211.31,3.60,87.07,0.00,0.00,11.23,0.00,38.73,0.00,9.55,20.36,4.85,10.38,2051.26,178.70
2025-06-11 01:15,-183.58,0.00,534.83,-0.10,200.00,602.90,100.01,209.95,0.29,97.59,0.00,0.00,11.15,0.00,38.46,0.00,9.60,20.38,4.84,10.32,2038.08,170.44
2025-06-11 01:20,-254.55,0.00,592.86,-0.10,198.00,562.82,100.13,209.42,0.30,95.72,0.00,0.00,11.07,0.00,42.60,0.00,9.50,19.04,4.85,10.29,3246.78,175.05
2025-06-11 01:25,-275.30,0.00,570.26,-0.10,199.00,609.25,100.05,209.51,0.30,94.13,0.00,0.00,10.98,0.00,40.83,0.00,9.55,20.60,4.84,10.30,2819.04,190.02
2025-06-11 01:30,-222.83,0.00,545.90,-0.10,198.00,601.20,99.89,208.19,0.30,94.80,0.00,0.00,10.90,0.00,38.96,0.00,9.50,20.33,4.83,10.23,2321.04,170.44
2025-06-11 01:35,-266.45,0.00,581.05,-0.10,198.00,555.71,100.00,210.18,0.31,95.23,0.00,0.00,10.93,0.00,41.43,0.00,9.50,18.80,4.84,10.33,3267.41,170.44
2025-06-11 01:40,-260.26,0.00,605.29,0.00,198.00,583.38,41.84,208.35,0.27,88.23,0.00,0.00,10.97,0.00,44.15,0.00,9.50,19.73,1.77,10.24,4026.35,178.70
2025-06-11 01:45,-238.86,0.00,585.46,0.00,199.00,603.51,42.07,209.09,0.30,78.40,0.00,0.00,11.00,0.00,42.93,0.00,9.55,20.40,1.78,10.28,3308.92,178.70
2025-06-11 01:50,-190.27,0.00,552.12,-0.10,200.00,604.26,42.25,209.98,0.30,76.33,0.00,0.00,11.03,0.00,40.57,0.00,9.60,20.43,1.79,10.32,2540.60,180.37
2025-06-11 01:55,-176.88,0.00,541.18,0.00,199.00,605.80,42.07,210.12,0.80,74.36,0.00,0.00,11.07,0.00,39.74,0.00,9.55,20.48,1.78,10.33,2372.79,178.70
2025-06-11 02:00,-209.94,0.00,555.26,0.00,199.00,604.93,42.16,210.53,0.30,74.32,0.00,0.00,11.10,0.00,40.91,0.00,9.55,20.45,1.79,10.35,2722.37,178.70
2025-06-11 02:05,-181.19,0.00,542.18,0.00,199.00,604.06,42.18,211.41,0.29,76.82,0.00,0.00,11.00,0.00,40.13,0.00,9.55,20.42,1.79,10.39,2405.92,178.70
2025-06-11 02:10,-172.87,0.00,557.45,0.00,199.00,602.15,18.78,208.71,5.05,72.23,0.00,0.00,10.90,0.00,40.41,0.00,9.55,20.36,0.80,10.26,2599.65,216.88
2025-06-11 02:15,-176.20,0.00,570.10,0.00,197.00,595.09,0.11,206.90,0.29,68.18,0.00,0.00,10.80,0.00,40.52,0.00,9.45,20.12,0.01,10.17,2998.41,170.44
2025-06-11 02:20,-186.32,0.00,572.47,0.00,198.00,585.74,0.11,209.57,0.30,77.40,0.00,0.00,10.70,0.00,41.47,0.00,9.50,19.81,0.01,10.30,3115.67,178.02
2025-06-11 02:25,-205.14,0.00,570.49,0.00,199.00,600.16,0.11,210.48,0.33,77.87,0.00,0.00,10.60,0.00,41.27,0.00,9.55,20.29,0.01,10.34,3130.06,178.70
2025-06-11 02:30,-214.22,0.00,572.70,0.00,198.00,598.44,0.11,207.46,0.33,83.63,0.00,0.00,10.50,0.00,41.46,0.00,9.50,20.24,0.01,10.19,3244.64,174.82
2025-06-11 02:35,-182.78,0.00,544.85,0.00,199.00,605.85,0.11,211.78,0.34,86.34,0.00,0.00,10.47,0.00,39.53,0.00,9.55,20.48,0.01,10.41,2553.93,174.00
2025-06-11 02:40,-92.10,0.00,500.22,0.00,197.00,595.69,0.11,207.31,0.29,74.53,0.00,0.00,10.43,0.00,36.72,0.00,9.45,20.14,0.01,10.19,1902.47,173.07
2025-06-11 02:45,-85.28,0.00,490.95,0.00,199.00,604.28,0.11,209.49,0.42,73.98,0.00,0.00,10.40,0.00,36.00,0.00,9.55,20.43,0.01,10.29,1791.28,182.16
2025-06-11 02:50,-84.12,0.00,495.53,-0.20,199.00,601.60,0.11,210.07,0.30,67.95,0.00,0.00,10.37,0.00,36.50,0.00,9.55,20.34,0.01,10.32,1844.37,182.76
2025-06-11 02:55,-120.59,0.00,525.87,-0.10,198.00,599.43,0.11,207.11,0.30,61.47,0.00,0.00,10.33,0.00,38.73,0.00,9.50,20.27,0.01,10.18,2248.72,179.58
2025-06-11 03:00,-120.50,0.00,511.82,-0.10,197.00,600.23,0.11,208.09,0.30,55.93,0.00,0.00,10.30,0.00,37.64,0.00,9.45,20.30,0.01,10.23,2170.02,185.65
2025-06-11 03:05,-122.17,0.00,505.41,-0.10,198.00,601.62,0.11,209.71,0.31,57.69,0.00,0.00,10.30,0.00,37.19,0.00,9.50,20.34,0.01,10.31,2110.51,175.05
2025-06-11 03:10,-58.16,0.00,470.47,-0.10,199.00,602.88,0.11,208.38,1.46,56.28,0.00,0.00,10.30,0.00,34.80,0.00,9.55,20.38,0.01,10.24,1668.08,175.05
2025-06-11 03:15,-46.26,0.00,467.80,-0.10,197.00,600.38,0.11,207.81,0.30,58.18,0.00,0.00,10.30,0.00,34.56,0.00,9.45,20.30,0.01,10.21,1627.39,175.05
2025-06-11 03:20,-119.36,0.00,499.50,-0.10,199.00,601.88,0.11,208.73,0.59,66.46,0.00,0.00,10.30,0.00,36.82,0.00,9.55,20.35,0.01,10.26,2017.95,178.70
2025-06-11 03:25,-72.51,0.00,469.89,-0.10,199.00,601.68,0.11,208.80,0.43,63.86,0.00,0.00,10.30,0.00,34.75,0.00,9.55,20.34,0.01,10.26,1691.61,178.70
2025-06-11 03:30,-52.17,0.00,456.06,0.00,198.00,601.34,0.11,208.91,0.37,59.72,0.00,0.00,10.30,0.00,32.84,0.00,9.50,20.33,0.01,10.27,1562.55,173.75
2025-06-11 03:35,-110.62,0.00,482.30,-0.10,197.00,597.88,0.11,207.58,0.32,52.22,0.00,0.00,10.32,0.00,35.57,0.00,9.45,20.22,0.01,10.20,1959.32,173.77
2025-06-11 03:40,-98.15,0.00,471.04,-0.10,199.00,606.80,0.11,210.10,0.57,54.27,0.00,0.00,10.33,0.00,34.85,0.00,9.55,20.52,0.01,10.32,1800.38,174.57
2025-06-11 03:45,-105.65,0.00,471.50,-0.10,199.00,603.57,0.11,207.98,0.50,50.78,0.00,0.00,10.35,0.00,35.07,0.00,9.55,20.41,0.01,10.22,1863.24,185.15
2025-06-11 03:50,-122.88,0.00,475.38,-0.10,198.00,602.07,0.11,208.06,0.30,52.76,0.00,0.00,10.37,0.00,35.22,0.00,9.50,20.36,0.01,10.22,1952.21,178.02
2025-06-11 03:55,-37.89,0.00,431.41,0.00,198.00,598.73,0.11,207.97,0.30,47.35,0.00,0.00,10.38,0.00,32.25,0.00,9.50,20.25,0.01,10.22,1486.20,175.05
2025-06-11 04:00,-46.89,0.00,440.76,0.00,198.00,599.76,0.11,208.09,0.30,47.98,0.00,0.00,10.40,0.00,32.91,0.00,9.50,20.28,0.01,10.23,1544.43,180.77
2025-06-11 04:05,-26.65,0.00,424.25,0.00,198.00,600.62,0.11,207.69,0.93,51.73,0.00,0.00,10.41,0.00,31.52,0.00,9.50,20.31,0.01,10.21,1411.56,173.06
2025-06-11 04:10,-61.63,0.00,445.21,0.00,200.00,611.48,0.11,209.89,1.57,63.25,0.00,0.00,10.43,0.00,32.04,0.00,9.60,20.67,0.01,10.31,1504.05,175.05
2025-06-11 04:15,-94.22,0.00,463.40,0.00,200.00,607.91,0.11,209.46,0.29,63.81,0.00,0.00,10.44,0.00,33.14,0.00,9.60,20.55,0.01,10.29,1685.43,175.05
2025-06-11 04:20,-87.79,0.00,451.73,0.00,198.00,600.89,0.11,207.78,0.29,64.97,0.00,0.00,10.45,0.00,32.34,0.00,9.50,20.32,0.01,10.21,1630.91,175.05
2025-06-11 04:25,-121.93,0.00,461.85,0.00,199.00,607.95,0.11,210.64,1.84,62.48,0.00,0.00,10.46,0.00,33.09,0.00,9.55,20.55,0.01,10.35,1771.50,175.05
2025-06-11 04:30,-83.26,0.00,444.30,0.00,199.00,606.26,0.11,210.12,0.31,58.41,0.00,0.00,10.47,0.00,32.01,0.00,9.55,20.50,0.01,10.33,1589.06,175.05
2025-06-11 04:35,-160.41,0.00,495.42,0.00,199.00,605.79,0.11,209.89,0.30,57.81,0.00,0.00,10.48,0.00,35.44,0.00,9.55,20.48,0.01,10.31,2180.60,173.22
2025-06-11 04:40,-98.31,0.00,463.96,0.00,198.00,602.47,0.11,208.10,0.30,52.21,0.00,0.00,10.48,0.00,33.30,0.00,9.50,20.37,0.01,10.23,1765.50,174.06
2025-06-11 04:45,-101.27,0.00,471.61,0.00,198.00,601.80,0.11,207.16,0.40,51.99,0.00,0.00,10.49,0.00,33.76,0.00,9.50,20.35,0.01,10.18,1820.13,175.05
2025-06-11 04:50,-81.80,0.00,456.55,0.00,199.00,603.16,0.11,207.17,0.36,57.24,0.00,0.00,10.49,0.00,32.74,0.00,9.55,20.39,0.01,10.18,1654.02,175.05
2025-06-11 04:55,-73.61,0.00,443.34,0.00,198.00,604.13,0.11,210.76,0.34,55.11,0.00,0.00,10.50,0.00,31.69,0.00,9.50,20.43,0.01,10.36,1566.30,175.05
2025-06-11 05:00,-70.93,0.00,441.49,0.00,198.00,606.81,0.11,209.23,0.33,47.33,0.00,0.00,10.50,0.00,31.57,0.00,9.50,20.52,0.01,10.28,1569.89,175.05
2025-06-11 05:05,-34.11,0.00,426.50,0.00,199.00,602.80,0.11,209.20,0.34,50.36,0.00,0.00,10.43,0.00,30.52,0.00,9.55,20.38,0.01,10.28,1411.88,222.26
2025-06-11 05:10,-100.60,0.00,442.81,0.00,199.00,610.91,0.11,211.61,14.74,55.88,0.00,0.00,10.37,0.00,31.60,0.00,9.55,20.65,0.01,10.40,1578.81,206.40
2025-06-11 05:15,-56.03,0.00,430.47,0.00,199.00,604.50,0.11,210.96,9.61,56.83,0.00,0.00,10.30,0.00,30.75,0.00,9.55,20.44,0.01,10.37,1435.47,179.64
2025-06-11 05:20,-7.48,0.00,416.37,0.00,199.00,601.60,0.11,210.93,1.17,54.99,0.00,0.00,10.23,0.00,29.78,0.00,9.55,20.34,0.01,10.37,1305.25,279.83
2025-06-11 05:25,-80.57,0.00,448.83,-0.20,199.00,603.73,0.11,210.16,1.08,54.61,0.00,0.00,10.17,0.00,32.06,0.00,9.55,20.41,0.01,10.33,1610.61,279.83
2025-06-11 05:30,-139.85,0.00,498.21,-0.10,199.00,608.93,0.11,210.74,6.10,53.31,0.00,0.00,10.10,0.00,34.40,0.00,9.55,20.59,0.01,10.36,2042.63,173.16
2025-06-11 05:35,-16.21,0.00,464.67,0.00,199.00,605.56,0.11,210.61,7.59,54.06,0.00,0.00,10.10,0.00,32.13,0.00,9.55,20.47,0.01,10.35,1459.86,171.59
2025-06-11 05:40,-6.45,0.00,448.88,-0.10,198.00,654.23,0.11,208.45,2.67,59.50,0.00,0.00,10.10,0.00,31.12,0.00,9.50,22.10,0.01,10.24,1311.97,176.61
2025-06-11 05:45,-0.74,0.00,433.14,-0.10,198.00,662.82,0.11,211.31,4.00,61.08,0.00,0.00,10.10,0.00,29.95,0.00,9.50,22.39,0.01,10.38,1232.45,191.92
2025-06-11 05:50,-60.25,0.00,470.73,0.00,198.00,655.65,0.11,208.45,5.02,64.49,0.00,0.00,10.10,0.00,32.58,0.00,9.50,22.15,0.01,10.24,1487.73,189.14
2025-06-11 05:55,-11.39,0.00,443.66,0.00,200.00,656.93,0.11,211.09,6.86,71.98,0.00,0.00,10.10,0.00,30.63,0.00,9.60,22.19,0.01,10.37,1262.62,190.25
2025-06-11 06:00,-1.89,0.00,449.08,0.00,198.00,655.34,0.11,208.93,4.15,68.47,0.00,0.00,10.10,0.00,31.01,0.00,9.50,22.14,0.01,10.27,1279.35,240.02
2025-06-11 06:05,-0.76,0.00,423.05,0.00,198.00,655.91,57.40,207.60,3.43,63.02,0.00,0.00,10.13,0.00,29.28,0.00,9.50,22.16,3.52,10.20,1176.53,185.96
2025-06-11 06:10,-31.61,0.00,407.66,0.00,200.00,664.99,83.94,210.09,35.03,60.18,0.00,0.00,10.17,0.00,27.86,0.00,9.60,22.46,4.43,10.32,1099.53,284.09
2025-06-11 06:15,-4.35,0.00,371.76,-0.10,199.00,660.05,155.72,209.46,36.25,57.17,0.00,0.00,10.20,0.00,25.61,0.00,9.55,22.30,8.26,10.29,968.87,286.12
2025-06-11 06:20,-0.57,0.00,376.16,0.00,198.00,653.96,157.40,207.71,28.36,61.55,0.00,0.00,10.23,0.00,25.77,0.00,9.50,22.10,8.36,10.21,979.48,284.03
2025-06-11 06:25,-0.55,0.00,354.05,0.00,198.00,654.14,157.40,207.51,80.84,62.81,0.00,0.00,10.27,0.00,24.14,0.00,9.50,22.10,8.36,10.20,886.16,281.24
2025-06-11 06:30,-0.36,0.00,336.65,-0.10,199.00,657.47,205.48,209.34,88.07,63.40,0.00,0.00,10.30,0.00,22.84,0.00,9.55,22.21,11.56,10.29,844.98,282.63
2025-06-11 06:35,-0.29,0.00,325.28,0.00,199.00,661.32,225.67,210.65,74.13,72.63,0.00,0.00,10.27,0.00,21.98,0.00,9.55,22.34,12.79,10.35,826.71,270.00
2025-06-11 06:40,-1.89,0.00,334.58,0.00,198.00,654.31,298.56,205.16,14.09,76.99,0.00,0.00,10.23,0.00,22.00,0.00,9.50,22.11,16.94,10.08,871.16,241.42
2025-06-11 06:45,-0.62,0.00,329.46,0.00,198.00,656.22,351.96,207.46,20.29,84.36,0.00,0.00,10.20,0.00,20.95,0.00,9.50,22.17,19.73,10.19,833.66,300.70
2025-06-11 06:50,-0.73,0.00,298.08,0.00,197.00,656.45,401.21,209.40,39.60,81.31,0.00,0.00,10.17,0.00,19.76,0.00,9.45,22.18,22.56,10.29,786.04,301.55
2025-06-11 06:55,-0.50,0.00,309.85,0.00,199.00,658.47,406.05,209.45,32.26,87.17,0.00,0.00,10.13,0.00,20.59,0.00,9.55,22.25,22.85,10.29,800.53,275.98
2025-06-11 07:00,-0.88,0.00,212.32,0.00,197.00,652.50,459.59,207.13,204.89,85.62,0.00,0.00,10.10,0.00,14.05,0.00,9.45,22.05,26.31,10.18,617.79,275.98
2025-06-11 07:05,-15.03,0.00,212.25,0.00,199.00,662.59,468.31,209.92,204.56,92.67,0.00,0.00,10.07,0.00,13.83,0.00,9.55,22.39,26.81,10.32,617.89,278.57
2025-06-11 07:10,-13.44,0.00,175.78,0.00,198.00,653.64,466.92,207.61,314.95,96.56,0.00,0.00,10.03,0.00,11.50,0.00,9.50,22.09,26.74,10.20,549.26,276.69
2025-06-11 07:15,-1.76,0.00,162.95,0.00,199.00,656.87,466.29,210.35,355.33,91.88,0.00,0.00,10.00,0.00,10.61,0.00,9.55,22.19,26.70,10.34,524.88,294.40
2025-06-11 07:20,-17.63,0.00,207.43,-0.10,198.00,653.97,464.59,207.31,294.62,95.64,0.00,0.00,9.97,0.00,13.64,0.00,9.50,22.10,26.62,10.19,582.89,299.76
2025-06-11 07:25,-16.97,0.00,214.46,-0.10,198.00,653.32,465.33,207.52,282.27,93.55,0.00,0.00,9.93,0.00,14.02,0.00,9.50,22.07,26.65,10.20,593.00,310.53
2025-06-11 07:30,-1.15,0.00,202.20,0.00,198.00,653.97,466.36,207.52,323.09,92.22,0.00,0.00,9.90,0.00,13.29,0.00,9.50,22.10,26.72,10.20,564.87,302.06
2025-06-11 07:35,-0.59,0.00,222.78,-0.10,199.00,659.54,467.81,207.29,303.95,94.00,0.00,0.15,9.90,0.00,15.07,0.00,9.55,22.28,26.79,10.19,589.21,328.72
2025-06-11 07:40,-0.99,0.00,190.20,-0.10,197.00,652.28,465.09,206.29,378.58,91.52,0.00,0.29,9.90,0.00,12.83,0.00,9.45,22.04,26.64,10.14,540.75,302.06
2025-06-11 07:45,-20.83,0.00,247.35,0.00,197.00,653.50,465.91,208.32,310.98,91.46,0.00,0.44,9.90,0.00,16.64,0.00,9.45,22.08,26.69,10.24,615.38,275.98
2025-06-11 07:50,-17.61,0.00,313.50,0.00,196.00,652.83,465.67,208.35,203.25,94.48,0.00,0.58,9.90,0.00,20.39,0.00,9.40,22.06,26.67,10.24,714.85,275.98
2025-06-11 07:55,-0.12,0.00,274.37,0.00,198.00,658.42,468.16,210.48,277.46,93.25,0.65,0.73,9.90,0.00,18.25,0.00,9.50,22.25,26.81,10.34,640.55,275.98
2025-06-11 08:00,-3.16,0.00,336.26,0.00,197.00,652.46,464.06,206.50,190.95,89.41,2.62,0.87,9.90,0.00,22.46,0.00,9.45,22.05,26.59,10.15,743.15,230.00
2025-06-11 08:05,-0.30,0.00,362.05,-0.10,199.00,659.39,406.12,210.22,194.83,90.66,4.13,6.20,9.95,0.00,24.21,0.00,9.55,22.28,22.99,10.33,761.53,230.00
2025-06-11 08:10,-0.34,0.00,297.64,0.00,198.00,662.22,422.98,210.97,300.65,91.44,9.28,11.53,10.00,0.00,19.90,0.00,9.50,22.37,24.04,10.37,642.71,379.95
2025-06-11 08:15,-0.47,0.00,245.73,5.10,197.00,658.42,464.22,208.36,333.42,92.93,13.33,16.85,10.05,0.00,15.75,0.63,9.45,22.25,26.57,10.24,584.28,302.85
2025-06-11 08:20,-2.77,0.00,284.65,0.00,198.00,654.37,464.98,207.10,263.61,98.92,19.66,22.18,10.10,0.00,17.61,0.00,9.50,22.11,26.64,10.18,628.98,322.63
2025-06-11 08:25,-0.37,0.00,418.57,0.00,198.00,661.08,468.62,210.79,41.67,102.97,25.09,27.51,10.15,0.00,25.36,0.00,9.50,22.34,26.84,10.36,860.24,275.98
2025-06-11 08:30,-6.01,0.00,339.52,-0.10,199.00,657.20,466.21,208.70,203.57,104.23,26.53,32.84,10.20,0.00,20.91,0.00,9.55,22.21,26.70,10.26,692.65,275.98
2025-06-11 08:35,-0.65,0.00,343.86,-0.10,199.00,655.66,467.35,208.85,166.35,110.82,28.02,44.27,10.22,0.00,21.88,0.00,9.55,22.15,26.76,10.26,707.97,275.98
2025-06-11 08:40,-2.01,0.00,163.03,-0.10,198.00,654.79,465.48,207.60,154.25,118.71,38.20,55.70,10.23,0.00,10.28,0.00,9.50,22.12,26.67,10.20,547.14,275.98
2025-06-11 08:45,-14.06,0.00,168.92,-0.10,199.00,663.04,468.09,209.98,120.03,124.99,38.53,67.14,10.25,0.00,10.70,0.00,9.55,22.40,26.80,10.32,560.49,275.98
2025-06-11 08:50,-13.73,0.00,171.56,-0.10,198.00,654.94,467.19,208.44,97.34,130.12,42.13,78.57,10.27,0.00,11.03,0.00,9.50,22.13,26.75,10.24,565.17,170.44
2025-06-11 08:55,-6.92,0.00,161.07,-0.10,199.00,611.27,316.99,210.32,273.79,138.69,53.50,90.00,10.28,0.00,10.56,0.00,9.55,20.67,17.11,10.34,474.41,209.97
2025-06-11 09:00,-25.38,0.00,234.64,-0.10,197.00,652.60,297.97,207.32,121.44,129.76,62.81,101.44,10.30,0.00,15.72,0.00,9.45,22.05,15.91,10.19,582.67,169.97
2025-06-11 09:05,-10.24,0.00,201.15,-0.10,200.00,607.01,257.37,209.90,214.05,132.97,77.07,116.50,10.35,0.00,13.26,0.00,9.60,20.52,13.40,10.31,502.16,222.08
2025-06-11 09:10,-2.08,0.00,206.32,0.00,199.00,548.53,257.09,209.90,232.33,132.54,86.67,131.57,10.40,0.00,13.12,0.00,9.55,18.57,13.39,10.31,490.30,270.00
2025-06-11 09:15,-0.33,0.00,253.67,0.00,199.00,491.11,342.35,209.93,66.79,135.47,95.76,146.63,10.45,0.00,15.90,0.00,9.55,16.64,18.61,10.32,594.74,276.63
2025-06-11 09:20,-0.67,0.00,284.87,0.00,198.00,434.76,364.87,208.41,19.72,138.77,104.85,161.70,10.50,0.00,17.92,0.00,9.50,14.76,20.01,10.24,645.99,230.00
2025-06-11 09:25,-0.42,0.00,301.14,0.00,198.00,428.50,340.79,209.58,2.67,133.27,117.86,176.76,10.55,0.00,18.87,0.00,9.50,14.55,18.52,10.30,659.23,281.01
2025-06-11 09:30,-0.33,0.00,257.06,0.00,199.00,433.90,373.08,209.78,14.72,135.36,126.05,191.83,10.60,0.00,16.31,0.00,9.55,14.73,20.50,10.31,600.69,270.00
2025-06-11 09:35,-0.22,0.00,268.73,0.00,199.00,431.16,367.84,208.88,1.22,129.72,134.38,208.97,10.73,0.00,17.32,0.00,9.55,14.64,20.18,10.26,611.35,270.00
2025-06-11 09:40,-0.30,0.00,246.64,0.00,200.00,433.80,353.21,209.95,5.91,128.49,155.19,226.11,10.87,0.00,15.58,0.00,9.60,14.72,19.29,10.32,569.06,261.70
2025-06-11 09:45,-0.51,0.00,235.71,0.00,200.00,432.21,348.84,209.69,0.78,124.26,166.61,243.25,11.00,0.00,15.08,0.00,9.60,14.67,19.01,10.30,553.25,227.21
2025-06-11 09:50,-0.44,0.00,257.37,0.00,199.00,432.16,300.76,211.63,3.77,119.87,166.07,260.39,11.13,0.00,16.70,0.00,9.55,14.67,16.07,10.40,563.13,230.00
2025-06-11 09:55,-0.30,0.00,271.58,0.00,198.00,432.73,275.39,209.87,7.09,124.85,158.98,277.53,11.27,0.00,17.54,0.00,9.50,14.69,14.51,10.31,565.37,244.65
2025-06-11 10:00,-103.28,0.00,320.25,0.00,198.00,425.46,317.84,207.72,0.30,127.45,112.55,294.67,11.40,0.00,20.83,0.00,9.50,14.45,17.14,10.21,686.66,180.98
2025-06-11 10:05,-0.56,0.00,265.16,0.00,198.00,429.37,274.62,210.33,31.19,124.86,122.85,309.76,11.48,0.00,17.63,0.00,9.50,14.58,14.46,10.34,555.97,281.60
2025-06-11 10:10,-0.30,0.00,222.45,0.00,200.00,434.02,313.16,210.93,13.24,128.80,159.50,324.85,11.57,0.00,14.72,0.00,9.60,14.73,16.83,10.37,509.04,279.83
2025-06-11 10:15,-52.67,0.00,221.43,-0.10,197.00,428.99,312.67,208.45,0.29,132.20,237.89,339.94,11.65,0.00,14.65,0.00,9.45,14.56,16.82,10.24,498.19,277.18
2025-06-11 10:20,-103.08,0.00,270.39,0.00,199.00,426.56,312.71,207.11,0.29,136.43,175.73,355.03,11.73,0.00,17.87,0.00,9.55,14.48,16.83,10.18,574.50,264.59
2025-06-11 10:25,-4.36,0.00,169.73,-0.10,199.00,428.50,314.81,209.58,88.54,136.23,188.66,370.12,11.82,0.00,11.69,0.00,9.55,14.55,16.94,10.30,429.41,271.92
2025-06-11 10:30,-16.11,0.00,183.73,-0.10,197.00,427.03,312.01,207.58,1.32,132.61,236.64,385.21,11.90,0.00,12.65,0.00,9.45,14.50,16.79,10.20,449.01,198.25
2025-06-11 10:35,-2.67,0.00,197.01,0.00,198.00,429.59,268.52,207.32,6.03,138.83,217.32,404.25,12.03,0.00,13.92,0.00,9.50,14.58,14.10,10.19,447.61,154.62
2025-06-11 10:40,-0.24,0.00,79.37,0.00,199.00,431.87,266.18,211.00,209.68,156.92,255.68,423.28,12.17,0.00,5.72,0.00,9.55,14.66,13.97,10.37,313.95,268.78
2025-06-11 10:45,-1.73,0.00,141.14,0.00,198.00,426.21,262.35,207.17,1.45,160.01,301.23,442.32,12.30,0.00,10.13,0.00,9.50,14.47,13.75,10.18,375.25,157.90
2025-06-11 10:50,-2.07,0.00,124.19,0.00,199.00,427.44,264.22,207.75,0.50,170.74,300.54,461.36,12.43,0.00,9.07,0.00,9.55,14.51,13.86,10.21,360.19,266.34
2025-06-11 10:55,-150.10,0.00,151.31,0.00,199.00,427.64,265.01,209.14,0.35,161.15,352.69,480.40,12.57,0.00,11.08,0.00,9.55,14.52,13.90,10.28,396.80,238.10
2025-06-11 11:00,-196.39,0.00,183.12,0.00,198.00,427.49,220.18,208.33,0.35,162.95,334.53,499.44,12.70,0.00,13.16,0.00,9.50,14.51,11.54,10.24,423.17,148.36
2025-06-11 11:05,-15.91,0.00,93.08,0.00,198.00,428.37,182.05,209.45,0.34,162.08,326.95,539.87,12.82,0.00,6.93,0.00,9.50,14.54,9.53,10.29,314.47,229.04
2025-06-11 11:10,-25.77,0.00,122.21,0.00,199.00,431.74,129.78,210.27,11.63,163.47,301.10,580.30,12.93,0.00,9.11,0.00,9.55,14.65,6.68,10.33,321.31,232.55
2025-06-11 11:15,-111.69,0.00,132.14,0.00,197.00,427.01,129.75,206.12,0.34,172.04,329.98,620.74,13.05,0.00,9.91,0.00,9.45,14.49,6.68,10.13,330.56,226.46
2025-06-11 11:20,-79.43,0.00,137.69,-0.10,197.00,427.83,129.56,207.39,0.35,172.93,269.53,661.17,13.17,0.00,10.34,0.00,9.45,14.52,6.67,10.19,332.18,157.44
2025-06-11 11:25,-69.77,0.00,120.80,0.00,197.00,426.61,129.60,210.33,0.37,178.58,300.23,701.60,13.28,0.00,9.07,0.00,9.45,14.48,6.67,10.34,307.18,232.99
2025-06-11 11:30,-193.55,0.00,193.76,0.00,199.00,430.02,129.44,209.66,2.82,180.30,241.75,742.03,13.40,0.00,14.46,0.00,9.55,14.60,6.66,10.30,381.55,225.95
2025-06-11 11:35,-65.57,0.00,124.64,0.00,198.00,427.61,129.36,209.03,0.88,183.77,247.66,734.84,13.45,0.00,9.33,0.00,9.50,14.51,6.66,10.27,310.83,155.81
2025-06-11 11:40,-68.05,0.00,113.51,0.00,198.00,426.89,129.19,206.74,0.54,181.94,303.05,727.65,13.50,0.00,8.51,0.00,9.50,14.49,6.65,10.16,297.04,156.15
2025-06-11 11:45,-85.32,0.00,103.41,0.00,197.00,426.94,129.01,207.65,0.35,171.23,253.61,720.46,13.55,0.00,7.78,0.00,9.45,14.49,6.64,10.20,303.95,155.92
2025-06-11 11:50,-67.87,0.00,120.55,0.00,199.00,428.18,129.18,210.90,0.39,167.56,200.05,713.27,13.60,0.00,9.09,0.00,9.55,14.53,6.65,10.36,323.75,251.69
2025-06-11 11:55,-61.38,0.00,78.66,0.00,200.00,428.00,129.26,210.47,3.76,172.59,273.20,706.08,13.65,0.00,5.90,0.00,9.60,14.53,6.66,10.34,284.54,230.90
2025-06-11 12:00,-45.10,0.00,92.86,0.00,200.00,429.12,129.10,210.64,30.79,178.45,207.15,698.89,13.70,0.00,6.94,0.00,9.60,14.56,6.65,10.35,296.57,237.52
2025-06-11 12:05,-201.84,0.00,185.11,0.00,198.00,426.19,128.97,206.76,0.34,198.28,191.87,683.20,13.72,0.00,13.65,0.00,9.50,14.47,6.64,10.16,396.57,234.56
2025-06-11 12:10,-89.59,0.00,129.94,0.00,197.00,425.55,76.97,207.39,0.35,208.35,205.39,667.52,13.73,0.00,9.55,0.00,9.45,14.45,3.90,10.19,322.47,230.13
2025-06-11 12:15,-56.89,0.00,97.38,0.00,199.00,426.91,71.25,207.86,0.64,223.15,242.94,651.84,13.75,0.00,7.16,0.00,9.55,14.49,3.60,10.21,288.98,250.40
2025-06-11 12:20,-50.91,0.00,106.23,0.00,199.00,426.51,41.01,207.98,0.99,234.03,260.66,636.16,13.77,0.00,7.80,0.00,9.55,14.48,2.32,10.22,287.91,271.45
2025-06-11 12:25,-47.12,0.00,100.23,0.00,199.00,429.17,31.48,210.25,4.70,249.79,290.85,620.47,13.78,0.00,7.30,0.00,9.55,14.57,1.91,10.33,277.42,270.85
2025-06-11 12:30,-51.21,0.00,94.81,-0.10,199.00,427.80,31.48,209.45,0.40,242.72,315.33,604.79,13.80,0.00,6.93,0.00,9.55,14.52,1.91,10.29,275.07,231.82
2025-06-11 12:35,-47.32,0.00,85.54,0.00,200.00,429.45,31.49,209.92,4.98,261.57,312.37,608.52,13.78,0.00,6.26,0.00,9.60,14.58,1.91,10.32,265.85,305.26
2025-06-11 12:40,-52.61,0.00,59.61,0.00,199.00,484.90,31.49,208.29,0.35,267.55,292.95,612.25,13.77,0.00,4.33,0.00,9.55,16.43,1.91,10.24,256.75,230.75
2025-06-11 12:45,-51.14,0.00,89.33,-0.10,199.00,435.51,31.44,209.25,0.92,271.16,276.48,615.98,13.75,0.00,6.54,0.00,9.55,14.78,1.91,10.28,272.06,230.43
2025-06-11 12:50,-75.55,0.00,104.53,-0.10,198.00,424.63,31.49,206.97,0.36,271.12,271.94,619.71,13.73,0.00,7.52,0.00,9.50,14.41,1.91,10.17,283.22,277.12
2025-06-11 12:55,-226.60,0.00,157.47,-0.10,198.00,427.22,31.53,207.29,0.34,278.29,289.00,623.44,13.72,0.00,11.38,0.00,9.50,14.50,1.92,10.19,340.98,233.82
2025-06-11 13:00,-157.20,0.00,111.26,-0.10,198.00,426.96,31.47,209.17,0.39,292.68,307.47,627.17,13.70,0.00,8.05,0.00,9.50,14.49,1.91,10.28,290.91,175.05
2025-06-11 13:05,-181.30,0.00,116.74,-0.10,177.00,425.91,31.45,209.64,0.30,337.74,292.04,614.60,13.63,0.00,8.42,0.00,8.49,14.46,1.91,10.30,292.09,176.44
2025-06-11 13:10,-225.12,0.00,179.61,-0.10,192.00,429.25,31.46,209.57,0.30,344.56,245.64,602.03,13.57,0.00,12.96,0.00,9.21,14.57,1.91,10.30,356.05,239.79
2025-06-11 13:15,-260.98,0.00,209.23,-0.10,198.00,428.69,31.43,210.48,0.31,361.00,188.56,589.46,13.50,0.00,15.16,0.00,9.50,14.55,1.91,10.34,401.65,177.72
2025-06-11 13:20,-212.43,0.00,184.57,0.00,197.00,428.48,31.46,210.97,0.31,385.04,200.96,576.90,13.43,0.00,13.31,0.00,9.45,14.54,1.91,10.37,364.12,178.70
2025-06-11 13:25,-222.59,0.00,198.88,0.00,195.00,429.14,31.47,210.01,0.31,405.24,169.73,564.33,13.37,0.00,14.29,0.00,9.36,14.56,1.91,10.32,382.22,178.70
2025-06-11 13:30,-211.42,0.00,177.11,0.00,196.00,427.34,31.42,210.42,0.30,428.43,177.92,551.76,13.30,0.00,12.76,0.00,9.40,14.50,1.91,10.34,359.00,178.70
2025-06-11 13:35,-243.41,0.00,197.77,0.00,196.00,426.85,31.46,209.06,0.34,467.72,176.82,537.37,13.30,0.00,14.31,0.00,9.40,14.49,1.91,10.27,376.84,175.05
2025-06-11 13:40,-205.28,0.00,163.61,0.00,174.00,426.54,31.48,206.01,0.51,486.83,187.22,522.97,13.30,0.00,12.09,0.00,8.35,14.48,1.91,10.12,338.08,175.05
2025-06-11 13:45,-227.86,0.00,187.60,0.00,159.00,427.98,31.44,208.97,0.64,475.39,163.74,508.57,13.30,0.00,13.95,0.00,7.63,14.53,1.91,10.27,371.35,164.22
2025-06-11 13:50,-203.92,0.00,179.16,0.00,162.00,426.39,31.43,208.77,2.00,516.30,147.18,494.18,13.30,0.00,13.39,0.00,7.77,14.47,1.91,10.26,357.40,178.01
2025-06-11 13:55,-202.51,0.00,167.27,0.00,180.00,429.62,31.43,210.65,1.86,520.11,146.48,479.78,13.30,0.00,12.55,0.00,8.64,14.58,1.91,10.35,353.57,177.92
2025-06-11 14:00,-148.23,0.00,118.18,0.00,194.00,427.77,31.45,208.59,3.54,558.52,156.74,465.39,13.30,0.00,8.84,0.00,9.31,14.52,1.91,10.25,302.29,175.05
2025-06-11 14:05,-179.97,0.00,138.00,0.00,180.00,429.82,31.43,210.79,0.43,553.61,170.05,453.10,13.30,0.00,10.31,0.00,8.64,14.59,1.91,10.36,321.18,235.88
2025-06-11 14:10,-148.43,0.00,100.19,-0.10,194.00,426.16,31.39,208.53,0.39,570.15,198.39,440.82,13.30,0.00,7.49,0.00,9.31,14.47,1.91,10.25,286.12,175.05
2025-06-11 14:15,-58.33,0.00,52.64,-0.10,185.00,428.20,31.40,210.10,0.35,563.85,219.78,428.53,13.30,0.00,3.94,0.00,8.88,14.53,1.91,10.32,242.81,235.07
2025-06-11 14:20,-194.33,0.00,114.48,-0.10,198.00,427.95,31.34,209.84,0.33,558.50,218.33,416.24,13.30,0.00,8.61,0.00,9.50,14.53,1.90,10.31,307.31,270.00
2025-06-11 14:25,-197.13,0.00,91.72,-0.10,198.00,425.36,31.33,208.58,0.31,583.08,283.35,403.96,13.30,0.00,6.86,0.00,9.50,14.44,1.90,10.25,279.38,270.33
2025-06-11 14:30,-255.15,0.00,120.96,-0.10,199.00,426.99,31.40,209.90,0.31,593.64,257.73,391.67,13.30,0.00,9.14,0.00,9.55,14.49,1.91,10.31,314.11,175.05
2025-06-11 14:35,-76.65,0.00,52.22,-0.10,184.00,422.76,31.35,207.86,0.42,602.31,259.18,394.08,13.32,0.00,3.94,0.00,8.83,14.35,1.90,10.21,238.67,271.29
2025-06-11 14:40,-211.50,0.00,72.73,-0.10,195.00,425.39,31.39,206.49,0.30,617.90,239.41,396.50,13.33,0.00,5.49,0.00,9.36,14.44,1.91,10.15,271.41,227.89
2025-06-11 14:45,-178.97,0.00,95.78,0.00,196.00,425.99,31.45,206.84,0.29,600.84,166.47,398.91,13.35,0.00,7.25,0.00,9.40,14.46,1.91,10.16,295.82,279.83
2025-06-11 14:50,-225.82,0.00,164.09,0.00,199.00,427.77,31.41,210.42,0.30,575.11,164.64,401.32,13.37,0.00,12.45,0.00,9.55,14.52,1.91,10.34,361.25,299.44
2025-06-11 14:55,-116.38,0.00,114.18,0.00,200.00,485.25,31.43,210.79,0.32,578.06,136.48,403.73,13.38,0.00,8.67,0.00,9.60,16.44,1.91,10.36,310.51,349.09
2025-06-11 15:00,-98.21,0.00,76.37,0.00,196.00,541.06,31.40,206.15,7.25,562.21,156.56,406.15,13.40,0.00,5.75,0.00,9.40,18.31,1.91,10.13,282.60,310.12
2025-06-11 15:05,-125.42,0.00,52.66,0.00,199.00,602.36,31.41,209.28,0.56,556.25,188.66,405.56,13.42,0.00,4.00,0.00,9.55,20.36,1.91,10.28,274.57,299.44
2025-06-11 15:10,-83.93,-6.44,0.00,0.00,200.00,564.66,31.42,209.78,23.00,573.02,219.20,404.98,13.43,0.14,0.00,0.00,9.60,19.10,1.91,10.31,229.09,290.73
2025-06-11 15:15,-81.91,0.00,32.45,0.00,198.00,506.22,31.44,207.84,0.30,569.46,217.01,404.40,13.45,0.00,2.49,0.00,9.50,17.15,1.91,10.21,245.10,266.43
2025-06-11 15:20,-158.14,0.00,148.93,0.00,200.00,446.53,39.19,209.03,0.28,581.62,155.55,403.81,13.47,0.00,11.48,0.00,9.60,15.15,2.43,10.27,339.57,299.44
2025-06-11 15:25,-57.50,0.00,143.84,0.00,198.00,440.76,39.20,207.51,0.40,573.05,102.08,403.23,13.48,0.00,11.07,0.00,9.50,14.95,2.43,10.20,327.78,295.09
2025-06-11 15:30,-83.38,0.00,183.14,-0.10,195.00,425.42,39.20,206.06,0.30,556.18,93.49,402.65,13.50,0.00,13.19,0.00,9.36,14.44,2.43,10.13,359.94,299.44
2025-06-11 15:35,-77.62,0.00,138.91,-0.10,196.00,461.11,62.94,210.77,1.14,556.96,86.67,395.79,13.53,0.00,9.93,0.00,9.40,15.63,4.00,10.36,337.38,279.83
2025-06-11 15:40,-112.27,0.00,127.78,-0.10,196.00,427.25,96.39,208.13,0.29,547.89,98.39,388.93,13.57,0.00,9.01,0.00,9.40,14.50,5.41,10.23,338.14,235.18
2025-06-11 15:45,-212.45,0.00,148.18,0.00,197.00,427.00,130.08,207.25,0.29,563.46,93.53,382.08,13.60,0.00,10.33,0.00,9.45,14.49,7.12,10.18,377.43,279.83
2025-06-11 15:50,-204.92,0.00,159.38,-0.10,196.00,426.33,129.97,206.04,0.30,559.90,87.33,375.22,13.63,0.00,11.09,0.00,9.40,14.47,7.11,10.13,387.49,228.44
2025-06-11 15:55,-159.34,0.00,124.41,-0.10,197.00,482.75,130.37,206.12,0.29,549.44,80.29,368.36,13.67,0.00,8.62,0.00,9.45,16.36,7.14,10.13,358.44,227.45
2025-06-11 16:00,-161.43,0.00,96.90,0.00,199.00,545.39,130.41,210.30,5.01,557.91,95.42,361.50,13.70,0.00,6.69,0.00,9.55,18.46,7.14,10.33,339.01,279.83
2025-06-11 16:05,-90.56,0.00,56.62,0.00,198.00,598.66,130.15,209.38,1.93,555.79,101.12,326.12,13.60,0.00,3.93,0.00,9.50,20.24,7.13,10.29,310.56,227.38
2025-06-11 16:10,-275.28,0.00,105.99,0.00,198.00,652.98,205.05,207.98,0.37,557.45,110.50,290.74,13.50,0.00,7.20,0.00,9.50,22.06,11.08,10.22,391.34,229.00
2025-06-11 16:15,-253.79,0.00,85.77,0.00,199.00,654.22,253.05,208.19,5.25,548.24,119.71,255.36,13.40,0.00,5.82,0.00,9.55,22.10,13.89,10.23,388.33,279.83
2025-06-11 16:20,-170.91,0.00,79.02,0.00,199.00,657.02,258.61,210.97,2.10,540.48,95.66,219.98,13.30,0.00,5.36,0.00,9.55,22.20,14.22,10.37,382.84,294.67
2025-06-11 16:25,-57.07,0.00,52.05,0.00,200.00,656.10,258.42,209.80,2.82,538.49,67.52,184.60,13.20,0.00,3.55,0.00,9.60,22.16,14.21,10.31,357.48,304.78
2025-06-11 16:30,-46.59,0.00,36.61,0.00,199.00,656.30,329.35,211.11,0.63,525.71,54.63,149.21,13.10,0.00,2.60,0.00,9.55,22.17,18.20,10.37,369.46,314.68
2025-06-11 16:35,-5.91,0.00,31.92,0.00,196.00,652.37,335.21,209.17,0.29,510.90,49.67,135.69,13.08,0.00,2.35,0.00,9.40,22.04,18.51,10.28,366.06,308.53
2025-06-11 16:40,-61.19,0.00,57.55,0.00,198.00,654.91,336.70,210.38,0.36,511.92,50.10,122.17,13.07,0.00,4.03,0.00,9.50,22.12,18.59,10.34,394.25,310.48
2025-06-11 16:45,-10.05,-0.02,0.00,-0.10,199.00,653.97,336.11,209.05,20.13,505.56,119.53,108.65,13.05,0.00,0.00,0.00,9.55,22.09,18.56,10.27,338.80,330.00
2025-06-11 16:50,-6.15,-38.69,0.00,-0.10,199.00,657.72,404.06,209.66,34.53,515.14,128.78,95.12,13.03,1.17,0.00,0.00,9.55,22.22,22.72,10.30,347.20,379.95
2025-06-11 16:55,-3.89,-22.97,0.00,13.50,197.00,648.73,422.35,207.11,18.94,513.61,113.00,81.60,13.02,0.72,0.00,1.69,9.45,21.92,23.87,10.18,363.92,410.52
2025-06-11 17:00,-0.48,-60.45,0.00,51.10,199.00,655.04,454.64,209.95,33.75,510.13,106.31,68.08,13.00,2.02,0.00,6.37,9.55,22.13,25.84,10.32,388.91,985.20
2025-06-11 17:05,-0.74,-63.37,0.00,51.10,197.00,651.26,453.25,206.59,52.81,524.32,83.86,59.70,13.00,2.10,0.00,6.37,9.45,22.00,25.76,10.15,387.93,302.06
2025-06-11 17:10,-0.20,-51.24,0.00,-0.10,197.00,658.09,507.00,209.29,49.09,521.51,70.13,51.33,13.00,1.65,0.00,0.00,9.45,22.23,29.41,10.28,378.29,847.24
2025-06-11 17:15,-0.24,-51.35,0.00,-0.10,198.00,653.29,526.66,208.32,60.33,498.23,54.41,42.95,13.00,1.69,0.00,0.00,9.50,22.07,30.63,10.24,387.55,990.35
2025-06-11 17:20,-0.24,-108.05,0.00,0.00,200.00,658.39,529.35,210.24,167.61,509.15,39.10,34.58,13.00,3.41,0.00,0.00,9.60,22.24,30.79,10.33,372.57,1000.00
2025-06-11 17:25,-0.30,-105.27,0.00,0.00,200.00,655.34,528.77,210.18,246.14,510.52,28.62,26.20,13.00,3.22,0.00,0.00,9.60,22.14,30.75,10.33,363.06,3401.76
2025-06-11 17:30,-0.31,-169.56,0.00,0.00,199.00,654.06,528.68,209.57,382.68,515.60,17.28,17.83,13.00,4.92,0.00,0.00,9.55,22.10,30.74,10.30,345.35,1152.21
2025-06-11 17:35,-0.20,-163.64,0.00,0.00,199.00,658.16,530.62,210.36,403.22,499.89,10.91,15.05,12.93,4.75,0.00,0.00,9.55,22.23,30.86,10.34,346.40,8958.68
2025-06-11 17:40,-0.20,-138.85,0.00,0.00,199.00,657.67,530.29,210.70,412.11,491.76,6.11,12.27,12.87,4.04,0.00,0.00,9.55,22.22,30.84,10.35,347.37,8982.71
2025-06-11 17:45,-0.20,-128.74,0.00,0.00,197.00,650.51,527.05,207.90,422.59,475.02,3.02,9.50,12.80,3.75,0.00,0.00,9.45,21.98,30.65,10.22,348.03,8880.50
2025-06-11 17:50,-0.32,-151.20,0.00,0.00,197.00,652.52,528.45,207.97,463.57,509.90,1.52,6.72,12.73,4.28,0.00,0.00,9.45,22.05,30.73,10.22,338.58,9144.68
2025-06-11 17:55,-0.20,-395.66,0.00,0.00,196.00,650.04,526.87,207.49,350.37,509.90,0.19,3.94,12.67,11.70,0.00,0.00,9.40,21.96,30.63,10.20,354.26,3474.63
2025-06-11 18:00,-0.18,-409.79,0.00,0.00,199.00,658.16,530.56,209.93,412.57,513.73,0.00,1.17,12.60,11.84,0.00,0.00,9.55,22.23,30.84,10.32,346.64,9899.00
2025-06-11 18:05,-0.18,-341.64,0.00,-0.10,196.00,649.50,526.86,206.68,294.70,502.65,0.00,0.97,12.55,10.37,0.00,0.00,9.40,21.94,30.63,10.16,364.11,3660.59
2025-06-11 18:10,-0.18,-384.54,0.00,-0.10,197.00,651.31,527.27,206.99,410.39,494.36,0.00,0.78,12.50,11.17,0.00,0.00,9.45,22.00,30.65,10.17,348.62,3736.82
2025-06-11 18:15,0.00,-354.26,0.00,0.00,198.00,655.24,529.40,209.58,330.05,506.12,0.00,0.58,12.45,10.61,0.00,0.00,9.50,22.14,30.77,10.30,359.18,1009.00
2025-06-11 18:20,0.00,-382.66,0.00,-0.10,198.00,652.23,526.87,208.19,413.12,543.03,0.00,0.39,12.40,10.90,0.00,0.00,9.50,22.04,30.63,10.23,341.78,3534.47
2025-06-11 18:25,-0.68,-398.89,0.00,0.00,197.00,651.53,527.75,207.58,372.93,567.50,0.00,0.19,12.35,11.43,0.00,0.00,9.45,22.01,30.67,10.20,343.96,3508.59
2025-06-11 18:30,-0.60,-370.99,0.00,-0.10,198.00,652.70,529.00,208.74,303.86,591.77,0.00,0.00,12.30,10.84,0.00,0.00,9.50,22.05,30.75,10.26,350.63,3756.27
2025-06-11 18:35,-0.20,-346.56,0.00,-0.10,197.00,651.66,527.82,207.05,242.86,598.88,0.00,0.00,12.27,10.33,0.00,0.00,9.45,22.02,30.67,10.17,357.88,1231.96
2025-06-11 18:40,-29.92,-327.82,0.00,0.00,197.00,650.79,526.92,207.78,226.38,631.69,0.00,0.00,12.23,9.71,0.00,0.00,9.45,21.99,30.63,10.21,360.49,1672.97
2025-06-11 18:45,-0.47,-380.03,0.00,0.00,198.00,653.77,529.58,207.16,291.16,655.81,0.00,0.00,12.20,10.87,0.00,0.00,9.50,22.09,30.78,10.18,343.43,1031.94
2025-06-11 18:50,-0.38,-396.02,0.00,0.00,198.00,658.39,531.66,209.58,292.63,673.25,0.00,0.00,12.17,11.27,0.00,0.00,9.50,22.24,30.89,10.30,341.48,1352.68
2025-06-11 18:55,-0.16,-381.61,0.00,0.00,197.00,655.94,530.09,209.20,277.77,675.27,0.00,0.00,12.13,10.90,0.00,0.00,9.45,22.16,30.80,10.28,342.75,3941.81
2025-06-11 19:00,-0.16,-380.42,0.00,0.00,197.00,651.73,527.77,206.78,259.39,677.25,0.00,0.00,12.10,10.92,0.00,0.00,9.45,22.02,30.67,10.16,344.34,4998.46
2025-06-11 19:05,-0.58,-376.79,0.00,0.00,199.00,653.74,528.77,208.48,229.08,688.34,0.00,0.00,12.08,10.91,0.00,0.00,9.55,22.09,30.73,10.25,347.58,3722.54
2025-06-11 19:10,-0.92,-369.06,0.00,0.00,196.00,650.52,527.69,207.26,233.54,690.23,0.00,0.00,12.07,10.64,0.00,0.00,9.40,21.98,30.66,10.19,346.14,1027.11
2025-06-11 19:15,-0.23,-341.10,0.00,0.00,198.00,661.48,532.26,210.74,156.58,704.77,0.00,0.00,12.05,10.12,0.00,0.00,9.50,22.35,30.93,10.36,356.22,1056.85
2025-06-11 19:20,-0.53,-298.89,0.00,-0.10,198.00,651.98,530.22,209.34,91.73,689.43,0.00,0.00,12.03,9.16,0.00,0.00,9.50,22.03,30.81,10.29,367.72,526.55
2025-06-11 19:25,-28.84,-266.53,0.00,-0.10,198.00,659.51,531.17,210.54,27.16,698.20,0.00,0.00,12.02,8.37,0.00,0.00,9.50,22.28,30.87,10.35,382.18,1020.38
2025-06-11 19:30,-0.21,-336.94,0.00,-0.10,198.00,658.15,532.04,210.04,124.57,709.28,0.00,0.00,12.00,10.11,0.00,0.00,9.50,22.23,30.91,10.32,360.10,912.93
2025-06-11 19:35,-0.20,-322.70,0.00,-0.10,198.00,657.68,531.83,209.89,83.44,706.60,0.00,0.00,11.97,9.86,0.00,0.00,9.50,22.22,30.90,10.31,366.65,494.37
2025-06-11 19:40,-0.17,-310.25,0.00,-0.10,199.00,660.95,532.50,211.14,80.04,711.24,0.00,0.00,11.93,9.48,0.00,0.00,9.55,22.33,30.94,10.38,366.81,500.06
2025-06-11 19:45,-0.17,-309.77,0.00,-0.10,199.00,660.85,532.45,210.53,87.96,723.28,0.00,0.00,11.90,9.39,0.00,0.00,9.55,22.32,30.94,10.35,363.70,501.23
2025-06-11 19:50,-0.52,-325.37,0.00,-0.10,199.00,658.17,532.32,209.93,82.94,728.95,0.00,0.00,11.87,9.85,0.00,0.00,9.55,22.24,30.92,10.32,363.52,483.26
2025-06-11 19:55,-0.28,-299.17,0.00,-0.10,199.00,655.54,530.73,209.89,22.25,746.80,0.00,0.00,11.83,9.22,0.00,0.00,9.55,22.15,30.83,10.31,369.79,472.42
2025-06-11 20:00,-0.37,-305.91,0.00,-0.10,198.00,659.24,531.92,210.30,11.63,763.56,0.00,0.00,11.80,9.41,0.00,0.00,9.50,22.27,30.90,10.33,369.03,404.33
2025-06-11 20:05,-0.14,-320.46,0.00,-0.10,198.00,663.32,533.56,210.15,22.55,780.76,0.00,0.00,11.77,9.75,0.00,0.00,9.50,22.41,31.00,10.33,364.97,459.00
2025-06-11 20:10,-0.28,-395.11,0.00,91.00,197.00,654.56,530.50,208.38,72.97,758.65,0.00,0.00,11.73,12.83,0.00,9.00,9.45,22.11,30.82,10.24,389.82,424.05
2025-06-11 20:15,-0.08,-401.49,0.00,91.30,198.00,659.54,532.90,210.03,81.17,761.65,0.00,0.00,11.70,13.00,0.00,9.02,9.50,22.28,30.96,10.32,388.62,457.91
2025-06-11 20:20,-0.06,-426.41,0.00,90.70,198.00,658.69,533.10,208.55,81.66,788.06,0.00,0.00,11.67,13.65,0.00,8.96,9.50,22.25,30.97,10.25,384.26,984.31
2025-06-11 20:25,-18.42,-341.20,0.00,-0.60,199.00,659.39,532.30,209.61,29.03,771.44,0.00,0.00,11.63,10.38,0.00,0.00,9.55,22.28,30.93,10.30,368.57,502.85
2025-06-11 20:30,-18.52,-323.35,0.00,-0.60,199.00,668.04,532.54,210.91,24.41,764.32,0.00,0.00,11.60,9.90,0.00,0.00,9.55,22.57,30.94,10.36,370.64,1104.69
2025-06-11 20:35,-0.28,-328.91,0.00,-0.60,197.00,651.24,527.67,207.97,22.07,758.71,0.00,0.00,11.58,10.06,0.00,0.00,9.45,22.00,30.66,10.22,367.22,515.67
2025-06-11 20:40,-1.43,-330.95,0.00,-0.60,199.00,654.86,529.63,207.34,14.16,758.15,0.00,0.00,11.57,10.17,0.00,0.00,9.55,22.12,30.77,10.19,369.17,987.35
2025-06-11 20:45,-0.34,-348.30,0.00,-0.60,199.00,657.43,531.37,209.90,6.57,781.56,0.00,0.00,11.55,10.65,0.00,0.00,9.55,22.21,30.86,10.31,367.00,1088.24
2025-06-11 20:50,-4.45,-356.30,0.00,0.00,198.00,654.17,528.85,207.17,4.32,785.24,0.00,0.00,11.53,10.86,0.00,0.00,9.50,22.10,30.70,10.18,366.62,508.20
2025-06-11 20:55,-29.16,-326.83,0.00,0.00,197.00,653.00,525.23,207.86,1.60,770.17,0.00,0.00,11.52,10.02,0.00,0.00,9.45,22.06,30.49,10.21,373.40,512.14
2025-06-11 21:00,-0.06,-257.69,0.00,0.00,198.00,659.27,528.77,210.28,8.28,784.03,0.00,0.00,11.50,7.85,0.00,0.00,9.50,22.27,30.68,10.33,365.69,509.67
2025-06-11 21:05,-0.61,-249.18,0.00,0.00,197.00,652.61,523.85,208.80,13.65,787.75,0.00,0.00,11.47,7.54,0.00,0.00,9.45,22.05,30.40,10.26,363.41,503.98
2025-06-11 21:10,-0.55,-275.26,0.00,0.00,198.00,658.99,527.80,209.77,13.30,803.20,0.00,0.00,11.43,8.30,0.00,0.00,9.50,22.26,30.62,10.31,361.91,330.00
2025-06-11 21:15,-0.24,-270.10,0.00,0.00,198.00,654.80,509.12,208.91,5.74,828.39,0.00,0.00,11.40,8.02,0.00,0.00,9.50,22.12,29.48,10.27,356.16,311.69
2025-06-11 21:20,-75.86,-241.40,0.00,0.00,198.00,652.76,501.21,207.20,1.83,830.67,0.00,0.00,11.37,7.14,0.00,0.00,9.50,22.05,29.00,10.18,367.92,300.00
2025-06-11 21:25,-12.09,-225.82,0.00,0.00,199.00,657.51,404.11,210.56,3.67,841.27,0.00,0.00,11.33,6.32,0.00,0.00,9.55,22.21,22.73,10.35,337.87,300.00
2025-06-11 21:30,-4.40,-226.49,0.00,0.00,198.00,654.77,399.15,207.22,1.25,842.47,0.00,0.00,11.30,6.32,0.00,0.00,9.50,22.12,22.43,10.18,335.42,300.00
2025-06-11 21:35,-0.02,-230.47,0.00,0.00,198.00,656.07,369.60,208.03,7.83,851.04,0.00,0.00,11.32,6.29,0.00,0.00,9.50,22.17,20.61,10.22,327.43,300.01
2025-06-11 21:40,-1.17,-273.85,0.00,0.00,198.00,654.67,433.48,207.45,5.68,858.74,0.00,0.00,11.33,7.70,0.00,0.00,9.50,22.12,24.52,10.19,337.77,301.16
2025-06-11 21:45,-0.29,-278.31,0.00,0.00,198.00,656.19,413.27,209.26,3.38,875.86,0.00,0.00,11.35,7.70,0.00,0.00,9.50,22.17,23.27,10.28,332.24,297.62
2025-06-11 21:50,-6.17,-256.09,0.00,0.00,198.00,649.13,355.17,207.61,2.21,876.59,0.00,0.00,11.37,6.86,0.00,0.00,9.50,21.93,19.71,10.20,322.64,273.76
2025-06-11 21:55,-105.75,-224.26,0.00,0.00,198.00,654.30,356.42,209.09,2.30,905.57,0.00,0.00,11.38,5.94,0.00,0.00,9.50,22.11,19.77,10.28,334.95,275.97
2025-06-11 22:00,-149.92,-222.87,0.00,0.00,198.00,655.08,354.53,206.26,4.45,911.26,0.00,0.00,11.40,5.88,0.00,0.00,9.50,22.13,19.66,10.14,340.69,213.21
2025-06-11 22:05,-32.16,-254.52,0.00,0.00,197.00,652.37,297.66,209.61,0.67,913.29,0.00,0.00,11.40,6.48,0.00,0.00,9.45,22.04,16.05,10.30,310.66,267.15
2025-06-11 22:10,-0.40,-306.09,0.00,0.00,198.00,659.18,322.57,210.62,11.75,926.71,0.00,0.00,11.40,7.86,0.00,0.00,9.50,22.27,17.68,10.35,308.19,276.07
2025-06-11 22:15,-0.33,-300.98,0.00,0.00,198.00,656.15,289.79,207.69,5.59,924.90,0.00,0.00,11.40,7.59,0.00,0.00,9.50,22.17,15.69,10.21,302.72,278.74
2025-06-11 22:20,-49.20,-276.87,0.00,0.00,198.00,660.12,269.47,210.22,3.18,925.11,0.00,0.00,11.40,6.90,0.00,0.00,9.50,22.30,14.33,10.33,306.56,273.17
2025-06-11 22:25,-8.60,-277.20,0.00,0.00,197.00,651.22,266.28,206.91,1.47,898.11,0.00,0.00,11.40,6.96,0.00,0.00,9.45,22.00,14.15,10.17,302.71,233.36
2025-06-11 22:30,-5.22,-287.21,0.00,0.00,200.00,657.44,254.32,209.43,2.20,895.68,0.00,0.00,11.40,7.18,0.00,0.00,9.60,22.21,13.38,10.29,300.81,238.65
2025-06-11 22:35,-3.62,-284.77,0.00,0.00,198.00,652.96,251.91,206.29,1.59,890.60,0.00,0.00,11.33,7.11,0.00,0.00,9.50,22.06,13.26,10.14,300.16,241.92
2025-06-11 22:40,-4.38,-306.74,0.00,0.00,198.00,657.18,255.21,207.14,1.12,917.43,0.00,0.00,11.27,7.59,0.00,0.00,9.50,22.20,13.43,10.18,297.51,236.75
2025-06-11 22:45,-4.37,-325.89,0.00,0.00,199.00,659.09,255.14,209.22,1.35,935.11,0.00,0.00,11.20,8.01,0.00,0.00,9.55,22.27,13.43,10.28,295.62,228.00
2025-06-11 22:50,-4.01,-339.00,0.00,0.00,197.00,655.80,252.74,209.06,0.42,932.37,0.00,0.00,11.13,8.32,0.00,0.00,9.45,22.16,13.31,10.27,295.30,204.36
2025-06-11 22:55,-0.82,-337.17,0.00,0.00,197.00,653.44,254.54,207.40,0.39,936.30,0.00,0.00,11.07,8.26,0.00,0.00,9.45,22.08,13.40,10.19,294.22,205.80
2025-06-11 23:00,-4.47,-359.39,0.00,0.00,197.00,653.64,254.13,206.99,0.46,950.17,0.00,0.00,11.00,8.75,0.00,0.00,9.45,22.09,13.38,10.17,292.87,180.20
2025-06-11 23:05,-0.60,-375.40,0.00,0.00,198.00,655.70,253.70,209.20,0.44,976.64,0.00,0.00,10.98,9.05,0.00,0.00,9.50,22.15,13.35,10.28,289.34,196.84
2025-06-11 23:10,-22.56,-342.28,0.00,0.00,199.00,660.77,154.24,209.40,1.91,999.32,0.00,0.00,10.97,7.68,0.00,0.00,9.55,22.32,7.76,10.29,272.55,274.44
2025-06-11 23:15,-24.89,-329.11,0.00,0.00,198.00,654.91,91.67,209.17,4.74,1022.75,0.00,0.00,10.95,6.99,0.00,0.00,9.50,22.13,4.45,10.28,258.50,257.68
2025-06-11 23:20,-8.43,-312.40,0.00,0.00,197.00,652.25,41.69,206.85,0.47,1027.12,0.00,0.00,10.93,6.38,0.00,0.00,9.45,22.04,1.77,10.16,246.31,213.98
2025-06-11 23:25,-5.46,-340.50,0.00,0.00,198.00,660.48,42.31,210.03,0.40,1036.67,0.00,0.00,10.92,6.96,0.00,0.00,9.50,22.31,1.79,10.32,246.17,187.36
2025-06-11 23:30,-5.69,-336.43,0.00,0.00,197.00,651.50,41.67,208.09,0.38,1046.06,0.00,0.00,10.90,6.82,0.00,0.00,9.45,22.01,1.77,10.23,243.92,191.81
2025-06-11 23:35,-1.80,-352.41,0.00,0.00,198.00,661.89,42.27,210.13,7.22,1051.52,0.00,0.00,10.85,7.14,0.00,0.00,9.50,22.36,1.79,10.33,243.33,185.88
2025-06-11 23:40,-7.19,-314.05,0.00,0.00,198.00,652.96,41.66,206.99,0.33,1042.04,0.00,0.00,10.80,6.38,0.00,0.00,9.50,22.06,1.77,10.17,244.66,199.34
2025-06-11 23:45,-5.49,-324.10,0.00,0.00,198.00,655.32,41.76,210.47,1.59,1040.04,0.00,0.00,10.75,6.60,0.00,0.00,9.50,22.14,1.77,10.34,245.27,223.42
2025-06-11 23:50,-5.86,-320.24,0.00,0.00,196.00,652.18,41.78,207.48,0.39,1036.04,0.00,0.00,10.70,6.51,0.00,0.00,9.40,22.04,1.77,10.20,244.89,197.18
2025-06-11 23:55,-5.38,-338.26,0.00,0.00,197.00,653.82,41.79,207.39,0.42,1046.73,0.00,0.00,10.65,6.85,0.00,0.00,9.45,22.09,1.77,10.19,243.87,178.70
2025-06-12 00:00,-60.17,-320.54,0.00,0.00,198.00,652.75,41.68,206.23,0.34,1059.23,0.00,0.00,10.60,6.45,0.00,0.00,9.50,22.06,1.77,10.13,249.81,170.44
2025-06-12 00:05,-124.42,-401.05,0.00,0.00,198.00,645.65,42.24,209.13,0.28,1066.20,0.00,0.00,10.68,8.05,0.00,0.00,9.50,21.82,1.79,10.28,259.18,166.25
2025-06-12 00:10,-6.20,-420.25,0.00,0.00,198.00,586.68,42.14,210.28,0.76,1056.40,0.00,0.00,10.77,8.32,0.00,0.00,9.50,19.84,1.79,10.33,238.46,169.53
2025-06-12 00:15,-7.64,-379.82,0.00,0.00,197.00,525.56,42.18,208.94,0.31,1054.08,0.00,0.00,10.85,7.36,0.00,0.00,9.45,17.80,1.79,10.27,233.64,175.44
2025-06-12 00:20,-9.38,-354.71,0.00,0.00,197.00,467.40,42.20,207.87,0.33,1053.35,0.00,0.00,10.93,6.72,0.00,0.00,9.45,15.85,1.79,10.22,228.78,175.29
2025-06-12 00:25,-0.76,-263.82,0.00,0.00,199.00,434.52,42.21,210.39,2.26,1055.63,0.00,0.00,11.02,4.94,0.00,0.00,9.55,14.75,1.79,10.34,224.94,217.76
2025-06-12 00:30,-2.73,-270.54,0.00,0.00,199.00,429.82,41.95,209.89,0.37,1053.85,0.00,0.00,11.10,5.07,0.00,0.00,9.55,14.59,1.78,10.31,225.08,173.84
2025-06-12 00:35,-8.02,-264.30,0.00,0.00,199.00,430.54,42.19,208.58,0.30,1044.68,0.00,0.00,11.03,4.97,0.00,0.00,9.55,14.62,1.79,10.25,226.73,217.23
2025-06-12 00:40,-6.21,-241.16,0.00,0.00,199.00,428.98,9.60,207.89,0.32,1043.73,0.00,0.00,10.97,4.43,0.00,0.00,9.55,14.56,0.41,10.22,221.44,177.07
2025-06-12 00:45,-12.35,-265.33,0.00,0.00,199.00,431.68,0.11,209.98,51.20,1040.62,0.00,0.00,10.90,4.74,0.00,0.00,9.55,14.65,0.01,10.32,215.99,177.73
2025-06-12 00:50,-27.41,-233.45,0.00,0.00,199.00,431.08,0.11,210.32,0.95,1044.40,0.00,0.00,10.83,4.27,0.00,0.00,9.55,14.63,0.01,10.34,223.39,175.75
2025-06-12 00:55,-14.51,-241.78,0.00,0.00,199.00,431.28,0.11,210.68,0.90,1057.11,0.00,0.00,10.77,4.40,0.00,0.00,9.55,14.64,0.01,10.35,220.24,177.23
2025-06-12 01:00,-12.15,-251.40,0.00,0.00,198.00,430.49,0.11,209.23,2.21,1052.18,0.00,0.00,10.70,4.57,0.00,0.00,9.50,14.61,0.01,10.28,219.80,173.99
2025-06-12 01:05,-5.35,-263.98,0.00,0.00,198.00,427.44,0.11,208.50,0.55,1068.84,0.00,0.00,10.72,4.75,0.00,0.00,9.50,14.51,0.01,10.25,216.73,158.05
2025-06-12 01:10,-46.75,-252.40,0.00,0.00,200.00,432.31,0.11,210.73,8.80,1068.09,0.00,0.00,10.73,4.55,0.00,0.00,9.60,14.67,0.01,10.36,222.70,175.05
2025-06-12 01:15,-55.66,-245.54,0.00,0.00,198.00,428.48,0.11,208.76,0.61,1066.93,0.00,0.00,10.75,4.43,0.00,0.00,9.50,14.55,0.01,10.26,223.90,213.32
2025-06-12 01:20,-7.96,-269.38,0.00,0.00,200.00,432.83,0.11,210.19,11.28,1055.22,0.00,0.00,10.77,4.88,0.00,0.00,9.60,14.69,0.01,10.33,218.64,175.05
2025-06-12 01:25,-29.07,-256.51,0.00,0.00,197.00,429.89,0.11,207.46,0.30,1047.63,0.00,0.00,10.78,4.67,0.00,0.00,9.45,14.59,0.01,10.19,222.30,149.16
2025-06-12 01:30,-59.89,-259.14,0.00,0.00,199.00,432.21,0.11,210.70,5.49,1053.68,0.00,0.00,10.80,4.71,0.00,0.00,9.55,14.67,0.01,10.35,226.53,168.52
2025-06-12 01:35,-156.26,-209.72,0.00,0.00,199.00,426.98,0.11,210.38,0.31,1039.85,0.00,0.00,10.78,3.84,0.00,0.00,9.55,14.50,0.01,10.34,242.65,212.14
2025-06-12 01:40,-3.91,-273.26,0.00,-0.10,188.00,433.37,0.11,210.62,10.17,1026.20,0.00,0.00,10.77,4.99,0.00,0.00,9.02,14.71,0.01,10.35,219.47,220.35
2025-06-12 01:45,-108.05,-217.26,0.00,-0.10,182.00,429.59,0.11,209.54,0.30,1030.50,0.00,0.00,10.75,3.94,0.00,0.00,8.73,14.58,0.01,10.30,233.27,214.19
2025-06-12 01:50,-9.97,-272.56,0.00,-0.10,185.00,432.80,0.11,209.49,4.25,1053.75,0.00,0.00,10.73,4.90,0.00,0.00,8.88,14.69,0.01,10.29,216.92,175.05
2025-06-12 01:55,-27.82,-273.14,0.00,-0.10,182.00,429.82,0.11,208.36,0.29,1079.38,0.00,0.00,10.72,4.83,0.00,0.00,8.73,14.59,0.01,10.24,215.73,175.68
2025-06-12 02:00,-118.94,-248.85,0.00,-0.10,182.00,428.52,0.11,208.42,0.40,1108.52,0.00,0.00,10.70,4.33,0.00,0.00,8.73,14.55,0.01,10.24,224.61,145.59
2025-06-12 02:05,-55.21,-280.29,0.00,-0.10,183.00,432.12,0.11,211.28,2.00,1102.42,0.00,0.00,10.72,4.91,0.00,0.00,8.78,14.67,0.01,10.38,217.58,212.09
2025-06-12 02:10,-8.24,-298.39,0.00,-0.10,165.00,427.62,0.11,207.37,1.05,1090.14,0.00,0.00,10.73,5.15,0.00,0.00,7.92,14.52,0.01,10.19,208.14,187.43
2025-06-12 02:15,-6.90,-285.60,0.00,-0.10,142.00,430.04,0.11,210.33,5.46,1075.99,0.00,0.00,10.75,4.87,0.00,0.00,6.81,14.60,0.01,10.34,205.35,217.26
2025-06-12 02:20,-99.40,-252.25,0.00,-0.10,129.00,429.07,0.11,210.30,25.57,1082.05,0.00,0.00,10.77,4.18,0.00,0.00,6.19,14.57,0.01,10.33,211.88,147.47
2025-06-12 02:25,-22.81,-286.48,0.00,-0.10,129.00,431.70,0.11,211.34,3.78,1094.70,0.00,0.00,10.78,4.78,0.00,0.00,6.19,14.65,0.01,10.39,203.31,211.59
2025-06-12 02:30,-12.74,-305.39,0.00,-0.10,128.00,429.98,0.11,209.05,1.33,1122.60,0.00,0.00,10.80,5.01,0.00,0.00,6.14,14.60,0.01,10.27,198.44,141.70
2025-06-12 02:35,-48.59,-301.49,0.00,0.00,131.00,431.95,0.11,210.61,3.80,1134.09,0.00,0.00,10.77,4.94,0.00,0.00,6.29,14.66,0.01,10.35,202.63,171.93
2025-06-12 02:40,-53.17,-298.65,0.00,0.00,111.00,429.06,0.11,209.35,1.84,1154.59,0.00,0.00,10.73,4.73,0.00,0.00,5.33,14.56,0.01,10.29,196.55,193.51
2025-06-12 02:45,-0.50,-326.17,0.00,0.00,89.00,431.07,0.11,211.28,4.08,1172.44,0.00,0.00,10.70,5.01,0.00,0.00,4.27,14.63,0.01,10.38,184.29,215.04
2025-06-12 02:50,-102.89,-288.16,0.00,0.00,73.00,426.94,0.11,209.16,11.85,1202.19,0.00,0.00,10.67,4.24,0.00,0.00,3.50,14.49,0.01,10.28,188.32,170.47
2025-06-12 02:55,-43.94,-324.37,0.00,0.00,73.00,426.64,0.11,207.39,0.90,1212.12,0.00,0.00,10.63,4.76,0.00,0.00,3.50,14.48,0.01,10.19,181.13,138.00
2025-06-12 03:00,-54.59,-310.18,0.00,0.00,62.00,423.12,0.11,173.98,0.50,1242.73,0.00,0.00,10.60,4.22,0.00,0.00,2.98,14.37,0.01,8.55,169.15,147.68
2025-06-12 03:05,-113.21,-327.74,0.00,0.00,76.00,432.42,0.11,209.19,2.52,1281.94,0.00,0.00,10.65,4.68,0.00,0.00,3.65,14.68,0.01,10.28,183.91,165.95
2025-06-12 03:10,-123.50,-310.11,0.00,0.00,62.00,429.49,0.11,201.68,1.71,1276.80,0.00,0.00,10.70,4.32,0.00,0.00,2.98,14.58,0.01,9.91,180.61,161.13
2025-06-12 03:15,-80.55,-325.24,0.00,0.00,57.00,428.77,0.11,197.36,0.39,1262.20,0.00,0.00,10.75,4.51,0.00,0.00,2.73,14.56,0.01,9.70,175.19,138.00
2025-06-12 03:20,-65.80,-294.68,0.00,0.00,44.00,430.45,0.11,133.17,2.89,1252.46,0.00,0.00,10.80,3.68,0.00,0.00,2.11,14.61,0.01,6.54,156.47,145.99
2025-06-12 03:25,-80.68,-316.72,0.00,0.00,41.00,430.33,0.11,200.43,0.31,1248.52,0.00,0.00,10.85,4.36,0.00,0.00,1.97,14.61,0.01,9.85,173.88,147.82
2025-06-12 03:30,-162.72,-281.74,0.00,0.00,40.00,428.60,0.11,201.27,0.29,1263.33,0.00,0.00,10.90,4.56,0.00,0.00,1.92,14.55,0.01,9.89,175.69,146.51
2025-06-12 03:35,-173.26,-305.68,0.00,0.00,40.00,426.95,0.11,197.60,0.30,1280.37,0.00,0.00,10.85,4.11,0.00,0.00,1.92,14.49,0.01,9.71,180.24,143.37
2025-06-12 03:40,-57.97,-351.60,0.00,0.00,41.00,430.52,0.11,166.80,1.92,1281.73,0.00,0.00,10.80,4.53,0.00,0.00,1.97,14.61,0.01,8.20,160.67,158.21
2025-06-12 03:45,-76.90,-338.91,0.00,0.00,40.00,428.36,0.11,166.78,1.50,1279.13,0.00,0.00,10.75,4.36,0.00,0.00,1.92,14.54,0.01,8.20,162.40,143.37
2025-06-12 03:50,-58.70,-351.51,0.00,0.00,41.00,426.81,0.11,166.75,0.84,1293.98,0.00,0.00,10.70,4.49,0.00,0.00,1.97,14.49,0.01,8.19,159.28,164.88
2025-06-12 03:55,-160.80,-314.26,0.00,0.00,40.00,427.03,0.11,164.29,0.28,1307.31,0.00,0.00,10.65,3.97,0.00,0.00,1.92,14.50,0.01,8.07,168.25,141.55
2025-06-12 04:00,-50.49,-372.32,0.00,0.00,41.00,430.56,0.10,168.44,3.23,1327.81,0.00,0.00,10.60,4.70,0.00,0.00,1.97,14.62,0.01,8.28,156.32,153.70
2025-06-12 04:05,-58.99,-380.69,0.00,0.00,40.00,427.69,0.11,164.10,0.34,1343.01,0.00,0.00,10.65,4.95,0.00,0.00,1.92,14.52,0.01,8.06,152.81,134.16
2025-06-12 04:10,-133.97,-328.87,0.00,-0.10,45.00,434.85,0.11,98.73,11.30,1373.29,0.00,0.00,10.70,4.06,0.00,0.00,2.16,14.76,0.01,4.85,141.69,192.39
2025-06-12 04:15,-112.20,-384.22,0.00,-0.10,40.00,427.49,0.10,195.86,0.31,1385.37,0.00,0.00,10.75,5.06,0.00,0.00,1.92,14.51,0.01,9.62,162.35,158.45
2025-06-12 04:20,-239.86,-331.19,0.00,0.00,40.00,429.06,0.11,196.49,0.31,1405.44,0.00,0.00,10.80,4.34,0.00,0.00,1.92,14.56,0.01,9.66,174.39,149.92
2025-06-12 04:25,-153.44,-403.63,0.00,0.00,42.00,429.41,0.11,197.48,1.56,1471.76,0.00,0.00,10.85,5.21,0.00,0.00,2.02,14.58,0.01,9.70,159.64,172.81
2025-06-12 04:30,-274.50,-356.07,0.00,-0.10,41.00,429.18,0.11,198.02,0.28,1469.67,0.00,0.00,10.90,4.60,0.00,0.00,1.97,14.57,0.01,9.73,172.49,136.42
2025-06-12 04:35,-193.04,-345.53,0.00,-0.10,41.00,428.22,0.11,95.57,0.29,1499.72,0.00,0.00,10.88,4.11,0.00,0.00,1.97,14.54,0.01,4.70,134.42,138.00
2025-06-12 04:40,-267.39,-350.07,0.00,-0.10,58.00,430.89,0.11,185.95,3.49,1506.97,0.00,0.00,10.87,4.50,0.00,0.00,2.78,14.63,0.01,9.14,168.82,150.20
2025-06-12 04:45,-165.70,-423.18,0.00,-0.10,75.00,429.75,0.11,211.14,4.39,1504.24,0.00,0.00,10.85,5.59,0.00,0.00,3.60,14.59,0.01,10.38,168.60,175.05
2025-06-12 04:50,-164.36,-429.81,0.00,-0.10,88.00,427.39,0.11,209.16,0.31,1494.88,0.00,0.00,10.83,5.73,0.00,0.00,4.22,14.51,0.01,10.28,171.89,138.00
2025-06-12 04:55,-157.96,-440.69,0.00,0.00,70.00,428.77,0.11,163.56,98.06,1498.47,0.00,0.00,10.82,5.50,0.00,0.00,3.36,14.55,0.01,8.04,147.88,138.00
2025-06-12 05:00,-147.33,-470.16,0.00,0.00,65.00,432.79,0.11,208.39,141.65,1464.77,0.00,0.00,10.80,6.02,0.00,0.00,3.12,14.69,0.01,10.24,155.96,175.05
2025-06-12 05:05,-57.36,-479.62,0.00,0.00,81.00,428.83,0.11,209.14,64.08,1451.90,0.00,0.00,10.87,6.34,0.00,0.00,3.89,14.56,0.01,10.28,158.23,138.04
2025-06-12 05:10,-0.01,-487.45,0.00,0.00,96.00,431.89,0.11,211.05,6.74,1446.05,0.00,0.00,10.93,6.61,0.00,0.00,4.61,14.66,0.01,10.37,162.14,180.39
2025-06-12 05:15,-19.58,-490.88,0.00,0.00,111.00,426.65,0.11,209.90,0.64,1461.62,0.00,0.00,11.00,6.69,0.00,0.00,5.33,14.48,0.01,10.31,165.51,154.59
2025-06-12 05:20,-7.56,-498.02,0.00,0.00,130.00,427.89,0.11,208.61,19.25,1443.99,0.00,0.00,11.07,6.86,0.00,0.00,6.24,14.53,0.01,10.25,168.13,169.47
2025-06-12 05:25,-2.41,-499.77,0.00,0.00,153.00,430.74,0.11,211.12,8.09,1426.26,0.00,0.00,11.13,7.05,0.00,0.00,7.34,14.62,0.01,10.37,175.77,204.91
2025-06-12 05:30,-11.04,-469.70,0.00,0.00,171.00,428.96,0.11,208.55,0.40,1420.03,0.00,0.00,11.20,6.96,0.00,0.00,8.21,14.56,0.01,10.25,178.90,138.00
2025-06-12 05:35,-14.17,-694.54,0.00,0.00,155.00,427.72,0.11,134.92,198.48,1393.21,0.00,0.00,11.27,8.60,0.00,0.00,7.44,14.52,0.01,6.63,149.89,174.82
2025-06-12 05:40,0.00,-673.76,0.00,0.00,173.00,430.74,0.11,211.08,11.66,1416.61,0.00,0.00,11.33,10.00,0.00,0.00,8.30,14.62,0.01,10.37,178.15,210.17
2025-06-12 05:45,-13.43,-659.22,0.00,0.00,193.00,425.21,0.11,207.34,0.42,1412.98,0.00,0.00,11.40,9.98,0.00,0.00,9.26,14.44,0.01,10.19,183.20,210.13
2025-06-12 05:50,-5.56,-665.97,0.00,0.00,198.00,428.49,0.11,208.65,0.46,1401.68,0.00,0.00,11.47,10.21,0.00,0.00,9.50,14.55,0.01,10.25,184.65,215.04
2025-06-12 05:55,-2.50,-665.85,0.00,-0.10,198.00,427.76,0.11,210.77,9.58,1399.89,0.00,0.00,11.53,10.19,0.00,0.00,9.50,14.52,0.01,10.36,184.01,223.99
2025-06-12 06:00,-0.45,-695.89,0.00,-0.10,198.00,428.43,0.11,207.42,47.41,1410.64,0.00,0.00,11.60,10.40,0.00,0.00,9.50,14.54,0.01,10.19,179.35,188.45
2025-06-12 06:05,-0.30,-708.08,0.00,-0.10,199.00,429.57,0.11,210.86,125.56,1396.47,0.00,0.00,11.63,10.34,0.00,0.00,9.55,14.58,0.01,10.36,175.34,206.88
2025-06-12 06:10,0.00,-702.29,0.00,-0.10,200.00,488.93,0.11,210.35,59.45,1386.87,0.00,0.00,11.67,10.93,0.00,0.00,9.60,16.57,0.01,10.34,186.78,209.99
2025-06-12 06:15,0.00,-724.71,0.00,-0.10,199.00,555.58,0.11,210.83,59.17,1395.62,0.00,0.00,11.70,11.59,0.00,0.00,9.55,18.80,0.01,10.36,191.97,189.11
2025-06-12 06:20,-6.26,-729.82,0.00,-0.10,183.00,614.21,0.11,210.74,57.85,1367.08,0.00,0.00,11.73,11.97,0.00,0.00,8.78,20.76,0.01,10.36,197.57,185.72
2025-06-12 06:25,-25.82,-700.87,0.00,-0.10,165.00,660.67,0.11,210.39,31.84,1352.82,0.00,0.00,11.77,11.75,0.00,0.00,7.92,22.32,0.01,10.34,204.24,188.33
2025-06-12 06:30,-5.88,-699.83,0.00,0.00,144.00,656.28,50.02,208.74,43.74,1308.95,0.00,0.00,11.80,12.18,0.00,0.00,6.91,22.17,2.64,10.26,209.61,229.98
2025-06-12 06:35,-60.96,-665.57,0.00,-0.10,120.00,648.41,102.74,171.95,76.34,1284.00,0.00,0.00,11.80,11.50,0.00,0.00,5.76,21.91,5.43,8.45,214.97,229.98
2025-06-12 06:40,-77.23,-666.18,0.00,-0.10,104.00,661.96,127.34,197.54,102.37,1253.23,0.00,0.00,11.80,11.92,0.00,0.00,4.99,22.36,6.72,9.71,224.52,242.14
2025-06-12 06:45,-75.96,-631.29,0.00,0.00,98.00,649.75,124.89,207.28,73.45,1242.84,0.00,0.00,11.80,11.44,0.00,0.00,4.70,21.95,6.60,10.19,227.32,270.17
2025-06-12 06:50,-254.64,-546.12,0.00,0.00,99.00,652.79,126.84,207.98,63.89,1263.08,0.00,0.00,11.80,9.89,0.00,0.00,4.75,22.06,6.70,10.22,251.72,277.43
2025-06-12 06:55,-262.27,-528.85,0.00,0.00,97.00,650.64,135.88,206.82,70.41,1260.88,0.00,0.00,11.80,9.58,0.00,0.00,4.65,21.98,7.06,10.16,252.33,279.83
2025-06-12 07:00,-95.48,-640.29,0.00,0.00,100.00,649.03,252.66,206.62,73.21,1233.54,0.00,0.00,11.80,12.86,0.00,0.00,4.80,21.93,13.65,10.15,254.04,302.06
2025-06-12 07:05,-23.52,-662.04,0.00,0.00,98.00,653.20,254.88,206.91,76.86,1217.04,0.00,0.00,11.72,13.39,0.00,0.00,4.70,22.07,13.77,10.17,245.86,279.83
2025-06-12 07:10,-125.09,-618.81,0.00,0.00,100.00,658.76,284.80,210.42,115.16,1168.56,0.00,0.00,11.63,12.92,0.00,0.00,4.80,22.26,15.58,10.34,267.97,277.75
2025-06-12 07:15,-98.93,-627.85,0.00,0.00,105.00,660.61,286.98,209.52,138.35,1163.14,0.00,0.00,11.55,13.07,0.00,0.00,5.04,22.32,15.71,10.30,263.26,353.78
2025-06-12 07:20,-5.05,-648.26,0.00,0.00,116.00,649.93,283.49,206.74,122.04,1153.64,0.00,0.00,11.47,13.62,0.00,0.00,5.57,21.96,15.53,10.16,252.89,278.49
2025-06-12 07:25,-0.63,-664.62,0.00,0.00,105.00,652.97,287.78,208.36,129.31,1170.30,0.00,0.00,11.38,13.82,0.00,0.00,5.04,22.06,15.76,10.24,249.58,360.78
2025-06-12 07:30,-7.71,-649.77,0.00,0.00,118.00,650.55,312.19,207.39,120.97,1150.25,0.00,0.00,11.30,13.93,0.00,0.00,5.66,21.98,17.04,10.19,258.35,349.98
2025-06-12 07:35,-2.89,-637.47,0.00,-0.10,131.00,651.52,312.69,207.07,119.22,1141.95,0.00,0.22,11.17,13.81,0.00,0.00,6.29,22.01,17.07,10.18,260.38,349.98
2025-06-12 07:40,-1.52,-629.57,0.00,-0.10,121.00,651.61,339.54,207.19,110.94,1116.35,0.00,0.45,11.03,14.02,0.00,0.00,5.81,22.02,18.71,10.18,267.41,353.12
2025-06-12 07:45,-4.34,-613.74,0.00,-0.10,138.00,650.96,340.07,207.37,102.02,1145.51,0.00,0.67,10.90,13.67,0.00,0.00,6.62,22.00,18.75,10.19,267.82,349.98
2025-06-12 07:50,-0.58,-628.41,0.00,0.00,155.00,653.76,342.55,207.69,106.59,1174.71,0.02,0.89,10.77,13.95,0.00,0.00,7.44,22.09,18.89,10.21,266.37,275.98
2025-06-12 07:55,-7.02,-609.60,0.00,0.00,135.00,642.43,308.62,203.88,184.05,1185.47,2.02,1.11,10.63,12.61,0.00,0.00,6.48,21.71,16.85,10.02,248.97,293.70
2025-06-12 08:00,-4.14,-575.46,0.00,0.00,112.00,649.44,311.78,206.50,100.01,1219.66,2.30,1.34,10.50,12.05,0.00,0.00,5.37,21.94,17.01,10.15,251.62,270.81
2025-06-12 08:05,-99.86,-548.60,0.00,0.00,99.00,650.16,312.20,206.71,138.80,1239.19,1.30,7.31,10.57,11.17,0.00,0.00,4.75,21.97,17.03,10.16,255.61,257.54
2025-06-12 08:10,-0.15,-659.49,0.00,0.00,98.00,648.32,288.02,207.20,327.51,1207.99,2.37,13.29,10.63,12.42,0.00,0.00,4.70,21.91,15.55,10.18,224.57,229.98
2025-06-12 08:15,-0.32,-624.79,0.00,0.00,115.00,653.94,266.36,201.40,280.41,1218.41,7.64,19.26,10.70,11.73,0.00,0.00,5.52,22.09,13.98,9.90,223.26,248.51
2025-06-12 08:20,-3.01,-556.37,0.00,0.00,134.00,645.96,310.72,206.82,27.33,1219.23,8.30,25.24,10.77,12.02,0.00,0.00,6.43,21.83,16.72,10.16,256.37,229.98
2025-06-12 08:25,-0.49,-540.49,0.00,0.00,153.00,648.11,266.52,200.89,22.16,1224.63,9.96,31.21,10.83,11.37,0.00,0.00,7.34,21.90,13.99,9.87,248.48,224.29
2025-06-12 08:30,-3.75,-486.61,0.00,-0.10,170.00,645.40,264.33,92.77,0.34,1215.71,12.97,37.19,10.90,9.80,0.00,0.00,8.16,21.81,13.86,4.56,237.64,190.70
2025-06-12 08:35,-8.50,-491.51,0.00,-0.10,188.00,646.72,239.11,93.34,0.68,1210.67,16.65,54.82,11.15,9.80,0.00,0.00,9.02,21.85,12.32,4.59,233.70,241.51
2025-06-12 08:40,-4.19,-390.79,0.00,-0.10,197.00,652.28,289.18,206.84,4.45,1198.03,20.31,72.45,11.40,8.68,0.00,0.00,9.45,22.04,15.37,10.16,258.38,229.98
2025-06-12 08:45,-22.75,-441.33,0.00,-0.10,196.00,643.86,239.69,197.38,220.81,1143.90,28.56,90.08,11.65,8.79,0.00,0.00,9.40,21.76,12.35,9.70,232.14,157.19
2025-06-12 08:50,-0.16,-400.44,0.00,-0.10,181.00,608.52,237.16,101.46,272.44,1114.77,51.10,107.71,11.90,7.24,0.00,0.00,8.69,20.57,12.17,4.99,206.77,229.98
2025-06-12 08:55,-13.73,-353.81,0.00,-0.10,188.00,644.88,234.56,100.68,18.86,1178.87,72.38,125.34,12.15,6.93,0.00,0.00,9.02,21.79,12.03,4.95,223.26,185.96
2025-06-12 09:00,-1.69,-350.16,0.00,-0.10,199.00,646.64,234.94,95.32,2.54,1148.22,69.38,142.97,12.40,7.03,0.00,0.00,9.55,21.85,12.05,4.68,225.49,185.04
2025-06-12 09:05,-10.41,-370.36,0.00,-0.10,199.00,651.64,236.24,97.22,4.42,1140.16,74.28,160.99,12.52,7.47,0.00,0.00,9.55,22.02,12.12,4.78,225.33,229.98
2025-06-12 09:10,-0.15,-355.66,0.00,0.00,200.00,650.82,225.40,99.82,5.39,1115.24,57.43,179.01,12.63,7.24,0.00,0.00,9.60,21.99,11.45,4.91,224.31,188.32
2025-06-12 09:15,-2.59,-358.82,0.00,0.00,199.00,594.59,225.48,98.42,9.51,1096.17,99.70,197.03,12.75,7.10,0.00,0.00,9.55,20.11,11.46,4.84,215.98,215.56
2025-06-12 09:20,-7.55,-343.41,0.00,0.00,197.00,531.70,220.79,93.95,0.18,1114.20,108.64,215.05,12.87,6.56,0.00,0.00,9.45,18.00,11.21,4.62,206.86,177.10
2025-06-12 09:25,-66.75,-335.85,0.00,0.00,196.00,501.67,224.61,99.17,6.98,1120.78,117.28,233.07,12.98,6.32,0.00,0.00,9.40,16.99,11.41,4.87,208.06,192.13
2025-06-12 09:30,-151.01,-289.70,0.00,0.00,197.00,497.73,223.20,95.32,0.45,1105.10,125.32,251.09,13.10,5.47,0.00,0.00,9.45,16.86,11.34,4.68,215.36,185.38
2025-06-12 09:35,-95.21,-352.20,0.00,0.00,195.00,505.23,224.18,101.35,24.53,1103.19,136.19,281.93,13.30,6.59,0.00,0.00,9.36,17.11,11.39,4.98,204.79,241.31
2025-06-12 09:40,-100.06,-331.35,0.00,0.00,199.00,495.36,281.05,16.66,1.49,1067.95,144.57,312.77,13.50,6.31,0.00,0.00,9.55,16.78,14.89,0.82,205.36,166.35
2025-06-12 09:45,-3.68,-389.92,0.00,0.00,177.00,449.71,232.14,10.09,132.34,1035.28,150.68,343.61,13.70,6.45,0.00,0.00,8.49,15.25,11.91,0.50,166.82,170.44
2025-06-12 09:50,-63.54,-308.61,0.00,-0.10,162.00,438.72,224.07,9.40,13.36,1029.18,158.53,374.45,13.90,5.23,0.00,0.00,7.77,14.89,11.39,0.46,172.44,175.98
2025-06-12 09:55,-149.41,-332.78,0.00,-0.10,177.00,495.16,223.85,0.00,31.05,1036.27,166.87,405.29,14.10,5.73,0.00,0.00,8.49,16.78,11.38,0.00,180.73,170.44
2025-06-12 10:00,-2.74,-435.72,0.00,-0.10,157.00,494.02,220.69,95.84,8.80,1034.79,172.47,436.13,14.30,8.02,0.00,0.00,7.53,16.74,11.21,4.71,177.00,154.06
2025-06-12 10:05,-0.43,-397.77,0.00,-0.10,138.00,438.60,223.76,97.78,8.09,1008.02,172.87,462.14,14.43,7.18,0.00,0.00,6.62,14.88,11.37,4.81,170.17,202.96
2025-06-12 10:10,-3.12,-382.53,0.00,-0.10,114.00,426.07,220.68,95.51,0.30,1001.97,175.60,488.16,14.57,6.74,0.00,0.00,5.47,14.46,11.21,4.69,163.44,124.00
2025-06-12 10:15,-0.89,-464.92,0.00,-0.10,95.00,425.42,222.96,96.44,196.97,991.26,176.11,514.17,14.70,7.40,0.00,0.00,4.56,14.44,11.34,4.74,147.45,207.70
2025-06-12 10:20,-0.28,-378.20,0.00,-0.10,76.00,427.90,223.32,98.13,4.77,975.25,178.86,540.18,14.83,6.55,0.00,0.00,3.65,14.52,11.36,4.82,155.48,214.53
2025-06-12 10:25,-1.23,-375.65,0.00,-0.10,64.00,423.86,224.09,95.80,0.68,948.39,186.26,566.19,14.97,6.49,0.00,0.00,3.07,14.39,11.40,4.71,152.38,299.44
2025-06-12 10:30,-0.36,-460.73,0.00,0.00,79.00,448.51,222.17,188.22,1.17,951.51,200.40,592.20,15.10,8.72,0.00,0.00,3.79,15.21,11.30,9.25,166.54,229.98
2025-06-12 10:35,-0.89,-440.82,0.00,0.00,66.00,428.65,222.25,152.04,0.81,935.09,219.85,620.23,15.25,7.95,0.00,0.00,3.17,14.55,11.31,7.47,155.49,229.99
2025-06-12 10:40,-47.13,-453.51,0.00,0.00,73.00,430.52,223.71,198.35,11.54,926.01,229.59,648.26,15.40,8.51,0.00,0.00,3.50,14.61,11.38,9.75,164.66,229.99
2025-06-12 10:45,-52.63,-466.23,0.00,0.00,87.00,425.32,220.79,199.60,0.49,920.58,235.63,676.29,15.55,8.85,0.00,0.00,4.17,14.44,11.23,9.81,164.53,229.98
2025-06-12 10:50,-43.94,-438.93,0.00,0.00,74.00,426.16,221.18,164.25,0.98,893.40,235.76,704.32,15.70,8.13,0.00,0.00,3.55,14.47,11.25,8.07,156.68,229.98
2025-06-12 10:55,-47.36,-441.30,0.00,0.00,65.00,422.78,219.36,174.96,0.29,884.59,233.43,732.35,15.85,8.21,0.00,0.00,3.12,14.35,11.16,8.60,155.16,229.98
2025-06-12 11:00,-82.65,-405.06,0.00,0.00,64.00,427.35,217.58,103.14,39.66,859.06,226.83,760.38,16.00,7.05,0.00,0.00,3.07,14.51,11.07,5.07,144.76,199.39
2025-06-12 11:05,-55.35,-406.20,0.00,0.00,59.00,424.62,219.03,98.18,0.31,852.73,226.94,783.54,16.00,7.17,0.00,0.00,2.83,14.41,11.14,4.82,141.85,229.98
2025-06-12 11:10,-48.48,-442.92,0.00,0.00,62.00,424.80,219.72,169.68,0.57,843.86,213.97,806.71,16.00,8.45,0.00,0.00,2.98,14.42,11.18,8.34,151.80,229.98
2025-06-12 11:15,-85.63,-439.38,0.00,0.00,61.00,424.64,217.83,165.47,0.31,839.08,223.57,829.87,16.00,8.31,0.00,0.00,2.93,14.41,11.08,8.13,151.51,189.10
2025-06-12 11:20,-55.49,-424.86,0.00,0.00,59.00,422.35,218.45,99.26,0.31,834.05,231.19,853.03,16.00,7.56,0.00,0.00,2.83,14.34,11.12,4.88,137.34,211.61
2025-06-12 11:25,-56.49,-413.56,0.00,-0.10,58.00,425.15,177.96,98.86,0.33,803.47,236.27,876.19,16.00,7.13,0.00,0.00,2.78,14.43,8.98,4.86,130.10,229.98
2025-06-12 11:30,-95.78,-407.66,0.00,-0.20,57.00,424.38,139.24,141.04,0.31,773.18,236.44,899.36,16.00,7.14,0.00,0.00,2.73,14.40,6.94,6.93,132.18,229.98
2025-06-12 11:35,-81.13,-394.76,0.00,-0.10,57.00,424.11,96.79,145.27,0.30,753.52,237.50,908.05,16.08,6.67,0.00,0.00,2.73,14.40,4.70,7.14,124.65,229.98
2025-06-12 11:40,-53.19,-402.58,0.00,-0.10,59.00,423.73,39.71,179.45,0.30,726.33,255.52,916.73,16.17,6.63,0.00,0.00,2.83,14.38,1.68,8.82,117.99,229.98
2025-06-12 11:45,-55.23,-481.44,0.00,-0.10,57.00,424.88,39.47,119.22,0.29,724.11,271.19,925.42,16.25,7.26,0.00,0.00,2.73,14.42,1.67,5.86,103.26,233.54
2025-06-12 11:50,-206.63,-455.46,0.00,0.00,74.00,423.56,39.20,207.20,0.30,725.43,270.22,934.11,16.33,7.79,0.00,0.00,3.55,14.38,1.66,10.18,131.09,229.98
2025-06-12 11:55,-125.41,-444.98,0.00,0.00,67.00,426.65,12.58,162.52,0.34,697.19,262.04,942.80,16.42,7.16,0.00,0.00,3.21,14.48,0.53,7.99,114.27,202.25
2025-06-12 12:00,-84.74,-407.38,0.00,0.00,60.00,422.67,0.11,96.54,0.30,689.48,237.34,951.49,16.50,5.94,0.00,0.00,2.88,14.35,0.01,4.74,97.88,229.98
2025-06-12 12:05,-330.61,-305.57,0.00,0.00,59.00,425.45,0.11,104.02,0.29,690.29,226.23,962.42,16.55,4.54,0.00,0.00,2.83,14.44,0.01,5.11,116.91,175.05
2025-06-12 12:10,-143.40,-391.40,0.00,0.00,60.00,427.48,0.11,97.40,0.68,649.07,220.61,973.35,16.60,5.97,0.00,0.00,2.88,14.51,0.01,4.79,102.74,217.96
2025-06-12 12:15,-260.33,-358.17,0.00,0.00,62.00,426.67,0.11,97.40,2.94,680.39,213.23,984.28,16.65,5.37,0.00,0.00,2.98,14.48,0.01,4.79,109.55,212.23
2025-06-12 12:20,-165.71,-393.71,0.00,0.00,60.00,423.36,0.11,97.02,0.32,661.17,210.32,995.21,16.70,5.97,0.00,0.00,2.88,14.37,0.01,4.77,102.02,178.70
2025-06-12 12:25,-204.85,-358.64,0.00,0.00,57.00,423.88,0.11,94.64,0.31,643.57,209.99,1006.15,16.75,5.46,0.00,0.00,2.73,14.39,0.01,4.65,104.58,175.05
2025-06-12 12:30,-301.91,-336.52,0.00,-0.10,61.00,427.80,0.11,99.50,0.28,671.91,211.42,1017.08,16.80,5.11,0.00,0.00,2.93,14.52,0.01,4.89,111.76,175.05
2025-06-12 12:35,-295.36,-341.38,0.00,-0.10,61.00,422.37,0.11,97.69,0.30,670.16,212.70,1021.64,16.67,5.15,0.00,0.00,2.93,14.34,0.01,4.80,109.84,178.70
2025-06-12 12:40,-323.48,-335.65,0.00,-0.10,60.00,424.60,0.11,97.37,0.31,664.14,226.23,1026.20,16.53,5.03,0.00,0.00,2.88,14.41,0.01,4.78,111.21,161.16
2025-06-12 12:45,-358.36,-323.88,0.00,-0.10,58.00,423.96,0.11,95.87,0.31,644.44,248.90,1030.76,16.40,4.82,0.00,0.00,2.78,14.39,0.01,4.71,112.57,154.88
2025-06-12 12:50,-289.37,-359.71,0.00,-0.10,54.00,424.63,0.11,94.71,0.31,645.03,267.82,1035.32,16.27,5.24,0.00,0.00,2.59,14.41,0.01,4.65,105.23,158.91
2025-06-12 12:55,-343.63,-322.91,0.00,-0.10,62.00,426.51,0.11,97.15,0.36,627.73,281.17,1039.88,16.13,4.80,0.00,0.00,2.98,14.48,0.01,4.77,111.95,159.19
2025-06-12 13:00,-318.67,-325.70,0.00,0.00,64.00,427.99,0.11,98.62,0.38,586.97,291.31,1044.44,16.00,4.98,0.00,0.00,3.07,14.52,0.01,4.85,112.16,155.68
2025-06-12 13:05,-257.24,-361.27,0.00,0.00,62.00,426.01,0.11,98.42,0.33,570.11,291.56,1039.17,16.07,5.56,0.00,0.00,2.98,14.46,0.01,4.84,107.35,158.28
2025-06-12 13:10,-307.80,-346.44,0.00,0.00,65.00,425.76,0.11,97.69,0.35,569.29,295.13,1033.90,16.13,5.33,0.00,0.00,3.12,14.45,0.01,4.80,111.57,160.01
2025-06-12 13:15,-324.33,-343.63,0.00,0.00,61.00,424.03,0.11,96.03,0.30,563.35,294.76,1028.63,16.20,5.26,0.00,0.00,2.93,14.39,0.01,4.72,111.87,157.34
2025-06-12 13:20,-306.79,-373.74,0.00,0.00,64.00,425.89,0.11,97.57,0.30,571.29,309.95,1023.35,16.27,5.68,0.00,0.00,3.07,14.45,0.01,4.79,110.25,158.79
2025-06-12 13:25,-384.77,-349.15,0.00,0.00,59.00,424.08,0.11,95.00,0.30,565.91,354.08,1018.08,16.33,5.10,0.00,0.00,2.83,14.39,0.01,4.67,113.07,142.76
2025-06-12 13:30,-277.33,-419.65,0.00,0.00,60.00,423.55,0.11,97.76,0.31,584.02,383.19,1012.81,16.40,5.98,0.00,0.00,2.88,14.38,0.01,4.80,103.52,144.03
2025-06-12 13:35,-345.77,-383.34,0.00,0.00,63.00,425.09,0.11,98.99,0.35,568.19,370.87,1011.16,16.50,5.61,0.00,0.00,3.02,14.43,0.01,4.86,110.91,156.43
2025-06-12 13:40,-400.44,-332.84,0.00,0.00,62.00,420.97,0.11,96.76,0.41,542.84,389.48,1009.52,16.60,4.85,0.00,0.00,2.98,14.29,0.01,4.75,115.24,135.05
2025-06-12 13:45,-267.12,-389.03,0.00,0.00,59.00,423.68,0.11,95.09,0.97,542.36,378.17,1007.87,16.70,5.68,0.00,0.00,2.83,14.38,0.01,4.67,105.09,108.70
2025-06-12 13:50,-216.39,-386.07,0.00,-0.10,64.00,429.75,5.60,98.70,1.33,537.29,333.86,1006.23,16.80,6.00,0.00,0.00,3.07,14.59,0.34,4.85,107.90,99.53
2025-06-12 13:55,-57.91,-462.88,0.00,-0.10,60.00,427.22,5.57,96.35,22.65,546.03,330.07,1004.58,16.90,6.99,0.00,0.00,2.88,14.50,0.34,4.73,94.17,128.85
2025-06-12 14:00,-103.18,-446.53,0.00,0.00,61.00,427.12,5.56,95.70,24.31,518.49,344.37,1002.94,17.00,6.80,0.00,0.00,2.93,14.50,0.34,4.70,97.47,134.35
2025-06-12 14:05,-205.78,-396.75,0.00,-0.10,63.00,430.97,8.04,97.66,24.16,512.68,316.19,983.97,16.97,6.27,0.00,0.00,3.02,14.63,0.49,4.80,109.12,146.23
2025-06-12 14:10,-208.81,-386.20,0.00,-0.10,59.00,425.74,8.16,94.91,1.50,517.18,318.99,964.99,16.93,6.08,0.00,0.00,2.83,14.45,0.50,4.66,109.39,153.99
2025-06-12 14:15,-219.17,-373.68,0.00,-0.10,64.00,431.82,19.90,98.05,9.98,516.26,294.92,946.02,16.90,6.19,0.00,0.00,3.07,14.66,1.22,4.82,117.97,143.39
2025-06-12 14:20,-113.79,-387.45,0.00,-0.10,60.00,422.34,19.87,95.58,0.30,510.22,272.78,927.05,16.87,6.49,0.00,0.00,2.88,14.33,1.22,4.70,110.53,152.94
2025-06-12 14:25,-109.75,-379.93,0.00,0.00,64.00,419.94,20.13,96.07,15.67,503.29,258.12,908.08,16.83,6.42,0.00,0.00,3.07,14.25,1.24,4.72,112.67,153.31
2025-06-12 14:30,-28.50,-398.24,0.00,0.00,59.00,424.07,0.11,93.86,2.52,510.04,254.31,889.10,16.80,6.47,0.00,0.00,2.83,14.39,0.01,4.61,102.11,154.87
2025-06-12 14:35,-33.20,-408.50,0.00,0.00,62.00,424.75,0.11,96.39,3.11,512.86,266.00,877.82,16.95,6.62,0.00,0.00,2.98,14.42,0.01,4.74,103.33,213.36
2025-06-12 14:40,-215.98,-314.65,0.00,0.00,59.00,424.84,0.11,94.90,0.30,506.40,256.22,866.54,17.10,5.14,0.00,0.00,2.83,14.42,0.01,4.66,120.02,153.45
2025-06-12 14:45,-119.36,-345.38,0.00,0.00,57.00,423.80,0.11,95.31,0.31,499.96,250.29,855.26,17.25,5.68,0.00,0.00,2.73,14.38,0.01,4.68,112.72,165.71
2025-06-12 14:50,-171.61,-178.62,0.00,0.00,64.00,424.84,0.10,97.80,2.88,506.82,252.08,843.98,17.40,2.95,0.00,0.00,3.07,14.42,0.01,4.81,126.02,165.66
2025-06-12 14:55,-215.79,-156.05,0.00,0.00,62.00,423.92,0.11,97.29,7.98,505.89,251.96,832.70,17.55,2.56,0.00,0.00,2.98,14.39,0.01,4.78,129.87,214.12
2025-06-12 15:00,-17.83,-238.88,0.00,0.00,58.00,423.95,0.11,94.74,0.62,506.59,258.56,821.42,17.70,3.88,0.00,0.00,2.78,14.39,0.01,4.66,112.93,239.96
2025-06-12 15:05,-115.81,-239.25,0.00,0.00,61.00,422.41,0.11,207.69,1.50,504.14,249.54,799.85,17.75,4.54,0.00,0.00,2.93,14.34,0.01,10.21,145.51,218.56
2025-06-12 15:10,-279.36,-167.00,0.00,0.00,81.00,424.77,25.91,210.35,0.31,485.47,235.78,778.28,17.80,3.42,0.00,0.00,3.89,14.42,1.37,10.34,177.67,140.57
2025-06-12 15:15,-9.44,-295.31,0.00,0.00,101.00,425.78,27.51,210.27,9.06,474.87,230.54,756.71,17.85,6.21,0.00,0.00,4.85,14.45,1.45,10.33,154.59,204.35
2025-06-12 15:20,-6.30,-285.16,0.00,0.00,123.00,424.57,27.61,210.30,6.89,462.13,222.97,735.14,17.90,6.20,0.00,0.00,5.90,14.41,1.46,10.33,161.83,259.68
2025-06-12 15:25,-100.81,-231.21,0.00,0.00,144.00,424.49,27.81,210.88,5.19,454.47,214.75,713.58,17.95,5.17,0.00,0.00,6.91,14.41,1.47,10.36,180.18,256.03
2025-06-12 15:30,-33.26,-262.25,0.00,0.00,165.00,422.58,27.91,209.66,3.26,462.42,219.32,692.01,18.00,5.91,0.00,0.00,7.92,14.34,1.47,10.30,177.02,255.06
2025-06-12 15:35,-6.05,-262.79,0.00,-0.10,183.00,428.10,27.91,209.19,1.00,434.07,221.65,666.00,17.93,6.12,0.00,0.00,8.78,14.53,1.47,10.28,182.59,254.72
2025-06-12 15:40,-15.40,-259.52,0.00,-0.10,196.00,422.68,27.91,206.96,0.30,414.38,254.80,639.99,17.87,6.03,0.00,0.00,9.40,14.35,1.47,10.17,186.64,257.05
2025-06-12 15:45,-17.31,-255.40,0.00,-0.10,199.00,425.80,27.91,209.51,9.45,406.85,259.08,613.99,17.80,5.94,0.00,0.00,9.55,14.45,1.47,10.30,190.51,254.18
2025-06-12 15:50,-8.15,-226.76,0.00,0.00,200.00,426.66,27.91,209.99,12.32,383.93,235.65,587.98,17.73,5.44,0.00,0.00,9.60,14.48,1.47,10.32,197.46,280.57
2025-06-12 15:55,-57.03,-187.27,0.00,0.00,200.00,423.55,27.91,209.13,14.27,369.00,253.31,561.98,17.67,4.47,0.00,0.00,9.60,14.38,1.47,10.28,206.66,301.56
2025-06-12 16:00,-28.11,-224.59,0.00,0.00,200.00,484.60,80.98,210.28,0.36,366.73,212.55,535.97,17.60,5.87,0.00,0.00,9.60,16.42,4.28,10.33,226.85,299.44
2025-06-12 16:05,-3.77,-232.57,0.00,-0.10,199.00,436.48,168.44,209.95,41.22,352.28,178.56,507.28,17.53,6.38,0.00,0.00,9.55,14.81,8.82,10.32,239.88,275.75
2025-06-12 16:10,-26.55,-262.07,0.00,-0.10,199.00,490.76,252.91,204.68,0.35,366.66,167.82,478.58,17.47,7.73,0.00,0.00,9.55,16.63,13.38,10.06,268.46,278.52
2025-06-12 16:15,-107.40,-252.00,0.00,0.00,200.00,550.96,286.37,196.69,2.85,387.06,148.75,449.89,17.40,7.60,0.00,0.00,9.60,18.64,15.57,9.67,295.47,279.56
2025-06-12 16:20,-103.73,-269.34,0.00,0.00,198.00,608.25,311.55,194.02,10.61,399.07,142.57,421.20,17.33,8.19,0.00,0.00,9.50,20.56,17.11,9.53,304.42,279.83
2025-06-12 16:25,-53.82,-280.68,0.00,0.00,199.00,653.12,315.93,207.28,5.25,375.70,118.54,392.51,17.27,8.86,0.00,0.00,9.55,22.06,17.38,10.19,312.37,300.00
2025-06-12 16:30,-26.20,-319.41,0.00,0.00,199.00,655.70,389.20,209.54,11.01,389.86,99.30,363.81,17.20,10.44,0.00,0.00,9.55,22.15,21.87,10.30,325.12,435.33
2025-06-12 16:35,-1.68,-364.48,0.00,0.00,199.00,652.64,491.63,209.54,10.84,396.11,86.40,335.42,17.13,12.51,0.00,0.00,9.55,22.05,28.32,10.30,343.60,449.14
2025-06-12 16:40,-1.45,-343.27,0.00,0.00,199.00,651.53,494.21,207.46,13.24,387.60,75.73,307.03,17.07,11.89,0.00,0.00,9.55,22.01,28.49,10.19,351.74,454.87
2025-06-12 16:45,-0.85,-338.67,0.00,0.00,199.00,652.07,524.12,208.94,9.53,386.71,66.88,278.65,17.00,11.96,0.00,0.00,9.55,22.03,30.48,10.27,364.66,679.07
2025-06-12 16:50,-1.17,-322.21,0.00,0.00,198.00,649.37,523.59,207.60,9.37,384.86,62.50,250.26,16.93,11.41,0.00,0.00,9.50,21.94,30.46,10.20,371.13,1001.45
2025-06-12 16:55,-0.35,-408.70,0.00,0.00,199.00,653.08,525.58,209.52,216.10,380.55,50.09,221.87,16.87,13.26,0.00,0.00,9.55,22.06,30.57,10.30,347.20,3149.67
2025-06-12 17:00,-0.44,-398.81,0.00,0.00,197.00,648.85,522.76,207.14,231.75,372.25,39.34,193.48,16.80,12.93,0.00,0.00,9.45,21.92,30.42,10.18,351.87,1069.12
2025-06-12 17:05,-0.42,-377.71,0.00,-0.10,197.00,649.54,522.98,207.14,231.03,367.65,31.95,169.47,16.48,12.32,0.00,0.00,9.45,21.94,30.43,10.18,358.36,1000.00
2025-06-12 17:10,-0.44,-345.55,0.00,0.00,198.00,656.62,526.38,210.38,180.47,367.95,25.48,145.45,16.17,11.59,0.00,0.00,9.50,22.18,30.62,10.34,372.84,3359.83
2025-06-12 17:15,-0.61,-355.08,0.00,0.00,198.00,649.45,523.81,207.29,228.92,362.07,19.10,121.44,15.85,11.70,0.00,0.00,9.50,21.94,30.47,10.19,370.89,9884.44
2025-06-12 17:20,-0.41,-263.70,0.00,0.00,198.00,651.64,526.71,207.54,53.60,365.91,14.96,97.43,15.53,9.45,0.00,0.00,9.50,22.01,30.63,10.20,407.59,9562.94
2025-06-12 17:25,-0.38,-336.41,0.00,0.00,199.00,650.22,525.99,208.35,243.95,360.15,11.44,73.42,15.22,11.07,0.00,0.00,9.55,21.97,30.59,10.24,379.89,9648.70
2025-06-12 17:30,-0.29,-341.71,0.00,0.00,199.00,657.40,527.99,209.40,283.00,369.93,7.21,49.41,14.90,11.03,0.00,0.00,9.55,22.21,30.70,10.29,377.61,9950.79
2025-06-12 17:35,-0.26,-344.51,0.00,0.00,199.00,657.08,528.05,209.31,320.08,352.70,5.31,41.46,14.63,11.03,0.00,0.00,9.55,22.20,30.70,10.29,376.20,9771.03
2025-06-12 17:40,-0.24,-323.56,0.00,0.00,198.00,657.28,527.94,210.91,307.32,357.23,3.82,33.52,14.37,10.41,0.00,0.00,9.50,22.20,30.70,10.36,379.43,9938.49
2025-06-12 17:45,-0.40,-316.35,0.00,0.00,197.00,649.49,531.80,207.37,331.58,356.80,2.16,25.57,14.10,10.09,0.00,0.00,9.45,21.94,31.00,10.19,377.81,9956.38
2025-06-12 17:50,-0.37,-297.78,0.00,0.00,197.00,651.63,555.33,207.31,306.27,364.67,1.27,17.63,13.83,9.69,0.00,0.00,9.45,22.01,32.67,10.19,387.21,9982.58
2025-06-12 17:55,-0.33,-424.95,0.00,0.00,198.00,652.97,576.15,208.44,321.52,386.22,0.18,9.68,13.57,13.78,0.00,0.00,9.50,22.06,34.17,10.24,387.17,9972.50
2025-06-12 18:00,-0.26,-437.11,0.00,0.00,198.00,654.37,593.39,206.59,343.90,394.06,0.04,1.74,13.30,14.10,0.00,0.00,9.50,22.11,35.37,10.15,386.91,9904.61
2025-06-12 18:05,-0.34,-414.72,0.00,0.00,198.00,651.02,614.37,207.46,309.79,392.42,0.04,1.45,13.07,13.73,0.00,0.00,9.50,21.99,36.87,10.19,397.05,9652.23
2025-06-12 18:10,-0.02,-402.82,0.00,0.00,196.00,649.59,619.81,205.63,323.68,380.07,0.04,1.16,12.83,13.36,0.00,0.00,9.40,21.95,37.29,10.11,397.69,9690.42
2025-06-12 18:15,0.00,-393.09,0.00,0.00,198.00,651.70,637.78,208.56,285.41,400.70,0.04,0.87,12.60,13.26,0.00,0.00,9.50,22.02,38.57,10.25,404.52,10066.14
2025-06-12 18:20,-0.58,-359.25,0.00,0.00,198.00,654.17,655.94,208.27,221.43,414.48,0.04,0.58,12.37,12.47,0.00,0.00,9.50,22.10,39.83,10.23,416.62,10323.39
2025-06-12 18:25,-2.67,-360.90,0.00,0.00,196.00,648.07,655.25,205.05,186.66,424.40,0.04,0.29,12.13,12.66,0.00,0.00,9.40,21.90,39.84,10.08,421.44,4577.98
2025-06-12 18:30,-2.10,-300.34,0.00,0.00,199.00,660.98,661.68,209.83,110.83,439.24,0.04,0.00,11.90,10.85,0.00,0.00,9.55,22.33,40.22,10.31,433.87,9474.64
2025-06-12 18:35,-4.50,-398.91,0.00,0.00,196.00,649.67,652.41,205.95,290.82,424.41,0.04,0.00,11.87,13.37,0.00,0.00,9.40,21.95,39.63,10.12,403.20,3398.51
2025-06-12 18:40,-4.26,-402.94,0.00,0.00,198.00,654.74,658.31,210.06,302.89,436.16,0.04,0.00,11.83,13.42,0.00,0.00,9.50,22.12,39.99,10.32,400.47,8864.21
2025-06-12 18:45,-4.03,-422.09,0.00,-0.10,198.00,653.42,658.20,206.84,328.25,438.35,0.00,0.00,11.80,13.90,0.00,0.00,9.50,22.08,40.01,10.16,395.89,8816.81
2025-06-12 18:50,-4.03,-419.10,0.00,-0.10,198.00,661.82,658.49,210.62,332.77,442.43,0.00,0.00,11.77,13.76,0.00,0.00,9.50,22.36,39.99,10.35,394.70,9572.33
2025-06-12 18:55,-4.04,-428.19,0.00,-0.20,197.00,649.57,656.24,206.27,349.09,440.65,0.00,0.00,11.73,13.95,0.00,0.00,9.45,21.95,39.90,10.14,391.86,9825.10
2025-06-12 19:00,-4.04,-425.10,0.00,-0.10,197.00,657.47,657.78,209.52,329.22,452.63,0.00,0.00,11.70,13.91,0.00,0.00,9.45,22.21,39.97,10.30,393.47,10014.92
2025-06-12 19:05,-4.07,-421.89,0.00,-0.10,198.00,652.77,655.63,207.11,338.89,459.11,0.00,0.00,11.60,13.70,0.00,0.00,9.50,22.05,39.84,10.18,390.55,9725.00
2025-06-12 19:10,-4.27,-423.99,0.00,-0.10,199.00,656.90,658.51,209.45,319.18,475.15,0.00,0.00,11.50,13.81,0.00,0.00,9.55,22.19,40.01,10.29,391.77,10291.23
2025-06-12 19:15,-4.34,-356.46,0.00,-0.10,198.00,653.05,659.19,208.50,168.72,478.85,0.00,0.00,11.40,12.34,0.00,0.00,9.50,22.06,40.08,10.25,416.21,10191.89
2025-06-12 19:20,-4.39,-341.18,0.00,-0.10,198.00,659.56,629.37,209.71,176.13,472.10,0.00,0.00,11.30,11.66,0.00,0.00,9.50,22.28,38.07,10.31,411.15,10454.47
2025-06-12 19:25,-4.07,-276.55,0.00,-0.10,199.00,661.53,628.98,210.57,193.16,450.17,0.00,0.00,11.20,9.47,0.00,0.00,9.55,22.35,38.03,10.35,411.90,16374.84
2025-06-12 19:30,-4.34,-257.07,0.00,-0.10,198.00,654.26,628.20,208.82,186.52,439.85,0.00,0.00,11.10,8.86,0.00,0.00,9.50,22.10,37.98,10.26,414.69,16983.46
2025-06-12 19:35,-4.08,-256.76,0.00,-0.10,199.00,659.56,657.96,210.35,96.64,351.61,0.00,0.00,11.03,9.69,0.00,0.00,9.55,22.28,39.95,10.34,454.03,16963.28
2025-06-12 19:40,-4.54,-254.23,0.00,-0.10,198.00,656.98,661.43,208.77,82.45,367.59,0.00,0.00,10.97,9.60,0.00,0.00,9.50,22.19,40.21,10.26,454.38,11667.45
2025-06-12 19:45,-4.33,-240.37,0.00,0.00,199.00,653.40,624.96,207.22,82.35,367.08,0.00,0.00,10.90,8.97,0.00,0.00,9.55,22.08,37.79,10.18,448.62,10842.23
2025-06-12 19:50,-4.29,-283.93,0.00,0.00,199.00,657.72,627.75,210.62,81.77,466.93,0.00,0.00,10.83,10.13,0.00,0.00,9.55,22.22,37.96,10.35,429.20,11325.83
2025-06-12 19:55,-4.33,-333.06,0.00,0.00,199.00,659.22,629.28,209.19,156.32,475.49,0.00,0.00,10.77,11.47,0.00,0.00,9.55,22.27,38.06,10.28,413.99,16963.65
2025-06-12 20:00,-4.74,-317.18,0.00,0.00,198.00,655.84,657.87,206.97,82.35,489.59,0.00,0.00,10.70,11.32,0.00,0.00,9.50,22.16,39.96,10.17,429.48,16443.14
2025-06-12 20:05,-4.45,-240.68,0.00,0.00,198.00,653.75,656.52,207.75,78.36,505.27,0.00,0.00,10.58,8.55,0.00,0.00,9.50,22.09,39.90,10.21,427.24,10419.21
2025-06-12 20:10,-4.59,-324.66,0.00,0.00,198.00,659.98,660.57,208.96,89.12,517.71,0.00,0.00,10.47,11.43,0.00,0.00,9.50,22.30,40.11,10.27,423.42,1058.71
2025-06-12 20:15,-4.61,-319.29,0.00,0.00,198.00,657.58,660.17,209.34,77.47,517.05,0.00,0.00,10.35,11.30,0.00,0.00,9.50,22.22,40.10,10.29,425.71,985.20
2025-06-12 20:20,-0.64,-325.83,0.00,0.00,199.00,660.00,662.07,210.65,80.66,525.87,0.00,0.00,10.23,11.48,0.00,0.00,9.55,22.30,40.21,10.35,423.07,10583.13
2025-06-12 20:25,-0.61,-321.64,0.00,0.00,198.00,654.54,658.57,208.93,77.89,542.40,0.00,0.00,10.12,11.25,0.00,0.00,9.50,22.11,40.00,10.27,419.99,985.20
2025-06-12 20:30,-0.35,-308.25,0.00,-0.10,199.00,662.54,658.97,210.19,28.23,558.63,0.00,0.00,10.00,10.94,0.00,0.00,9.55,22.38,39.99,10.33,425.99,944.98
2025-06-12 20:35,-32.43,-289.54,0.00,-0.10,198.00,659.82,662.75,209.80,0.13,569.02,0.00,0.00,9.87,10.37,0.00,0.00,9.50,22.29,40.26,10.31,436.89,9980.19
2025-06-12 20:40,-4.64,-390.59,0.00,0.00,196.00,651.23,657.03,206.33,157.36,560.84,0.00,0.00,9.73,13.10,0.00,0.00,9.40,22.00,39.92,10.14,403.41,824.97
2025-06-12 20:45,-0.26,-389.02,0.00,0.00,198.00,659.30,660.69,209.13,105.78,583.11,0.00,0.00,9.60,13.23,0.00,0.00,9.50,22.27,40.12,10.28,408.19,827.07
2025-06-12 20:50,-19.80,-375.01,0.00,0.00,198.00,659.92,659.76,209.92,104.23,571.01,0.00,0.00,9.47,12.82,0.00,0.00,9.50,22.29,40.04,10.32,414.34,466.40
2025-06-12 20:55,-2.02,-355.94,0.00,0.00,199.00,656.63,658.69,209.42,107.26,567.49,0.00,0.00,9.33,12.17,0.00,0.00,9.55,22.18,39.97,10.29,410.63,834.00
2025-06-12 21:00,-0.48,-313.74,0.00,-0.10,199.00,659.13,660.33,210.41,104.47,561.26,0.00,0.00,9.20,10.78,0.00,0.00,9.55,22.27,40.08,10.34,412.24,515.31
2025-06-12 21:05,-2.31,-252.13,0.00,-0.10,189.00,660.13,658.49,209.20,23.96,534.36,0.00,0.00,9.27,9.04,0.00,0.00,9.07,22.30,39.97,10.28,431.00,675.15
2025-06-12 21:10,-3.08,-273.97,0.00,0.00,196.00,656.75,655.96,207.40,0.33,531.02,0.00,0.00,9.33,9.95,0.00,0.00,9.40,22.19,39.81,10.19,436.37,552.29
2025-06-12 21:15,-2.29,-288.13,0.00,0.00,199.00,662.22,658.62,210.18,8.58,532.53,0.00,0.00,9.40,10.43,0.00,0.00,9.55,22.37,39.97,10.33,434.94,844.57
2025-06-12 21:20,-2.28,-300.46,0.00,-0.10,198.00,660.45,659.19,211.02,9.50,534.34,0.00,0.00,9.47,10.87,0.00,0.00,9.50,22.31,40.02,10.37,434.58,450.36
2025-06-12 21:25,-3.93,-293.83,0.00,-0.10,199.00,667.98,660.37,210.70,12.17,544.86,0.00,0.00,9.53,10.57,0.00,0.00,9.55,22.56,40.08,10.35,432.45,9322.06
2025-06-12 21:30,-7.50,-258.83,0.00,-0.10,195.00,649.71,644.29,207.08,3.42,541.01,0.00,0.00,9.60,9.31,0.00,0.00,9.36,21.95,39.08,10.18,433.16,330.00
2025-06-12 21:35,-104.84,-213.16,0.00,-0.20,193.00,665.45,584.22,209.03,1.54,550.98,0.00,0.00,9.47,7.49,0.00,0.00,9.26,22.48,35.40,10.27,444.94,382.22
2025-06-12 21:40,-22.97,-258.81,0.00,0.00,196.00,653.10,635.65,206.15,3.46,556.32,0.00,0.00,9.33,9.20,0.00,0.00,9.40,22.07,38.43,10.13,431.68,330.00
2025-06-12 21:45,-25.94,-213.95,0.00,0.00,197.00,657.82,491.87,207.16,7.50,573.57,0.00,0.00,9.20,7.09,0.00,0.00,9.45,22.23,28.86,10.18,402.94,298.38
2025-06-12 21:50,-6.93,-185.20,0.00,-0.10,196.00,653.87,409.96,205.81,0.41,596.81,0.00,0.00,9.07,5.83,0.00,0.00,9.40,22.09,23.31,10.11,379.10,300.08
2025-06-12 21:55,-15.79,-197.03,0.00,-0.10,198.00,656.13,369.09,206.97,2.26,617.93,0.00,0.00,8.93,6.00,0.00,0.00,9.50,22.17,20.59,10.17,368.54,289.28
2025-06-12 22:00,-10.67,-217.16,0.00,-0.10,198.00,657.65,371.60,208.68,0.88,634.11,0.00,0.00,8.80,6.58,0.00,0.00,9.50,22.22,20.73,10.25,365.47,297.21
2025-06-12 22:05,-64.43,-174.12,0.00,0.00,195.00,651.61,357.62,198.34,0.29,628.91,0.00,0.00,8.70,5.23,0.00,0.00,9.36,22.02,19.89,9.75,373.31,296.97
2025-06-12 22:10,-2.39,-242.45,0.00,0.00,200.00,663.61,369.19,196.51,40.74,623.10,0.00,0.00,8.60,7.21,0.00,0.00,9.60,22.42,20.56,9.66,357.23,300.00
2025-06-12 22:15,-4.71,-216.57,0.00,0.00,197.00,650.89,350.97,190.65,6.51,626.68,0.00,0.00,8.50,6.44,0.00,0.00,9.45,21.99,19.34,9.37,357.78,298.55
2025-06-12 22:20,-5.08,-222.75,0.00,-0.10,197.00,654.22,340.61,199.18,7.59,636.86,0.00,0.00,8.40,6.57,0.00,0.00,9.45,22.11,18.69,9.79,354.96,293.58
2025-06-12 22:25,-4.57,-247.40,0.00,-0.10,197.00,654.51,335.81,208.70,6.08,648.49,0.00,0.00,8.30,7.26,0.00,0.00,9.45,22.11,18.36,10.26,353.08,287.84
2025-06-12 22:30,-8.68,-251.79,0.00,0.00,198.00,653.99,334.59,205.19,5.90,640.96,0.00,0.00,8.20,7.41,0.00,0.00,9.50,22.10,18.29,10.08,354.74,285.82
2025-06-12 22:35,-7.80,-240.49,0.00,0.00,197.00,653.97,299.57,208.65,0.29,649.82,0.00,0.00,8.13,6.94,0.00,0.00,9.45,22.10,16.15,10.25,347.63,291.66
2025-06-12 22:40,-11.58,-240.44,0.00,-0.10,197.00,653.75,299.49,207.65,0.30,639.82,0.00,0.00,8.07,6.97,0.00,0.00,9.45,22.09,16.14,10.20,349.98,282.90
2025-06-12 22:45,-2.28,-264.06,0.00,-0.10,198.00,660.70,302.25,210.90,8.82,653.60,0.00,0.00,8.00,7.59,0.00,0.00,9.50,22.32,16.29,10.36,345.39,283.96
2025-06-12 22:50,-4.96,-251.81,0.00,0.00,197.00,653.80,298.59,206.70,0.29,643.97,0.00,0.00,7.93,7.28,0.00,0.00,9.45,22.09,16.09,10.16,347.69,284.24
2025-06-12 22:55,-22.32,-249.76,0.00,0.00,197.00,658.11,296.76,207.77,0.33,634.94,0.00,0.00,7.87,7.24,0.00,0.00,9.45,22.24,15.96,10.21,352.55,281.32
2025-06-12 23:00,-10.16,-247.30,0.00,0.00,195.00,654.07,294.83,206.53,0.31,596.24,0.00,0.00,7.80,7.30,0.00,0.00,9.36,22.10,15.85,10.15,356.28,279.83
2025-06-12 23:05,-82.74,-213.98,0.00,0.00,197.00,653.80,309.92,205.59,0.30,566.96,0.00,0.00,7.77,6.48,0.00,0.00,9.45,22.09,16.87,10.10,381.52,279.83
2025-06-12 23:10,-77.23,-205.36,0.00,0.00,198.00,655.71,310.28,205.66,0.30,537.84,0.00,0.00,7.73,6.31,0.00,0.00,9.50,22.16,16.86,10.11,386.28,288.27
2025-06-12 23:15,-2.66,-236.16,0.00,0.00,197.00,655.61,310.73,206.70,0.60,503.15,0.00,0.00,7.70,7.39,0.00,0.00,9.45,22.15,16.89,10.16,376.20,283.97
2025-06-12 23:20,-3.85,-221.11,0.00,0.00,196.00,652.28,312.80,207.77,0.31,477.35,0.00,0.00,7.67,7.03,0.00,0.00,9.40,22.04,17.02,10.21,382.23,279.83
2025-06-12 23:25,-61.75,-211.58,0.00,0.00,197.00,658.20,314.04,207.97,0.40,480.70,0.00,0.00,7.63,6.72,0.00,0.00,9.45,22.24,17.09,10.22,395.86,265.56
2025-06-12 23:30,-88.30,-196.85,0.00,0.00,197.00,654.61,312.83,206.94,0.29,480.87,0.00,0.00,7.60,6.24,0.00,0.00,9.45,22.12,17.03,10.17,402.12,258.90
2025-06-12 23:35,-49.12,-218.84,0.00,0.00,196.00,658.82,313.87,208.94,0.00,470.62,0.00,0.00,7.53,6.99,0.00,0.00,9.40,22.26,17.08,10.27,395.06,267.37
2025-06-12 23:40,-10.08,-221.30,0.00,0.00,198.00,655.39,332.57,205.95,3.09,467.64,0.00,0.00,7.47,7.13,0.00,0.00,9.50,22.14,18.26,10.12,389.09,272.73
2025-06-12 23:45,-19.59,-214.10,0.00,0.00,196.00,653.30,331.51,206.55,0.00,449.33,0.00,0.00,7.40,6.97,0.00,0.00,9.40,22.07,18.20,10.15,395.68,258.91
2025-06-12 23:50,-13.77,-219.22,0.00,0.00,197.00,654.28,331.91,206.12,0.00,457.52,0.00,0.00,7.33,7.11,0.00,0.00,9.45,22.11,18.22,10.13,392.60,238.62
2025-06-12 23:55,-109.28,-179.40,0.00,0.00,197.00,657.13,333.52,208.91,3.06,464.68,0.00,0.00,7.27,5.80,0.00,0.00,9.45,22.20,18.31,10.27,414.57,229.00
2025-06-13 00:00,-139.75,-157.69,0.00,0.00,197.00,654.26,302.64,206.78,0.00,463.63,0.00,0.00,7.20,5.02,0.00,0.00,9.45,22.11,16.37,10.16,417.12,207.24
2025-06-13 00:05,-114.89,-14.76,0.00,0.00,196.00,653.99,296.23,207.45,3.11,461.85,0.00,0.00,7.18,0.47,0.00,0.00,9.40,22.10,15.96,10.19,406.35,232.44
2025-06-13 00:10,-109.37,0.00,22.69,-0.10,199.00,658.73,232.38,207.78,1.13,457.63,0.00,0.00,7.17,0.00,1.70,0.00,9.55,22.26,12.75,10.21,417.13,241.15
2025-06-13 00:15,-36.06,-1.69,0.00,-0.10,196.00,653.50,218.33,205.30,0.29,449.01,0.00,0.00,7.15,0.05,0.00,0.00,9.40,22.08,12.23,10.09,382.88,230.19
2025-06-13 00:20,-9.26,-6.25,0.00,-0.10,199.00,660.15,175.78,209.08,12.06,443.77,0.00,0.00,7.13,0.19,0.00,0.00,9.55,22.30,9.98,10.27,369.93,230.00
2025-06-13 00:25,-11.26,0.00,41.16,-0.10,197.00,653.70,158.31,208.03,0.29,429.46,0.00,0.00,7.12,0.00,3.11,0.00,9.45,22.09,8.93,10.22,405.00,253.64
2025-06-13 00:30,-121.19,0.00,104.87,-0.10,198.00,658.49,175.43,208.56,0.32,404.93,0.00,0.00,7.10,0.00,7.94,0.00,9.50,22.25,9.97,10.25,506.37,234.75
2025-06-13 00:35,-110.96,0.00,115.41,-0.10,196.00,655.85,175.16,208.33,0.30,373.81,0.00,0.00,7.03,0.00,8.73,0.00,9.40,22.16,9.95,10.24,524.84,299.44
2025-06-13 00:40,-55.82,0.00,106.28,-0.10,180.00,657.32,156.50,209.22,1.79,370.72,0.00,0.00,6.97,0.00,8.02,0.00,8.64,22.21,9.11,10.28,494.58,293.83
2025-06-13 00:45,-57.67,0.00,151.35,-0.10,156.00,592.82,156.34,206.20,4.48,360.51,0.00,0.00,6.90,0.00,11.44,0.00,7.49,20.05,9.10,10.13,551.21,271.41
2025-06-13 00:50,-60.67,0.00,195.45,-0.10,134.00,537.24,158.02,208.74,0.31,347.19,0.00,0.00,6.83,0.00,14.79,0.00,6.43,18.19,9.20,10.26,625.57,245.48
2025-06-13 00:55,-51.08,0.00,185.46,-0.10,129.00,476.12,158.07,205.11,78.21,356.31,0.00,0.00,6.77,0.00,14.01,0.00,6.19,16.14,9.21,10.08,572.49,269.99
2025-06-13 01:00,-51.74,0.00,234.73,-0.10,128.00,435.51,158.38,206.29,0.38,363.86,0.00,0.00,6.70,0.00,17.75,0.00,6.14,14.78,9.23,10.14,692.50,264.99
2025-06-13 01:05,-32.20,0.00,245.89,0.00,130.00,434.57,102.77,208.64,3.85,375.57,0.00,0.00,6.78,0.00,18.51,0.00,6.24,14.75,5.81,10.25,682.34,298.33
2025-06-13 01:10,-2.68,0.00,239.15,0.00,114.00,432.80,102.71,206.55,0.96,369.77,0.00,0.00,6.87,0.00,18.11,0.00,5.47,14.69,5.82,10.15,660.79,280.08
2025-06-13 01:15,-2.03,0.00,232.24,0.00,107.00,433.54,103.17,206.20,1.77,379.54,0.00,0.00,6.95,0.00,17.61,0.00,5.13,14.72,5.85,10.13,643.21,250.36
2025-06-13 01:20,-1.02,0.00,217.35,0.00,108.00,432.10,103.61,206.45,2.87,398.65,0.00,0.00,7.03,0.00,16.51,0.00,5.18,14.67,5.88,10.15,608.29,247.95
2025-06-13 01:25,-1.09,0.00,215.89,0.00,108.00,431.98,103.53,206.16,1.21,391.48,0.00,0.00,7.12,0.00,16.44,0.00,5.18,14.67,5.88,10.13,611.98,245.97
2025-06-13 01:30,-2.67,0.00,206.52,0.00,109.00,432.42,104.88,208.56,0.78,392.93,0.00,0.00,7.20,0.00,15.73,0.00,5.23,14.68,5.96,10.25,598.60,245.00
2025-06-13 01:35,-8.91,0.00,212.54,0.00,108.00,429.00,104.49,205.89,0.32,385.19,0.00,0.00,7.15,0.00,16.20,0.00,5.18,14.57,5.94,10.12,617.08,247.34
2025-06-13 01:40,-0.46,0.00,197.12,-0.10,92.00,436.30,105.63,211.14,36.07,375.50,0.00,0.00,7.10,0.00,14.94,0.00,4.41,14.81,6.00,10.38,572.70,268.75
2025-06-13 01:45,-6.28,0.00,234.86,-0.10,66.00,431.88,105.31,207.69,0.30,379.97,0.00,0.00,7.05,0.00,17.90,0.00,3.17,14.66,5.99,10.21,655.96,262.21
2025-06-13 01:50,-6.70,0.00,225.11,-0.20,57.00,432.92,105.82,208.96,0.48,389.10,0.00,0.00,7.00,0.00,17.16,0.00,2.73,14.70,6.01,10.27,634.48,248.73
2025-06-13 01:55,-0.50,0.00,213.72,0.00,61.00,434.94,105.55,211.03,12.20,383.39,0.00,0.00,6.95,0.00,16.28,0.00,2.93,14.76,6.00,10.37,607.85,248.56
2025-06-13 02:00,-7.97,0.00,223.40,0.00,57.00,431.21,105.31,206.55,0.72,392.89,0.00,0.00,6.90,0.00,17.04,0.00,2.73,14.64,6.00,10.15,630.45,254.15
2025-06-13 02:05,-2.54,0.00,217.09,0.00,57.00,433.61,105.56,207.84,0.42,385.51,0.00,0.00,6.88,0.00,16.55,0.00,2.73,14.72,6.01,10.21,621.12,245.21
2025-06-13 02:10,-2.17,0.00,220.62,-0.10,58.00,434.24,73.17,210.01,1.41,399.20,0.00,0.00,6.87,0.00,16.87,0.00,2.78,14.74,4.63,10.32,621.24,243.28
2025-06-13 02:15,-0.43,0.00,208.28,-0.10,60.00,433.84,63.75,209.61,9.11,416.80,0.00,0.00,6.85,0.00,15.96,0.00,2.88,14.73,4.24,10.30,586.46,257.25
2025-06-13 02:20,-7.13,0.00,208.91,-0.10,60.00,431.06,63.78,206.35,1.91,430.08,0.00,0.00,6.83,0.00,16.04,0.00,2.88,14.63,4.24,10.14,588.71,264.07
2025-06-13 02:25,-7.38,0.00,199.20,0.00,59.00,434.89,63.74,208.30,5.73,426.43,0.00,0.00,6.82,0.00,15.29,0.00,2.83,14.76,4.24,10.24,573.18,296.12
2025-06-13 02:30,-25.26,0.00,202.98,0.00,55.00,432.97,63.76,205.13,0.30,435.71,0.00,0.00,6.80,0.00,15.59,0.00,2.64,14.70,4.24,10.08,587.72,230.00
2025-06-13 02:35,-9.75,0.00,184.75,0.00,59.00,432.82,63.75,207.60,0.95,446.88,0.00,0.00,7.02,0.00,14.18,0.00,2.83,14.69,4.24,10.20,544.69,250.83
2025-06-13 02:40,-127.56,0.00,221.07,0.00,78.00,436.23,63.76,209.71,1.25,453.41,0.00,0.00,7.23,0.00,16.95,0.00,3.74,14.81,4.24,10.31,671.97,260.24
2025-06-13 02:45,-158.74,0.00,236.35,0.00,98.00,432.26,63.72,207.32,0.32,448.00,0.00,0.00,7.45,0.00,18.13,0.00,4.70,14.68,4.23,10.19,729.25,256.47
2025-06-13 02:50,-150.01,0.00,223.89,0.00,119.00,436.56,63.72,210.04,2.91,436.80,0.00,0.00,7.67,0.00,17.14,0.00,5.71,14.82,4.23,10.32,700.09,267.16
2025-06-13 02:55,-170.76,0.00,225.09,0.00,136.00,435.49,63.78,206.82,0.31,432.17,0.00,0.00,7.88,0.00,17.27,0.00,6.53,14.78,4.24,10.16,723.52,248.21
2025-06-13 03:00,-158.36,0.00,203.59,0.00,159.00,435.89,63.79,212.02,0.35,430.01,0.00,0.00,8.10,0.00,15.61,0.00,7.63,14.80,4.24,10.42,673.34,247.24
2025-06-13 03:05,-161.05,0.00,211.01,-0.10,158.00,433.39,63.75,206.84,0.45,417.82,0.00,0.00,8.10,0.00,16.18,0.00,7.58,14.71,4.24,10.16,698.73,247.99
2025-06-13 03:10,-148.93,0.00,219.19,-0.10,160.00,437.68,50.15,209.52,2.90,385.99,0.00,0.00,8.10,0.00,16.79,0.00,7.68,14.86,3.33,10.30,723.74,250.99
2025-06-13 03:15,-142.94,0.00,220.03,-0.10,160.00,436.74,50.07,209.45,3.42,374.90,0.00,0.00,8.10,0.00,16.88,0.00,7.68,14.83,3.33,10.29,729.76,255.36
2025-06-13 03:20,-159.19,0.00,239.74,-0.10,159.00,436.86,50.06,209.32,0.56,374.19,0.00,0.00,8.10,0.00,18.39,0.00,7.63,14.83,3.33,10.29,786.44,251.31
2025-06-13 03:25,-136.00,0.00,219.14,-0.10,163.00,439.81,49.96,209.58,2.89,361.59,0.00,0.00,8.10,0.00,16.78,0.00,7.82,14.93,3.32,10.30,731.71,252.24
2025-06-13 03:30,-141.86,0.00,223.07,0.00,162.00,435.24,50.13,210.79,1.24,345.28,0.00,0.00,8.10,0.00,16.99,0.00,8.61,18.43,6.13,10.29,863.93,253.78
2025-06-13 03:35,-162.33,0.00,425.98,0.00,159.00,436.64,50.09,208.85,0.30,329.83,0.00,0.00,7.98,0.00,32.72,0.00,7.63,14.82,3.33,10.26,1383.68,229.99
2025-06-13 03:40,-146.65,0.00,435.13,0.00,159.00,438.39,50.14,209.74,0.70,307.99,0.00,0.00,7.87,0.00,33.32,0.00,7.63,14.88,3.33,10.31,1427.12,258.22
2025-06-13 03:45,-254.08,0.00,499.03,0.00,160.00,434.65,50.05,207.26,0.29,291.99,0.00,0.00,7.75,0.00,38.31,0.00,7.68,14.76,3.33,10.19,2278.11,260.30
2025-06-13 03:50,-246.85,0.00,496.33,0.00,162.00,436.94,50.05,208.82,0.32,285.41,0.00,0.00,7.63,0.00,38.05,0.00,7.77,14.83,3.33,10.26,2225.30,251.97
2025-06-13 03:55,-153.47,0.00,447.91,0.00,158.00,437.42,50.15,210.06,0.35,285.40,0.00,0.00,7.52,0.00,34.39,0.00,7.58,14.85,3.33,10.32,1566.17,252.18
2025-06-13 04:00,-172.37,0.00,457.14,0.00,156.00,435.99,50.07,206.87,0.41,282.53,0.00,0.00,7.40,0.00,35.15,0.00,7.49,14.80,3.33,10.17,1694.23,251.98
2025-06-13 04:05,-164.68,0.00,447.40,0.00,160.00,439.22,49.96,210.03,0.34,280.21,0.00,0.00,7.52,0.00,34.32,0.00,7.73,14.84,3.33,10.34,1604.47,250.88
2025-06-13 04:10,-147.54,0.00,437.28,0.00,167.00,441.31,50.00,211.26,8.56,281.00,0.00,0.00,7.63,0.00,33.13,0.00,7.89,14.88,3.33,10.37,1454.23,269.46
2025-06-13 04:15,-170.58,0.00,465.32,0.00,158.00,436.02,50.09,208.45,1.11,281.32,0.00,0.00,7.75,0.00,35.32,0.00,7.68,14.79,3.33,10.30,1717.09,255.62
2025-06-13 04:20,-178.28,0.00,469.76,0.00,157.00,436.44,50.02,207.81,0.29,278.50,0.00,0.00,7.87,0.00,35.65,0.00,7.65,14.80,3.33,10.29,1785.35,241.01
2025-06-13 04:25,-73.10,0.00,418.67,-0.10,158.00,435.03,49.97,208.09,0.31,286.60,0.00,0.00,7.98,0.00,31.74,0.00,7.68,14.77,3.33,10.29,1259.31,249.10
2025-06-13 04:30,-111.07,0.00,418.73,-0.10,162.00,439.21,50.06,209.52,0.87,287.71,0.00,0.00,8.10,0.00,31.74,0.00,7.77,14.84,3.33,10.33,1317.49,250.66
2025-06-13 04:35,-171.61,0.00,443.56,-0.10,162.00,440.63,50.11,210.25,0.29,297.35,0.00,0.00,7.73,0.00,33.59,0.00,7.77,14.87,3.33,10.35,1538.19,248.67
2025-06-13 04:40,-167.17,0.00,445.40,-0.20,158.00,436.84,50.01,207.77,0.72,309.99,0.00,0.00,7.37,0.00,33.72,0.00,7.68,14.80,3.33,10.28,1521.63,229.99
2025-06-13 04:45,-67.35,0.00,391.51,-0.10,143.00,438.44,50.02,210.28,4.16,324.75,0.00,0.00,7.00,0.00,29.70,0.00,7.32,14.83,3.33,10.35,1104.82,241.91
2025-06-13 04:50,-66.94,0.00,386.59,-0.10,153.00,437.42,50.02,206.01,0.30,330.66,0.00,0.00,6.63,0.00,29.37,0.00,7.56,14.81,3.33,10.24,1082.83,247.91
2025-06-13 04:55,-142.57,0.00,415.90,-0.10,162.00,439.44,50.04,211.95,0.61,327.60,0.00,0.00,6.27,0.00,31.51,0.00,7.77,14.85,3.33,10.39,1286.03,272.90
2025-06-13 05:00,-193.15,0.00,441.74,-0.10,160.00,439.68,49.98,209.03,0.31,322.21,0.00,0.00,5.90,0.00,33.48,0.00,7.73,14.85,3.33,10.32,1531.20,288.10
2025-06-13 05:05,-129.04,0.00,409.20,0.00,161.00,441.03,49.88,210.30,0.31,326.73,0.00,0.00,5.80,0.00,31.04,0.00,7.75,14.87,3.32,10.35,1241.08,251.47
2025-06-13 05:10,-171.48,0.00,411.30,0.00,180.00,439.60,49.88,211.35,53.28,328.34,0.00,0.00,5.70,0.00,30.90,0.00,8.21,14.85,3.32,10.37,1194.33,234.55
2025-06-13 05:15,-176.39,0.00,411.90,0.00,195.00,441.22,49.98,209.28,59.79,321.02,0.00,0.00,5.60,0.00,30.92,0.00,8.56,14.88,3.33,10.32,1186.24,299.44
2025-06-13 05:20,-187.43,0.00,405.13,0.00,197.00,486.64,50.04,206.52,50.07,309.70,0.00,0.00,5.50,0.00,30.41,0.00,8.61,15.64,3.33,10.25,1157.65,243.25
2025-06-13 05:25,-99.43,0.00,359.76,0.00,200.00,443.87,49.95,209.25,58.03,318.88,0.00,0.00,5.40,0.00,26.97,0.00,8.69,14.92,3.32,10.32,938.89,283.24
2025-06-13 05:30,-102.74,0.00,347.41,0.00,198.00,437.14,49.96,205.20,47.94,330.46,0.00,0.00,5.30,0.00,25.53,0.00,9.50,14.84,3.32,10.08,927.56,284.95
2025-06-13 05:35,-101.58,0.00,353.93,0.00,198.00,436.81,50.04,207.68,0.30,349.66,0.00,0.00,5.30,0.00,26.00,0.00,9.50,14.83,3.32,10.14,972.84,257.78
2025-06-13 05:40,-100.06,0.00,364.78,0.00,199.00,438.13,50.01,208.90,1.90,353.65,0.00,0.00,5.30,0.00,26.72,0.00,9.52,14.86,3.32,10.17,985.23,298.69
2025-06-13 05:45,-101.01,0.00,366.30,0.00,199.00,436.15,63.01,206.53,0.31,348.30,0.00,0.00,5.30,0.00,26.79,0.00,9.52,14.82,3.60,10.12,990.22,280.41
2025-06-13 05:50,-104.47,0.00,335.71,0.00,200.00,440.39,121.48,210.73,21.06,348.98,0.00,0.00,5.30,0.00,24.48,0.00,9.55,14.89,4.99,10.22,852.78,299.44
2025-06-13 05:55,-104.77,0.00,325.69,0.00,200.00,441.31,121.07,210.30,20.79,358.14,0.00,0.00,5.30,0.00,23.69,0.00,9.55,14.91,4.98,10.21,825.07,293.34
2025-06-13 06:00,-128.82,0.00,344.18,-0.10,199.00,437.21,149.94,208.99,3.56,356.31,0.00,0.00,5.30,0.00,25.05,0.00,9.52,14.84,5.74,10.18,889.01,299.44
2025-06-13 06:05,-167.89,0.00,318.65,-0.10,200.00,459.31,198.90,210.33,15.77,352.20,0.00,0.00,5.30,0.00,23.12,0.00,9.55,15.21,7.03,10.21,822.75,277.26
2025-06-13 06:10,-120.34,0.00,248.39,-0.10,199.00,512.10,169.31,209.71,108.30,341.73,0.00,0.00,5.30,0.00,18.02,0.00,9.52,16.10,6.37,10.19,616.77,302.06
2025-06-13 06:15,-182.76,0.00,252.68,-0.20,199.00,571.31,196.80,209.81,113.69,339.98,0.00,0.00,5.30,0.00,18.06,0.00,9.52,17.09,7.29,10.20,624.25,302.06
2025-06-13 06:20,-186.11,0.00,226.20,-0.10,199.00,630.77,195.82,210.27,116.25,333.12,0.00,0.00,5.30,0.00,16.21,0.00,9.52,18.08,7.26,10.21,577.78,302.06
2025-06-13 06:25,-176.75,0.00,220.46,-0.10,200.00,661.94,195.69,209.51,103.57,335.81,0.00,0.00,5.30,0.00,15.76,0.00,9.55,18.60,7.26,10.19,562.47,286.26
2025-06-13 06:30,-105.22,0.00,211.24,-0.10,199.00,660.98,168.14,208.27,80.89,343.58,0.00,0.00,5.30,0.00,15.19,0.00,9.52,18.59,6.34,10.16,533.85,295.48
2025-06-13 06:35,-100.19,0.00,209.33,-0.10,198.00,665.32,199.39,209.58,68.99,349.49,0.00,0.00,5.25,0.00,14.95,0.00,9.50,18.66,7.38,10.19,527.26,283.45
2025-06-13 06:40,-103.16,0.00,248.38,-0.10,197.00,655.95,198.31,206.81,69.11,338.71,0.00,0.00,5.20,0.00,17.55,0.00,9.48,18.50,7.36,10.12,575.34,281.88
2025-06-13 06:45,-0.79,0.00,196.74,-0.10,199.00,663.53,199.35,208.96,74.29,332.90,0.00,0.00,5.15,0.00,13.81,0.00,9.52,18.63,7.38,10.18,482.47,306.07
2025-06-13 06:50,-1.68,0.00,185.17,0.00,197.00,657.25,226.07,208.41,117.60,335.77,0.00,0.00,5.10,0.00,12.79,0.00,9.48,18.53,8.28,10.16,456.99,302.06
2025-06-13 06:55,-8.19,0.00,92.64,0.00,199.00,664.77,225.83,210.44,294.88,343.75,0.00,0.00,5.05,0.00,6.41,0.00,9.52,18.65,8.26,10.21,346.45,335.34
2025-06-13 07:00,-6.91,0.00,51.32,-0.10,199.00,657.57,314.24,207.78,337.15,335.27,0.00,0.00,5.00,0.00,3.52,0.00,9.52,18.53,10.98,10.15,317.37,386.69
2025-06-13 07:05,-14.52,0.00,123.69,62.60,199.00,660.17,315.83,208.73,143.95,320.61,0.00,0.00,5.07,0.00,8.35,3.72,9.52,18.57,11.03,10.17,415.44,370.00
2025-06-13 07:10,-19.96,0.00,201.73,-0.20,197.00,654.56,311.61,207.03,126.54,318.69,0.00,0.00,5.13,0.00,13.48,0.00,9.48,18.48,10.90,10.13,470.41,291.78
2025-06-13 07:15,-32.06,0.00,162.38,-0.20,199.00,665.91,246.74,209.99,299.77,315.72,0.00,0.00,5.20,0.00,10.90,0.00,9.52,18.67,8.91,10.20,400.83,293.68
2025-06-13 07:20,-32.05,0.00,177.65,-0.20,198.00,656.90,255.46,207.65,288.25,317.86,0.00,0.00,5.27,0.00,11.88,0.00,9.50,18.52,9.17,10.14,414.55,288.11
2025-06-13 07:25,-1.81,0.00,187.67,-0.20,198.00,659.35,255.78,207.63,257.15,315.86,0.00,0.00,5.33,0.00,12.56,0.00,9.50,18.56,9.18,10.14,422.13,296.62
2025-06-13 07:30,-0.84,0.00,215.58,-0.10,198.00,659.48,257.11,207.90,252.11,305.03,0.00,0.00,5.40,0.00,14.38,0.00,9.50,18.56,9.22,10.15,446.02,302.06
2025-06-13 07:35,-0.86,0.00,224.96,-0.10,197.00,657.92,256.54,207.00,248.79,301.00,0.00,0.30,5.65,0.00,14.93,0.00,9.48,18.54,9.21,10.13,454.96,295.51
2025-06-13 07:40,-0.31,0.00,205.48,-0.10,199.00,660.62,257.38,209.55,309.27,310.80,0.00,0.60,5.90,0.00,13.68,0.00,9.52,18.58,9.23,10.19,421.82,298.08
2025-06-13 07:45,-0.31,0.00,164.24,0.01,200.00,669.53,258.55,210.50,409.03,312.44,0.00,0.91,6.15,0.00,11.02,0.00,9.55,18.73,9.26,10.21,371.95,360.55
2025-06-13 07:50,-0.06,0.00,167.81,0.00,196.00,655.83,313.40,207.14,359.51,319.21,0.17,1.21,6.40,0.00,11.18,0.00,9.45,18.50,10.96,10.13,383.44,996.41
2025-06-13 07:55,-1.65,0.00,234.07,70.00,196.00,655.68,314.27,205.84,148.65,326.66,0.77,1.51,6.65,0.00,15.79,3.90,9.45,18.50,10.98,10.10,489.83,899.00
2025-06-13 08:00,0.00,0.00,224.98,70.60,198.00,660.99,315.54,208.10,178.21,333.35,1.49,1.81,6.90,0.00,15.52,3.93,9.50,18.59,11.01,10.16,473.02,360.55
2025-06-13 08:05,0.00,0.00,272.35,-0.40,200.00,671.81,317.15,211.55,179.69,350.34,2.73,8.96,6.83,0.00,18.54,0.00,9.55,18.77,11.06,10.24,489.88,348.73
2025-06-13 08:10,-3.48,0.00,222.22,-0.40,198.00,660.77,313.57,208.36,306.99,362.03,7.48,16.12,6.77,0.00,15.08,0.00,9.50,18.58,10.95,10.16,417.56,945.79
2025-06-13 08:15,-0.29,0.00,151.96,72.30,197.00,656.75,312.51,207.31,363.35,373.76,11.79,23.27,6.70,0.00,10.26,3.98,9.48,18.52,10.92,10.14,367.66,1000.00
2025-06-13 08:20,-0.36,0.00,207.49,72.00,197.00,656.60,311.04,206.15,234.47,378.77,21.76,30.43,6.63,0.00,14.17,3.96,9.48,18.51,10.87,10.11,423.72,1000.00
2025-06-13 08:25,-0.57,0.00,212.05,72.30,198.00,657.57,311.55,205.94,190.12,380.45,38.14,37.58,6.57,0.00,14.42,3.98,9.50,18.53,10.89,10.10,430.58,978.08
2025-06-13 08:30,-29.09,0.00,237.63,72.40,197.00,658.12,366.75,206.99,73.82,385.17,50.56,44.73,6.50,0.00,16.29,3.98,9.48,18.54,12.57,10.13,476.18,973.39
2025-06-13 08:35,-0.95,0.00,77.93,71.90,197.00,657.72,427.99,207.42,11.18,388.54,61.77,64.30,6.98,0.00,5.20,7.91,9.45,22.23,25.53,10.19,480.90,391.82
2025-06-13 08:40,-0.63,0.00,29.50,61.90,198.00,665.30,444.70,210.42,82.86,407.37,68.43,83.87,7.47,0.00,1.96,7.64,9.48,22.35,25.99,10.27,425.18,636.16
2025-06-13 08:45,-29.84,0.00,3.73,61.80,196.00,656.53,564.47,206.62,13.11,407.66,94.56,103.44,7.95,0.00,0.25,7.64,9.43,22.21,29.44,10.17,418.25,391.72
2025-06-13 08:50,-0.84,-12.56,0.00,-0.50,198.00,661.09,548.96,210.70,21.37,402.60,124.16,123.00,8.43,0.43,0.00,3.94,9.48,22.28,28.82,10.27,392.10,343.78
2025-06-13 08:55,-3.44,-10.09,0.00,-0.50,197.00,656.10,551.41,207.65,1.17,405.26,141.45,142.57,8.92,0.35,0.00,3.94,9.45,22.20,28.51,10.20,387.77,275.98
2025-06-13 09:00,-0.33,-76.83,0.00,-0.20,198.00,660.89,479.80,207.45,110.51,425.10,163.84,162.14,9.40,2.39,0.00,3.95,9.48,22.28,26.25,10.19,359.25,349.09
2025-06-13 09:05,-8.70,-145.73,0.00,-0.20,198.00,656.82,546.53,206.23,122.47,430.25,187.86,190.00,9.72,4.55,0.00,3.95,9.48,22.21,28.29,10.16,350.13,330.00
2025-06-13 09:10,-0.34,-105.74,0.00,0.00,199.00,666.26,513.61,211.20,14.27,426.17,209.62,217.87,10.03,3.24,0.00,3.96,9.50,22.37,27.26,10.29,357.82,275.92
2025-06-13 09:15,-1.46,-102.07,0.00,0.00,198.00,657.10,464.90,207.54,6.13,421.60,226.39,245.73,10.35,3.09,0.00,3.96,9.48,22.22,25.78,10.20,353.91,182.28
2025-06-13 09:20,-1.97,-126.37,0.00,0.00,199.00,660.16,465.93,207.81,3.78,408.97,246.66,273.59,10.67,3.83,0.00,3.96,9.50,22.27,25.81,10.20,348.63,178.91
2025-06-13 09:25,-15.43,-96.41,0.00,0.00,195.00,651.43,420.90,203.53,0.44,395.79,251.31,301.46,10.98,2.95,0.00,3.96,9.40,22.12,24.45,10.10,348.75,178.70
2025-06-13 09:30,-46.38,-90.26,0.00,0.00,197.00,655.09,425.27,206.76,0.31,376.57,251.66,329.32,11.30,2.78,0.00,3.96,9.45,22.18,24.57,10.18,351.66,159.92
2025-06-13 09:35,-141.50,-60.90,0.00,0.00,198.00,609.87,427.46,208.90,0.13,356.96,281.84,359.48,11.63,1.87,0.00,3.96,9.48,21.43,24.63,10.23,363.43,148.73
2025-06-13 09:40,-55.77,-72.60,0.00,0.00,198.00,551.27,369.80,207.19,0.29,347.03,321.92,389.63,11.97,2.16,0.00,3.96,9.48,20.44,23.11,10.19,345.71,178.70
2025-06-13 09:45,-31.69,-57.09,0.00,0.00,198.00,493.85,325.52,207.49,0.30,326.73,335.15,419.79,12.30,1.67,0.00,3.96,9.48,19.48,21.77,10.19,341.93,175.05
2025-06-13 09:50,-83.23,0.00,11.26,0.00,197.00,430.30,279.78,206.32,0.30,314.88,343.68,449.94,12.63,0.00,0.78,3.96,9.45,18.42,20.38,10.17,356.17,163.67
2025-06-13 09:55,-233.63,0.00,83.22,0.00,199.00,419.94,265.41,207.60,0.30,297.84,349.42,480.10,12.97,0.00,5.78,3.96,9.50,18.24,19.94,10.20,426.43,163.15
2025-06-13 10:00,-190.46,0.00,101.47,0.00,198.00,367.65,210.58,206.06,1.15,285.23,355.02,510.26,13.30,0.00,7.06,3.96,9.48,17.37,18.27,10.16,431.89,155.63
2025-06-13 10:05,-55.20,0.00,51.26,0.00,199.00,307.15,200.66,207.26,1.14,270.08,360.67,537.94,13.47,0.00,3.56,3.96,9.50,16.36,17.97,10.19,373.38,174.66
2025-06-13 10:10,-47.73,0.00,16.20,0.00,199.00,366.78,158.21,210.32,8.22,259.52,363.98,565.61,13.63,0.00,1.13,3.96,9.50,17.35,16.85,10.26,342.71,171.56
2025-06-13 10:15,-9.65,0.00,0.40,0.00,198.00,395.56,116.53,207.03,1.15,256.59,367.48,593.29,13.80,0.00,0.03,3.96,9.48,17.84,15.75,10.18,323.08,176.81
2025-06-13 10:20,-13.45,0.00,2.74,0.00,199.00,399.01,73.67,208.45,1.28,262.28,370.68,620.97,13.97,0.00,0.19,3.96,9.50,17.89,14.62,10.22,319.26,170.44
2025-06-13 10:25,-5.67,-2.54,0.00,0.00,198.00,389.20,73.36,206.12,1.15,252.89,373.97,648.65,14.13,0.07,0.00,3.96,9.48,17.73,14.61,10.16,313.97,174.91
2025-06-13 10:30,-142.27,0.00,51.30,0.00,198.00,395.97,73.31,206.07,1.48,237.37,377.04,676.33,14.30,0.00,3.65,3.96,9.48,17.84,14.61,10.16,363.26,164.11
2025-06-13 10:35,-78.27,0.00,25.86,0.35,198.00,338.00,73.14,208.09,1.25,238.52,379.68,701.60,14.52,0.00,1.84,3.97,9.48,16.87,14.60,10.21,336.06,176.41
2025-06-13 10:40,-4.23,0.00,45.27,0.00,183.00,386.93,73.11,38.15,14.75,234.89,381.74,726.87,14.73,0.00,3.26,3.96,9.12,17.69,14.60,6.03,329.60,168.71
2025-06-13 10:45,-6.39,0.00,74.04,0.00,158.00,343.80,72.90,21.26,1.48,234.45,384.05,752.14,14.95,0.00,5.35,3.96,8.52,16.97,14.60,5.62,349.70,170.44
2025-06-13 10:50,-7.34,0.00,84.93,0.00,140.00,337.08,72.78,9.19,3.34,235.23,386.34,777.41,15.17,0.00,6.13,3.96,8.09,16.86,14.60,5.32,352.79,169.15
2025-06-13 10:55,-9.59,0.00,100.25,0.00,117.00,296.17,72.53,9.34,1.18,230.35,387.89,802.68,15.38,0.00,7.24,3.96,7.53,16.17,14.59,5.33,363.93,167.04
2025-06-13 11:00,-7.88,0.00,119.64,0.00,98.00,299.75,72.43,0.00,4.91,208.55,388.01,827.95,15.60,0.00,8.64,3.96,7.08,16.23,14.59,5.10,376.47,169.06
2025-06-13 11:05,-11.83,0.00,115.58,0.00,76.00,298.20,72.32,0.00,3.20,206.21,389.78,849.46,15.77,0.00,8.36,3.96,6.55,16.20,14.59,5.10,371.64,170.44
2025-06-13 11:10,-3.58,0.00,124.80,0.00,65.00,314.14,39.28,0.00,14.67,205.30,391.31,870.98,15.93,0.00,9.05,3.96,6.29,16.47,13.89,5.10,370.70,170.44
2025-06-13 11:15,-6.90,0.00,113.03,0.00,63.00,317.62,31.59,0.00,5.18,199.94,392.71,892.49,16.10,0.00,8.19,3.96,6.24,16.53,13.72,5.10,361.74,170.44
2025-06-13 11:20,-102.05,0.00,135.12,0.00,61.00,363.63,31.51,0.00,6.42,194.29,394.01,914.00,16.27,0.00,9.82,3.96,6.19,17.30,13.72,5.10,389.52,162.25
2025-06-13 11:25,-106.03,0.00,144.46,0.00,62.00,309.35,31.49,0.00,3.32,197.08,395.12,935.52,16.43,0.00,10.52,3.96,6.21,16.39,13.72,5.10,398.44,160.58
2025-06-13 11:30,-102.16,0.00,140.23,0.00,62.00,297.99,31.49,0.00,4.10,190.65,396.40,957.03,16.60,0.00,10.20,3.96,6.21,16.20,13.72,5.10,391.58,137.91
2025-06-13 11:35,-101.63,0.00,127.08,0.00,62.00,297.27,31.49,0.00,4.34,184.81,396.47,971.86,16.58,0.00,9.28,3.96,6.21,16.19,13.72,5.10,380.01,156.15
2025-06-13 11:40,-14.28,0.00,84.32,0.00,61.00,297.49,31.43,0.00,3.49,183.00,397.56,986.69,16.57,0.00,6.50,0.00,2.93,10.16,1.91,0.00,138.53,165.68
2025-06-13 11:45,-80.01,0.00,97.70,0.00,61.00,297.80,31.45,0.00,4.21,179.94,399.39,1001.52,16.55,0.00,7.52,0.00,2.93,10.16,1.91,0.00,150.37,167.37
2025-06-13 11:50,-113.41,0.00,113.65,0.00,62.00,298.07,31.43,0.00,4.49,188.29,401.38,1016.35,16.53,0.00,8.78,0.00,2.95,10.17,1.91,0.00,160.97,167.63
2025-06-13 11:55,-101.60,0.00,83.87,0.00,61.00,297.96,31.38,0.00,3.42,204.45,402.29,1031.18,16.52,0.00,6.53,0.00,2.93,10.17,1.91,0.00,139.93,166.14
2025-06-13 12:00,-98.37,0.00,71.58,0.00,63.00,298.89,31.30,0.00,7.81,211.18,402.90,1046.01,16.50,0.00,5.59,0.00,2.98,10.18,1.91,0.00,131.02,148.54
2025-06-13 12:05,-99.32,0.00,59.28,0.00,63.00,298.64,31.34,0.00,13.15,210.47,403.32,1054.97,16.48,0.00,4.57,0.00,2.98,10.18,1.91,0.00,122.95,145.16
2025-06-13 12:10,-18.85,0.00,3.02,0.00,63.00,296.54,31.36,0.00,7.76,214.99,404.04,1063.93,16.47,0.00,0.23,0.00,2.98,10.14,1.91,0.00,88.89,146.33
2025-06-13 12:15,-100.98,0.00,31.88,0.00,61.00,295.85,31.33,0.00,0.32,234.66,404.44,1072.89,16.45,0.00,2.47,0.00,2.93,10.13,1.91,0.00,106.33,152.53
2025-06-13 12:20,-101.29,0.00,25.47,0.00,61.00,296.59,31.25,0.00,0.32,235.52,404.87,1081.85,16.43,0.00,1.97,0.00,2.93,10.14,1.90,0.00,102.48,153.15
2025-06-13 12:25,-154.43,0.00,38.78,0.00,60.00,297.06,31.36,0.00,0.31,251.16,405.61,1090.80,16.42,0.00,3.01,0.00,2.90,10.15,1.91,0.00,110.98,147.66
2025-06-13 12:30,-154.37,0.00,29.67,0.00,61.00,296.49,31.30,0.00,0.48,260.66,406.01,1099.76,16.40,0.00,2.30,0.00,2.93,10.14,1.91,0.00,105.15,143.83
2025-06-13 12:35,-155.95,0.00,16.30,0.00,60.00,296.22,31.25,0.00,0.30,275.97,405.05,1103.09,16.48,0.00,1.27,0.00,2.90,10.14,1.90,0.00,97.27,147.72
2025-06-13 12:40,-244.21,0.00,52.57,0.00,62.00,297.44,31.21,0.00,0.33,279.75,406.57,1106.42,16.57,0.00,4.08,0.00,2.95,10.16,1.90,0.00,121.44,140.25
2025-06-13 12:45,-193.23,0.00,13.02,0.00,60.00,297.41,31.17,0.00,0.32,295.74,406.69,1109.75,16.65,0.00,1.01,0.00,2.90,10.16,1.90,0.00,96.08,141.92
2025-06-13 12:50,-239.21,0.00,15.72,0.00,62.00,296.81,31.17,0.00,0.32,314.00,407.53,1113.08,16.73,0.00,1.22,0.00,2.95,10.15,1.90,0.00,98.80,130.44
2025-06-13 12:55,-215.46,0.00,6.01,0.00,62.00,269.37,31.03,0.00,0.31,329.36,407.73,1116.40,16.82,0.00,0.47,0.00,2.95,9.69,1.90,0.00,90.25,139.00
2025-06-13 13:00,-260.59,0.00,14.16,0.00,57.00,295.92,31.12,0.00,0.30,328.18,408.00,1119.73,16.90,0.00,1.10,0.00,2.83,10.13,1.90,0.00,97.45,134.68
2025-06-13 13:05,-293.22,0.00,26.20,0.00,60.00,295.80,31.04,0.00,0.30,322.17,408.34,1117.53,16.93,0.00,2.03,0.00,2.90,10.13,1.90,0.00,106.25,118.18
2025-06-13 13:10,-323.99,0.00,81.95,0.00,62.00,247.62,31.11,0.00,0.45,322.29,407.89,1115.32,16.97,0.00,6.37,0.00,2.95,9.32,1.90,0.00,138.44,135.84
2025-06-13 13:15,-339.46,0.00,58.23,0.00,57.00,294.37,31.19,0.00,0.08,323.53,407.03,1113.11,17.00,0.00,4.52,0.00,2.83,10.10,1.90,0.00,127.06,103.27
2025-06-13 13:20,-286.15,0.00,49.69,0.00,58.00,248.62,31.14,0.00,0.32,341.85,408.27,1110.91,17.03,0.00,3.88,0.00,2.85,9.34,1.90,0.00,115.76,99.45
2025-06-13 13:25,-396.28,0.00,114.70,0.00,62.00,248.24,31.17,0.00,0.30,332.10,408.93,1108.70,17.07,0.00,8.88,0.00,2.95,9.33,1.90,0.00,164.67,104.78
2025-06-13 13:30,-306.19,0.00,60.52,0.00,57.00,248.52,31.07,0.00,0.30,336.87,407.24,1106.50,17.10,0.00,4.67,0.00,2.83,9.34,1.90,0.00,123.50,95.43
2025-06-13 13:35,-422.38,0.00,116.68,0.00,62.00,249.41,31.06,0.00,0.07,339.68,407.84,1099.00,17.12,0.00,9.03,0.00,2.95,9.35,1.90,0.00,168.99,99.45
2025-06-13 13:40,-334.61,0.00,81.28,0.00,63.00,249.31,31.09,0.00,7.06,316.53,406.82,1091.50,17.13,0.00,6.24,0.00,2.98,9.35,1.90,0.00,140.34,94.00
2025-06-13 13:45,-319.62,0.00,85.32,0.00,63.00,240.21,31.20,0.00,0.32,306.25,406.91,1084.01,17.15,0.00,6.53,0.00,2.98,9.19,1.90,0.00,143.18,99.45
2025-06-13 13:50,-253.92,0.00,76.79,0.00,59.00,247.82,31.17,0.00,0.58,278.34,406.65,1076.51,17.17,0.00,5.88,0.00,2.88,9.32,1.90,0.00,135.56,95.87
2025-06-13 13:55,-318.69,0.00,99.75,0.00,65.00,248.79,31.17,0.00,0.32,269.07,407.39,1069.01,17.18,0.00,7.65,0.00,3.02,9.34,1.90,0.00,157.26,99.45
2025-06-13 14:00,-316.79,0.00,130.56,0.00,57.00,248.47,31.18,0.00,0.59,241.50,407.75,1061.51,17.20,0.00,10.00,0.00,2.83,9.34,1.90,0.00,180.44,91.11
2025-06-13 14:05,-201.71,0.00,81.98,0.00,61.00,226.34,31.09,0.00,0.39,228.00,409.99,1042.83,17.20,0.00,6.38,0.00,2.93,8.95,1.90,0.00,140.96,105.68
2025-06-13 14:10,-232.30,0.00,88.51,0.00,58.00,245.02,31.09,0.00,0.32,204.96,407.23,1024.15,17.20,0.00,6.75,0.00,2.85,9.28,1.90,0.00,151.14,94.54
2025-06-13 14:15,-284.42,0.00,126.70,-0.10,57.00,248.79,31.08,0.00,0.30,189.86,405.28,1005.47,17.20,0.00,9.83,0.00,2.83,9.34,1.90,0.00,187.91,89.34
2025-06-13 14:20,-213.74,0.00,128.26,-0.10,62.00,227.19,31.10,0.00,0.93,186.56,391.87,986.79,17.20,0.00,9.95,0.00,2.95,8.97,1.90,0.00,184.70,99.45
2025-06-13 14:25,-320.50,0.00,205.40,-0.10,60.00,244.29,31.02,0.00,2.98,194.31,355.16,968.11,17.20,0.00,15.64,0.00,2.90,9.26,1.90,0.00,268.05,94.00
2025-06-13 14:30,-191.33,0.00,166.49,-0.10,57.00,238.14,30.97,0.00,2.99,175.05,333.35,949.43,17.20,0.00,12.91,0.00,2.83,9.16,1.90,0.00,224.99,97.17
2025-06-13 14:35,-170.96,0.00,149.72,-0.10,61.00,247.47,31.08,0.00,3.01,176.99,340.01,925.95,17.15,0.00,11.56,0.00,2.93,9.32,1.90,0.00,210.57,94.00
2025-06-13 14:40,-194.56,0.00,189.58,-0.10,62.00,228.89,31.04,0.00,0.31,164.96,326.14,902.48,17.10,0.00,14.52,0.00,2.95,9.00,1.90,0.00,255.64,94.00
2025-06-13 14:45,-184.31,0.00,330.27,-0.10,58.00,223.05,30.96,0.00,0.30,156.86,317.92,879.01,17.05,0.00,24.60,0.00,2.78,7.64,1.88,0.00,384.58,94.00
2025-06-13 14:50,-136.09,0.00,300.30,-0.10,62.00,208.95,30.96,0.00,0.00,164.88,333.40,855.54,17.00,0.00,22.32,0.00,2.88,7.39,1.88,0.00,339.26,94.00
2025-06-13 14:55,-137.44,0.00,290.35,-0.10,59.00,218.59,31.10,0.00,0.00,157.53,366.45,832.07,16.95,0.00,21.58,0.00,2.81,7.56,1.89,0.00,328.22,98.04
2025-06-13 15:00,-162.81,0.00,296.62,-0.10,60.00,241.50,31.09,0.00,0.00,158.43,385.14,808.60,16.90,0.00,21.86,0.00,2.83,7.96,1.89,0.00,338.26,90.80
2025-06-13 15:05,-136.36,0.00,299.68,-0.10,59.00,226.14,31.04,0.00,3.40,144.86,371.44,791.92,16.90,0.00,22.27,0.00,2.81,7.69,1.88,0.00,348.89,89.90
2025-06-13 15:10,-71.06,0.00,293.05,0.00,61.00,209.71,30.98,0.00,0.00,148.49,375.20,775.24,16.90,0.00,21.71,0.00,2.85,7.41,1.88,0.00,328.52,90.09
2025-06-13 15:15,-36.24,0.00,279.80,0.00,63.00,206.56,31.07,0.00,2.51,146.62,387.71,758.56,16.90,0.00,20.84,0.00,2.90,7.35,1.88,0.00,309.19,90.22
2025-06-13 15:20,-24.53,0.00,284.58,0.00,63.00,205.84,30.99,0.00,7.03,145.56,371.17,741.88,16.90,0.00,21.07,0.00,2.90,7.34,1.88,0.00,317.09,94.00
2025-06-13 15:25,-19.51,0.00,287.11,0.00,63.00,217.72,31.05,0.00,0.03,142.00,368.36,725.20,16.90,0.00,21.47,0.00,2.90,7.54,1.88,0.00,326.93,116.31
2025-06-13 15:30,-112.62,0.00,348.37,0.00,63.00,240.61,30.93,0.00,0.08,139.27,369.30,708.52,16.90,0.00,25.12,0.00,2.90,7.94,1.88,0.00,416.34,125.37
2025-06-13 15:35,-21.44,0.00,320.55,0.00,64.00,247.75,31.00,0.00,0.02,134.30,334.96,681.37,16.80,0.00,23.01,0.00,2.93,8.06,1.88,0.00,374.01,142.09
2025-06-13 15:40,-22.30,0.00,299.74,0.00,57.00,297.58,51.29,0.00,1.93,135.95,326.42,654.21,16.70,0.00,21.66,0.00,2.76,8.90,2.51,0.00,357.52,130.44
2025-06-13 15:45,-10.38,0.00,310.22,0.00,64.00,281.05,31.07,0.00,1.80,131.17,334.60,627.05,16.60,0.00,22.23,0.00,2.93,8.62,1.88,0.00,372.11,144.45
2025-06-13 15:50,-1.02,0.00,335.51,0.00,67.00,292.95,31.03,0.00,11.88,130.67,281.30,599.89,16.50,0.00,23.77,0.00,3.00,8.82,1.88,0.00,417.01,163.18
2025-06-13 15:55,-0.46,0.00,390.51,0.00,66.00,294.39,31.04,0.00,15.62,120.63,215.80,572.74,16.40,0.00,27.96,0.00,2.98,8.85,1.88,0.00,540.41,174.13
2025-06-13 16:00,-3.95,0.00,366.60,0.00,65.00,341.97,31.00,0.00,1.24,122.25,245.96,545.58,16.30,0.00,26.24,0.00,2.95,9.64,1.88,0.00,497.26,192.12
2025-06-13 16:05,-0.50,0.00,341.39,0.00,64.00,393.35,44.53,0.00,29.38,117.96,222.06,514.80,0.00,0.00,24.50,0.00,2.93,10.50,2.17,0.00,460.80,276.63
2025-06-13 16:10,-0.45,0.00,201.17,0.00,81.00,446.29,70.94,149.36,50.51,122.09,215.13,484.02,0.00,0.00,14.88,0.00,3.33,11.39,2.73,3.67,304.70,227.53
2025-06-13 16:15,-0.38,0.00,100.27,0.00,101.00,503.06,71.37,209.49,182.89,119.76,202.02,453.25,0.00,0.00,7.57,0.00,3.81,12.34,2.74,5.15,217.71,237.26
2025-06-13 16:20,-0.30,0.00,208.64,0.00,126.00,508.41,71.48,211.46,43.42,120.71,163.47,422.47,0.00,0.00,15.82,0.00,4.41,12.43,2.74,5.20,334.04,237.30