date,Battery (Charging) -  MW,Exports -  MW,Imports -  MW,Distillate -  MW,Gas (Steam) -  MW,Gas (CCGT) -  MW,Gas (OCGT) -  MW,Gas (Reciprocating) -  MW,Battery (Discharging) -  MW,Wind -  MW,Solar (Utility) -  MW,Solar (Rooftop) -  MW,Temperature - C,Exports Emissions Vol - tCO₂e,Imports Emissions Vol - tCO₂e,Distillate Emissions Vol - tCO₂e,Gas (Steam) Emissions Vol - tCO₂e,Gas (CCGT) Emissions Vol - tCO₂e,Gas (OCGT) Emissions Vol - tCO₂e,Gas (Reciprocating) Emissions Vol - tCO₂e,Emissions Intensity - kgCO₂e/MWh,Price - AUD/MWh
2025-04-06 16:35,-0.03,-207.88,0.00,0.01,43.00,44.03,0.11,0.00,25.50,794.30,315.84,0.00,20.50,0.60,0.00,0.00,2.06,1.47,0.01,0.00,34.79,-23.57
2025-04-06 16:40,-0.09,-127.82,0.00,0.01,41.00,43.36,0.10,0.00,20.66,734.36,267.47,0.00,20.60,0.40,0.00,0.00,1.97,1.45,0.01,0.00,37.15,-22.00
2025-04-06 16:45,-50.41,-95.89,0.00,0.01,39.00,42.69,0.11,0.00,0.16,799.30,259.04,0.00,20.70,0.28,0.00,0.00,1.87,1.43,0.01,0.00,36.58,-21.23
2025-04-06 16:50,-28.98,-61.65,0.00,0.01,40.00,43.36,0.11,0.00,0.27,835.70,288.32,0.00,20.80,0.17,0.00,0.00,1.92,1.45,0.01,0.00,34.44,-20.88
2025-04-06 16:55,-15.06,-11.81,0.00,0.01,41.00,43.36,0.11,0.00,0.41,845.87,220.68,0.00,20.90,0.04,0.00,0.00,1.97,1.45,0.01,0.00,36.19,-19.65
2025-04-06 17:00,-0.08,-100.66,0.00,0.01,44.00,42.69,0.11,0.00,20.61,982.57,225.64,480.68,21.00,0.27,0.00,0.00,2.11,1.43,0.01,0.00,23.19,-2.46
2025-04-06 17:05,-8.45,-116.50,0.00,0.01,41.00,42.69,0.11,0.00,0.34,1087.51,230.92,443.20,20.93,0.28,0.00,0.00,1.97,1.43,0.01,0.00,21.77,-20.00
2025-04-06 17:10,-28.81,-129.17,0.00,0.01,51.00,43.36,0.11,0.00,2.06,1022.75,212.80,405.72,20.87,0.38,0.00,0.00,2.45,1.45,0.01,0.00,26.80,-20.10
2025-04-06 17:15,-3.60,-85.76,0.00,0.01,61.00,43.36,0.11,0.00,7.57,949.01,207.80,368.23,20.80,0.30,0.00,0.00,2.93,1.45,0.01,0.00,31.71,-20.10
2025-04-06 17:20,-12.23,-28.54,0.00,0.01,62.00,42.69,0.11,0.00,3.08,923.08,172.41,330.75,20.73,0.10,0.00,0.00,2.98,1.43,0.01,0.00,34.61,-8.50
2025-04-06 17:25,-15.30,-54.85,0.00,0.01,64.00,43.36,0.11,0.00,12.56,989.37,164.04,293.27,20.67,0.20,0.00,0.00,3.07,1.45,0.01,0.00,34.76,0.00
2025-04-06 17:30,-2.72,0.00,36.19,0.01,68.00,42.69,0.11,16.57,37.33,1112.24,147.81,255.79,20.60,0.00,1.45,0.00,3.26,1.43,0.01,0.81,50.88,34.61
2025-04-06 17:35,-0.03,0.00,17.98,0.01,71.00,43.36,0.11,79.32,49.29,1076.64,131.28,233.41,20.62,0.00,0.75,0.00,3.41,1.45,0.01,3.90,68.48,106.40
2025-04-06 17:40,-0.13,0.00,28.50,0.01,65.00,43.36,0.11,80.96,29.51,1101.27,119.07,211.03,20.63,0.00,1.24,0.00,3.12,1.45,0.01,3.98,72.50,-22.68
2025-04-06 17:45,-3.50,0.00,291.94,0.01,63.00,43.36,0.11,9.92,8.38,760.34,98.73,188.65,20.65,0.00,13.22,0.00,3.02,1.45,0.01,0.49,248.92,-20.10
2025-04-06 17:50,-7.77,0.00,451.05,0.01,62.00,44.03,0.11,0.00,10.58,888.67,89.37,166.27,20.67,0.00,20.57,0.00,2.98,1.47,0.01,0.00,374.40,-8.50
2025-04-06 17:55,-27.35,0.00,424.42,0.01,62.00,43.36,0.11,0.00,3.24,983.95,73.25,143.89,20.68,0.00,19.47,0.00,2.98,1.45,0.01,0.00,334.29,9.42
2025-04-06 18:00,-13.46,0.00,339.03,0.01,62.00,44.03,0.11,80.43,6.44,1083.72,59.77,121.51,20.70,0.00,16.01,0.00,2.98,1.47,0.01,3.95,265.11,103.40
2025-04-06 18:05,-2.99,0.00,345.88,0.01,63.00,43.36,0.11,80.06,19.83,1082.59,48.01,105.33,20.47,0.00,16.64,0.00,3.02,1.45,0.01,3.93,275.03,36.64
2025-04-06 18:10,-0.49,0.00,154.82,0.01,76.00,43.36,0.11,168.93,25.75,1083.79,38.04,89.16,20.23,0.00,7.67,0.00,3.65,1.45,0.01,8.30,184.68,61.50
2025-04-06 18:15,-14.95,0.00,195.77,0.01,95.00,44.03,0.11,174.21,0.26,1061.26,27.15,72.98,20.00,0.00,9.97,0.00,4.56,1.47,0.01,8.56,233.26,83.59
2025-04-06 18:20,-26.82,0.00,197.15,0.01,113.00,43.36,0.11,174.06,20.96,1070.27,20.43,56.80,19.77,0.00,10.37,0.00,5.42,1.45,0.01,8.55,242.87,125.38
2025-04-06 18:25,-0.34,0.00,183.10,0.01,129.00,44.03,0.11,168.20,21.34,1045.41,10.74,40.62,19.53,0.00,9.71,0.00,6.19,1.47,0.01,8.27,241.20,115.90
2025-04-06 18:30,-0.14,0.00,134.98,0.01,152.00,44.03,0.11,173.88,83.00,1038.72,5.20,24.44,19.30,0.00,7.24,0.00,7.29,1.47,0.01,8.54,212.58,126.00
2025-04-06 18:35,-0.64,0.00,146.16,0.01,166.00,43.36,0.11,174.00,66.16,1012.39,2.44,20.39,19.28,0.00,7.73,0.00,7.97,1.45,0.01,8.55,230.57,129.99
2025-04-06 18:40,-0.22,0.00,118.35,0.01,185.00,51.41,0.11,174.32,136.68,970.98,1.30,16.34,19.27,0.00,6.40,0.00,8.88,1.72,0.01,8.57,216.45,124.85
2025-04-06 18:45,-0.47,0.00,179.43,0.01,196.00,90.34,0.11,174.84,15.60,943.51,0.15,12.30,19.25,0.00,9.78,0.00,9.40,3.02,0.01,8.59,295.03,125.49
2025-04-06 18:50,-0.71,0.00,182.07,0.01,199.00,150.06,0.11,174.21,14.69,904.96,0.02,8.25,19.23,0.00,10.31,0.00,9.55,5.02,0.01,8.56,316.46,134.50
2025-04-06 18:55,-0.62,0.00,133.94,0.01,200.00,148.72,0.11,175.81,163.01,866.51,0.00,4.20,19.22,0.00,7.88,0.00,9.60,4.98,0.01,8.64,262.12,170.44
2025-04-06 19:00,-0.88,0.00,134.81,0.01,197.00,178.25,0.11,174.23,150.00,834.31,0.00,0.15,19.20,0.00,8.06,0.00,9.45,5.97,0.01,8.56,275.01,129.99
2025-04-06 19:05,-0.66,0.00,173.76,0.01,198.00,150.06,0.11,173.39,130.97,809.61,0.00,0.13,19.18,0.00,10.37,0.00,9.50,5.02,0.01,8.52,311.45,129.54
2025-04-06 19:10,-0.78,0.00,225.09,0.01,179.00,150.06,0.11,79.84,125.87,795.62,0.00,0.10,19.17,0.00,13.22,0.00,8.59,5.02,0.01,3.92,334.22,129.99
2025-04-06 19:15,-0.80,0.00,222.57,0.01,155.00,150.06,0.11,78.57,159.35,761.05,0.00,0.07,19.15,0.00,13.27,0.00,7.44,5.02,0.01,3.86,328.59,129.99
2025-04-06 19:20,-0.04,0.00,255.63,0.01,132.00,150.06,0.11,80.69,132.71,748.39,0.00,0.05,19.13,0.00,15.28,0.00,6.33,5.02,0.01,3.97,371.65,130.37
2025-04-06 19:25,-0.49,0.00,245.39,0.01,112.00,150.73,0.11,80.00,161.47,750.52,0.00,0.03,19.12,0.00,14.76,0.00,5.37,5.05,0.01,3.93,346.35,144.20
2025-04-06 19:30,-0.05,0.00,347.16,0.01,102.00,149.39,0.11,79.32,180.10,722.78,0.00,0.00,19.10,0.00,21.25,0.00,4.89,5.00,0.01,3.90,474.43,145.15
2025-04-06 19:35,-0.51,0.00,357.44,0.01,99.00,150.06,0.11,78.61,151.97,723.35,0.00,0.00,19.05,0.00,21.89,0.00,4.75,5.02,0.01,3.86,504.51,130.73
2025-04-06 19:40,-3.50,0.00,364.07,0.01,78.00,150.06,0.11,78.39,149.34,723.93,0.00,0.00,19.00,0.00,22.45,0.00,3.74,5.02,0.01,3.85,518.24,130.67
2025-04-06 19:45,-0.01,0.00,338.47,0.01,62.00,150.73,0.11,79.52,189.47,731.33,0.00,0.00,18.95,0.00,21.10,0.00,2.98,5.05,0.01,3.91,453.25,159.77
2025-04-06 19:50,-0.74,0.00,350.11,0.01,75.00,150.06,0.11,79.52,152.99,731.54,0.00,0.00,18.90,0.00,21.89,0.00,3.60,5.02,0.01,3.91,492.74,129.99
2025-04-06 19:55,-0.73,0.00,348.20,0.01,63.00,148.72,0.11,78.46,143.58,758.06,0.00,0.00,18.85,0.00,21.99,0.00,3.02,4.98,0.01,3.86,481.97,129.99
2025-04-06 20:00,-0.32,0.00,358.03,0.01,58.00,150.06,0.11,79.68,124.20,766.29,0.00,0.00,18.80,0.00,22.59,0.00,2.78,5.02,0.01,3.92,502.22,129.80
2025-04-06 20:05,-0.20,0.00,338.29,0.01,64.00,151.41,0.11,81.74,133.07,775.38,0.00,0.00,18.73,0.00,21.89,0.00,3.07,5.07,0.01,4.02,471.28,129.78
2025-04-06 20:10,-0.36,0.00,352.15,-0.09,60.00,149.39,0.11,78.39,120.50,776.70,0.00,0.00,18.67,0.00,22.77,0.00,2.88,5.00,0.01,3.85,497.46,129.99
2025-04-06 20:15,-0.32,0.00,341.99,-0.10,62.00,144.69,0.10,81.33,113.84,789.21,0.00,0.00,18.60,0.00,22.30,0.00,2.98,4.84,0.01,4.00,482.37,129.44
2025-04-06 20:20,-0.30,0.00,346.66,-0.09,61.00,150.73,0.11,79.45,116.69,784.57,0.00,0.00,18.53,0.00,22.87,0.00,2.93,5.05,0.01,3.90,493.32,129.99
2025-04-06 20:25,-0.52,0.00,327.48,-0.10,60.00,146.04,0.11,81.51,133.41,788.69,0.00,0.00,18.47,0.00,21.86,0.00,2.88,4.89,0.01,4.01,457.93,129.99
2025-04-06 20:30,-0.15,0.00,286.12,0.00,62.00,149.39,0.11,82.60,175.85,793.55,0.00,0.00,18.40,0.00,19.24,0.00,2.98,5.00,0.01,4.06,384.20,157.23
2025-04-06 20:35,-0.54,0.00,281.91,0.00,73.00,150.06,0.11,78.74,157.14,787.83,0.00,0.00,18.40,0.00,19.09,0.00,3.50,5.02,0.01,3.87,391.92,120.04
2025-04-06 20:40,-1.42,0.00,384.95,0.00,64.00,150.06,0.11,80.34,2.76,767.33,0.00,0.00,18.40,0.00,26.00,0.00,3.07,5.02,0.01,3.95,673.20,129.57
2025-04-06 20:45,-0.36,0.00,336.10,0.00,61.00,149.39,0.11,81.94,109.19,748.64,0.00,0.00,18.40,0.00,22.67,0.00,2.93,5.00,0.01,4.03,510.68,129.99
2025-04-06 20:50,-0.37,0.00,342.07,0.00,58.00,150.06,0.11,80.43,128.39,746.89,0.00,0.00,18.40,0.00,22.89,0.00,2.78,5.02,0.01,3.95,506.27,126.55
2025-04-06 20:55,-0.41,0.00,349.06,0.00,58.00,150.73,0.11,78.98,102.83,764.69,0.00,0.00,18.40,0.00,23.51,0.00,2.78,5.05,0.01,3.88,524.63,126.00
2025-04-06 21:00,-4.98,0.00,393.01,0.00,57.00,150.06,0.11,79.12,17.93,757.89,0.00,0.00,18.40,0.00,26.35,0.00,2.73,5.02,0.01,3.89,686.64,113.82
2025-04-06 21:05,-0.01,0.00,385.37,0.00,66.00,150.73,0.11,84.15,24.01,743.74,0.00,0.00,18.33,0.00,25.93,0.00,3.17,5.05,0.01,4.14,672.28,138.04
2025-04-06 21:10,-0.36,0.00,335.62,0.00,80.00,150.73,0.11,79.10,169.35,735.69,0.00,0.00,18.27,0.00,22.97,0.00,3.84,5.05,0.01,3.89,487.99,134.42
2025-04-06 21:15,-0.37,0.00,348.59,0.00,70.00,150.73,0.28,79.96,174.29,708.95,0.00,0.00,18.20,0.00,23.86,0.00,3.36,5.05,0.02,3.93,520.23,128.08
2025-04-06 21:20,-0.71,0.00,395.27,0.00,59.00,150.73,0.11,79.32,115.52,690.68,0.00,0.00,18.13,0.00,26.85,0.00,2.83,5.05,0.01,3.90,662.93,136.37
2025-04-06 21:25,-5.23,0.00,440.55,0.00,56.00,150.73,0.11,79.01,42.24,690.31,0.00,0.00,18.07,0.00,29.27,0.00,2.69,5.05,0.01,3.88,857.04,153.85
2025-04-06 21:30,-0.38,0.00,418.88,0.00,73.00,150.06,0.11,79.33,60.50,699.91,0.00,0.00,18.00,0.00,27.49,0.00,3.50,5.02,0.01,3.90,744.38,129.99
2025-04-06 21:35,-1.54,0.00,432.58,0.00,64.00,150.73,0.11,79.45,56.02,690.15,0.00,0.00,17.95,0.00,28.86,0.00,3.07,5.05,0.01,3.90,809.19,112.50
2025-04-06 21:40,-1.95,0.00,453.24,0.00,62.00,150.06,0.11,81.19,40.75,678.98,0.00,0.00,17.90,0.00,29.76,0.00,2.98,5.02,0.01,3.99,898.11,129.99
2025-04-06 21:45,-10.43,0.00,457.80,0.00,57.00,150.73,0.10,78.10,40.39,677.57,0.00,0.00,17.85,0.00,29.64,0.00,2.73,5.05,0.01,3.84,924.44,112.44
2025-04-06 21:50,-0.51,0.00,457.98,0.00,60.00,143.35,0.11,79.41,21.90,678.45,0.00,0.00,17.80,0.00,30.02,0.00,2.88,4.80,0.01,3.90,951.65,129.99
2025-04-06 21:55,-0.49,0.00,443.80,0.00,59.00,148.72,0.11,80.00,65.39,676.62,0.00,0.00,17.75,0.00,28.65,0.00,2.83,4.98,0.01,3.93,827.92,130.75
2025-04-06 22:00,-0.36,0.00,434.66,-0.10,59.00,150.06,0.11,79.16,60.58,666.68,0.00,0.00,17.70,0.00,28.36,0.00,2.83,5.02,0.01,3.89,829.16,130.05
2025-04-06 22:05,-0.65,0.00,445.98,0.00,60.00,148.72,0.11,80.06,50.98,663.16,0.00,0.00,17.55,0.00,29.52,0.00,2.88,4.98,0.01,3.93,891.09,130.65
2025-04-06 22:10,-0.06,0.00,404.20,0.00,66.00,148.72,0.11,83.02,82.88,669.16,0.00,0.00,17.40,0.00,26.94,0.00,3.17,4.98,0.01,4.08,728.10,129.99
2025-04-06 22:15,-0.69,0.00,419.57,0.00,60.00,148.05,0.11,79.47,53.73,665.85,0.00,0.00,17.25,0.00,27.57,0.00,2.88,4.96,0.01,3.91,803.93,146.40
2025-04-06 22:20,-0.25,0.00,402.94,0.00,80.00,148.72,0.11,80.49,67.46,657.35,0.00,0.00,17.10,0.00,26.55,0.00,3.84,4.98,0.01,3.96,748.04,131.86
2025-04-06 22:25,-0.29,0.00,422.93,0.00,64.00,148.72,0.11,81.83,58.16,649.13,0.00,0.00,16.95,0.00,28.09,0.00,3.07,4.98,0.01,4.02,832.82,138.04
2025-04-06 22:30,-0.15,0.00,387.13,0.00,71.00,149.39,0.11,79.01,55.49,649.59,0.00,0.00,16.80,0.00,25.70,0.00,3.41,5.00,0.01,3.88,738.67,129.99
2025-04-06 22:35,-5.32,0.00,417.78,0.00,58.00,148.72,0.11,79.88,13.26,661.09,0.00,0.00,16.68,0.00,27.46,0.00,2.78,4.98,0.01,3.93,873.42,129.99
2025-04-06 22:40,-0.11,0.00,395.76,0.00,61.00,149.39,0.11,81.73,36.89,660.87,0.00,0.00,16.57,0.00,24.87,0.00,2.93,5.00,0.01,4.02,743.82,142.86
2025-04-06 22:45,-10.40,0.00,410.98,0.00,71.00,148.05,0.11,79.48,16.11,652.55,0.00,0.00,16.45,0.00,25.55,0.00,3.41,4.96,0.01,3.91,831.44,121.32
2025-04-06 22:50,-0.23,0.00,400.62,0.00,67.00,149.39,0.11,82.80,10.35,686.20,0.00,0.00,16.33,0.00,25.28,0.00,3.21,5.00,0.01,4.07,757.78,120.54
2025-04-06 22:55,-0.49,0.00,413.70,0.00,61.00,148.72,0.11,80.05,1.14,681.99,0.00,0.00,16.22,0.00,26.41,0.00,2.93,4.98,0.01,3.93,821.51,121.64
2025-04-06 23:00,-6.71,0.00,402.84,0.00,61.00,148.72,0.11,79.55,3.24,688.43,0.00,0.00,16.10,0.00,25.86,0.00,2.93,4.98,0.01,3.91,791.33,120.78
2025-04-06 23:05,-9.06,0.00,419.85,0.00,58.00,148.72,0.11,79.71,0.66,671.54,0.00,0.00,16.03,0.00,26.92,0.00,2.78,4.98,0.01,3.92,874.48,129.99
2025-04-06 23:10,-2.36,0.00,397.88,0.00,57.00,148.72,0.11,79.62,17.85,677.20,0.00,0.00,15.97,0.00,24.94,0.00,2.73,4.98,0.01,3.91,756.32,142.75
2025-04-06 23:15,-3.35,0.00,378.08,0.00,76.00,148.05,0.11,81.99,24.92,680.93,0.00,0.00,15.90,0.00,23.60,0.00,3.65,4.96,0.01,4.03,689.59,141.18
2025-04-06 23:20,-0.31,0.00,336.97,0.00,96.00,148.05,0.11,81.15,29.11,716.96,0.00,0.00,15.83,0.00,21.07,0.00,4.61,4.96,0.01,3.99,566.02,125.79
2025-04-06 23:25,-0.27,0.00,350.85,0.00,82.00,148.05,0.11,81.80,6.09,727.34,0.00,0.00,15.77,0.00,22.58,0.00,3.93,4.96,0.01,4.02,613.56,125.80
2025-04-06 23:30,-0.33,0.00,318.65,0.00,61.00,148.05,0.11,80.28,0.97,694.86,0.00,0.00,15.70,0.00,20.22,0.00,2.93,4.96,0.01,3.95,577.39,121.79
2025-04-06 23:35,-0.86,0.00,340.78,0.00,63.00,148.05,0.11,81.12,1.25,657.21,0.00,0.00,15.80,0.00,21.97,0.00,3.02,4.96,0.01,3.99,668.69,148.68
2025-04-06 23:40,-0.01,0.00,350.83,0.00,80.00,149.39,0.11,83.56,38.97,626.30,0.00,0.00,15.90,0.00,21.99,0.00,3.84,5.00,0.01,4.11,668.30,151.59
2025-04-06 23:45,-0.90,0.00,358.77,0.00,100.00,148.72,0.11,79.00,27.53,607.35,0.00,0.00,16.00,0.00,22.60,0.00,4.80,4.98,0.01,3.88,721.62,130.96
2025-04-06 23:50,-0.60,0.00,447.18,0.00,80.00,148.72,0.11,78.94,32.18,595.86,0.00,0.00,16.10,0.00,28.36,0.00,3.84,4.98,0.01,3.88,1009.82,132.62
2025-04-06 23:55,-0.16,0.00,438.46,0.00,64.00,148.72,0.11,82.40,41.77,607.89,0.00,0.00,16.20,0.00,27.93,0.00,3.07,4.98,0.01,4.05,949.00,154.19
2025-04-07 00:00,-0.29,0.00,430.98,0.00,79.00,149.39,0.11,81.68,32.19,612.26,0.00,0.00,16.30,0.00,27.79,0.00,3.79,5.00,0.01,4.01,931.04,132.77
2025-04-07 00:05,-0.43,0.00,434.67,0.00,62.00,146.71,0.11,81.07,48.04,613.48,0.00,0.00,16.32,0.00,28.17,0.00,2.98,4.91,0.01,3.98,930.83,138.04
2025-04-07 00:10,-0.53,0.00,438.40,0.00,79.00,148.72,0.11,82.52,39.04,601.07,0.00,0.00,16.33,0.00,28.47,0.00,3.79,4.98,0.01,4.06,968.88,151.51
2025-04-07 00:15,-0.33,0.00,429.07,0.00,97.00,147.38,0.11,80.81,43.28,597.96,0.00,0.00,16.35,0.00,28.04,0.00,4.65,4.93,0.01,3.97,929.64,131.55
2025-04-07 00:20,-1.71,0.00,462.57,0.00,78.00,148.05,0.10,80.63,23.24,588.23,0.00,0.00,16.37,0.00,30.56,0.00,3.74,4.96,0.01,3.96,1142.66,132.65
2025-04-07 00:25,-0.35,0.00,496.91,-0.10,61.00,148.05,0.11,78.74,34.34,594.24,0.00,0.00,16.38,0.00,33.18,0.00,2.93,4.96,0.01,3.87,1286.65,132.63
2025-04-07 00:30,-0.35,0.00,493.46,-0.10,60.00,147.38,0.11,80.95,40.56,597.68,0.00,0.00,16.40,0.00,32.67,0.00,2.88,4.93,0.01,3.98,1233.06,132.64
2025-04-07 00:35,-0.39,0.00,508.49,-0.10,60.00,149.39,0.11,80.13,40.04,581.72,0.00,0.00,16.35,0.00,33.69,0.00,2.88,5.00,0.01,3.94,1357.18,133.68
2025-04-07 00:40,-0.45,0.00,540.90,0.00,62.00,148.72,0.11,80.90,5.04,571.94,0.00,0.00,16.30,0.00,35.50,0.00,2.98,4.98,0.01,3.98,1738.96,135.40
2025-04-07 00:45,-2.67,0.00,548.27,0.00,60.00,148.72,0.11,80.34,0.83,583.57,0.00,0.00,16.25,0.00,36.33,0.00,2.88,4.98,0.01,3.95,1790.75,117.56
2025-04-07 00:50,-0.11,0.00,577.62,0.00,62.00,149.39,0.11,81.56,19.91,585.58,0.00,0.00,16.20,0.00,38.08,0.00,2.98,5.00,0.01,4.01,1873.11,135.43
2025-04-07 00:55,-14.14,0.00,603.03,0.00,59.00,148.05,0.11,79.65,4.02,580.52,0.00,0.00,16.15,0.00,39.41,0.00,2.83,4.96,0.01,3.91,2413.35,125.00
2025-04-07 01:00,-4.28,0.00,592.19,0.00,58.00,149.39,0.11,78.08,14.21,571.48,0.00,0.00,16.10,0.00,38.85,0.00,2.78,5.00,0.01,3.84,2204.29,120.54
2025-04-07 01:05,-0.34,0.00,584.83,0.00,59.00,148.72,0.11,80.28,3.73,583.71,0.00,0.00,15.93,0.00,38.30,0.00,2.83,4.98,0.01,3.95,2069.03,134.95
2025-04-07 01:10,-0.23,0.00,565.16,0.00,61.00,148.05,0.11,81.00,2.25,586.69,0.00,0.00,15.77,0.00,37.36,0.00,2.93,4.96,0.01,3.98,1883.42,123.12
2025-04-07 01:15,-0.32,0.00,567.00,0.00,59.00,148.72,0.11,79.84,1.31,576.43,0.00,0.00,15.60,0.00,37.49,0.00,2.83,4.98,0.01,3.92,1981.83,112.44
2025-04-07 01:20,-0.23,0.00,588.41,0.00,61.00,107.11,0.11,82.89,15.88,550.98,0.00,0.00,15.43,0.00,38.88,0.00,2.93,3.59,0.01,4.07,2589.03,112.44
2025-04-07 01:25,-0.23,0.00,607.52,0.00,62.00,101.07,0.11,81.91,3.41,526.18,0.00,0.00,15.27,0.00,40.17,0.00,2.98,3.38,0.01,4.03,3634.45,112.44
2025-04-07 01:30,-2.08,0.00,643.28,0.00,63.00,123.22,0.11,82.28,15.08,495.94,0.00,0.00,15.10,0.00,42.82,0.00,3.02,4.13,0.01,4.04,4827.49,112.97
2025-04-07 01:35,-2.23,0.00,638.21,0.00,62.00,150.73,0.11,80.83,12.93,478.02,0.00,0.00,15.08,0.00,42.40,0.00,2.98,5.05,0.01,3.97,4527.75,128.74
2025-04-07 01:40,-2.19,0.00,635.60,0.00,61.00,148.05,0.11,80.72,27.06,469.88,0.00,0.00,15.07,0.00,42.61,0.00,2.93,4.96,0.01,3.97,4386.11,129.97
2025-04-07 01:45,-2.31,0.00,644.34,0.00,58.00,149.39,0.10,78.71,3.27,458.07,0.00,0.00,15.05,0.00,43.00,0.00,2.78,5.00,0.01,3.87,6500.79,112.96
2025-04-07 01:50,-1.08,0.00,652.57,0.00,57.00,148.72,0.11,78.36,1.66,443.14,0.00,0.00,15.03,0.00,42.74,0.00,2.73,4.98,0.01,3.85,8651.28,112.44
2025-04-07 01:55,-3.00,0.00,665.24,0.00,57.00,140.67,0.11,79.19,1.01,445.43,0.00,0.00,15.02,0.00,43.11,0.00,2.73,4.71,0.01,3.89,11845.40,112.44
2025-04-07 02:00,-5.43,0.00,666.86,0.00,59.00,127.92,0.11,78.87,1.11,447.98,0.00,0.00,15.00,0.00,42.99,0.00,2.83,4.28,0.01,3.88,15176.11,112.44
2025-04-07 02:05,-5.59,0.00,675.43,-0.10,58.00,121.21,0.11,80.80,0.68,442.97,0.00,0.00,15.00,0.00,44.24,0.00,2.78,4.06,0.01,3.97,29187.02,112.44
2025-04-07 02:10,-0.34,0.00,704.64,0.00,61.00,125.90,0.11,80.87,6.99,412.14,0.00,0.00,15.00,0.00,45.92,0.00,2.93,4.22,0.01,3.97,38088.72,112.44
2025-04-07 02:15,-0.34,0.00,709.04,0.00,61.00,131.94,0.11,80.35,20.03,375.89,0.00,0.00,15.00,0.00,45.93,0.00,2.93,4.42,0.01,3.95,17147.07,113.24
2025-04-07 02:20,-4.40,0.00,742.51,0.00,58.00,148.72,0.11,81.03,0.61,330.37,0.00,0.00,15.00,0.00,47.64,0.00,2.78,4.98,0.01,3.98,5564.31,129.02
2025-04-07 02:25,-5.95,0.00,755.50,0.00,57.00,149.39,0.11,79.61,0.77,299.24,0.00,0.00,15.00,0.00,48.30,0.00,2.73,5.00,0.01,3.91,4103.52,138.00
2025-04-07 02:30,-2.74,0.00,782.88,0.00,61.00,148.72,0.11,100.51,1.89,299.44,0.00,0.00,15.00,0.00,49.12,0.00,2.93,4.98,0.01,4.94,4275.45,138.00
2025-04-07 02:35,-101.96,0.00,798.14,0.00,66.00,149.39,0.11,155.87,9.30,290.58,0.00,0.00,14.92,0.00,50.33,0.00,3.17,5.00,0.01,7.66,3469.23,138.00
2025-04-07 02:40,-99.57,0.00,798.57,0.00,67.00,149.39,0.11,139.07,19.89,277.87,0.00,0.00,14.83,0.00,50.72,0.00,3.21,5.00,0.01,6.83,3224.09,138.00
2025-04-07 02:45,-100.01,0.00,809.26,0.00,68.00,148.05,0.11,153.46,4.10,255.20,0.00,0.00,14.75,0.00,51.28,0.00,3.26,4.96,0.01,7.54,2870.05,138.04
2025-04-07 02:50,-114.57,0.00,809.66,0.00,77.00,148.72,0.10,172.40,0.02,238.72,0.00,0.00,14.67,0.00,51.11,0.00,3.69,4.98,0.01,8.47,2851.67,138.00
2025-04-07 02:55,-101.46,0.00,814.00,0.00,65.00,150.06,0.11,175.77,0.13,234.60,0.00,0.00,14.58,0.00,50.84,0.00,3.12,5.02,0.01,8.64,2800.15,138.00
2025-04-07 03:00,-100.01,0.00,803.14,0.00,65.00,148.05,0.11,174.82,0.07,228.82,0.00,0.00,14.50,0.00,50.28,0.00,3.12,4.96,0.01,8.59,2806.44,138.00
2025-04-07 03:05,-99.80,0.00,816.40,0.00,66.00,149.39,0.11,155.25,0.99,236.93,0.00,0.00,14.35,0.00,51.64,0.00,3.17,5.00,0.01,7.63,2631.67,138.00
2025-04-07 03:10,-99.48,0.00,793.06,0.00,67.00,148.72,0.11,162.72,12.78,234.88,0.00,0.00,14.20,0.00,50.36,0.00,3.21,4.98,0.01,8.00,2998.82,138.00
2025-04-07 03:15,-99.77,0.00,829.94,0.00,63.00,148.05,0.11,117.98,0.73,228.03,0.00,0.00,14.05,0.00,53.10,0.00,3.02,4.96,0.01,5.80,2158.75,138.00
2025-04-07 03:20,-99.73,0.00,801.08,0.00,65.00,148.72,0.11,140.96,10.74,233.90,0.00,0.00,13.90,0.00,51.44,0.00,3.12,4.98,0.01,6.93,2646.48,138.00
2025-04-07 03:25,-99.72,0.00,824.27,0.00,64.00,149.39,0.11,134.11,2.62,233.18,0.00,0.00,13.75,0.00,52.68,0.00,3.07,5.00,0.01,6.59,2372.78,138.00
2025-04-07 03:30,-99.70,0.00,808.43,0.00,66.00,150.06,0.11,162.34,1.96,229.65,0.00,0.00,13.60,0.00,52.76,0.00,3.17,5.02,0.01,7.98,2775.73,138.00
2025-04-07 03:35,-99.64,0.00,818.68,0.00,67.00,149.39,0.11,150.62,6.81,218.09,0.00,0.00,13.67,0.00,53.33,0.00,3.21,5.00,0.01,7.40,2535.81,122.55
2025-04-07 03:40,-0.50,0.00,827.03,0.00,59.00,149.39,0.11,78.84,1.76,202.26,0.00,0.00,13.73,0.00,53.81,0.00,2.83,5.00,0.01,3.87,2339.05,138.00
2025-04-07 03:45,-0.88,0.00,797.53,0.00,57.00,149.39,0.11,126.05,0.30,201.42,0.00,0.00,13.80,0.00,51.93,0.00,2.73,5.00,0.01,6.19,2992.30,138.00
2025-04-07 03:50,-1.10,0.00,758.79,0.00,60.00,150.06,0.11,120.45,5.57,206.34,0.00,0.00,13.87,0.00,49.75,0.00,2.88,5.02,0.01,5.92,3509.98,127.40
2025-04-07 03:55,-6.63,0.00,787.33,0.00,57.00,149.39,0.11,78.97,0.15,204.27,0.00,0.00,13.93,0.00,51.04,0.00,2.73,5.00,0.01,3.88,2473.20,123.33
2025-04-07 04:00,-5.89,0.00,792.10,0.00,58.00,148.05,0.11,80.54,0.24,207.39,0.00,0.00,14.00,0.00,51.01,0.00,2.78,4.96,0.01,3.96,2478.21,138.00
2025-04-07 04:05,-0.53,0.00,775.02,0.00,58.00,150.06,0.11,101.32,1.09,210.99,0.00,0.00,14.02,0.00,50.26,0.00,2.78,5.02,0.01,4.98,2979.29,138.04
2025-04-07 04:10,-0.87,0.00,781.40,0.00,70.00,147.38,0.11,80.34,0.00,222.93,0.00,0.00,14.03,0.00,50.16,0.00,3.36,4.93,0.01,3.95,2863.91,112.44
2025-04-07 04:15,-4.05,0.00,779.89,-0.10,63.00,117.18,0.11,82.44,1.02,251.87,0.00,0.00,14.05,0.00,50.21,0.00,3.02,3.92,0.01,4.05,2736.59,107.72
2025-04-07 04:20,-2.91,0.00,791.67,0.00,63.00,88.99,0.11,82.64,0.83,260.58,0.00,0.00,14.07,0.00,50.83,0.00,3.02,2.98,0.01,4.06,2448.94,104.82
2025-04-07 04:25,-5.28,0.00,811.07,0.00,59.00,89.66,0.11,81.59,0.22,235.88,0.00,0.00,14.08,0.00,51.88,0.00,2.83,3.00,0.01,4.01,2117.20,112.44
2025-04-07 04:30,-4.90,0.00,828.73,0.00,54.00,103.09,0.11,80.84,0.08,226.59,0.00,0.00,14.10,0.00,52.72,0.00,2.59,3.45,0.01,3.97,2040.93,112.44
2025-04-07 04:35,-4.93,0.00,815.15,0.00,58.00,128.59,0.11,82.28,1.65,219.32,0.00,0.00,14.22,0.00,51.83,0.00,2.78,4.31,0.01,4.04,2288.94,112.44
2025-04-07 04:40,-0.13,0.00,823.31,0.00,63.00,113.15,0.11,84.21,11.52,211.10,0.00,0.00,14.33,0.00,52.27,0.00,3.02,3.79,0.01,4.14,2229.28,112.44
2025-04-07 04:45,-9.04,0.00,833.19,0.00,57.00,127.25,0.11,78.78,0.19,206.70,0.00,0.00,14.45,0.00,52.94,0.00,2.73,4.26,0.01,3.87,2057.20,112.44
2025-04-07 04:50,-0.12,0.00,815.44,0.00,60.00,136.64,0.11,82.63,7.54,204.03,0.00,0.00,14.57,0.00,51.52,0.00,2.88,4.58,0.01,4.06,2330.55,112.44
2025-04-07 04:55,-1.16,0.00,798.68,0.00,61.00,149.39,0.11,83.86,3.77,219.52,0.00,0.00,14.68,0.00,50.34,0.00,2.93,5.00,0.01,4.12,2653.18,112.44
2025-04-07 05:00,-9.12,0.00,819.14,0.00,58.00,109.80,0.11,80.77,0.11,247.47,0.00,0.00,14.80,0.00,51.62,0.00,2.78,3.68,0.01,3.97,2242.93,100.01
2025-04-07 05:05,-2.72,0.00,814.78,0.00,61.00,90.34,0.11,83.42,0.43,262.19,0.00,0.00,14.87,0.00,51.15,0.00,2.93,3.02,0.01,4.10,2295.03,100.25
2025-04-07 05:10,-1.41,0.00,795.30,0.00,71.00,89.66,0.11,85.33,17.93,244.31,0.00,0.00,14.93,0.00,49.49,0.00,3.41,3.00,0.01,4.19,2501.04,114.79
2025-04-07 05:15,-14.80,0.00,797.14,0.00,63.00,148.72,0.11,83.30,5.07,228.33,0.00,0.00,15.00,0.00,49.01,0.00,3.02,4.98,0.01,4.09,2587.53,113.95
2025-04-07 05:20,-3.94,0.00,794.62,0.00,58.00,148.72,0.11,79.45,0.33,223.85,0.00,0.00,15.07,0.00,48.74,0.00,2.78,4.98,0.01,3.90,2516.56,138.04
2025-04-07 05:25,-11.38,0.00,791.86,0.00,63.00,148.72,0.11,81.73,0.91,229.87,0.00,0.00,15.13,0.00,48.55,0.00,3.02,4.98,0.01,4.02,2606.56,121.63
2025-04-07 05:30,-1.09,0.00,635.88,0.00,60.00,150.06,0.11,80.71,3.02,220.49,0.00,0.00,15.20,0.00,38.69,0.00,2.88,5.02,0.01,3.97,4950.68,138.04
2025-04-07 05:35,-0.04,0.00,782.79,-0.10,70.00,150.06,0.11,81.33,12.98,198.20,0.00,0.00,15.27,0.00,47.44,0.00,3.36,5.02,0.01,4.00,2656.33,175.97
2025-04-07 05:40,-0.06,0.00,745.94,-0.10,84.00,195.03,0.11,97.95,10.85,172.07,0.00,0.00,15.33,0.00,46.45,0.00,4.03,6.53,0.01,4.81,3986.86,175.97
2025-04-07 05:45,-0.72,0.00,720.60,0.00,96.00,226.57,0.10,121.45,2.81,166.06,0.00,0.00,15.40,0.00,45.04,0.00,4.61,7.59,0.01,5.97,7001.80,170.44
2025-04-07 05:50,-0.54,0.00,736.54,0.00,99.00,215.16,0.11,80.40,32.53,161.99,0.00,0.00,15.47,0.00,46.32,0.00,4.75,7.20,0.01,3.95,5049.68,175.97
2025-04-07 05:55,-0.30,0.00,678.48,0.00,97.00,225.90,0.41,111.15,34.65,157.47,0.00,0.00,15.53,0.00,42.60,0.00,4.65,7.56,0.02,5.46,13861.15,170.44
2025-04-07 06:00,-0.06,0.00,688.96,0.00,98.00,225.90,21.71,79.16,41.17,151.45,0.00,0.00,15.60,0.00,42.88,0.00,4.70,7.56,1.15,3.89,10082.08,175.97
2025-04-07 06:05,-0.61,0.00,681.82,0.00,97.00,226.57,44.71,111.71,8.26,151.92,0.00,0.00,15.53,0.00,42.39,0.00,4.65,7.59,2.36,5.49,17734.71,138.04
2025-04-07 06:10,-0.28,0.00,655.01,0.00,115.00,171.54,43.91,173.02,20.50,154.92,0.00,0.00,15.47,0.00,41.11,0.00,5.52,5.74,2.32,8.50,32135.21,170.44
2025-04-07 06:15,-0.01,0.00,673.33,0.00,133.00,151.41,43.91,175.62,20.26,141.89,0.00,0.00,15.40,0.00,41.68,0.00,6.38,5.07,2.32,8.63,105945.99,170.44
2025-04-07 06:20,-0.08,0.00,674.89,-0.10,151.00,162.81,44.01,173.01,7.34,132.16,0.00,0.00,15.33,0.00,41.18,0.00,7.25,5.45,2.32,8.50,164089.69,170.44
2025-04-07 06:25,-0.15,0.00,658.90,-0.10,167.00,193.69,44.11,174.94,7.83,129.17,0.00,0.00,15.27,0.00,40.95,0.00,8.01,6.49,2.33,8.60,13831.60,170.44
2025-04-07 06:30,-0.82,0.00,634.06,-0.10,184.00,192.34,59.42,171.89,6.07,129.21,0.00,0.00,15.20,0.00,38.44,0.00,8.83,6.44,3.26,8.45,7271.21,145.30
2025-04-07 06:35,-0.17,0.00,627.08,0.00,198.00,148.72,63.57,175.33,44.84,133.29,0.00,0.00,15.10,0.00,38.23,0.00,9.50,4.98,3.51,8.62,5700.50,170.44
2025-04-07 06:40,-0.13,0.00,631.05,0.00,199.00,154.76,61.55,174.23,49.86,130.54,0.00,0.00,15.00,0.00,39.11,0.00,9.55,5.18,3.39,8.56,5689.49,170.44
2025-04-07 06:45,-0.38,0.00,672.44,0.00,197.00,158.12,61.57,174.69,1.86,120.71,0.00,0.00,14.90,0.00,43.89,0.00,9.45,5.29,3.39,8.58,20605.16,170.44
2025-04-07 06:50,-0.15,0.00,685.12,0.00,199.00,168.85,60.43,172.72,33.67,118.08,0.00,0.00,14.80,0.00,45.76,0.00,9.55,5.65,3.32,8.49,12938.67,170.44
2025-04-07 06:55,-0.13,0.00,665.00,0.00,199.00,202.41,61.29,172.43,37.31,124.63,0.00,0.00,14.70,0.00,44.21,0.00,9.55,6.78,3.37,8.47,6583.60,138.04
2025-04-07 07:00,-1.34,0.00,688.61,0.00,183.00,148.72,61.68,172.58,81.23,138.46,0.00,0.00,14.60,0.00,44.56,0.00,8.78,4.98,3.40,8.48,8800.37,138.04
2025-04-07 07:05,-4.13,0.00,673.71,0.00,177.00,148.72,61.43,173.56,103.56,152.70,0.01,2.20,14.67,0.00,42.77,0.00,8.49,4.98,3.38,8.53,5786.48,138.00
2025-04-07 07:10,-7.87,0.00,638.49,0.00,159.00,149.39,63.73,150.27,160.36,176.34,0.37,4.40,14.73,0.00,40.57,0.00,7.63,5.00,3.52,7.38,3536.53,126.00
2025-04-07 07:15,-0.01,0.00,701.87,0.00,143.00,149.39,63.65,80.90,167.33,158.32,1.23,6.59,14.80,0.00,45.03,0.00,6.86,5.00,3.51,3.98,11274.26,138.00
2025-04-07 07:20,-0.01,0.00,648.31,0.00,131.00,148.72,63.65,136.05,215.12,139.78,2.71,8.79,14.87,0.00,41.60,0.00,6.29,4.98,3.51,6.69,3831.65,140.39
2025-04-07 07:25,-0.01,0.00,617.82,0.00,146.00,149.39,63.00,173.92,152.93,131.37,5.44,10.99,14.93,0.00,38.47,0.00,7.01,5.00,3.47,8.55,3484.40,138.04
2025-04-07 07:30,-0.01,0.00,630.03,0.00,155.00,149.39,62.24,175.69,111.12,125.53,10.21,13.19,15.00,0.00,39.37,0.00,7.44,5.00,3.43,8.63,4447.94,126.00
2025-04-07 07:35,-0.01,0.00,653.88,0.00,135.00,148.05,62.07,79.01,187.63,123.36,21.89,28.56,15.18,0.00,41.14,0.00,6.48,4.96,3.42,3.88,5456.17,168.14
2025-04-07 07:40,-0.01,0.00,552.85,-0.10,149.00,148.72,55.66,174.85,240.25,121.79,39.07,43.93,15.37,0.00,34.69,0.00,7.15,4.98,3.08,8.59,1670.18,145.83
2025-04-07 07:45,-0.01,0.00,489.69,0.00,162.00,148.72,40.15,173.68,234.02,118.36,50.97,59.30,15.55,0.00,31.05,0.00,7.77,4.98,2.25,8.53,1316.84,129.68
2025-04-07 07:50,-0.01,0.00,570.93,0.00,150.00,148.72,40.66,79.53,208.65,102.38,63.61,74.68,15.73,0.00,36.26,0.00,7.20,4.98,2.29,3.91,2205.08,138.00
2025-04-07 07:55,-0.01,0.00,558.04,0.00,136.00,149.39,41.71,88.15,193.33,104.73,81.66,90.05,15.92,0.00,35.16,0.00,6.53,5.00,2.35,4.33,1958.72,170.44
2025-04-07 08:00,-16.53,0.00,566.92,0.00,147.00,178.92,39.63,169.15,35.62,102.95,95.06,105.42,16.10,0.00,35.79,0.00,7.05,5.99,2.22,8.31,2453.96,138.00
2025-04-07 08:05,-0.18,0.00,661.29,0.00,143.00,149.39,42.97,146.27,13.10,103.32,99.86,126.10,16.23,0.00,41.35,0.00,6.86,5.00,2.43,7.19,4637.77,138.00
2025-04-07 08:10,-0.15,0.00,669.82,0.00,125.00,150.06,31.42,134.52,19.63,125.78,114.33,146.79,16.37,0.00,41.90,0.00,6.00,5.02,1.80,6.61,4145.73,142.37
2025-04-07 08:15,-0.17,0.00,614.36,-0.10,138.00,149.39,18.79,174.93,12.48,148.98,130.10,167.47,16.50,0.00,40.17,0.00,6.62,5.00,1.14,8.60,2268.53,138.49
2025-04-07 08:20,-0.01,0.00,593.75,-0.10,157.00,150.06,18.68,174.09,26.18,136.02,147.28,188.16,16.63,0.00,39.29,0.00,7.53,5.02,1.14,8.56,1829.73,138.04
2025-04-07 08:25,-0.13,0.00,545.53,-0.10,168.00,150.06,19.07,173.95,27.70,137.07,164.97,208.84,16.77,0.00,36.42,0.00,8.06,5.02,1.16,8.55,1410.13,140.19
2025-04-07 08:30,-11.02,0.00,523.26,-0.10,179.00,149.39,17.10,173.71,18.76,163.47,174.91,229.52,16.90,0.00,34.85,0.00,8.59,5.00,1.04,8.54,1218.28,127.97
2025-04-07 08:35,-1.35,0.00,535.71,-0.10,171.00,149.39,18.13,81.42,9.43,194.03,198.42,244.50,16.98,0.00,36.14,0.00,8.21,5.00,1.10,4.00,1234.79,112.44
2025-04-07 08:40,-25.71,0.00,551.38,0.00,143.00,99.73,15.59,77.33,8.08,195.23,278.51,259.48,17.07,0.00,37.09,0.00,6.86,3.34,0.95,3.80,1249.20,92.11
2025-04-07 08:45,-23.72,0.00,559.43,0.00,125.00,60.14,16.96,80.06,2.46,190.28,315.28,274.47,17.15,0.00,37.71,0.00,6.00,2.01,1.03,3.93,1263.17,100.00
2025-04-07 08:50,-54.77,0.00,588.39,0.00,105.00,90.34,17.71,79.47,0.45,178.41,276.37,289.45,17.23,0.00,39.84,0.00,5.04,3.02,1.08,3.91,1610.52,9.94
2025-04-07 08:55,-3.14,0.00,600.98,0.00,84.00,60.14,19.18,81.70,1.22,156.60,273.22,304.43,17.32,0.00,41.11,0.00,4.03,2.01,1.17,4.01,1668.76,99.44
2025-04-07 09:00,-24.32,0.00,615.57,0.00,68.00,62.82,19.00,81.93,3.04,148.62,279.81,319.41,17.40,0.00,43.09,0.00,3.26,2.10,1.15,4.03,1877.94,93.35
2025-04-07 09:05,-7.36,0.00,664.01,0.00,63.00,60.14,19.72,82.70,4.04,125.56,277.85,330.49,17.47,0.00,47.00,0.00,3.02,2.01,1.20,4.06,2353.94,125.00
2025-04-07 09:10,-0.03,0.00,653.50,0.00,60.00,117.85,0.11,16.60,37.75,119.69,286.84,341.58,17.53,0.00,46.10,0.00,2.88,3.95,0.01,0.82,1973.09,94.47
2025-04-07 09:15,-0.01,0.00,689.91,0.00,59.00,69.53,0.11,10.15,14.71,113.43,294.96,352.66,17.60,0.00,48.51,0.00,2.83,2.33,0.01,0.50,2894.06,99.44
2025-04-07 09:20,-1.37,0.00,702.12,0.00,41.00,60.81,0.11,8.97,1.05,126.35,300.95,363.74,17.67,0.00,49.61,0.00,1.97,2.04,0.01,0.44,3252.27,24.06
2025-04-07 09:25,-2.96,0.00,727.68,0.00,40.00,59.46,0.11,0.00,0.26,124.88,308.33,374.83,17.73,0.00,50.02,0.00,1.92,1.99,0.01,0.00,3651.74,10.24
2025-04-07 09:30,-13.27,0.00,735.65,0.00,40.00,60.14,0.11,0.00,0.34,112.39,320.23,385.91,17.80,0.00,49.66,0.00,1.92,2.01,0.01,0.00,3779.01,10.29
2025-04-07 09:35,-7.57,0.00,721.29,0.00,46.00,60.14,0.11,0.00,0.65,100.98,323.97,397.39,17.87,0.00,48.00,0.00,2.21,2.01,0.01,0.00,3127.83,22.96
2025-04-07 09:40,-37.44,0.00,734.93,0.00,48.00,60.81,0.11,0.00,0.25,105.00,317.19,408.88,17.93,0.00,48.21,0.00,2.30,2.04,0.01,0.00,3757.37,99.44
2025-04-07 09:45,-58.91,0.00,749.59,0.00,50.00,58.79,0.11,0.00,0.21,115.84,320.19,420.36,18.00,0.00,48.86,0.00,2.40,1.97,0.01,0.00,4068.53,10.21
2025-04-07 09:50,-27.88,0.00,738.13,0.00,51.00,58.79,0.11,0.00,0.19,109.85,319.66,431.85,18.07,0.00,46.98,0.00,2.45,1.97,0.01,0.00,3002.36,10.21
2025-04-07 09:55,-17.20,0.00,731.84,0.00,56.00,60.14,0.11,0.00,0.49,107.85,328.52,443.33,18.13,0.00,45.35,0.00,2.69,2.01,0.01,0.00,2428.08,10.32
2025-04-07 10:00,-49.64,0.00,732.78,0.00,57.00,60.14,0.11,0.00,0.13,96.36,343.55,454.82,18.20,0.00,44.99,0.00,2.73,2.01,0.01,0.00,2599.00,0.00
2025-04-07 10:05,-23.20,0.00,691.90,0.00,63.00,60.81,0.11,0.00,1.57,97.00,354.13,471.14,18.28,0.00,42.53,0.00,3.02,2.04,0.01,0.00,1717.00,10.07
2025-04-07 10:10,-0.04,0.00,690.48,0.00,65.00,59.46,0.11,0.00,3.07,106.00,348.61,487.46,18.37,0.00,42.31,0.00,3.12,1.99,0.01,0.00,1500.74,22.66
2025-04-07 10:15,-10.63,0.00,668.03,0.00,62.00,59.46,0.11,0.00,0.28,112.30,399.98,503.78,18.45,0.00,39.70,0.00,2.97,1.99,0.01,0.00,1167.35,9.10
2025-04-07 10:20,-18.56,0.00,668.93,0.00,65.00,60.14,0.11,0.00,0.32,123.91,398.90,520.09,18.53,0.00,39.11,0.00,3.12,2.01,0.01,0.00,1103.97,9.98
2025-04-07 10:25,-4.88,0.00,622.08,0.00,72.00,60.14,0.11,0.00,7.95,123.18,332.88,536.41,18.62,0.00,36.93,0.00,3.45,2.01,0.01,0.00,1006.31,10.04
2025-04-07 10:30,-0.03,0.00,627.53,0.00,70.00,60.14,0.11,0.00,0.38,120.82,319.12,552.73,18.70,0.00,37.14,0.00,3.36,2.01,0.01,0.00,1029.21,22.53
2025-04-07 10:35,-0.19,0.00,614.07,0.00,72.00,60.81,0.11,0.00,0.42,130.01,337.12,563.18,18.77,0.00,35.71,0.00,3.45,2.04,0.01,0.00,900.15,0.02
2025-04-07 10:40,-25.16,0.00,626.18,0.00,75.00,46.04,0.11,0.00,0.18,133.84,359.19,573.64,18.83,0.00,35.94,0.00,3.60,1.54,0.01,0.00,918.78,0.00
2025-04-07 10:45,-36.30,0.00,640.98,0.00,80.00,44.70,0.11,0.00,0.46,128.80,363.59,584.09,18.90,0.00,36.79,0.00,3.84,1.50,0.01,0.00,964.05,23.62
2025-04-07 10:50,-56.26,0.00,637.56,0.00,80.00,44.03,0.11,0.00,0.39,133.01,367.88,594.54,18.97,0.00,36.24,0.00,3.84,1.47,0.01,0.00,947.91,0.02
2025-04-07 10:55,-84.06,0.00,635.42,0.00,83.00,44.70,0.11,0.00,0.50,146.09,377.38,604.99,19.03,0.00,35.94,0.00,3.98,1.50,0.01,0.00,925.27,18.14
2025-04-07 11:00,-82.60,0.00,626.51,0.00,80.00,44.03,0.11,0.00,0.20,129.10,397.43,615.45,19.10,0.00,33.98,0.00,3.84,1.47,0.01,0.00,846.43,-19.90
2025-04-07 11:05,-138.81,0.00,655.08,0.00,80.00,44.03,0.11,0.00,0.39,130.40,366.27,634.57,19.08,0.00,35.04,0.00,3.84,1.47,0.01,0.00,1048.68,-8.50
2025-04-07 11:10,-132.41,0.00,620.78,0.00,88.00,44.03,0.11,0.00,0.36,141.21,393.79,653.69,19.07,0.00,34.29,0.00,4.22,1.47,0.01,0.00,845.01,-20.10
2025-04-07 11:15,-126.71,0.00,617.15,0.00,89.00,44.03,0.11,0.00,0.64,126.98,402.79,672.82,19.05,0.00,34.48,0.00,4.27,1.47,0.01,0.00,814.87,-20.10
2025-04-07 11:20,-171.89,0.00,621.72,0.00,81.00,43.36,0.11,0.00,0.22,114.88,430.03,691.94,19.03,0.00,34.27,0.00,3.89,1.45,0.01,0.00,836.97,-22.00
2025-04-07 11:25,-135.69,0.00,640.07,0.00,90.00,44.03,0.11,0.00,0.36,119.53,352.18,711.07,19.02,0.00,36.41,0.00,4.32,1.47,0.01,0.00,935.32,0.00
2025-04-07 11:30,-149.12,0.00,564.62,0.00,79.00,43.36,0.11,0.00,0.30,202.27,361.19,730.19,19.00,0.00,30.26,0.00,3.79,1.45,0.01,0.00,606.39,-22.49
2025-04-07 11:35,-163.50,0.00,602.28,0.00,83.00,44.03,0.11,0.00,0.13,157.49,317.95,765.50,19.15,0.00,32.85,0.00,3.98,1.47,0.01,0.00,763.27,-23.27
2025-04-07 11:40,-157.49,0.00,602.11,0.00,88.00,43.36,0.11,0.00,0.21,138.63,301.96,800.80,19.30,0.00,33.57,0.00,4.22,1.45,0.01,0.00,767.88,-8.50
2025-04-07 11:45,-166.22,0.00,506.76,0.00,78.00,43.36,0.11,0.00,0.25,173.64,363.26,836.11,19.45,0.00,27.09,0.00,3.74,1.45,0.01,0.00,471.57,-2.72
2025-04-07 11:50,-339.05,0.00,560.78,0.00,80.00,43.36,0.11,0.00,0.00,182.37,406.62,871.42,19.60,0.00,29.71,0.00,3.84,1.45,0.01,0.00,614.06,-20.10
2025-04-07 11:55,-307.86,0.00,598.90,0.00,79.00,43.36,0.11,0.00,0.00,149.28,346.47,906.72,19.75,0.00,31.13,0.00,3.79,1.45,0.01,0.00,706.23,-20.10
2025-04-07 12:00,-266.43,0.00,556.48,0.00,84.00,44.03,0.11,0.00,0.06,157.89,363.44,942.03,19.90,0.00,29.78,0.00,4.03,1.47,0.01,0.00,550.92,-8.50
2025-04-07 12:05,-322.60,0.00,528.15,0.00,84.00,43.36,0.11,0.00,0.00,191.77,379.69,957.12,19.97,0.00,27.88,0.00,4.03,1.45,0.01,0.00,497.20,-2.64
2025-04-07 12:10,-313.61,0.00,464.46,0.00,81.00,43.36,0.11,0.00,0.00,237.56,400.15,972.22,20.03,0.00,24.54,0.00,3.89,1.45,0.01,0.00,375.01,-8.50
2025-04-07 12:15,-294.67,0.00,463.43,0.00,79.00,44.03,0.11,0.00,0.00,237.55,375.47,987.31,20.10,0.00,24.24,0.00,3.79,1.47,0.01,0.00,366.86,-20.10
2025-04-07 12:20,-339.48,0.00,527.57,0.00,84.00,43.36,0.11,0.00,0.01,184.46,330.49,1002.40,20.17,0.00,27.83,0.00,4.03,1.45,0.01,0.00,514.14,-20.10
2025-04-07 12:25,-345.95,0.00,524.16,0.00,79.00,44.03,0.11,0.00,0.00,168.01,326.68,1017.49,20.23,0.00,27.13,0.00,3.79,1.47,0.01,0.00,508.07,-20.10
2025-04-07 12:30,-374.44,0.00,534.16,0.00,81.00,44.03,0.11,0.00,0.00,184.09,317.17,1032.59,20.30,0.00,28.30,0.00,3.89,1.47,0.01,0.00,538.33,-8.50
2025-04-07 12:35,-378.99,0.00,492.30,0.00,80.00,44.03,0.11,0.00,0.00,208.29,333.47,1057.37,20.32,0.00,27.10,0.00,3.84,1.47,0.01,0.00,456.60,-20.10
2025-04-07 12:40,-382.44,0.00,531.92,0.00,81.00,44.03,0.11,0.00,0.00,147.63,332.69,1082.15,20.33,0.00,29.02,0.00,3.89,1.47,0.01,0.00,533.68,-20.10
2025-04-07 12:45,-351.35,0.00,516.99,0.00,85.00,43.36,0.11,0.00,0.00,148.25,336.27,1106.93,20.35,0.00,29.29,0.00,4.08,1.45,0.01,0.00,490.73,-21.00
2025-04-07 12:50,-345.88,0.00,522.52,0.00,84.00,43.36,0.11,0.00,0.00,123.70,331.93,1131.72,20.37,0.00,29.92,0.00,4.03,1.45,0.01,0.00,502.02,-2.55
2025-04-07 12:55,-382.81,0.00,401.53,0.00,80.00,44.03,0.11,0.00,0.00,292.14,386.57,1156.50,20.38,0.00,22.54,0.00,3.84,1.47,0.01,0.00,284.55,-20.10
2025-04-07 13:00,-347.95,0.00,469.43,0.00,80.00,44.03,0.11,0.00,0.00,184.09,335.32,1181.28,20.40,0.00,25.76,0.00,3.84,1.47,0.01,0.00,370.18,-22.00
2025-04-07 13:05,-358.83,0.00,428.64,0.00,88.00,44.03,0.11,0.00,0.14,134.16,318.53,1182.88,20.58,0.00,23.88,0.00,4.22,1.47,0.01,0.00,362.12,-20.57
2025-04-07 13:10,-330.16,0.00,403.90,0.00,84.00,44.03,0.11,0.00,0.08,141.17,333.83,1184.47,20.77,0.00,22.22,0.00,4.03,1.47,0.01,0.00,315.79,-21.84
2025-04-07 13:15,-336.41,0.00,423.47,0.00,82.00,44.03,0.11,0.00,0.02,122.57,318.74,1186.06,20.95,0.00,23.01,0.00,3.93,1.47,0.01,0.00,343.30,-22.00
2025-04-07 13:20,-334.92,0.00,423.28,0.00,86.00,43.36,0.11,0.00,0.14,128.08,319.87,1187.65,21.13,0.00,23.37,0.00,4.13,1.45,0.01,0.00,345.04,-21.00
2025-04-07 13:25,-355.70,0.00,437.41,0.00,81.00,44.03,0.11,0.00,0.00,137.68,343.85,1189.25,21.32,0.00,23.67,0.00,3.89,1.47,0.01,0.00,347.48,-24.06
2025-04-07 13:30,-172.44,0.00,344.73,0.00,80.00,44.03,0.11,0.00,0.00,107.54,310.38,1190.84,21.50,0.00,19.45,0.00,3.84,1.47,0.01,0.00,244.45,-24.00
2025-04-07 13:35,-140.45,0.00,319.03,0.00,84.00,43.36,0.11,0.00,0.08,131.38,318.95,1196.76,21.52,0.00,18.62,0.00,4.03,1.45,0.01,0.00,219.98,-24.69
2025-04-07 13:40,-132.12,0.00,314.83,0.00,81.00,43.36,0.11,0.00,0.00,123.16,325.35,1202.67,21.53,0.00,18.35,0.00,3.89,1.45,0.01,0.00,214.03,-24.24
2025-04-07 13:45,-108.16,0.00,159.58,0.00,84.00,44.03,0.11,0.00,0.10,122.94,309.26,1208.59,21.55,0.00,9.41,0.00,4.03,1.47,0.01,0.00,119.26,-24.15
2025-04-07 13:50,-100.44,0.00,149.29,0.00,86.00,44.03,0.11,0.00,4.18,136.47,332.89,1214.50,21.57,0.00,8.96,0.00,4.13,1.47,0.01,0.00,111.43,-22.00
2025-04-07 13:55,-113.73,0.00,119.43,0.00,81.00,44.03,0.11,0.00,0.00,159.29,343.49,1220.42,21.58,0.00,7.02,0.00,3.89,1.47,0.01,0.00,92.02,-22.71
2025-04-07 14:00,-68.22,0.00,104.48,0.00,86.00,43.36,0.11,0.00,10.77,173.03,308.66,1226.34,21.60,0.00,6.33,0.00,4.13,1.45,0.01,0.00,85.30,-20.10
2025-04-07 14:05,-8.38,-80.32,0.00,0.00,79.00,43.36,0.11,0.00,0.00,246.27,388.22,1219.21,21.60,0.56,0.00,0.00,3.79,1.45,0.01,0.00,29.83,-21.15
2025-04-07 14:10,-8.44,-59.29,0.00,-0.10,82.00,44.03,0.11,0.00,4.11,200.20,380.98,1212.08,21.60,0.45,0.00,0.00,3.93,1.47,0.01,0.00,32.10,-20.34
2025-04-07 14:15,-10.60,-66.56,0.00,-0.10,80.00,44.03,0.11,0.00,0.01,211.48,374.22,1204.96,21.60,0.50,0.00,0.00,3.84,1.47,0.01,0.00,31.48,-19.20
2025-04-07 14:20,-36.55,-102.63,0.00,-0.10,80.00,43.36,0.11,0.00,0.00,291.63,400.71,1197.83,21.60,0.67,0.00,0.00,3.84,1.45,0.01,0.00,29.65,-21.32
2025-04-07 14:25,-0.20,-196.98,0.00,-0.10,89.00,44.03,0.11,0.00,14.63,235.86,337.09,1190.71,21.60,1.57,0.00,0.00,4.27,1.47,0.01,0.00,29.26,-20.48
2025-04-07 14:30,-3.25,-184.12,0.00,0.00,85.00,44.03,0.11,0.00,3.44,226.46,339.20,1183.58,21.60,1.47,0.00,0.00,4.08,1.47,0.01,0.00,28.99,-18.55
2025-04-07 14:35,-6.67,-242.26,0.00,0.00,80.00,43.36,0.11,0.00,5.60,302.38,362.82,1181.95,21.50,1.62,0.00,0.00,3.84,1.45,0.01,0.00,25.58,-18.17
2025-04-07 14:40,-6.27,-234.48,0.00,0.00,80.00,44.03,0.11,0.00,0.00,295.60,355.53,1180.32,21.40,1.61,0.00,0.00,3.84,1.47,0.01,0.00,25.97,-18.51
2025-04-07 14:45,-2.88,-248.69,0.00,0.00,84.00,44.03,0.11,0.00,2.61,328.38,349.82,1178.69,21.30,1.69,0.00,0.00,4.03,1.47,0.01,0.00,26.39,-18.44
2025-04-07 14:50,-0.40,-259.98,0.00,0.00,84.00,44.03,0.11,0.00,5.09,340.42,359.37,1177.06,21.20,1.72,0.00,0.00,4.03,1.47,0.01,0.00,26.00,-8.43
2025-04-07 14:55,-20.61,-255.58,0.00,0.00,81.00,44.03,0.11,0.00,0.00,348.47,362.84,1175.43,21.10,1.64,0.00,0.00,3.89,1.47,0.01,0.00,25.77,-12.58
2025-04-07 15:00,-24.82,-249.31,0.00,0.00,80.00,44.03,0.11,0.00,0.00,333.56,363.36,1173.80,21.00,1.62,0.00,0.00,3.84,1.47,0.01,0.00,25.83,-8.50
2025-04-07 15:05,-13.52,-278.97,0.00,0.00,80.00,44.03,0.11,0.00,0.00,351.50,375.78,1159.28,21.05,1.74,0.00,0.00,3.84,1.47,0.01,0.00,24.98,-17.94
2025-04-07 15:10,-2.45,-315.73,0.00,0.00,83.00,44.03,0.11,0.00,2.57,340.37,450.74,1144.75,21.10,1.87,0.00,0.00,3.98,1.47,0.01,0.00,24.66,-2.51
2025-04-07 15:15,-19.97,-320.54,0.00,0.00,80.00,44.03,0.11,0.00,0.08,371.19,471.75,1130.22,21.15,1.76,0.00,0.00,3.84,1.47,0.01,0.00,24.29,-18.08
2025-04-07 15:20,-1.92,-290.04,0.00,0.00,85.00,43.36,0.11,0.00,6.39,317.23,468.65,1115.69,21.20,1.74,0.00,0.00,4.08,1.45,0.01,0.00,26.09,-8.50
2025-04-07 15:25,-2.17,-327.90,0.00,0.00,89.00,43.36,0.11,0.00,14.79,347.22,448.78,1101.16,21.25,1.99,0.00,0.00,4.27,1.45,0.01,0.00,26.16,-2.18
2025-04-07 15:30,-2.92,-369.76,0.00,0.00,88.00,44.03,0.11,0.00,12.19,443.41,481.85,1086.63,21.30,1.97,0.00,0.00,4.22,1.47,0.01,0.00,25.11,4.39
2025-04-07 15:35,-0.35,-382.35,0.00,0.00,87.00,43.36,0.11,0.00,43.02,433.66,478.23,1067.29,21.25,1.98,0.00,0.00,4.17,1.45,0.01,0.00,24.74,-8.50
2025-04-07 15:40,-8.43,-315.33,0.00,0.00,87.00,44.03,0.11,0.00,15.48,387.54,454.56,1047.95,21.20,1.80,0.00,0.00,4.17,1.47,0.01,0.00,26.98,8.00
2025-04-07 15:45,-0.06,-334.45,0.00,0.00,84.00,43.36,0.11,0.00,10.21,411.45,469.14,1028.61,21.15,1.80,0.00,0.00,4.03,1.45,0.01,0.00,25.83,8.06
2025-04-07 15:50,-0.17,-306.23,0.00,0.00,85.00,43.36,0.11,0.00,14.64,392.20,465.29,1009.27,21.10,1.69,0.00,0.00,4.08,1.45,0.01,0.00,27.07,70.54
2025-04-07 15:55,-0.29,-312.99,0.00,0.00,80.00,43.36,0.11,0.00,25.80,401.82,461.70,989.92,21.05,1.64,0.00,0.00,3.84,1.45,0.01,0.00,26.00,49.99
2025-04-07 16:00,-0.13,-322.91,0.00,0.00,84.00,44.03,0.11,0.00,67.10,421.29,459.69,970.58,21.00,1.65,0.00,0.00,4.03,1.47,0.01,0.00,26.86,75.67
2025-04-07 16:05,-0.18,-308.54,0.00,0.00,81.00,44.03,0.11,0.00,52.43,434.99,453.66,933.88,20.87,1.55,0.00,0.00,3.89,1.47,0.01,0.00,27.06,8.22
2025-04-07 16:10,-25.15,-279.79,0.00,0.00,124.00,43.36,0.11,0.00,4.17,442.44,443.00,897.18,20.73,1.96,0.00,0.00,5.95,1.45,0.01,0.00,39.64,8.28
2025-04-07 16:15,-33.09,-275.16,0.00,0.00,138.00,43.36,0.11,0.00,0.20,456.75,442.02,860.48,20.60,2.06,0.00,0.00,6.62,1.45,0.01,0.00,44.26,8.29
2025-04-07 16:20,-16.68,-268.21,0.00,0.00,138.00,43.36,0.11,0.00,2.13,449.79,433.09,823.78,20.47,2.03,0.00,0.00,6.62,1.45,0.01,0.00,45.21,8.39
2025-04-07 16:25,-30.44,-192.10,0.00,0.00,149.00,44.03,0.11,0.00,0.35,491.31,423.62,787.08,20.33,1.50,0.00,0.00,7.15,1.47,0.01,0.00,51.18,8.35
2025-04-07 16:30,-30.63,-172.60,0.00,0.00,140.00,44.03,0.11,0.00,0.48,501.15,415.34,750.38,20.20,1.29,0.00,0.00,6.72,1.47,0.01,0.00,50.33,20.00
2025-04-07 16:35,-34.91,-162.57,0.00,0.00,146.00,44.03,0.11,0.00,0.25,526.76,405.69,717.10,20.18,1.23,0.00,0.00,7.01,1.47,0.01,0.00,53.03,38.67
2025-04-07 16:40,-33.06,-130.67,0.00,0.00,132.00,44.03,0.11,0.00,0.04,505.98,395.98,683.83,20.17,0.95,0.00,0.00,6.33,1.47,0.01,0.00,51.56,16.22
2025-04-07 16:45,-48.01,-26.68,0.00,0.00,131.00,60.14,0.11,0.00,0.00,498.28,384.25,650.55,20.15,0.21,0.00,0.00,6.29,2.01,0.01,0.00,58.92,16.22
2025-04-07 16:50,-48.37,0.00,25.93,0.00,132.00,59.46,0.11,0.00,2.04,466.95,365.82,617.28,20.13,0.00,1.80,0.00,6.33,1.99,0.01,0.00,77.49,16.22
2025-04-07 16:55,-25.56,0.00,27.02,0.00,139.00,59.46,0.11,0.00,10.59,478.30,348.37,584.01,20.12,0.00,1.92,0.00,6.67,1.99,0.01,0.00,81.05,75.47
2025-04-07 17:00,-4.24,0.00,34.26,0.00,125.00,59.46,0.11,0.00,6.71,487.31,327.01,550.73,20.10,0.00,2.47,0.00,6.00,1.99,0.01,0.00,82.77,9.13
2025-04-07 17:05,-174.52,0.00,259.13,0.00,122.00,59.46,0.11,0.00,0.00,465.69,308.61,517.31,20.02,0.00,18.94,0.00,5.85,1.99,0.01,0.00,309.30,16.22
2025-04-07 17:10,-107.57,0.00,182.86,0.00,141.00,60.14,0.11,75.75,2.96,506.14,288.12,483.88,19.93,0.00,13.69,0.00,6.77,2.01,0.01,3.72,248.00,42.44
2025-04-07 17:15,-3.75,0.00,128.31,0.00,138.00,60.14,0.11,81.33,30.69,522.04,266.39,450.46,19.85,0.00,9.70,0.00,6.62,2.01,0.01,4.00,189.18,122.09
2025-04-07 17:20,-83.85,0.00,185.27,0.00,131.00,112.48,0.11,79.99,25.27,512.32,244.61,417.04,19.77,0.00,13.58,0.00,6.29,3.77,0.01,3.93,263.87,130.37
2025-04-07 17:25,-6.36,0.00,217.69,0.00,130.00,150.06,0.11,79.74,16.10,513.23,224.88,383.61,19.68,0.00,15.99,0.00,6.24,5.02,0.01,3.92,293.75,148.97
2025-04-07 17:30,-0.03,0.00,178.80,0.00,167.00,148.72,0.11,154.38,60.44,513.23,203.54,350.19,19.60,0.00,13.20,0.00,8.01,4.98,0.01,7.59,285.75,220.55
2025-04-07 17:35,-0.90,0.00,183.18,0.00,191.00,203.08,0.11,156.63,53.32,489.57,180.62,318.86,19.45,0.00,13.24,0.00,9.16,6.80,0.01,7.70,314.34,215.04
2025-04-07 17:40,-0.02,0.00,211.01,0.00,237.00,181.61,0.11,158.10,27.45,488.09,157.51,287.52,19.30,0.00,15.13,0.00,11.37,6.08,0.01,7.77,365.14,230.00
2025-04-07 17:45,-0.06,0.00,114.32,0.00,267.00,179.59,84.81,156.79,82.65,480.63,134.73,256.19,19.15,0.00,8.15,0.00,12.81,6.01,4.75,7.70,309.65,215.04
2025-04-07 17:50,-0.01,0.00,6.06,0.00,308.00,178.92,87.42,159.15,320.77,484.85,113.62,224.86,19.00,0.00,0.43,0.00,14.78,5.99,4.74,7.82,216.52,230.00
2025-04-07 17:55,0.00,-10.68,0.00,0.00,342.00,176.24,106.19,156.34,324.80,492.23,94.51,193.53,18.85,0.23,0.00,0.00,16.41,5.90,5.84,7.68,227.88,276.63
2025-04-07 18:00,0.00,-50.40,0.00,0.00,373.00,176.91,172.99,155.50,340.62,514.44,74.60,162.19,18.70,1.15,0.00,0.00,17.90,5.92,9.61,7.64,249.57,270.34
2025-04-07 18:05,0.00,-221.74,0.00,0.00,393.00,182.28,238.07,156.92,170.69,534.98,56.80,139.62,18.57,5.85,0.00,0.00,18.86,6.10,13.06,7.71,289.90,141.08
2025-04-07 18:10,0.00,-210.47,0.00,0.00,364.00,234.62,215.36,154.64,287.72,576.50,41.07,117.05,18.43,4.99,0.00,0.00,17.47,7.86,11.51,7.60,265.82,230.00
2025-04-07 18:15,0.00,-193.97,0.00,0.00,396.00,249.39,273.39,155.89,69.98,586.81,27.72,94.48,18.30,5.51,0.00,0.00,19.00,8.35,14.99,7.66,321.68,215.04
2025-04-07 18:20,-0.13,-266.44,0.00,0.00,395.00,280.26,236.16,155.93,258.63,577.05,17.21,71.91,18.17,6.74,0.00,0.00,18.95,9.38,12.61,7.66,291.13,139.05
2025-04-07 18:25,0.00,-286.79,0.00,0.00,383.00,281.60,240.43,158.27,384.37,570.42,9.93,49.34,18.03,6.85,0.00,0.00,18.38,9.43,12.83,7.78,278.59,290.09
2025-04-07 18:30,-0.17,-208.01,0.00,0.01,394.00,296.36,303.42,155.57,141.90,545.97,4.48,26.77,17.90,6.01,0.00,0.00,18.91,9.92,16.72,7.64,341.04,210.50
2025-04-07 18:35,-0.01,-256.15,0.00,0.00,394.00,307.77,239.93,156.77,352.33,526.85,1.99,22.32,17.82,6.44,0.00,0.00,18.91,10.31,12.82,7.70,297.62,230.00
2025-04-07 18:40,-0.57,-215.75,0.00,0.00,392.00,358.78,247.90,154.18,202.13,515.03,0.88,17.88,17.73,5.96,0.00,0.00,18.81,12.01,13.32,7.58,328.29,230.00
2025-04-07 18:45,-0.01,-186.73,0.00,0.00,399.00,415.82,241.58,156.48,159.25,529.06,0.22,13.43,17.65,5.27,0.00,0.00,19.15,13.92,12.91,7.69,336.05,222.20
2025-04-07 18:50,-1.05,-246.72,0.00,0.00,393.00,372.87,236.67,154.73,358.46,526.98,0.03,8.99,17.57,6.23,0.00,0.00,18.86,12.48,12.63,7.60,301.63,255.91
2025-04-07 18:55,-0.08,-225.87,0.00,0.00,395.00,425.22,304.89,157.69,169.71,546.82,0.00,4.54,17.48,6.52,0.00,0.00,18.95,14.24,16.80,7.75,345.67,215.04
2025-04-07 19:00,-0.06,-251.33,0.00,0.00,394.00,376.90,279.75,155.89,329.08,517.76,0.00,0.10,17.40,6.66,0.00,0.00,18.91,12.62,15.26,7.66,318.19,228.44
2025-04-07 19:05,-0.57,-269.68,0.00,0.00,393.00,393.67,277.73,154.88,160.41,545.59,0.00,0.08,17.30,7.68,0.00,0.00,18.86,13.18,15.14,7.61,341.62,228.44
2025-04-07 19:10,-0.40,-268.08,0.00,0.01,393.00,382.27,278.22,156.56,144.20,576.52,0.00,0.06,17.20,7.57,0.00,0.00,18.86,12.80,15.17,7.69,338.94,215.04
2025-04-07 19:15,-0.22,-278.98,0.00,0.00,393.00,375.55,304.86,155.43,144.25,580.77,0.00,0.05,17.10,7.98,0.00,0.00,18.86,12.57,16.81,7.64,343.24,200.00
2025-04-07 19:20,-0.01,-278.83,0.00,0.01,397.00,378.24,275.86,155.28,147.16,594.39,0.00,0.03,17.00,7.78,0.00,0.00,19.05,12.66,15.01,7.63,334.83,215.04
2025-04-07 19:25,-0.15,-223.05,0.00,0.00,395.00,376.90,306.38,156.36,114.26,600.14,0.00,0.02,16.90,6.43,0.00,0.00,18.95,12.62,16.89,7.68,345.73,200.00
2025-04-07 19:30,0.00,-234.35,0.00,0.00,396.00,382.94,273.67,157.43,150.33,580.35,0.00,0.00,16.80,6.57,0.00,0.00,19.00,12.82,14.87,7.74,336.56,200.00
2025-04-07 19:35,0.00,-224.26,0.00,0.00,398.00,383.61,276.09,157.47,109.40,605.84,0.00,0.00,16.72,6.35,0.00,0.00,19.10,12.84,15.02,7.74,340.01,170.44
2025-04-07 19:40,-3.74,-199.68,0.00,0.00,396.00,375.55,240.23,156.53,85.96,614.72,0.00,0.00,16.63,5.57,0.00,0.00,19.00,12.57,12.83,7.69,335.23,170.44
2025-04-07 19:45,-0.20,-153.55,0.00,0.00,394.00,320.52,237.92,155.76,96.43,616.66,0.00,0.00,16.55,4.21,0.00,0.00,18.91,10.73,12.69,7.65,329.38,153.63
2025-04-07 19:50,-5.54,-147.32,0.00,0.00,395.00,302.40,237.58,155.37,92.76,620.09,0.00,0.00,16.47,4.04,0.00,0.00,18.95,10.13,12.67,7.64,329.78,230.00
2025-04-07 19:55,-0.05,-228.07,0.00,0.00,397.00,364.15,277.96,157.85,132.92,621.58,0.00,0.00,16.38,6.33,0.00,0.00,19.05,12.19,15.12,7.76,332.81,226.94
2025-04-07 20:00,0.00,-199.36,0.00,0.00,395.00,376.23,239.45,157.23,84.04,641.90,0.00,0.00,16.30,5.48,0.00,0.00,18.95,12.60,12.78,7.73,329.83,230.00
2025-04-07 20:05,-0.19,-231.20,0.00,0.00,395.00,426.56,242.58,154.31,23.53,641.53,0.00,0.00,16.22,6.60,0.00,0.00,18.95,14.28,12.97,7.58,342.71,174.15
2025-04-07 20:10,-0.01,-212.16,0.00,0.00,395.00,380.25,240.32,156.66,10.65,658.22,0.00,0.00,16.13,6.02,0.00,0.00,18.95,12.73,12.82,7.70,340.28,164.50
2025-04-07 20:15,0.00,-195.59,0.00,0.00,399.00,329.25,242.56,158.22,20.64,658.35,0.00,0.00,16.05,5.51,0.00,0.00,19.15,11.02,12.95,7.78,337.78,218.33
2025-04-07 20:20,-0.12,-218.01,0.00,0.00,395.00,368.84,224.92,157.09,23.26,666.51,0.00,0.00,15.97,6.05,0.00,0.00,18.95,12.35,11.88,7.72,332.77,183.83
2025-04-07 20:25,-0.07,-223.56,0.00,0.00,394.00,378.91,224.96,156.74,59.11,660.37,0.00,0.00,15.88,6.10,0.00,0.00,18.91,12.69,11.88,7.70,327.69,187.29
2025-04-07 20:30,0.00,-218.30,0.00,0.00,396.00,380.92,224.90,157.18,50.01,659.83,0.00,0.00,15.80,6.00,0.00,0.00,19.00,12.75,11.88,7.72,329.76,194.41
2025-04-07 20:35,-0.93,-200.17,0.00,0.00,394.00,376.23,222.12,155.15,17.51,651.83,0.00,0.00,15.75,5.60,0.00,0.00,18.91,12.60,11.73,7.62,336.09,153.18
2025-04-07 20:40,-0.03,-197.59,0.00,0.00,398.00,325.22,224.71,157.67,25.91,675.09,0.00,0.00,15.70,5.42,0.00,0.00,19.10,10.89,11.87,7.75,329.47,174.78
2025-04-07 20:45,-0.19,-209.03,0.00,0.00,396.00,376.23,223.34,158.19,6.40,689.33,0.00,0.00,15.65,5.78,0.00,0.00,19.00,12.60,11.79,7.77,332.02,174.64
2025-04-07 20:50,-6.49,-211.02,0.00,0.00,393.00,374.88,220.73,155.96,0.43,683.39,0.00,0.00,15.60,5.85,0.00,0.00,18.86,12.55,11.66,7.66,334.29,144.45
2025-04-07 20:55,0.00,-208.06,0.00,0.00,395.00,321.87,224.96,157.02,31.98,688.49,0.00,0.00,15.55,5.64,0.00,0.00,18.95,10.78,11.88,7.72,325.35,170.44
2025-04-07 21:00,-0.03,-209.55,0.00,0.00,395.00,365.49,223.17,156.41,2.65,689.90,0.00,0.00,15.50,5.79,0.00,0.00,18.95,12.24,11.78,7.69,331.74,150.55
2025-04-07 21:05,-0.40,-210.43,0.00,0.00,387.00,317.84,223.06,154.77,1.85,683.91,0.00,0.00,15.43,5.78,0.00,0.00,18.57,10.64,11.78,7.61,329.85,176.46
2025-04-07 21:10,-0.30,-256.15,0.00,0.00,392.00,367.50,223.85,156.86,27.39,689.30,0.00,0.00,15.37,6.99,0.00,0.00,18.81,12.31,11.82,7.71,327.34,174.41
2025-04-07 21:15,0.00,-259.52,0.00,0.00,393.00,376.90,223.33,155.92,38.62,674.97,0.00,0.00,15.30,7.10,0.00,0.00,18.86,12.62,11.79,7.66,328.11,199.70
2025-04-07 21:20,0.00,-262.09,0.00,0.00,397.00,377.57,222.93,156.79,32.82,656.64,0.00,0.00,15.23,7.27,0.00,0.00,19.05,12.64,11.77,7.70,333.03,228.44
2025-04-07 21:25,-3.53,-280.43,0.00,0.00,391.00,405.08,222.57,157.00,2.96,654.66,0.00,0.00,15.17,7.92,0.00,0.00,18.76,13.56,11.75,7.72,339.79,144.38
2025-04-07 21:30,0.00,-271.09,0.00,0.00,398.00,355.42,225.15,157.56,24.82,644.09,0.00,0.00,15.10,7.60,0.00,0.00,19.10,11.90,11.89,7.74,336.59,200.00
2025-04-07 21:35,-0.16,-266.28,0.00,0.00,395.00,378.91,229.81,155.96,0.50,627.02,0.00,0.00,15.10,7.67,0.00,0.00,18.95,12.69,12.19,7.66,345.76,228.44
2025-04-07 21:40,-0.10,-283.80,0.00,0.00,397.00,401.73,239.42,158.11,21.49,597.63,0.00,0.00,15.10,8.29,0.00,0.00,19.05,13.45,12.78,7.77,350.67,200.00
2025-04-07 21:45,-0.05,-263.25,0.00,0.00,397.00,383.61,270.19,155.40,9.48,584.15,0.00,0.00,15.10,7.93,0.00,0.00,19.05,12.84,14.66,7.64,361.32,237.19
2025-04-07 21:50,-1.42,-294.37,0.00,0.00,393.00,437.30,304.74,157.84,0.23,558.01,0.00,0.00,15.10,9.23,0.00,0.00,18.86,14.64,16.79,7.76,376.64,196.82
2025-04-07 21:55,-0.04,-231.54,0.00,0.00,396.00,382.27,242.88,148.18,4.36,533.71,0.00,0.00,15.10,7.06,0.00,0.00,19.00,12.80,12.99,7.28,365.96,198.22
2025-04-07 22:00,-0.22,-218.26,0.00,0.00,397.00,384.28,241.14,147.92,3.07,500.31,0.00,0.00,15.10,6.79,0.00,0.00,19.05,12.87,12.87,7.27,373.27,200.00
2025-04-07 22:05,-0.46,-174.28,0.00,0.00,395.00,378.91,293.09,148.35,4.23,472.63,0.00,0.00,14.97,5.67,0.00,0.00,18.95,12.69,16.08,7.29,390.19,181.67
2025-04-07 22:10,0.00,-225.48,0.00,0.00,400.00,392.33,232.57,157.26,181.05,449.37,0.00,0.00,14.83,6.53,0.00,0.00,19.19,13.14,12.46,7.73,347.67,247.30
2025-04-07 22:15,-0.58,-171.76,0.00,0.00,397.00,443.34,263.86,157.58,8.75,412.69,0.00,0.00,14.70,5.74,0.00,0.00,19.05,14.84,14.62,7.74,401.21,238.03
2025-04-07 22:20,0.00,-184.56,0.00,0.00,399.00,472.86,264.47,157.60,36.67,380.15,0.00,0.00,14.57,6.19,0.00,0.00,19.15,15.83,14.68,7.74,402.63,248.73
2025-04-07 22:25,-0.17,-190.31,0.00,0.00,395.00,462.13,262.16,157.53,2.56,364.40,0.00,0.00,14.43,6.57,0.00,0.00,18.95,15.47,14.55,7.74,414.13,240.16
2025-04-07 22:30,-0.08,-203.07,0.00,-0.10,398.00,466.82,263.62,158.50,34.69,337.37,0.00,0.00,14.30,7.00,0.00,0.00,19.10,15.63,14.63,7.79,413.42,230.00
2025-04-07 22:35,-0.08,-178.94,0.00,-0.10,398.00,466.82,263.16,156.45,14.95,323.13,0.00,0.00,14.13,6.29,0.00,0.00,19.10,15.63,14.61,7.69,421.78,242.67
2025-04-07 22:40,-0.07,-161.49,0.00,0.00,395.00,464.81,220.94,156.94,10.06,313.40,0.00,0.00,13.97,5.65,0.00,0.00,18.95,15.56,12.38,7.71,419.76,228.44
2025-04-07 22:45,-0.22,-153.88,0.00,0.00,395.00,407.10,174.42,157.41,210.45,296.10,0.00,0.00,13.80,4.71,0.00,0.00,18.95,13.63,9.87,7.74,367.17,221.90
2025-04-07 22:50,0.00,-113.10,0.00,0.00,396.00,383.61,133.06,156.62,208.79,292.22,0.00,0.00,13.63,3.40,0.00,0.00,19.00,12.84,7.67,7.70,360.82,222.21
2025-04-07 22:55,-0.18,-113.18,0.00,0.00,394.00,382.27,132.86,155.90,199.90,283.98,0.00,0.00,13.47,3.44,0.00,0.00,18.91,12.80,7.66,7.66,364.40,262.36
2025-04-07 23:00,-0.02,-69.79,0.00,0.00,398.00,439.31,138.42,155.78,20.62,281.25,0.00,0.00,13.30,2.41,0.00,0.00,19.10,14.71,8.00,7.66,414.13,247.42
2025-04-07 23:05,-0.63,-29.06,0.00,0.00,398.00,465.48,141.44,154.96,14.30,276.17,0.00,0.00,13.13,1.01,0.00,0.00,19.10,15.59,8.19,7.62,417.90,169.21
2025-04-07 23:10,-0.41,-76.72,0.00,0.00,399.00,409.78,77.15,157.43,212.34,276.37,0.00,0.00,12.97,2.25,0.00,0.00,19.15,13.72,4.24,7.74,351.35,228.44
2025-04-07 23:15,-0.82,-106.63,0.00,0.00,395.00,430.58,130.55,156.24,201.85,283.36,0.00,0.00,12.80,3.24,0.00,0.00,18.95,14.42,7.52,7.68,365.01,257.39
2025-04-07 23:20,-0.15,-35.63,0.00,0.00,397.00,467.50,142.77,157.06,15.83,284.37,0.00,0.00,12.63,1.23,0.00,0.00,19.05,15.65,8.27,7.72,415.39,260.72
2025-04-07 23:25,-0.40,-43.02,0.00,0.00,396.00,466.15,143.32,157.75,4.70,273.99,0.00,0.00,12.47,1.51,0.00,0.00,19.00,15.61,8.30,7.75,421.77,246.72
2025-04-07 23:30,0.00,-47.07,0.00,0.00,399.00,474.88,143.65,157.34,18.29,265.00,0.00,0.00,12.30,1.65,0.00,0.00,19.15,15.90,8.32,7.73,420.55,262.78
2025-04-07 23:35,-0.89,-29.70,0.00,0.00,394.00,463.47,143.06,155.83,1.39,258.40,0.00,0.00,12.28,1.06,0.00,0.00,18.91,15.52,8.29,7.66,427.09,259.21
2025-04-07 23:40,-0.07,-8.25,0.00,0.00,396.00,464.14,143.22,156.62,16.90,257.13,0.00,0.00,12.27,0.29,0.00,0.00,19.00,15.54,8.30,7.70,422.92,268.10
2025-04-07 23:45,0.00,0.00,10.87,0.00,397.00,470.85,143.68,157.72,26.03,253.44,0.00,0.00,12.25,0.00,0.90,0.00,19.05,15.77,8.33,7.75,432.21,261.68
2025-04-07 23:50,-0.83,0.00,12.91,0.00,396.00,464.14,143.61,156.51,31.60,253.47,0.00,0.00,12.23,0.00,1.07,0.00,19.00,15.54,8.32,7.69,432.71,260.41
2025-04-07 23:55,0.00,0.00,17.22,0.00,396.00,465.48,143.47,157.35,12.79,263.12,0.00,0.00,12.22,0.00,1.42,0.00,19.00,15.59,8.31,7.73,439.61,228.44
2025-04-08 00:00,-0.02,0.00,12.94,0.00,397.00,456.76,133.54,157.08,35.20,267.04,0.00,0.00,12.20,0.00,1.07,0.00,19.05,15.29,7.70,7.72,425.48,243.77
2025-04-08 00:05,-0.48,0.00,18.29,0.00,395.00,461.46,142.57,156.05,4.51,250.51,0.00,0.00,12.23,0.00,1.51,0.00,18.95,15.45,8.26,7.67,447.13,155.68
2025-04-08 00:10,-0.06,0.00,64.23,-0.10,398.00,415.15,78.09,157.46,39.70,237.80,0.00,0.00,12.27,0.00,5.32,0.00,19.10,13.90,4.30,7.74,478.91,228.44
2025-04-08 00:15,-0.02,0.00,36.18,-0.10,396.00,443.34,130.05,157.60,2.54,238.90,0.00,0.00,12.30,0.00,3.04,0.00,19.00,14.84,7.49,7.74,469.47,158.95
2025-04-08 00:20,-0.04,0.00,95.36,-0.10,397.00,384.95,76.33,155.87,4.68,230.88,0.00,0.00,12.33,0.00,7.96,0.00,19.05,12.89,4.19,7.66,538.00,170.44
2025-04-08 00:25,-0.24,0.00,374.25,-0.10,398.00,342.67,73.16,156.27,7.58,235.21,0.00,0.00,12.37,0.00,31.34,0.00,19.10,11.47,3.99,7.68,1053.33,162.70
2025-04-08 00:30,-1.54,0.00,264.60,-0.10,395.00,306.43,73.45,155.17,2.16,241.38,0.00,0.00,12.40,0.00,22.09,0.00,18.95,10.26,4.01,7.63,832.51,158.94
2025-04-08 00:35,-0.07,0.00,268.58,0.00,394.00,307.77,73.67,157.03,1.98,244.60,0.00,0.00,12.40,0.00,22.36,0.00,18.91,10.31,4.03,7.72,834.60,170.44
2025-04-08 00:40,-0.02,0.00,287.98,0.00,395.00,328.58,0.11,156.47,1.27,246.22,0.00,0.00,12.40,0.00,24.19,0.00,18.95,11.00,0.01,7.69,883.77,160.12
2025-04-08 00:45,-0.01,0.00,286.74,0.00,399.00,309.79,0.11,157.43,20.79,243.22,0.00,0.00,12.40,0.00,24.05,0.00,19.15,10.37,0.01,7.74,872.18,170.44
2025-04-08 00:50,-0.01,0.00,304.60,0.00,398.00,356.76,0.11,157.02,12.36,242.76,0.00,0.00,12.40,0.00,25.78,0.00,19.10,11.95,0.01,7.72,898.12,161.99
2025-04-08 00:55,-3.28,0.00,351.13,0.00,394.00,306.43,0.11,157.17,1.22,242.32,0.00,0.00,12.40,0.00,29.75,0.00,18.91,10.26,0.01,7.72,1070.93,159.75
2025-04-08 01:00,-0.22,0.00,337.79,0.00,399.00,307.10,0.11,156.76,2.21,243.91,0.00,0.00,12.40,0.00,28.74,0.00,19.15,10.28,0.01,7.70,1025.20,160.26
2025-04-08 01:05,0.00,0.00,331.16,-0.10,399.00,309.12,0.11,157.63,13.36,235.57,0.00,0.00,12.24,0.00,28.03,0.00,19.15,10.35,0.01,7.75,999.79,230.00
2025-04-08 01:10,-1.38,0.00,292.06,-0.10,396.00,364.15,48.77,156.85,2.02,232.00,0.00,0.00,12.08,0.00,24.93,0.00,19.00,12.19,2.99,7.71,884.83,157.10
2025-04-08 01:15,-0.08,0.00,342.95,-0.10,399.00,313.81,12.36,157.15,6.62,224.99,0.00,0.00,11.92,0.00,29.23,0.00,19.15,10.51,0.76,7.72,1048.66,230.00
2025-04-08 01:20,-0.02,0.00,316.61,-0.10,397.00,360.79,22.40,157.02,1.73,219.16,0.00,0.00,11.77,0.00,27.22,0.00,19.05,12.08,1.37,7.72,961.92,162.34
2025-04-08 01:25,-2.01,0.00,341.81,-0.10,397.00,312.47,10.68,155.79,1.61,221.81,0.00,0.00,11.61,0.00,29.23,0.00,19.05,10.46,0.66,7.66,1065.15,157.47
2025-04-08 01:30,-3.30,0.00,346.76,-0.10,396.00,306.43,10.73,157.20,1.35,217.16,0.00,0.00,11.45,0.00,29.72,0.00,19.00,10.26,0.66,7.73,1094.38,157.88
2025-04-08 01:35,-0.85,0.00,352.97,0.00,396.00,307.10,0.11,157.00,1.35,216.58,0.00,0.00,11.47,0.00,30.24,0.00,19.00,10.28,0.01,7.72,1114.03,157.03
2025-04-08 01:40,0.00,0.00,340.71,0.00,400.00,309.79,0.11,157.53,4.79,224.56,0.00,0.00,11.48,0.00,29.17,0.00,19.19,10.37,0.01,7.74,1055.20,156.94
2025-04-08 01:45,-9.27,0.00,326.72,0.00,397.00,307.10,0.11,156.02,1.17,243.38,0.00,0.00,11.50,0.00,28.09,0.00,19.05,10.28,0.01,7.67,1016.11,154.26
2025-04-08 01:50,-8.16,0.00,297.29,0.00,397.00,307.10,0.11,157.85,1.03,261.99,0.00,0.00,11.52,0.00,25.65,0.00,19.05,10.28,0.01,7.76,918.68,153.05
2025-04-08 01:55,-4.87,0.00,291.81,0.00,399.00,309.12,0.11,157.50,11.97,259.10,0.00,0.00,11.53,0.00,25.11,0.00,19.15,10.35,0.01,7.74,890.69,150.90
2025-04-08 02:00,-11.13,0.00,294.85,0.00,397.00,307.10,0.11,156.59,1.31,269.21,0.00,0.00,11.55,0.00,25.51,0.00,19.05,10.28,0.01,7.70,909.37,148.47
2025-04-08 02:05,-22.46,0.00,303.27,0.00,399.00,310.46,0.11,157.08,3.11,275.87,0.00,0.00,11.63,0.00,26.14,0.00,19.15,10.40,0.01,7.72,927.99,197.28
2025-04-08 02:10,-0.54,0.00,294.54,0.00,395.00,248.72,0.11,157.72,9.58,287.45,0.00,0.00,11.70,0.00,24.87,0.00,18.95,8.33,0.01,7.75,894.74,156.18
2025-04-08 02:15,-2.30,0.00,341.46,0.00,386.00,177.58,0.11,157.46,1.45,286.39,0.00,0.00,11.78,0.00,28.87,0.00,18.52,5.95,0.01,7.74,1101.95,143.05
2025-04-08 02:20,-29.68,0.00,363.45,0.00,389.00,148.05,0.11,157.11,1.78,299.31,0.00,0.00,11.85,0.00,30.78,0.00,18.67,4.96,0.01,7.72,1238.01,156.68
2025-04-08 02:25,-25.94,0.00,347.15,-0.10,389.00,150.73,0.11,158.60,1.44,296.36,0.00,0.00,11.93,0.00,29.72,0.00,18.67,5.05,0.01,7.79,1179.39,154.68
2025-04-08 02:30,-24.27,0.00,387.44,0.00,379.00,150.06,0.11,155.57,1.48,311.93,0.00,0.00,12.00,0.00,32.77,0.00,18.19,5.02,0.01,7.64,1302.04,149.99
2025-04-08 02:35,-55.41,0.00,387.35,0.00,390.00,150.06,0.11,157.12,2.78,325.81,0.00,0.00,12.05,0.00,32.61,0.00,18.71,5.02,0.01,7.72,1318.62,152.52
2025-04-08 02:40,-15.33,0.00,380.00,0.00,367.00,151.41,0.11,157.87,11.81,327.21,0.00,0.00,12.10,0.00,32.14,0.00,17.61,5.07,0.01,7.76,1211.11,154.46
2025-04-08 02:45,-17.73,0.00,400.74,0.00,346.00,149.39,0.11,156.83,1.70,319.09,0.00,0.00,12.15,0.00,34.02,0.00,16.60,5.00,0.01,7.71,1370.32,148.47
2025-04-08 02:50,-77.40,0.00,430.91,0.00,351.00,150.73,0.11,158.34,2.59,308.78,0.00,0.00,12.20,0.00,36.63,0.00,16.84,5.05,0.01,7.78,1717.66,148.47
2025-04-08 02:55,-23.47,0.00,407.77,0.00,354.00,150.06,0.11,156.86,1.22,297.71,0.00,0.00,12.25,0.00,34.60,0.00,16.99,5.02,0.01,7.71,1460.00,153.63
2025-04-08 03:00,-13.88,0.00,401.40,0.00,348.00,152.08,0.11,157.02,0.96,289.31,0.00,0.00,12.30,0.00,34.10,0.00,16.70,5.09,0.01,7.72,1434.32,150.71
2025-04-08 03:05,-21.25,0.00,396.07,0.00,353.00,149.39,0.11,156.92,1.29,295.92,0.00,0.00,12.37,0.00,33.64,0.00,16.94,5.00,0.01,7.71,1408.51,157.46
2025-04-08 03:10,-5.97,0.00,401.85,0.00,322.00,149.39,0.11,157.05,1.96,293.28,0.00,0.00,12.43,0.00,34.22,0.00,15.45,5.00,0.01,7.72,1451.12,152.31
2025-04-08 03:15,-8.06,0.00,420.13,0.00,288.00,150.73,0.11,158.79,1.09,299.67,0.00,0.00,12.50,0.00,35.76,0.00,13.82,5.05,0.01,7.80,1593.32,156.02
2025-04-08 03:20,-3.29,0.00,400.39,0.00,290.00,150.06,0.11,157.34,1.36,315.20,0.00,0.00,12.57,0.00,34.02,0.00,13.92,5.02,0.01,7.73,1427.22,152.31
2025-04-08 03:25,-13.90,0.00,401.70,0.00,294.00,150.06,0.11,157.47,1.33,306.66,0.00,0.00,12.63,0.00,34.06,0.00,14.11,5.02,0.01,7.74,1480.26,152.98
2025-04-08 03:30,-10.82,0.00,405.72,0.00,290.00,150.06,0.11,157.43,1.26,307.70,0.00,0.00,12.70,0.00,34.47,0.00,13.92,5.02,0.01,7.74,1497.60,152.18
2025-04-08 03:35,-18.13,0.00,408.56,0.00,285.00,148.05,0.11,155.93,1.21,323.70,0.00,0.00,12.77,0.00,34.71,0.00,13.68,4.96,0.01,7.66,1502.43,152.31
2025-04-08 03:40,-4.41,0.00,406.63,0.00,268.00,151.41,0.11,157.69,2.82,329.09,0.00,0.00,12.83,0.00,34.50,0.00,12.86,5.07,0.01,7.75,1450.14,170.44
2025-04-08 03:45,-8.54,0.00,407.00,0.00,257.00,160.13,0.11,156.59,0.98,337.13,0.00,0.00,12.90,0.00,34.66,0.00,12.33,5.36,0.01,7.70,1451.87,150.02
2025-04-08 03:50,-7.01,0.00,400.42,-0.10,265.00,149.39,0.11,158.13,1.54,346.85,0.00,0.00,12.97,0.00,34.12,0.00,12.72,5.00,0.01,7.77,1393.22,154.33
2025-04-08 03:55,-2.94,0.00,398.70,-0.10,256.00,150.06,0.11,155.99,1.11,359.27,0.00,0.00,13.03,0.00,34.06,0.00,12.28,5.02,0.01,7.67,1360.39,153.82
2025-04-08 04:00,-1.62,0.00,382.54,-0.10,263.00,150.06,0.11,158.63,2.11,368.99,0.00,0.00,13.10,0.00,32.71,0.00,12.62,5.02,0.01,7.80,1249.27,153.84
2025-04-08 04:05,-3.23,0.00,387.84,-0.10,263.00,150.06,0.11,158.05,1.08,365.97,0.00,0.00,13.08,0.00,33.09,0.00,12.62,5.02,0.01,7.77,1283.30,164.83
2025-04-08 04:10,-3.76,0.00,344.41,-0.10,304.00,150.06,0.11,158.11,8.94,374.39,0.00,0.00,13.07,0.00,29.83,0.00,14.59,5.02,0.01,7.77,1060.70,195.65
2025-04-08 04:15,-3.56,0.00,308.11,-0.10,346.00,203.75,0.11,157.50,1.51,361.25,0.00,0.00,13.05,0.00,26.76,0.00,16.60,6.82,0.01,7.74,916.73,156.04
2025-04-08 04:20,-2.46,0.00,324.64,0.00,346.00,156.10,0.11,157.14,1.18,375.33,0.00,0.00,13.03,0.00,28.23,0.00,16.60,5.23,0.01,7.72,978.38,138.04
2025-04-08 04:25,-74.36,0.00,365.36,0.00,353.00,149.39,0.11,158.68,8.00,359.99,0.00,0.00,13.02,0.00,31.69,0.00,16.94,5.00,0.01,7.80,1250.60,170.44
2025-04-08 04:30,-10.52,0.00,308.10,0.00,348.00,176.91,0.11,155.84,1.91,372.74,0.00,0.00,13.00,0.00,27.18,0.00,16.70,5.92,0.01,7.66,935.85,148.47
2025-04-08 04:35,-2.44,0.00,310.57,0.00,355.00,149.39,0.11,157.52,11.12,366.91,0.00,0.00,13.00,0.00,27.37,0.00,17.03,5.00,0.01,7.74,943.36,193.09
2025-04-08 04:40,-12.93,0.00,288.79,0.00,381.00,201.74,0.11,156.54,2.36,365.48,0.00,0.00,13.00,0.00,25.48,0.00,18.28,6.75,0.01,7.69,867.29,141.79
2025-04-08 04:45,-82.17,0.00,333.16,0.00,390.00,148.72,0.11,157.89,4.16,362.78,0.00,0.00,13.00,0.00,29.40,0.00,18.71,4.98,0.01,7.76,1126.48,170.44
2025-04-08 04:50,-25.77,0.00,292.23,0.00,391.00,178.25,0.11,157.53,1.16,328.90,0.00,0.00,13.00,0.00,25.78,0.00,18.76,5.97,0.01,7.74,946.03,184.95
2025-04-08 04:55,-21.47,0.00,261.31,0.00,392.00,228.58,0.11,157.73,1.14,327.23,0.00,0.00,13.00,0.00,23.07,0.00,18.81,7.65,0.01,7.75,834.31,150.38
2025-04-08 05:00,-15.67,0.00,285.95,0.00,388.00,169.53,0.11,156.60,3.27,331.90,0.00,0.00,13.00,0.00,25.23,0.00,18.62,5.68,0.01,7.70,918.31,152.54
2025-04-08 05:05,-14.81,0.00,289.63,0.00,392.00,150.73,0.11,158.57,6.62,337.77,0.00,0.00,13.03,0.00,25.48,0.00,18.81,5.05,0.01,7.79,924.79,184.72
2025-04-08 05:10,-21.04,0.00,233.15,0.00,397.00,211.81,0.11,156.08,1.22,353.74,0.00,0.00,13.07,0.00,20.46,0.00,19.05,7.09,0.01,7.67,752.39,152.42
2025-04-08 05:15,-19.33,0.00,258.23,0.00,398.00,152.75,0.11,156.47,1.78,363.11,0.00,0.00,13.10,0.00,22.60,0.00,19.10,5.11,0.01,7.69,823.18,170.44
2025-04-08 05:20,-15.61,0.00,229.57,0.00,398.00,210.46,0.11,156.91,1.56,358.90,0.00,0.00,13.13,0.00,20.10,0.00,19.10,7.05,0.01,7.71,735.16,170.44
2025-04-08 05:25,-10.07,0.00,229.94,0.00,396.00,203.08,0.11,157.11,1.12,355.25,0.00,0.00,13.17,0.00,20.15,0.00,19.00,6.80,0.01,7.72,738.15,151.21
2025-04-08 05:30,-7.73,0.00,252.19,0.00,394.00,150.73,5.11,156.15,1.72,349.86,0.00,0.00,13.20,0.00,22.04,0.00,18.91,5.05,0.27,7.67,811.40,151.31
2025-04-08 05:35,-9.40,0.00,242.76,0.00,399.00,149.39,27.01,156.88,4.53,345.19,0.00,0.00,13.22,0.00,21.14,0.00,19.15,5.00,1.43,7.71,787.04,170.44
2025-04-08 05:40,-5.46,0.00,212.12,0.00,399.00,199.05,46.11,157.37,2.31,350.47,0.00,0.00,13.23,0.00,18.85,0.00,19.15,6.67,2.44,7.73,702.42,170.44
2025-04-08 05:45,-3.10,0.00,227.51,0.00,396.00,184.29,45.61,156.56,1.58,341.74,0.00,0.00,13.25,0.00,20.29,0.00,19.00,6.17,2.41,7.69,744.80,147.86
2025-04-08 05:50,-1.91,0.00,240.96,0.00,394.00,150.06,45.61,157.85,5.94,341.99,0.00,0.00,13.27,0.00,21.33,0.00,18.91,5.02,2.41,7.76,780.15,201.44
2025-04-08 05:55,-1.71,0.00,207.27,0.00,397.00,206.44,45.51,156.48,16.51,328.60,0.00,0.00,13.28,0.00,18.39,0.00,19.05,6.91,2.40,7.69,693.91,181.19
2025-04-08 06:00,-1.70,0.00,172.74,0.00,396.00,226.57,92.74,156.63,16.39,329.56,0.00,0.00,13.30,0.00,15.29,0.00,19.00,7.59,4.90,7.70,626.50,230.00
2025-04-08 06:05,-1.70,0.00,118.88,0.00,396.00,227.24,204.33,156.89,25.19,321.38,0.00,0.00,13.32,0.00,10.51,0.00,19.00,7.61,11.27,7.71,556.17,224.00
2025-04-08 06:10,-1.70,0.00,27.21,0.00,400.00,231.94,148.26,158.28,42.93,319.84,0.00,0.00,13.33,0.00,2.39,0.00,19.19,7.77,7.99,7.78,425.50,259.35
2025-04-08 06:15,-1.70,-33.32,0.00,0.00,400.00,229.92,237.34,156.91,73.95,324.61,0.00,0.00,13.35,1.12,0.00,0.00,19.19,7.70,13.09,7.71,402.77,264.49
2025-04-08 06:20,-1.75,-93.80,0.00,0.00,394.00,225.90,235.33,155.69,227.70,323.47,0.00,0.00,13.37,2.83,0.00,0.00,18.91,7.56,12.98,7.65,362.28,278.83
2025-04-08 06:25,-1.75,-24.58,0.00,0.00,395.00,228.58,256.82,156.28,52.59,325.44,0.00,0.00,13.38,0.84,0.00,0.00,18.95,7.65,14.29,7.68,412.54,281.37
2025-04-08 06:30,-1.75,-45.17,0.00,0.00,395.00,227.91,257.70,156.27,29.40,318.29,0.00,0.00,13.40,1.59,0.00,0.00,18.95,7.63,14.34,7.68,421.81,275.98
2025-04-08 06:35,-1.75,-87.03,0.00,0.00,397.00,227.91,259.07,156.31,124.11,317.06,0.00,0.00,13.38,2.87,0.00,0.00,19.05,7.63,14.43,7.68,395.71,275.98
2025-04-08 06:40,-1.75,-82.99,0.00,0.00,394.00,226.57,283.33,156.12,140.90,320.17,0.00,0.00,13.37,2.73,0.00,0.00,18.91,7.59,15.92,7.67,395.63,295.42
2025-04-08 06:45,-2.80,-10.39,0.00,-0.10,393.00,227.24,286.71,156.69,4.14,323.35,0.00,0.00,13.35,0.38,0.00,0.00,18.86,7.61,16.12,7.70,434.68,295.01
2025-04-08 06:50,-8.22,0.00,26.42,-0.10,392.00,226.57,341.64,156.80,3.83,317.58,0.00,0.00,13.33,0.00,2.32,0.00,18.81,7.59,19.02,7.71,473.97,292.80
2025-04-08 06:55,-3.70,0.00,21.65,0.00,394.00,226.57,342.98,155.55,3.38,321.91,0.00,0.00,13.32,0.00,1.90,0.00,18.91,7.59,19.09,7.64,466.17,286.20
2025-04-08 07:00,-13.19,0.00,29.51,0.00,393.00,225.23,341.83,155.99,4.12,321.09,0.00,0.00,13.30,0.00,2.62,0.00,18.86,7.54,19.03,7.67,478.00,304.95
2025-04-08 07:05,-124.17,0.00,74.69,36.40,395.00,229.92,343.38,156.89,0.85,318.45,0.01,1.48,13.35,0.00,6.63,2.00,18.95,7.70,19.11,7.71,580.64,359.15
2025-04-08 07:10,-3.39,0.00,59.91,38.70,395.00,226.57,341.08,155.23,1.40,314.25,0.36,2.95,13.40,0.00,5.35,2.13,18.95,7.59,18.99,7.63,515.26,492.84
2025-04-08 07:15,-7.34,0.00,58.42,38.70,394.00,225.90,343.00,155.70,0.49,312.66,1.45,4.43,13.45,0.00,5.17,2.13,18.91,7.56,19.10,7.65,514.88,299.99
2025-04-08 07:20,-4.43,0.00,74.10,17.50,397.00,227.24,355.94,157.79,0.12,313.78,2.39,5.90,13.50,0.00,6.53,0.96,19.05,7.61,19.97,7.75,530.70,223.29
2025-04-08 07:25,-8.54,0.00,120.02,-0.60,398.00,228.58,313.23,157.82,0.04,309.88,5.12,7.38,13.55,0.00,9.93,0.00,19.10,7.65,17.42,7.76,575.00,230.00
2025-04-08 07:30,-5.87,0.00,117.31,-0.60,397.00,229.25,339.86,158.68,0.18,301.68,8.89,8.85,13.60,0.00,9.61,0.00,19.05,7.68,19.06,7.80,574.22,230.00
2025-04-08 07:35,-9.00,0.00,136.69,-0.60,396.00,229.25,302.08,158.05,0.14,291.25,20.15,21.15,13.73,0.00,11.08,0.00,19.00,7.68,16.74,7.77,587.47,261.55
2025-04-08 07:40,-7.63,0.00,84.07,-0.60,399.00,227.91,348.71,157.27,23.91,291.72,32.13,33.45,13.87,0.00,6.89,0.00,19.15,7.63,19.61,7.73,514.85,174.19
2025-04-08 07:45,-9.38,0.00,85.30,-0.40,396.00,228.58,281.58,156.74,83.51,281.55,44.81,45.76,14.00,0.00,7.01,0.00,19.00,7.65,15.39,7.70,478.46,159.32
2025-04-08 07:50,-12.45,0.00,19.16,0.00,396.00,168.18,271.63,156.63,228.57,250.16,58.61,58.06,14.13,0.00,1.57,0.00,19.00,5.63,14.74,7.70,375.09,170.44
2025-04-08 07:55,-13.85,0.00,80.78,0.00,398.00,206.44,270.27,156.59,20.11,252.34,71.47,70.36,14.27,0.00,6.55,0.00,19.10,6.91,14.66,7.70,487.86,164.15
2025-04-08 08:00,0.00,0.00,106.71,0.00,400.00,159.46,231.47,158.72,27.85,246.51,84.11,82.66,14.40,0.00,8.56,0.00,19.19,5.34,12.27,7.80,496.86,157.14
2025-04-08 08:05,-0.32,0.00,109.12,0.00,399.00,149.39,231.69,155.84,24.30,244.51,101.59,100.47,14.53,0.00,8.66,0.00,19.15,5.00,12.28,7.66,487.92,139.00
2025-04-08 08:10,0.00,0.00,157.93,0.00,396.00,149.39,230.92,157.67,42.05,243.77,117.60,118.29,14.67,0.00,12.70,0.00,19.00,5.00,12.24,7.75,524.29,139.00
2025-04-08 08:15,-1.75,0.00,183.87,0.00,379.00,148.05,215.61,157.05,0.43,243.04,132.64,136.10,14.80,0.00,14.77,0.00,18.19,4.96,11.44,7.72,558.47,138.00
2025-04-08 08:20,0.00,0.00,190.60,0.00,352.00,148.72,182.46,148.39,8.62,242.54,152.78,153.91,14.93,0.00,15.21,0.00,16.89,4.98,9.69,7.29,541.17,165.29
2025-04-08 08:25,-0.01,0.00,176.84,0.00,384.00,149.39,145.46,159.64,1.25,239.47,169.67,171.73,15.07,0.00,14.07,0.00,18.43,5.00,7.68,7.84,511.62,138.00
2025-04-08 08:30,-0.91,0.00,245.69,0.00,353.00,150.06,61.63,119.91,0.43,228.28,180.53,189.54,15.20,0.00,19.45,0.00,16.94,5.02,3.26,5.89,585.25,112.44
2025-04-08 08:35,0.00,0.00,276.40,0.00,330.00,129.26,57.71,82.90,18.96,215.62,195.16,213.04,15.32,0.00,21.86,0.00,15.83,4.33,3.05,4.07,610.31,158.32
2025-04-08 08:40,0.00,0.00,226.55,0.00,283.00,148.05,57.51,156.33,17.64,210.21,207.57,236.54,15.43,0.00,17.96,0.00,13.58,4.96,3.04,7.68,519.69,138.00
2025-04-08 08:45,-6.55,0.00,276.90,0.00,239.00,148.72,57.51,89.60,13.58,203.25,221.17,260.04,15.55,0.00,21.81,0.00,11.47,4.98,3.04,4.40,577.65,112.44
2025-04-08 08:50,0.00,0.00,396.15,0.00,204.00,94.36,57.71,81.41,21.24,213.22,238.59,283.54,15.67,0.00,31.48,0.00,9.79,3.16,3.05,4.00,774.12,138.00
2025-04-08 08:55,0.00,0.00,356.29,0.00,153.00,147.38,57.61,105.13,21.10,205.34,252.62,307.03,15.78,0.00,28.17,0.00,7.34,4.93,3.04,5.17,653.89,138.00
2025-04-08 09:00,-10.40,0.00,362.03,0.00,130.00,148.72,57.61,120.27,12.55,191.79,263.86,330.53,15.90,0.00,28.60,0.00,6.24,4.98,3.04,5.91,662.88,119.45
2025-04-08 09:05,0.00,0.00,362.63,0.00,119.00,148.72,57.71,80.38,12.52,191.20,275.89,360.46,16.02,0.00,28.61,0.00,5.71,4.98,3.05,3.95,628.97,202.57
2025-04-08 09:10,0.00,0.00,361.65,0.00,110.00,199.05,29.11,17.18,31.42,172.23,284.12,390.40,16.13,0.00,28.47,0.00,5.28,6.67,1.54,0.84,588.99,164.65
2025-04-08 09:15,0.00,0.00,367.37,0.00,108.00,168.85,29.01,11.05,32.91,152.15,288.87,420.33,16.25,0.00,29.21,0.00,5.18,5.65,1.53,0.54,599.10,166.34
2025-04-08 09:20,-6.85,0.00,415.26,0.00,98.00,149.39,0.11,9.38,2.58,144.53,293.25,450.26,16.37,0.00,32.90,0.00,4.70,5.00,0.01,0.46,712.58,166.63
2025-04-08 09:25,-0.60,0.00,409.68,0.00,82.00,149.39,0.11,0.00,0.57,138.95,303.15,480.19,16.48,0.00,32.52,0.00,3.93,5.00,0.01,0.00,668.78,100.01
2025-04-08 09:30,-14.51,0.00,483.63,0.00,84.00,91.01,0.11,0.00,1.94,136.89,308.86,510.12,16.60,0.00,38.39,0.00,4.03,3.05,0.01,0.00,859.72,61.67
2025-04-08 09:35,-17.08,0.00,483.46,0.00,85.00,60.14,0.11,0.00,4.23,126.35,314.47,553.37,16.85,0.00,38.70,0.00,4.08,2.01,0.01,0.00,835.91,63.46
2025-04-08 09:40,-50.74,0.00,479.90,0.00,85.00,61.48,0.11,0.00,16.47,118.65,315.49,596.62,17.10,0.00,37.96,0.00,4.08,2.06,0.01,0.00,798.14,111.26
2025-04-08 09:45,-113.75,0.00,480.12,0.00,83.00,87.65,0.11,0.00,0.11,117.90,317.09,639.87,17.35,0.00,38.45,0.00,3.98,2.93,0.01,0.00,835.23,52.03
2025-04-08 09:50,-83.72,0.00,466.37,0.00,80.00,60.14,0.11,0.00,1.61,112.55,321.49,683.12,17.60,0.00,37.80,0.00,3.84,2.01,0.01,0.00,739.01,73.04
2025-04-08 09:55,-250.23,0.00,529.80,0.00,83.00,59.46,0.11,0.00,8.55,108.84,329.19,726.37,17.85,0.00,42.85,0.00,3.98,1.99,0.01,0.00,1094.36,99.44
2025-04-08 10:00,-262.12,0.00,498.94,0.00,80.00,76.24,0.11,0.00,0.00,108.28,335.20,769.62,18.10,0.00,40.27,0.00,3.84,2.55,0.01,0.00,920.56,53.18
2025-04-08 10:05,-250.62,0.00,468.91,0.00,86.00,60.14,0.11,0.00,1.65,104.48,343.98,812.07,18.12,0.00,37.83,0.00,4.13,2.01,0.01,0.00,766.07,61.32
2025-04-08 10:10,-315.01,0.00,463.39,0.00,85.00,60.81,0.11,0.00,0.10,108.30,346.00,854.52,18.13,0.00,37.44,0.00,4.08,2.04,0.01,0.00,772.78,32.55
2025-04-08 10:15,-71.95,0.00,323.99,0.00,80.00,60.14,0.11,8.77,0.12,102.39,349.85,896.97,18.15,0.00,26.09,0.00,3.84,2.01,0.01,0.43,352.46,23.25
2025-04-08 10:20,-53.08,0.00,306.56,0.00,85.00,60.81,0.11,9.06,4.67,103.93,351.72,939.42,18.17,0.00,24.68,0.00,4.08,2.04,0.01,0.45,313.81,87.11
2025-04-08 10:25,-266.19,0.00,404.97,0.00,89.00,60.14,0.11,0.00,0.12,104.31,359.64,981.87,18.18,0.00,32.62,0.00,4.27,2.01,0.01,0.00,505.33,33.06
2025-04-08 10:30,-79.54,0.00,274.49,0.00,80.00,59.46,0.11,0.00,2.15,100.50,361.53,1024.32,18.20,0.00,22.07,0.00,3.84,1.99,0.01,0.00,262.85,86.23
2025-04-08 10:35,-255.18,0.00,340.14,0.00,81.00,59.46,0.11,0.00,0.03,98.48,371.87,1050.15,18.25,0.00,27.30,0.00,3.89,1.99,0.01,0.00,373.62,64.05
2025-04-08 10:40,-17.07,0.00,200.01,0.00,80.00,60.14,0.11,0.00,17.67,90.97,380.66,1075.99,18.30,0.00,15.98,0.00,3.84,2.01,0.01,0.00,176.04,66.27
2025-04-08 10:45,-201.93,0.00,296.18,0.00,80.00,60.14,0.11,0.00,1.45,78.05,375.69,1101.83,18.35,0.00,23.62,0.00,3.84,2.01,0.01,0.00,295.04,11.60
2025-04-08 10:50,-149.46,0.00,205.19,0.00,81.00,58.12,0.11,0.00,0.30,70.72,386.28,1127.66,18.40,0.00,16.05,0.00,3.89,1.95,0.01,0.00,191.79,45.12
2025-04-08 10:55,-279.42,0.00,270.44,0.00,78.00,60.14,0.11,0.00,0.12,60.32,392.74,1153.50,18.45,0.00,20.96,0.00,3.74,2.01,0.01,0.00,268.30,44.34
2025-04-08 11:00,-226.49,0.00,239.92,0.00,80.00,60.81,0.11,0.00,0.00,52.32,404.14,1179.34,18.50,0.00,18.47,0.00,3.84,2.04,0.01,0.00,223.06,35.94
2025-04-08 11:05,-239.62,0.00,231.43,0.00,81.00,59.46,0.11,0.00,0.01,43.02,413.37,1196.43,18.62,0.00,17.73,0.00,3.89,1.99,0.01,0.00,214.33,15.39
2025-04-08 11:10,-75.27,0.00,131.60,0.00,85.00,59.46,0.11,0.00,2.69,35.30,416.65,1213.52,18.73,0.00,10.04,0.00,4.08,1.99,0.01,0.00,120.46,55.60
2025-04-08 11:15,-274.06,0.00,216.20,0.00,79.00,60.14,0.11,0.00,0.01,31.24,425.29,1230.61,18.85,0.00,16.49,0.00,3.79,2.01,0.01,0.00,200.31,17.63
2025-04-08 11:20,-29.44,0.00,94.32,0.00,79.00,59.46,0.11,0.00,0.03,28.04,426.11,1247.71,18.97,0.00,7.26,0.00,3.79,1.99,0.01,0.00,91.19,73.83
2025-04-08 11:25,-238.59,0.00,179.50,0.00,88.00,59.46,0.11,0.00,15.78,21.27,432.68,1264.80,19.08,0.00,14.03,0.00,4.22,1.99,0.01,0.00,165.96,73.27
2025-04-08 11:30,-229.38,0.00,106.82,0.00,84.00,60.81,0.11,0.00,10.54,18.66,456.37,1281.89,19.20,0.00,8.33,0.00,4.03,2.04,0.01,0.00,109.69,19.30
2025-04-08 11:35,-5.74,0.00,19.32,0.00,85.00,60.14,0.11,0.00,3.97,13.67,396.72,1296.38,19.52,0.00,1.50,0.00,4.08,2.01,0.01,0.00,49.83,52.84
2025-04-08 11:40,-104.56,0.00,49.24,0.00,80.00,59.46,0.11,0.00,0.27,15.47,394.64,1310.87,19.83,0.00,3.81,0.00,3.84,1.99,0.01,0.00,67.84,60.12
2025-04-08 11:45,-269.52,0.00,127.79,0.00,86.00,60.14,0.11,0.00,0.08,13.42,395.20,1325.37,20.15,0.00,9.92,0.00,4.13,2.01,0.01,0.00,130.03,33.20
2025-04-08 11:50,-108.12,0.00,41.85,0.00,80.00,59.46,0.11,0.00,0.00,15.04,397.21,1339.86,20.47,0.00,3.24,0.00,3.84,1.99,0.01,0.00,62.56,35.37
2025-04-08 11:55,-118.31,0.00,66.34,0.00,83.00,58.79,0.11,0.00,0.26,16.24,385.96,1354.35,20.78,0.00,5.15,0.00,3.98,1.97,0.01,0.00,77.78,54.43
2025-04-08 12:00,-311.52,0.00,138.64,0.00,79.00,59.46,0.11,0.00,0.00,19.72,385.63,1368.84,21.10,0.00,10.75,0.00,3.79,1.99,0.01,0.00,135.65,49.79
2025-04-08 12:05,-145.52,0.00,57.67,0.00,80.00,60.81,0.11,0.00,0.21,18.73,392.78,1381.96,20.97,0.00,4.47,0.00,3.84,2.04,0.01,0.00,71.75,19.55
2025-04-08 12:10,-86.51,-47.29,0.00,0.00,80.00,59.46,0.11,0.00,0.19,19.00,381.60,1395.08,20.83,0.51,0.00,0.00,3.84,1.99,0.01,0.00,35.47,45.39
2025-04-08 12:15,-117.02,-43.50,0.00,0.00,80.00,60.14,0.11,0.00,0.14,17.02,393.19,1408.20,20.70,0.46,0.00,0.00,3.84,2.01,0.01,0.00,36.01,67.61
2025-04-08 12:20,-309.45,0.00,17.25,0.00,82.00,59.46,0.11,0.00,0.00,16.20,463.31,1421.32,20.57,0.00,1.32,0.00,3.93,1.99,0.01,0.00,50.69,30.12
2025-04-08 12:25,-328.55,0.00,30.47,0.00,80.00,59.46,0.11,0.00,0.00,16.01,458.67,1434.44,20.43,0.00,2.31,0.00,3.84,1.99,0.01,0.00,57.89,11.61
2025-04-08 12:30,-349.28,0.00,88.17,0.00,81.00,60.14,0.11,0.00,0.00,17.67,461.93,1447.55,20.30,0.00,6.67,0.00,3.89,2.01,0.01,0.00,92.57,18.56
2025-04-08 12:35,-345.93,0.00,52.03,0.00,84.00,59.46,0.11,0.00,0.00,14.53,489.96,1456.17,20.22,0.00,3.95,0.00,4.03,1.99,0.01,0.00,70.16,18.26
2025-04-08 12:40,-346.23,0.00,79.83,0.00,83.00,58.79,0.11,0.00,0.04,17.35,475.32,1464.78,20.13,0.00,6.07,0.00,3.98,1.97,0.01,0.00,86.24,18.44
2025-04-08 12:45,-339.87,0.00,75.81,0.00,87.00,60.14,0.11,0.00,0.02,18.27,451.25,1473.39,20.05,0.00,5.76,0.00,4.17,2.01,0.01,0.00,85.65,19.76
2025-04-08 12:50,-244.11,0.00,41.42,0.00,80.00,58.79,0.11,0.00,0.03,18.47,420.39,1482.00,19.97,0.00,3.14,0.00,3.84,1.97,0.01,0.00,60.55,0.35
2025-04-08 12:55,-226.65,-2.26,0.00,0.00,81.00,59.46,0.11,0.00,43.24,19.73,435.44,1490.61,19.88,0.02,0.00,0.00,3.89,1.99,0.01,0.00,37.02,11.36
2025-04-08 13:00,-265.04,0.00,16.31,0.00,80.00,59.46,0.11,0.00,0.04,24.72,448.31,1499.23,19.80,0.00,1.23,0.00,3.84,1.99,0.01,0.00,46.30,17.98
2025-04-08 13:05,-261.41,-5.70,0.00,0.00,87.00,61.48,0.11,0.00,0.03,26.93,471.30,1489.55,19.88,0.05,0.00,0.00,4.17,2.06,0.01,0.00,39.71,10.80
2025-04-08 13:10,-127.83,-161.83,0.00,0.00,87.00,59.46,0.11,0.00,32.14,24.69,484.49,1479.88,19.97,1.45,0.00,0.00,4.17,1.99,0.01,0.00,30.16,9.10
2025-04-08 13:15,-185.00,-184.65,0.00,0.00,88.00,60.14,0.11,0.00,134.58,28.08,457.87,1470.20,20.05,1.50,0.00,0.00,4.22,2.01,0.01,0.00,30.45,29.31
2025-04-08 13:20,-299.22,-65.88,0.00,0.00,81.00,59.46,0.11,0.00,0.04,28.84,469.85,1460.52,20.13,0.61,0.00,0.00,3.89,1.99,0.01,0.00,36.51,29.29
2025-04-08 13:25,-262.79,-97.93,0.00,0.00,81.00,60.14,0.11,0.00,0.04,35.63,491.41,1450.85,20.22,0.87,0.00,0.00,3.89,2.01,0.01,0.00,34.40,0.00
2025-04-08 13:30,-191.18,-202.24,0.00,0.00,83.00,59.46,0.11,0.00,128.16,40.71,499.59,1441.17,20.30,1.49,0.00,0.00,3.98,1.99,0.01,0.00,28.98,24.36
2025-04-08 13:35,-131.49,-231.06,0.00,0.00,87.00,60.14,0.11,0.00,143.35,38.49,471.20,1432.59,20.40,1.79,0.00,0.00,4.17,2.01,0.01,0.00,28.27,69.73
2025-04-08 13:40,-188.80,-142.60,0.00,0.00,86.00,60.14,0.11,0.00,6.46,35.95,482.03,1424.01,20.50,1.31,0.00,0.00,4.13,2.01,0.01,0.00,32.94,30.54
2025-04-08 13:45,-15.38,-221.70,0.00,0.00,81.00,58.79,0.11,0.00,0.07,37.94,497.38,1415.43,20.60,1.92,0.00,0.00,3.89,1.97,0.01,0.00,25.49,18.38
2025-04-08 13:50,-5.20,-330.61,0.00,0.00,80.00,60.14,0.11,0.00,0.02,46.34,498.96,1406.85,20.70,2.83,0.00,0.00,3.84,2.01,0.01,0.00,20.72,11.09
2025-04-08 13:55,-18.23,-317.26,0.00,0.00,80.00,59.46,0.11,0.00,0.09,41.20,483.01,1398.27,20.80,2.79,0.00,0.00,3.84,1.99,0.01,0.00,21.18,10.67
2025-04-08 14:00,-27.00,-296.11,0.00,0.00,80.00,60.14,0.11,0.00,0.09,42.23,469.85,1389.69,20.90,2.66,0.00,0.00,3.84,2.01,0.01,0.00,22.34,10.77
2025-04-08 14:05,-4.78,-314.21,0.00,0.00,80.00,60.14,0.11,0.00,0.09,48.04,468.67,1376.93,20.80,2.80,0.00,0.00,3.84,2.01,0.01,0.00,21.39,10.84
2025-04-08 14:10,-60.31,-244.75,0.00,0.00,78.00,59.46,0.11,0.00,0.10,48.93,475.64,1364.17,20.70,2.12,0.00,0.00,3.74,1.99,0.01,0.00,25.23,8.21
2025-04-08 14:15,-74.41,-230.70,0.00,0.00,80.00,59.46,0.11,0.00,0.00,51.38,463.82,1351.41,20.60,2.06,0.00,0.00,3.84,1.99,0.01,0.00,26.67,11.06
2025-04-08 14:20,-62.49,-251.25,0.00,0.00,87.00,59.46,0.11,0.00,0.05,54.91,485.08,1338.64,20.50,2.26,0.00,0.00,4.17,1.99,0.01,0.00,27.44,8.26
2025-04-08 14:25,-57.57,-261.89,0.00,0.00,80.00,58.79,0.11,0.00,0.10,61.42,503.64,1325.88,20.40,2.16,0.00,0.00,3.84,1.97,0.01,0.00,25.62,10.97
2025-04-08 14:30,-73.12,-204.93,0.00,0.00,81.00,59.46,0.11,0.00,0.00,62.15,486.49,1313.12,20.30,1.75,0.00,0.00,3.89,1.99,0.01,0.00,28.78,8.16
2025-04-08 14:35,-27.61,-247.39,0.00,0.00,85.00,60.14,0.11,0.00,0.00,67.65,494.50,1300.89,20.47,2.13,0.00,0.00,4.08,2.01,0.01,0.00,27.46,10.29
2025-04-08 14:40,-9.17,-247.24,0.00,0.00,85.00,60.14,0.11,0.00,6.80,78.93,495.79,1288.67,20.63,2.07,0.00,0.00,4.08,2.01,0.01,0.00,27.45,8.17
2025-04-08 14:45,-42.70,-219.91,0.00,0.00,80.00,59.46,0.11,0.00,0.00,85.39,492.70,1276.44,20.80,1.79,0.00,0.00,3.84,1.99,0.01,0.00,28.06,8.16
2025-04-08 14:50,-13.33,-223.51,0.00,0.00,85.00,60.14,0.11,0.00,0.00,85.73,490.26,1264.21,20.97,1.89,0.00,0.00,4.08,2.01,0.01,0.00,28.88,2.83
2025-04-08 14:55,-10.46,-221.21,0.00,0.00,83.00,60.14,0.11,0.00,2.45,96.80,478.14,1251.98,21.13,1.84,0.00,0.00,3.98,2.01,0.01,0.00,28.68,8.25
2025-04-08 15:00,-16.99,-215.70,0.00,0.00,85.00,59.46,0.11,0.00,1.90,99.28,475.15,1239.75,21.30,1.82,0.00,0.00,4.08,1.99,0.01,0.00,29.57,19.16
2025-04-08 15:05,-19.47,-219.22,0.00,0.00,84.00,59.46,0.11,0.00,1.84,106.78,485.82,1215.65,21.20,1.79,0.00,0.00,4.03,1.99,0.01,0.00,29.65,11.11
2025-04-08 15:10,-71.44,-186.03,0.00,0.00,85.00,60.14,0.11,0.00,14.05,111.04,481.81,1191.55,21.10,1.51,0.00,0.00,4.08,2.01,0.01,0.00,32.67,9.10
2025-04-08 15:15,-158.19,-138.72,0.00,0.00,83.00,58.79,0.11,0.00,6.92,112.70,475.11,1167.45,21.00,1.12,0.00,0.00,3.98,1.97,0.01,0.00,36.11,11.33
2025-04-08 15:20,-79.75,-163.07,0.00,0.00,92.00,60.14,0.11,0.00,12.06,118.76,475.01,1143.35,20.90,1.38,0.00,0.00,4.41,2.01,0.01,0.00,36.54,61.77
2025-04-08 15:25,-83.70,-148.88,0.00,0.00,81.00,60.14,0.11,0.00,0.00,121.04,465.36,1119.25,20.80,1.21,0.00,0.00,3.89,2.01,0.01,0.00,34.93,11.38
2025-04-08 15:30,-100.83,-40.32,0.00,0.00,80.00,60.81,0.11,0.00,0.00,117.11,459.32,1095.15,20.70,0.33,0.00,0.00,3.84,2.04,0.01,0.00,39.85,48.20
2025-04-08 15:35,-125.35,-22.99,0.00,0.00,80.00,60.14,0.11,0.00,0.00,126.41,446.99,1073.64,20.68,0.19,0.00,0.00,3.84,2.01,0.01,0.00,41.52,12.25
2025-04-08 15:40,-72.74,-44.48,0.00,0.00,83.00,60.14,0.11,0.00,12.16,127.26,457.12,1052.13,20.67,0.36,0.00,0.00,3.98,2.01,0.01,0.00,40.43,32.56
2025-04-08 15:45,-73.97,-17.71,0.00,0.00,80.00,59.46,0.11,0.00,18.26,125.72,441.26,1030.62,20.65,0.14,0.00,0.00,3.84,1.99,0.01,0.00,41.07,60.65
2025-04-08 15:50,-73.92,0.00,50.14,0.00,82.00,59.46,0.11,0.00,25.85,129.29,415.60,1009.11,20.63,0.00,3.66,0.00,3.93,1.99,0.01,0.00,72.05,67.71
2025-04-08 15:55,-86.82,0.00,92.93,0.00,86.00,59.46,0.11,0.00,0.20,138.47,360.49,987.61,20.62,0.00,6.81,0.00,4.13,1.99,0.01,0.00,106.83,82.91
2025-04-08 16:00,-49.23,0.00,79.03,0.00,79.00,60.14,0.10,0.00,5.44,146.99,373.30,966.10,20.60,0.00,5.81,0.00,3.79,2.01,0.01,0.00,92.82,84.18
2025-04-08 16:05,-51.15,0.00,86.07,0.00,82.00,59.46,37.84,0.00,2.77,147.60,341.02,927.33,20.55,0.00,6.39,0.00,3.93,1.99,1.60,0.00,114.38,78.17
2025-04-08 16:10,-58.72,0.00,157.40,0.00,107.00,59.46,38.94,0.00,0.19,143.61,346.83,888.55,20.50,0.00,11.77,0.00,5.13,1.99,1.65,0.00,180.15,76.79
2025-04-08 16:15,-13.06,0.00,149.59,0.00,121.00,60.14,39.14,0.00,4.83,143.13,328.73,849.78,20.45,0.00,11.26,0.00,5.81,2.01,1.66,0.00,179.77,81.59
2025-04-08 16:20,-5.83,0.00,154.05,0.00,123.00,61.48,39.09,0.00,7.57,148.67,332.73,811.01,20.40,0.00,11.65,0.00,5.90,2.06,1.66,0.00,187.16,87.25
2025-04-08 16:25,-5.61,0.00,155.67,0.00,139.00,59.46,39.14,0.00,42.09,149.34,317.89,772.23,20.35,0.00,11.88,0.00,6.67,1.99,1.66,0.00,196.16,117.27
2025-04-08 16:30,-1.18,0.00,154.56,0.00,128.00,110.47,39.05,0.00,10.75,156.30,364.73,733.46,20.30,0.00,11.88,0.00,6.14,3.70,1.65,0.00,202.25,184.38
2025-04-08 16:35,-0.64,0.00,117.28,0.00,160.00,167.51,39.10,0.00,9.25,152.56,367.60,701.18,20.32,0.00,9.08,0.00,7.68,5.61,1.66,0.00,194.92,128.66
2025-04-08 16:40,-14.84,0.00,169.23,0.00,141.00,150.06,41.56,0.00,10.43,158.01,355.18,668.91,20.33,0.00,12.61,0.00,6.77,5.02,1.79,0.00,234.34,148.47
2025-04-08 16:45,-24.12,0.00,174.36,0.00,165.00,150.06,94.47,0.00,11.54,157.41,311.27,636.63,20.35,0.00,13.08,0.00,7.92,5.02,4.58,0.00,276.51,153.63
2025-04-08 16:50,-1.66,0.00,166.52,0.00,206.00,148.05,95.23,0.00,42.11,152.71,294.81,604.35,20.37,0.00,12.64,0.00,9.88,4.96,4.62,0.00,280.14,164.86
2025-04-08 16:55,-0.06,0.00,165.82,0.00,241.00,149.39,122.05,0.00,21.06,144.24,290.76,572.07,20.38,0.00,12.70,0.00,11.56,5.00,6.04,0.00,308.18,283.58
2025-04-08 17:00,-14.71,0.00,155.21,0.00,272.00,203.08,98.71,0.00,0.08,137.56,300.26,539.79,20.40,0.00,11.82,0.00,13.05,6.80,5.21,0.00,320.41,237.45
2025-04-08 17:05,-0.13,0.00,131.71,0.00,310.00,224.56,99.01,0.00,7.55,133.19,295.75,505.55,20.28,0.00,10.16,0.00,14.87,7.52,5.23,0.00,314.04,180.00
2025-04-08 17:10,-0.10,0.00,55.71,0.00,344.00,226.57,99.11,121.69,2.27,133.80,267.27,471.30,20.17,0.00,4.36,0.00,16.51,7.59,5.23,5.98,295.63,230.00
2025-04-08 17:15,-0.04,0.00,20.08,0.00,376.00,225.90,127.47,149.31,48.93,145.70,237.42,437.05,20.05,0.00,1.56,0.00,18.04,7.56,6.97,7.34,288.06,259.49
2025-04-08 17:20,0.00,-25.57,0.00,0.00,399.00,231.27,154.98,153.23,161.01,152.66,197.20,402.80,19.93,0.76,0.00,0.00,19.15,7.74,8.66,7.53,278.04,285.02
2025-04-08 17:25,0.00,0.00,25.26,0.00,399.00,231.27,160.62,152.22,123.22,169.98,150.58,368.55,19.82,0.00,1.95,0.00,19.15,7.74,8.97,7.48,314.12,236.68
2025-04-08 17:30,-0.35,-8.43,0.00,0.00,398.00,228.58,206.56,151.42,57.56,187.28,119.83,334.30,19.70,0.28,0.00,0.00,19.10,7.65,11.40,7.44,324.61,172.18
2025-04-08 17:35,0.00,0.00,28.68,0.00,396.00,227.24,216.82,174.01,11.45,208.87,95.88,304.04,19.58,0.00,2.35,0.00,19.00,7.61,11.56,8.55,366.76,173.33
2025-04-08 17:40,-4.43,0.00,17.95,0.00,399.00,227.24,232.72,174.78,49.52,231.84,81.16,273.77,19.47,0.00,1.41,0.00,19.15,7.61,12.37,8.59,357.83,176.45
2025-04-08 17:45,-2.67,0.00,35.44,0.00,395.00,225.90,231.54,173.59,51.24,253.80,67.55,243.51,19.35,0.00,2.83,0.00,18.95,7.56,12.31,8.53,375.44,183.15
2025-04-08 17:50,-0.19,0.00,105.88,0.00,398.00,225.23,230.87,173.24,76.30,270.38,55.16,213.25,19.23,0.00,8.65,0.00,19.10,7.54,12.27,8.51,437.98,222.46
2025-04-08 17:55,-0.10,0.00,92.98,0.00,397.00,227.91,232.81,174.36,111.71,290.84,47.45,182.99,19.12,0.00,7.63,0.00,19.05,7.63,12.38,8.57,421.79,230.00
2025-04-08 18:00,-0.15,0.00,90.43,0.00,398.00,229.92,235.13,175.66,129.35,302.56,36.92,152.73,19.00,0.00,7.42,0.00,19.10,7.70,12.51,8.63,423.24,225.74
2025-04-08 18:05,-0.25,0.00,105.10,0.00,397.00,225.23,231.35,172.29,142.77,322.16,28.18,130.45,18.88,0.00,8.48,0.00,19.05,7.54,12.30,8.47,434.03,221.99
2025-04-08 18:10,-0.01,0.00,96.74,0.00,396.00,228.58,232.19,174.75,140.18,346.86,20.66,108.17,18.77,0.00,7.67,0.00,19.00,7.65,12.35,8.59,427.68,230.00
2025-04-08 18:15,-1.06,0.00,81.84,0.00,395.00,225.23,258.95,172.56,164.33,362.48,13.67,85.88,18.65,0.00,6.47,0.00,18.95,7.54,14.00,8.48,417.05,230.00
2025-04-08 18:20,-0.33,0.00,97.23,0.00,396.00,225.90,250.08,174.38,165.28,384.99,8.16,63.60,18.53,0.00,7.66,0.00,19.00,7.56,13.44,8.57,429.60,176.71
2025-04-08 18:25,-0.08,0.00,90.50,0.00,398.00,230.60,234.86,175.62,165.51,404.98,4.01,41.32,18.42,0.00,6.48,0.00,19.10,7.72,12.50,8.63,417.55,215.04
2025-04-08 18:30,-0.09,0.00,103.59,0.00,396.00,226.57,232.75,173.43,102.05,435.11,1.70,19.04,18.30,0.00,7.39,0.00,19.00,7.59,12.38,8.52,444.07,245.26
2025-04-08 18:35,-0.05,0.00,69.21,0.00,395.00,227.24,277.29,175.60,109.86,480.91,0.60,15.88,18.27,0.00,4.79,0.00,18.95,7.61,15.11,8.63,409.83,230.00
2025-04-08 18:40,0.00,0.00,31.68,0.01,396.00,225.90,250.79,171.97,162.98,507.56,0.10,12.71,18.23,0.00,2.20,0.00,19.00,7.56,13.49,8.45,358.67,222.30
2025-04-08 18:45,0.00,0.00,40.05,0.01,396.00,227.91,234.21,174.11,146.54,536.38,0.03,9.54,18.20,0.00,2.78,0.00,19.00,7.63,12.46,8.56,359.21,265.20
2025-04-08 18:50,-5.72,-10.33,0.00,0.01,396.00,228.58,280.23,174.94,98.50,559.89,0.03,6.38,18.17,0.30,0.00,0.00,19.00,7.65,15.29,8.60,348.79,221.63
2025-04-08 18:55,-0.15,0.00,9.29,0.01,399.00,230.60,242.59,175.04,105.59,580.17,0.00,3.21,18.13,0.00,0.65,0.00,19.15,7.72,12.97,8.60,341.16,215.04
2025-04-08 19:00,-10.39,0.00,33.32,0.01,395.00,225.90,237.96,175.71,71.93,589.43,0.00,0.04,18.10,0.00,2.36,0.00,18.95,7.56,12.70,8.63,364.66,176.78
2025-04-08 19:05,-3.25,0.00,37.44,0.01,396.00,225.90,236.48,173.04,47.63,612.68,0.00,0.04,18.10,0.00,2.64,0.00,19.00,7.56,12.61,8.50,365.71,174.60
2025-04-08 19:10,-5.58,0.00,74.83,0.01,397.00,227.24,238.56,174.82,44.78,627.42,0.00,0.03,18.10,0.00,5.25,0.00,19.05,7.61,12.73,8.59,392.03,171.86
2025-04-08 19:15,-6.50,0.00,70.62,0.01,395.00,227.24,239.07,174.59,33.32,645.81,0.00,0.02,18.10,0.00,4.96,0.00,18.95,7.61,12.76,8.58,387.25,156.56
2025-04-08 19:20,-2.90,0.00,66.07,0.01,398.00,170.20,238.55,174.17,43.41,666.30,0.00,0.01,18.10,0.00,4.63,0.00,19.10,5.70,12.73,8.56,375.23,151.67
2025-04-08 19:25,-2.12,0.00,77.06,0.00,381.00,150.73,224.30,174.88,51.21,685.79,0.00,0.01,18.10,0.00,5.43,0.00,18.28,5.05,11.84,8.59,371.56,150.60
2025-04-08 19:30,-15.30,0.00,69.60,0.00,398.00,150.06,222.78,174.49,47.54,698.09,0.00,0.00,18.10,0.00,4.95,0.00,19.10,5.02,11.76,8.57,369.20,139.00
2025-04-08 19:35,-8.40,0.00,58.90,0.00,381.00,149.39,209.98,176.18,57.36,725.41,0.00,0.00,17.90,0.00,4.18,0.00,18.28,5.00,11.09,8.66,347.16,152.50
2025-04-08 19:40,-22.00,0.00,38.90,0.00,393.00,150.73,224.43,174.73,56.28,742.31,0.00,0.00,17.70,0.00,2.73,0.00,18.86,5.05,11.85,8.59,336.11,147.81
2025-04-08 19:45,-14.65,0.00,22.11,0.00,391.00,150.06,224.60,175.68,51.46,775.82,0.00,0.00,17.50,0.00,1.57,0.00,18.76,5.02,11.86,8.63,317.66,142.05
2025-04-08 19:50,-4.02,-51.63,0.00,0.00,388.00,150.06,224.43,175.57,55.17,800.83,0.00,0.00,17.30,1.27,0.00,0.00,18.62,5.02,11.85,8.63,295.79,146.44
2025-04-08 19:55,-21.07,-43.78,0.00,0.00,388.00,150.06,224.38,174.69,53.95,800.18,0.00,0.00,17.10,1.08,0.00,0.00,18.62,5.02,11.85,8.58,298.87,140.90
2025-04-08 20:00,-27.86,-48.22,0.00,0.00,380.00,151.41,224.95,175.54,54.50,809.00,0.00,0.00,16.90,1.18,0.00,0.00,18.23,5.07,11.88,8.63,297.55,139.00
2025-04-08 20:05,-14.20,-35.20,0.00,0.00,368.00,151.41,187.45,174.24,50.85,825.46,0.00,0.00,16.67,0.83,0.00,0.00,17.66,5.07,9.90,8.56,283.58,147.18
2025-04-08 20:10,-1.17,-88.36,0.00,0.00,392.00,150.73,224.76,176.12,51.21,831.62,0.00,0.00,16.43,2.15,0.00,0.00,18.81,5.05,11.87,8.65,291.78,146.32
2025-04-08 20:15,-11.45,-93.22,0.00,0.00,395.00,150.73,224.15,175.55,54.71,835.21,0.00,0.00,16.20,2.26,0.00,0.00,18.95,5.05,11.84,8.63,292.64,143.32
2025-04-08 20:20,-0.21,-98.20,0.00,0.00,393.00,150.73,224.54,175.51,55.94,843.76,0.00,0.00,15.97,2.36,0.00,0.00,18.86,5.05,11.86,8.62,288.96,139.00
2025-04-08 20:25,-4.99,-86.44,0.00,0.00,382.00,150.06,212.87,174.70,60.70,857.63,0.00,0.00,15.73,2.03,0.00,0.00,18.33,5.02,11.24,8.59,282.73,142.30
2025-04-08 20:30,-28.17,-147.98,0.00,0.00,390.00,151.41,224.12,174.40,54.68,848.79,0.00,0.00,15.50,3.55,0.00,0.00,18.71,5.07,11.83,8.57,292.51,138.00
2025-04-08 20:35,0.00,-113.38,0.00,0.00,367.00,150.06,183.60,163.82,43.82,856.53,0.00,0.00,15.38,2.59,0.00,0.00,17.61,5.02,9.70,8.05,274.57,151.86
2025-04-08 20:40,-0.27,-114.48,0.00,0.00,392.00,150.73,130.89,173.11,38.77,853.45,0.00,0.00,15.27,2.59,0.00,0.00,18.81,5.05,6.91,8.51,271.08,152.95
2025-04-08 20:45,-1.55,-71.37,0.00,0.00,393.00,150.73,59.01,171.59,0.43,857.22,0.00,0.00,15.15,1.55,0.00,0.00,18.86,5.05,3.12,8.43,260.95,147.92
2025-04-08 20:50,0.00,-9.49,0.00,0.00,392.00,150.06,57.21,175.22,7.99,853.14,0.00,0.00,15.03,0.21,0.00,0.00,18.81,5.02,3.02,8.61,260.21,149.84
2025-04-08 20:55,-0.01,-4.71,0.00,0.00,392.00,150.06,57.11,173.49,1.80,840.49,0.00,0.00,14.92,0.10,0.00,0.00,18.81,5.02,3.02,8.53,262.87,148.35
2025-04-08 21:00,-3.03,0.00,0.43,0.00,387.00,150.73,57.11,174.82,3.56,837.51,0.00,0.00,14.80,0.00,0.03,0.00,18.57,5.05,3.02,8.59,263.22,149.75
2025-04-08 21:05,-2.90,0.00,7.01,0.00,394.00,150.73,57.11,175.86,4.44,823.08,0.00,0.00,14.88,0.00,0.51,0.00,18.91,5.05,3.02,8.64,271.72,162.26
2025-04-08 21:10,-0.59,0.00,8.87,0.00,397.00,150.06,57.21,160.05,2.04,831.45,0.00,0.00,14.97,0.00,0.67,0.00,19.05,5.02,3.02,7.87,269.16,149.03
2025-04-08 21:15,-0.02,0.00,19.50,0.00,397.00,150.06,57.21,161.73,4.07,802.06,0.00,0.00,15.05,0.00,1.47,0.00,19.05,5.02,3.02,7.95,282.23,149.38
2025-04-08 21:20,-0.31,0.00,25.07,0.00,394.00,149.39,57.21,160.20,0.89,784.52,0.00,0.00,15.13,0.00,1.90,0.00,18.91,5.00,3.02,7.87,289.59,156.24
2025-04-08 21:25,-0.02,0.00,19.10,0.00,388.00,150.06,57.21,159.78,8.91,781.66,0.00,0.00,15.22,0.00,1.45,0.00,18.62,5.02,3.02,7.85,282.70,149.32
2025-04-08 21:30,-0.75,0.00,26.14,0.00,389.00,150.06,57.11,160.80,0.69,764.98,0.00,0.00,15.30,0.00,2.00,0.00,18.67,5.02,3.02,7.90,293.68,149.16
2025-04-08 21:35,-3.52,0.00,41.09,0.00,384.00,150.06,57.01,158.45,0.07,756.22,0.00,0.00,15.22,0.00,3.16,0.00,18.43,5.02,3.01,7.79,307.23,138.00
2025-04-08 21:40,-0.62,0.00,109.53,0.00,356.00,150.73,13.21,93.02,4.34,741.65,0.00,0.00,15.13,0.00,8.24,0.00,17.08,5.05,0.70,4.57,342.46,138.00
2025-04-08 21:45,-0.14,0.00,114.07,0.00,326.00,151.41,0.11,142.34,1.43,713.95,0.00,0.00,15.05,0.00,8.58,0.00,15.64,5.07,0.01,6.99,356.69,138.04
2025-04-08 21:50,-0.03,0.00,192.93,0.00,326.00,151.41,0.11,156.83,12.69,703.56,0.00,0.00,14.97,0.00,14.52,0.00,15.64,5.07,0.01,7.71,445.21,138.04
2025-04-08 21:55,-0.85,0.00,211.89,0.00,301.00,150.06,0.11,159.32,6.48,691.10,0.00,0.00,14.88,0.00,15.94,0.00,14.44,5.02,0.01,7.83,473.72,138.04
2025-04-08 22:00,-2.40,0.00,228.08,0.00,268.00,150.73,0.11,173.25,0.79,676.29,0.00,0.00,14.80,0.00,17.11,0.00,12.86,5.05,0.01,8.51,502.99,138.04
2025-04-08 22:05,-0.10,0.00,225.46,0.00,236.00,150.06,0.11,175.05,22.70,676.43,0.00,0.00,14.87,0.00,16.87,0.00,11.32,5.02,0.01,8.60,485.07,165.30
2025-04-08 22:10,-0.03,0.00,226.93,0.00,272.00,151.41,0.11,175.81,24.75,661.09,0.00,0.00,14.93,0.00,17.51,0.00,13.05,5.07,0.01,8.64,502.15,168.35
2025-04-08 22:15,-0.02,0.00,197.69,0.00,312.00,150.06,0.11,174.98,5.52,691.83,0.00,0.00,15.00,0.00,15.26,0.00,14.97,5.02,0.01,8.60,463.03,152.83
2025-04-08 22:20,-0.93,0.00,171.26,0.00,347.00,150.73,0.11,174.79,0.29,700.66,0.00,0.00,15.07,0.00,13.27,0.00,16.65,5.05,0.01,8.59,435.15,138.04
2025-04-08 22:25,0.00,0.00,143.76,0.00,362.00,150.06,0.11,173.59,15.69,724.59,0.00,0.00,15.13,0.00,11.11,0.00,17.37,5.02,0.01,8.53,393.41,149.78
2025-04-08 22:30,-0.05,0.00,31.22,0.00,392.00,150.06,0.11,175.84,10.66,728.53,0.00,0.00,15.20,0.00,2.42,0.00,18.81,5.02,0.01,8.64,293.70,147.21
2025-04-08 22:35,-1.61,0.00,24.55,0.00,386.00,150.06,0.11,172.87,19.76,739.62,0.00,0.00,15.02,0.00,1.90,0.00,18.52,5.02,0.01,8.50,282.47,146.82
2025-04-08 22:40,-0.07,0.00,14.55,0.00,399.00,149.39,0.11,175.59,10.17,745.45,0.00,0.00,14.83,0.00,1.13,0.00,19.15,5.00,0.01,8.63,277.80,148.49
2025-04-08 22:45,-0.04,0.00,7.88,0.00,399.00,150.06,0.11,176.36,7.56,749.53,0.00,0.00,14.65,0.00,0.62,0.00,19.15,5.02,0.01,8.67,272.30,150.07
2025-04-08 22:50,-21.78,-8.18,0.00,0.00,390.00,150.06,0.11,174.18,3.52,754.00,0.00,0.00,14.47,0.18,0.00,0.00,18.71,5.02,0.01,8.56,267.35,138.43
2025-04-08 22:55,-26.61,0.00,8.60,0.00,367.00,150.73,0.11,173.56,1.59,739.46,0.00,0.00,14.28,0.00,0.68,0.00,17.61,5.05,0.01,8.53,273.76,138.00
2025-04-08 23:00,-27.77,0.00,24.78,0.00,335.00,150.73,0.11,161.55,1.03,745.84,0.00,0.00,14.10,0.00,1.97,0.00,16.07,5.05,0.01,7.94,277.62,138.04
2025-04-08 23:05,-30.04,0.00,16.83,0.00,322.00,150.06,0.11,175.07,1.94,744.07,0.00,0.00,14.15,0.00,1.34,0.00,15.45,5.02,0.01,8.60,271.20,150.10
2025-04-08 23:10,-32.82,0.00,55.56,0.00,348.00,150.73,0.11,174.50,0.44,739.88,0.00,0.00,14.20,0.00,4.42,0.00,16.70,5.05,0.01,8.58,314.66,151.19
2025-04-08 23:15,-25.81,0.00,26.15,0.00,383.00,149.39,0.11,174.38,0.34,752.91,0.00,0.00,14.25,0.00,2.09,0.00,18.38,5.00,0.01,8.57,290.09,148.93
2025-04-08 23:20,-2.13,0.00,1.65,0.00,392.00,150.06,0.11,173.04,0.68,758.85,0.00,0.00,14.30,0.00,0.13,0.00,18.81,5.02,0.01,8.50,264.93,149.25
2025-04-08 23:25,-0.29,0.00,12.74,0.00,388.00,150.06,0.11,173.39,0.29,746.05,0.00,0.00,14.35,0.00,1.02,0.00,18.62,5.02,0.01,8.52,275.63,149.94
2025-04-08 23:30,-1.01,-41.05,0.00,0.00,395.00,150.06,0.11,174.56,0.40,735.72,0.00,0.00,14.40,0.92,0.00,0.00,18.95,5.02,0.01,8.58,268.60,151.24
2025-04-08 23:35,-7.18,-28.86,0.00,0.00,386.00,150.73,0.11,172.26,0.06,749.77,0.00,0.00,14.47,0.63,0.00,0.00,18.52,5.05,0.01,8.47,264.87,136.96
2025-04-08 23:40,-29.37,0.00,54.70,0.00,352.00,150.06,0.11,80.54,0.09,765.64,0.00,0.00,14.53,0.00,4.27,0.00,16.89,5.02,0.01,3.96,286.16,138.00
2025-04-08 23:45,-25.52,0.00,47.63,0.00,322.00,150.06,0.11,132.72,5.79,751.49,0.00,0.00,14.60,0.00,3.73,0.00,15.45,5.02,0.01,6.52,286.12,152.59
2025-04-08 23:50,-27.05,0.00,100.88,0.00,346.00,150.06,0.11,172.24,0.28,753.50,0.00,0.00,14.67,0.00,7.93,0.00,16.60,5.02,0.01,8.46,352.55,138.00
2025-04-08 23:55,-35.44,0.00,122.24,0.00,320.00,150.73,0.11,146.30,0.23,763.40,0.00,0.00,14.73,0.00,9.62,0.00,15.35,5.05,0.01,7.19,365.11,130.12
2025-04-09 00:00,-25.70,0.00,160.78,0.00,289.00,149.39,0.11,80.81,3.92,763.99,0.00,0.00,14.80,0.00,12.58,0.00,13.87,5.00,0.01,3.97,386.18,138.00
2025-04-09 00:05,-28.50,0.00,162.48,0.00,262.00,150.06,0.11,101.11,0.68,767.03,0.00,0.00,14.98,0.00,12.70,0.00,12.57,5.02,0.01,4.97,388.35,138.00
2025-04-09 00:10,-11.58,0.00,189.75,0.00,226.00,150.06,0.11,153.73,0.22,763.54,0.00,0.00,15.17,0.00,14.98,0.00,10.84,5.02,0.01,7.55,422.00,138.00
2025-04-09 00:15,-10.72,0.00,208.59,0.00,200.00,150.73,0.11,154.41,3.20,768.62,0.00,0.00,15.35,0.00,16.52,0.00,9.60,5.05,0.01,7.59,439.76,138.04
2025-04-09 00:20,-10.27,0.00,197.05,0.00,211.00,150.73,0.11,175.81,0.43,759.34,0.00,0.00,15.53,0.00,15.65,0.00,10.12,5.05,0.01,8.64,434.50,138.04
2025-04-09 00:25,-3.05,0.00,250.69,0.00,183.00,150.06,0.11,173.74,0.25,733.75,0.00,0.00,15.72,0.00,19.95,0.00,8.78,5.02,0.01,8.54,514.18,138.04
2025-04-09 00:30,0.00,0.00,223.05,0.00,203.00,150.73,0.11,175.05,13.49,749.87,0.00,0.00,15.90,0.00,17.71,0.00,9.74,5.05,0.01,8.60,461.37,138.04
2025-04-09 00:35,-2.57,0.00,224.55,0.00,220.00,150.06,0.11,172.98,0.19,742.69,0.00,0.00,15.82,0.00,17.91,0.00,10.56,5.02,0.01,8.50,475.94,138.04
2025-04-09 00:40,-1.21,0.00,205.11,0.00,249.00,150.73,0.11,175.14,0.55,750.54,0.00,0.00,15.73,0.00,16.51,0.00,11.95,5.05,0.01,8.61,451.36,138.04
2025-04-09 00:45,-0.46,0.00,204.67,0.00,260.00,148.72,0.11,174.21,0.38,743.35,0.00,0.00,15.65,0.00,16.38,0.00,12.48,4.98,0.01,8.56,453.66,138.04
2025-04-09 00:50,-0.29,0.00,170.46,0.00,234.00,150.73,0.11,172.32,0.48,743.99,0.00,0.00,15.57,0.00,13.70,0.00,11.23,5.05,0.01,8.47,407.96,138.00
2025-04-09 00:55,-0.04,0.00,196.97,-0.10,209.00,151.41,0.11,151.58,6.11,739.65,0.00,0.00,15.48,0.00,15.77,0.00,10.03,5.07,0.01,7.45,433.54,138.04
2025-04-09 01:00,-0.51,0.00,208.78,-0.10,183.00,150.73,0.11,175.14,0.54,723.08,0.00,0.00,15.40,0.00,16.70,0.00,8.78,5.05,0.01,8.61,459.09,138.00
2025-04-09 01:05,-0.42,0.00,224.09,-0.10,155.00,150.73,0.11,169.47,2.95,730.19,0.00,0.00,15.43,0.00,17.96,0.00,7.44,5.05,0.01,8.33,473.01,138.04
2025-04-09 01:10,0.00,0.00,271.91,-0.10,176.00,150.73,0.11,175.02,0.40,731.54,0.00,0.00,15.47,0.00,21.79,0.00,8.45,5.05,0.01,8.60,547.63,138.04
2025-04-09 01:15,-0.70,0.00,262.89,0.00,192.00,150.06,0.11,174.36,0.16,726.08,0.00,0.00,15.50,0.00,21.04,0.00,9.21,5.02,0.01,8.57,537.47,138.04
2025-04-09 01:20,-0.62,0.00,259.35,0.00,167.00,150.73,0.11,175.05,0.51,731.01,0.00,0.00,15.53,0.00,20.74,0.00,8.01,5.05,0.01,8.60,527.70,138.04
2025-04-09 01:25,-6.00,0.00,259.84,0.00,136.00,150.06,0.11,173.82,0.14,747.53,0.00,0.00,15.57,0.00,20.78,0.00,6.53,5.02,0.01,8.54,520.82,137.73
2025-04-09 01:30,-1.40,0.00,275.21,0.00,129.00,150.06,0.11,80.74,0.60,753.33,0.00,0.00,15.60,0.00,22.03,0.00,6.19,5.02,0.01,3.97,533.50,136.11
2025-04-09 01:35,-0.16,0.00,268.63,0.00,136.00,150.73,0.11,83.12,4.55,754.60,0.00,0.00,15.68,0.00,21.50,0.00,6.53,5.05,0.01,4.08,518.40,138.00
2025-04-09 01:40,-0.83,0.00,254.39,0.00,125.00,150.73,0.11,123.81,0.22,752.65,0.00,0.00,15.77,0.00,20.57,0.00,6.00,5.05,0.01,6.08,504.25,136.39
2025-04-09 01:45,-0.96,0.00,274.88,0.00,123.00,150.06,0.11,79.94,0.38,760.50,0.00,0.00,15.85,0.00,22.17,0.00,5.90,5.02,0.01,3.93,530.19,127.46
2025-04-09 01:50,-11.15,0.00,325.72,0.00,122.00,150.73,0.11,81.67,3.67,756.83,0.00,0.00,15.93,0.00,26.64,0.00,5.85,5.05,0.01,4.01,640.96,127.55
2025-04-09 01:55,-1.72,0.00,317.84,0.00,126.00,150.06,0.11,81.67,5.23,753.13,0.00,0.00,16.02,0.00,26.26,0.00,6.05,5.02,0.01,4.01,622.88,131.53
2025-04-09 02:00,-12.96,0.00,333.11,0.00,122.00,150.73,0.11,80.22,0.30,744.65,0.00,0.00,16.10,0.00,27.42,0.00,5.85,5.05,0.01,3.94,674.49,127.84
2025-04-09 02:05,-2.25,0.00,325.81,0.00,119.00,151.41,0.11,80.19,0.23,739.54,0.00,0.00,15.87,0.00,26.81,0.00,5.71,5.07,0.01,3.94,653.71,135.38
2025-04-09 02:10,-9.30,0.00,327.81,0.00,128.00,150.06,0.11,82.14,5.98,727.38,0.00,0.00,15.63,0.00,27.26,0.00,6.14,5.02,0.01,4.04,673.66,137.07
2025-04-09 02:15,-21.05,0.00,333.42,0.00,126.00,151.41,0.11,82.83,5.97,723.13,0.00,0.00,15.40,0.00,27.77,0.00,6.05,5.07,0.01,4.07,701.41,136.71
2025-04-09 02:20,-22.47,0.00,335.37,0.00,124.00,149.39,0.11,81.10,0.75,733.09,0.00,0.00,15.17,0.00,28.02,0.00,5.95,5.00,0.01,3.99,705.64,135.04
2025-04-09 02:25,-29.81,0.00,351.27,0.00,116.00,149.39,0.11,78.61,0.07,718.28,0.00,0.00,14.93,0.00,29.36,0.00,5.57,5.00,0.01,3.86,771.26,127.31
2025-04-09 02:30,-8.05,0.00,342.39,0.00,124.00,151.41,0.11,82.09,2.78,722.22,0.00,0.00,14.70,0.00,29.27,0.00,5.95,5.07,0.01,4.03,726.51,128.32
2025-04-09 02:35,-35.43,0.00,357.99,0.00,114.00,150.73,0.11,79.09,0.18,710.57,0.00,0.00,15.00,0.00,30.11,0.00,5.47,5.05,0.01,3.89,807.91,116.72
2025-04-09 02:40,-13.26,0.00,330.31,0.00,123.00,150.06,0.11,81.35,4.09,727.10,0.00,0.00,15.30,0.00,28.44,0.00,5.90,5.02,0.01,4.00,701.24,127.66
2025-04-09 02:45,-20.88,0.00,338.09,0.00,125.00,150.73,0.11,82.75,2.37,718.97,0.00,0.00,15.60,0.00,28.70,0.00,6.00,5.05,0.01,4.07,729.38,129.45
2025-04-09 02:50,-35.02,0.00,317.86,0.00,117.00,150.73,0.11,79.48,0.16,719.39,0.00,0.00,15.90,0.00,27.04,0.00,5.61,5.05,0.01,3.91,699.45,130.84
2025-04-09 02:55,-25.86,0.00,292.08,0.00,122.00,150.06,0.11,80.23,1.53,729.76,0.00,0.00,16.20,0.00,24.80,0.00,5.85,5.02,0.01,3.94,621.06,128.67
2025-04-09 03:00,-37.28,0.00,300.29,0.00,121.00,150.06,0.11,80.89,0.35,743.93,0.00,0.00,16.50,0.00,25.43,0.00,5.81,5.02,0.01,3.98,636.39,128.81
2025-04-09 03:05,-31.18,0.00,293.62,0.00,119.00,150.06,0.11,80.63,0.42,741.82,0.00,0.00,16.47,0.00,25.10,0.00,5.71,5.02,0.01,3.96,622.54,128.66
2025-04-09 03:10,-19.31,0.00,274.92,0.00,120.00,150.06,0.11,79.76,0.23,741.58,0.00,0.00,16.43,0.00,23.46,0.00,5.76,5.02,0.01,3.92,574.29,128.00
2025-04-09 03:15,-18.12,0.00,272.64,0.00,122.00,150.73,0.11,81.36,3.76,728.74,0.00,0.00,16.40,0.00,23.20,0.00,5.85,5.05,0.01,4.00,574.52,126.00
2025-04-09 03:20,-23.87,0.00,269.43,0.00,125.00,150.06,0.11,81.38,2.13,736.16,0.00,0.00,16.37,0.00,23.03,0.00,6.00,5.02,0.01,4.00,569.78,132.21
2025-04-09 03:25,-32.81,0.00,278.13,0.00,118.00,150.06,0.11,79.70,0.88,730.15,0.00,0.00,16.33,0.00,23.71,0.00,5.66,5.02,0.01,3.92,598.79,127.30
2025-04-09 03:30,-17.31,0.00,275.85,0.00,120.00,151.41,0.11,80.11,0.08,730.00,0.00,0.00,16.30,0.00,23.58,0.00,5.76,5.07,0.01,3.94,583.68,133.97
2025-04-09 03:35,-10.18,0.00,272.78,-0.10,122.00,150.06,0.11,81.68,0.06,721.47,0.00,0.00,16.33,0.00,23.37,0.00,5.85,5.02,0.01,4.01,579.55,133.30
2025-04-09 03:40,-1.71,0.00,264.13,-0.10,124.00,150.73,0.11,82.15,0.66,728.60,0.00,0.00,16.37,0.00,22.65,0.00,5.95,5.05,0.01,4.04,551.38,134.66
2025-04-09 03:45,-10.50,0.00,272.20,-0.10,116.00,150.06,0.11,79.96,0.04,726.41,0.00,0.00,16.40,0.00,23.32,0.00,5.57,5.02,0.01,3.93,575.00,133.44
2025-04-09 03:50,-11.25,0.00,265.09,-0.10,117.00,150.73,0.11,81.09,0.02,721.72,0.00,0.00,16.43,0.00,22.72,0.00,5.61,5.05,0.01,3.98,564.66,133.66
2025-04-09 03:55,-18.42,0.00,269.32,-0.10,117.00,150.73,0.11,78.16,0.09,704.86,0.00,0.00,16.47,0.00,23.05,0.00,5.61,5.05,0.01,3.84,590.56,127.61
2025-04-09 04:00,-13.46,0.00,271.34,-0.10,125.00,150.73,0.11,82.52,3.32,696.92,0.00,0.00,16.50,0.00,23.21,0.00,6.00,5.05,0.01,4.06,594.29,134.32
2025-04-09 04:05,-14.81,0.00,290.29,-0.10,123.00,150.73,0.11,80.66,0.19,675.25,0.00,0.00,16.53,0.00,24.87,0.00,5.90,5.05,0.01,3.96,658.76,136.12
2025-04-09 04:10,-11.19,0.00,303.72,0.00,129.00,150.73,0.11,81.04,1.58,665.86,0.00,0.00,16.57,0.00,25.94,0.00,6.19,5.05,0.01,3.98,692.51,142.49
2025-04-09 04:15,-23.56,0.00,287.59,0.00,119.00,151.41,0.11,130.27,0.03,652.17,0.00,0.00,16.60,0.00,24.58,0.00,5.71,5.07,0.01,6.40,675.63,141.15
2025-04-09 04:20,-6.03,0.00,295.75,0.00,100.00,149.39,0.11,128.59,0.55,645.12,0.00,0.00,16.63,0.00,25.25,0.00,4.80,5.00,0.01,6.32,687.79,138.00
2025-04-09 04:25,-1.66,0.00,292.87,0.00,84.00,150.73,0.11,124.18,8.92,641.48,0.00,0.00,16.67,0.00,25.00,0.00,4.03,5.05,0.01,6.10,674.63,146.34
2025-04-09 04:30,-7.22,0.00,283.36,0.00,80.00,151.41,0.11,129.79,0.86,636.09,0.00,0.00,16.70,0.00,24.20,0.00,3.84,5.07,0.01,6.38,669.65,141.50
2025-04-09 04:35,-1.70,0.00,282.71,0.00,82.00,150.06,0.11,131.06,3.31,633.75,0.00,0.00,16.63,0.00,24.16,0.00,3.93,5.02,0.01,6.44,663.18,138.00
2025-04-09 04:40,-9.15,0.00,280.69,0.00,98.00,151.41,0.11,129.72,0.44,630.46,0.00,0.00,16.57,0.00,23.96,0.00,4.70,5.07,0.01,6.37,668.36,138.00
2025-04-09 04:45,-8.81,0.00,285.36,0.00,99.00,150.06,0.11,130.13,0.46,640.84,0.00,0.00,16.50,0.00,24.36,0.00,4.75,5.02,0.01,6.39,669.68,137.04
2025-04-09 04:50,-4.46,0.00,317.79,0.00,94.00,150.73,0.11,80.72,0.71,631.16,0.00,0.00,16.43,0.00,27.15,0.00,4.51,5.05,0.01,3.97,768.53,136.84
2025-04-09 04:55,-4.96,0.00,320.06,0.00,96.00,151.41,0.11,82.72,4.35,605.79,0.00,0.00,16.37,0.00,27.31,0.00,4.61,5.07,0.01,4.07,800.68,138.00
2025-04-09 05:00,-2.29,0.00,317.98,0.00,103.00,149.39,0.11,109.57,1.68,586.35,0.00,0.00,16.30,0.00,27.12,0.00,4.94,5.00,0.01,5.38,808.85,138.00
2025-04-09 05:05,-1.79,0.00,289.50,0.00,99.00,148.72,0.11,169.09,5.66,578.19,0.00,0.00,16.08,0.00,24.68,0.00,4.75,4.98,0.01,8.31,722.70,139.85
2025-04-09 05:10,-8.82,0.00,287.88,0.00,138.00,150.06,0.11,175.89,1.37,562.12,0.00,0.00,15.87,0.00,24.28,0.00,6.62,5.02,0.01,8.64,731.95,158.75
2025-04-09 05:15,-14.15,0.00,266.67,0.00,170.00,150.06,0.11,173.65,0.05,562.52,0.00,0.00,15.65,0.00,22.54,0.00,8.16,5.02,0.01,8.53,684.85,138.54
2025-04-09 05:20,-17.16,0.00,245.29,0.00,206.00,151.41,0.11,174.78,0.08,570.92,0.00,0.00,15.43,0.00,20.76,0.00,9.88,5.07,0.01,8.59,632.34,154.32
2025-04-09 05:25,-20.82,0.00,229.97,0.00,236.00,150.06,0.11,173.10,0.00,577.09,0.00,0.00,15.22,0.00,19.49,0.00,11.32,5.02,0.01,8.51,601.03,138.00
2025-04-09 05:30,-4.06,0.00,220.99,0.00,216.00,150.06,0.11,175.37,2.78,579.08,0.00,0.00,15.00,0.00,18.63,0.00,10.36,5.02,0.01,8.62,569.68,156.42
2025-04-09 05:35,-3.57,0.00,183.46,0.00,236.00,150.06,0.11,173.53,4.55,567.47,0.00,0.00,14.97,0.00,15.51,0.00,11.32,5.02,0.01,8.53,513.15,138.33
2025-04-09 05:40,-10.13,0.00,180.66,0.00,275.00,150.73,1.51,174.49,5.96,548.88,0.00,0.00,14.93,0.00,15.15,0.00,13.20,5.05,0.08,8.57,522.51,151.63
2025-04-09 05:45,-20.31,0.00,156.63,0.00,308.00,150.06,56.51,174.93,6.65,537.76,0.00,0.00,14.90,0.00,13.12,0.00,14.78,5.02,2.98,8.60,505.22,163.79
2025-04-09 05:50,-15.17,0.00,138.45,0.00,347.00,150.06,57.11,174.21,5.16,529.03,0.00,0.00,14.87,0.00,11.59,0.00,16.65,5.02,3.02,8.56,485.25,152.53
2025-04-09 05:55,-4.42,0.00,79.42,0.00,384.00,150.73,57.41,174.33,1.91,519.66,0.00,0.00,14.83,0.00,6.64,0.00,18.43,5.05,3.03,8.57,415.67,165.71
2025-04-09 06:00,-1.70,0.00,77.40,0.00,394.00,150.73,57.41,175.19,7.52,511.56,0.00,0.00,14.80,0.00,6.46,0.00,18.91,5.05,3.03,8.61,414.58,170.44
2025-04-09 06:05,-1.84,0.00,55.87,0.00,397.00,185.63,57.31,175.22,0.49,504.75,0.00,0.00,14.75,0.00,4.66,0.00,19.05,6.22,3.03,8.61,394.99,170.44
2025-04-09 06:10,-1.64,0.00,16.37,0.00,400.00,192.34,64.61,174.88,18.38,488.35,0.00,0.00,14.70,0.00,1.32,0.00,19.19,6.44,3.41,8.59,354.06,273.88
2025-04-09 06:15,-3.66,0.00,2.00,0.00,394.00,227.24,111.12,174.43,0.76,461.93,0.00,0.00,14.65,0.00,0.16,0.00,18.91,7.61,5.87,8.57,361.76,193.08
2025-04-09 06:20,-1.71,-33.73,0.00,0.00,399.00,232.61,163.45,174.00,54.21,454.30,0.00,0.00,14.60,1.01,0.00,0.00,19.15,7.79,8.63,8.55,358.71,230.00
2025-04-09 06:25,-4.93,-35.67,0.00,-0.10,397.00,227.91,235.21,173.71,15.57,433.62,0.00,0.00,14.55,1.16,0.00,0.00,19.05,7.63,12.86,8.54,390.36,212.60
2025-04-09 06:30,-4.88,-75.99,0.00,-0.10,397.00,227.91,215.28,174.03,8.04,421.62,0.00,0.00,14.50,2.46,0.00,0.00,19.05,7.63,11.47,8.55,389.59,178.21
2025-04-09 06:35,-4.79,-73.97,0.00,-0.10,396.00,227.91,223.07,172.43,17.44,416.30,0.00,0.00,14.52,2.40,0.00,0.00,19.00,7.63,11.97,8.47,390.13,170.44
2025-04-09 06:40,-2.67,-49.58,0.00,-0.10,398.00,190.33,224.08,175.37,31.45,407.44,0.00,0.00,14.53,1.60,0.00,0.00,19.10,6.37,12.02,8.62,388.65,183.48
2025-04-09 06:45,-4.91,-48.08,0.00,-0.10,394.00,226.57,221.42,172.96,23.11,413.04,0.00,0.00,14.55,1.55,0.00,0.00,18.91,7.59,11.88,8.50,389.00,173.99
2025-04-09 06:50,-4.84,-7.29,0.00,0.00,396.00,227.91,223.17,173.77,39.80,406.36,0.00,0.00,14.57,0.23,0.00,0.00,19.00,7.63,11.98,8.54,386.96,170.44
2025-04-09 06:55,-5.30,0.00,32.24,0.00,396.00,220.53,220.14,174.03,11.13,394.29,0.00,0.00,14.58,0.00,2.67,0.00,19.00,7.38,11.81,8.55,430.25,182.80
2025-04-09 07:00,-6.21,0.00,33.36,0.00,395.00,228.58,220.07,173.85,0.43,385.21,0.01,0.00,14.60,0.00,2.72,0.00,18.95,7.65,11.81,8.54,437.27,223.89
2025-04-09 07:05,-5.25,0.00,35.01,0.00,396.00,228.58,221.21,174.24,9.45,376.93,0.08,0.60,14.60,0.00,2.87,0.00,19.00,7.65,11.87,8.56,438.60,235.41
2025-04-09 07:10,-8.29,0.00,27.09,0.00,396.00,226.57,316.98,173.72,16.25,371.35,0.29,1.19,14.60,0.00,2.23,0.00,19.00,7.59,18.05,8.54,453.20,207.13
2025-04-09 07:15,-5.25,0.00,83.49,0.00,396.00,229.25,222.51,174.91,17.00,364.76,0.82,1.79,14.60,0.00,6.85,0.00,19.00,7.68,11.95,8.60,492.17,230.00
2025-04-09 07:20,-7.48,0.00,53.70,0.00,396.00,225.90,311.81,173.04,0.35,364.79,1.61,2.38,14.60,0.00,4.38,0.00,19.00,7.56,17.72,8.50,484.90,186.57
2025-04-09 07:25,-5.90,0.00,84.08,0.00,396.00,228.58,220.62,174.47,41.08,361.40,2.58,2.98,14.60,0.00,6.55,0.00,19.00,7.65,11.85,8.57,481.03,188.57
2025-04-09 07:30,-16.41,0.00,110.59,0.00,394.00,225.90,218.54,173.82,11.66,368.04,6.51,3.58,14.60,0.00,8.55,0.00,18.91,7.56,11.73,8.54,520.34,151.01
2025-04-09 07:35,-13.64,0.00,150.09,0.00,395.00,170.20,220.22,174.50,1.64,383.45,9.93,8.89,14.68,0.00,11.80,0.00,18.95,5.70,11.82,8.58,568.41,170.44
2025-04-09 07:40,-18.89,0.00,173.11,0.00,397.00,201.74,217.57,174.87,0.16,383.36,11.64,14.20,14.77,0.00,13.43,0.00,19.05,6.75,11.63,8.59,590.39,188.36
2025-04-09 07:45,-34.17,0.00,154.95,0.00,396.00,226.57,216.91,173.04,0.25,337.55,21.27,19.51,14.85,0.00,11.95,0.00,19.00,7.59,11.59,8.50,585.41,189.38
2025-04-09 07:50,-57.97,0.00,230.94,0.00,393.00,225.23,216.08,173.25,0.08,330.17,26.49,24.82,14.93,0.00,17.84,0.00,18.86,7.54,11.55,8.51,701.36,176.30
2025-04-09 07:55,-39.89,0.00,223.81,0.00,393.00,227.24,202.39,174.64,0.41,345.53,33.27,30.13,15.02,0.00,17.29,0.00,18.86,7.61,10.69,8.58,661.69,170.44
2025-04-09 08:00,-48.26,0.00,203.40,0.00,393.00,220.53,201.93,174.46,0.10,349.17,85.86,35.44,15.10,0.00,15.53,0.00,18.86,7.38,10.66,8.57,605.66,144.14
2025-04-09 08:05,-27.49,0.00,205.97,0.00,398.00,166.84,203.23,175.04,3.91,353.71,96.51,43.45,15.18,0.00,15.93,0.00,19.10,5.59,10.73,8.60,595.89,164.76
2025-04-09 08:10,-9.90,0.00,195.61,0.00,399.00,150.06,202.73,175.10,7.02,346.46,115.56,51.45,15.27,0.00,15.02,0.00,19.15,5.02,10.71,8.60,565.26,163.43
2025-04-09 08:15,-12.30,0.00,196.16,0.00,400.00,150.73,203.29,174.52,3.54,325.08,136.50,59.46,15.35,0.00,15.30,0.00,19.19,5.05,10.73,8.58,567.36,143.81
2025-04-09 08:20,-46.40,0.00,218.27,0.00,398.00,150.06,202.49,175.10,0.19,322.73,133.46,67.47,15.43,0.00,17.22,0.00,19.10,5.02,10.69,8.60,614.13,139.68
2025-04-09 08:25,-60.54,0.00,244.61,0.00,388.00,149.39,202.47,174.96,0.11,323.19,104.37,75.48,15.52,0.00,18.98,0.00,18.62,5.00,10.69,8.60,667.38,140.09
2025-04-09 08:30,-61.49,0.00,273.22,0.00,395.00,150.73,202.78,175.31,0.10,308.29,141.19,83.48,15.60,0.00,21.14,0.00,18.95,5.05,10.71,8.62,689.30,138.00
2025-04-09 08:35,-6.66,0.00,327.64,0.00,369.00,150.06,202.55,87.07,4.69,287.86,128.25,95.15,15.73,0.00,25.38,0.00,17.71,5.02,10.70,4.28,764.43,139.67
2025-04-09 08:40,-14.93,0.00,293.04,0.00,326.00,149.39,202.46,175.48,4.33,262.36,174.12,106.83,15.87,0.00,22.96,0.00,15.64,5.00,10.69,8.62,690.83,138.00
2025-04-09 08:45,-6.23,0.00,340.62,0.00,292.00,150.06,201.87,143.82,17.20,255.27,121.29,118.50,16.00,0.00,26.78,0.00,14.01,5.02,10.66,7.07,799.94,141.74
2025-04-09 08:50,-10.66,0.00,423.48,0.00,254.00,150.06,201.72,176.65,0.07,258.12,60.70,130.17,16.13,0.00,33.40,0.00,12.19,5.02,10.65,8.68,1052.64,145.19
2025-04-09 08:55,-37.20,0.00,464.92,0.00,208.00,149.39,200.37,173.82,0.00,252.68,67.67,141.84,16.27,0.00,35.98,0.00,9.98,5.00,10.58,8.54,1215.99,149.36
2025-04-09 09:00,-99.96,0.00,497.30,0.00,169.00,150.06,199.61,174.09,0.05,254.47,94.05,153.52,16.40,0.00,37.93,0.00,8.11,5.02,10.54,8.56,1408.95,128.44
2025-04-09 09:05,-34.97,0.00,507.14,0.00,125.00,101.07,200.25,78.78,0.50,247.78,202.58,160.10,16.50,0.00,38.79,0.00,6.00,3.38,10.57,3.87,1309.25,128.44
2025-04-09 09:10,-0.46,0.00,654.10,0.00,98.00,106.44,192.76,17.46,16.64,245.77,178.01,166.68,16.60,0.00,50.01,0.00,4.70,3.56,10.18,0.86,2265.28,148.47
2025-04-09 09:15,-28.81,0.00,729.65,0.00,79.00,148.72,198.80,9.19,0.91,238.69,70.10,173.26,16.70,0.00,56.56,0.00,3.79,4.98,10.66,0.45,5725.34,230.00
2025-04-09 09:20,-10.02,0.00,639.92,0.00,80.00,197.71,269.72,9.43,0.11,237.67,114.47,179.84,16.80,0.00,50.60,0.00,3.84,6.62,15.00,0.46,2091.72,286.89
2025-04-09 09:25,-25.39,0.00,542.01,-0.10,80.00,196.37,294.34,0.00,0.44,247.94,261.57,186.42,16.90,0.00,43.02,0.00,3.84,6.58,16.86,0.00,1205.76,39.32
2025-04-09 09:30,-8.06,0.00,537.95,-0.10,84.00,139.33,252.60,0.00,0.18,249.48,231.12,193.00,17.00,0.00,43.28,0.00,4.03,4.67,14.32,0.00,1317.99,125.00
2025-04-09 09:35,-0.04,0.00,513.46,0.00,86.00,88.99,269.40,0.00,13.21,243.91,268.78,197.07,17.07,0.00,41.31,0.00,4.13,2.98,15.32,0.00,1169.81,128.44
2025-04-09 09:40,-3.10,0.00,629.06,0.00,87.00,100.40,213.69,0.00,14.13,237.71,115.03,201.13,17.13,0.00,50.92,0.00,4.17,3.36,12.39,0.00,2523.31,286.89
2025-04-09 09:45,-7.48,0.00,532.35,0.00,78.00,156.10,324.34,0.00,21.66,224.29,88.67,205.20,17.20,0.00,43.43,0.00,3.74,5.23,19.34,0.00,1541.75,230.00
2025-04-09 09:50,-4.93,0.00,582.74,0.00,79.00,195.70,304.80,0.00,29.82,224.44,97.10,209.27,17.27,0.00,47.44,0.00,3.79,6.55,18.25,0.00,1651.47,228.44
2025-04-09 09:55,-0.18,0.00,542.51,0.00,80.00,166.17,241.96,0.00,128.35,223.42,175.23,213.34,17.33,0.00,44.11,0.00,3.84,5.56,14.19,0.00,1184.68,128.44
2025-04-09 10:00,-2.41,0.00,566.11,0.00,80.00,137.98,240.47,0.00,124.03,214.66,177.52,217.41,17.40,0.00,45.92,0.00,3.84,4.62,14.10,0.00,1317.85,128.44
2025-04-09 10:05,-6.37,0.00,525.68,0.00,82.00,137.98,243.61,0.00,123.96,211.32,273.45,229.87,17.42,0.00,42.53,0.00,3.93,4.62,14.29,0.00,1018.52,128.44
2025-04-09 10:10,0.00,0.00,510.14,0.00,87.00,101.07,249.68,0.00,128.76,214.07,171.47,242.33,17.43,0.00,41.10,0.00,4.17,3.38,14.64,0.00,1110.00,128.44
2025-04-09 10:15,-52.84,0.00,605.04,0.00,84.00,131.94,203.49,0.00,102.32,213.37,106.45,254.79,17.45,0.00,48.36,0.00,4.03,4.42,11.81,0.00,1877.80,228.44
2025-04-09 10:20,-16.00,0.00,562.60,0.00,80.00,179.59,198.43,0.00,99.77,186.21,113.83,267.26,17.47,0.00,44.51,0.00,3.84,6.01,11.52,0.00,1446.57,165.76
2025-04-09 10:25,0.00,0.00,535.70,0.00,86.00,150.06,205.97,0.00,155.01,175.42,135.48,279.72,17.48,0.00,42.41,0.00,4.13,5.02,11.95,0.00,1169.01,128.44
2025-04-09 10:30,0.00,0.00,660.93,0.00,83.00,114.50,202.86,0.00,150.47,171.50,109.23,292.18,17.50,0.00,52.20,0.00,3.98,3.83,11.78,0.00,1861.69,128.44
2025-04-09 10:35,-0.28,0.00,633.53,0.00,79.00,131.94,191.24,0.00,148.46,185.82,109.43,304.30,17.52,0.00,49.88,0.00,3.79,4.42,11.04,0.00,1606.56,124.00
2025-04-09 10:40,0.00,0.00,617.07,0.00,84.00,89.66,186.35,0.00,178.22,180.64,144.61,316.41,17.53,0.00,50.06,0.00,4.03,3.00,10.73,0.00,1446.02,230.00
2025-04-09 10:45,-0.10,0.00,638.09,0.00,81.00,148.05,237.60,0.00,10.77,180.22,157.04,328.52,17.55,0.00,51.73,0.00,3.89,4.96,13.89,0.00,1769.33,128.44
2025-04-09 10:50,-0.04,0.00,664.38,0.00,87.00,123.89,230.94,0.00,10.99,183.27,179.59,340.64,17.57,0.00,53.92,0.00,4.17,4.15,13.45,0.00,1846.51,148.47
2025-04-09 10:55,-14.80,0.00,660.51,0.00,85.00,148.72,227.80,0.00,3.21,172.80,235.96,352.75,17.58,0.00,53.29,0.00,4.08,4.98,13.27,0.00,1647.13,228.44
2025-04-09 11:00,-6.89,0.00,633.21,0.00,80.00,160.80,180.58,0.00,0.34,165.66,291.91,364.87,17.60,0.00,50.67,0.00,3.84,5.38,10.39,0.00,1396.30,42.42
2025-04-09 11:05,-9.50,0.00,638.80,0.00,81.00,105.10,184.29,0.00,0.06,166.61,334.80,375.68,17.60,0.00,51.45,0.00,3.89,3.52,10.60,0.00,1390.76,149.00
2025-04-09 11:10,-80.35,0.00,653.44,0.00,91.00,147.38,169.55,0.00,9.52,151.85,332.60,386.49,17.60,0.00,52.80,0.00,4.37,4.93,9.77,0.00,1555.14,128.44
2025-04-09 11:15,-4.44,0.00,709.35,0.00,86.00,138.65,115.90,0.00,5.74,139.93,215.44,397.31,17.60,0.00,57.33,0.00,4.13,4.64,6.92,0.00,2274.82,230.00
2025-04-09 11:20,-2.54,0.00,649.23,0.00,79.00,192.34,184.86,0.00,0.53,142.34,198.64,408.12,17.60,0.00,52.13,0.00,3.79,6.44,11.28,0.00,1595.06,230.00
2025-04-09 11:25,-0.01,0.00,632.20,0.00,80.00,197.71,195.82,0.00,0.81,143.34,213.67,418.93,17.60,0.00,50.70,0.00,3.84,6.62,11.96,0.00,1419.60,124.00
2025-04-09 11:30,0.00,0.00,647.42,0.00,85.00,141.34,101.09,0.00,140.84,148.61,208.04,429.75,17.60,0.00,51.97,0.00,4.08,4.73,6.14,0.00,1322.38,124.00
2025-04-09 11:35,-5.60,0.00,659.49,0.00,80.00,91.01,98.24,0.00,162.46,152.90,204.26,438.84,17.55,0.00,52.63,0.00,3.84,3.05,5.97,0.00,1396.69,230.00
2025-04-09 11:40,-0.60,0.00,646.42,0.00,83.00,154.76,95.94,0.00,83.77,146.06,196.62,447.94,17.50,0.00,51.41,0.00,3.98,5.18,5.84,0.00,1420.62,228.44
2025-04-09 11:45,-0.29,0.00,657.25,0.00,79.00,184.96,93.07,0.00,39.48,140.30,203.97,457.03,17.45,0.00,52.08,0.00,3.79,6.19,5.67,0.00,1504.38,230.00
2025-04-09 11:50,-2.54,0.00,687.27,0.00,80.00,194.36,92.24,0.00,0.58,132.84,215.74,466.12,17.40,0.00,54.54,0.00,3.84,6.51,5.62,0.00,1719.54,228.44
2025-04-09 11:55,-1.93,0.00,693.79,0.00,80.00,186.97,76.36,0.00,19.66,129.59,214.91,475.22,17.35,0.00,55.12,0.00,3.84,6.26,4.64,0.00,1721.30,124.00
2025-04-09 12:00,-0.06,0.00,685.24,0.00,80.00,127.92,75.91,0.00,117.14,126.26,217.38,484.31,17.30,0.00,54.67,0.00,3.84,4.28,4.61,0.00,1487.90,230.00
2025-04-09 12:05,-0.57,0.00,656.42,0.00,79.00,179.59,145.00,0.00,6.08,126.40,221.92,490.67,17.28,0.00,52.30,0.00,3.79,6.01,8.85,0.00,1439.18,124.00
2025-04-09 12:10,-2.33,0.00,663.16,0.00,79.00,128.59,91.01,0.00,61.42,118.32,234.09,497.03,17.27,0.00,52.89,0.00,3.79,4.31,5.55,0.00,1467.82,128.44
2025-04-09 12:15,-0.19,0.00,685.80,0.00,80.00,121.88,90.50,0.00,26.73,127.74,227.48,503.40,17.25,0.00,54.87,0.00,3.84,4.08,5.52,0.00,1667.12,228.44
2025-04-09 12:20,0.00,0.00,655.68,0.00,85.00,180.26,94.75,0.00,5.26,133.41,213.96,509.76,17.23,0.00,52.64,0.00,4.08,6.04,5.78,0.00,1451.26,124.00
2025-04-09 12:25,0.00,0.00,628.20,0.00,84.00,131.27,93.88,0.00,75.38,131.52,269.20,516.12,17.22,0.00,50.79,0.00,4.03,4.40,5.73,0.00,1157.72,128.44
2025-04-09 12:30,-21.13,0.00,634.46,0.00,80.00,118.52,88.84,0.00,4.04,131.64,317.92,522.48,17.20,0.00,51.28,0.00,3.84,3.97,5.42,0.00,1273.54,100.01
2025-04-09 12:35,-23.95,0.00,638.09,0.00,80.00,89.66,49.67,0.00,0.19,127.80,350.69,532.55,17.35,0.00,51.59,0.00,3.84,3.00,3.02,0.00,1297.02,99.45
2025-04-09 12:40,-78.24,0.00,691.38,0.00,90.00,91.01,54.36,0.00,1.05,121.98,294.58,542.61,17.50,0.00,55.75,0.00,4.32,3.05,3.30,0.00,1870.95,128.44
2025-04-09 12:45,-18.79,0.00,636.21,0.00,79.00,113.15,48.12,0.00,0.16,117.84,321.70,552.68,17.65,0.00,51.06,0.00,3.79,3.79,2.92,0.00,1278.91,128.44
2025-04-09 12:50,-2.25,0.00,667.06,0.00,85.00,92.35,51.12,0.00,3.36,111.31,309.43,562.74,17.80,0.00,53.83,0.00,4.08,3.09,3.10,0.00,1408.83,99.45
2025-04-09 12:55,-16.31,0.00,705.06,0.00,87.00,90.34,51.92,0.00,2.77,101.96,248.90,572.81,17.95,0.00,56.98,0.00,4.17,3.02,3.15,0.00,1860.26,230.00
2025-04-09 13:00,-0.02,0.00,659.32,0.00,85.00,144.69,60.99,0.00,4.34,84.04,231.26,582.87,18.10,0.00,53.41,0.00,4.08,4.84,3.71,0.00,1484.47,228.44
2025-04-09 13:05,-2.04,0.00,640.15,0.00,80.00,163.49,57.56,0.00,0.83,78.02,247.10,572.58,18.23,0.00,51.81,0.00,3.84,5.47,3.50,0.00,1391.41,128.44
2025-04-09 13:10,-13.21,0.00,662.08,0.00,84.00,115.84,60.87,0.00,2.85,72.78,263.61,562.28,18.37,0.00,53.98,0.00,4.03,3.88,3.70,0.00,1616.46,128.44
2025-04-09 13:15,-19.82,0.00,669.61,0.00,80.00,135.30,59.42,0.00,0.18,67.67,274.67,551.98,18.50,0.00,54.73,0.00,3.84,4.53,3.62,0.00,1668.55,228.44
2025-04-09 13:20,-2.78,0.00,656.09,0.00,81.00,165.50,54.43,0.00,0.22,64.94,247.25,541.68,18.63,0.00,53.40,0.00,3.89,5.54,3.31,0.00,1599.61,124.00
2025-04-09 13:25,-0.01,0.00,664.93,0.00,83.00,110.47,56.97,0.00,86.15,61.44,233.02,531.38,18.77,0.00,53.59,0.00,3.98,3.70,3.47,0.00,1561.63,230.00
2025-04-09 13:30,-0.04,0.00,681.43,0.00,86.00,168.85,95.23,0.00,10.18,58.81,231.62,521.09,18.90,0.00,55.87,0.00,4.13,5.65,5.81,0.00,1748.98,124.00
2025-04-09 13:35,-4.93,0.00,676.57,0.00,86.00,121.21,64.61,0.00,127.14,54.45,228.25,516.47,18.98,0.00,56.06,0.00,4.13,4.06,3.93,0.00,1583.59,230.00
2025-04-09 13:40,-0.23,0.00,679.02,0.00,81.00,170.20,62.49,0.00,44.29,45.45,259.92,511.85,19.07,0.00,55.97,0.00,3.89,5.70,3.81,0.00,1678.32,230.00
2025-04-09 13:45,-0.03,0.00,685.30,0.00,84.00,199.73,64.22,0.00,9.67,40.43,252.95,507.23,19.15,0.00,56.53,0.00,4.03,6.69,3.91,0.00,1805.72,124.00
2025-04-09 13:50,-76.97,0.00,698.68,0.00,125.00,146.04,53.46,0.00,138.73,38.42,199.15,502.61,19.23,0.00,57.49,0.00,6.00,4.89,3.26,0.00,2009.59,138.04
2025-04-09 13:55,-81.59,0.00,653.45,0.00,138.00,149.39,47.25,0.00,208.24,43.52,194.81,497.99,19.32,0.00,53.49,0.00,6.62,5.00,2.88,0.00,1499.30,230.00
2025-04-09 14:00,-22.72,0.00,653.31,0.00,175.00,199.73,86.63,0.00,15.44,47.13,195.42,493.38,19.40,0.00,53.77,0.00,8.40,6.69,5.29,0.00,1657.96,228.44
2025-04-09 14:05,-1.55,0.00,649.08,0.00,211.00,151.41,51.36,0.00,10.78,49.70,241.43,486.19,19.52,0.00,53.68,0.00,10.12,5.07,3.13,0.00,1567.39,175.05
2025-04-09 14:10,-36.28,0.00,668.28,0.00,241.00,150.06,55.02,0.00,4.84,52.69,213.64,479.00,19.63,0.00,55.42,0.00,11.56,5.02,3.35,0.00,1839.02,228.44
2025-04-09 14:15,0.00,0.00,645.39,0.00,239.00,154.76,51.70,0.00,27.69,46.21,186.39,471.81,19.75,0.00,53.59,0.00,11.47,5.18,3.15,0.00,1654.77,128.44
2025-04-09 14:20,-76.11,0.00,667.53,0.00,185.00,117.85,47.66,0.00,193.70,42.58,175.73,464.62,19.87,0.00,55.03,0.00,8.88,3.95,2.90,0.00,1756.14,230.00
2025-04-09 14:25,-8.81,0.00,622.39,0.00,218.00,174.89,93.91,0.00,10.10,46.13,209.83,457.43,19.98,0.00,51.54,0.00,10.46,5.86,5.74,0.00,1525.05,125.00
2025-04-09 14:30,-88.36,0.00,616.65,0.00,175.00,123.22,48.83,0.00,188.22,48.02,265.75,450.24,20.10,0.00,50.69,0.00,8.40,4.13,2.97,0.00,1336.55,175.05
2025-04-09 14:35,-61.37,0.00,707.22,0.00,197.00,149.39,54.08,0.00,10.46,47.31,180.82,450.93,20.23,0.00,58.64,0.00,9.45,5.00,3.29,0.00,2852.23,228.44
2025-04-09 14:40,-0.09,0.00,631.39,0.00,233.00,182.28,51.36,0.00,2.28,42.56,161.97,451.63,20.37,0.00,52.55,0.00,11.18,6.10,3.13,0.00,1773.77,228.44
2025-04-09 14:45,-0.49,0.00,632.38,0.00,236.00,173.55,70.88,0.00,0.11,42.28,153.02,452.32,20.50,0.00,53.04,0.00,11.32,5.81,4.52,0.00,1809.67,124.00
2025-04-09 14:50,-62.14,0.00,664.96,0.00,216.00,111.81,126.36,0.00,113.42,42.87,154.70,453.02,20.63,0.00,56.04,0.00,10.36,3.74,7.97,0.00,1908.86,228.44
2025-04-09 14:55,-0.40,0.00,647.35,0.00,235.00,160.80,132.88,0.00,28.97,38.80,135.91,453.71,20.77,0.00,55.16,0.00,11.28,5.38,8.36,0.00,1787.35,228.44
2025-04-09 15:00,0.00,0.00,625.64,0.00,249.00,188.99,137.81,0.00,23.02,44.14,136.12,454.40,20.90,0.00,53.42,0.00,11.95,6.33,8.66,0.00,1586.36,125.00
2025-04-09 15:05,-73.91,0.00,622.20,0.00,210.00,136.64,133.25,0.00,220.28,40.35,136.50,455.90,20.93,0.00,53.15,0.00,10.08,4.58,8.38,0.00,1435.52,228.44
2025-04-09 15:10,-33.79,0.00,637.27,0.00,229.00,190.74,131.31,0.00,9.05,37.62,123.35,457.40,20.97,0.00,54.44,0.00,10.99,6.40,8.25,0.00,1893.83,228.44
2025-04-09 15:15,-11.56,0.00,628.48,0.00,242.00,172.60,133.68,0.00,0.15,36.70,119.31,458.90,21.00,0.00,53.88,0.00,11.61,5.80,8.41,0.00,1827.50,125.00
2025-04-09 15:20,-64.80,0.00,596.29,0.00,210.00,115.68,135.49,0.00,200.29,36.50,121.17,460.40,21.03,0.00,51.92,0.00,10.08,3.89,8.52,0.00,1443.68,145.45
2025-04-09 15:25,-60.57,0.00,534.76,0.00,234.00,162.89,138.83,0.00,201.38,37.67,122.92,461.90,21.07,0.00,46.44,0.00,11.23,5.47,8.72,0.00,1128.36,230.00
2025-04-09 15:30,-24.62,0.00,494.72,0.00,242.00,212.44,187.08,0.00,9.89,35.55,121.99,463.40,21.10,0.00,43.13,0.00,11.61,7.13,11.68,0.00,1172.03,128.44
2025-04-09 15:35,-81.17,0.00,500.02,0.01,207.00,159.67,142.13,0.00,186.52,35.49,121.74,482.56,21.35,0.00,43.58,0.00,9.93,5.36,8.93,0.00,1079.23,124.00
2025-04-09 15:40,-71.86,0.00,548.02,0.00,176.00,106.51,145.67,0.00,159.83,37.22,122.47,501.72,21.60,0.00,46.64,0.00,8.45,3.58,9.14,0.00,1292.67,175.05
2025-04-09 15:45,-55.54,0.00,556.44,0.00,192.00,158.18,126.73,0.00,9.09,33.82,130.38,520.88,21.85,0.00,46.93,0.00,9.21,5.31,7.98,0.00,1490.44,147.24
2025-04-09 15:50,-56.75,0.00,576.66,0.00,234.00,165.44,98.45,0.00,85.03,40.55,144.23,540.03,22.10,0.00,48.85,0.00,11.23,5.56,6.28,0.00,1279.72,174.66
2025-04-09 15:55,-71.79,0.00,603.58,0.00,264.00,164.94,94.39,0.00,9.25,36.53,132.37,559.19,22.35,0.00,51.88,0.00,12.67,5.54,6.03,0.00,1560.46,230.00
2025-04-09 16:00,-121.93,0.00,574.98,0.01,258.00,210.46,101.33,0.00,0.64,32.89,125.89,578.35,22.60,0.00,50.17,0.00,12.38,7.06,6.45,0.00,1494.92,198.19
2025-04-09 16:05,-148.20,0.00,526.72,0.01,261.00,165.94,93.85,0.00,139.23,27.22,117.04,583.61,22.70,0.00,46.63,0.00,12.52,5.57,5.99,0.00,1190.27,138.04
2025-04-09 16:10,-135.78,0.00,408.91,0.01,255.00,166.33,94.86,134.43,30.39,27.13,113.14,588.86,22.80,0.00,33.55,0.00,12.24,5.59,6.06,6.61,887.89,147.47
2025-04-09 16:15,-146.08,0.00,383.16,0.01,285.00,166.56,129.75,173.17,4.11,28.43,114.17,594.12,22.90,0.00,31.80,0.00,13.68,5.59,7.75,8.51,836.41,148.17
2025-04-09 16:20,-158.13,0.00,379.01,0.01,315.00,171.22,129.06,173.42,0.70,23.84,114.59,599.37,23.00,0.00,31.69,0.00,15.11,5.76,7.70,8.52,833.61,151.87
2025-04-09 16:25,-156.95,0.00,367.34,0.01,358.00,178.20,127.61,173.16,0.23,22.85,113.26,604.63,23.10,0.00,30.82,0.00,17.18,6.00,7.60,8.51,798.38,229.93
2025-04-09 16:30,-144.02,0.00,264.26,0.01,396.00,249.20,129.47,173.91,4.26,30.07,106.22,609.88,23.20,0.00,21.88,0.00,19.00,8.38,7.71,8.55,609.20,236.39
2025-04-09 16:35,-146.39,0.00,212.72,0.01,396.00,272.44,201.28,175.78,6.03,28.00,101.74,591.42,23.23,0.00,17.28,0.00,19.00,9.17,12.01,8.64,561.12,290.82
2025-04-09 16:40,-154.83,0.00,213.80,0.01,391.00,273.23,174.71,171.86,27.80,19.99,101.76,572.96,23.27,0.00,18.87,0.00,18.76,9.20,10.40,8.45,577.53,193.56
2025-04-09 16:45,-146.22,0.00,221.85,0.01,399.00,284.94,127.85,173.78,38.92,21.83,96.39,554.50,23.30,0.00,18.62,0.00,19.15,9.60,7.63,8.54,573.62,230.00
2025-04-09 16:50,-138.93,0.00,131.39,0.01,399.00,289.52,155.59,175.01,24.90,24.05,98.98,536.03,23.33,0.00,10.90,0.00,19.15,9.76,9.49,8.60,484.86,282.32
2025-04-09 16:55,-149.98,0.00,94.70,0.01,394.00,294.13,216.31,171.80,62.87,31.17,92.81,517.57,23.37,0.00,7.96,0.00,18.91,9.92,13.22,8.44,456.63,194.49
2025-04-09 17:00,-147.55,0.00,137.09,0.01,399.00,304.75,179.89,174.93,43.02,35.80,100.45,499.11,23.40,0.00,11.70,0.00,19.15,10.28,10.43,8.60,497.08,241.79
2025-04-09 17:05,-166.56,0.00,81.61,0.01,397.00,308.35,327.04,174.81,30.77,36.18,131.87,467.01,23.35,0.00,6.82,0.00,19.05,10.41,19.08,8.59,472.28,61.47
2025-04-09 17:10,-31.05,0.00,141.63,0.01,363.00,265.57,213.26,80.95,1.29,36.16,173.42,434.90,23.30,0.00,12.89,0.00,17.42,8.99,11.85,3.98,473.95,124.34
2025-04-09 17:15,-43.41,0.00,191.02,0.00,334.00,209.79,260.70,82.29,20.84,36.33,127.67,402.80,23.25,0.00,16.16,0.00,16.03,7.13,14.18,4.04,556.75,138.04
2025-04-09 17:20,-35.76,0.00,165.21,0.01,316.00,252.35,262.04,173.07,6.14,41.39,114.36,370.69,23.20,0.00,14.04,0.00,15.16,8.56,14.23,8.50,543.83,170.44
2025-04-09 17:25,-1.92,0.00,100.92,0.01,357.00,271.87,266.11,175.28,47.51,46.53,113.25,338.59,23.15,0.00,8.57,0.00,17.13,9.22,14.48,8.61,460.06,229.00
2025-04-09 17:30,-0.35,0.00,135.85,0.01,391.00,333.65,266.32,175.04,42.21,50.37,129.90,306.49,23.10,0.00,11.58,0.00,18.76,11.30,14.60,8.60,499.22,237.17
2025-04-09 17:35,0.00,0.00,79.88,0.01,397.00,369.88,357.91,174.38,49.63,53.85,99.67,277.40,22.97,0.00,6.78,0.00,19.05,12.53,20.26,8.57,474.33,286.89
2025-04-09 17:40,0.00,0.00,89.41,0.01,395.00,373.49,380.18,172.58,65.66,61.44,83.60,248.32,22.83,0.00,7.42,0.00,18.95,12.66,21.61,8.48,490.63,249.70
2025-04-09 17:45,0.00,0.00,115.93,0.01,397.00,374.29,354.20,172.61,49.04,63.31,74.08,219.24,22.70,0.00,9.27,0.00,19.05,12.69,20.04,8.48,525.48,379.98
2025-04-09 17:50,-198.84,0.00,108.93,8.01,397.00,375.90,445.39,174.40,80.68,67.71,78.24,190.16,22.57,0.00,8.36,0.44,19.05,12.74,25.76,8.57,595.52,327.69
2025-04-09 17:55,-9.77,0.00,7.95,-0.29,396.00,385.91,508.77,172.52,42.66,74.54,75.62,161.08,22.43,0.00,0.62,0.00,19.00,13.09,29.61,8.48,472.23,287.68
2025-04-09 18:00,0.00,0.00,28.21,-0.29,396.00,402.84,503.80,173.45,87.28,65.07,56.10,132.00,22.30,0.00,2.24,0.00,19.00,13.67,29.29,8.52,488.10,341.32
2025-04-09 18:05,0.00,-9.13,0.00,-0.29,398.00,404.44,598.28,173.28,46.49,76.90,43.12,112.22,22.00,0.40,0.00,0.00,19.10,13.73,35.37,8.52,496.79,278.24
2025-04-09 18:10,0.00,-39.85,0.00,-0.29,395.00,401.92,510.24,172.78,107.07,98.40,22.93,92.45,21.70,1.66,0.00,0.00,18.95,13.64,30.03,8.49,473.40,286.89
2025-04-09 18:15,0.00,-40.98,0.00,0.01,399.00,407.07,462.44,174.33,158.32,109.27,15.70,72.67,21.40,1.63,0.00,0.00,19.15,13.81,27.10,8.57,457.36,851.17
2025-04-09 18:20,0.00,-105.56,0.00,49.53,398.00,404.75,547.32,174.62,157.47,90.36,8.39,52.90,21.10,4.41,0.00,2.73,19.10,13.74,32.28,8.58,486.13,407.99
2025-04-09 18:25,0.00,-82.87,0.00,49.65,395.00,404.74,600.81,173.14,76.25,103.55,3.40,33.12,20.80,3.65,0.00,2.74,18.95,13.74,35.53,8.51,517.92,896.82
2025-04-09 18:30,-8.26,-49.16,0.00,48.95,396.00,401.48,599.27,172.78,21.15,110.43,2.37,13.35,20.50,2.22,0.00,2.70,19.00,13.63,35.44,8.49,541.13,300.00
2025-04-09 18:35,0.00,-59.56,0.00,-0.47,396.00,408.99,588.04,173.62,100.08,118.38,0.61,11.13,20.38,2.54,0.00,0.01,19.00,13.88,34.74,8.53,508.63,263.52
2025-04-09 18:40,-2.10,-47.03,0.00,-0.59,394.00,407.63,579.14,173.72,47.52,130.25,0.47,8.92,20.27,2.05,0.00,0.00,18.91,13.83,34.21,8.54,520.85,243.08
2025-04-09 18:45,-0.01,-23.92,0.00,-0.59,397.00,410.93,522.14,173.45,19.15,153.03,0.01,6.71,20.15,1.03,0.00,0.00,19.05,13.95,30.72,8.52,515.44,251.98
2025-04-09 18:50,0.00,0.00,63.08,-0.59,398.00,411.28,462.98,173.68,36.09,166.76,0.01,4.49,20.03,0.00,4.96,0.00,19.10,13.96,27.13,8.53,556.19,244.20
2025-04-09 18:55,0.00,0.00,63.40,-0.59,398.00,409.65,460.57,173.66,58.16,172.55,0.01,2.28,19.92,0.00,5.01,0.00,19.10,13.90,26.98,8.53,547.70,246.32
2025-04-09 19:00,0.00,0.00,70.23,0.01,399.00,409.88,454.56,173.54,56.33,171.50,0.00,0.06,19.80,0.00,5.54,0.00,19.15,13.91,26.61,8.53,554.91,286.89
2025-04-09 19:05,0.00,0.00,90.52,0.01,398.00,406.50,462.31,172.95,24.90,164.68,0.00,0.05,19.77,0.00,7.09,0.00,19.10,13.80,27.09,8.50,589.34,184.52
2025-04-09 19:10,-1.11,0.00,225.63,0.01,397.00,406.69,266.37,174.75,76.23,161.62,0.00,0.04,19.73,0.00,18.02,0.00,19.05,13.80,14.55,8.59,707.06,193.84
2025-04-09 19:15,-4.96,0.00,209.70,0.01,395.00,405.03,265.71,172.21,100.42,156.25,0.00,0.03,19.70,0.00,16.75,0.00,18.95,13.75,14.50,8.46,678.97,230.00
2025-04-09 19:20,0.00,0.00,125.80,0.01,396.00,405.05,393.87,174.72,108.87,165.66,0.00,0.02,19.67,0.00,10.24,0.00,19.00,13.75,22.92,8.59,588.79,270.00
2025-04-09 19:25,-0.10,0.00,105.89,0.01,398.00,406.62,412.45,174.38,110.63,166.73,0.00,0.01,19.63,0.00,8.44,0.00,19.10,13.80,24.03,8.57,567.77,231.35
2025-04-09 19:30,0.00,0.00,59.58,0.01,398.00,410.03,403.38,175.20,122.54,170.41,0.00,0.00,19.60,0.00,4.83,0.00,19.10,13.92,23.48,8.61,517.98,242.30
2025-04-09 19:35,0.00,0.00,44.91,0.01,399.00,410.42,402.47,175.40,162.16,174.03,0.00,0.00,19.38,0.00,3.63,0.00,19.15,13.93,23.42,8.62,491.43,292.86
2025-04-09 19:40,0.00,0.00,22.29,0.01,400.00,407.91,426.86,174.94,143.51,188.04,0.00,0.00,19.17,0.00,1.79,0.00,19.19,13.85,24.91,8.60,477.05,262.79
2025-04-09 19:45,0.00,0.00,23.03,0.01,398.00,407.03,403.60,174.93,144.68,201.50,0.00,0.00,18.95,0.00,1.94,0.00,19.10,13.82,23.48,8.60,470.63,270.00
2025-04-09 19:50,0.00,-18.75,0.00,0.01,398.00,409.20,403.64,173.72,131.10,211.76,0.00,0.00,18.73,0.71,0.00,0.00,19.10,13.89,23.50,8.54,451.73,229.00
2025-04-09 19:55,-0.02,-6.45,0.00,0.01,398.00,408.61,363.91,175.34,139.95,219.78,0.00,0.00,18.52,0.24,0.00,0.00,19.10,13.87,21.02,8.62,440.50,229.00
2025-04-09 20:00,0.00,0.00,7.07,0.01,396.00,408.36,337.50,172.23,122.51,234.61,0.00,0.00,18.30,0.00,0.58,0.00,19.00,13.86,19.28,8.46,441.24,229.00
2025-04-09 20:05,-0.18,-22.29,0.00,0.01,399.00,411.52,311.62,174.62,171.12,249.40,0.00,0.00,18.27,0.77,0.00,0.00,19.15,13.97,17.53,8.58,413.91,255.03
2025-04-09 20:10,-0.05,-65.51,0.00,0.01,397.00,411.61,402.84,174.72,117.28,277.07,0.00,0.00,18.23,2.39,0.00,0.00,19.05,13.97,23.44,8.59,438.39,283.93
2025-04-09 20:15,-0.13,-67.90,0.00,0.01,397.00,408.47,430.48,173.83,44.23,310.40,0.00,0.00,18.20,2.56,0.00,0.00,19.05,13.87,25.18,8.54,453.26,230.93
2025-04-09 20:20,-0.05,-84.55,0.00,0.01,399.00,412.47,371.65,175.65,94.39,343.19,0.00,0.00,18.17,2.97,0.00,0.00,19.15,14.00,21.37,8.63,421.84,240.46
2025-04-09 20:25,-0.06,-66.48,0.00,0.00,397.00,408.16,337.79,173.17,58.33,379.24,0.00,0.00,18.13,2.30,0.00,0.00,19.05,13.86,19.17,8.51,414.56,238.48
2025-04-09 20:30,0.00,-112.14,0.00,0.00,398.00,412.03,289.48,175.30,61.55,418.76,0.00,0.00,18.10,3.68,0.00,0.00,19.10,13.99,15.91,8.61,393.88,234.74
2025-04-09 20:35,-0.03,-108.60,0.00,0.00,395.00,407.81,279.80,173.08,43.90,449.59,0.00,0.00,17.95,3.51,0.00,0.00,18.95,13.84,15.30,8.51,388.29,227.03
2025-04-09 20:40,-2.50,-95.44,0.00,0.00,394.00,407.97,243.91,171.69,26.48,467.18,0.00,0.00,17.80,3.03,0.00,0.00,18.91,13.85,13.14,8.44,381.62,167.78
2025-04-09 20:45,-0.04,-88.67,0.00,0.00,397.00,359.21,231.80,174.46,44.60,476.03,0.00,0.00,17.65,2.76,0.00,0.00,19.05,12.22,12.50,8.57,373.21,170.44
2025-04-09 20:50,-0.06,-77.32,0.00,0.00,397.00,368.52,200.52,173.33,38.02,503.26,0.00,0.00,17.50,2.33,0.00,0.00,19.05,12.53,10.59,8.52,361.90,167.78
2025-04-09 20:55,-0.87,-61.97,0.00,0.00,395.00,330.65,199.84,173.16,30.25,525.23,0.00,0.00,17.35,1.85,0.00,0.00,18.95,11.26,10.55,8.51,357.68,148.47
2025-04-09 21:00,-10.90,-81.81,0.00,0.00,391.00,330.45,200.24,174.55,39.19,550.73,0.00,0.00,17.20,2.39,0.00,0.00,18.76,11.25,10.57,8.58,352.30,149.12
2025-04-09 21:05,-13.12,-78.34,0.00,0.00,391.00,329.13,199.47,172.93,29.92,562.78,0.00,0.00,17.20,2.28,0.00,0.00,18.76,11.21,10.53,8.50,351.80,153.14
2025-04-09 21:10,-0.02,-77.62,0.00,0.00,397.00,329.45,191.92,175.48,11.23,543.12,0.00,0.00,17.20,2.31,0.00,0.00,19.05,11.22,10.13,8.62,356.96,169.34
2025-04-09 21:15,-2.68,-79.92,0.00,0.00,395.00,330.18,176.63,171.04,1.78,568.54,0.00,0.00,17.20,2.33,0.00,0.00,18.95,11.25,9.33,8.41,350.64,141.48
2025-04-09 21:20,-11.71,-96.10,0.00,0.00,367.00,331.35,176.55,173.28,0.06,640.15,0.00,0.00,17.20,2.66,0.00,0.00,17.61,11.29,9.32,8.52,334.61,138.04
2025-04-09 21:25,-17.71,-116.77,0.00,0.00,345.00,330.35,179.04,174.84,6.53,678.57,0.00,0.00,17.20,3.12,0.00,0.00,16.55,11.25,9.45,8.59,324.55,139.56
2025-04-09 21:30,-30.00,-162.97,0.00,0.00,372.00,331.05,177.30,174.69,3.87,699.60,0.00,0.00,17.20,4.36,0.00,0.00,17.85,11.27,9.36,8.58,327.37,140.01
2025-04-09 21:35,-41.32,-184.05,0.00,0.00,381.00,330.80,178.31,173.08,0.98,706.50,0.00,0.00,17.33,4.93,0.00,0.00,18.28,11.27,9.42,8.51,330.31,142.66
2025-04-09 21:40,-48.95,-157.77,0.00,0.00,387.00,308.19,177.87,173.91,0.14,705.63,0.00,0.00,17.47,4.23,0.00,0.00,18.57,10.49,9.39,8.55,331.94,139.56
2025-04-09 21:45,-35.52,-158.70,0.00,0.00,383.00,294.07,178.44,174.30,0.20,718.43,0.00,0.00,17.60,4.21,0.00,0.00,18.38,10.00,9.42,8.57,325.48,138.60
2025-04-09 21:50,-18.30,-190.75,0.00,0.00,378.00,291.18,178.88,172.88,0.38,729.43,0.00,0.00,17.73,5.01,0.00,0.00,18.14,9.90,9.45,8.50,318.88,138.04
2025-04-09 21:55,-18.10,-181.15,0.00,0.00,342.00,289.52,179.89,173.53,0.04,737.15,0.00,0.00,17.87,4.66,0.00,0.00,16.41,9.84,9.50,8.53,312.20,138.00
2025-04-09 22:00,-20.33,-154.28,0.00,0.00,305.00,290.17,177.46,135.97,0.05,743.98,0.00,0.00,18.00,3.79,0.00,0.00,14.63,9.86,9.37,6.68,298.50,128.44
2025-04-09 22:05,-11.02,-107.08,0.00,0.00,262.00,241.81,178.93,79.93,0.04,764.63,0.00,0.00,17.98,2.40,0.00,0.00,12.57,8.24,9.45,3.93,270.74,138.00
2025-04-09 22:10,-3.95,-59.49,0.00,0.00,235.00,272.82,137.92,134.91,1.06,769.16,0.00,0.00,17.97,1.32,0.00,0.00,11.28,9.27,7.28,6.63,267.33,143.43
2025-04-09 22:15,0.00,-37.63,0.00,0.00,264.00,191.21,99.89,172.88,4.38,774.73,0.00,0.00,17.95,0.82,0.00,0.00,12.67,6.45,5.28,8.50,261.87,146.01
2025-04-09 22:20,-1.33,-29.24,0.00,0.00,302.00,148.05,56.31,173.83,0.43,791.15,0.00,0.00,17.93,0.62,0.00,0.00,14.49,4.96,2.97,8.54,252.70,143.27
2025-04-09 22:25,-0.81,-56.25,0.00,0.00,342.00,148.72,56.21,175.28,0.70,812.88,0.00,0.00,17.92,1.21,0.00,0.00,16.41,4.98,2.97,8.61,257.77,141.17
2025-04-09 22:30,-0.31,-98.28,0.00,0.00,373.00,148.72,56.21,173.49,0.63,836.64,0.00,0.00,17.90,2.13,0.00,0.00,17.90,4.98,2.97,8.53,259.68,138.00
2025-04-09 22:35,-0.01,-90.12,0.00,0.00,352.00,148.05,56.21,153.90,3.44,849.88,0.00,0.00,18.03,1.87,0.00,0.00,16.89,4.96,2.97,7.56,248.52,138.43
2025-04-09 22:40,-0.06,-99.68,0.00,0.00,371.00,146.71,12.61,173.39,1.95,880.59,0.00,0.00,18.17,2.00,0.00,0.00,17.80,4.91,0.67,8.52,241.35,138.50
2025-04-09 22:45,0.00,-127.11,0.00,0.00,392.00,148.05,0.11,174.53,2.24,913.99,0.00,0.00,18.30,2.52,0.00,0.00,18.81,4.96,0.01,8.58,238.03,138.00
2025-04-09 22:50,-0.03,-189.57,0.00,0.00,372.00,146.04,0.11,161.56,10.47,931.82,0.00,0.00,18.43,3.59,0.00,0.00,17.85,4.89,0.01,7.94,227.03,138.04
2025-04-09 22:55,-3.66,-184.59,0.00,0.00,346.00,148.05,0.11,173.28,0.63,944.21,0.00,0.00,18.57,3.44,0.00,0.00,16.60,4.96,0.01,8.52,224.47,130.31
2025-04-09 23:00,-1.72,-142.25,0.00,0.00,315.00,148.05,0.11,82.40,0.48,967.87,0.00,0.00,18.70,2.27,0.00,0.00,15.11,4.96,0.01,4.05,191.49,130.25
2025-04-09 23:05,-0.81,-116.42,0.00,0.00,269.00,147.38,0.11,80.64,0.49,975.94,0.00,0.00,18.73,1.72,0.00,0.00,12.91,4.93,0.01,3.96,177.73,134.16
2025-04-09 23:10,0.00,-56.00,0.00,0.00,239.00,148.05,0.11,82.66,6.80,992.46,0.00,0.00,18.77,0.78,0.00,0.00,11.47,4.96,0.01,4.06,167.41,138.00
2025-04-09 23:15,-0.78,-59.88,0.00,0.00,214.00,148.05,0.11,104.91,1.49,1010.85,0.00,0.00,18.80,0.83,0.00,0.00,10.27,4.96,0.01,5.16,165.47,138.00
2025-04-09 23:20,-0.01,-50.23,0.00,0.00,176.00,149.39,0.11,106.00,1.43,1014.26,0.00,0.00,18.83,0.65,0.00,0.00,8.45,5.00,0.01,5.21,154.75,138.00
2025-04-09 23:25,-0.04,-41.73,0.00,0.00,138.00,149.39,0.11,95.83,0.92,1026.74,0.00,0.00,18.87,0.48,0.00,0.00,6.62,5.00,0.01,4.71,138.97,137.27
2025-04-09 23:30,-0.46,-40.47,0.00,0.00,133.00,148.72,0.11,81.74,3.15,1046.03,0.00,0.00,18.90,0.44,0.00,0.00,6.38,4.98,0.01,4.02,130.73,132.86
2025-04-09 23:35,-0.12,-27.55,0.00,0.00,128.00,148.72,0.11,80.29,0.53,1046.16,0.00,0.00,18.75,0.30,0.00,0.00,6.14,4.98,0.01,3.95,128.87,137.97
2025-04-09 23:40,-0.06,-4.38,0.00,0.00,128.00,148.05,0.11,80.48,4.58,1038.19,0.00,0.00,18.60,0.05,0.00,0.00,6.14,4.96,0.01,3.95,129.15,138.00
2025-04-09 23:45,0.00,-12.17,0.00,0.00,141.00,148.05,0.11,101.27,2.46,1017.95,0.00,0.00,18.45,0.14,0.00,0.00,6.77,4.96,0.01,4.98,142.10,137.48
2025-04-09 23:50,-2.89,0.00,19.90,0.00,136.00,148.72,0.11,79.84,0.61,1028.42,0.00,0.00,18.30,0.00,1.65,0.00,6.53,4.98,0.01,3.92,149.57,134.00
2025-04-09 23:55,-0.01,0.00,26.94,0.00,122.00,148.05,0.11,80.78,0.88,1023.35,0.00,0.00,18.15,0.00,2.23,0.00,5.85,4.96,0.01,3.97,151.48,128.44
2025-04-10 00:00,-0.18,0.00,3.13,0.00,125.00,140.00,0.11,82.48,14.12,1039.35,0.00,0.00,18.00,0.00,0.26,0.00,6.00,4.69,0.01,4.05,128.82,128.44
2025-04-10 00:05,-0.11,0.00,33.33,0.00,117.00,119.19,0.11,83.21,0.82,1037.18,0.00,0.00,18.00,0.00,2.75,0.00,5.61,3.99,0.01,4.09,149.11,132.20
2025-04-10 00:10,0.00,0.00,36.83,0.00,122.00,148.72,0.11,82.48,2.36,1030.56,0.00,0.00,18.00,0.00,3.06,0.00,5.85,4.98,0.01,4.05,159.66,128.44
2025-04-10 00:15,-0.01,0.00,40.08,0.00,125.00,105.77,0.11,80.77,17.45,1049.17,0.00,0.00,18.00,0.00,3.33,0.00,6.00,3.54,0.01,3.97,151.03,128.44
2025-04-10 00:20,-0.01,0.00,53.55,0.00,123.00,91.68,0.11,80.81,15.65,1048.04,0.00,0.00,18.00,0.00,4.42,0.00,5.90,3.07,0.01,3.97,159.67,120.29
2025-04-10 00:25,0.00,0.00,160.47,0.00,124.00,90.34,0.11,83.22,8.96,1056.37,0.00,0.00,18.00,0.00,13.23,0.00,5.95,3.02,0.01,4.09,262.48,120.42
2025-04-10 00:30,0.00,0.00,61.36,0.00,125.00,89.66,0.11,82.87,13.19,1064.57,0.00,0.00,18.00,0.00,5.06,0.00,6.00,3.00,0.01,4.07,165.66,118.79
2025-04-10 00:35,-1.19,0.00,81.59,0.00,118.00,89.66,0.11,79.93,0.51,1063.33,0.00,0.00,18.08,0.00,6.75,0.00,5.66,3.00,0.01,3.93,182.96,118.10
2025-04-10 00:40,-0.17,0.00,74.59,0.00,120.00,91.01,0.11,80.67,3.29,1074.60,0.00,0.00,18.17,0.00,6.18,0.00,5.76,3.05,0.01,3.96,175.71,117.56
2025-04-10 00:45,0.00,0.00,47.78,0.00,130.00,90.34,0.11,83.54,23.76,1090.48,0.00,0.00,18.25,0.00,3.94,0.00,6.24,3.02,0.01,4.11,151.64,117.66
2025-04-10 00:50,0.00,0.00,39.51,0.00,121.00,91.68,0.11,81.94,9.85,1090.36,0.00,0.00,18.33,0.00,3.26,0.00,5.81,3.07,0.01,4.03,143.14,117.71
2025-04-10 00:55,0.00,0.00,28.14,0.00,124.00,91.01,0.11,82.35,16.32,1090.63,0.00,0.00,18.42,0.00,2.32,0.00,5.95,3.05,0.01,4.05,134.00,116.43
2025-04-10 01:00,0.00,0.00,28.86,0.00,125.00,90.34,0.11,81.91,14.84,1099.00,0.00,0.00,18.50,0.00,2.37,0.00,6.00,3.02,0.01,4.03,133.93,116.45
2025-04-10 01:05,-0.13,0.00,36.07,0.00,122.00,90.34,0.11,80.16,8.70,1093.90,0.00,0.00,18.63,0.00,2.97,0.00,5.85,3.02,0.01,3.94,139.47,117.42
2025-04-10 01:10,-0.02,0.00,50.58,0.00,119.00,90.34,0.11,80.29,9.90,1078.91,0.00,0.00,18.77,0.00,4.16,0.00,5.71,3.02,0.01,3.95,152.22,118.62
2025-04-10 01:15,-4.86,0.00,50.55,-0.10,123.00,90.34,0.11,81.35,2.33,1079.81,0.00,0.00,18.90,0.00,4.16,0.00,5.90,3.02,0.01,4.00,155.17,112.87
2025-04-10 01:20,-0.96,0.00,45.95,-0.10,120.00,91.01,0.11,80.26,0.78,1080.54,0.00,0.00,19.03,0.00,3.77,0.00,5.76,3.05,0.01,3.94,149.60,105.23
2025-04-10 01:25,-2.50,0.00,53.06,-0.10,123.00,91.68,0.11,83.21,3.29,1059.69,0.00,0.00,19.17,0.00,4.34,0.00,5.90,3.07,0.01,4.09,160.06,111.67
2025-04-10 01:30,-0.13,0.00,60.52,-0.10,126.00,91.01,0.11,81.96,4.39,1023.31,0.00,0.00,19.30,0.00,4.89,0.00,6.05,3.05,0.01,4.03,170.80,105.54
2025-04-10 01:35,-0.65,0.00,68.89,-0.10,117.00,91.01,0.11,80.17,2.04,1005.63,0.00,0.00,19.35,0.00,5.56,0.00,5.61,3.05,0.01,3.94,177.82,105.79
2025-04-10 01:40,-0.11,0.00,71.07,-0.10,90.00,90.34,0.11,82.92,22.62,1020.77,0.00,0.00,19.40,0.00,5.72,0.00,4.32,3.02,0.01,4.07,166.54,117.64
2025-04-10 01:45,-3.87,0.00,81.46,-0.10,78.00,90.34,0.11,79.03,2.92,1021.55,0.00,0.00,19.45,0.00,6.61,0.00,3.74,3.02,0.01,3.88,174.64,100.63
2025-04-10 01:50,-17.43,0.00,90.14,-0.10,79.00,90.34,0.11,81.09,2.43,1062.48,0.00,0.00,19.50,0.00,7.24,0.00,3.79,3.02,0.01,3.98,179.31,100.01
2025-04-10 01:55,-42.54,0.00,97.23,-0.10,80.00,91.01,0.11,77.76,0.49,1088.18,0.00,0.00,19.55,0.00,7.81,0.00,3.84,3.05,0.01,3.82,185.59,99.26
2025-04-10 02:00,-99.03,0.00,118.75,0.00,80.00,58.79,0.11,79.21,0.15,1125.69,0.00,0.00,19.60,0.00,9.48,0.00,3.84,1.97,0.01,3.89,204.46,82.67
2025-04-10 02:05,-66.02,0.00,97.25,0.00,85.00,60.14,0.11,82.99,0.21,1149.86,0.00,0.00,19.57,0.00,7.78,0.00,4.08,2.01,0.01,4.08,177.38,100.01
2025-04-10 02:10,-42.82,0.00,99.97,0.00,82.00,21.88,0.11,11.48,0.51,1182.82,0.00,0.00,19.53,0.00,7.99,0.00,3.93,0.73,0.01,0.56,137.33,97.55
2025-04-10 02:15,-63.73,0.00,116.32,0.00,84.00,0.00,0.11,9.40,0.23,1201.61,0.00,0.00,19.50,0.00,9.28,0.00,4.03,0.00,0.01,0.46,148.24,94.42
2025-04-10 02:20,-27.93,0.00,80.55,0.00,87.00,0.00,0.11,0.00,2.11,1217.05,0.00,0.00,19.47,0.00,6.39,0.00,4.17,0.00,0.01,0.00,105.87,92.55
2025-04-10 02:25,-29.35,0.00,86.31,0.00,80.00,0.00,0.11,0.00,0.04,1227.23,0.00,0.00,19.43,0.00,6.87,0.00,3.84,0.00,0.01,0.00,107.86,77.74
2025-04-10 02:30,-26.16,0.00,59.74,0.00,81.00,0.00,0.11,0.00,0.00,1242.39,0.00,0.00,19.40,0.00,4.76,0.00,3.89,0.00,0.01,0.00,83.90,80.36
2025-04-10 02:35,-16.57,0.00,45.43,0.00,81.00,0.00,0.11,0.00,0.75,1259.22,0.00,0.00,19.28,0.00,3.58,0.00,3.89,0.00,0.01,0.00,70.12,79.70
2025-04-10 02:40,-13.16,0.00,45.36,0.00,83.00,0.00,0.11,0.00,0.28,1259.97,0.00,0.00,19.17,0.00,3.56,0.00,3.98,0.00,0.01,0.00,70.47,82.28
2025-04-10 02:45,-20.49,0.00,50.26,0.00,80.00,0.00,0.11,0.00,0.20,1243.15,0.00,0.00,19.05,0.00,3.97,0.00,3.84,0.00,0.01,0.00,74.85,67.54
2025-04-10 02:50,-32.82,0.00,48.33,0.00,84.00,0.00,0.11,0.00,2.47,1209.94,0.00,0.00,18.93,0.00,3.78,0.00,4.03,0.00,0.01,0.00,77.22,80.81
2025-04-10 02:55,-43.34,0.00,65.67,0.00,86.00,0.00,0.11,0.00,3.02,1166.74,0.00,0.00,18.82,0.00,5.18,0.00,4.13,0.00,0.01,0.00,97.41,89.95
2025-04-10 03:00,-93.61,0.00,108.51,0.00,79.00,0.00,0.11,0.00,2.10,1147.93,0.00,0.00,18.70,0.00,8.47,0.00,3.79,0.00,0.01,0.00,143.33,82.01
2025-04-10 03:05,-19.28,0.00,66.25,0.00,84.00,0.00,0.11,0.00,5.41,1137.70,0.00,0.00,18.88,0.00,5.16,0.00,4.03,0.00,0.01,0.00,96.67,95.00
2025-04-10 03:10,-31.76,0.00,114.59,0.00,80.00,0.00,0.11,0.00,5.72,1128.12,0.00,0.00,19.07,0.00,8.88,0.00,3.84,0.00,0.01,0.00,143.04,87.31
2025-04-10 03:15,-34.17,0.00,135.54,0.00,80.00,0.00,0.11,0.00,0.05,1111.33,0.00,0.00,19.25,0.00,10.43,0.00,3.84,0.00,0.01,0.00,167.64,80.98
2025-04-10 03:20,-30.89,0.00,126.36,0.00,80.00,0.00,0.11,0.00,0.06,1107.77,0.00,0.00,19.43,0.00,9.72,0.00,3.84,0.00,0.01,0.00,157.97,81.17
2025-04-10 03:25,-32.45,0.00,122.66,0.00,82.00,0.00,0.11,0.00,0.12,1116.33,0.00,0.00,19.62,0.00,9.49,0.00,3.93,0.00,0.01,0.00,154.53,81.98
2025-04-10 03:30,-27.03,0.00,129.73,0.00,80.00,0.00,0.11,0.00,0.13,1115.82,0.00,0.00,19.80,0.00,9.93,0.00,3.84,0.00,0.01,0.00,159.07,81.04
2025-04-10 03:35,-23.34,0.00,103.35,0.00,88.00,0.00,0.11,0.00,3.91,1152.17,0.00,0.00,19.82,0.00,7.87,0.00,4.22,0.00,0.01,0.00,129.94,84.22
2025-04-10 03:40,-21.94,0.00,109.47,0.00,83.00,0.00,0.11,0.00,3.14,1151.44,0.00,0.00,19.83,0.00,8.32,0.00,3.98,0.00,0.01,0.00,133.54,82.89
2025-04-10 03:45,-27.63,0.00,113.58,0.00,80.00,0.00,0.11,0.00,2.46,1154.69,0.00,0.00,19.85,0.00,8.71,0.00,3.84,0.00,0.01,0.00,137.44,83.92
2025-04-10 03:50,-108.05,0.00,121.49,0.00,85.00,0.00,0.28,0.00,0.09,1168.29,0.00,0.00,19.87,0.00,9.27,0.00,4.08,0.00,0.02,0.00,156.67,81.49
2025-04-10 03:55,-106.21,0.00,126.84,0.00,80.00,0.00,0.11,0.00,0.23,1169.20,0.00,0.00,19.88,0.00,9.66,0.00,3.84,0.00,0.01,0.00,159.45,93.02
2025-04-10 04:00,-77.24,0.00,107.05,0.00,86.00,0.00,0.11,0.00,0.46,1163.06,0.00,0.00,19.90,0.00,8.13,0.00,4.13,0.00,0.01,0.00,138.11,92.95
2025-04-10 04:05,-121.81,0.00,142.20,0.00,80.00,0.00,0.11,0.00,0.05,1145.00,0.00,0.00,19.93,0.00,10.80,0.00,3.84,0.00,0.01,0.00,182.90,68.51
2025-04-10 04:10,-94.21,0.00,183.00,0.00,84.00,0.00,0.11,0.00,0.04,1145.64,0.00,0.00,19.97,0.00,13.85,0.00,4.03,0.00,0.01,0.00,225.32,81.27
2025-04-10 04:15,-122.07,0.00,217.72,0.00,79.00,0.00,0.11,0.00,0.00,1089.93,0.00,0.00,20.00,0.00,16.44,0.00,3.79,0.00,0.01,0.00,292.92,71.14
2025-04-10 04:20,-54.34,0.00,188.02,0.00,81.00,0.00,0.11,0.00,3.60,1076.49,0.00,0.00,20.03,0.00,14.20,0.00,3.89,0.00,0.01,0.00,236.25,79.52
2025-04-10 04:25,-34.70,0.00,169.54,0.00,86.00,0.00,0.11,0.00,4.27,1075.74,0.00,0.00,20.07,0.00,12.78,0.00,4.13,0.00,0.01,0.00,211.01,81.67
2025-04-10 04:30,-34.02,0.00,150.75,0.00,80.00,0.00,0.11,0.00,0.00,1084.00,0.00,0.00,20.10,0.00,11.25,0.00,3.84,0.00,0.01,0.00,184.91,81.75
2025-04-10 04:35,-34.84,0.00,151.92,0.00,79.00,0.00,0.11,0.00,0.00,1088.50,0.00,0.00,20.08,0.00,11.38,0.00,3.79,0.00,0.01,0.00,185.66,69.40
2025-04-10 04:40,-14.54,0.00,124.90,0.00,80.00,0.00,0.11,0.00,0.60,1108.60,0.00,0.00,20.07,0.00,9.39,0.00,3.84,0.00,0.01,0.00,151.27,75.32
2025-04-10 04:45,-0.44,0.00,106.64,0.00,84.00,0.00,0.11,0.00,5.07,1122.85,0.00,0.00,20.05,0.00,8.04,0.00,4.03,0.00,0.01,0.00,131.18,79.99
2025-04-10 04:50,-0.02,0.00,54.38,0.00,87.00,0.00,0.11,0.00,29.93,1111.57,0.00,0.00,20.03,0.00,4.11,0.00,4.17,0.00,0.01,0.00,84.76,80.28
2025-04-10 04:55,-7.36,0.00,60.98,0.00,89.00,0.00,0.11,0.00,33.60,1099.98,0.00,0.00,20.02,0.00,4.59,0.00,4.27,0.00,0.01,0.00,92.18,88.30
2025-04-10 05:00,-1.18,0.00,77.63,0.00,82.00,0.00,0.11,0.00,7.40,1092.26,0.00,0.00,20.00,0.00,5.81,0.00,3.93,0.00,0.01,0.00,106.10,86.75
2025-04-10 05:05,-0.91,0.00,54.89,0.00,87.00,0.00,0.11,0.00,49.79,1090.59,0.00,0.00,20.02,0.00,4.11,0.00,4.17,0.00,0.01,0.00,84.91,82.09
2025-04-10 05:10,-1.09,0.00,60.04,0.00,115.00,0.00,0.11,0.00,20.86,1063.67,0.00,0.00,20.03,0.00,4.43,0.00,5.52,0.00,0.01,0.00,104.97,86.58
2025-04-10 05:15,-5.35,0.00,49.12,0.00,128.00,0.00,0.11,0.00,27.07,1062.38,0.00,0.00,20.05,0.00,3.62,0.00,6.14,0.00,0.01,0.00,100.76,89.06
2025-04-10 05:20,-1.69,0.00,63.72,0.00,117.00,0.00,0.11,0.00,17.35,1069.98,0.00,0.00,20.07,0.00,4.69,0.00,5.61,0.00,0.01,0.00,108.66,87.37
2025-04-10 05:25,0.00,0.00,42.28,0.00,123.00,0.00,0.11,0.00,31.36,1086.50,0.00,0.00,20.08,0.00,3.11,0.00,5.90,0.00,0.01,0.00,90.26,104.86
2025-04-10 05:30,-2.04,0.00,46.63,0.00,121.00,0.00,0.11,0.00,51.64,1083.22,0.00,0.00,20.10,0.00,3.40,0.00,5.81,0.00,0.01,0.00,91.55,108.62
2025-04-10 05:35,-0.09,0.00,27.82,0.00,117.00,0.00,0.11,0.00,40.34,1084.10,0.00,0.00,20.12,0.00,2.01,0.00,5.61,0.00,0.01,0.00,75.50,85.67
2025-04-10 05:40,-11.50,0.00,2.37,0.00,121.00,0.00,0.11,77.78,43.33,1059.75,0.00,0.00,20.13,0.00,0.17,0.00,5.81,0.00,0.01,3.82,91.32,100.93
2025-04-10 05:45,-2.30,0.00,27.30,0.00,112.00,0.00,0.11,77.65,0.75,1056.05,0.00,0.00,20.15,0.00,1.91,0.00,5.37,0.00,0.01,3.82,109.53,91.08
2025-04-10 05:50,-0.24,0.00,26.35,0.00,113.00,0.00,0.11,78.42,2.37,1070.87,0.00,0.00,20.17,0.00,1.84,0.00,5.42,0.00,0.01,3.85,107.84,100.94
2025-04-10 05:55,-0.17,0.00,30.03,0.00,113.00,0.00,0.11,77.96,11.15,1068.02,0.00,0.00,20.18,0.00,2.09,0.00,5.42,0.00,0.01,3.83,109.87,101.68
2025-04-10 06:00,-2.98,0.00,31.81,0.00,116.00,0.00,0.11,78.55,3.86,1056.62,0.00,0.00,20.20,0.00,2.20,0.00,5.57,0.00,0.01,3.86,114.39,106.50
2025-04-10 06:05,-1.22,0.00,37.32,0.00,115.00,0.00,0.11,78.57,1.42,1050.23,0.00,0.00,20.28,0.00,2.57,0.00,5.52,0.00,0.01,3.86,118.90,89.61
2025-04-10 06:10,0.00,-9.36,0.00,0.00,135.00,0.00,0.11,82.26,66.95,1082.71,0.00,0.00,20.37,0.07,0.00,0.00,6.48,0.00,0.01,4.04,92.41,128.50
2025-04-10 06:15,0.00,-19.95,0.00,0.00,138.00,0.00,0.11,81.44,87.05,1084.24,0.00,0.00,20.45,0.15,0.00,0.00,6.62,0.00,0.01,4.00,91.72,136.06
2025-04-10 06:20,-13.13,0.00,54.91,0.00,126.00,0.00,0.11,77.49,4.06,1052.77,0.00,0.00,20.53,0.00,3.77,0.00,6.05,0.00,0.01,3.81,137.13,136.28
2025-04-10 06:25,-0.04,0.00,42.06,0.00,122.00,0.00,0.11,79.91,24.70,1058.13,0.00,0.00,20.62,0.00,2.87,0.00,5.85,0.00,0.01,3.93,122.26,138.00
2025-04-10 06:30,-0.94,0.00,29.52,0.00,132.00,0.00,0.11,86.76,34.99,1060.82,0.00,0.00,20.70,0.00,2.01,0.00,6.33,0.00,0.01,4.26,117.86,137.77
2025-04-10 06:35,-0.13,0.00,51.02,0.00,126.00,0.00,0.11,80.09,19.38,1051.97,0.00,0.00,20.67,0.00,3.44,0.00,6.05,0.00,0.01,3.94,131.38,136.85
2025-04-10 06:40,-0.07,0.00,46.42,0.00,128.00,0.00,0.11,79.79,28.32,1071.45,0.00,0.00,20.63,0.00,3.11,0.00,6.14,0.00,0.01,3.92,125.44,138.00
2025-04-10 06:45,-2.75,0.00,49.33,0.00,123.00,0.00,3.87,112.38,5.52,1081.74,0.00,0.00,20.60,0.00,3.30,0.00,5.90,0.00,0.17,5.52,140.25,119.00
2025-04-10 06:50,-0.02,0.00,59.35,0.00,126.00,0.00,41.22,82.72,21.59,1078.35,0.00,0.00,20.57,0.00,3.98,0.00,6.05,0.00,1.75,4.07,147.23,123.86
2025-04-10 06:55,0.00,0.00,55.72,0.00,129.00,0.00,41.69,84.05,33.70,1081.21,0.00,0.00,20.53,0.00,3.72,0.00,6.19,0.00,1.77,4.13,144.36,138.04
2025-04-10 07:00,-6.31,0.00,30.97,0.00,133.00,0.00,41.72,168.89,13.40,1072.80,0.01,0.00,20.50,0.00,2.06,0.00,6.38,0.00,1.77,8.30,159.54,110.55
2025-04-10 07:05,-7.37,0.00,94.96,0.00,117.00,0.00,41.73,79.73,3.21,1073.52,0.01,0.98,20.52,0.00,6.31,0.00,5.61,0.00,1.77,3.92,174.11,112.97
2025-04-10 07:10,-0.20,0.00,99.20,0.00,127.00,0.00,41.72,83.50,52.62,1053.80,0.27,1.95,20.53,0.00,6.74,0.00,6.09,0.00,1.77,4.10,177.92,114.34
2025-04-10 07:15,-0.06,0.00,133.19,0.00,123.00,0.00,41.68,82.60,28.93,1036.97,1.00,2.93,20.55,0.00,9.00,0.00,5.90,0.00,1.77,4.06,210.10,116.22
2025-04-10 07:20,0.00,0.00,135.28,0.00,118.00,0.00,41.60,81.80,24.92,1036.15,1.97,3.90,20.57,0.00,9.13,0.00,5.66,0.00,1.76,4.02,210.49,112.46
2025-04-10 07:25,-0.03,0.00,152.71,0.00,116.00,0.00,41.60,79.65,20.74,1020.10,3.61,4.88,20.58,0.00,10.28,0.00,5.57,0.00,1.76,3.91,227.83,107.25
2025-04-10 07:30,-0.02,0.00,176.13,0.00,115.00,0.00,41.50,80.28,10.71,1020.04,6.91,5.86,20.60,0.00,11.83,0.00,5.52,0.00,1.76,3.95,250.56,81.75
2025-04-10 07:35,-0.35,0.00,172.40,0.00,112.00,0.00,41.42,80.03,17.45,1026.31,20.36,15.89,20.65,0.00,11.49,0.00,5.37,0.00,1.75,3.93,237.26,81.38
2025-04-10 07:40,-0.18,0.00,157.09,0.00,117.00,0.00,41.32,80.69,40.56,1015.19,39.14,25.92,20.70,0.00,10.55,0.00,5.61,0.00,1.75,3.97,218.37,98.30
2025-04-10 07:45,-0.01,0.00,150.73,0.00,116.00,0.00,41.30,80.87,36.19,1018.28,53.60,35.95,20.75,0.00,10.10,0.00,5.57,0.00,1.75,3.97,208.48,97.94
2025-04-10 07:50,-0.27,0.00,132.42,0.00,113.00,0.00,41.28,79.82,23.72,1024.44,56.94,45.98,20.80,0.00,8.84,0.00,5.42,0.00,1.75,3.92,190.97,56.78
2025-04-10 07:55,-0.22,0.00,138.29,0.00,106.00,0.00,41.22,78.55,6.54,1006.51,72.05,56.01,20.85,0.00,9.25,0.00,5.09,0.00,1.75,3.86,194.78,48.09
2025-04-10 08:00,0.00,0.00,126.85,0.00,111.00,0.00,41.12,81.82,3.73,1008.97,86.94,66.04,20.90,0.00,8.61,0.00,5.33,0.00,1.74,4.02,185.76,57.37
2025-04-10 08:05,-0.13,0.00,105.93,0.00,127.00,0.00,41.06,83.25,30.96,1006.10,75.04,79.94,20.97,0.00,7.16,0.00,6.09,0.00,1.74,4.09,171.26,60.32
2025-04-10 08:10,0.00,0.00,81.57,0.00,131.00,0.00,41.10,83.39,42.69,984.02,88.98,93.84,21.03,0.00,5.46,0.00,6.29,0.00,1.74,4.10,152.55,112.20
2025-04-10 08:15,0.00,0.00,114.00,0.00,122.00,0.00,40.94,81.68,19.93,963.36,65.75,107.74,21.10,0.00,7.70,0.00,5.85,0.00,1.73,4.01,179.94,114.67
2025-04-10 08:20,-2.86,0.00,147.07,0.00,113.00,0.00,40.79,79.39,3.12,931.01,60.17,121.63,21.17,0.00,9.89,0.00,5.42,0.00,1.73,3.90,209.57,73.36
2025-04-10 08:25,-0.59,0.00,138.45,0.00,122.00,0.00,40.75,81.70,7.48,917.48,62.03,135.53,21.23,0.00,9.39,0.00,5.85,0.00,1.73,4.01,205.13,112.19
2025-04-10 08:30,-22.89,0.00,207.75,0.00,115.00,0.00,40.59,79.64,3.33,905.17,69.35,149.43,21.30,0.00,14.11,0.00,5.52,0.00,1.72,3.91,267.86,71.81
2025-04-10 08:35,-54.55,0.00,237.58,0.00,102.00,0.00,40.73,77.84,3.10,868.89,92.44,172.78,21.45,0.00,16.21,0.00,4.89,0.00,1.73,3.83,300.13,33.82
2025-04-10 08:40,-11.58,0.00,234.65,0.00,86.00,0.00,40.54,19.70,2.50,845.77,149.28,196.12,21.60,0.00,16.91,0.00,4.13,0.00,1.72,0.97,260.25,1000.00
2025-04-10 08:45,-34.15,0.00,186.17,4.80,101.00,0.00,66.92,14.98,60.76,819.79,123.96,219.47,21.75,0.00,13.97,0.26,4.85,0.00,3.57,0.74,235.47,1000.00
2025-04-10 08:50,-11.15,0.00,90.83,5.10,121.00,0.00,197.43,14.50,117.56,604.57,255.56,242.82,21.90,0.00,6.87,0.28,5.81,0.00,11.79,0.71,209.77,330.00
2025-04-10 08:55,0.00,0.00,140.87,5.10,126.00,0.00,154.48,14.85,34.15,613.65,243.37,266.16,22.05,0.00,10.82,0.28,6.05,0.00,9.30,0.73,247.68,69.83
2025-04-10 09:00,-3.20,0.00,102.47,-0.20,109.00,0.00,173.13,14.92,4.67,671.10,279.30,289.51,22.20,0.00,7.86,0.00,5.23,0.00,10.58,0.73,203.99,66.70
2025-04-10 09:05,-20.22,0.00,54.17,-0.20,99.00,0.00,227.32,14.65,0.14,679.36,302.53,327.99,22.27,0.00,4.17,0.00,4.75,0.00,13.99,0.72,179.88,43.99
2025-04-10 09:10,-17.85,-80.89,0.00,-0.20,87.00,0.00,251.71,0.00,3.10,695.24,273.28,366.47,22.33,1.22,0.00,0.00,4.17,0.00,15.60,0.00,141.09,11.89
2025-04-10 09:15,-0.02,-130.45,0.00,-0.20,90.00,0.00,308.70,0.00,13.76,692.47,255.86,404.94,22.40,2.27,0.00,0.00,4.32,0.00,19.35,0.00,157.07,47.11
2025-04-10 09:20,-3.45,-114.73,0.00,0.00,78.00,0.00,267.49,0.00,2.13,685.20,290.66,443.42,22.47,1.79,0.00,0.00,3.74,0.00,16.85,0.00,136.89,47.93
2025-04-10 09:25,-10.77,-119.74,0.00,0.00,80.00,0.00,215.93,0.00,0.22,671.46,321.81,481.90,22.53,1.60,0.00,0.00,3.84,0.00,13.44,0.00,114.63,46.35
2025-04-10 09:30,-29.20,-169.53,0.00,0.00,80.00,0.00,180.88,0.00,0.14,664.87,363.38,520.38,22.60,1.94,0.00,0.00,3.84,0.00,10.95,0.00,95.67,43.06
2025-04-10 09:35,-35.56,-178.39,0.00,0.00,80.00,0.00,173.48,0.00,0.24,650.24,373.05,555.34,22.85,1.99,0.00,0.00,3.84,0.00,10.38,0.00,90.71,11.29
2025-04-10 09:40,-21.95,-154.93,0.00,0.00,80.00,0.00,142.99,0.00,0.45,642.27,334.96,590.30,23.10,1.68,0.00,0.00,3.84,0.00,9.20,0.00,84.42,29.46
2025-04-10 09:45,-49.91,-164.74,0.00,0.00,78.00,0.00,138.58,0.00,0.11,639.97,366.89,625.27,23.35,1.72,0.00,0.00,3.74,0.00,9.04,0.00,81.22,11.43
2025-04-10 09:50,-14.79,-169.49,0.00,0.00,85.00,0.00,93.23,0.00,0.34,620.14,381.64,660.23,23.60,1.48,0.00,0.00,4.08,0.00,6.23,0.00,63.96,11.30
2025-04-10 09:55,-25.69,-162.26,0.00,0.00,79.00,0.00,88.31,0.00,0.33,601.31,389.22,695.20,23.85,1.36,0.00,0.00,3.79,0.00,5.91,0.00,60.09,6.25
2025-04-10 10:00,-58.52,-175.73,0.00,0.00,82.00,0.00,95.04,0.00,0.22,619.21,389.91,730.16,24.10,1.52,0.00,0.00,3.93,0.00,6.36,0.00,62.56,-18.49
2025-04-10 10:05,-45.42,-181.69,0.00,0.00,83.00,0.00,93.16,0.00,0.33,609.54,377.28,761.43,24.30,1.59,0.00,0.00,3.98,0.00,6.23,0.00,60.90,0.00
2025-04-10 10:10,-38.92,-197.13,0.00,0.00,84.00,0.00,66.46,5.43,0.22,624.25,404.98,792.69,24.50,1.48,0.00,0.00,4.03,0.00,4.58,0.27,50.99,0.00
2025-04-10 10:15,-62.39,-219.96,0.00,0.00,79.00,0.00,65.43,16.27,0.16,620.52,463.78,823.95,24.70,1.61,0.00,0.00,3.79,0.00,4.53,0.80,50.45,-9.03
2025-04-10 10:20,-113.64,-173.66,0.00,0.01,79.00,0.00,66.99,16.31,0.21,640.27,396.33,855.22,24.90,1.34,0.00,0.00,3.79,0.00,4.65,0.80,53.67,-13.31
2025-04-10 10:25,-268.12,-117.65,0.00,0.00,82.00,0.00,69.66,0.00,0.15,656.16,423.90,886.48,25.10,0.83,0.00,0.00,3.93,0.00,4.80,0.00,54.73,-13.37
2025-04-10 10:30,-288.83,-54.28,0.00,0.00,79.00,0.00,68.20,0.00,0.16,690.27,435.14,917.75,25.30,0.36,0.00,0.00,3.79,0.00,4.73,0.00,52.99,-18.98
2025-04-10 10:35,-249.80,-88.48,0.00,0.00,88.00,0.00,71.22,5.60,0.15,704.57,414.79,955.08,25.42,0.65,0.00,0.00,4.22,0.00,4.91,0.28,55.29,-10.43
2025-04-10 10:40,-292.07,-90.34,0.00,0.00,78.00,0.00,67.89,16.14,0.27,709.20,420.96,992.42,25.53,0.65,0.00,0.00,3.74,0.00,4.72,0.79,54.29,-17.84
2025-04-10 10:45,-286.56,-108.71,0.00,0.00,80.00,0.00,68.96,16.34,0.22,699.26,443.67,1029.76,25.65,0.78,0.00,0.00,3.84,0.00,4.78,0.80,53.37,-20.71
2025-04-10 10:50,-292.31,-175.18,0.00,0.00,84.00,0.00,76.12,16.42,0.00,681.95,432.20,1067.10,25.77,1.37,0.00,0.00,4.03,0.00,5.22,0.81,55.18,-18.10
2025-04-10 10:55,-350.53,-169.78,0.00,0.00,81.00,0.00,76.07,16.43,0.00,697.70,435.83,1104.44,25.88,1.29,0.00,0.00,3.89,0.00,5.22,0.81,54.76,-20.10
2025-04-10 11:00,-339.28,-182.45,0.00,0.00,87.00,0.00,72.09,16.37,0.00,711.55,414.00,1141.78,26.00,1.39,0.00,0.00,4.17,0.00,4.94,0.80,53.26,-21.74
2025-04-10 11:05,-353.01,-138.35,0.00,0.01,84.00,0.00,70.02,16.46,0.00,697.11,325.94,1162.41,26.25,1.12,0.00,0.00,4.03,0.00,4.79,0.81,54.81,-22.19
2025-04-10 11:10,-325.79,-81.66,0.00,0.01,87.00,0.00,42.47,16.40,0.00,710.52,296.11,1183.04,26.50,0.57,0.00,0.00,4.17,0.00,3.02,0.81,46.29,-23.51
2025-04-10 11:15,-366.52,-47.13,0.00,0.01,80.00,0.00,41.47,16.11,0.00,613.14,346.26,1203.66,26.75,0.33,0.00,0.00,3.84,0.00,2.97,0.79,46.25,-26.85
2025-04-10 11:20,-354.46,-12.02,0.00,0.00,80.00,0.00,40.44,16.37,0.00,530.04,330.41,1224.29,27.00,0.09,0.00,0.00,3.84,0.00,2.90,0.80,48.17,-27.50
2025-04-10 11:25,-326.36,-14.27,0.00,0.01,88.00,0.00,35.83,16.48,0.00,504.46,311.89,1244.92,27.25,0.11,0.00,0.00,4.22,0.00,2.56,0.81,48.26,-24.14
2025-04-10 11:30,-244.72,0.00,8.55,0.01,82.00,0.00,35.15,16.39,0.00,506.91,330.26,1265.55,27.50,0.00,0.52,0.00,3.93,0.00,2.52,0.81,47.05,-25.36
2025-04-10 11:35,-339.29,0.00,38.02,0.01,84.00,0.00,36.51,16.43,0.00,509.24,331.69,1278.55,27.53,0.00,2.32,0.00,4.03,0.00,2.61,0.81,62.38,-24.00
2025-04-10 11:40,-331.45,0.00,35.58,0.00,80.00,0.00,38.39,16.36,0.00,512.28,325.11,1291.56,27.57,0.00,2.12,0.00,3.84,0.00,2.75,0.80,60.20,-23.86
2025-04-10 11:45,-313.48,0.00,8.69,0.01,80.00,0.00,41.81,16.17,0.00,531.95,325.66,1304.56,27.60,0.00,0.53,0.00,3.84,0.00,2.99,0.79,49.48,-24.00
2025-04-10 11:50,-303.00,-47.86,0.00,0.01,86.00,0.00,38.39,16.37,0.00,527.45,325.78,1317.56,27.63,0.37,0.00,0.00,4.13,0.00,2.75,0.80,44.74,-22.87
2025-04-10 11:55,-308.02,-57.05,0.00,0.01,84.00,0.00,38.56,16.34,0.00,531.49,331.62,1330.56,27.67,0.43,0.00,0.00,4.03,0.00,2.76,0.80,43.69,-22.00
2025-04-10 12:00,-279.73,-111.87,0.00,0.01,87.00,0.00,38.39,16.42,0.00,551.83,400.49,1343.57,27.70,0.79,0.00,0.00,4.17,0.00,2.75,0.81,40.70,-21.54
2025-04-10 12:05,-276.91,-106.36,0.00,0.01,86.00,0.00,38.73,16.39,0.00,505.76,405.84,1356.52,27.92,0.78,0.00,0.00,4.13,0.00,2.77,0.81,41.03,-20.74
2025-04-10 12:10,-369.19,-133.77,0.00,0.01,81.00,0.00,38.73,16.37,0.00,507.16,405.60,1369.47,28.13,0.95,0.00,0.00,3.89,0.00,2.77,0.80,40.80,-22.21
2025-04-10 12:15,-352.37,-100.62,0.00,0.01,81.00,0.00,38.39,16.19,0.00,459.35,354.46,1382.42,28.35,0.79,0.00,0.00,3.89,0.00,2.75,0.80,42.43,-22.00
2025-04-10 12:20,-380.67,-107.69,0.00,0.01,81.00,0.00,38.39,16.19,0.00,448.03,416.07,1395.37,28.57,0.80,0.00,0.00,3.89,0.00,2.75,0.80,41.73,-22.20
2025-04-10 12:25,-380.65,-78.01,0.00,0.01,80.00,0.00,37.88,12.91,0.00,437.04,352.01,1408.32,28.78,0.61,0.00,0.00,3.84,0.00,2.71,0.63,42.21,-25.90
2025-04-10 12:30,-311.72,-0.67,0.00,0.01,81.00,0.00,24.55,11.57,0.00,427.25,325.50,1421.27,29.00,0.00,0.00,0.00,3.89,0.00,1.76,0.57,37.65,-24.72
2025-04-10 12:35,-200.23,-64.83,0.00,0.01,86.00,0.00,0.28,11.96,0.00,425.65,352.92,1426.05,29.07,0.35,0.00,0.00,4.13,0.00,0.02,0.59,25.82,-21.83
2025-04-10 12:40,-200.66,-110.61,0.00,0.01,86.00,0.00,0.11,11.89,0.00,448.24,427.79,1430.83,29.13,0.54,0.00,0.00,4.13,0.00,0.01,0.58,23.98,-22.52
2025-04-10 12:45,-259.10,-43.25,0.00,0.01,83.00,0.00,0.11,11.77,0.00,446.26,355.92,1435.61,29.20,0.22,0.00,0.00,3.98,0.00,0.01,0.58,25.70,-25.60
2025-04-10 12:50,-192.16,-117.13,0.00,0.01,86.00,0.00,0.11,11.75,0.03,443.53,337.58,1440.39,29.27,0.63,0.00,0.00,4.13,0.00,0.01,0.58,24.38,-25.05
2025-04-10 12:55,-139.61,-150.58,0.00,0.01,83.00,0.00,0.11,11.64,0.09,431.65,358.97,1445.18,29.33,0.78,0.00,0.00,3.98,0.00,0.01,0.57,22.27,-29.55
2025-04-10 13:00,-126.15,-137.80,0.00,0.01,89.00,0.00,0.11,12.05,1.37,429.63,311.12,1449.96,29.40,0.80,0.00,0.00,4.27,0.00,0.01,0.59,24.10,-25.18
2025-04-10 13:05,-182.39,-127.15,0.00,0.01,82.00,0.00,0.11,11.54,0.14,417.54,360.38,1446.06,29.32,0.66,0.00,0.00,3.93,0.00,0.01,0.57,23.02,-25.27
2025-04-10 13:10,-146.42,-154.26,0.00,0.01,84.00,0.00,0.11,11.89,0.13,438.89,283.70,1442.15,29.23,0.87,0.00,0.00,4.03,0.00,0.01,0.58,22.97,-27.50
2025-04-10 13:15,-128.88,-134.08,0.00,0.01,87.00,0.00,0.11,11.96,0.41,422.87,246.25,1438.25,29.15,0.83,0.00,0.00,4.17,0.00,0.01,0.59,24.31,-27.50
2025-04-10 13:20,-110.28,-165.28,0.00,0.01,96.00,0.00,0.10,12.30,31.22,416.40,245.89,1434.35,29.07,1.08,0.00,0.00,4.61,0.00,0.01,0.60,25.35,-22.00
2025-04-10 13:25,-113.76,-172.44,0.00,0.01,91.00,0.00,0.11,11.98,19.24,363.28,301.07,1430.45,28.98,1.09,0.00,0.00,4.37,0.00,0.01,0.59,24.08,-22.00
2025-04-10 13:30,-118.30,-164.96,0.00,0.01,87.00,0.00,0.11,12.04,7.72,348.03,318.17,1426.55,28.90,1.02,0.00,0.00,4.17,0.00,0.01,0.59,23.52,-24.00
2025-04-10 13:35,-16.09,-190.49,0.00,0.01,89.00,0.00,0.11,7.92,11.83,326.30,289.86,1417.60,28.97,1.23,0.00,0.00,4.27,0.00,0.01,0.39,21.33,-21.56
2025-04-10 13:40,-10.25,-234.41,0.00,0.01,90.00,0.00,0.11,7.77,22.43,360.64,336.75,1408.65,29.03,1.35,0.00,0.00,4.32,0.00,0.01,0.38,20.34,-25.28
2025-04-10 13:45,-0.21,-186.07,0.00,0.01,92.00,0.00,0.11,7.75,26.88,338.42,263.16,1399.71,29.10,1.23,0.00,0.00,4.41,0.00,0.01,0.38,22.10,-22.27
2025-04-10 13:50,-9.63,-163.81,0.00,0.01,82.00,0.00,3.73,7.66,6.94,354.74,263.90,1390.76,29.17,1.03,0.00,0.00,3.93,0.00,0.23,0.38,21.73,-26.03
2025-04-10 13:55,-41.76,-110.36,0.00,0.01,79.00,0.00,0.11,7.02,0.08,325.82,237.10,1381.81,29.23,0.70,0.00,0.00,3.79,0.00,0.01,0.34,21.97,-30.44
2025-04-10 14:00,-22.90,-99.60,0.00,0.01,81.00,0.00,0.11,7.57,0.12,315.19,222.18,1372.86,29.30,0.68,0.00,0.00,3.89,0.00,0.01,0.37,22.94,-24.00
2025-04-10 14:05,-3.05,-122.22,0.00,0.01,82.00,0.00,0.11,7.45,0.17,313.83,266.68,1357.21,29.37,0.79,0.00,0.00,3.93,0.00,0.01,0.37,22.22,-22.05
2025-04-10 14:10,-13.86,-57.46,0.00,0.01,81.00,0.00,0.11,7.45,0.01,328.43,253.97,1341.56,29.43,0.36,0.00,0.00,3.89,0.00,0.01,0.37,24.08,-20.51
2025-04-10 14:15,-62.20,-72.29,0.00,0.01,79.00,0.00,0.11,7.34,0.00,364.78,307.36,1325.91,29.50,0.40,0.00,0.00,3.79,0.00,0.01,0.36,23.16,-21.00
2025-04-10 14:20,-12.25,-90.73,0.00,0.01,83.00,0.00,0.11,7.49,0.44,351.78,324.96,1310.26,29.57,0.52,0.00,0.00,3.98,0.00,0.01,0.37,23.35,-20.00
2025-04-10 14:25,-46.55,-65.74,0.00,0.01,80.00,0.00,0.11,7.39,0.07,430.84,257.62,1294.61,29.63,0.36,0.00,0.00,3.84,0.00,0.01,0.36,23.61,-7.98
2025-04-10 14:30,-52.66,-89.16,0.00,0.01,83.00,0.00,0.11,7.46,0.15,498.92,240.65,1278.96,29.70,0.47,0.00,0.00,3.98,0.00,0.01,0.37,23.72,-7.98
2025-04-10 14:35,-12.47,-134.30,0.00,0.01,85.00,0.00,0.11,7.63,0.28,537.97,231.49,1258.52,29.73,0.69,0.00,0.00,4.08,0.00,0.01,0.38,22.90,0.00
2025-04-10 14:40,-15.42,-109.58,0.00,0.01,86.00,0.00,0.11,7.55,15.86,550.32,207.90,1238.09,29.77,0.57,0.00,0.00,4.13,0.00,0.01,0.37,23.85,0.98
2025-04-10 14:45,-23.02,-76.96,0.00,0.01,81.00,0.00,0.11,7.26,1.07,556.11,193.21,1217.66,29.80,0.39,0.00,0.00,3.89,0.00,0.01,0.36,23.68,-1.38
2025-04-10 14:50,-7.53,-81.17,0.00,0.01,93.00,0.00,0.11,7.84,1.03,554.98,190.38,1197.23,29.83,0.47,0.00,0.00,4.46,0.00,0.01,0.39,26.94,8.64
2025-04-10 14:55,-0.84,-80.45,0.00,0.01,89.00,0.00,0.11,5.89,11.38,551.73,188.54,1176.79,29.87,0.43,0.00,0.00,4.27,0.00,0.01,0.29,25.54,10.35
2025-04-10 15:00,-11.56,-65.08,0.00,0.00,81.00,0.00,0.11,5.68,2.39,557.59,193.08,1156.36,29.90,0.32,0.00,0.00,3.89,0.00,0.01,0.28,24.06,5.60
2025-04-10 15:05,-12.41,-42.65,0.00,0.01,89.00,0.00,0.11,5.86,2.00,507.85,213.97,1125.93,30.03,0.24,0.00,0.00,4.27,0.00,0.01,0.29,27.49,22.55
2025-04-10 15:10,-13.17,0.00,21.47,0.01,89.00,0.00,0.11,5.97,0.78,516.74,189.85,1095.49,30.17,0.00,1.36,0.00,4.27,0.00,0.01,0.29,38.23,39.98
2025-04-10 15:15,-13.10,0.00,48.37,0.00,81.00,0.00,0.11,5.54,9.49,506.47,216.78,1065.06,30.30,0.00,3.09,0.00,3.89,0.00,0.01,0.27,47.76,9.14
2025-04-10 15:20,-22.95,0.00,91.39,0.00,82.00,0.00,0.11,5.86,0.92,514.67,180.86,1034.62,30.43,0.00,5.87,0.00,3.93,0.00,0.01,0.29,71.07,35.12
2025-04-10 15:25,-28.39,0.00,96.42,0.01,80.00,0.00,0.11,5.49,0.11,486.63,206.17,1004.19,30.57,0.00,6.27,0.00,3.84,0.00,0.01,0.27,75.20,12.39
2025-04-10 15:30,-4.93,0.00,148.03,0.00,80.00,0.00,0.28,5.49,6.57,485.01,308.09,973.76,30.70,0.00,9.75,0.00,3.84,0.00,0.02,0.27,97.62,34.47
2025-04-10 15:35,-8.74,0.00,132.69,0.00,80.00,0.00,0.11,5.39,0.25,487.49,334.99,951.55,30.45,0.00,8.68,0.00,3.84,0.00,0.01,0.26,89.31,-17.95
2025-04-10 15:40,-42.31,0.00,156.68,0.00,80.00,0.00,0.11,5.46,0.35,441.07,380.53,929.35,30.20,0.00,9.86,0.00,3.84,0.00,0.01,0.27,102.37,12.05
2025-04-10 15:45,-14.31,0.00,146.07,0.00,82.00,0.00,0.28,5.74,0.35,435.61,400.73,907.14,29.95,0.00,9.27,0.00,3.93,0.00,0.02,0.28,96.96,34.05
2025-04-10 15:50,-8.83,0.00,113.72,0.00,91.00,0.00,0.11,6.15,51.02,417.99,339.52,884.93,29.70,0.00,7.35,0.00,4.37,0.00,0.01,0.30,86.47,49.90
2025-04-10 15:55,-33.24,0.00,144.21,0.00,80.00,0.00,0.11,5.37,1.23,429.78,361.18,862.73,29.45,0.00,9.31,0.00,3.84,0.00,0.01,0.26,103.03,47.48
2025-04-10 16:00,-20.25,0.00,175.19,0.00,87.00,2.42,0.28,5.92,44.50,411.00,249.96,840.52,29.20,0.00,11.32,0.00,4.17,0.08,0.02,0.29,131.85,74.03
2025-04-10 16:05,0.00,0.00,168.90,0.00,96.00,6.00,0.11,2.73,86.31,407.67,223.41,813.72,29.35,0.00,10.90,0.00,4.61,0.20,0.01,0.13,129.66,81.42
2025-04-10 16:10,0.00,0.00,193.35,0.00,132.00,5.78,0.28,91.49,50.65,402.68,242.26,786.91,29.50,0.00,12.50,0.00,6.33,0.19,0.02,4.50,186.02,101.85
2025-04-10 16:15,0.00,0.00,100.79,0.00,140.00,35.98,0.28,87.19,45.84,386.33,429.18,760.11,29.65,0.00,6.50,0.00,6.72,1.20,0.02,4.28,125.92,81.48
2025-04-10 16:20,-13.30,0.00,166.29,0.00,145.00,35.98,0.11,88.50,52.17,403.59,330.53,733.30,29.80,0.00,10.77,0.00,6.96,1.20,0.01,4.35,173.63,96.41
2025-04-10 16:25,0.00,0.00,196.60,0.00,154.00,35.98,0.11,82.03,50.40,422.79,268.92,706.50,29.95,0.00,12.80,0.00,7.39,1.20,0.01,4.03,200.20,122.78
2025-04-10 16:30,0.00,0.00,165.52,0.00,152.00,35.98,0.11,82.22,58.42,409.28,290.20,679.70,30.10,0.00,10.81,0.00,7.29,1.20,0.01,4.04,181.68,124.00
2025-04-10 16:35,-0.15,0.00,111.34,0.00,126.00,35.98,0.28,80.77,242.35,380.64,293.19,644.16,30.02,0.00,7.31,0.00,6.05,1.20,0.02,3.97,131.57,167.17
2025-04-10 16:40,-0.09,0.00,18.97,0.00,152.00,65.50,0.28,164.31,240.18,380.21,371.43,608.62,29.93,0.00,1.26,0.00,7.29,2.19,0.02,8.07,115.17,138.00
2025-04-10 16:45,0.00,0.00,116.65,0.00,141.00,65.50,0.11,79.47,243.55,381.50,296.04,573.08,29.85,0.00,7.75,0.00,6.77,2.19,0.01,3.91,148.77,138.00
2025-04-10 16:50,0.00,0.00,112.34,0.00,146.00,69.53,0.28,90.88,254.72,353.47,273.38,537.54,29.77,0.00,7.51,0.00,7.01,2.33,0.02,4.47,158.65,132.68
2025-04-10 16:55,0.00,0.00,84.96,0.00,145.00,70.20,0.28,170.96,234.21,349.24,300.70,502.00,29.68,0.00,5.59,0.00,6.96,2.35,0.02,8.40,165.80,134.51
2025-04-10 17:00,0.00,0.00,128.59,0.01,144.00,69.53,0.11,171.80,262.36,320.89,294.02,466.46,29.60,0.00,8.46,0.00,6.91,2.33,0.01,8.44,196.06,124.00
2025-04-10 17:05,0.00,0.00,222.26,0.00,119.00,104.43,0.46,171.86,148.33,329.82,271.35,434.45,29.53,0.00,16.04,0.00,5.71,3.50,0.03,8.45,298.11,124.00
2025-04-10 17:10,-0.20,0.00,384.62,0.00,146.00,156.10,0.28,171.92,159.90,343.59,152.49,402.45,29.47,0.00,27.57,0.00,7.01,5.23,0.02,8.45,504.58,124.00
2025-04-10 17:15,-24.67,0.00,435.91,0.00,185.00,158.12,0.11,173.17,89.97,323.53,142.60,370.44,29.40,0.00,30.77,0.00,8.88,5.29,0.01,8.51,652.97,124.00
2025-04-10 17:20,-25.13,0.00,455.73,0.00,219.00,158.12,0.11,171.82,73.20,306.48,145.32,338.43,29.33,0.00,31.94,0.00,10.51,5.29,0.01,8.44,723.86,124.00
2025-04-10 17:25,-0.85,0.00,452.83,0.00,266.00,162.81,0.11,168.83,78.20,287.12,111.87,306.42,29.27,0.00,30.90,0.00,12.76,5.45,0.01,8.30,742.70,126.71
2025-04-10 17:30,-36.91,0.00,492.29,0.00,288.00,184.96,0.11,171.08,206.58,276.74,103.97,274.41,29.20,0.00,33.78,0.00,13.82,6.19,0.01,8.41,764.36,128.82
2025-04-10 17:35,-7.61,0.00,432.84,0.00,328.00,186.30,0.11,173.30,226.67,265.31,149.86,250.78,29.00,0.00,29.48,0.00,15.74,6.24,0.01,8.52,631.47,299.99
2025-04-10 17:40,-0.19,0.00,369.96,4.81,363.00,227.91,0.11,172.66,273.04,252.46,136.44,227.15,28.80,0.00,24.92,0.27,17.42,7.63,0.01,8.48,547.37,325.06
2025-04-10 17:45,-0.07,0.00,395.64,50.13,385.00,225.23,0.11,176.56,215.60,246.96,121.58,203.52,28.60,0.00,25.99,2.77,18.47,7.54,0.01,8.68,619.60,341.73
2025-04-10 17:50,-0.16,0.00,218.46,50.13,395.00,225.90,49.21,174.70,228.10,256.21,107.84,179.89,28.40,0.00,14.41,2.77,18.95,7.56,2.60,8.59,454.72,299.99
2025-04-10 17:55,-0.11,0.00,140.92,4.01,397.00,225.90,158.56,173.53,367.19,244.73,85.53,156.27,28.20,0.00,9.49,0.22,19.05,7.56,9.05,8.53,386.93,275.98
2025-04-10 18:00,-0.16,0.00,174.20,-0.49,378.00,223.88,224.81,173.60,313.30,241.57,62.82,132.64,28.00,0.00,11.76,0.00,18.14,7.50,12.57,8.53,445.43,275.98
2025-04-10 18:05,-0.72,0.00,159.74,-0.49,391.00,225.90,273.73,190.17,302.77,233.12,46.73,112.72,27.58,0.00,10.86,0.00,18.76,7.56,15.16,9.35,458.34,255.55
2025-04-10 18:10,-0.17,0.00,101.35,-0.49,394.00,226.57,270.75,190.94,267.80,218.73,33.89,92.80,27.17,0.00,6.76,0.00,18.91,7.59,14.86,9.38,433.00,223.27
2025-04-10 18:15,-0.13,0.00,129.20,-0.49,396.00,226.57,258.52,190.60,257.98,212.89,22.60,72.88,26.75,0.00,8.57,0.00,19.00,7.59,13.43,9.37,461.11,157.22
2025-04-10 18:20,-0.14,0.00,173.27,0.01,376.00,226.57,260.52,191.65,236.59,210.66,9.50,52.96,26.33,0.00,11.56,0.00,18.04,7.59,13.50,9.42,518.50,217.36
2025-04-10 18:25,-0.37,0.00,164.35,0.01,396.00,225.90,285.20,189.88,231.03,212.96,4.81,33.04,25.92,0.00,10.92,0.00,19.00,7.56,14.99,9.33,524.52,200.00
2025-04-10 18:30,-0.14,0.00,260.82,0.01,395.00,225.90,265.98,190.36,251.51,202.40,1.96,13.12,25.50,0.00,17.24,0.00,18.95,7.56,13.79,9.35,624.61,159.06
2025-04-10 18:35,-0.19,0.00,264.21,0.01,396.00,227.24,265.19,192.26,256.19,200.14,1.17,10.94,25.07,0.00,17.54,0.00,19.00,7.61,13.72,9.45,628.87,222.68
2025-04-10 18:40,-3.32,0.00,305.71,0.01,392.00,225.23,309.46,188.66,130.51,195.14,0.02,8.75,24.63,0.00,20.01,0.00,18.81,7.54,16.46,9.27,758.34,164.61
2025-04-10 18:45,-0.01,0.00,339.92,0.01,397.00,176.91,269.78,191.62,143.08,199.45,0.02,6.57,24.20,0.00,22.34,0.00,19.05,5.92,13.99,9.42,812.40,175.68
2025-04-10 18:50,-1.99,0.00,441.85,0.01,393.00,211.81,266.52,189.90,86.86,194.47,0.02,4.39,23.77,0.00,28.81,0.00,18.86,7.09,13.79,9.33,1034.81,176.24
2025-04-10 18:55,-2.48,0.00,447.90,0.01,394.00,225.90,251.59,190.57,83.99,190.34,0.02,2.20,23.33,0.00,29.36,0.00,18.91,7.56,12.87,9.36,1054.59,165.68
2025-04-10 19:00,0.00,0.00,464.27,0.01,397.00,172.21,254.95,190.43,111.88,180.20,0.00,0.02,22.90,0.00,30.21,0.00,19.05,5.77,13.04,9.36,1102.98,228.51
2025-04-10 19:05,-1.16,0.00,451.54,0.01,394.00,221.87,252.30,189.15,73.05,178.64,0.00,0.02,22.85,0.00,29.33,0.00,18.91,7.43,12.90,9.30,1091.07,166.21
2025-04-10 19:10,-1.04,0.00,509.03,0.01,396.00,169.53,252.91,190.63,87.77,179.71,0.00,0.01,22.80,0.00,33.57,0.00,19.00,5.68,12.94,9.37,1261.09,168.76
2025-04-10 19:15,-3.53,0.00,521.47,0.01,395.00,150.06,253.87,188.85,65.54,186.15,0.00,0.01,22.75,0.00,33.49,0.00,18.95,5.02,12.99,9.28,1339.14,167.53
2025-04-10 19:20,-3.26,0.00,518.14,0.01,394.00,150.06,252.89,190.46,61.42,195.22,0.00,0.01,22.70,0.00,33.43,0.00,18.91,5.02,12.94,9.36,1322.78,141.55
2025-04-10 19:25,-1.59,0.00,527.98,0.01,387.00,150.06,253.27,191.13,58.84,197.26,0.00,0.00,22.65,0.00,33.13,0.00,18.57,5.02,12.96,9.39,1340.31,141.39
2025-04-10 19:30,-0.12,0.00,562.20,0.01,390.00,150.06,254.74,191.13,67.49,203.35,0.00,0.00,22.60,0.00,35.17,0.00,18.71,5.02,13.04,9.39,1405.43,155.56
2025-04-10 19:35,-1.72,0.00,466.74,0.01,386.00,150.73,252.40,191.47,246.09,210.99,0.00,0.00,22.53,0.00,29.09,0.00,18.52,5.05,12.91,9.41,928.34,161.47
2025-04-10 19:40,-0.55,0.00,468.93,0.01,386.00,150.06,247.77,190.05,216.74,204.11,0.00,0.00,22.47,0.00,29.06,0.00,18.52,5.02,12.67,9.34,967.65,168.02
2025-04-10 19:45,-0.01,0.00,578.85,0.00,386.00,150.73,215.74,189.85,13.77,218.64,0.00,0.00,22.40,0.00,35.81,0.00,18.52,5.05,10.97,9.33,1604.76,167.90
2025-04-10 19:50,-0.84,0.00,585.36,0.00,387.00,150.06,212.01,189.93,3.56,223.20,0.00,0.00,22.33,0.00,35.84,0.00,18.57,5.02,10.78,9.33,1646.87,152.14
2025-04-10 19:55,-6.64,0.00,592.05,0.01,384.00,150.06,212.02,190.52,3.16,227.33,0.00,0.00,22.27,0.00,36.07,0.00,18.43,5.02,10.78,9.36,1681.76,150.76
2025-04-10 20:00,-0.72,0.00,578.17,0.00,387.00,149.39,212.81,190.65,5.37,235.43,0.00,0.00,22.20,0.00,34.90,0.00,18.57,5.00,10.82,9.37,1568.57,147.26
2025-04-10 20:05,-2.13,0.00,572.08,0.00,370.00,150.06,212.52,190.86,12.26,235.75,0.00,0.00,22.05,0.00,34.46,0.00,17.75,5.02,10.80,9.38,1555.64,160.62
2025-04-10 20:10,-0.68,0.00,581.65,0.00,371.00,150.06,172.09,192.39,4.14,236.05,0.00,0.00,21.90,0.00,34.67,0.00,17.80,5.02,8.67,9.45,1669.94,163.95
2025-04-10 20:15,-0.65,0.00,591.07,0.00,371.00,150.06,138.18,190.69,3.66,233.31,0.00,0.00,21.75,0.00,34.98,0.00,17.80,5.02,6.88,9.37,1794.63,163.01
2025-04-10 20:20,-2.15,0.00,621.36,0.00,370.00,150.73,94.81,191.42,1.40,228.11,0.00,0.00,21.60,0.00,36.59,0.00,17.75,5.05,4.59,9.41,2132.35,145.34
2025-04-10 20:25,-0.92,0.00,606.43,0.00,375.00,151.41,94.94,191.97,0.35,235.68,0.00,0.00,21.45,0.00,35.51,0.00,17.99,5.07,4.60,9.43,1971.22,139.53
2025-04-10 20:30,-1.64,0.00,656.45,0.00,372.00,149.39,95.27,189.20,0.31,236.63,0.00,0.00,21.30,0.00,38.14,0.00,17.85,5.00,4.61,9.30,2336.44,135.03
2025-04-10 20:35,-0.05,0.00,623.47,0.00,337.00,149.39,95.47,87.71,187.27,241.16,0.00,0.00,21.15,0.00,36.47,0.00,16.17,5.00,4.63,4.31,1683.91,136.73
2025-04-10 20:40,-4.92,0.00,633.48,0.00,301.00,150.73,95.46,86.93,204.03,241.47,0.00,0.00,21.00,0.00,37.18,0.00,14.44,5.05,4.62,4.27,1783.21,129.44
2025-04-10 20:45,-7.42,0.00,655.71,0.00,266.00,142.68,95.63,87.21,192.89,256.98,0.00,0.00,20.85,0.00,39.33,0.00,12.76,4.78,4.63,4.29,2087.24,138.04
2025-04-10 20:50,-0.77,0.00,706.22,0.00,228.00,149.39,95.60,186.72,14.49,260.83,0.00,0.00,20.70,0.00,42.13,0.00,10.94,5.00,4.63,9.18,3782.75,138.04
2025-04-10 20:55,0.00,0.00,712.98,0.00,219.00,148.72,68.66,192.86,32.02,256.75,0.00,0.00,20.55,0.00,42.54,0.00,10.51,4.98,3.21,9.48,4139.17,139.67
2025-04-10 21:00,-4.90,0.00,701.40,0.00,245.00,148.72,68.73,192.86,17.02,258.00,0.00,0.00,20.40,0.00,42.14,0.00,11.76,4.98,3.21,9.48,3833.15,138.04
2025-04-10 21:05,-4.94,0.00,690.52,0.00,254.00,148.72,68.76,191.97,12.82,270.11,0.00,0.00,20.28,0.00,41.88,0.00,12.19,4.98,3.21,9.43,3428.65,138.04
2025-04-10 21:10,-6.22,0.00,745.00,0.00,242.00,148.72,39.88,191.79,5.45,259.26,0.00,0.00,20.17,0.00,45.52,0.00,11.61,4.98,1.69,9.42,6467.61,138.04
2025-04-10 21:15,-4.84,0.00,735.77,0.00,232.00,149.39,39.91,192.35,11.48,261.72,0.00,0.00,20.05,0.00,45.24,0.00,11.13,5.00,1.69,9.45,5950.97,138.00
2025-04-10 21:20,-4.93,0.00,736.77,0.00,246.00,148.72,39.98,172.27,19.25,270.48,0.00,0.00,19.93,0.00,45.45,0.00,11.80,4.98,1.69,8.47,5604.57,138.04
2025-04-10 21:25,-6.02,0.00,730.26,0.00,256.00,148.72,12.47,190.46,0.23,288.08,0.00,0.00,19.82,0.00,44.88,0.00,12.28,4.98,0.53,9.36,5413.59,138.00
2025-04-10 21:30,-5.65,0.00,738.43,0.00,240.00,148.72,0.11,162.17,1.27,328.38,0.00,0.00,19.70,0.00,45.43,0.00,11.52,4.98,0.01,7.97,6142.04,129.44
2025-04-10 21:35,-4.92,0.00,749.05,0.00,241.00,126.57,0.11,88.04,23.02,367.81,0.00,0.00,19.60,0.00,46.20,0.00,11.56,4.24,0.01,4.33,8599.05,129.44
2025-04-10 21:40,-5.48,0.00,736.10,0.00,247.00,132.61,0.11,89.95,7.24,379.04,0.00,0.00,19.50,0.00,46.02,0.00,11.85,4.44,0.01,4.42,7002.93,129.44
2025-04-10 21:45,-5.68,0.00,750.53,0.00,243.00,113.82,0.11,88.44,3.67,375.79,0.00,0.00,19.40,0.00,47.25,0.00,11.66,3.81,0.01,4.35,11730.76,129.44
2025-04-10 21:50,-0.01,0.00,761.58,0.00,244.00,95.70,0.11,89.46,7.67,387.62,0.00,0.00,19.30,0.00,47.96,0.00,11.71,3.20,0.01,4.40,12819.94,129.44
2025-04-10 21:55,-5.42,0.00,739.74,0.00,244.00,90.34,0.11,89.45,9.18,429.63,0.00,0.00,19.20,0.00,46.85,0.00,11.71,3.02,0.01,4.40,6737.02,112.95
2025-04-10 22:00,-9.40,0.00,681.85,0.00,234.00,89.66,0.11,87.22,0.03,550.60,0.00,0.00,19.10,0.00,43.61,0.00,11.23,3.00,0.01,4.29,2757.73,99.34
2025-04-10 22:05,-74.59,0.00,712.70,0.00,237.00,60.14,0.11,88.76,0.13,573.03,0.00,0.00,19.02,0.00,45.36,0.00,11.37,2.01,0.01,4.36,4406.41,97.58
2025-04-10 22:10,-91.46,0.00,673.53,0.00,242.00,60.14,0.11,88.18,0.24,578.95,0.00,0.00,18.93,0.00,42.19,0.00,11.61,2.01,0.01,4.33,3527.64,104.03
2025-04-10 22:15,-15.01,0.00,595.68,0.00,253.00,89.66,0.11,90.49,15.80,574.56,0.00,0.00,18.85,0.00,37.31,0.00,12.14,3.00,0.01,4.45,1653.67,114.23
2025-04-10 22:20,-9.16,0.00,588.47,0.00,244.00,89.66,0.11,88.44,11.94,583.39,0.00,0.00,18.77,0.00,36.75,0.00,11.71,3.00,0.01,4.35,1594.88,105.03
2025-04-10 22:25,-1.50,0.00,584.99,0.00,242.00,88.99,0.11,86.58,3.50,586.69,0.00,0.00,18.68,0.00,36.54,0.00,11.61,2.98,0.01,4.25,1577.45,100.01
2025-04-10 22:30,-45.65,0.00,521.13,0.00,244.00,88.99,0.11,89.54,1.95,588.83,0.00,0.00,18.60,0.00,32.61,0.00,11.71,2.98,0.01,4.40,1389.31,99.44
2025-04-10 22:35,-81.07,0.00,533.75,0.00,249.00,82.28,0.11,89.71,1.97,587.99,0.00,0.00,18.55,0.00,33.38,0.00,11.95,2.76,0.01,4.41,1589.82,104.72
2025-04-10 22:40,-1.38,0.00,476.62,0.00,256.00,88.99,0.11,92.96,26.40,579.78,0.00,0.00,18.50,0.00,29.97,0.00,12.28,2.98,0.01,4.57,1055.47,114.85
2025-04-10 22:45,-0.02,0.00,476.38,0.00,251.00,88.32,0.11,89.65,9.78,578.02,0.00,0.00,18.45,0.00,30.24,0.00,12.04,2.96,0.01,4.41,1102.45,114.60
2025-04-10 22:50,-8.72,0.00,459.82,0.00,246.00,88.32,0.11,89.02,6.67,559.29,0.00,0.00,18.40,0.00,29.43,0.00,11.80,2.96,0.01,4.37,1119.00,119.66
2025-04-10 22:55,-19.60,0.00,461.78,0.00,247.00,89.66,0.11,90.01,5.76,553.85,0.00,0.00,18.35,0.00,29.81,0.00,11.85,3.00,0.01,4.42,1166.56,115.26
2025-04-10 23:00,-30.35,0.00,466.05,0.00,235.00,88.32,0.11,87.10,0.45,555.43,0.00,0.00,18.30,0.00,30.37,0.00,11.28,2.96,0.01,4.28,1248.23,99.30
2025-04-10 23:05,-72.66,0.00,486.62,0.00,252.00,59.46,0.11,92.71,6.29,573.05,0.00,0.00,18.17,0.00,31.90,0.00,12.09,1.99,0.01,4.56,1429.49,112.40
2025-04-10 23:10,-16.28,0.00,482.83,0.00,245.00,88.99,0.11,91.36,0.95,576.07,0.00,0.00,18.03,0.00,31.83,0.00,11.76,2.98,0.01,4.49,1217.34,112.21
2025-04-10 23:15,-2.71,0.00,463.03,0.00,245.00,89.66,0.11,90.78,16.13,573.11,0.00,0.00,17.90,0.00,30.76,0.00,11.76,3.00,0.01,4.46,1092.42,117.55
2025-04-10 23:20,-0.51,0.00,478.70,0.00,244.00,88.99,0.11,87.59,1.99,562.04,0.00,0.00,17.77,0.00,31.93,0.00,11.71,2.98,0.01,4.30,1209.07,118.01
2025-04-10 23:25,-0.03,0.00,482.53,0.00,237.00,89.66,0.11,89.46,3.12,557.56,0.00,0.00,17.63,0.00,32.60,0.00,11.37,3.00,0.01,4.40,1247.07,104.30
2025-04-10 23:30,0.00,0.00,418.10,0.00,248.00,89.66,0.11,89.89,21.50,545.50,0.00,0.00,17.50,0.00,28.69,0.00,11.90,3.00,0.01,4.42,999.32,121.66
2025-04-10 23:35,-1.26,0.00,450.70,0.00,240.00,88.99,0.11,89.34,0.99,529.15,0.00,0.00,17.47,0.00,31.45,0.00,11.52,2.98,0.01,4.39,1216.43,113.76
2025-04-10 23:40,0.00,0.00,468.22,0.00,251.00,89.66,0.11,90.30,24.07,503.12,0.00,0.00,17.43,0.00,32.82,0.00,12.04,3.00,0.01,4.44,1281.03,127.13
2025-04-10 23:45,-0.20,0.00,493.83,0.00,243.00,90.34,0.11,87.86,1.68,486.85,0.00,0.00,17.40,0.00,34.83,0.00,11.66,3.02,0.01,4.32,1553.78,126.04
2025-04-10 23:50,-0.22,0.00,547.55,0.00,246.00,88.32,0.11,91.46,8.66,481.69,0.00,0.00,17.37,0.00,38.72,0.00,11.80,2.96,0.01,4.49,1888.32,127.76
2025-04-10 23:55,-0.20,0.00,559.41,0.00,242.00,89.66,0.11,90.06,6.38,454.87,0.00,0.00,17.33,0.00,40.26,0.00,11.61,3.00,0.01,4.43,2200.20,126.38
2025-04-11 00:00,-3.83,0.00,543.74,0.00,249.00,89.66,0.11,90.47,17.93,456.59,0.00,0.00,17.30,0.00,39.47,0.00,11.95,3.00,0.01,4.45,1983.49,127.39
2025-04-11 00:05,-1.84,0.00,559.41,0.00,239.00,89.66,0.11,89.30,1.43,442.34,0.00,0.00,17.13,0.00,40.81,0.00,11.47,3.00,0.01,4.39,2382.17,129.44
2025-04-11 00:10,-0.01,0.00,566.42,0.00,203.00,132.61,0.11,89.51,15.54,423.24,0.00,0.00,16.97,0.00,40.83,0.00,9.74,4.44,0.01,4.40,2395.97,130.38
2025-04-11 00:15,-0.02,0.00,590.58,0.00,161.00,146.71,0.11,90.68,23.11,405.94,0.00,0.00,16.80,0.00,42.95,0.00,7.73,4.91,0.01,4.46,3041.16,133.45
2025-04-11 00:20,-0.04,0.00,635.81,0.00,129.00,148.05,0.11,89.49,24.53,404.54,0.00,0.00,16.63,0.00,46.71,0.00,6.19,4.96,0.01,4.40,4673.37,133.49
2025-04-11 00:25,-0.08,0.00,650.94,0.00,123.00,148.72,0.11,89.42,6.39,415.22,0.00,0.00,16.47,0.00,48.20,0.00,5.90,4.98,0.01,4.39,5777.99,133.24
2025-04-11 00:30,0.00,0.00,633.69,0.00,125.00,148.05,0.11,92.09,40.58,421.60,0.00,0.00,16.30,0.00,47.33,0.00,6.00,4.96,0.01,4.53,3891.15,131.23
2025-04-11 00:35,-20.03,0.00,606.20,0.00,121.00,146.71,0.11,189.38,27.68,418.41,0.00,0.00,16.27,0.00,45.61,0.00,5.81,4.91,0.01,9.31,2843.21,134.29
2025-04-11 00:40,-19.89,0.00,618.82,0.00,128.00,149.39,0.11,192.39,0.38,411.66,0.00,0.00,16.23,0.00,46.08,0.00,6.14,5.00,0.01,9.45,3290.09,130.68
2025-04-11 00:45,-16.72,0.00,562.34,0.00,130.00,148.72,0.11,193.50,54.29,419.54,0.00,0.00,16.20,0.00,42.89,0.00,6.24,4.98,0.01,9.51,2079.80,145.56
2025-04-11 00:50,-18.30,0.00,551.71,0.00,165.00,148.72,0.11,192.92,22.78,422.02,0.00,0.00,16.17,0.00,42.58,0.00,7.92,4.98,0.01,9.48,2043.12,136.04
2025-04-11 00:55,-19.23,0.00,558.92,0.00,141.00,148.72,0.11,193.58,21.96,432.08,0.00,0.00,16.13,0.00,43.52,0.00,6.77,4.98,0.01,9.51,2163.55,138.04
2025-04-11 01:00,-23.30,0.00,561.34,0.00,140.00,148.72,0.11,189.84,0.13,438.26,0.00,0.00,16.10,0.00,43.17,0.00,6.72,4.98,0.01,9.33,2317.79,129.44
2025-04-11 01:05,-19.07,0.00,514.49,0.00,125.00,137.31,0.11,192.19,15.27,454.02,0.00,0.00,16.00,0.00,40.50,0.00,6.00,4.60,0.01,9.44,1861.38,129.44
2025-04-11 01:10,-0.38,0.00,515.14,0.00,125.00,109.80,0.11,193.00,4.33,467.24,0.00,0.00,15.90,0.00,40.73,0.00,6.00,3.68,0.01,9.48,1872.06,128.95
2025-04-11 01:15,0.00,0.00,500.42,-0.10,134.00,91.01,0.11,192.16,22.61,478.99,0.00,0.00,15.80,0.00,39.84,0.00,6.43,3.05,0.01,9.44,1685.64,129.44
2025-04-11 01:20,-0.06,0.00,486.95,-0.10,117.00,123.89,0.11,191.99,2.41,499.37,0.00,0.00,15.70,0.00,38.59,0.00,5.61,4.15,0.01,9.43,1549.22,126.87
2025-04-11 01:25,-1.03,0.00,455.88,-0.10,119.00,90.34,0.11,192.40,5.09,519.83,0.00,0.00,15.60,0.00,36.60,0.00,5.71,3.02,0.01,9.45,1399.85,123.04
2025-04-11 01:30,-0.02,0.00,443.42,-0.10,128.00,89.66,0.11,193.04,13.06,513.33,0.00,0.00,15.50,0.00,35.70,0.00,6.14,3.00,0.01,9.49,1320.91,125.33
2025-04-11 01:35,0.00,0.00,451.11,-0.10,130.00,89.66,0.11,193.06,13.10,498.55,0.00,0.00,15.57,0.00,36.51,0.00,6.24,3.00,0.01,9.49,1400.70,129.44
2025-04-11 01:40,0.00,0.00,445.86,-0.10,132.00,105.77,0.11,192.72,34.15,484.78,0.00,0.00,15.63,0.00,36.06,0.00,6.33,3.54,0.01,9.47,1320.54,130.66
2025-04-11 01:45,-4.01,0.00,425.63,-0.10,120.00,150.73,0.11,189.33,14.25,491.02,0.00,0.00,15.70,0.00,35.25,0.00,5.76,5.05,0.01,9.30,1240.19,128.14
2025-04-11 01:50,-0.08,0.00,455.30,-0.10,121.00,94.36,0.11,190.51,11.83,479.04,0.00,0.00,15.77,0.00,37.62,0.00,5.81,3.16,0.01,9.36,1521.16,124.04
2025-04-11 01:55,-0.04,0.00,449.84,0.00,126.00,90.34,0.11,192.69,21.00,465.12,0.00,0.00,15.83,0.00,37.13,0.00,6.05,3.02,0.01,9.47,1500.06,128.77
2025-04-11 02:00,-0.03,0.00,466.16,0.00,123.00,90.34,0.11,193.09,16.37,444.37,0.00,0.00,15.90,0.00,38.33,0.00,5.90,3.02,0.01,9.49,1697.96,129.44
2025-04-11 02:05,-0.01,0.00,487.47,0.00,129.00,90.34,0.11,193.32,23.99,432.24,0.00,0.00,15.92,0.00,40.25,0.00,6.19,3.02,0.01,9.50,1854.96,129.44
2025-04-11 02:10,-2.18,0.00,491.89,0.00,117.00,127.25,0.11,189.29,6.61,404.34,0.00,0.00,15.93,0.00,40.86,0.00,5.61,4.26,0.01,9.30,2055.66,119.70
2025-04-11 02:15,-0.05,0.00,512.83,0.00,124.00,89.66,0.11,191.91,13.78,384.23,0.00,0.00,15.95,0.00,42.42,0.00,5.95,3.00,0.01,9.43,2509.29,116.88
2025-04-11 02:20,-0.08,0.00,511.06,0.00,123.00,89.66,0.11,191.59,9.83,379.80,0.00,0.00,15.97,0.00,42.14,0.00,5.90,3.00,0.01,9.42,2565.32,115.11
2025-04-11 02:25,-0.35,0.00,542.39,0.00,120.00,89.66,0.11,191.30,5.66,369.24,0.00,0.00,15.98,0.00,44.41,0.00,5.76,3.00,0.01,9.40,3219.67,108.98
2025-04-11 02:30,-0.01,0.00,542.85,0.00,132.00,90.34,0.11,193.21,26.22,345.35,0.00,0.00,16.00,0.00,44.37,0.00,6.33,3.02,0.01,9.49,3105.39,129.44
2025-04-11 02:35,-0.08,0.00,519.05,0.00,122.00,133.29,0.11,192.13,8.16,347.72,0.00,0.00,15.98,0.00,42.71,0.00,5.85,4.46,0.01,9.44,2637.42,126.53
2025-04-11 02:40,-0.03,0.00,555.90,0.00,126.00,90.34,0.11,191.94,10.55,325.14,0.00,0.00,15.97,0.00,45.68,0.00,6.05,3.02,0.01,9.43,4094.01,126.46
2025-04-11 02:45,-1.25,0.00,571.17,0.00,123.00,88.99,0.11,191.59,15.25,329.71,0.00,0.00,15.95,0.00,46.71,0.00,5.90,2.98,0.01,9.42,4427.18,121.75
2025-04-11 02:50,0.00,0.00,555.94,0.00,128.00,89.66,0.11,193.10,17.63,322.80,0.00,0.00,15.93,0.00,45.12,0.00,6.14,3.00,0.01,9.49,3916.40,129.44
2025-04-11 02:55,-5.97,0.00,574.84,0.00,117.00,119.86,0.11,191.27,0.14,321.67,0.00,0.00,15.92,0.00,46.56,0.00,5.61,4.01,0.01,9.40,4650.77,111.68
2025-04-11 03:00,-22.27,0.00,584.89,0.00,123.00,88.99,0.11,194.09,5.40,307.15,0.00,0.00,15.90,0.00,47.52,0.00,5.90,2.98,0.01,9.54,7091.90,117.46
2025-04-11 03:05,-30.36,0.00,595.04,0.00,125.00,91.01,0.11,192.28,5.26,308.92,0.00,0.00,15.83,0.00,47.73,0.00,6.00,3.05,0.01,9.45,8179.20,118.55
2025-04-11 03:10,-20.24,0.00,609.60,0.00,117.00,90.34,0.11,190.28,2.86,301.43,0.00,0.00,15.77,0.00,49.12,0.00,5.61,3.02,0.01,9.35,11158.24,100.01
2025-04-11 03:15,-38.44,0.00,613.98,0.00,122.00,91.01,0.11,191.50,0.29,302.34,0.00,0.00,15.70,0.00,49.48,0.00,5.85,3.05,0.01,9.41,14841.52,102.82
2025-04-11 03:20,-22.08,0.00,594.69,0.00,124.00,91.01,0.11,193.71,6.08,313.14,0.00,0.00,15.63,0.00,47.88,0.00,5.95,3.05,0.01,9.52,7161.95,102.84
2025-04-11 03:25,-18.70,0.00,598.71,0.00,122.00,90.34,0.11,192.63,5.22,317.12,0.00,0.00,15.57,0.00,48.10,0.00,5.85,3.02,0.01,9.47,7249.57,0.00
2025-04-11 03:30,-24.11,0.00,592.64,0.00,121.00,91.01,0.11,191.97,6.78,319.45,0.00,0.00,15.50,0.00,47.42,0.00,5.81,3.05,0.01,9.43,6943.98,107.09
2025-04-11 03:35,-30.43,0.00,609.71,-0.10,115.00,90.34,0.11,190.19,0.17,311.23,0.00,0.00,15.58,0.00,48.83,0.00,5.52,3.02,0.01,9.35,11988.11,100.01
2025-04-11 03:40,-69.90,0.00,616.53,0.00,128.00,90.34,0.11,192.71,4.95,318.34,0.00,0.00,15.67,0.00,49.51,0.00,6.14,3.02,0.01,9.47,17036.24,100.01
2025-04-11 03:45,-18.18,0.00,616.71,0.00,126.00,91.01,0.11,193.29,2.50,321.32,0.00,0.00,15.75,0.00,48.89,0.00,6.05,3.05,0.01,9.50,8153.77,111.36
2025-04-11 03:50,-25.87,0.00,609.39,0.00,131.00,91.01,0.11,191.79,3.92,322.43,0.00,0.00,15.83,0.00,48.38,0.00,6.29,3.05,0.01,9.42,7674.22,112.93
2025-04-11 03:55,-18.01,0.00,607.88,0.00,115.00,90.34,0.11,189.50,2.56,331.19,0.00,0.00,15.92,0.00,48.49,0.00,5.52,3.02,0.01,9.31,7744.12,100.66
2025-04-11 04:00,-17.72,0.00,587.55,0.00,123.00,90.34,0.11,192.87,1.22,329.71,0.00,0.00,16.00,0.00,46.73,0.00,5.90,3.02,0.01,9.48,5923.63,100.01
2025-04-11 04:05,-36.55,0.00,580.06,0.00,134.00,90.34,0.11,194.20,6.44,328.45,0.00,0.00,16.07,0.00,46.09,0.00,6.43,3.02,0.01,9.54,5705.11,128.44
2025-04-11 04:10,-42.51,0.00,566.76,0.00,127.00,135.30,0.11,192.08,0.81,332.26,0.00,0.00,16.13,0.00,44.99,0.00,6.09,4.53,0.01,9.44,4378.85,128.44
2025-04-11 04:15,-25.59,0.00,569.22,0.00,122.00,98.39,0.11,192.16,11.43,346.99,0.00,0.00,16.20,0.00,45.26,0.00,5.85,3.29,0.01,9.44,4347.62,128.44
2025-04-11 04:20,-25.72,0.00,547.27,0.00,119.00,110.47,0.11,191.90,5.42,351.00,0.00,0.00,16.27,0.00,43.62,0.00,5.71,3.70,0.01,9.43,3658.31,127.92
2025-04-11 04:25,-24.98,0.00,564.16,0.00,119.00,90.34,0.11,191.32,8.44,352.32,0.00,0.00,16.33,0.00,45.12,0.00,5.71,3.02,0.01,9.40,4403.70,0.00
2025-04-11 04:30,-23.97,0.00,528.84,0.00,125.00,110.47,0.11,193.33,17.70,362.36,0.00,0.00,16.40,0.00,42.34,0.00,6.00,3.70,0.01,9.50,2883.16,128.44
2025-04-11 04:35,-24.58,0.00,525.92,0.00,128.00,118.52,0.11,193.03,9.24,374.39,0.00,0.00,16.57,0.00,42.09,0.00,6.14,3.97,0.01,9.49,2713.78,127.87
2025-04-11 04:40,-3.35,0.00,506.50,0.00,115.00,91.01,0.11,193.56,11.20,376.81,0.00,0.00,16.73,0.00,40.75,0.00,5.52,3.05,0.01,9.51,2540.86,125.49
2025-04-11 04:45,-1.96,0.00,493.76,0.00,115.00,90.34,0.11,192.63,14.96,384.41,0.00,0.00,16.90,0.00,39.71,0.00,5.52,3.02,0.01,9.47,2295.97,125.25
2025-04-11 04:50,-3.62,0.00,505.87,0.00,117.00,91.01,0.11,190.55,0.18,372.88,0.00,0.00,17.07,0.00,40.74,0.00,5.61,3.05,0.01,9.36,2689.45,124.84
2025-04-11 04:55,-0.08,0.00,488.39,0.00,124.00,89.66,0.11,193.07,25.23,370.30,0.00,0.00,17.23,0.00,39.34,0.00,5.95,3.00,0.01,9.49,2209.14,129.95
2025-04-11 05:00,-0.16,0.00,466.07,0.00,119.00,142.68,0.11,191.79,9.99,360.43,0.00,0.00,17.40,0.00,37.43,0.00,5.71,4.78,0.01,9.42,1923.47,128.44
2025-04-11 05:05,-0.16,0.00,480.37,0.00,120.00,118.52,0.11,193.77,8.90,357.70,0.00,0.00,17.37,0.00,38.57,0.00,5.76,3.97,0.01,9.52,2178.91,128.44
2025-04-11 05:10,-0.03,0.00,476.95,0.00,127.00,130.60,0.11,192.87,10.12,342.38,0.00,0.00,17.33,0.00,38.05,0.00,6.09,4.37,0.01,9.48,2134.47,130.62
2025-04-11 05:15,-0.52,0.00,472.14,0.00,122.00,148.72,0.11,191.24,2.18,341.28,0.00,0.00,17.30,0.00,37.67,0.00,5.85,4.98,0.01,9.40,2087.46,129.22
2025-04-11 05:20,-0.86,0.00,473.88,0.00,118.00,148.72,0.11,191.49,4.95,330.95,0.00,0.00,17.27,0.00,37.61,0.00,5.66,4.98,0.01,9.41,2166.06,130.91
2025-04-11 05:25,-0.07,0.00,470.14,0.00,121.00,149.39,0.11,194.54,10.73,324.22,0.00,0.00,17.23,0.00,37.17,0.00,5.81,5.00,0.01,9.56,2094.00,138.04
2025-04-11 05:30,-0.04,0.00,551.85,0.00,151.00,148.72,0.11,193.85,17.74,310.75,0.00,0.00,17.20,0.00,43.44,0.00,7.25,4.98,0.01,9.53,2894.94,159.85
2025-04-11 05:35,-22.20,0.00,478.68,0.00,181.00,148.72,0.11,192.39,18.87,299.91,0.00,0.00,17.17,0.00,38.01,0.00,8.69,4.98,0.01,9.45,2157.00,158.21
2025-04-11 05:40,-24.54,0.00,469.78,0.00,215.00,149.39,0.11,191.79,3.90,292.65,0.00,0.00,17.13,0.00,37.57,0.00,10.32,5.00,0.01,9.42,2085.77,151.02
2025-04-11 05:45,-24.00,0.00,449.23,0.00,255.00,148.72,0.11,192.43,11.79,290.80,0.00,0.00,17.10,0.00,35.82,0.00,12.24,4.98,0.01,9.46,1762.14,155.95
2025-04-11 05:50,-24.00,0.00,424.49,0.00,295.00,148.72,0.11,192.97,5.95,279.37,0.00,0.00,17.07,0.00,33.98,0.00,14.16,4.98,0.01,9.48,1586.25,154.66
2025-04-11 05:55,-27.40,0.00,439.67,0.00,326.00,148.72,0.11,191.45,1.46,266.81,0.00,0.00,17.03,0.00,35.34,0.00,15.64,4.98,0.01,9.41,1678.19,153.02
2025-04-11 06:00,-24.01,0.00,415.80,0.00,369.00,148.72,0.11,190.81,4.42,269.55,0.00,0.00,17.00,0.00,33.09,0.00,17.71,4.98,0.01,9.38,1440.58,154.71
2025-04-11 06:05,-25.18,0.00,351.31,0.00,392.00,149.39,0.11,189.24,0.41,261.36,0.00,0.00,16.87,0.00,28.03,0.00,18.81,5.00,0.01,9.30,1191.24,170.44
2025-04-11 06:10,-29.37,0.00,328.27,0.00,396.00,184.96,0.11,192.58,2.86,253.34,0.00,0.00,16.73,0.00,24.62,0.00,19.00,6.19,0.01,9.46,1058.35,170.44
2025-04-11 06:15,-2.97,0.00,293.40,0.00,399.00,168.85,0.11,191.55,7.53,257.29,0.00,0.00,16.60,0.00,21.72,0.00,19.15,5.65,0.01,9.41,922.20,0.00
2025-04-11 06:20,-1.27,0.00,288.32,0.00,391.00,212.48,0.11,190.05,9.37,258.53,0.00,0.00,16.47,0.00,21.31,0.00,18.76,7.11,0.01,9.34,878.87,179.01
2025-04-11 06:25,0.00,0.00,258.09,0.00,401.00,230.60,0.11,193.19,15.70,252.90,0.00,0.00,16.33,0.00,18.94,0.00,19.24,7.72,0.01,9.49,795.90,197.11
2025-04-11 06:30,-2.77,0.00,278.43,0.00,396.00,226.57,0.11,189.78,29.22,237.88,0.00,0.00,16.20,0.00,20.53,0.00,19.00,7.59,0.01,9.33,848.58,180.03
2025-04-11 06:35,-0.05,0.00,269.58,0.00,398.00,231.94,0.10,192.22,38.28,230.54,0.00,0.00,16.17,0.00,19.78,0.00,19.10,7.77,0.01,9.45,819.46,197.52
2025-04-11 06:40,-0.22,0.00,261.06,0.00,397.00,227.91,54.40,192.16,35.07,221.29,0.00,0.00,16.13,0.00,19.46,0.00,19.05,7.63,2.43,9.44,803.48,186.14
2025-04-11 06:45,-0.60,0.00,276.40,0.00,396.00,226.57,64.65,192.20,23.26,216.77,0.00,0.00,16.10,0.00,20.66,0.00,19.00,7.59,2.98,9.45,850.01,192.77
2025-04-11 06:50,-0.20,0.00,291.15,0.00,395.00,227.91,64.92,192.20,22.67,218.43,0.00,0.00,16.07,0.00,21.78,0.00,18.95,7.63,2.99,9.45,879.16,155.50
2025-04-11 06:55,-6.58,0.00,338.28,0.00,394.00,168.18,64.36,189.82,16.62,215.94,0.00,0.00,16.03,0.00,25.38,0.00,18.91,5.63,2.96,9.33,1060.35,155.70
2025-04-11 07:00,-5.08,0.00,391.52,0.00,394.00,150.73,64.58,190.08,12.36,221.11,0.00,0.00,16.00,0.00,29.32,0.00,18.91,5.05,2.97,9.34,1236.87,138.00
2025-04-11 07:05,-1.73,0.00,383.72,0.00,359.00,150.06,64.67,145.27,30.38,224.49,0.00,1.43,15.88,0.00,28.75,0.00,17.23,5.02,2.98,7.14,1243.42,146.02
2025-04-11 07:10,-0.29,0.00,447.32,0.00,383.00,150.06,65.16,191.24,13.13,216.92,0.13,2.85,15.77,0.00,33.46,0.00,18.38,5.02,3.00,9.40,1445.76,138.42
2025-04-11 07:15,-2.77,0.00,458.85,0.00,358.00,150.73,64.17,190.97,3.87,220.70,1.40,4.28,15.65,0.00,34.65,0.00,17.18,5.05,2.96,9.38,1559.70,134.99
2025-04-11 07:20,-3.88,0.00,535.85,0.00,324.00,150.06,64.78,86.63,5.52,225.41,2.16,5.71,15.53,0.00,41.04,0.00,15.55,5.02,2.98,4.26,2545.88,139.20
2025-04-11 07:25,-2.18,0.00,489.51,0.00,336.00,150.73,64.55,173.22,5.92,225.00,5.18,7.13,15.42,0.00,38.49,0.00,16.12,5.05,2.97,8.51,1793.38,138.04
2025-04-11 07:30,-9.41,0.00,488.98,0.00,328.00,150.73,64.63,190.31,3.41,229.18,10.84,8.56,15.30,0.00,38.41,0.00,15.74,5.05,2.98,9.35,1761.44,138.00
2025-04-11 07:35,-3.22,0.00,515.93,0.00,295.00,150.06,64.68,116.47,8.54,232.14,17.70,23.04,15.62,0.00,40.27,0.00,14.15,5.02,2.98,5.72,2105.20,138.04
2025-04-11 07:40,0.00,0.00,486.10,0.00,296.00,151.41,65.30,192.37,21.29,239.59,29.08,37.52,15.93,0.00,38.30,0.00,14.20,5.07,3.01,9.45,1537.95,138.04
2025-04-11 07:45,-2.20,0.00,479.17,0.00,310.00,148.72,64.77,189.93,5.77,246.26,40.55,52.01,16.25,0.00,37.70,0.00,14.87,4.98,2.98,9.33,1453.95,138.00
2025-04-11 07:50,-7.50,0.00,466.80,0.00,273.00,150.73,64.42,171.27,3.17,248.76,51.39,66.49,16.57,0.00,36.48,0.00,13.10,5.05,2.97,8.42,1427.48,135.71
2025-04-11 07:55,0.00,0.00,501.39,0.00,250.00,151.41,64.80,90.67,14.39,268.13,59.44,80.97,16.88,0.00,39.43,0.00,12.00,5.07,2.98,4.46,1603.72,138.04
2025-04-11 08:00,-11.76,0.00,440.26,0.00,246.00,150.73,64.71,191.56,3.30,270.78,78.10,95.45,17.20,0.00,35.22,0.00,11.80,5.05,2.98,9.41,1192.59,131.91
2025-04-11 08:05,0.00,0.00,468.05,0.00,219.00,150.06,65.16,89.91,23.36,263.93,97.82,120.13,17.45,0.00,36.55,0.00,10.51,5.02,3.00,4.42,1271.97,138.04
2025-04-11 08:10,-0.01,0.00,428.43,0.00,235.00,149.39,24.69,193.30,10.08,266.43,126.28,144.81,17.70,0.00,34.07,0.00,11.28,5.00,1.19,9.50,1015.13,138.04
2025-04-11 08:15,0.00,0.00,424.15,0.00,256.00,150.06,0.11,192.98,17.10,261.11,118.44,169.48,17.95,0.00,34.00,0.00,12.28,5.02,0.01,9.48,984.48,138.04
2025-04-11 08:20,0.00,0.00,376.30,0.00,271.00,150.06,0.11,192.63,63.14,259.94,123.09,194.16,18.20,0.00,30.28,0.00,13.00,5.02,0.01,9.47,789.88,138.00
2025-04-11 08:25,-1.54,0.00,397.57,0.00,238.00,149.39,0.11,138.16,29.87,254.50,194.84,218.84,18.45,0.00,32.25,0.00,11.42,5.00,0.01,6.79,807.20,138.00
2025-04-11 08:30,-6.20,0.00,344.62,0.00,214.00,150.06,0.11,98.07,28.75,254.74,180.70,243.52,18.70,0.00,28.21,0.00,10.27,5.02,0.01,4.82,708.06,128.44
2025-04-11 08:35,-7.00,0.00,357.21,0.00,180.00,140.00,0.11,89.57,29.22,249.83,181.32,275.94,18.95,0.00,29.17,0.00,8.64,4.69,0.01,4.40,719.94,126.65
2025-04-11 08:40,-5.32,0.00,378.51,0.00,144.00,89.66,0.11,88.18,27.36,245.83,236.63,308.36,19.20,0.00,30.44,0.00,6.91,3.00,0.01,4.33,709.11,125.63
2025-04-11 08:45,0.00,0.00,405.68,0.00,128.00,91.01,0.11,89.31,38.46,247.09,264.18,340.78,19.45,0.00,32.83,0.00,6.14,3.05,0.01,4.39,702.10,122.36
2025-04-11 08:50,0.00,0.00,387.71,0.00,126.00,90.34,0.11,91.34,13.98,229.20,294.31,373.20,19.70,0.00,31.01,0.00,6.05,3.02,0.01,4.49,643.88,119.56
2025-04-11 08:55,-0.60,0.00,369.54,0.00,125.00,91.01,0.11,91.10,9.43,215.98,324.40,405.63,19.95,0.00,29.60,0.00,6.00,3.05,0.01,4.48,579.90,100.01
2025-04-11 09:00,-60.54,0.00,387.24,0.00,121.00,91.01,0.11,89.22,0.57,205.37,335.09,438.05,20.20,0.00,31.01,0.00,5.81,3.05,0.01,4.38,637.83,81.17
2025-04-11 09:05,0.00,0.00,291.28,0.00,127.00,60.14,0.11,91.81,7.13,201.36,345.42,470.98,20.32,0.00,23.33,0.00,6.09,2.01,0.01,4.51,426.12,114.39
2025-04-11 09:10,0.00,0.00,237.48,0.00,130.00,89.66,0.11,93.06,66.70,189.72,360.14,503.90,20.43,0.00,19.46,0.00,6.24,3.00,0.01,4.57,333.93,128.42
2025-04-11 09:15,-2.85,0.00,158.40,0.00,117.00,88.32,0.11,87.54,24.89,188.36,367.74,536.83,20.55,0.00,12.94,0.00,5.61,2.96,0.01,4.30,247.93,128.44
2025-04-11 09:20,-34.41,0.00,248.54,0.00,111.00,121.88,0.11,86.79,1.11,187.01,378.29,569.76,20.67,0.00,20.54,0.00,5.33,4.08,0.01,4.26,350.06,81.82
2025-04-11 09:25,-20.80,0.00,159.41,0.00,116.00,69.53,0.11,88.01,0.44,187.45,394.64,602.69,20.78,0.00,13.10,0.00,5.57,2.33,0.01,4.33,237.64,79.90
2025-04-11 09:30,-43.79,0.00,169.50,0.00,122.00,59.46,0.11,90.43,0.63,178.11,403.55,635.62,20.90,0.00,13.79,0.00,5.85,1.99,0.01,4.44,245.18,24.04
2025-04-11 09:35,-7.49,0.00,132.85,0.00,123.00,60.14,0.11,92.00,3.84,177.89,407.54,667.54,21.07,0.00,10.76,0.00,5.90,2.01,0.01,4.52,200.09,76.16
2025-04-11 09:40,-4.41,0.00,156.31,0.00,116.00,54.10,0.11,16.80,0.53,170.94,422.10,699.47,21.23,0.00,12.75,0.00,5.57,1.81,0.01,0.83,190.60,79.57
2025-04-11 09:45,0.00,0.00,155.66,0.00,122.00,0.00,0.11,10.27,2.05,168.57,432.87,731.39,21.40,0.00,12.73,0.00,5.85,0.00,0.01,0.50,174.73,45.91
2025-04-11 09:50,-3.22,0.00,157.52,0.00,116.00,0.00,0.11,9.06,0.33,158.87,439.53,763.32,21.57,0.00,12.84,0.00,5.57,0.00,0.01,0.45,170.56,20.86
2025-04-11 09:55,0.00,0.00,142.21,0.00,117.00,0.00,0.11,0.00,5.84,158.19,442.93,795.25,21.73,0.00,11.60,0.00,5.61,0.00,0.01,0.00,150.04,25.14
2025-04-11 10:00,-1.22,0.00,147.46,0.00,110.00,0.00,0.11,0.00,0.38,157.20,448.27,827.17,21.90,0.00,11.98,0.00,5.28,0.00,0.01,0.00,148.56,25.46
2025-04-11 10:05,-16.30,0.00,133.75,0.00,109.00,0.00,0.11,0.00,0.09,157.81,450.25,855.47,21.98,0.00,10.82,0.00,5.23,0.00,0.01,0.00,135.45,20.77
2025-04-11 10:10,-0.92,0.00,129.63,0.00,91.00,0.00,0.11,0.00,12.02,152.38,454.18,883.77,22.07,0.00,10.47,0.00,4.37,0.00,0.01,0.00,121.74,20.78
2025-04-11 10:15,-5.44,0.00,128.58,0.00,81.00,0.00,0.11,0.00,0.49,145.14,455.34,912.07,22.15,0.00,10.53,0.00,3.89,0.00,0.01,0.00,118.55,69.94
2025-04-11 10:20,-19.02,0.00,103.07,0.00,85.00,0.00,0.11,0.00,2.75,136.22,460.63,940.37,22.23,0.00,8.40,0.00,4.08,0.00,0.01,0.00,99.69,48.56
2025-04-11 10:25,-9.34,0.00,93.20,0.00,83.00,0.00,0.11,0.00,1.21,130.29,466.11,968.67,22.32,0.00,7.53,0.00,3.98,0.00,0.01,0.00,89.35,25.97
2025-04-11 10:30,-6.71,0.00,90.32,0.00,80.00,0.00,0.11,0.00,0.61,120.53,470.01,996.98,22.40,0.00,7.25,0.00,3.84,0.00,0.01,0.00,84.76,20.50
2025-04-11 10:35,-1.80,0.00,70.91,0.00,87.00,0.00,0.11,0.00,9.09,113.59,472.46,1020.78,22.50,0.00,5.67,0.00,4.17,0.00,0.01,0.00,72.50,9.10
2025-04-11 10:40,-1.65,0.00,51.36,0.00,83.00,0.00,0.11,0.09,8.55,105.95,474.83,1044.59,22.60,0.00,4.13,0.00,3.98,0.00,0.01,0.00,58.57,31.13
2025-04-11 10:45,-116.08,0.00,393.53,0.00,86.00,0.00,0.11,0.00,3.04,101.95,477.36,1068.39,22.70,0.00,31.63,0.00,4.13,0.00,0.01,0.00,349.67,76.26
2025-04-11 10:50,-149.12,0.00,117.00,0.00,84.00,0.00,0.11,0.00,1.90,101.12,479.08,1092.20,22.80,0.00,9.41,0.00,4.03,0.00,0.01,0.00,108.12,71.04
2025-04-11 10:55,-161.37,0.00,159.68,0.00,80.00,0.00,0.11,0.00,0.04,94.94,480.37,1116.00,22.90,0.00,12.82,0.00,3.84,0.00,0.01,0.00,137.86,9.10
2025-04-11 11:00,-157.65,0.00,164.51,0.00,84.00,0.00,0.11,0.00,0.25,90.89,482.76,1139.81,23.00,0.00,13.22,0.00,4.03,0.00,0.01,0.00,140.30,9.10
2025-04-11 11:05,-155.01,0.00,153.01,0.00,80.00,0.00,0.28,0.00,0.00,87.61,483.66,1158.10,23.25,0.00,12.30,0.00,3.84,0.00,0.02,0.00,129.09,51.19
2025-04-11 11:10,-203.19,0.00,173.34,0.00,83.00,0.00,0.11,0.00,0.07,85.92,485.52,1176.40,23.50,0.00,13.92,0.00,3.98,0.00,0.01,0.00,147.75,54.84
2025-04-11 11:15,-242.15,0.00,179.86,0.00,80.00,0.00,0.11,0.00,0.05,81.92,486.66,1194.69,23.75,0.00,14.43,0.00,3.84,0.00,0.01,0.00,154.30,24.89
2025-04-11 11:20,-199.06,0.00,165.09,0.00,83.00,0.00,0.28,0.00,0.00,80.04,487.87,1212.99,24.00,0.00,13.26,0.00,3.98,0.00,0.02,0.00,138.10,20.71
2025-04-11 11:25,-171.37,0.00,148.36,0.00,85.00,0.00,0.11,0.00,0.13,76.76,489.40,1231.28,24.25,0.00,11.95,0.00,4.08,0.00,0.01,0.00,123.08,9.10
2025-04-11 11:30,-186.80,0.00,150.07,0.00,87.00,0.00,0.11,0.00,0.17,75.98,489.28,1249.58,24.50,0.00,12.10,0.00,4.17,0.00,0.01,0.00,124.85,20.70
2025-04-11 11:35,-184.57,0.00,140.20,0.00,86.00,0.00,0.11,0.00,0.04,78.99,489.80,1266.86,24.68,0.00,11.28,0.00,4.13,0.00,0.01,0.00,115.78,28.76
2025-04-11 11:40,-200.29,0.00,134.97,0.00,83.00,0.00,0.28,0.00,0.00,78.00,492.35,1284.14,24.87,0.00,10.92,0.00,3.98,0.00,0.02,0.00,111.73,20.28
2025-04-11 11:45,-183.26,0.00,126.14,0.00,80.00,0.00,0.28,0.00,0.00,74.15,492.62,1301.42,25.05,0.00,10.15,0.00,3.84,0.00,0.02,0.00,102.59,19.60
2025-04-11 11:50,-197.10,0.00,125.54,0.00,88.00,0.00,0.11,0.00,0.00,74.54,492.48,1318.70,25.23,0.00,10.10,0.00,4.22,0.00,0.01,0.00,104.13,11.14
2025-04-11 11:55,-151.95,0.00,110.11,0.00,85.00,0.00,0.28,0.00,0.13,72.11,491.85,1335.98,25.42,0.00,8.86,0.00,4.08,0.00,0.02,0.00,90.26,35.94
2025-04-11 12:00,-195.70,0.00,115.13,0.00,83.00,0.00,0.11,0.00,0.02,75.21,491.66,1353.26,25.60,0.00,9.26,0.00,3.98,0.00,0.01,0.00,93.96,45.67
2025-04-11 12:05,-283.74,0.00,155.02,0.00,83.00,0.00,0.28,0.00,0.00,77.56,491.18,1358.69,25.50,0.00,12.49,0.00,3.98,0.00,0.02,0.00,125.91,12.22
2025-04-11 12:10,-262.83,0.00,154.30,0.00,81.00,0.00,0.11,0.00,0.00,76.34,487.92,1364.13,25.40,0.00,12.43,0.00,3.89,0.00,0.01,0.00,123.00,20.75
2025-04-11 12:15,-290.96,0.00,170.18,0.00,87.00,0.00,0.28,0.00,0.09,76.67,487.03,1369.56,25.30,0.00,13.77,0.00,4.17,0.00,0.02,0.00,138.24,51.12
2025-04-11 12:20,-311.29,0.00,170.64,0.00,80.00,0.00,0.11,0.00,0.00,76.25,486.88,1375.00,25.20,0.00,13.80,0.00,3.84,0.00,0.01,0.00,137.86,46.94
2025-04-11 12:25,-311.56,0.00,179.76,0.00,79.00,0.00,0.11,0.00,0.00,78.98,486.37,1380.43,25.10,0.00,14.54,0.00,3.79,0.00,0.01,0.00,143.47,79.02
2025-04-11 12:30,-329.95,0.00,172.56,0.00,79.00,0.00,0.11,0.00,0.00,81.92,486.07,1385.87,25.00,0.00,13.96,0.00,3.79,0.00,0.01,0.00,139.23,8.23
2025-04-11 12:35,-263.00,0.00,85.13,0.00,80.00,0.00,0.11,99.78,0.00,81.34,485.24,1387.95,25.07,0.00,6.85,0.00,3.84,0.00,0.01,4.90,104.82,7.68
2025-04-11 12:40,-220.04,0.00,49.03,0.00,96.00,0.00,0.11,104.48,6.15,79.04,485.43,1390.03,25.13,0.00,3.96,0.00,4.61,0.00,0.01,5.13,86.94,5.14
2025-04-11 12:45,-214.10,0.00,58.36,0.00,78.00,0.00,0.11,103.09,0.00,85.06,485.04,1392.10,25.20,0.00,4.68,0.00,3.74,0.00,0.01,5.07,86.58,9.10
2025-04-11 12:50,-169.67,0.00,81.59,0.00,88.00,0.00,0.11,0.00,2.53,89.63,484.70,1394.18,25.27,0.00,6.60,0.00,4.22,0.00,0.01,0.00,71.85,9.10
2025-04-11 12:55,-227.79,0.00,127.76,0.00,80.00,0.00,0.11,0.00,0.00,89.91,484.15,1396.26,25.33,0.00,10.28,0.00,3.84,0.00,0.01,0.00,100.01,0.60
2025-04-11 13:00,-217.40,0.00,111.21,0.00,80.00,0.00,0.11,0.00,19.98,95.57,484.23,1398.34,25.40,0.00,8.94,0.00,3.84,0.00,0.01,0.00,87.69,2.43
2025-04-11 13:05,-208.97,0.00,110.81,0.00,81.00,0.00,0.11,7.32,20.17,89.80,483.69,1398.30,25.53,0.00,8.87,0.00,3.89,0.00,0.01,0.36,89.43,8.81
2025-04-11 13:10,-203.21,0.00,109.20,0.00,86.00,0.00,0.11,4.12,0.00,88.03,483.24,1398.26,25.67,0.00,8.76,0.00,4.13,0.00,0.01,0.20,89.94,9.10
2025-04-11 13:15,-221.80,0.00,110.28,0.00,80.00,0.00,17.88,8.77,0.00,86.10,482.50,1398.22,25.80,0.00,8.85,0.00,3.84,0.00,1.28,0.43,99.20,10.48
2025-04-11 13:20,-163.51,0.00,77.15,0.00,84.00,0.00,25.06,0.00,0.42,90.03,482.28,1398.18,25.93,0.00,6.22,0.00,4.03,0.00,1.79,0.00,78.55,21.02
2025-04-11 13:25,-355.11,0.00,171.96,0.00,81.00,0.00,26.26,0.00,0.00,89.79,482.27,1398.14,26.07,0.00,13.78,0.00,3.89,0.00,1.88,0.00,151.25,12.33
2025-04-11 13:30,-306.18,0.00,169.64,0.00,81.00,0.00,26.43,0.00,0.00,93.97,482.27,1398.10,26.20,0.00,13.62,0.00,3.89,0.00,1.89,0.00,144.98,40.51
2025-04-11 13:35,-292.10,0.00,143.05,0.00,82.00,0.00,26.60,0.00,0.00,92.38,481.68,1388.23,26.42,0.00,11.46,0.00,3.93,0.00,1.90,0.00,126.93,9.10
2025-04-11 13:40,-349.13,0.00,174.55,0.00,81.00,0.00,26.77,0.00,0.00,91.17,481.20,1378.37,26.63,0.00,13.98,0.00,3.89,0.00,1.92,0.00,154.64,6.65
2025-04-11 13:45,-367.35,0.00,191.58,0.00,82.00,0.00,27.28,0.00,0.00,96.34,481.24,1368.50,26.85,0.00,15.31,0.00,3.93,0.00,1.95,0.00,169.99,0.01
2025-04-11 13:50,-347.27,0.00,187.26,0.00,80.00,0.00,26.26,0.00,0.00,99.74,481.27,1358.64,27.07,0.00,14.90,0.00,3.84,0.00,1.88,0.00,163.67,39.48
2025-04-11 13:55,-260.18,0.00,155.98,0.00,87.00,0.00,26.43,0.00,21.35,102.30,481.84,1348.77,27.28,0.00,12.41,0.00,4.17,0.00,1.89,0.00,134.23,49.95
2025-04-11 14:00,-251.39,0.00,140.01,0.00,82.00,0.00,27.45,0.00,48.10,102.42,482.35,1338.91,27.50,0.00,11.14,0.00,3.93,0.00,1.97,0.00,121.00,83.28
2025-04-11 14:05,-254.41,0.00,81.07,0.00,81.00,0.00,26.77,0.00,18.34,96.97,482.42,1327.64,27.50,0.00,6.49,0.00,3.89,0.00,1.92,0.00,86.86,30.73
2025-04-11 14:10,-168.94,0.00,119.54,0.00,107.00,0.00,35.66,0.00,0.00,110.84,479.16,1316.38,27.50,0.00,9.48,0.00,5.13,0.00,2.55,0.00,116.98,34.09
2025-04-11 14:15,-129.79,0.00,30.77,0.00,123.00,0.00,34.97,0.00,0.00,106.64,480.24,1305.12,27.50,0.00,2.44,0.00,5.90,0.00,2.50,0.00,68.88,52.65
2025-04-11 14:20,-66.92,0.00,64.47,0.00,127.00,0.00,35.15,0.00,0.31,113.77,480.22,1293.85,27.50,0.00,5.10,0.00,6.09,0.00,2.52,0.00,85.74,70.45
2025-04-11 14:25,-57.07,-95.75,0.00,0.00,123.00,0.00,34.63,0.00,0.00,117.29,481.59,1282.59,27.50,1.06,0.00,0.00,5.90,0.00,2.48,0.00,46.57,64.39
2025-04-11 14:30,-56.43,-90.08,0.00,0.00,121.00,0.00,36.51,0.00,0.00,122.53,485.15,1271.32,27.50,0.99,0.00,0.00,5.81,0.00,2.61,0.00,47.17,64.57
2025-04-11 14:35,-47.63,-83.25,0.00,0.00,126.00,0.00,35.66,0.00,2.41,122.36,485.46,1255.71,27.55,0.93,0.00,0.00,6.05,0.00,2.55,0.00,48.53,75.47
2025-04-11 14:40,-59.37,-75.13,0.00,0.00,118.00,0.00,35.83,0.00,0.71,124.42,484.79,1240.11,27.60,0.81,0.00,0.00,5.66,0.00,2.56,0.00,47.61,65.53
2025-04-11 14:45,-56.34,-59.04,0.00,0.00,115.00,0.00,34.12,0.00,0.00,120.35,485.25,1224.50,27.65,0.62,0.00,0.00,5.52,0.00,2.44,0.00,47.24,66.93
2025-04-11 14:50,-44.20,-51.10,0.00,0.00,118.00,0.00,34.80,0.00,1.67,127.09,468.72,1208.89,27.70,0.56,0.00,0.00,5.66,0.00,2.49,0.00,48.92,67.17
2025-04-11 14:55,-41.68,0.00,122.52,0.00,121.00,0.00,32.75,0.00,1.30,133.97,434.60,1193.29,27.75,0.00,9.62,0.00,5.81,0.00,2.34,0.00,121.68,77.22
2025-04-11 15:00,-53.84,0.00,32.62,0.00,120.00,0.00,35.32,0.00,5.06,136.46,417.49,1177.68,27.80,0.00,2.56,0.00,5.76,0.00,2.53,0.00,72.07,70.56
2025-04-11 15:05,-49.85,0.00,42.36,0.00,120.00,0.00,34.80,0.00,6.50,148.04,428.50,1157.58,27.85,0.00,3.32,0.00,5.76,0.00,2.49,0.00,77.01,70.97
2025-04-11 15:10,-44.54,0.00,153.59,0.00,125.00,0.00,18.23,0.00,0.98,150.95,410.78,1137.49,27.90,0.00,12.05,0.00,6.00,0.00,1.30,0.00,141.13,71.63
2025-04-11 15:15,-28.07,0.00,130.00,0.00,120.00,0.00,0.11,0.00,0.10,159.54,358.81,1117.39,27.95,0.00,10.22,0.00,5.76,0.00,0.01,0.00,120.02,70.78
2025-04-11 15:20,-18.16,0.00,200.52,0.00,118.00,0.00,0.11,0.00,0.11,172.68,332.31,1097.30,28.00,0.00,15.78,0.00,5.66,0.00,0.01,0.00,171.39,76.63
2025-04-11 15:25,-12.41,0.00,223.39,0.00,124.00,0.00,0.11,0.00,3.45,177.10,317.20,1077.20,28.05,0.00,17.58,0.00,5.95,0.00,0.01,0.00,193.04,81.35
2025-04-11 15:30,-13.82,0.00,242.07,0.00,115.00,0.00,0.11,0.00,0.08,193.46,317.67,1057.11,28.10,0.00,19.10,0.00,5.52,0.00,0.01,0.00,207.03,0.00
2025-04-11 15:35,-4.54,0.00,225.26,0.00,124.00,0.00,0.11,0.00,1.38,201.73,330.93,1028.61,28.18,0.00,17.72,0.00,5.95,0.00,0.01,0.00,195.02,0.00
2025-04-11 15:40,0.00,0.00,223.01,0.00,137.00,2.42,0.11,0.00,11.73,203.65,331.77,1000.12,28.27,0.00,16.98,0.00,6.57,0.08,0.01,0.00,193.81,112.24
2025-04-11 15:45,0.00,0.00,223.05,0.00,147.00,5.78,0.11,0.00,37.35,211.05,311.26,971.63,28.35,0.00,16.86,0.00,7.05,0.19,0.01,0.00,198.03,0.00
2025-04-11 15:50,-0.62,0.00,265.16,0.00,121.00,5.78,0.11,0.00,5.80,228.50,298.71,943.13,28.43,0.00,20.15,0.00,5.81,0.19,0.01,0.00,234.73,123.06
2025-04-11 15:55,-0.01,0.00,238.24,0.00,124.00,40.00,0.11,0.00,7.62,248.87,328.95,914.64,28.52,0.00,18.03,0.00,5.95,1.34,0.01,0.00,213.16,133.61
2025-04-11 16:00,-0.60,0.00,245.01,0.00,125.00,40.00,0.11,0.00,2.53,236.11,345.97,886.15,28.60,0.00,18.18,0.00,6.00,1.34,0.01,0.00,220.28,127.24
2025-04-11 16:05,-0.06,0.00,238.48,0.00,117.00,40.00,0.11,0.00,0.62,255.92,395.17,854.28,28.77,0.00,17.39,0.00,5.61,1.34,0.01,0.00,205.15,131.83
2025-04-11 16:10,0.00,0.00,199.27,0.00,126.00,69.53,0.11,0.00,44.58,255.78,418.20,822.41,28.93,0.00,14.57,0.00,6.05,2.33,0.01,0.00,179.14,135.11
2025-04-11 16:15,-1.05,0.00,234.48,0.00,118.00,69.53,0.11,0.00,0.39,267.67,403.45,790.54,29.10,0.00,17.51,0.00,5.66,2.33,0.01,0.00,216.40,124.00
2025-04-11 16:20,-0.69,0.00,245.06,0.00,119.00,69.53,0.11,0.00,31.41,271.39,391.54,758.67,29.27,0.00,18.03,0.00,5.71,2.33,0.01,0.00,224.16,138.04
2025-04-11 16:25,-0.02,0.00,248.44,0.00,122.00,78.93,0.11,0.00,43.80,292.19,388.41,726.80,29.43,0.00,18.23,0.00,5.85,2.64,0.01,0.00,228.51,134.70
2025-04-11 16:30,-0.36,0.00,234.61,0.00,151.00,104.43,0.11,0.00,33.64,314.44,381.31,694.93,29.60,0.00,16.96,0.00,7.25,3.50,0.01,0.00,230.15,149.52
2025-04-11 16:35,-2.25,0.00,220.80,0.00,189.00,69.53,0.11,0.00,67.30,315.04,338.09,661.29,29.50,0.00,15.99,0.00,9.07,2.33,0.01,0.00,231.93,138.04
2025-04-11 16:40,0.00,0.00,176.79,0.00,169.00,109.13,0.11,0.00,147.87,334.47,370.90,627.65,29.40,0.00,12.54,0.00,8.11,3.65,0.01,0.00,184.32,9.76
2025-04-11 16:45,0.00,0.00,143.07,0.00,189.00,108.45,0.11,0.00,104.49,347.94,361.94,594.01,29.30,0.00,9.96,0.00,9.07,3.63,0.01,0.00,174.00,99.44
2025-04-11 16:50,0.00,0.00,191.61,0.00,169.00,110.47,0.11,0.00,184.72,355.38,333.29,560.38,29.20,0.00,13.10,0.00,8.11,3.70,0.01,0.00,196.47,124.00
2025-04-11 16:55,-0.51,0.00,212.67,0.00,177.00,161.47,0.11,0.00,115.33,373.18,311.67,526.74,29.10,0.00,14.86,0.00,8.49,5.41,0.01,0.00,237.65,110.72
2025-04-11 17:00,0.00,0.00,137.35,0.00,190.00,218.52,0.11,0.00,222.13,378.44,283.71,493.10,29.00,0.00,9.62,0.00,9.12,7.32,0.01,0.00,189.68,124.00
2025-04-11 17:05,-2.03,0.00,132.12,0.00,217.00,223.88,0.11,0.00,112.52,389.83,263.08,459.87,28.80,0.00,9.15,0.00,10.41,7.50,0.01,0.00,211.96,130.62
2025-04-11 17:10,-1.86,0.00,328.74,0.00,188.00,167.51,0.11,0.00,12.06,401.18,259.45,426.64,28.60,0.00,24.71,0.00,9.02,5.61,0.01,0.00,419.96,125.09
2025-04-11 17:15,-43.99,0.00,405.09,0.00,146.00,166.17,0.11,0.00,0.00,411.13,235.97,393.41,28.40,0.00,29.40,0.00,7.01,5.56,0.01,0.00,557.42,132.64
2025-04-11 17:20,-4.96,0.00,602.87,0.00,128.00,189.66,0.11,0.00,41.19,427.91,216.59,360.18,28.20,0.00,44.13,0.00,6.14,6.35,0.01,0.00,899.06,138.00
2025-04-11 17:25,-4.18,0.00,629.05,0.00,120.00,187.65,0.11,0.00,18.38,424.14,194.71,326.95,28.00,0.00,45.82,0.00,5.76,6.28,0.01,0.00,1087.30,140.28
2025-04-11 17:30,0.00,0.00,618.74,0.00,131.00,189.66,0.11,0.00,141.02,441.16,175.96,293.72,27.80,0.00,45.25,0.00,6.29,6.35,0.01,0.00,921.47,159.79
2025-04-11 17:35,-5.59,0.00,573.90,0.00,127.00,226.57,0.11,0.00,99.98,440.23,153.03,265.08,27.63,0.00,42.02,0.00,6.09,7.59,0.01,0.00,912.55,180.77
2025-04-11 17:40,-3.52,0.00,393.61,0.00,121.00,191.67,0.11,77.82,116.62,457.84,130.34,236.45,27.47,0.00,28.28,0.00,5.81,6.42,0.01,3.82,569.12,158.71
2025-04-11 17:45,-0.33,0.00,548.38,0.00,125.00,227.91,0.11,86.58,152.61,459.84,110.64,207.81,27.30,0.00,39.30,0.00,6.00,7.63,0.01,4.25,835.19,159.94
2025-04-11 17:50,0.00,0.00,456.55,0.00,129.00,228.58,0.11,185.18,174.86,473.34,90.65,179.17,27.13,0.00,32.14,0.00,6.19,7.65,0.01,9.10,658.18,179.52
2025-04-11 17:55,-0.01,0.00,288.28,0.00,164.00,228.58,0.11,192.29,183.08,470.67,71.89,150.53,26.97,0.00,19.95,0.00,7.87,7.65,0.01,9.45,459.71,156.88
2025-04-11 18:00,0.00,0.00,280.17,0.00,205.00,227.24,0.11,191.03,183.08,470.65,54.23,121.89,26.80,0.00,19.02,0.00,9.84,7.61,0.01,9.39,469.16,170.44
2025-04-11 18:05,-0.23,0.00,262.19,0.00,241.00,225.90,50.91,188.62,169.49,480.97,39.01,103.96,26.60,0.00,17.71,0.00,11.56,7.56,2.69,9.27,473.24,155.88
2025-04-11 18:10,0.00,0.00,269.30,0.00,273.00,170.20,52.31,189.78,196.53,483.71,26.36,86.04,26.40,0.00,17.96,0.00,13.10,5.70,2.76,9.33,485.01,139.05
2025-04-11 18:15,0.00,0.00,254.00,0.00,313.00,150.06,52.31,189.38,190.35,497.34,16.69,68.11,26.20,0.00,16.93,0.00,15.02,5.02,2.76,9.31,481.15,140.66
2025-04-11 18:20,-0.15,0.00,231.06,0.00,343.00,207.11,52.81,189.47,150.79,504.44,8.93,50.18,26.00,0.00,15.40,0.00,16.46,6.93,2.79,9.31,478.85,138.33
2025-04-11 18:25,0.00,0.00,250.53,0.00,384.00,153.42,53.01,192.48,188.75,516.73,4.39,32.25,25.80,0.00,16.72,0.00,18.43,5.14,2.80,9.46,494.71,138.04
2025-04-11 18:30,0.00,0.00,206.14,0.00,396.00,197.04,53.21,192.61,173.12,514.44,1.93,14.32,25.60,0.00,13.67,0.00,19.00,6.60,2.81,9.47,462.83,138.00
2025-04-11 18:35,-0.07,0.00,222.48,0.00,395.00,149.39,52.91,190.51,210.56,500.44,0.90,11.93,25.42,0.00,14.68,0.00,18.95,5.00,2.79,9.36,472.78,138.04
2025-04-11 18:40,-0.08,0.00,221.83,0.00,383.00,150.06,53.11,191.32,208.66,516.54,0.01,9.55,25.23,0.00,14.61,0.00,18.38,5.02,2.81,9.40,467.06,131.20
2025-04-11 18:45,-0.09,0.00,242.20,0.01,385.00,150.06,53.11,190.45,172.78,513.00,0.01,7.16,25.05,0.00,15.90,0.00,18.47,5.02,2.81,9.36,503.36,131.65
2025-04-11 18:50,-2.26,0.00,235.62,0.00,377.00,150.06,53.51,191.03,177.03,527.77,0.01,4.77,24.87,0.00,15.28,0.00,18.09,5.02,2.83,9.39,488.46,129.99
2025-04-11 18:55,-8.70,0.00,247.73,0.00,350.00,150.06,53.61,191.30,176.91,542.36,0.01,2.39,24.68,0.00,16.11,0.00,16.79,5.02,2.83,9.40,497.38,131.29
2025-04-11 19:00,-7.95,0.00,265.61,0.01,311.00,149.39,53.51,173.77,175.98,559.13,0.00,0.00,24.50,0.00,17.33,0.00,14.92,5.00,2.83,8.54,507.72,128.44
2025-04-11 19:05,-4.50,0.00,275.00,0.01,300.00,150.06,53.61,191.68,156.92,574.41,0.00,0.00,24.33,0.00,18.19,0.00,14.39,5.02,2.83,9.42,521.53,129.99
2025-04-11 19:10,-1.50,0.00,336.94,0.01,266.00,150.06,53.61,87.80,162.86,600.70,0.00,0.00,24.17,0.00,23.09,0.00,12.76,5.02,2.83,4.31,586.47,127.19
2025-04-11 19:15,0.00,0.00,321.48,0.01,229.00,149.39,53.81,91.19,172.58,635.62,0.00,0.00,24.00,0.00,21.71,0.00,10.99,5.00,2.84,4.48,534.90,134.70
2025-04-11 19:20,0.00,0.00,445.11,0.01,188.00,149.39,53.81,87.86,182.74,661.07,0.00,0.00,23.83,0.00,30.38,0.00,9.02,5.00,2.84,4.32,704.97,126.19
2025-04-11 19:25,0.00,0.00,316.44,0.01,146.00,150.06,53.81,86.92,167.68,703.76,0.00,0.00,23.67,0.00,21.80,0.00,7.01,5.02,2.84,4.27,495.42,99.59
2025-04-11 19:30,0.00,0.00,323.73,0.00,126.00,131.27,54.01,90.41,160.98,737.83,0.00,0.00,23.50,0.00,22.46,0.00,6.05,4.40,2.85,4.44,493.80,99.15
2025-04-11 19:35,-0.45,0.00,317.13,0.00,116.00,148.72,53.91,86.61,125.04,765.83,0.00,0.00,23.40,0.00,22.00,0.00,5.57,4.98,2.85,4.26,486.26,97.41
2025-04-11 19:40,-2.10,0.00,264.59,0.01,122.00,90.34,54.11,180.47,139.49,803.58,0.00,0.00,23.30,0.00,18.07,0.00,5.85,3.02,2.86,8.87,413.15,116.93
2025-04-11 19:45,-1.50,0.00,211.94,0.01,124.00,147.38,54.31,189.97,156.43,807.03,0.00,0.00,23.20,0.00,14.53,0.00,5.95,4.93,2.87,9.34,356.63,116.48
2025-04-11 19:50,-44.67,0.00,279.30,0.01,110.00,99.73,54.41,189.20,111.75,839.17,0.00,0.00,23.10,0.00,19.45,0.00,5.28,3.34,2.87,9.30,447.02,110.96
2025-04-11 19:55,-7.50,0.00,257.98,0.00,117.00,91.68,54.51,192.10,52.29,879.32,0.00,0.00,23.00,0.00,18.05,0.00,5.61,3.07,2.88,9.44,417.91,124.59
2025-04-11 20:00,-2.10,0.00,249.42,0.00,122.00,60.81,54.61,192.63,57.64,916.69,0.00,0.00,22.90,0.00,17.58,0.00,5.85,2.04,2.88,9.47,393.62,116.78
2025-04-11 20:05,-4.86,0.00,275.61,0.00,122.00,60.81,54.51,192.61,47.91,959.44,0.00,0.00,22.58,0.00,19.39,0.00,5.85,2.04,2.88,9.47,411.05,110.23
2025-04-11 20:10,-1.65,0.00,241.20,0.00,125.00,91.01,40.21,191.88,57.55,979.43,0.00,0.00,22.27,0.00,17.18,0.00,6.00,3.05,2.12,9.43,364.90,110.19
2025-04-11 20:15,0.00,0.00,243.25,0.00,121.00,86.98,26.81,192.06,58.20,992.64,0.00,0.00,21.95,0.00,17.44,0.00,5.81,2.91,1.42,9.44,359.82,104.40
2025-04-11 20:20,0.00,0.00,174.01,0.00,129.00,88.32,26.71,192.71,84.09,998.57,0.00,0.00,21.63,0.00,12.16,0.00,6.19,2.96,1.41,9.47,287.14,106.03
2025-04-11 20:25,-0.01,0.00,251.66,0.00,121.00,88.32,0.11,192.32,54.98,1006.12,0.00,0.00,21.32,0.00,17.79,0.00,5.81,2.96,0.01,9.45,356.75,117.97
2025-04-11 20:30,-2.09,0.00,242.62,0.00,114.00,90.34,0.11,191.21,51.07,1021.23,0.00,0.00,21.00,0.00,17.23,0.00,5.47,3.02,0.01,9.40,344.64,117.52
2025-04-11 20:35,0.00,0.00,211.51,0.00,125.00,88.32,0.11,193.39,68.77,1037.83,0.00,0.00,20.93,0.00,14.93,0.00,6.00,2.96,0.01,9.50,307.82,99.44
2025-04-11 20:40,-102.96,0.00,281.81,0.00,116.00,87.65,0.11,180.24,50.37,1035.06,0.00,0.00,20.87,0.00,18.90,0.00,5.57,2.93,0.01,8.86,401.16,125.25
2025-04-11 20:45,-99.13,0.00,281.06,0.00,121.00,88.32,0.11,176.27,54.47,1030.60,0.00,0.00,20.80,0.00,18.76,0.00,5.81,2.96,0.01,8.66,398.25,115.24
2025-04-11 20:50,-97.60,0.00,270.41,0.00,124.00,88.32,0.11,183.06,65.67,1022.01,0.00,0.00,20.73,0.00,18.04,0.00,5.95,2.96,0.01,9.00,386.81,117.95
2025-04-11 20:55,-98.75,0.00,275.25,0.00,120.00,91.01,0.11,182.02,61.52,1010.21,0.00,0.00,20.67,0.00,18.39,0.00,5.76,3.05,0.01,8.94,397.66,102.88
2025-04-11 21:00,-106.12,0.00,287.64,0.00,116.00,88.32,0.11,179.09,45.03,1017.68,0.00,0.00,20.60,0.00,19.20,0.00,5.57,2.96,0.01,8.80,416.48,99.44
2025-04-11 21:05,-15.21,0.00,229.50,0.00,123.00,77.58,0.11,182.63,51.68,1025.28,0.00,0.00,20.65,0.00,15.32,0.00,5.90,2.60,0.01,8.97,323.82,99.44
2025-04-11 21:10,-0.14,0.00,260.88,0.00,121.00,88.32,0.11,92.06,53.44,1023.53,0.00,0.00,20.70,0.00,17.01,0.00,5.81,2.96,0.01,4.52,325.40,106.39
2025-04-11 21:15,-0.01,0.00,253.84,0.00,124.00,88.32,0.11,91.87,75.61,1016.12,0.00,0.00,20.75,0.00,16.49,0.00,5.95,2.96,0.01,4.51,314.37,120.74
2025-04-11 21:20,-2.80,0.00,249.79,0.00,116.00,86.98,0.11,88.03,72.26,1026.12,0.00,0.00,20.80,0.00,16.26,0.00,5.57,2.91,0.01,4.33,306.86,106.89
2025-04-11 21:25,-0.04,0.00,210.33,0.00,115.00,88.32,0.11,88.18,55.03,1032.43,0.00,0.00,20.85,0.00,13.68,0.00,5.52,2.96,0.01,4.33,272.07,102.89
2025-04-11 21:30,-4.80,0.00,265.37,0.00,118.00,61.48,0.11,88.99,60.03,1023.95,0.00,0.00,20.90,0.00,17.30,0.00,5.66,2.06,0.01,4.37,325.99,100.01
2025-04-11 21:35,-4.11,0.00,256.44,0.00,115.00,70.20,0.11,87.27,52.23,1041.29,0.00,0.00,20.63,0.00,16.68,0.00,5.52,2.35,0.01,4.29,313.07,96.46
2025-04-11 21:40,-0.01,0.00,260.93,0.00,121.00,88.32,0.11,90.52,13.82,1061.26,0.00,0.00,20.37,0.00,17.47,0.00,5.81,2.96,0.01,4.45,330.51,82.48
2025-04-11 21:45,-0.48,0.00,257.56,0.00,115.00,90.34,0.11,88.24,2.00,1055.92,0.00,0.00,20.10,0.00,17.36,0.00,5.52,3.02,0.01,4.34,331.85,99.44
2025-04-11 21:50,-6.35,0.00,261.61,0.00,113.00,89.66,0.11,87.40,0.02,1052.58,0.00,0.00,19.83,0.00,17.68,0.00,5.42,3.00,0.01,4.29,339.49,112.83
2025-04-11 21:55,-5.51,0.00,213.13,0.00,118.00,89.66,0.11,90.18,0.20,1071.62,0.00,0.00,19.57,0.00,14.42,0.00,5.66,3.00,0.01,4.43,286.87,105.07
2025-04-11 22:00,-14.66,0.00,239.23,0.00,119.00,88.99,0.11,89.98,0.74,1078.36,0.00,0.00,19.30,0.00,16.18,0.00,5.71,2.98,0.01,4.42,313.01,101.93
2025-04-11 22:05,-26.49,0.00,267.06,0.00,114.00,59.46,0.11,87.17,0.10,1077.23,0.00,0.00,19.27,0.00,18.08,0.00,5.47,1.99,0.01,4.28,342.75,92.02
2025-04-11 22:10,-1.92,0.00,237.30,0.00,123.00,60.14,0.11,91.26,2.36,1082.30,0.00,0.00,19.23,0.00,16.09,0.00,5.90,2.01,0.01,4.48,305.36,97.85
2025-04-11 22:15,0.00,0.00,200.92,0.00,129.00,83.62,0.11,89.27,30.64,1092.13,0.00,0.00,19.20,0.00,13.51,0.00,6.19,2.80,0.01,4.39,263.72,97.77
2025-04-11 22:20,-0.01,0.00,217.77,0.00,121.00,88.99,0.11,88.29,0.66,1081.08,0.00,0.00,19.17,0.00,14.66,0.00,5.81,2.98,0.01,4.34,286.90,100.01
2025-04-11 22:25,-1.01,0.00,203.03,0.00,121.00,89.66,0.11,89.81,2.23,1082.90,0.00,0.00,19.13,0.00,13.66,0.00,5.81,3.00,0.01,4.41,273.03,91.40
2025-04-11 22:30,-0.66,0.00,206.34,0.00,115.00,90.34,0.10,91.45,2.25,1085.21,0.00,0.00,19.10,0.00,13.84,0.00,5.52,3.02,0.01,4.49,274.01,91.01
2025-04-11 22:35,-0.08,0.00,183.05,0.00,120.00,59.46,0.11,91.00,51.35,1094.41,0.00,0.00,19.08,0.00,12.26,0.00,5.76,1.99,0.01,4.47,238.24,84.61
2025-04-11 22:40,0.00,0.00,212.76,0.00,123.00,60.14,0.11,20.49,54.79,1088.83,0.00,0.00,19.07,0.00,14.22,0.00,5.90,2.01,0.01,1.01,244.79,93.75
2025-04-11 22:45,0.00,0.00,220.71,0.00,125.00,60.14,0.11,21.01,56.09,1088.41,0.00,0.00,19.05,0.00,14.77,0.00,6.00,2.01,0.01,1.03,252.98,99.44
2025-04-11 22:50,-21.20,0.00,225.54,0.00,115.00,88.32,0.11,20.55,44.58,1071.47,0.00,0.00,19.03,0.00,15.10,0.00,5.52,2.96,0.01,1.01,269.93,98.52
2025-04-11 22:55,-1.87,0.00,216.83,0.00,115.00,60.81,0.11,20.75,56.32,1069.08,0.00,0.00,19.02,0.00,14.56,0.00,5.52,2.04,0.01,1.02,251.64,99.44
2025-04-11 23:00,-3.32,0.00,227.06,0.00,114.00,60.81,0.11,20.71,44.76,1068.85,0.00,0.00,19.00,0.00,15.29,0.00,5.47,2.04,0.01,1.02,264.94,104.13
2025-04-11 23:05,-1.01,0.00,208.83,0.00,117.00,60.81,0.11,19.94,50.25,1072.03,0.00,0.00,18.98,0.00,14.08,0.00,5.61,2.04,0.01,0.98,245.52,99.49
2025-04-11 23:10,0.00,0.00,107.45,0.00,124.00,60.81,0.11,10.44,67.42,1086.73,0.00,0.00,18.97,0.00,7.22,0.00,5.95,2.04,0.01,0.51,151.96,99.69
2025-04-11 23:15,0.00,0.00,107.69,0.00,124.00,61.48,0.11,10.24,60.73,1093.10,0.00,0.00,18.95,0.00,7.23,0.00,5.95,2.06,0.01,0.50,152.14,108.86
2025-04-11 23:20,-0.62,0.00,126.43,0.00,117.00,61.48,0.11,10.10,37.76,1087.49,0.00,0.00,18.93,0.00,8.53,0.00,5.61,2.06,0.01,0.50,168.87,99.44
2025-04-11 23:25,0.00,0.00,132.51,0.00,117.00,65.50,0.11,10.13,19.35,1092.43,0.00,0.00,18.92,0.00,8.98,0.00,5.61,2.19,0.01,0.50,177.04,94.31
2025-04-11 23:30,-0.89,0.00,126.05,0.00,119.00,85.64,0.11,10.67,2.56,1102.65,0.00,0.00,18.90,0.00,8.53,0.00,5.71,2.87,0.01,0.52,177.30,81.71
2025-04-11 23:35,0.00,0.00,121.13,0.00,117.00,88.32,0.11,10.19,18.51,1108.01,0.00,0.00,18.85,0.00,8.21,0.00,5.61,2.96,0.01,0.50,169.97,82.05
2025-04-11 23:40,0.00,0.00,117.87,0.00,124.00,88.99,0.11,0.00,46.79,1112.28,0.00,0.00,18.80,0.00,8.00,0.00,5.95,2.98,0.01,0.00,162.04,0.00
2025-04-11 23:45,-1.01,0.00,123.64,0.00,114.00,89.66,0.11,0.00,34.60,1120.57,0.00,0.00,18.75,0.00,8.40,0.00,5.47,3.00,0.01,0.00,164.07,95.50
2025-04-11 23:50,-1.12,0.00,135.96,0.00,114.00,76.24,0.11,0.00,21.22,1129.45,0.00,0.00,18.70,0.00,9.25,0.00,5.47,2.55,0.01,0.00,172.21,83.21
2025-04-11 23:55,-1.78,0.00,137.89,0.00,113.00,59.46,0.11,0.00,10.95,1133.65,0.00,0.00,18.65,0.00,9.39,0.00,5.42,1.99,0.01,0.00,171.30,84.23
2025-04-12 00:00,-13.40,0.00,171.97,0.00,122.00,60.14,0.11,0.00,2.04,1110.93,0.00,0.00,18.60,0.00,11.70,0.00,5.85,2.01,0.01,0.00,211.66,84.51
2025-04-12 00:05,0.00,0.00,147.35,0.00,123.00,60.81,0.11,0.00,8.67,1096.83,0.00,0.00,18.53,0.00,10.04,0.00,5.90,2.04,0.01,0.00,189.00,85.49
2025-04-12 00:10,-4.73,0.00,222.70,0.00,118.00,59.46,0.11,0.00,1.44,1078.05,0.00,0.00,18.47,0.00,15.22,0.00,5.66,1.99,0.01,0.00,266.70,92.48
2025-04-12 00:15,-9.47,0.00,236.66,0.00,118.00,59.46,0.11,0.00,0.05,1050.06,0.00,0.00,18.40,0.00,16.14,0.00,5.66,1.99,0.01,0.00,291.01,0.00
2025-04-12 00:20,-5.39,0.00,262.42,0.00,117.00,59.46,0.11,0.00,0.09,1027.75,0.00,0.00,18.33,0.00,18.05,0.00,5.61,1.99,0.01,0.00,328.79,92.08
2025-04-12 00:25,-3.17,0.00,277.81,0.00,121.00,60.14,0.11,0.00,8.59,1003.05,0.00,0.00,18.27,0.00,19.21,0.00,5.81,2.01,0.01,0.00,355.77,91.47
2025-04-12 00:30,-5.89,0.00,287.91,0.00,122.00,59.46,0.11,0.00,15.26,981.85,0.00,0.00,18.20,0.00,19.68,0.00,5.85,1.99,0.01,0.00,373.38,86.48
2025-04-12 00:35,-13.59,0.00,322.54,0.00,119.00,58.79,0.11,0.00,2.13,966.78,0.00,0.00,18.05,0.00,21.92,0.00,5.71,1.97,0.01,0.00,438.19,86.50
2025-04-12 00:40,-12.35,0.00,362.96,0.00,114.00,60.14,0.11,0.00,0.12,962.26,0.00,0.00,17.90,0.00,24.88,0.00,5.47,2.01,0.01,0.00,510.28,87.23
2025-04-12 00:45,-0.74,0.00,355.11,0.00,127.00,60.14,0.11,0.00,29.00,951.27,0.00,0.00,17.75,0.00,24.70,0.00,6.09,2.01,0.01,0.00,485.15,88.09
2025-04-12 00:50,-4.75,0.00,341.55,0.00,125.00,59.46,0.11,0.00,9.21,939.85,0.00,0.00,17.60,0.00,23.35,0.00,6.00,1.99,0.01,0.00,477.77,87.30
2025-04-12 00:55,-5.12,0.00,313.26,0.00,115.00,59.46,0.11,0.00,7.68,918.29,0.00,0.00,17.45,0.00,21.38,0.00,5.52,1.99,0.01,0.00,443.39,80.48
2025-04-12 01:00,-2.33,0.00,307.99,0.00,119.00,59.46,0.11,0.00,15.97,910.74,0.00,0.00,17.30,0.00,21.27,0.00,5.71,1.99,0.01,0.00,437.43,76.11
2025-04-12 01:05,-9.50,0.00,400.49,0.00,114.00,59.46,0.11,0.00,0.05,889.31,0.00,0.00,17.23,0.00,27.64,0.00,5.47,1.99,0.01,0.00,645.30,75.38
2025-04-12 01:10,-3.10,0.00,338.40,0.00,70.00,44.70,0.11,0.00,8.61,888.00,0.00,0.00,17.17,0.00,23.64,0.00,3.36,1.50,0.01,0.00,510.62,71.24
2025-04-12 01:15,-7.76,0.00,434.14,0.00,40.00,44.70,0.11,0.00,1.53,894.63,0.00,0.00,17.10,0.00,30.23,0.00,1.92,1.50,0.01,0.00,749.13,71.98
2025-04-12 01:20,-5.30,0.00,452.05,0.00,41.00,44.03,0.11,0.00,0.65,905.87,0.00,0.00,17.03,0.00,31.72,0.00,1.97,1.47,0.01,0.00,789.91,53.74
2025-04-12 01:25,-7.17,0.00,319.27,0.00,40.00,44.03,0.11,0.00,0.13,926.63,0.00,0.00,16.97,0.00,22.34,0.00,1.92,1.47,0.01,0.00,451.33,69.20
2025-04-12 01:30,-10.32,0.00,318.86,0.00,40.00,43.36,0.11,0.00,0.17,937.06,0.00,0.00,16.90,0.00,22.32,0.00,1.92,1.45,0.01,0.00,445.93,62.94
2025-04-12 01:35,-10.56,0.00,311.83,0.00,40.00,43.36,0.11,0.00,0.15,933.13,0.00,0.00,16.83,0.00,21.74,0.00,1.92,1.45,0.01,0.00,434.10,72.77
2025-04-12 01:40,-7.14,0.00,309.93,0.00,40.00,44.03,0.11,0.00,0.18,955.90,0.00,0.00,16.77,0.00,21.57,0.00,1.92,1.47,0.01,0.00,414.44,58.46
2025-04-12 01:45,-12.33,0.00,302.87,0.00,40.00,44.03,0.11,0.00,0.10,958.42,0.00,0.00,16.70,0.00,21.20,0.00,1.92,1.47,0.01,0.00,405.84,72.75
2025-04-12 01:50,-2.97,0.00,294.34,0.00,42.00,44.03,0.11,0.00,4.88,953.47,0.00,0.00,16.63,0.00,20.63,0.00,2.02,1.47,0.01,0.00,387.45,72.03
2025-04-12 01:55,-7.81,0.00,299.22,0.00,41.00,44.03,0.11,0.00,0.19,939.79,0.00,0.00,16.57,0.00,20.99,0.00,1.97,1.47,0.01,0.00,408.35,70.21
2025-04-12 02:00,0.00,0.00,375.62,0.00,44.00,44.03,0.11,0.00,8.54,926.76,0.00,0.00,16.50,0.00,26.39,0.00,2.11,1.47,0.01,0.00,555.33,69.04
2025-04-12 02:05,-12.08,0.00,294.62,0.00,40.00,44.03,0.11,0.00,0.11,947.75,0.00,0.00,16.50,0.00,20.70,0.00,1.92,1.47,0.01,0.00,398.82,72.49
2025-04-12 02:10,0.00,0.00,286.04,0.00,43.00,44.03,0.11,0.00,23.66,942.91,0.00,0.00,16.50,0.00,20.13,0.00,2.06,1.47,0.01,0.00,370.08,57.31
2025-04-12 02:15,-1.02,0.00,280.35,0.00,43.00,44.03,0.11,0.00,11.68,945.03,0.00,0.00,16.50,0.00,19.79,0.00,2.06,1.47,0.01,0.00,367.18,68.53
2025-04-12 02:20,-7.44,0.00,358.96,0.00,40.00,44.03,0.11,0.00,0.42,926.35,0.00,0.00,16.50,0.00,25.37,0.00,1.92,1.47,0.01,0.00,535.69,53.04
2025-04-12 02:25,-1.50,0.00,367.82,0.00,43.00,44.03,0.11,0.00,7.49,920.46,0.00,0.00,16.50,0.00,26.07,0.00,2.06,1.47,0.01,0.00,550.37,52.55
2025-04-12 02:30,-4.08,0.00,288.18,0.00,42.00,44.03,0.11,0.00,1.85,928.04,0.00,0.00,16.50,0.00,20.46,0.00,2.02,1.47,0.01,0.00,397.24,62.38
2025-04-12 02:35,-10.35,0.00,291.27,0.00,40.00,44.03,0.11,0.00,0.01,926.41,0.00,0.00,16.53,0.00,20.72,0.00,1.92,1.47,0.01,0.00,408.23,62.91
2025-04-12 02:40,-2.68,0.00,278.95,0.00,42.00,44.03,0.11,0.00,4.57,945.80,0.00,0.00,16.57,0.00,20.11,0.00,2.02,1.47,0.01,0.00,375.30,68.09
2025-04-12 02:45,-9.01,0.00,267.62,0.00,39.00,44.03,0.11,0.00,0.15,948.11,0.00,0.00,16.60,0.00,19.21,0.00,1.87,1.47,0.01,0.00,358.71,67.86
2025-04-12 02:50,-5.74,0.00,258.59,0.00,41.00,44.03,0.11,0.00,0.91,964.43,0.00,0.00,16.63,0.00,18.70,0.00,1.97,1.47,0.01,0.00,338.12,56.24
2025-04-12 02:55,-0.08,0.00,236.48,0.00,43.00,44.03,0.11,0.00,17.44,956.69,0.00,0.00,16.67,0.00,17.21,0.00,2.06,1.47,0.01,0.00,301.99,56.05
2025-04-12 03:00,-0.66,0.00,269.69,0.00,42.00,44.03,0.11,0.00,4.19,955.69,0.00,0.00,16.70,0.00,19.59,0.00,2.02,1.47,0.01,0.00,357.12,51.48
2025-04-12 03:05,-3.76,0.00,246.64,0.00,41.00,44.03,0.11,0.00,1.86,944.01,0.00,0.00,16.62,0.00,17.96,0.00,1.97,1.47,0.01,0.00,329.11,55.19
2025-04-12 03:10,-3.75,0.00,244.69,0.00,40.00,44.03,0.11,0.00,1.51,967.73,0.00,0.00,16.53,0.00,17.95,0.00,1.92,1.47,0.01,0.00,318.36,60.24
2025-04-12 03:15,-6.57,0.00,232.72,0.00,40.00,44.03,0.11,0.00,0.02,981.32,0.00,0.00,16.45,0.00,17.03,0.00,1.92,1.47,0.01,0.00,296.78,63.91
2025-04-12 03:20,-5.15,0.00,232.43,0.00,40.00,44.03,0.11,0.00,0.12,993.72,0.00,0.00,16.37,0.00,17.25,0.00,1.92,1.47,0.01,0.00,294.85,53.65
2025-04-12 03:25,-13.13,0.00,224.55,0.00,40.00,44.03,0.11,0.00,0.02,1017.00,0.00,0.00,16.28,0.00,16.74,0.00,1.92,1.47,0.01,0.00,279.88,68.62
2025-04-12 03:30,-3.21,0.00,199.26,0.00,43.00,43.36,0.11,0.00,3.35,1034.35,0.00,0.00,16.20,0.00,14.40,0.00,2.06,1.45,0.01,0.00,233.28,67.31
2025-04-12 03:35,-6.35,0.00,200.98,0.00,41.00,44.03,0.11,0.00,0.21,1036.15,0.00,0.00,16.27,0.00,15.15,0.00,1.97,1.47,0.01,0.00,244.09,67.77
2025-04-12 03:40,-1.80,0.00,185.62,0.00,42.00,44.03,0.11,0.00,2.53,1054.53,0.00,0.00,16.33,0.00,14.01,0.00,2.02,1.47,0.01,0.00,219.78,66.79
2025-04-12 03:45,-10.07,0.00,188.87,0.00,40.00,44.03,0.11,0.00,0.09,1055.46,0.00,0.00,16.40,0.00,14.25,0.00,1.92,1.47,0.01,0.00,225.20,68.50
2025-04-12 03:50,-0.14,0.00,182.18,0.00,43.00,44.70,0.11,0.00,17.06,1052.92,0.00,0.00,16.47,0.00,13.84,0.00,2.06,1.50,0.01,0.00,214.19,68.34
2025-04-12 03:55,-4.41,0.00,179.15,0.00,40.00,44.03,0.11,0.00,0.66,1062.61,0.00,0.00,16.53,0.00,13.52,0.00,1.92,1.47,0.01,0.00,210.63,68.29
2025-04-12 04:00,-1.74,0.00,183.11,0.00,41.00,44.03,0.11,0.00,4.19,1058.68,0.00,0.00,16.60,0.00,13.84,0.00,1.97,1.47,0.01,0.00,215.34,67.78
2025-04-12 04:05,-20.17,0.00,179.94,0.00,40.00,44.03,0.11,0.00,0.00,1059.99,0.00,0.00,16.65,0.00,13.57,0.00,1.92,1.47,0.01,0.00,215.70,67.81
2025-04-12 04:10,-46.26,0.00,136.87,0.00,42.00,44.03,0.11,0.00,3.59,1051.98,0.00,0.00,16.70,0.00,10.35,0.00,2.02,1.47,0.01,0.00,173.34,67.00
2025-04-12 04:15,-39.57,0.00,194.84,0.00,43.00,44.03,0.11,0.00,3.03,1043.29,0.00,0.00,16.75,0.00,14.65,0.00,2.06,1.47,0.01,0.00,242.90,67.64
2025-04-12 04:20,-47.99,0.00,201.08,0.00,42.00,44.03,0.11,0.00,0.86,1038.85,0.00,0.00,16.80,0.00,15.11,0.00,2.02,1.47,0.01,0.00,254.63,66.82
2025-04-12 04:25,-49.58,0.00,202.89,0.00,41.00,44.03,0.11,0.00,0.19,1032.29,0.00,0.00,16.85,0.00,15.24,0.00,1.97,1.47,0.01,0.00,259.24,66.18
2025-04-12 04:30,-52.32,0.00,202.85,0.00,41.00,44.03,0.11,0.00,0.16,1039.01,0.00,0.00,16.90,0.00,15.23,0.00,1.97,1.47,0.01,0.00,257.93,66.87
2025-04-12 04:35,-58.62,0.00,201.48,0.00,40.00,44.03,0.11,0.00,0.03,1059.27,0.00,0.00,16.92,0.00,15.13,0.00,1.92,1.47,0.01,0.00,251.74,66.26
2025-04-12 04:40,-50.36,0.00,195.78,0.00,41.00,44.03,0.11,0.00,0.27,1060.74,0.00,0.00,16.93,0.00,14.70,0.00,1.97,1.47,0.01,0.00,241.96,50.82
2025-04-12 04:45,-50.30,0.00,192.99,0.00,40.00,44.03,0.11,0.00,0.13,1076.01,0.00,0.00,16.95,0.00,14.48,0.00,1.92,1.47,0.01,0.00,234.02,59.01
2025-04-12 04:50,-50.66,0.00,173.23,0.00,41.00,44.03,0.11,0.00,0.15,1097.44,0.00,0.00,16.97,0.00,13.00,0.00,1.97,1.47,0.01,0.00,205.90,8.69
2025-04-12 04:55,-35.93,0.00,158.68,0.00,45.00,44.03,0.11,0.00,9.98,1109.20,0.00,0.00,16.98,0.00,11.90,0.00,2.16,1.47,0.01,0.00,183.91,58.79
2025-04-12 05:00,-41.15,0.00,165.24,0.00,44.00,44.03,0.11,0.00,6.02,1086.65,0.00,0.00,17.00,0.00,12.38,0.00,2.11,1.47,0.01,0.00,196.70,66.58
2025-04-12 05:05,-47.16,0.00,167.98,0.00,43.00,44.03,0.11,0.00,2.36,1083.68,0.00,0.00,16.87,0.00,12.61,0.00,2.06,1.47,0.01,0.00,202.30,60.56
2025-04-12 05:10,-3.66,0.00,143.76,0.00,41.00,44.70,0.11,0.00,0.23,1098.57,0.00,0.00,16.73,0.00,10.76,0.00,1.97,1.50,0.01,0.00,164.67,65.71
2025-04-12 05:15,0.00,0.00,128.70,0.00,42.00,44.03,0.11,0.00,14.13,1114.03,0.00,0.00,16.60,0.00,9.62,0.00,2.02,1.47,0.01,0.00,145.00,66.92
2025-04-12 05:20,-7.50,0.00,24.27,0.00,44.00,44.03,0.11,0.00,22.11,1098.07,0.00,0.00,16.47,0.00,1.81,0.00,2.11,1.47,0.01,0.00,55.11,68.27
2025-04-12 05:25,-0.02,0.00,159.70,0.00,41.00,44.03,0.11,0.00,7.11,1079.92,0.00,0.00,16.33,0.00,11.96,0.00,1.97,1.47,0.01,0.00,182.64,66.16
2025-04-12 05:30,0.00,0.00,125.82,0.00,44.00,44.03,0.11,0.00,15.97,1115.50,0.00,0.00,16.20,0.00,9.42,0.00,2.11,1.47,0.01,0.00,142.72,69.11
2025-04-12 05:35,-6.49,0.00,46.49,0.00,39.00,43.36,0.10,0.00,8.58,1093.01,0.00,0.00,16.08,0.00,3.51,0.00,1.87,1.45,0.01,0.00,72.59,79.43
2025-04-12 05:40,-0.20,0.00,34.08,0.00,41.00,44.03,0.11,0.00,7.84,1123.51,0.00,0.00,15.97,0.00,2.56,0.00,1.97,1.47,0.01,0.00,60.99,79.03
2025-04-12 05:45,-0.06,0.00,24.75,0.00,41.00,44.03,0.11,0.00,15.53,1145.86,0.00,0.00,15.85,0.00,1.86,0.00,1.97,1.47,0.01,0.00,52.16,79.33
2025-04-12 05:50,-4.89,0.00,22.73,0.00,40.00,44.03,0.11,0.00,0.11,1147.07,0.00,0.00,15.73,0.00,1.72,0.00,1.92,1.47,0.01,0.00,51.04,88.68
2025-04-12 05:55,-0.54,0.00,18.25,0.00,40.00,44.03,0.11,0.00,1.70,1141.12,0.00,0.00,15.62,0.00,1.39,0.00,1.92,1.47,0.01,0.00,47.55,88.59
2025-04-12 06:00,0.00,0.00,15.99,0.00,43.00,44.70,0.11,0.00,18.30,1136.48,0.00,0.00,15.50,0.00,1.22,0.00,2.06,1.50,0.01,0.00,46.85,0.00
2025-04-12 06:05,-7.79,0.00,21.35,0.00,40.00,44.70,0.11,0.00,6.99,1143.84,0.00,0.00,15.50,0.00,1.63,0.00,1.92,1.50,0.01,0.00,50.27,91.64
2025-04-12 06:10,-9.90,0.00,16.37,0.00,43.00,44.03,0.11,0.00,24.99,1139.57,0.00,0.00,15.50,0.00,1.25,0.00,2.06,1.47,0.01,0.00,46.99,91.37
2025-04-12 06:15,-20.93,0.00,27.63,0.00,40.00,44.03,0.11,0.00,16.19,1146.62,0.00,0.00,15.50,0.00,2.06,0.00,1.92,1.47,0.01,0.00,54.67,0.00
2025-04-12 06:20,-17.71,0.00,25.65,0.00,41.00,44.03,0.11,0.00,10.26,1146.04,0.00,0.00,15.50,0.00,1.92,0.00,1.97,1.47,0.01,0.00,53.73,97.53
2025-04-12 06:25,-19.73,0.00,26.98,0.00,40.00,44.03,0.11,0.00,1.56,1146.53,0.00,0.00,15.50,0.00,2.01,0.00,1.92,1.47,0.01,0.00,54.76,79.38
2025-04-12 06:30,-0.84,0.00,25.18,0.00,41.00,44.03,0.11,0.00,4.70,1132.37,0.00,0.00,15.50,0.00,1.88,0.00,1.97,1.47,0.01,0.00,53.48,80.32
2025-04-12 06:35,-3.65,0.00,28.66,-0.10,40.00,44.03,0.11,0.00,2.59,1136.80,0.00,0.00,15.37,0.00,2.17,0.00,1.92,1.47,0.01,0.00,56.07,77.71
2025-04-12 06:40,-0.03,0.00,2.81,-0.10,40.00,44.03,0.11,0.00,73.07,1122.07,0.00,0.00,15.23,0.00,0.22,0.00,1.92,1.47,0.01,0.00,34.01,77.89
2025-04-12 06:45,-0.86,0.00,11.69,0.00,39.00,44.03,0.11,0.00,83.46,1120.03,0.00,0.00,15.10,0.00,0.90,0.00,1.87,1.47,0.01,0.00,40.09,78.05
2025-04-12 06:50,-2.78,0.00,8.32,0.00,40.00,44.70,0.11,0.00,75.04,1112.48,0.00,0.00,14.97,0.00,0.65,0.00,1.92,1.50,0.01,0.00,38.71,60.56
2025-04-12 06:55,-3.54,0.00,44.53,0.00,40.00,44.03,0.11,0.00,58.45,1107.39,0.00,0.00,14.83,0.00,3.48,0.00,1.92,1.47,0.01,0.00,68.69,45.00
2025-04-12 07:00,-5.51,0.00,45.27,0.00,41.00,44.03,0.11,0.00,52.40,1107.19,0.00,0.00,14.70,0.00,3.65,0.00,1.97,1.47,0.01,0.00,71.38,9.10
2025-04-12 07:05,-0.54,0.00,32.81,0.00,41.00,44.70,0.11,0.00,64.56,1103.82,0.01,1.37,14.68,0.00,2.65,0.00,1.97,1.50,0.01,0.00,60.07,8.99
2025-04-12 07:10,-0.90,0.00,34.90,0.00,43.00,44.03,0.11,0.00,58.57,1081.45,0.09,2.73,14.67,0.00,2.87,0.00,2.06,1.47,0.01,0.00,64.46,35.68
2025-04-12 07:15,-12.65,0.00,71.84,0.00,40.00,44.03,0.11,0.00,34.70,1069.89,0.78,4.10,14.65,0.00,5.93,0.00,1.92,1.47,0.01,0.00,100.90,8.84
2025-04-12 07:20,-7.97,0.00,127.45,0.00,40.00,44.70,0.11,0.00,2.45,1077.95,2.27,5.47,14.63,0.00,10.48,0.00,1.92,1.50,0.01,0.00,160.80,0.01
2025-04-12 07:25,-12.91,0.00,140.26,0.00,40.00,44.03,0.11,0.00,0.50,1073.90,4.06,6.84,14.62,0.00,11.50,0.00,1.92,1.47,0.01,0.00,175.99,0.01
2025-04-12 07:30,-5.67,0.00,60.25,0.00,43.00,44.03,0.11,0.00,0.54,1106.04,9.02,8.20,14.60,0.00,5.00,0.00,2.06,1.47,0.01,0.00,89.55,0.01
2025-04-12 07:35,-9.80,0.00,56.70,0.00,43.00,43.36,0.11,0.00,1.67,1111.68,14.98,22.61,14.85,0.00,4.66,0.00,2.06,1.45,0.01,0.00,83.81,-8.50
2025-04-12 07:40,-33.14,0.00,46.77,0.00,40.00,44.70,0.11,13.14,0.02,1123.04,28.92,37.02,15.10,0.00,3.85,0.00,1.92,1.50,0.01,0.65,78.70,0.01
2025-04-12 07:45,-2.10,-0.46,0.00,0.00,45.00,44.03,0.11,24.06,11.09,1136.62,43.19,51.42,15.35,0.00,0.00,0.00,2.16,1.47,0.01,1.18,42.76,0.00
2025-04-12 07:50,0.00,-10.08,0.00,0.00,45.00,44.03,0.11,16.27,12.84,1141.90,58.74,65.83,15.60,0.03,0.00,0.00,2.16,1.47,0.01,0.80,38.46,0.01
2025-04-12 07:55,-0.51,-22.92,0.00,0.00,43.00,44.03,0.11,15.98,0.47,1135.75,75.03,80.23,15.85,0.08,0.00,0.00,2.06,1.47,0.01,0.79,37.23,0.01
2025-04-12 08:00,-2.57,-51.26,0.00,0.00,42.00,44.70,0.11,16.30,4.55,1146.56,93.58,94.64,16.10,0.16,0.00,0.00,2.02,1.50,0.01,0.80,35.91,0.00
2025-04-12 08:05,0.00,-52.47,0.00,0.00,45.00,44.03,0.11,16.30,11.56,1103.43,113.03,120.29,16.78,0.17,0.00,0.00,2.16,1.47,0.01,0.80,36.54,-9.40
2025-04-12 08:10,0.00,-84.03,0.00,0.00,44.00,44.03,0.10,16.37,16.66,1115.78,133.70,145.94,17.47,0.27,0.00,0.00,2.11,1.47,0.01,0.80,34.57,-8.50
2025-04-12 08:15,-4.30,-78.40,0.00,0.00,43.00,44.03,0.11,16.10,5.87,1097.07,152.78,171.59,18.15,0.25,0.00,0.00,2.06,1.47,0.01,0.79,33.86,0.00
2025-04-12 08:20,-0.04,-100.04,0.00,0.00,40.00,44.70,0.10,16.05,4.92,1083.51,173.14,197.24,18.83,0.31,0.00,0.00,1.92,1.50,0.01,0.79,32.08,0.00
2025-04-12 08:25,-18.43,-101.16,0.00,0.00,40.00,44.03,0.10,16.40,0.43,1078.26,192.05,222.89,19.52,0.31,0.00,0.00,1.92,1.47,0.01,0.81,31.70,-13.58
2025-04-12 08:30,-35.10,-116.25,0.00,0.00,40.00,44.03,0.11,16.16,0.51,1069.91,213.96,248.54,20.20,0.35,0.00,0.00,1.92,1.47,0.01,0.79,31.11,-14.13
2025-04-12 08:35,-33.60,-76.57,0.00,0.00,42.00,44.03,0.11,16.16,1.50,948.13,242.60,280.88,20.37,0.25,0.00,0.00,2.02,1.47,0.01,0.79,33.06,-14.29
2025-04-12 08:40,0.00,-237.95,0.00,0.00,45.00,44.03,0.11,16.16,33.98,952.57,266.87,313.21,20.53,0.78,0.00,0.00,2.16,1.47,0.01,0.79,30.61,-2.10
2025-04-12 08:45,-3.35,-274.17,0.00,0.00,40.00,44.03,0.11,16.08,0.50,1011.88,291.18,345.55,20.70,0.82,0.00,0.00,1.92,1.47,0.01,0.79,27.49,0.01
2025-04-12 08:50,-58.54,-266.32,0.00,0.00,40.00,44.70,0.11,16.05,0.00,999.79,309.72,377.88,20.87,0.80,0.00,0.00,1.92,1.50,0.01,0.79,28.01,7.94
2025-04-12 08:55,-41.31,-237.95,0.00,0.00,41.00,44.03,0.11,16.04,0.28,891.73,321.71,410.21,21.03,0.77,0.00,0.00,1.97,1.47,0.01,0.79,28.80,0.00
2025-04-12 09:00,-13.68,-253.84,0.00,0.00,40.00,44.03,0.28,16.39,0.53,872.45,338.68,442.55,21.20,0.82,0.00,0.00,1.92,1.47,0.02,0.81,27.45,0.00
2025-04-12 09:05,-1.56,-281.34,0.00,0.00,43.00,44.03,0.11,16.28,4.13,871.25,355.09,471.52,21.72,0.92,0.00,0.00,2.06,1.47,0.01,0.80,27.02,0.00
2025-04-12 09:10,-54.06,-303.94,0.00,0.00,44.00,44.03,0.28,16.16,4.31,930.26,380.40,500.49,22.23,0.94,0.00,0.00,2.11,1.47,0.02,0.79,26.56,7.89
2025-04-12 09:15,-13.86,-340.48,0.00,0.00,44.00,44.03,0.28,16.50,2.28,915.00,390.76,529.46,22.75,1.06,0.00,0.00,2.11,1.47,0.02,0.81,25.33,0.01
2025-04-12 09:20,-25.43,-331.00,0.00,0.00,40.00,44.03,0.11,15.98,0.00,888.31,399.34,558.43,23.27,1.00,0.00,0.00,1.92,1.47,0.01,0.79,24.06,0.00
2025-04-12 09:25,-13.87,-346.85,0.00,0.00,40.00,44.70,0.28,16.16,1.82,872.55,407.71,587.40,23.78,1.06,0.00,0.00,1.92,1.50,0.02,0.79,23.62,-8.50
2025-04-12 09:30,-0.32,-355.80,0.00,0.00,42.00,44.70,0.11,16.01,6.30,857.98,410.75,616.37,24.30,1.11,0.00,0.00,2.02,1.50,0.01,0.79,23.40,-19.23
2025-04-12 09:35,-37.81,-330.17,0.00,0.00,43.00,44.03,0.28,16.21,0.62,845.65,417.87,644.34,24.75,1.05,0.00,0.00,2.06,1.47,0.02,0.80,24.11,-13.28
2025-04-12 09:40,-9.22,-351.77,0.00,0.00,40.00,44.03,0.11,15.70,0.97,843.80,422.76,672.31,25.20,1.07,0.00,0.00,1.92,1.47,0.01,0.77,22.15,-13.21
2025-04-12 09:45,-11.71,-371.47,0.00,0.00,40.00,44.03,0.28,16.17,0.00,852.59,427.39,700.27,25.65,1.13,0.00,0.00,1.92,1.47,0.02,0.79,21.74,-13.37
2025-04-12 09:50,-145.30,-333.14,0.00,0.00,40.00,44.03,0.11,16.05,0.00,872.72,432.24,728.24,26.10,0.99,0.00,0.00,1.92,1.47,0.01,0.79,23.17,-7.01
2025-04-12 09:55,-159.93,-298.08,0.00,0.00,40.00,44.03,0.11,15.61,0.17,811.20,419.88,756.21,26.55,0.93,0.00,0.00,1.92,1.47,0.01,0.77,23.82,-13.20
2025-04-12 10:00,-127.04,-300.83,0.00,0.00,40.00,44.03,0.11,15.78,0.00,790.43,414.43,784.18,27.00,0.96,0.00,0.00,1.92,1.47,0.01,0.78,23.21,-8.05
2025-04-12 10:05,-186.61,-285.38,0.00,0.00,40.00,44.03,0.11,16.14,0.00,773.61,415.69,813.80,27.28,0.93,0.00,0.00,1.92,1.47,0.01,0.79,24.02,-14.88
2025-04-12 10:10,-198.60,-284.73,0.00,0.00,43.00,44.03,20.96,16.27,0.00,778.66,422.48,843.42,27.57,1.25,0.00,0.00,2.06,1.47,1.50,0.80,32.63,-8.50
2025-04-12 10:15,-194.93,-395.67,0.00,0.00,45.00,44.03,25.23,16.39,0.17,766.45,424.59,873.04,27.85,1.87,0.00,0.00,2.16,1.47,1.81,0.81,32.73,0.00
2025-04-12 10:20,-221.73,-295.75,0.00,0.00,41.00,44.03,26.26,16.01,0.00,783.53,440.20,902.66,28.13,1.34,0.00,0.00,1.97,1.47,1.88,0.79,32.97,-2.10
2025-04-12 10:25,-187.66,-296.80,0.00,0.00,44.00,44.70,26.26,13.40,0.00,752.50,428.67,932.28,28.42,1.39,0.00,0.00,2.11,1.50,1.88,0.66,32.46,-13.46
2025-04-12 10:30,-171.34,-335.23,0.00,0.00,40.00,44.70,26.09,13.54,0.10,794.76,443.35,961.90,28.70,1.46,0.00,0.00,1.92,1.50,1.87,0.67,29.61,-8.50
2025-04-12 10:35,-171.06,-318.26,0.00,0.00,43.00,44.70,25.06,11.92,0.10,758.48,430.14,984.40,28.92,1.44,0.00,0.00,2.06,1.50,1.79,0.59,29.86,-12.18
2025-04-12 10:40,-134.12,-353.29,0.00,0.00,45.00,44.70,28.48,11.77,0.00,771.35,441.77,1006.91,29.13,1.65,0.00,0.00,2.16,1.50,2.04,0.58,29.78,-11.84
2025-04-12 10:45,-157.46,-405.82,0.00,0.00,40.00,44.70,26.43,11.58,0.00,881.61,469.05,1029.41,29.35,1.62,0.00,0.00,1.92,1.50,1.89,0.57,26.35,-2.10
2025-04-12 10:50,-158.36,-372.77,0.00,0.00,40.00,44.70,26.77,11.37,0.02,811.11,449.99,1051.91,29.57,1.59,0.00,0.00,1.92,1.50,1.92,0.56,27.12,-2.10
2025-04-12 10:55,-142.22,-349.32,0.00,0.00,41.00,44.70,26.94,11.46,0.19,740.88,436.82,1074.41,29.78,1.60,0.00,0.00,1.97,1.50,1.93,0.56,27.74,-12.97
2025-04-12 11:00,-157.03,-348.00,0.00,0.00,40.00,44.70,26.60,11.86,0.13,736.11,438.25,1096.91,30.00,1.58,0.00,0.00,1.92,1.50,1.90,0.58,27.43,-11.80
2025-04-12 11:05,-173.19,-342.46,0.00,0.00,40.00,44.70,26.60,11.66,0.13,730.82,436.36,1119.62,29.97,1.56,0.00,0.00,1.92,1.50,1.90,0.57,27.42,-11.87
2025-04-12 11:10,-193.82,-351.99,0.00,0.00,44.00,44.70,40.44,11.52,0.03,721.86,437.54,1142.33,29.93,1.91,0.00,0.00,2.11,1.50,2.90,0.57,32.62,-8.50
2025-04-12 11:15,-208.77,-414.87,0.00,0.00,44.00,44.03,44.72,11.52,0.00,811.30,464.83,1165.04,29.90,2.15,0.00,0.00,2.11,1.47,3.20,0.57,31.84,-8.50
2025-04-12 11:20,-209.56,-409.31,0.00,0.00,40.00,44.70,42.15,11.41,0.04,787.10,459.34,1187.76,29.87,2.07,0.00,0.00,1.92,1.50,3.02,0.56,30.26,0.00
2025-04-12 11:25,-202.82,-370.21,0.00,0.00,41.00,44.70,44.72,11.81,0.00,709.63,440.99,1210.47,29.83,2.07,0.00,0.00,1.97,1.50,3.20,0.58,32.14,0.00
2025-04-12 11:30,-188.74,-559.78,0.00,0.00,40.00,44.03,44.55,11.58,0.18,711.70,439.72,1233.18,29.80,3.10,0.00,0.00,1.92,1.47,3.19,0.57,27.37,-2.10
2025-04-12 11:35,-180.35,-363.83,0.00,0.00,40.00,44.03,43.69,11.69,0.08,677.29,440.21,1248.22,30.13,2.05,0.00,0.00,1.92,1.47,3.13,0.57,30.85,-0.75
2025-04-12 11:40,-200.75,-378.45,0.00,0.00,40.00,44.70,45.57,11.72,0.12,726.17,453.47,1263.25,30.47,2.08,0.00,0.00,1.92,1.50,3.26,0.58,30.97,-0.01
2025-04-12 11:45,-181.01,-570.25,0.00,0.00,44.00,44.70,42.49,11.63,0.11,690.48,455.66,1278.29,30.80,3.19,0.00,0.00,2.11,1.50,3.04,0.57,26.61,0.00
2025-04-12 11:50,-190.99,-587.38,0.00,0.00,46.00,44.70,41.12,11.66,0.00,705.45,487.28,1293.33,31.13,3.17,0.00,0.00,2.21,1.50,2.94,0.57,26.23,-7.68
2025-04-12 11:55,-77.84,-634.06,0.00,0.00,42.00,44.70,41.64,11.70,0.00,702.73,488.60,1308.37,31.47,3.37,0.00,0.00,2.02,1.50,2.98,0.57,23.04,0.00
2025-04-12 12:00,-205.27,-552.89,0.00,0.00,40.00,44.70,40.44,6.94,0.10,656.14,488.15,1323.41,31.80,2.88,0.00,0.00,1.92,1.50,2.90,0.34,24.57,-4.13
2025-04-12 12:05,-201.81,-550.63,0.00,0.00,40.00,44.70,40.10,7.25,0.11,647.51,487.99,1328.55,31.95,2.89,0.00,0.00,1.92,1.50,2.87,0.36,24.46,0.00
2025-04-12 12:10,-208.45,-547.03,0.00,0.00,42.00,44.70,25.40,7.43,0.10,635.05,488.14,1333.69,32.10,2.51,0.00,0.00,2.02,1.50,1.82,0.37,21.01,-0.78
2025-04-12 12:15,-226.66,-520.66,0.00,0.00,40.00,44.03,3.87,7.45,0.12,610.81,487.92,1338.83,32.25,1.76,0.00,0.00,1.92,1.47,0.28,0.37,15.30,0.00
2025-04-12 12:20,-194.61,-514.15,0.00,0.00,44.00,44.70,0.11,7.25,0.20,585.92,462.02,1343.97,32.40,1.78,0.00,0.00,2.11,1.50,0.01,0.36,14.75,0.00
2025-04-12 12:25,-149.15,-542.79,0.00,0.00,41.00,44.70,0.11,7.23,0.07,591.56,487.71,1349.11,32.55,1.77,0.00,0.00,1.97,1.50,0.01,0.36,13.48,0.00
2025-04-12 12:30,-184.38,-507.87,0.00,0.00,44.00,44.70,0.11,7.63,0.24,558.33,477.20,1354.25,32.70,1.79,0.00,0.00,2.11,1.50,0.01,0.38,14.71,0.00
2025-04-12 12:35,-114.58,-521.39,0.00,0.00,39.00,44.70,0.11,7.20,0.09,516.00,487.36,1346.83,32.80,1.78,0.00,0.00,1.87,1.50,0.01,0.35,12.98,-1.71
2025-04-12 12:40,-202.63,-460.05,0.00,0.00,42.00,44.70,0.11,7.46,0.08,504.69,487.71,1339.41,32.90,1.64,0.00,0.00,2.02,1.50,0.01,0.37,15.25,-8.59
2025-04-12 12:45,-284.59,-409.88,0.00,0.00,44.00,44.70,0.11,7.13,0.14,481.94,487.35,1331.99,33.00,1.53,0.00,0.00,2.11,1.50,0.01,0.35,17.19,-1.73
2025-04-12 12:50,-123.61,-476.62,0.00,0.00,40.00,44.70,0.11,7.08,0.08,464.88,486.48,1324.57,33.10,1.72,0.00,0.00,1.92,1.50,0.01,0.35,13.90,-12.96
2025-04-12 12:55,-214.88,-426.81,0.00,0.00,43.00,44.70,0.11,7.45,0.14,459.69,487.02,1317.16,33.20,1.61,0.00,0.00,2.06,1.50,0.01,0.37,16.22,1.51
2025-04-12 13:00,-298.42,-352.19,0.00,0.00,39.00,44.70,0.11,7.66,0.00,417.43,481.79,1309.74,33.30,1.33,0.00,0.00,1.87,1.50,0.01,0.38,17.59,28.35
2025-04-12 13:05,-310.51,-331.71,0.00,0.00,40.00,44.70,0.11,6.62,0.00,406.93,482.15,1304.58,33.10,1.27,0.00,0.00,1.92,1.50,0.01,0.33,18.12,47.09
2025-04-12 13:10,-298.48,-291.64,0.00,0.00,44.00,44.70,0.11,7.37,0.16,384.98,451.38,1299.42,32.90,1.24,0.00,0.00,2.11,1.50,0.01,0.36,19.98,72.88
2025-04-12 13:15,-137.33,-357.47,0.00,0.00,43.00,44.03,0.11,7.58,0.01,335.87,485.96,1294.26,32.70,1.53,0.00,0.00,2.06,1.47,0.01,0.37,16.71,27.31
2025-04-12 13:20,-102.55,-356.33,0.00,0.00,46.00,44.70,0.11,6.97,4.59,306.61,453.78,1289.10,32.50,1.67,0.00,0.00,2.21,1.50,0.01,0.34,16.86,28.90
2025-04-12 13:25,-111.15,-383.58,0.00,0.00,42.00,44.03,0.11,7.14,0.00,319.77,484.15,1283.94,32.30,1.64,0.00,0.00,2.02,1.47,0.01,0.35,15.67,9.10
2025-04-12 13:30,-11.18,-422.75,0.00,0.00,44.00,44.70,0.11,0.00,5.23,283.89,482.90,1278.78,32.10,1.78,0.00,0.00,2.11,1.50,0.01,0.00,12.94,9.10
2025-04-12 13:35,0.00,-450.46,0.00,0.00,44.00,44.70,0.11,5.40,34.77,281.06,483.02,1288.50,32.18,1.96,0.00,0.00,2.11,1.50,0.01,0.27,13.33,29.63
2025-04-12 13:40,-18.40,-304.85,0.00,0.00,40.00,44.70,0.11,4.96,7.85,270.64,481.72,1298.22,32.27,1.32,0.00,0.00,1.92,1.50,0.01,0.24,15.46,19.16
2025-04-12 13:45,-4.25,-268.47,0.00,0.00,40.00,44.70,0.11,5.02,0.14,249.72,481.38,1307.94,32.35,1.20,0.00,0.00,1.92,1.50,0.01,0.25,15.97,47.03
2025-04-12 13:50,-0.82,-248.17,0.00,0.00,41.00,44.70,0.11,5.60,6.12,221.95,481.51,1317.66,32.43,1.16,0.00,0.00,1.97,1.50,0.01,0.28,16.59,9.10
2025-04-12 13:55,-54.22,-206.22,0.00,0.00,40.00,44.70,0.11,5.54,0.05,213.96,483.42,1327.38,32.52,0.97,0.00,0.00,1.92,1.50,0.01,0.27,17.65,32.25
2025-04-12 14:00,-78.74,-343.90,0.00,0.00,40.00,44.70,0.11,4.87,0.06,189.99,483.17,1337.10,32.60,1.65,0.00,0.00,1.92,1.50,0.01,0.24,14.39,32.95
2025-04-12 14:05,0.00,-385.54,0.00,0.00,45.00,45.37,0.11,5.34,22.14,175.40,483.85,1321.60,32.58,1.96,0.00,0.00,2.16,1.52,0.01,0.26,13.93,39.84
2025-04-12 14:10,-31.41,-344.85,0.00,0.00,41.00,45.37,0.11,5.42,1.62,175.28,479.70,1306.09,32.57,1.73,0.00,0.00,1.97,1.52,0.01,0.27,14.50,0.00
2025-04-12 14:15,-63.19,-124.18,0.00,0.00,40.00,44.03,0.11,5.33,0.07,171.67,479.74,1290.59,32.55,0.61,0.00,0.00,1.92,1.47,0.01,0.26,19.84,78.65
2025-04-12 14:20,-78.06,-68.33,0.00,0.00,40.00,44.70,0.11,5.28,0.00,181.76,483.26,1275.08,32.53,0.33,0.00,0.00,1.92,1.50,0.01,0.26,21.33,9.10
2025-04-12 14:25,-45.00,0.00,1.56,0.00,41.00,44.70,0.11,5.25,0.00,175.69,443.18,1259.58,32.52,0.00,0.11,0.00,1.97,1.50,0.01,0.26,23.98,69.66
2025-04-12 14:30,-14.42,-301.86,0.00,0.00,41.00,44.70,0.11,5.16,0.31,166.96,481.08,1244.08,32.50,1.52,0.00,0.00,1.97,1.50,0.01,0.25,15.86,78.92
2025-04-12 14:35,-3.28,0.00,4.78,0.00,44.00,44.70,0.11,5.59,14.80,134.56,473.79,1226.98,32.50,0.00,0.35,0.00,2.11,1.50,0.01,0.27,26.26,9.46
2025-04-12 14:40,-24.03,0.00,11.46,0.00,41.00,45.37,0.11,5.51,1.41,131.17,481.89,1209.88,32.50,0.00,0.83,0.00,1.97,1.52,0.01,0.27,29.32,83.32
2025-04-12 14:45,-3.73,0.00,8.53,0.00,47.00,44.70,0.11,5.36,19.87,122.39,449.90,1192.79,32.50,0.00,0.63,0.00,2.26,1.50,0.01,0.26,29.84,85.98
2025-04-12 14:50,-3.39,0.00,51.99,0.00,44.00,44.70,0.11,5.10,25.39,134.30,443.32,1175.69,32.50,0.00,3.88,0.00,2.11,1.50,0.01,0.25,51.14,60.89
2025-04-12 14:55,-44.51,0.00,109.77,0.00,47.00,44.70,0.11,5.62,3.90,126.39,433.19,1158.59,32.50,0.00,8.04,0.00,2.26,1.50,0.01,0.28,87.02,75.97
2025-04-12 15:00,-3.04,0.00,132.25,0.00,47.00,44.70,0.11,5.31,46.03,115.41,445.79,1141.50,32.50,0.00,9.78,0.00,2.26,1.50,0.01,0.26,96.81,91.01
2025-04-12 15:05,-4.50,0.00,82.74,0.00,40.00,44.70,0.11,0.00,4.97,106.87,457.38,1114.21,32.48,0.00,6.15,0.00,1.92,1.50,0.01,0.00,68.35,99.44
2025-04-12 15:10,-71.54,0.00,149.13,0.00,46.00,58.79,0.11,0.00,5.36,111.68,424.44,1086.92,32.47,0.00,11.28,0.00,2.21,1.97,0.01,0.00,122.70,118.44
2025-04-12 15:15,-79.50,0.00,156.86,0.00,45.00,58.79,0.11,0.00,3.83,128.40,435.26,1059.64,32.45,0.00,12.08,0.00,2.16,1.97,0.01,0.00,130.21,99.45
2025-04-12 15:20,-85.90,0.00,175.44,0.00,40.00,59.46,0.11,0.00,0.00,126.90,438.65,1032.35,32.43,0.00,13.62,0.00,1.92,1.99,0.01,0.00,146.55,209.65
2025-04-12 15:25,-86.21,0.00,190.95,0.00,40.00,59.46,0.11,0.00,0.11,134.95,425.43,1005.07,32.42,0.00,14.74,0.00,1.92,1.99,0.01,0.00,161.28,118.44
2025-04-12 15:30,-72.23,0.00,171.36,0.00,44.00,59.46,0.11,0.00,9.96,153.01,422.79,977.78,32.40,0.00,13.22,0.00,2.11,1.99,0.01,0.00,146.07,118.44
2025-04-12 15:35,-72.16,0.00,170.39,0.00,44.00,58.79,0.11,0.00,9.37,161.25,436.86,958.01,32.55,0.00,13.26,0.00,2.11,1.97,0.01,0.00,145.97,100.01
2025-04-12 15:40,-78.45,0.00,170.24,0.00,40.00,84.97,0.11,0.00,0.21,134.01,445.64,938.24,32.70,0.00,13.05,0.00,1.92,2.85,0.01,0.00,153.36,116.03
2025-04-12 15:45,-7.96,0.00,107.84,0.00,42.00,126.57,0.11,0.00,0.27,145.23,432.33,918.47,32.85,0.00,8.11,0.00,2.02,4.24,0.01,0.00,111.31,122.09
2025-04-12 15:50,-43.40,0.00,179.81,0.00,45.00,89.66,0.11,0.00,2.93,133.01,421.98,898.70,33.00,0.00,13.57,0.00,2.16,3.00,0.01,0.00,164.36,138.00
2025-04-12 15:55,-0.96,0.00,137.37,0.00,41.00,147.38,0.11,0.00,16.03,131.90,416.30,878.93,33.15,0.00,10.46,0.00,1.97,4.93,0.01,0.00,139.56,155.64
2025-04-12 16:00,-0.14,0.00,161.76,0.00,43.00,137.31,0.11,0.00,14.57,137.87,413.89,859.16,33.30,0.00,12.23,0.00,2.06,4.60,0.01,0.00,157.07,148.47
2025-04-12 16:05,-0.14,0.00,169.12,0.00,44.00,99.73,0.11,88.78,11.92,133.19,409.55,828.95,33.15,0.00,12.82,0.00,2.11,3.34,0.01,4.36,187.76,144.22
2025-04-12 16:10,-1.04,0.00,124.41,0.00,64.00,90.34,45.47,91.31,45.72,138.10,414.68,798.74,33.00,0.00,9.24,0.00,3.07,3.02,2.41,4.49,170.64,147.21
2025-04-12 16:15,-1.09,0.00,101.72,0.00,78.00,90.34,80.67,91.80,85.10,127.34,409.36,768.52,32.85,0.00,7.62,0.00,3.74,3.02,3.92,4.51,168.15,218.11
2025-04-12 16:20,-0.14,0.00,112.55,0.00,76.00,142.68,82.78,91.25,61.77,116.39,399.13,738.31,32.70,0.00,8.49,0.00,3.65,4.78,4.01,4.48,191.11,228.25
2025-04-12 16:25,-4.18,0.00,143.27,0.00,86.00,148.72,85.08,113.37,47.84,104.97,360.01,708.09,32.55,0.00,10.88,0.00,4.13,4.98,4.11,5.57,236.33,214.79
2025-04-12 16:30,-4.19,0.00,116.94,0.00,99.00,147.38,86.70,185.79,33.65,103.65,378.47,677.88,32.40,0.00,8.73,0.00,4.75,4.93,4.18,9.13,239.19,212.55
2025-04-12 16:35,-15.28,0.00,45.50,0.00,123.00,148.72,87.19,189.78,215.34,109.87,370.83,644.63,32.43,0.00,3.39,0.00,5.90,4.98,4.20,9.33,182.41,239.20
2025-04-12 16:40,-16.65,0.00,41.43,0.00,139.00,147.38,87.20,189.00,238.16,99.54,364.67,611.37,32.47,0.00,2.91,0.00,6.67,4.93,4.20,9.29,184.80,154.37
2025-04-12 16:45,-16.71,0.00,71.08,0.00,156.00,148.72,87.28,189.62,212.62,110.65,350.89,578.12,32.50,0.00,5.01,0.00,7.49,4.98,4.21,9.32,213.00,286.24
2025-04-12 16:50,-3.62,0.00,150.16,0.00,176.00,209.12,87.21,191.18,9.32,100.36,334.57,544.86,32.53,0.00,10.35,0.00,8.45,7.00,4.20,9.39,315.42,282.11
2025-04-12 16:55,-2.67,0.00,154.28,0.00,195.00,225.23,87.33,190.63,19.75,96.68,316.69,511.61,32.57,0.00,10.60,0.00,9.36,7.54,4.21,9.37,331.66,283.45
2025-04-12 17:00,-1.24,0.00,139.36,0.00,197.00,221.87,114.77,190.16,89.36,89.87,296.00,478.36,32.60,0.00,9.48,0.00,9.45,7.43,5.66,9.34,323.00,302.06
2025-04-12 17:05,-0.15,0.00,104.89,0.01,199.00,222.54,161.81,190.40,180.24,91.18,251.00,445.91,32.45,0.00,7.05,0.00,9.55,7.45,8.14,9.36,304.59,288.22
2025-04-12 17:10,-7.96,0.00,109.13,0.00,193.00,221.20,258.00,186.28,95.53,90.20,258.57,413.47,32.30,0.00,7.26,0.00,9.26,7.41,13.93,9.15,352.75,296.89
2025-04-12 17:15,-0.20,0.00,90.25,0.00,200.00,172.21,279.66,190.45,227.87,99.20,218.60,381.02,32.15,0.00,6.08,0.00,9.60,5.77,15.56,9.36,331.45,303.68
2025-04-12 17:20,-0.17,0.00,70.43,0.00,199.00,219.19,329.49,190.58,206.31,95.77,208.87,348.58,32.00,0.00,4.71,0.00,9.55,7.34,18.19,9.37,341.53,310.16
2025-04-12 17:25,-1.46,0.00,96.80,0.00,197.00,219.19,332.85,188.04,221.83,100.11,181.82,316.13,31.85,0.00,6.41,0.00,9.45,7.34,18.42,9.24,367.96,310.41
2025-04-12 17:30,0.00,0.00,87.37,0.01,199.00,222.54,361.12,190.97,261.77,97.37,171.56,283.69,31.70,0.00,5.84,0.00,9.55,7.45,20.23,9.38,370.17,285.53
2025-04-12 17:35,-0.46,0.00,106.26,0.00,196.00,219.19,385.00,188.94,272.32,89.04,153.13,255.02,31.33,0.00,7.22,0.00,9.40,7.34,21.70,9.28,399.15,306.51
2025-04-12 17:40,-0.02,0.00,197.59,0.00,199.00,221.87,410.04,190.19,374.90,99.62,134.37,226.34,30.97,0.00,14.00,0.00,9.55,7.43,23.31,9.35,460.37,304.36
2025-04-12 17:45,-0.08,0.00,213.81,0.01,199.00,220.53,437.01,189.65,345.80,100.57,115.18,197.67,30.60,0.00,14.93,0.00,9.55,7.38,24.86,9.32,498.00,310.24
2025-04-12 17:50,-0.03,0.00,240.50,0.01,198.00,221.20,450.82,190.84,334.96,93.95,94.86,169.00,30.23,0.00,16.80,0.00,9.50,7.41,25.72,9.38,545.65,302.96
2025-04-12 17:55,-0.10,0.00,252.52,0.01,197.00,220.53,450.84,190.86,347.46,89.53,75.54,140.33,29.87,0.00,17.68,0.00,9.45,7.38,25.71,9.38,572.39,276.63
2025-04-12 18:00,-0.09,0.00,256.22,0.01,196.00,219.86,469.67,189.17,355.73,86.66,55.85,111.66,29.50,0.00,17.91,0.00,9.40,7.36,26.87,9.30,595.15,325.90
2025-04-12 18:05,-0.04,0.00,259.57,0.01,197.00,220.53,495.73,188.63,326.56,86.64,36.91,94.81,29.17,0.00,17.97,0.00,9.45,7.38,28.59,9.27,628.56,301.74
2025-04-12 18:10,-0.07,0.00,242.72,0.00,196.00,219.19,498.46,189.24,372.63,93.29,26.46,77.97,28.83,0.00,16.79,0.00,9.40,7.34,28.76,9.30,600.65,303.41
2025-04-12 18:15,-0.08,0.00,252.25,0.01,198.00,221.87,500.04,190.72,360.75,99.22,16.58,61.13,28.50,0.00,17.45,0.00,9.50,7.43,28.86,9.37,624.21,270.00
2025-04-12 18:20,-0.42,0.00,249.99,0.01,196.00,219.19,498.76,188.66,353.00,99.77,6.61,44.29,28.17,0.00,17.22,0.00,9.40,7.34,28.78,9.27,637.40,230.00
2025-04-12 18:25,-0.10,0.00,251.90,0.00,196.00,219.19,484.23,188.60,367.19,99.12,4.34,27.44,27.83,0.00,17.35,0.00,9.40,7.34,27.74,9.27,639.53,0.00
2025-04-12 18:30,-0.12,0.00,298.00,0.00,199.00,221.87,476.69,192.26,288.28,97.89,2.04,10.60,27.50,0.00,20.29,0.00,9.55,7.43,27.14,9.45,744.49,259.92
2025-04-12 18:35,-2.69,0.00,375.19,0.00,195.00,217.84,473.71,188.81,175.75,91.60,0.94,8.83,27.08,0.00,25.46,0.00,9.36,7.29,27.00,9.28,965.18,270.34
2025-04-12 18:40,0.00,0.00,341.86,0.00,198.00,219.19,477.18,189.36,204.74,95.84,0.04,7.07,26.67,0.00,23.65,0.00,9.50,7.34,27.20,9.31,880.39,215.35
2025-04-12 18:45,-1.03,0.00,341.76,0.01,197.00,219.86,509.28,189.21,170.24,95.02,0.01,5.30,26.25,0.00,23.85,0.00,9.45,7.36,29.15,9.30,910.13,217.06
2025-04-12 18:50,-0.07,0.00,348.69,0.00,196.00,219.19,512.01,189.41,158.16,90.08,0.01,3.53,25.83,0.00,24.34,0.00,9.40,7.34,29.31,9.31,937.91,216.50
2025-04-12 18:55,-0.12,0.00,406.27,0.01,199.00,221.87,494.08,190.05,62.33,94.23,0.01,1.77,25.42,0.00,28.33,0.00,9.55,7.43,28.19,9.34,1159.97,209.11
2025-04-12 19:00,-2.37,0.00,566.93,0.00,197.00,219.19,515.78,188.31,37.14,93.03,0.00,0.00,25.00,0.00,39.73,0.00,9.45,7.34,29.51,9.25,1678.62,209.20
2025-04-12 19:05,-0.39,0.00,549.46,0.01,199.00,223.88,401.00,191.55,55.90,100.34,0.00,0.00,25.02,0.00,37.63,0.00,9.55,7.50,22.10,9.41,1663.22,224.78
2025-04-12 19:10,-0.10,0.00,386.05,0.01,197.00,220.53,516.75,190.31,54.56,104.94,0.00,0.00,25.03,0.00,27.63,0.00,9.45,7.38,29.57,9.35,1114.36,224.60
2025-04-12 19:15,-3.90,0.00,485.27,0.01,196.00,219.19,541.08,189.14,73.89,107.56,0.00,0.00,25.05,0.00,35.90,0.00,9.40,7.34,31.04,9.29,1331.97,224.00
2025-04-12 19:20,-0.15,0.00,411.71,0.01,199.00,220.53,400.46,188.80,67.16,107.13,0.00,0.00,25.07,0.00,29.90,0.00,9.55,7.38,22.04,9.28,1216.11,205.91
2025-04-12 19:25,-0.32,0.00,418.26,0.01,200.00,223.88,402.38,191.18,53.67,107.04,0.00,0.00,25.08,0.00,30.37,0.00,9.60,7.50,22.13,9.39,1247.99,206.87
2025-04-12 19:30,-0.33,0.00,425.40,0.01,198.00,221.20,401.28,191.73,38.76,106.74,0.00,0.00,25.10,0.00,30.87,0.00,9.50,7.41,22.08,9.42,1299.66,224.00
2025-04-12 19:35,-4.54,0.00,607.59,0.01,197.00,219.86,397.86,188.98,49.49,105.94,0.00,0.00,24.78,0.00,44.00,0.00,9.45,7.36,21.88,9.29,2017.85,224.00
2025-04-12 19:40,-1.57,0.00,613.47,0.01,199.00,220.53,359.46,190.19,57.95,104.72,0.00,0.00,24.47,0.00,42.64,0.00,9.55,7.38,20.03,9.35,2065.19,205.67
2025-04-12 19:45,-0.31,0.00,404.08,0.01,200.00,222.54,396.63,191.04,63.30,100.12,0.00,0.00,24.15,0.00,28.17,0.00,9.60,7.45,21.92,9.39,1193.76,197.64
2025-04-12 19:50,-1.75,0.00,421.93,0.01,198.00,220.53,396.87,190.62,32.82,96.56,0.00,0.00,23.83,0.00,29.50,0.00,9.50,7.38,21.93,9.37,1309.86,201.47
2025-04-12 19:55,-1.84,0.00,608.73,0.01,197.00,219.86,389.99,188.69,19.28,96.15,0.00,0.00,23.52,0.00,42.86,0.00,9.45,7.36,21.56,9.27,2170.48,175.00
2025-04-12 20:00,-0.16,0.00,622.18,0.01,201.00,224.56,355.53,192.17,20.18,107.94,0.00,0.00,23.20,0.00,43.73,0.00,9.64,7.52,19.78,9.44,2257.40,177.77
2025-04-12 20:05,-1.04,0.00,645.36,0.01,198.00,220.53,351.86,190.68,12.92,111.10,0.00,0.00,23.08,0.00,45.66,0.00,9.50,7.38,19.56,9.37,2502.24,175.24
2025-04-12 20:10,-0.07,0.00,412.16,0.01,197.00,220.53,378.54,190.81,20.00,109.70,0.00,0.00,22.97,0.00,29.34,0.00,9.45,7.38,20.97,9.38,1303.77,170.44
2025-04-12 20:15,-0.15,0.00,435.16,0.00,197.00,219.86,337.09,190.42,14.24,107.79,0.00,0.00,22.85,0.00,31.08,0.00,9.45,7.36,18.78,9.36,1445.81,170.44
2025-04-12 20:20,-0.70,0.00,430.62,0.01,199.00,223.21,314.47,191.27,16.79,112.84,0.00,0.00,22.73,0.00,30.90,0.00,9.55,7.47,17.59,9.40,1435.57,170.44
2025-04-12 20:25,-0.52,0.00,438.60,0.00,198.00,220.53,312.05,191.71,10.62,117.73,0.00,0.00,22.62,0.00,31.35,0.00,9.50,7.38,17.46,9.42,1474.04,163.30
2025-04-12 20:30,-7.86,0.00,430.48,0.01,198.00,223.21,313.76,190.94,10.88,121.44,0.00,0.00,22.50,0.00,30.61,0.00,9.50,7.47,17.57,9.38,1442.84,167.01
2025-04-12 20:35,-20.47,0.00,442.04,0.00,198.00,220.53,281.97,189.24,13.09,132.61,0.00,0.00,22.45,0.00,30.88,0.00,9.50,7.38,15.46,9.30,1519.04,166.42
2025-04-12 20:40,-5.56,0.00,441.87,0.00,199.00,222.54,275.78,191.42,17.53,139.57,0.00,0.00,22.40,0.00,31.29,0.00,9.55,7.45,15.10,9.41,1459.88,148.47
2025-04-12 20:45,-1.23,0.00,619.52,0.00,199.00,221.87,287.48,192.11,4.68,145.61,0.00,0.00,22.35,0.00,44.07,0.00,9.55,7.43,15.67,9.44,2404.32,146.12
2025-04-12 20:50,-0.70,0.00,616.07,0.01,198.00,213.82,290.69,190.00,2.00,157.02,0.00,0.00,22.30,0.00,43.46,0.00,9.50,7.16,15.83,9.34,2353.97,144.35
2025-04-12 20:55,-0.60,0.00,639.56,0.01,198.00,166.84,283.49,191.13,0.81,171.03,0.00,0.00,22.25,0.00,44.56,0.00,9.50,5.59,15.34,9.39,2728.40,135.36
2025-04-12 21:00,-0.83,0.00,656.44,0.00,198.00,155.43,237.69,190.87,0.39,171.30,0.00,0.00,22.20,0.00,45.64,0.00,9.50,5.20,12.55,9.38,3330.47,159.90
2025-04-12 21:05,-0.54,0.00,651.88,0.01,199.00,150.73,237.93,191.55,2.38,186.75,0.00,0.00,22.23,0.00,45.32,0.00,9.55,5.05,12.55,9.41,3109.99,161.66
2025-04-12 21:10,-0.29,0.00,631.12,0.01,200.00,150.73,237.98,192.46,6.47,198.22,0.00,0.00,22.27,0.00,44.14,0.00,9.60,5.05,12.55,9.46,2734.98,162.74
2025-04-12 21:15,-1.96,0.00,626.33,0.00,197.00,149.39,235.80,189.15,0.27,218.85,0.00,0.00,22.30,0.00,43.66,0.00,9.45,5.00,12.43,9.30,2645.45,139.71
2025-04-12 21:20,-15.34,0.00,618.82,0.01,198.00,148.72,235.80,190.43,0.04,223.64,0.00,0.00,22.33,0.00,42.65,0.00,9.50,4.98,12.43,9.36,2612.94,148.47
2025-04-12 21:25,-34.08,0.00,642.30,0.00,199.00,150.06,187.24,191.38,5.34,238.70,0.00,0.00,22.37,0.00,43.90,0.00,9.55,5.02,9.48,9.40,3142.92,159.62
2025-04-12 21:30,-14.81,0.00,632.95,0.00,199.00,150.06,186.72,193.07,0.31,248.11,0.00,0.00,22.40,0.00,42.94,0.00,9.55,5.02,9.45,9.49,2784.13,163.52
2025-04-12 21:35,-10.34,0.00,626.82,0.00,197.00,149.39,185.91,190.19,0.29,261.26,0.00,0.00,22.58,0.00,42.71,0.00,9.45,5.00,9.41,9.35,2626.25,155.09
2025-04-12 21:40,-0.89,0.00,638.04,0.00,198.00,150.06,143.66,191.32,0.32,270.52,0.00,0.00,22.77,0.00,42.84,0.00,9.50,5.02,7.18,9.40,2817.29,157.89
2025-04-12 21:45,-0.30,0.00,640.46,0.00,199.00,150.06,108.31,191.62,20.94,269.74,0.00,0.00,22.95,0.00,42.68,0.00,9.55,5.02,5.31,9.42,2889.83,122.60
2025-04-12 21:50,-2.09,0.00,666.87,0.00,198.00,149.39,66.03,191.12,13.73,273.19,0.00,0.00,23.13,0.00,44.08,0.00,9.50,5.00,3.08,9.39,3831.98,134.21
2025-04-12 21:55,-6.00,0.00,652.67,0.00,198.00,150.06,66.09,189.93,7.20,282.32,0.00,0.00,23.32,0.00,42.96,0.00,9.50,5.02,3.08,9.33,3570.39,118.44
2025-04-12 22:00,-15.79,0.00,644.92,0.00,199.00,150.73,65.82,189.47,6.32,288.67,0.00,0.00,23.50,0.00,42.11,0.00,9.55,5.05,3.07,9.31,3463.95,126.12
2025-04-12 22:05,-12.90,0.00,652.27,0.00,197.00,149.39,66.28,190.26,3.06,292.97,0.00,0.00,23.57,0.00,41.92,0.00,9.45,5.00,3.09,9.35,3531.90,124.62
2025-04-12 22:10,-3.12,0.00,637.88,0.00,198.00,150.06,66.49,190.14,8.14,297.99,0.00,0.00,23.63,0.00,40.82,0.00,9.50,5.02,3.09,9.34,3014.50,118.44
2025-04-12 22:15,-3.04,0.00,622.34,0.00,197.00,150.06,67.17,190.26,0.70,306.21,0.00,0.00,23.70,0.00,39.47,0.00,9.45,5.02,3.13,9.35,2786.90,111.72
2025-04-12 22:20,-12.16,0.00,622.89,0.00,195.00,149.39,66.60,188.97,0.15,317.73,0.00,0.00,23.77,0.00,39.20,0.00,9.36,5.00,3.10,9.29,2798.42,101.86
2025-04-12 22:25,-17.72,0.00,606.10,0.00,198.00,150.06,67.24,190.13,0.60,333.06,0.00,0.00,23.83,0.00,38.08,0.00,9.50,5.02,3.13,9.34,2477.25,94.08
2025-04-12 22:30,-23.61,0.00,612.33,0.00,197.00,149.39,66.73,189.78,0.00,336.72,0.00,0.00,23.90,0.00,37.45,0.00,9.45,5.00,3.11,9.33,2542.58,100.01
2025-04-12 22:35,-12.42,0.00,633.84,0.00,197.00,91.68,66.61,189.62,0.00,334.10,0.00,0.00,24.03,0.00,38.45,0.00,9.45,3.07,3.10,9.32,3268.48,100.01
2025-04-12 22:40,-8.68,0.00,679.18,0.00,200.00,145.37,67.03,30.72,12.45,339.31,0.00,0.00,24.17,0.00,40.45,0.00,9.60,4.87,3.12,1.51,6676.68,100.01
2025-04-12 22:45,-9.97,0.00,687.62,0.00,198.00,148.72,66.77,18.80,2.90,346.97,0.00,0.00,24.30,0.00,40.46,0.00,9.50,4.98,3.11,0.92,8367.96,100.01
2025-04-12 22:50,-9.00,0.00,698.00,0.00,199.00,92.35,67.08,9.75,0.80,380.93,0.00,0.00,24.43,0.00,40.83,0.00,9.55,3.09,3.13,0.48,15965.86,89.94
2025-04-12 22:55,-11.55,0.00,668.90,0.00,199.00,89.66,67.25,9.71,2.87,421.98,0.00,0.00,24.57,0.00,38.78,0.00,9.55,3.00,3.13,0.48,5992.38,91.84
2025-04-12 23:00,-28.14,0.00,668.78,0.00,196.00,90.34,67.53,0.00,0.00,450.21,0.00,0.00,24.70,0.00,38.36,0.00,9.40,3.02,3.15,0.00,6040.49,99.44
2025-04-12 23:05,-81.10,0.00,707.45,0.00,200.00,60.81,67.56,0.00,0.93,476.81,0.00,0.00,24.57,0.00,40.44,0.00,9.60,2.04,3.15,0.00,37751.47,98.64
2025-04-12 23:10,-63.08,0.00,701.66,0.00,182.00,90.34,39.93,0.00,0.96,473.73,0.00,0.00,24.43,0.00,39.47,0.00,8.73,3.02,1.69,0.00,28589.29,92.35
2025-04-12 23:15,-49.60,0.00,704.92,0.00,159.00,88.32,40.01,0.00,1.39,489.88,0.00,0.00,24.30,0.00,39.48,0.00,7.63,2.96,1.70,0.00,25791.33,89.84
2025-04-12 23:20,-52.75,0.00,750.68,0.00,134.00,88.99,40.14,0.00,0.00,526.20,0.00,0.00,24.17,0.00,42.08,0.00,6.43,2.98,1.70,0.00,45273.20,89.49
2025-04-12 23:25,-89.09,0.00,714.19,0.00,112.00,88.99,40.09,0.00,0.00,560.54,0.00,0.00,24.03,0.00,39.92,0.00,5.37,2.98,1.70,0.00,362386.51,80.83
2025-04-12 23:30,-7.42,0.00,643.10,0.00,94.00,58.79,40.05,0.00,26.89,624.70,0.00,0.00,23.90,0.00,36.87,0.00,4.51,1.97,1.70,0.00,2787.63,81.36
2025-04-12 23:35,-9.68,0.00,644.54,0.00,70.00,60.81,40.18,0.00,11.98,653.88,0.00,0.00,23.45,0.00,36.10,0.00,3.36,2.04,1.70,0.00,2838.58,91.10
2025-04-12 23:40,-6.79,0.00,654.25,0.00,51.00,65.50,16.82,0.00,63.07,670.91,0.00,0.00,23.00,0.00,38.33,0.00,2.45,2.19,0.71,0.00,2541.44,99.44
2025-04-12 23:45,-9.09,0.00,675.26,0.00,41.00,60.14,0.11,0.00,54.04,669.04,0.00,0.00,22.55,0.00,39.34,0.00,1.97,2.01,0.01,0.00,3714.83,94.25
2025-04-12 23:50,-9.17,0.00,705.91,0.00,42.00,58.79,0.11,0.00,45.13,687.81,0.00,0.00,22.10,0.00,41.18,0.00,2.02,1.97,0.01,0.00,4564.25,99.44
2025-04-12 23:55,-5.85,0.00,697.05,0.00,41.00,60.81,0.10,0.00,36.36,693.11,0.00,0.00,21.65,0.00,40.49,0.00,1.97,2.04,0.01,0.00,4156.81,94.63
2025-04-13 00:00,-7.07,0.00,712.85,0.00,41.00,60.81,0.11,0.00,6.23,693.43,0.00,0.00,21.20,0.00,41.19,0.00,1.97,2.04,0.01,0.00,6641.66,39.78
2025-04-13 00:05,-15.19,0.00,720.57,0.00,40.00,60.14,0.11,0.00,0.26,687.48,0.00,0.00,21.25,0.00,41.38,0.00,1.92,2.01,0.01,0.00,10414.74,89.31
2025-04-13 00:10,-34.22,0.00,722.25,0.00,40.00,59.46,0.11,0.00,6.70,684.44,0.00,0.00,21.30,0.00,41.69,0.00,1.92,1.99,0.01,0.00,15981.82,25.99
2025-04-13 00:15,-33.01,0.00,728.74,0.00,42.00,60.81,0.11,0.00,21.12,678.14,0.00,0.00,21.35,0.00,43.05,0.00,2.02,2.04,0.01,0.00,13983.85,0.01
2025-04-13 00:20,-12.72,0.00,714.00,0.00,42.00,72.89,0.11,0.00,5.48,674.51,0.00,0.00,21.40,0.00,42.38,0.00,2.02,2.44,0.01,0.00,8234.36,0.01
2025-04-13 00:25,-11.48,0.00,731.04,0.00,40.00,60.14,0.11,0.00,17.09,676.67,0.00,0.00,21.45,0.00,43.26,0.00,1.92,2.01,0.01,0.00,11002.48,10.19
2025-04-13 00:30,-41.25,0.00,746.75,0.00,43.00,77.58,0.11,0.00,13.41,670.40,0.00,0.00,21.50,0.00,43.91,0.00,2.06,2.60,0.01,0.00,35329.39,10.12
2025-04-13 00:35,-22.69,0.00,739.74,0.00,39.00,60.14,0.11,0.00,1.70,689.02,0.00,0.00,21.47,0.00,43.29,0.00,1.87,2.01,0.01,0.00,20561.37,0.01
2025-04-13 00:40,-6.22,0.00,701.06,0.00,45.00,60.81,0.11,0.00,53.27,690.81,0.00,0.00,21.43,0.00,41.01,0.00,2.16,2.04,0.01,0.00,3801.29,0.01
2025-04-13 00:45,-19.94,0.00,726.82,0.00,40.00,61.48,0.11,0.00,0.00,728.99,0.00,0.00,21.40,0.00,42.17,0.00,1.92,2.06,0.01,0.00,6608.03,9.86
2025-04-13 00:50,-57.20,0.00,721.42,0.00,40.00,60.81,0.11,0.00,0.00,757.72,0.00,0.00,21.37,0.00,41.60,0.00,1.92,2.04,0.01,0.00,6833.08,0.01
2025-04-13 00:55,-12.24,0.00,679.17,0.00,40.00,60.14,0.11,0.00,0.07,775.89,0.00,0.00,21.33,0.00,38.40,0.00,1.92,2.01,0.01,0.00,2748.93,-2.20
2025-04-13 01:00,-12.96,0.00,658.29,0.00,41.00,60.14,0.11,0.00,18.53,786.17,0.00,0.00,21.30,0.00,36.94,0.00,1.97,2.01,0.01,0.00,2092.72,-2.82
2025-04-13 01:05,-12.06,0.00,643.50,0.00,40.00,60.14,0.11,0.00,6.50,813.95,0.00,0.00,21.32,0.00,36.18,0.00,1.92,2.01,0.01,0.00,1815.88,0.01
2025-04-13 01:10,-22.58,0.00,629.84,0.00,43.00,60.81,0.11,0.00,0.05,847.92,0.00,0.00,21.33,0.00,35.70,0.00,2.06,2.04,0.01,0.00,1595.28,0.00
2025-04-13 01:15,-14.11,0.00,509.72,0.00,40.00,60.14,0.11,0.00,0.00,874.14,0.00,0.00,21.35,0.00,28.22,0.00,1.92,2.01,0.01,0.00,856.47,9.88
2025-04-13 01:20,-20.63,0.00,597.25,0.00,41.00,60.14,0.11,0.00,0.02,914.38,0.00,0.00,21.37,0.00,32.63,0.00,1.97,2.01,0.01,0.00,1104.66,0.00
2025-04-13 01:25,-18.48,0.00,562.24,0.00,40.00,59.46,0.11,0.00,0.00,939.24,0.00,0.00,21.38,0.00,30.47,0.00,1.92,1.99,0.01,0.00,900.80,-2.86
2025-04-13 01:30,-11.57,0.00,558.18,0.00,41.00,60.14,0.11,0.00,1.52,943.78,0.00,0.00,21.40,0.00,29.80,0.00,1.97,2.01,0.01,0.00,850.30,-2.84
2025-04-13 01:35,-10.69,0.00,554.93,0.00,40.00,60.81,0.11,0.00,0.07,932.19,0.00,0.00,21.23,0.00,28.97,0.00,1.92,2.04,0.01,0.00,845.17,-2.86
2025-04-13 01:40,-8.14,0.00,560.65,0.00,42.00,60.81,0.11,0.00,2.12,937.15,0.00,0.00,21.07,0.00,29.04,0.00,2.02,2.04,0.01,0.00,839.12,-10.91
2025-04-13 01:45,-10.83,0.00,552.87,0.00,40.00,60.81,0.11,0.00,0.13,950.27,0.00,0.00,20.90,0.00,28.24,0.00,1.92,2.04,0.01,0.00,792.59,-19.90
2025-04-13 01:50,-20.57,0.00,569.40,0.00,40.00,59.46,0.11,0.00,0.08,943.24,0.00,0.00,20.73,0.00,28.57,0.00,1.92,1.99,0.01,0.00,860.76,-22.25
2025-04-13 01:55,-11.45,0.00,550.78,0.00,40.00,60.14,0.11,0.00,0.10,938.70,0.00,0.00,20.57,0.00,27.50,0.00,1.92,2.01,0.01,0.00,791.15,-21.00
2025-04-13 02:00,-11.53,0.00,547.21,0.00,41.00,61.48,0.11,0.00,0.00,939.01,0.00,0.00,20.40,0.00,26.76,0.00,1.97,2.06,0.01,0.00,765.23,-2.91
2025-04-13 02:05,-17.00,0.00,557.24,0.00,40.00,61.48,0.11,0.00,0.00,938.93,0.00,0.00,20.75,0.00,27.29,0.00,1.92,2.06,0.01,0.00,804.84,-2.93
2025-04-13 02:10,-9.43,0.00,558.19,0.00,42.00,60.81,0.11,0.00,4.51,927.86,0.00,0.00,21.10,0.00,27.40,0.00,2.02,2.04,0.01,0.00,807.29,-16.60
2025-04-13 02:15,-18.34,0.00,395.98,0.00,40.00,60.81,0.11,0.00,0.00,902.90,0.00,0.00,21.45,0.00,19.12,0.00,1.92,2.04,0.01,0.00,469.80,-10.99
2025-04-13 02:20,-14.43,0.00,412.66,0.00,41.00,60.81,0.11,0.00,0.13,889.87,0.00,0.00,21.80,0.00,20.05,0.00,1.97,2.04,0.01,0.00,511.11,-19.90
2025-04-13 02:25,-19.94,0.00,568.76,0.00,40.00,61.48,0.11,0.00,0.00,887.52,0.00,0.00,22.15,0.00,27.74,0.00,1.92,2.06,0.01,0.00,950.80,-16.65
2025-04-13 02:30,-11.80,0.00,602.20,0.00,42.00,59.46,0.10,0.00,0.05,829.41,0.00,0.00,22.50,0.00,29.61,0.00,2.02,1.99,0.01,0.00,1272.74,-22.19
2025-04-13 02:35,-4.48,0.00,586.05,0.00,41.00,60.81,0.10,0.00,0.05,835.88,0.00,0.00,22.37,0.00,28.70,0.00,1.97,2.04,0.01,0.00,1130.13,-22.20
2025-04-13 02:40,-5.55,0.00,584.49,0.00,43.00,44.70,0.11,0.00,9.36,851.02,0.00,0.00,22.23,0.00,29.29,0.00,2.06,1.50,0.01,0.00,1100.79,-22.34
2025-04-13 02:45,-28.02,0.00,587.10,0.00,40.00,44.70,0.11,0.00,0.40,863.17,0.00,0.00,22.10,0.00,28.50,0.00,1.92,1.50,0.01,0.00,1149.49,-22.30
2025-04-13 02:50,-13.10,0.00,431.15,0.00,41.00,44.03,0.11,0.00,0.20,880.63,0.00,0.00,21.97,0.00,21.46,0.00,1.97,1.47,0.01,0.00,572.83,-22.31
2025-04-13 02:55,-5.72,0.00,550.93,0.00,41.00,43.36,0.11,0.00,0.00,901.54,0.00,0.00,21.83,0.00,27.29,0.00,1.97,1.45,0.01,0.00,858.57,-22.23
2025-04-13 03:00,-30.19,0.00,395.90,0.00,40.00,44.03,0.11,0.00,0.00,893.79,0.00,0.00,21.70,0.00,19.61,0.00,1.92,1.47,0.01,0.00,500.42,-22.29
2025-04-13 03:05,-50.03,0.00,574.76,0.00,40.00,44.03,0.11,0.00,0.00,919.43,0.00,0.00,21.85,0.00,28.42,0.00,1.92,1.47,0.01,0.00,1008.12,-22.37
2025-04-13 03:10,-21.25,0.00,582.41,0.00,40.00,44.03,0.11,0.00,0.00,851.42,0.00,0.00,22.00,0.00,28.68,0.00,1.92,1.47,0.01,0.00,1159.93,-19.90
2025-04-13 03:15,-11.52,0.00,599.97,0.00,40.00,43.36,0.11,0.00,1.10,822.53,0.00,0.00,22.15,0.00,29.15,0.00,1.92,1.45,0.01,0.00,1320.34,-22.28
2025-04-13 03:20,-12.60,0.00,564.72,0.00,40.00,44.70,0.11,0.00,0.13,866.04,0.00,0.00,22.30,0.00,27.32,0.00,1.92,1.50,0.01,0.00,987.31,-22.26
2025-04-13 03:25,-14.91,0.00,551.90,0.00,40.00,44.03,0.11,0.00,0.04,890.70,0.00,0.00,22.45,0.00,26.60,0.00,1.92,1.47,0.01,0.00,882.36,-22.36
2025-04-13 03:30,-4.85,0.00,523.83,0.00,45.00,43.36,0.11,0.00,7.27,911.47,0.00,0.00,22.60,0.00,29.10,0.00,2.04,1.73,0.01,0.00,824.41,-22.28
2025-04-13 03:35,-21.68,0.00,357.32,0.00,40.00,44.03,0.11,0.00,0.00,879.78,0.00,0.00,22.93,0.00,16.90,0.00,1.92,1.47,0.01,0.00,416.50,-22.19
2025-04-13 03:40,-9.42,0.00,363.02,0.00,43.00,44.03,0.11,0.00,4.92,848.85,0.00,0.00,23.27,0.00,17.08,0.00,2.06,1.47,0.01,0.00,435.36,-22.24
2025-04-13 03:45,-16.88,0.00,358.00,0.00,42.00,42.69,0.11,0.00,4.41,866.98,0.00,0.00,23.60,0.00,16.83,0.00,2.02,1.43,0.01,0.00,418.68,-22.26
2025-04-13 03:50,-46.67,0.00,346.73,0.00,40.00,44.03,0.11,0.00,0.00,910.88,0.00,0.00,23.93,0.00,16.25,0.00,1.92,1.47,0.01,0.00,391.92,-23.26
2025-04-13 03:55,-32.33,0.00,407.07,0.00,41.00,44.03,0.11,0.00,0.04,832.15,0.00,0.00,24.27,0.00,19.15,0.00,1.97,1.47,0.01,0.00,567.43,-23.45
2025-04-13 04:00,-18.89,0.00,388.09,0.00,42.00,43.36,0.11,0.00,0.06,802.93,0.00,0.00,24.60,0.00,18.36,0.00,2.02,1.45,0.01,0.00,544.05,-23.45
2025-04-13 04:05,-13.14,0.00,377.35,0.00,42.00,42.69,0.11,0.00,2.09,843.59,0.00,0.00,24.67,0.00,17.91,0.00,2.09,1.44,0.01,0.00,476.65,0.00
2025-04-13 04:10,-19.93,0.00,372.10,0.00,40.00,44.03,0.11,0.00,0.00,836.61,0.00,0.00,24.73,0.00,17.64,0.00,2.04,1.46,0.01,0.00,479.94,-22.37
2025-04-13 04:15,-18.74,0.00,406.26,0.00,40.00,43.36,0.11,0.00,0.01,777.54,0.00,0.00,24.80,0.00,19.21,0.00,2.04,1.45,0.01,0.00,624.96,-22.39
2025-04-13 04:20,-1.67,0.00,383.72,0.00,43.00,44.03,0.11,0.00,16.31,770.19,0.00,0.00,24.87,0.00,18.24,0.00,2.11,1.46,0.01,0.00,536.38,-22.40
2025-04-13 04:25,-17.68,0.00,468.14,0.00,40.00,43.36,0.11,0.00,0.00,766.09,0.00,0.00,24.93,0.00,21.97,0.00,1.99,1.46,0.01,0.00,839.00,-22.34
2025-04-13 04:30,-6.06,0.00,408.88,0.00,41.00,44.03,0.11,0.00,5.64,739.36,0.00,0.00,25.00,0.00,19.39,0.00,2.06,1.46,0.01,0.00,662.39,-22.41
2025-04-13 04:35,-13.99,0.00,419.12,0.00,41.00,44.03,0.11,0.00,1.44,728.48,0.00,0.00,24.80,0.00,19.89,0.00,2.06,1.46,0.01,0.00,736.01,-22.41
2025-04-13 04:40,-4.90,0.00,421.86,0.00,45.00,43.36,0.11,0.00,14.95,726.43,0.00,0.00,24.60,0.00,20.06,0.00,2.16,1.45,0.01,0.00,705.04,-22.36
2025-04-13 04:45,-9.22,0.00,427.75,0.00,42.00,43.36,0.11,0.00,7.37,740.26,0.00,0.00,24.40,0.00,20.30,0.00,2.09,1.45,0.01,0.00,722.37,-22.20
2025-04-13 04:50,-4.97,0.00,513.94,0.00,43.00,44.03,0.11,0.00,9.87,768.06,0.00,0.00,24.20,0.00,24.28,0.00,2.04,1.46,0.01,0.00,963.43,-23.15
2025-04-13 04:55,-4.67,0.00,397.82,0.00,43.00,43.36,0.11,0.00,3.57,790.90,0.00,0.00,24.00,0.00,19.00,0.00,2.11,1.45,0.01,0.00,566.12,-23.05
2025-04-13 05:00,-1.09,0.00,458.65,0.00,44.00,43.36,0.11,0.00,5.58,804.58,0.00,0.00,23.80,0.00,21.92,0.00,2.14,1.45,0.01,0.00,699.19,-23.14
2025-04-13 05:05,-5.55,0.00,382.49,0.00,42.00,43.36,0.11,0.00,1.50,821.57,0.00,0.00,23.88,0.00,18.24,0.00,2.09,1.45,0.01,0.00,502.26,-22.36
2025-04-13 05:10,-3.42,0.00,369.08,0.00,42.00,44.03,0.11,0.00,8.53,835.16,0.00,0.00,23.97,0.00,17.61,0.00,2.09,1.46,0.01,0.00,455.71,-22.38
2025-04-13 05:15,-2.99,0.00,360.14,0.00,42.00,42.69,0.11,0.00,9.18,840.54,0.00,0.00,24.05,0.00,17.18,0.00,2.09,1.44,0.01,0.00,435.11,-22.33
2025-04-13 05:20,-9.28,0.00,361.05,0.00,40.00,44.03,0.11,0.00,0.26,861.85,0.00,0.00,24.13,0.00,17.19,0.00,2.04,1.46,0.01,0.00,431.31,-22.42
2025-04-13 05:25,-3.83,0.00,371.11,0.00,40.00,44.03,0.11,0.00,0.20,827.67,0.00,0.00,24.22,0.00,17.63,0.00,2.04,1.46,0.01,0.00,472.32,-22.42
2025-04-13 05:30,-0.26,0.00,440.24,0.00,44.00,43.36,0.11,0.00,3.52,792.48,0.00,0.00,24.30,0.00,20.94,0.00,2.11,1.45,0.01,0.00,663.87,-22.35
2025-04-13 05:35,-0.51,0.00,451.68,0.00,41.00,43.36,0.11,0.00,1.13,781.29,0.00,0.00,24.28,0.00,21.45,0.00,2.04,1.45,0.01,0.00,721.91,-22.28
2025-04-13 05:40,-0.32,0.00,451.74,0.00,44.00,43.36,0.11,0.00,11.09,770.02,0.00,0.00,24.27,0.00,21.47,0.00,2.11,1.45,0.01,0.00,721.41,-22.50
2025-04-13 05:45,-0.11,0.00,422.83,0.00,44.00,43.36,0.11,0.00,26.84,808.75,0.00,0.00,24.25,0.00,20.02,0.00,2.11,1.45,0.01,0.00,566.06,-21.00
2025-04-13 05:50,-0.99,0.00,455.05,0.00,41.00,43.36,0.11,0.00,7.90,796.53,0.00,0.00,24.23,0.00,21.50,0.00,2.04,1.45,0.01,0.00,693.00,-22.27
2025-04-13 05:55,-0.12,0.00,446.63,0.00,44.00,43.36,0.11,0.00,24.70,794.05,0.00,0.00,24.22,0.00,21.18,0.00,2.11,1.45,0.01,0.00,646.28,-23.29
2025-04-13 06:00,-2.19,0.00,448.91,0.00,40.00,44.03,0.11,0.00,1.02,796.23,0.00,0.00,24.20,0.00,21.13,0.00,2.02,1.46,0.01,0.00,686.35,-22.28
2025-04-13 06:05,-7.10,0.00,432.00,0.00,43.00,43.36,0.11,0.00,13.04,821.23,0.00,0.00,24.17,0.00,20.33,0.00,2.09,1.45,0.01,0.00,594.95,-22.30
2025-04-13 06:10,-7.73,0.00,422.30,0.00,41.00,44.03,0.11,0.00,4.42,832.06,0.00,0.00,24.13,0.00,19.74,0.00,2.04,1.46,0.01,0.00,567.42,-21.00
2025-04-13 06:15,-8.19,0.00,447.99,0.00,41.00,43.36,0.11,0.00,4.33,812.89,0.00,0.00,24.10,0.00,20.91,0.00,2.04,1.45,0.01,0.00,657.54,-22.25
2025-04-13 06:20,-8.45,0.00,475.93,0.00,40.00,44.03,0.11,0.00,2.44,754.23,0.00,0.00,24.07,0.00,22.22,0.00,2.02,1.46,0.01,0.00,865.33,-20.10
2025-04-13 06:25,-102.76,0.00,508.96,0.00,43.00,44.03,0.11,0.00,4.53,796.20,0.00,0.00,24.03,0.00,23.82,0.00,2.09,1.46,0.01,0.00,1189.71,-20.00
2025-04-13 06:30,-26.83,0.00,474.86,0.00,40.00,43.36,0.11,0.00,0.36,799.65,0.00,0.00,24.00,0.00,22.14,0.00,2.02,1.45,0.01,0.00,804.95,-21.00
2025-04-13 06:35,-0.46,0.00,450.95,0.00,44.00,43.36,0.11,0.00,7.02,788.08,0.00,0.00,24.00,0.00,21.09,0.00,2.11,1.45,0.01,0.00,686.40,-20.00
2025-04-13 06:40,-5.91,0.00,434.55,0.00,40.00,44.03,0.11,0.00,0.83,820.21,0.00,0.00,24.00,0.00,20.23,0.00,2.02,1.46,0.01,0.00,612.27,-20.10
2025-04-13 06:45,-61.13,0.00,438.07,0.00,42.00,44.03,0.11,0.00,6.29,880.53,0.00,0.00,24.00,0.00,20.42,0.00,2.06,1.46,0.01,0.00,606.74,-20.10
2025-04-13 06:50,-84.92,0.00,442.46,0.00,40.00,44.03,0.10,0.00,0.00,930.18,0.00,0.00,24.00,0.00,20.14,0.00,1.97,1.47,0.01,0.00,581.28,-20.00
2025-04-13 06:55,-84.76,0.00,471.54,0.00,40.00,43.36,0.11,0.00,0.26,896.18,0.00,0.00,24.00,0.00,21.97,0.00,2.02,1.45,0.01,0.00,720.89,-19.90
2025-04-13 07:00,-120.20,0.00,458.84,0.00,40.00,44.03,0.11,0.00,0.24,950.31,0.00,0.00,24.00,0.00,21.39,0.00,2.02,1.46,0.01,0.00,655.10,-22.21
2025-04-13 07:05,-117.95,0.00,428.52,0.00,41.00,43.36,0.10,0.00,0.25,995.94,0.00,1.27,24.10,0.00,20.03,0.00,2.04,1.45,0.01,0.00,527.33,-22.50
2025-04-13 07:10,-33.61,0.00,415.87,0.00,45.00,44.03,0.11,0.00,23.98,894.16,0.04,2.53,24.20,0.00,19.51,0.00,2.14,1.46,0.01,0.00,494.90,-23.12
2025-04-13 07:15,-60.40,0.00,411.72,0.00,43.00,42.69,0.11,0.00,5.75,943.77,0.58,3.80,24.30,0.00,19.25,0.00,2.09,1.44,0.01,0.00,481.70,-25.53
2025-04-13 07:20,-99.31,0.00,410.12,0.00,43.00,44.03,0.11,0.00,10.14,917.67,2.37,5.07,24.40,0.00,18.74,0.00,2.06,1.45,0.01,0.00,520.91,-25.68
2025-04-13 07:25,-99.94,0.00,487.15,0.00,42.00,44.03,0.11,0.00,0.81,890.28,4.44,6.33,24.50,0.00,22.15,0.00,2.04,1.47,0.01,0.00,768.41,-25.50
2025-04-13 07:30,-100.54,0.00,469.11,0.00,41.00,43.36,0.11,0.00,0.64,929.90,7.49,7.60,24.60,0.00,21.94,0.00,2.04,1.45,0.01,0.00,662.90,-23.52
2025-04-13 07:35,-207.59,0.00,479.20,0.00,40.00,44.03,0.11,0.00,0.25,990.27,15.08,21.45,24.73,0.00,22.23,0.00,2.02,1.46,0.01,0.00,727.17,-22.50
2025-04-13 07:40,-101.84,0.00,455.99,0.00,43.00,44.03,0.11,24.93,1.76,809.54,26.91,35.29,24.87,0.00,20.75,0.00,2.09,1.46,0.01,0.61,699.08,-27.17
2025-04-13 07:45,-9.23,0.00,478.83,0.00,44.00,44.03,0.11,51.00,11.29,613.81,33.08,49.14,25.00,0.00,20.53,0.00,2.09,1.47,0.01,1.87,869.22,-24.00
2025-04-13 07:50,-1.17,0.00,517.50,0.00,39.00,44.03,0.11,51.93,2.08,597.39,43.34,62.98,25.13,0.00,23.07,0.00,1.99,1.46,0.01,1.28,1035.79,-22.95
2025-04-13 07:55,-0.21,0.00,525.91,0.00,41.00,43.36,0.11,51.61,3.00,581.96,51.78,76.83,25.27,0.00,23.91,0.00,2.04,1.45,0.01,1.27,1063.70,-22.95
2025-04-13 08:00,-0.15,0.00,512.73,0.00,43.00,43.36,0.11,51.24,13.50,576.75,65.61,90.67,25.40,0.00,23.97,0.00,2.09,1.45,0.01,1.26,929.83,-22.95
2025-04-13 08:05,-0.11,0.00,454.97,0.00,45.00,43.36,0.11,51.68,45.64,574.63,77.26,116.32,25.45,0.00,20.19,0.00,2.11,1.45,0.01,2.53,632.19,-23.66
2025-04-13 08:10,-0.12,0.00,452.29,0.00,43.00,43.36,0.11,51.93,47.43,501.25,91.64,141.98,25.50,0.00,21.43,0.00,2.09,1.45,0.01,1.28,672.86,-23.91
2025-04-13 08:15,-5.57,0.00,443.88,0.00,40.00,43.36,0.11,50.10,1.20,536.93,93.78,167.63,25.55,0.00,20.86,0.00,2.02,1.45,0.01,1.23,634.34,-27.02
2025-04-13 08:20,-0.14,0.00,388.00,0.00,47.00,44.03,0.11,50.87,91.67,483.34,109.36,193.28,25.60,0.00,18.52,0.00,2.18,1.46,0.01,1.25,445.14,-25.50
2025-04-13 08:25,-8.01,0.00,440.96,0.00,39.00,44.03,0.11,50.37,4.50,481.16,117.90,218.93,25.65,0.00,20.80,0.00,1.99,1.46,0.01,1.24,603.58,-25.50
2025-04-13 08:30,-15.37,0.00,422.04,0.00,40.00,43.36,0.11,51.27,0.49,486.72,131.06,244.58,25.70,0.00,19.76,0.00,2.02,1.45,0.01,1.26,524.66,-24.29
2025-04-13 08:35,-22.59,0.00,400.92,0.00,40.00,44.03,0.11,51.59,0.23,478.88,141.88,275.94,25.87,0.00,17.12,0.00,1.92,1.47,0.01,2.54,454.13,-24.00
2025-04-13 08:40,-57.38,0.00,404.23,0.00,44.00,44.03,0.11,51.64,3.36,476.82,154.32,307.30,26.03,0.00,17.17,0.00,2.02,1.47,0.01,2.54,449.19,-24.00
2025-04-13 08:45,-51.00,0.00,424.08,0.00,39.00,44.03,0.11,51.62,0.00,426.70,165.04,338.66,26.20,0.00,17.81,0.00,1.90,1.47,0.01,2.54,482.46,-25.19
2025-04-13 08:50,-55.66,0.00,407.18,0.00,39.00,44.03,0.11,50.61,0.00,414.94,174.60,370.02,26.37,0.00,17.04,0.00,1.90,1.47,0.01,2.51,436.38,-25.19
2025-04-13 08:55,-37.10,0.00,392.29,0.00,40.00,44.03,0.10,50.29,0.00,386.76,185.00,401.39,26.53,0.00,16.60,0.00,1.92,1.47,0.01,2.50,398.23,-24.00
2025-04-13 09:00,-66.18,0.00,386.69,0.00,41.00,44.03,0.11,50.69,0.00,371.04,195.49,432.75,26.70,0.00,16.10,0.00,1.94,1.47,0.01,2.48,387.09,-24.00
2025-04-13 09:05,-50.59,0.00,381.75,0.00,41.00,43.36,0.11,50.57,0.00,353.82,205.67,466.83,27.02,0.00,15.93,0.00,1.94,1.46,0.01,2.51,359.65,-24.00
2025-04-13 09:10,-17.61,0.00,346.23,0.00,45.00,44.03,0.11,51.03,7.62,340.71,215.34,500.92,27.33,0.00,14.85,0.00,2.04,1.47,0.01,2.52,298.10,-22.50
2025-04-13 09:15,-19.51,0.00,345.75,0.00,43.00,43.36,0.11,51.53,4.35,346.32,216.41,535.00,27.65,0.00,14.74,0.00,1.99,1.46,0.01,2.53,284.43,-24.00
2025-04-13 09:20,-16.65,0.00,329.10,0.00,42.00,44.03,0.11,51.13,0.83,350.40,216.66,569.09,27.97,0.00,14.20,0.00,1.97,1.47,0.01,2.52,260.68,-24.00
2025-04-13 09:25,-16.46,0.00,351.20,0.00,43.00,44.70,0.11,51.16,3.13,285.61,220.67,603.18,28.28,0.00,15.62,0.00,1.99,1.49,0.01,2.52,293.57,-23.00
2025-04-13 09:30,-17.58,0.00,355.57,0.00,39.00,44.03,0.11,50.86,0.00,282.77,223.75,637.26,28.60,0.00,15.88,0.00,1.90,1.47,0.01,2.52,288.86,-24.29
2025-04-13 09:35,-15.99,0.00,331.93,0.00,41.00,44.70,0.11,51.22,0.35,291.28,227.44,668.33,28.78,0.00,15.02,0.00,1.94,1.49,0.01,2.53,257.90,-25.01
2025-04-13 09:40,-27.12,0.00,327.92,0.00,40.00,44.03,0.11,39.28,0.00,316.17,227.29,699.40,28.97,0.00,14.97,0.00,1.92,1.47,0.01,2.23,244.47,-23.00
2025-04-13 09:45,-15.47,0.00,315.13,0.00,40.00,43.36,0.11,39.22,0.04,303.91,229.62,730.46,29.15,0.00,14.94,0.00,1.92,1.46,0.01,2.23,233.66,-22.00
2025-04-13 09:50,-53.87,0.00,300.50,0.00,42.00,44.03,0.10,40.79,0.66,334.28,231.16,761.53,29.33,0.00,14.40,0.00,1.97,1.47,0.01,2.27,219.47,-25.50
2025-04-13 09:55,-71.36,0.00,314.96,0.00,40.00,43.36,0.11,40.45,0.00,319.49,229.82,792.60,29.52,0.00,14.79,0.00,1.92,1.46,0.01,2.26,227.25,-25.50
2025-04-13 10:00,-48.41,0.00,296.65,0.00,45.00,44.70,0.11,41.02,4.24,303.54,235.28,823.66,29.70,0.00,14.10,0.00,2.04,1.49,0.01,2.28,207.26,-27.50
2025-04-13 10:05,-63.95,0.00,307.14,0.00,39.00,44.70,0.28,39.37,0.21,301.36,232.82,851.31,29.77,0.00,14.63,0.00,1.90,1.49,0.01,2.23,213.63,-31.29
2025-04-13 10:10,-47.61,0.00,293.60,0.00,45.00,44.03,18.74,40.97,6.02,278.03,237.91,878.95,29.83,0.00,14.22,0.00,2.04,1.47,0.67,2.27,205.35,-32.01
2025-04-13 10:15,-63.20,0.00,195.00,0.00,45.00,44.03,41.30,40.39,1.06,263.86,237.45,906.60,29.90,0.00,9.28,0.00,2.16,1.47,2.15,2.00,154.89,-32.01
2025-04-13 10:20,-105.52,0.00,302.48,0.00,41.00,43.36,43.35,39.38,0.00,282.90,233.39,934.24,29.97,0.00,14.44,0.00,1.94,1.46,1.55,2.24,214.69,-32.01
2025-04-13 10:25,-121.01,0.00,304.64,0.00,40.00,44.70,44.20,39.89,0.00,281.33,235.54,961.89,30.03,0.00,14.69,0.00,1.92,1.49,1.59,2.25,215.31,-31.29
2025-04-13 10:30,-155.29,0.00,338.29,0.00,41.00,44.03,44.55,39.89,0.00,240.90,232.05,989.53,30.10,0.00,16.35,0.00,1.94,1.47,1.60,2.25,248.89,-29.31
2025-04-13 10:35,-131.18,0.00,367.34,0.00,41.00,44.03,44.03,40.41,0.05,231.67,147.18,1014.37,30.25,0.00,17.83,0.00,1.94,1.47,1.58,2.26,282.85,-27.50
2025-04-13 10:40,-175.03,0.00,399.46,0.00,40.00,44.70,43.86,20.31,0.30,231.26,142.17,1039.21,30.40,0.00,19.13,0.00,1.92,1.49,1.57,1.77,314.44,-27.50
2025-04-13 10:45,-176.76,0.00,431.89,0.00,42.00,44.70,42.84,21.53,0.02,182.39,114.50,1064.04,30.55,0.00,20.43,0.00,1.97,1.49,1.54,1.80,361.49,-27.50
2025-04-13 10:50,-190.01,0.00,453.63,0.00,40.00,44.70,42.49,18.75,0.00,172.67,110.40,1088.88,30.70,0.00,21.61,0.00,1.92,1.49,1.52,1.73,388.03,-25.50
2025-04-13 10:55,-203.37,0.00,455.29,0.00,40.00,44.70,42.84,19.59,0.00,165.42,107.20,1113.72,30.85,0.00,21.52,0.00,1.92,1.49,1.54,1.75,387.04,-25.50
2025-04-13 11:00,-200.09,0.00,451.39,0.00,42.00,44.70,43.86,19.59,0.00,162.12,107.78,1138.55,31.00,0.00,21.60,0.00,1.97,1.49,1.57,1.75,375.33,-25.50
2025-04-13 11:05,-202.87,0.00,444.66,0.00,41.00,44.70,44.53,20.14,0.00,168.35,110.99,1155.55,31.17,0.00,21.24,0.00,1.94,1.49,1.60,1.76,358.62,-25.50
2025-04-13 11:10,-226.65,0.00,467.76,0.00,44.00,44.03,43.01,19.53,0.00,171.66,114.59,1172.54,31.33,0.00,22.35,0.00,2.02,1.47,1.54,1.75,382.00,-25.50
2025-04-13 11:15,-217.38,0.00,443.91,0.00,41.00,44.70,44.72,19.81,0.00,173.83,130.74,1189.53,31.50,0.00,21.28,0.00,1.94,1.49,1.60,1.75,342.67,-25.50
2025-04-13 11:20,-236.67,0.00,438.62,0.00,41.00,44.70,44.37,20.08,0.00,177.61,148.42,1206.53,31.67,0.00,21.20,0.00,1.94,1.49,1.59,1.76,333.35,-25.50
2025-04-13 11:25,-223.12,0.00,458.14,0.00,43.00,44.70,0.11,20.16,0.00,176.70,144.28,1223.52,31.83,0.00,22.05,0.00,1.99,1.49,0.01,1.76,337.21,-27.50
2025-04-13 11:30,-184.58,0.00,424.88,0.00,42.00,44.03,0.11,18.86,0.00,177.88,149.84,1240.51,32.00,0.00,20.50,0.00,1.97,1.47,0.01,1.73,289.63,-25.50
2025-04-13 11:35,-190.40,0.00,430.95,0.00,42.00,44.70,0.11,19.68,0.00,179.51,150.16,1251.39,32.00,0.00,20.76,0.00,1.97,1.49,0.01,1.75,292.30,-25.50
2025-04-13 11:40,-201.45,0.00,470.93,0.00,41.00,44.03,0.11,19.33,0.00,178.86,150.66,1262.27,32.00,0.00,22.24,0.00,1.97,1.47,0.01,0.95,312.25,-25.50
2025-04-13 11:45,-208.86,0.00,460.16,0.00,42.00,43.36,0.11,50.95,0.00,167.46,148.21,1273.14,32.00,0.00,21.74,0.00,1.99,1.46,0.01,1.73,305.99,-25.50
2025-04-13 11:50,-212.01,0.00,477.85,0.00,40.00,44.70,0.11,49.44,0.00,168.84,149.35,1284.02,32.00,0.00,22.47,0.00,1.94,1.49,0.01,1.69,316.45,-25.50
2025-04-13 11:55,-184.72,0.00,451.30,0.00,42.00,44.03,0.11,51.33,0.00,170.44,150.89,1294.90,32.00,0.00,21.33,0.00,1.99,1.47,0.01,1.74,284.91,-25.50
2025-04-13 12:00,-190.21,0.00,448.20,0.00,42.00,44.70,0.11,51.25,0.03,172.00,149.00,1305.77,32.00,0.00,21.25,0.00,1.99,1.49,0.01,1.73,282.00,-22.00
2025-04-13 12:05,-206.22,0.00,481.26,0.00,40.00,44.70,0.11,50.34,0.00,169.45,136.46,1315.97,32.03,0.00,22.80,0.00,1.94,1.49,0.01,1.71,313.57,-22.00
2025-04-13 12:10,-163.80,0.00,463.27,0.00,43.00,44.03,0.11,51.41,0.11,147.46,150.14,1326.16,32.07,0.00,22.40,0.00,2.02,1.47,0.01,1.74,292.07,-22.00
2025-04-13 12:15,-177.95,0.00,461.07,0.00,40.00,44.70,0.10,50.90,0.00,153.50,136.71,1336.35,32.10,0.00,22.10,0.00,1.94,1.49,0.01,1.73,291.24,-21.00
2025-04-13 12:20,-193.62,0.00,462.69,0.01,40.00,44.70,0.11,50.84,0.00,142.51,155.49,1346.55,32.13,0.00,22.21,0.00,1.94,1.49,0.01,1.72,292.20,-20.57
2025-04-13 12:25,-170.84,0.00,466.35,0.01,40.00,46.04,0.11,50.66,1.50,149.24,147.25,1356.74,32.17,0.00,22.58,0.00,1.94,1.51,0.01,1.72,288.59,-20.00
2025-04-13 12:30,-141.79,0.00,453.25,0.01,41.00,44.70,0.11,51.65,0.00,143.93,139.92,1366.93,32.20,0.00,21.89,0.00,1.97,1.49,0.01,1.74,272.51,-20.00
2025-04-13 12:35,-150.29,0.00,472.39,0.01,41.00,44.03,0.11,50.08,0.00,141.07,120.06,1362.92,32.30,0.00,22.61,0.00,1.97,1.47,0.01,1.71,293.09,-20.00
2025-04-13 12:40,-119.80,0.00,437.83,0.01,42.00,44.70,0.11,51.24,0.00,139.72,172.82,1358.91,32.40,0.00,20.85,0.00,1.99,1.49,0.01,1.73,249.87,-19.90
2025-04-13 12:45,-121.96,0.00,438.65,0.01,44.00,44.70,0.11,51.38,7.29,131.47,189.15,1354.90,32.50,0.00,20.93,0.00,2.04,1.49,0.01,1.74,249.00,-20.00
2025-04-13 12:50,-129.10,0.00,459.29,0.01,39.00,44.70,0.11,50.55,4.42,125.62,172.94,1350.88,32.60,0.00,21.90,0.00,1.92,1.49,0.01,1.72,270.28,-20.00
2025-04-13 12:55,-186.96,0.00,473.23,0.01,40.00,44.70,0.11,50.90,0.07,110.60,229.96,1346.87,32.70,0.00,22.52,0.00,1.94,1.49,0.01,1.73,285.60,-19.90
2025-04-13 13:00,-137.89,0.00,450.87,0.01,44.00,44.03,0.11,50.78,0.08,103.59,231.68,1342.86,32.80,0.00,21.42,0.00,2.04,1.47,0.01,1.72,260.44,-19.90
2025-04-13 13:05,-154.68,0.00,458.10,0.01,44.00,44.03,0.11,51.79,0.30,111.92,240.81,1334.66,32.92,0.00,21.82,0.00,2.04,1.47,0.01,1.75,267.57,-19.90
2025-04-13 13:10,-170.56,0.00,456.15,0.01,43.00,44.03,0.11,51.93,9.18,114.92,266.77,1326.47,33.03,0.00,21.47,0.00,2.02,1.47,0.01,1.75,260.69,-8.50
2025-04-13 13:15,-173.81,0.00,447.95,0.01,44.00,44.03,0.11,51.29,11.14,151.98,266.68,1318.28,33.15,0.00,20.98,0.00,2.04,1.47,0.01,1.74,248.75,9.10
2025-04-13 13:20,-210.41,0.00,479.02,0.01,40.00,44.70,0.10,50.80,0.00,160.05,256.93,1310.09,33.27,0.00,22.15,0.00,1.94,1.49,0.01,1.72,279.30,-8.50
2025-04-13 13:25,-79.66,0.00,447.47,0.01,45.00,44.70,0.11,51.67,15.30,86.60,256.17,1301.89,33.38,0.00,20.83,0.00,2.06,1.49,0.01,1.74,246.08,-8.50
2025-04-13 13:30,-94.73,0.00,496.01,0.01,41.00,44.70,0.11,49.50,0.16,93.47,205.74,1293.70,33.50,0.00,22.82,0.00,1.97,1.49,0.01,1.69,295.01,-6.50
2025-04-13 13:35,-142.09,0.00,502.34,0.05,40.00,44.70,0.11,49.81,0.11,124.93,220.31,1283.03,33.50,0.00,22.94,0.00,1.94,1.49,0.01,1.70,301.20,-22.00
2025-04-13 13:40,-64.60,0.00,419.68,0.05,45.00,44.03,0.10,42.13,10.23,150.76,222.82,1272.36,33.50,0.00,19.07,0.00,2.06,1.47,0.01,1.51,222.16,-21.55
2025-04-13 13:45,-103.19,0.00,466.33,0.05,41.00,45.37,0.11,38.07,0.27,129.97,228.79,1261.69,33.50,0.00,21.38,0.00,1.97,1.50,0.01,1.41,268.07,-8.50
2025-04-13 13:50,-111.21,0.00,483.18,0.05,41.00,44.70,0.28,37.72,0.00,115.14,240.33,1251.02,33.50,0.00,21.59,0.00,1.97,1.49,0.01,1.40,279.57,-20.00
2025-04-13 13:55,-127.24,0.00,474.02,0.05,40.00,44.70,0.11,37.60,0.00,110.51,272.40,1240.35,33.50,0.00,21.11,0.00,1.94,1.49,0.01,1.40,272.11,-10.17
2025-04-13 14:00,-78.61,0.00,455.57,0.05,42.00,44.70,0.11,38.19,0.69,106.81,267.76,1229.68,33.50,0.00,20.64,0.00,1.99,1.49,0.01,1.41,256.33,-22.00
2025-04-13 14:05,-71.05,0.00,426.65,0.05,44.00,44.70,0.11,37.92,36.11,110.23,278.96,1224.58,33.60,0.00,19.20,0.00,2.04,1.49,0.01,1.41,226.53,-19.97
2025-04-13 14:10,-107.07,0.00,468.24,0.05,40.00,44.70,0.11,37.83,0.91,82.85,320.87,1219.47,33.70,0.00,20.44,0.00,1.94,1.49,0.01,1.40,259.01,-2.71
2025-04-13 14:15,-131.63,0.00,500.37,0.05,40.00,44.03,13.44,37.43,0.17,48.33,357.76,1214.36,33.80,0.00,22.07,0.00,1.94,1.47,0.48,1.39,292.31,0.00
2025-04-13 14:20,-92.60,0.00,486.33,0.05,41.00,44.03,26.94,38.27,0.00,51.60,358.12,1209.25,33.90,0.00,21.52,0.00,1.97,1.47,0.97,1.42,275.71,0.00
2025-04-13 14:25,-91.59,0.00,473.79,0.05,43.00,44.70,26.77,37.87,5.09,62.04,371.79,1204.14,34.00,0.00,20.96,0.00,2.02,1.49,0.96,1.41,261.75,11.56
2025-04-13 14:30,-97.16,0.00,443.15,0.05,45.00,44.70,27.63,38.30,9.93,85.47,414.07,1199.03,34.10,0.00,19.92,0.00,2.06,1.49,0.99,1.42,234.62,99.44
2025-04-13 14:35,-92.05,0.00,424.21,0.05,44.00,44.70,27.27,38.25,14.33,96.02,425.20,1185.26,34.08,0.00,19.11,0.00,2.04,1.49,0.98,1.41,221.05,38.89
2025-04-13 14:40,-125.78,0.00,537.30,0.05,40.00,44.70,25.40,18.40,1.05,63.22,353.43,1171.49,34.07,0.00,23.88,0.00,1.94,1.49,0.91,0.93,331.65,0.00
2025-04-13 14:45,-93.11,0.00,498.64,0.05,48.00,44.70,26.26,20.00,36.15,90.99,372.04,1157.72,34.05,0.00,21.84,0.01,2.30,1.50,1.88,0.98,284.05,9.10
2025-04-13 14:50,-89.98,0.00,509.58,0.05,47.00,44.70,26.43,20.10,24.12,89.15,361.81,1143.96,34.03,0.00,22.08,0.01,2.28,1.50,1.89,0.99,297.82,9.10
2025-04-13 14:55,-90.80,0.00,508.37,0.05,47.00,44.70,44.19,20.00,20.88,88.50,344.82,1130.19,34.02,0.00,22.35,0.01,2.28,1.50,2.52,0.98,311.60,56.49
2025-04-13 15:00,-35.53,0.00,511.91,0.05,42.00,44.70,43.18,20.04,8.05,70.20,339.90,1116.42,34.00,0.00,22.57,0.01,2.16,1.50,2.49,0.98,313.39,41.29
2025-04-13 15:05,-4.00,0.00,512.62,0.05,41.00,44.70,44.20,19.50,2.80,73.54,347.78,1093.30,34.00,0.00,22.81,0.01,2.14,1.50,2.52,0.97,312.35,44.07
2025-04-13 15:10,-45.00,0.00,521.28,0.05,46.00,69.53,43.34,19.61,17.04,60.81,368.10,1070.18,34.00,0.00,23.53,0.01,2.26,1.91,2.49,0.97,331.42,99.44
2025-04-13 15:15,-16.80,0.00,496.66,0.05,39.00,61.48,44.37,19.35,34.71,61.98,369.32,1047.06,34.00,0.00,22.63,0.01,2.09,1.78,2.53,0.97,309.30,110.44
2025-04-13 15:20,-23.44,0.00,524.30,0.05,40.00,60.81,43.69,19.36,3.93,59.20,396.33,1023.94,34.00,0.00,23.97,0.01,2.11,1.77,2.50,0.97,341.84,148.47
2025-04-13 15:25,-71.11,0.00,547.16,0.05,41.00,61.48,43.00,19.62,5.04,63.03,409.76,1000.82,34.00,0.00,25.22,0.01,2.14,1.78,2.48,0.97,381.31,170.44
2025-04-13 15:30,-25.36,0.00,526.12,0.08,45.00,60.81,70.14,22.66,13.16,66.69,389.77,977.70,34.00,0.00,24.49,0.01,2.23,1.77,3.31,1.05,360.09,170.44
2025-04-13 15:35,-0.31,0.00,525.47,0.05,44.00,60.81,78.60,22.25,10.21,51.54,419.21,959.54,33.87,0.00,24.34,0.01,2.21,1.77,3.56,1.04,352.61,170.44
2025-04-13 15:40,0.00,0.00,566.06,0.05,45.00,60.81,62.55,0.00,50.74,58.35,364.57,941.39,33.73,0.00,26.23,0.01,2.23,1.77,2.99,0.49,397.66,124.00
2025-04-13 15:45,0.00,0.00,592.10,0.08,48.00,60.81,42.23,0.00,54.99,73.62,339.84,923.23,33.60,0.00,28.21,0.01,2.30,1.77,2.26,0.49,442.15,138.04
2025-04-13 15:50,-3.60,0.00,691.35,0.05,44.00,82.28,35.03,0.00,53.40,63.30,360.11,905.08,33.47,0.00,35.74,0.01,2.21,2.40,2.38,0.00,604.49,124.00
2025-04-13 15:55,0.00,0.00,614.18,0.08,45.00,105.77,35.09,0.00,57.50,63.80,329.29,886.92,33.33,0.00,30.06,0.01,2.23,2.52,2.01,0.49,492.51,154.16
2025-04-13 16:00,0.00,0.00,737.63,0.08,49.00,148.05,36.19,0.00,53.41,54.26,305.44,868.76,33.20,0.00,40.26,0.01,2.26,4.25,2.17,0.00,755.27,230.00
2025-04-13 16:05,-0.71,0.00,602.32,0.05,60.00,202.41,36.82,0.00,45.12,56.16,303.19,840.23,0.00,0.00,30.96,0.01,2.59,4.14,2.06,0.49,513.24,0.00
2025-04-13 16:10,-0.44,0.00,604.14,0.08,73.00,189.66,34.29,0.00,62.57,53.35,303.05,811.71,0.00,0.00,31.19,0.01,2.90,3.92,1.98,0.49,526.46,0.00
2025-04-13 16:15,-0.15,0.00,631.18,0.05,96.00,172.21,33.55,0.00,38.32,50.01,296.89,783.18,0.00,0.00,32.69,0.01,3.45,3.63,1.96,0.49,604.07,0.00
2025-04-13 16:20,-0.17,0.00,637.88,0.08,79.00,152.08,33.81,0.00,115.77,53.68,296.82,754.65,0.00,0.00,33.08,0.01,3.05,3.29,1.97,0.49,592.82,0.00
2025-04-13 16:25,-0.16,0.00,624.66,0.05,94.00,151.41,33.65,0.00,107.06,56.61,318.85,726.12,0.00,0.00,32.63,0.01,3.41,3.28,1.96,0.49,581.02,0.00
2025-04-13 16:30,0.00,0.00,622.08,0.05,84.00,149.39,33.76,0.00,117.94,66.82,358.46,697.59,0.00,0.00,32.73,0.01,3.17,3.25,1.97,0.49,563.56,0.00
2025-04-13 16:35,0.00,0.00,648.59,0.08,95.00,153.42,34.42,0.00,133.26,63.93,315.16,665.24,0.00,0.00,34.45,0.01,3.43,3.32,1.99,0.49,645.60,0.00