date,Battery (Charging) - MW,Exports - MW,Imports - MW,Distillate - MW,Gas (Steam) - MW,Gas (CCGT) - MW,Gas (OCGT) - MW,Gas (Reciprocating) - MW,Battery (Discharging) - MW,Wind - MW,Solar (Utility) - MW,Solar (Rooftop) - MW,Wind (Curtailment) - MW,Solar (Utility) (Curtailment) - MW,Temperature - C,Exports Emissions Vol - tCO₂e,Imports Emissions Vol - tCO₂e,Distillate Emissions Vol - tCO₂e,Gas (Steam) Emissions Vol - tCO₂e,Gas (CCGT) Emissions Vol - tCO₂e,Gas (OCGT) Emissions Vol - tCO₂e,Gas (Reciprocating) Emissions Vol - tCO₂e,Emissions Intensity - kgCO₂e/MWh,Price - AUD/MWh
2025-11-01T19:20:00Z,-0.72,0,277.68,0,133,205.77,185.5,154.51,424.06,113.05,0.6,0,0,0,24.8,0,17.48,0,6.38,6.89,8.99,7.59,605.48,138.04
2025-11-01T19:25:00Z,-1.37,0,264.05,0,137,208.45,186.83,156.5,417.72,116.9,0.01,0,0,0,24.45,0,16.35,0,6.57,6.98,9.06,7.69,584.42,144.8
2025-11-01T19:30:00Z,-0.87,0,275.78,0,149,205.77,186.11,154.92,373.99,117.86,0.01,2.93,0,0,24.1,0,17.03,0,7.15,6.89,9.02,7.61,626.29,129.99
2025-11-01T19:35:00Z,-0.67,0,269.33,0,131,205.77,186.32,154.04,394.33,129.16,0.01,2.44,0,0,23.98,0,16.92,0,6.29,6.89,9.03,7.57,600.59,138.04
2025-11-01T19:40:00Z,-0.15,0,357.97,0,126,150.06,189.14,156.22,393.74,132,0.01,1.95,0,0,23.87,0,21.92,0,6.05,5.02,9.18,7.68,756.12,130.17
2025-11-01T19:45:00Z,0,0,269.77,0,107,150.06,188.7,155.61,484.75,143.29,0,1.47,0,0,23.75,0,16.21,0,5.13,5.02,9.15,7.65,538.91,138.04
2025-11-01T19:50:00Z,0,0,266.29,0,102,150.73,187.69,154.28,465.64,156.89,0,0.98,0,0,23.63,0,16.12,0,4.89,5.05,9.09,7.58,538.77,137.36
2025-11-01T19:55:00Z,0,0,325.33,0,85,150.06,187.83,154.83,408.45,170.61,0,0.49,0,0,23.52,0,19.96,0,4.08,5.02,9.1,7.61,660.19,140.14
2025-11-01T20:00:00Z,-0.31,0,347.38,0,95,150.73,187.87,155,370.68,170.04,0,0,0,0,23.4,0,20.92,0,4.56,5.05,9.1,7.62,725.28,170.44
2025-11-01T20:05:00Z,-1.95,0,372.61,0,112,190.33,186.92,155.03,262.94,179.84,0,0,0,0,23.25,0,22.6,0,5.37,6.37,9.05,7.62,859.1,129.99
2025-11-01T20:10:00Z,-0.23,0,351.15,0,96,148.05,187.89,80.83,413.7,201.41,0,0,0,0,23.1,0,21.06,0,4.61,4.96,9.1,3.97,675.23,138.04
2025-11-01T20:15:00Z,-2.28,0,313.01,0,94,150.06,187.38,103.53,405.46,213.13,0,0,0,0,22.95,0,18.9,0,4.51,5.02,9.07,5.09,609.79,129.99
2025-11-01T20:20:00Z,-1.18,0,340.18,0,76,150.06,188.09,79.73,383.94,245.95,0,0,0,0,22.8,0,20.6,0,3.65,5.02,9.11,3.92,648.74,156.85
2025-11-01T20:25:00Z,-1.16,0,404.05,0,87,149.39,187.66,128.5,244.64,243.49,0,0,0,0,22.65,0,24.44,0,4.17,5,9.09,6.31,925.71,129.99
2025-11-01T20:30:00Z,-2.44,0,379.63,0,74,150.06,188.02,78.6,336.36,245.42,0,0,0,0,22.5,0,22.85,0,3.55,5.02,9.1,3.86,771.59,145.98
2025-11-01T20:35:00Z,-1.98,0,336.53,0,87,150.06,188.75,156.53,265.11,234.24,0,0,0,0,22.28,0,20.58,0,4.17,5.02,9.14,7.69,752.6,129.99
2025-11-01T20:40:00Z,-0.08,0,347.61,0,74,150.06,190.05,81.03,354.5,241.57,0,0,0,0,22.07,0,21.31,0,3.55,5.02,9.2,3.98,695.07,138
2025-11-01T20:45:00Z,-0.52,0,329.4,0,64,150.06,190.32,111.65,346.37,251.48,0,0,0,0,21.85,0,21.03,0,3.07,5.02,9.21,5.49,670.9,142.62
2025-11-01T20:50:00Z,-1.09,0,386.39,0,79,150.06,188.7,145.48,197.28,274.33,0,0,0,0,21.63,0,24.83,0,3.79,5.02,9.13,7.15,925.4,138.04
2025-11-01T20:55:00Z,-0.57,0,404.04,0,78,150.06,189.99,104.62,210.95,303.53,0,0,0,0,21.42,0,25.81,0,3.74,5.02,9.2,5.14,928.05,157.24
2025-11-01T21:00:00Z,-6.01,0,416.56,0,93,149.39,188.83,155.6,104.85,311.09,0,0,0,0,21.2,0,26.76,0,4.46,5,9.14,7.65,1096.34,138.04
2025-11-01T21:05:00Z,-2.43,0,427.45,0,83,150.06,188.99,156.65,80.36,336.91,0,0,0,0,21.48,0,27.87,0,3.98,5.02,9.15,7.7,1138.74,104.93
2025-11-01T21:10:00Z,-0.33,0,316.08,0,63,150.06,153.52,156.07,207.28,371.26,0,0,0,0,21.77,0,21.19,0,3.02,5.02,7.27,7.67,675.51,120.03
2025-11-01T21:15:00Z,0,0,357.52,0,61,150.06,192.3,156.18,87.97,411.93,0,0,0,0,22.05,0,24.57,0,2.93,5.02,9.32,7.67,846.47,79.05
2025-11-01T21:20:00Z,-0.43,0,276.32,0,60,97.72,152.66,155.66,248.23,415.31,0,0,0,0,22.33,0,19.08,0,2.88,3.27,7.22,7.65,564.23,105.88
2025-11-01T21:25:00Z,-0.34,0,284.74,0,64,142.68,193.61,158.27,66.96,488.67,0,0,0,0,22.62,0,19.67,0,3.07,4.78,9.39,7.78,646.74,104.44
2025-11-01T21:30:00Z,0,0,200.71,0,66,114.5,156.68,157.23,134.86,549.33,0,0,0,0,22.9,0,13.22,0,3.17,3.83,7.44,7.73,434.23,126.61
2025-11-01T21:35:00Z,-0.95,0,151.28,0,63,149.39,190.89,156.41,72.71,577.7,0,0,0,0,23.03,0,10.04,0,3.02,5,9.24,7.69,396.97,103.73
2025-11-01T21:40:00Z,-0.09,0,145.43,0,62,93.02,154.51,82.46,234.99,593.1,0,0,0,0,23.17,0,9.75,0,2.98,3.11,7.32,4.05,303.82,109.23
2025-11-01T21:45:00Z,-0.37,0,210.71,0,62,148.05,194.99,82.28,71.89,594.59,0,0,0,0,23.3,0,13.9,0,2.98,4.96,9.45,4.04,449.74,124.98
2025-11-01T21:50:00Z,-2,0,251.16,0,58,149.39,192.9,80.63,49.78,578.35,0,0,0,0,23.43,0,16.6,0,2.78,5,9.35,3.96,528.42,112.14
2025-11-01T21:55:00Z,-1.24,0,219.43,0,59,149.39,193.5,80.05,81.97,565.56,0,0,0,0,23.57,0,14.74,0,2.83,5,9.38,3.93,473.89,108.43
2025-11-01T22:00:00Z,-3.22,0,201.63,0,57,149.39,192.6,79.24,56.1,610.18,0,0,0,0,23.7,0,13.53,0,2.74,5,9.33,3.89,440.47,104.44
2025-11-01T22:05:00Z,-2.51,0,209.82,0,58,102.42,153.03,80.26,55.36,689.33,0,0,0,0,23.58,0,14.01,0,2.78,3.43,7.24,3.94,406.96,104.44
2025-11-01T22:10:00Z,-1.03,0,122.55,0,58,128.59,125.58,81.27,39.96,767.57,0,0,0,0,23.47,0,8.25,0,2.78,4.31,5.79,3.99,279.76,101.44
2025-11-01T22:15:00Z,-1.63,0,213.04,0,59,89.66,80.67,80.95,64.48,731.16,0,0,0,0,23.35,0,14.33,0,2.83,3,3.42,3.98,371.1,104.44
2025-11-01T22:20:00Z,-0.69,0,211.28,0,58,105.1,80.79,79.99,52.66,726.83,0,0,0,0,23.23,0,14.32,0,2.78,3.52,3.42,3.93,376.54,102.64
2025-11-01T22:25:00Z,-1.99,0,186.89,0,62,89.66,80.73,79.42,74.22,730.15,0,0,0,0,23.12,0,12.71,0,2.98,3,3.42,3.9,336.64,103.21
2025-11-01T22:30:00Z,-4.49,0,161.95,0,57,89.66,81.15,79.13,48.63,781.95,0,0,0,0,23,0,10.98,0,2.74,3,3.44,3.89,297.15,93.11
2025-11-01T22:35:00Z,-5.13,0,137.75,0,57,90.34,81.38,79.59,48.19,812.85,0,0,0,0,22.95,0,9.39,0,2.74,3.02,3.45,3.91,263.13,99.27
2025-11-01T22:40:00Z,-3.65,0,115.03,0,57,90.34,53.48,79.48,48.35,846.74,0,0,0,0,22.9,0,7.81,0,2.74,3.02,2.27,3.91,224.14,92.64
2025-11-01T22:45:00Z,-2.05,0,92.92,0,57,90.34,41.18,81.83,48.8,873.9,0,0,0,0,22.85,0,6.31,0,2.74,3.02,1.74,4.02,194.92,85.27
2025-11-01T22:50:00Z,-4,0,76.5,0,57,60.81,41.23,79.61,49.76,914.77,0,0,0,0,22.8,0,5.16,0,2.74,2.04,1.75,3.91,166.69,73.46
2025-11-01T22:55:00Z,-3.79,0,47.87,0,57,60.81,41.24,79.41,25.79,970.6,0,0,0,0,22.75,0,3.26,0,2.74,2.04,1.75,3.9,138.72,65.7
2025-11-01T23:00:00Z,-14.32,0,44.38,0,58,61.48,41.11,80.37,52.89,960.08,0,0,0,0,22.7,0,3.04,0,2.78,2.06,1.74,3.95,136.23,57.48
2025-11-01T23:05:00Z,-5.74,-20.36,0,0,58,61.48,40.85,80.29,47.4,1025.25,0,0,0,0,22.8,0.16,0,0,2.78,2.06,1.73,3.95,96.54,49.61
2025-11-01T23:10:00Z,0,-94.1,0,0,63,60.14,17.18,81.91,79.08,1088.71,0,0,0,0,22.9,0.66,0,0,3.02,2.01,0.73,4.03,84.53,64.03
2025-11-01T23:15:00Z,-0.59,-46.74,0,0,58,60.81,0.11,80.02,5.22,1128.94,0,0,0,0,23,0.31,0,0,2.78,2.04,0.01,3.93,78.87,2.48
2025-11-01T23:20:00Z,-0.48,-91.78,0,0,59,60.81,0.11,79.96,5.33,1183.16,0,0,28.96,0,23.1,0.58,0,0,2.83,2.04,0.01,3.93,76.12,31.31
2025-11-01T23:25:00Z,-0.33,-152.34,0,0,58,60.81,0.11,79.47,12.53,1255.3,0,0,0,0,23.2,0.91,0,0,2.78,2.04,0.01,3.91,71.48,31.31
2025-11-01T23:30:00Z,-2.35,-216.5,0,0,58,60.14,0.11,80.16,36.06,1294,0,0,0,0,23.3,1.24,0,0,2.78,2.01,0.01,3.94,68.76,2.57
2025-11-01T23:35:00Z,-0.18,-214.08,0,0,62,60.81,0.11,82.19,19.47,1298.49,0,0,11.56,0,23.4,1.27,0,0,2.98,2.04,0.01,4.04,71.37,44.29
2025-11-01T23:40:00Z,-1.47,-155.42,0,0,58,60.81,0.11,17,55.6,1310.43,0,0,0,0,23.5,0.59,0,0,2.78,2.04,0.01,0.84,45.28,31.31
2025-11-01T23:45:00Z,-0.27,-236.26,0,0,60,60.81,0.1,9.75,118.95,1334.36,0,0,0,0,23.6,0.81,0,0,2.88,2.04,0.01,0.48,40.92,47.34
2025-11-01T23:50:00Z,-0.06,-194.31,0,0,59,61.48,0.11,9.17,65.57,1350.7,0,0,0,0,23.7,0.67,0,0,2.83,2.06,0.01,0.45,41.5,3.06
2025-11-01T23:55:00Z,-5.62,-95.5,0,0,59,60.81,0.11,0,5.25,1335.51,0,0,11.79,0,23.8,0.32,0,0,2.83,2.04,0.01,0,40.21,31.31
2025-11-02T00:00:00Z,-0.39,-151.08,0,0,59,60.81,0.11,0,11.16,1366.65,0,0,0,0,23.9,0.49,0,0,2.83,2.04,0.01,0,39.06,43.78
2025-11-02T00:05:00Z,-1.7,-209.64,0,0,61,61.48,0.11,0,70.34,1349.54,0,0,0,0,23.92,0.68,0,0,2.93,2.06,0.01,0,38.89,45.48
2025-11-02T00:10:00Z,-6.42,-176.07,0,0,56,60.81,0.11,0,47.81,1359.73,0,0,0,0,23.93,0.55,0,0,2.69,2.04,0.01,0,37.41,50.52
2025-11-02T00:15:00Z,-23.34,-140.45,0,0,58,60.14,0.11,0,50.4,1345.42,0,0,0,0,23.95,0.45,0,0,2.78,2.01,0.01,0,38.73,49.89
2025-11-02T00:20:00Z,-24.2,-103.24,0,0,62,60.81,0.11,0,70.03,1307.33,0,0,0,0,23.97,0.35,0,0,2.98,2.04,0.01,0,40.84,52.73
2025-11-02T00:25:00Z,-1.7,-115.76,0,0,59,60.14,0.11,0,54.98,1312.42,0,0,0,0,23.98,0.38,0,0,2.83,2.01,0.01,0,39.21,51.18
2025-11-02T00:30:00Z,-8.37,-125.15,0,0,58,60.81,0.11,0,48.29,1327.49,0,0,0,0,24,0.4,0,0,2.78,2.04,0.01,0,38.98,35.29
2025-11-02T00:35:00Z,-0.74,-107.91,0,0,58,60.81,0.11,0,7.9,1361.21,0,0,0,0,23.82,0.35,0,0,2.78,2.04,0.01,0,38.94,62.07
2025-11-02T00:40:00Z,-9.04,-195.89,0,0,57,60.81,0.11,0,4.33,1454.29,0,0,0,0,23.63,0.59,0,0,2.74,2.04,0.01,0,36.61,2.48
2025-11-02T00:45:00Z,-5.36,-160.97,0,0,60,60.81,0.11,0,12.63,1412.44,0,0,33.2,0,23.45,0.51,0,0,2.88,2.04,0.01,0,38.35,53.8
2025-11-02T00:50:00Z,0,-313.32,0,0,61,60.81,0.11,0,35.51,1536.35,0,0,0,0,23.27,0.92,0,0,2.93,2.04,0.01,0,35.21,48.81
2025-11-02T00:55:00Z,-2.99,-306.11,0,0,59,60.81,0.11,0,29.31,1531.19,0,0,0,0,23.08,0.89,0,0,2.83,2.04,0.01,0,34.88,9.1
2025-11-02T01:00:00Z,-12.94,-251.88,0,0,57,60.81,0.11,0,0.05,1534.07,0,0,0,0,22.9,0.73,0,0,2.74,2.04,0.01,0,35.03,38.18
2025-11-02T01:05:00Z,-8.73,-318.26,0,0,63,60.81,0.11,0,24,1560.87,0,0,0,0,23,0.94,0,0,3.02,2.04,0.01,0,35.8,37.01
2025-11-02T01:10:00Z,-8.68,-335.39,0,0,59,48.73,0.11,0,3.13,1618.31,0,0,0,0,23.1,0.87,0,0,2.83,1.63,0.01,0,31.21,37.37
2025-11-02T01:15:00Z,-0.47,-289.14,0,0,44,0,0.11,0,14.74,1602.09,0,0,1.27,0,23.2,0.37,0,0,2.11,0,0.01,0,15.31,29.06
2025-11-02T01:20:00Z,-10.85,-329.39,0,0,41,0,0.11,0,1.69,1666.43,0,0,0,0,23.3,0.38,0,0,1.97,0,0.01,0,13.97,30.55
2025-11-02T01:25:00Z,-9.57,-322.56,0,0,41,0,0.11,0,6.52,1650.52,0,0,0,0,23.4,0.38,0,0,1.97,0,0.01,0,14.05,28.63
2025-11-02T01:30:00Z,-5.8,-319.19,0,0,40,0,0.11,0,0.15,1641.82,0,0,0,0,23.5,0.37,0,0,1.92,0,0.01,0,13.8,26.02
2025-11-02T01:35:00Z,-5.18,-369.7,0,0,40,0,0.11,0,0.64,1694.97,0,0,0,0,23.53,0.41,0,0,1.92,0,0.01,0,13.37,26.44
2025-11-02T01:40:00Z,-2.18,-430.47,0,0,40,0,0.11,0,3.73,1742.46,0,0,0,0,23.57,0.46,0,0,1.92,0,0.01,0,12.96,26.5
2025-11-02T01:45:00Z,-4.67,-429.6,0,0,40,0,0.11,0,0.07,1751.98,0,0,1.32,0,23.6,0.46,0,0,1.92,0,0.01,0,12.94,-4.15
2025-11-02T01:50:00Z,-7.58,-400.8,0,0,40,0,0.11,0,4.58,1713.57,0,0,37.76,0,23.63,0.44,0,0,1.92,0,0.01,0,13.22,-5.22
2025-11-02T01:55:00Z,-2.03,-435.19,0,0,42,0,0.11,0,5.78,1748.66,0,0,20.7,0,23.67,0.49,0,0,2.02,0,0.01,0,13.53,26.27
2025-11-02T02:00:00Z,-8.79,-451.3,0,0,40,0,0.11,0,5.91,1747.19,0,0,2.27,0,23.7,0.48,0,0,1.92,0,0.01,0,12.97,-4.32
2025-11-02T02:05:00Z,-11.6,-437.51,0,0,42,0,0.11,0,10.27,1732.15,0,0,30.05,0,23.78,0.5,0,0,2.02,0,0.01,0,13.72,24.2
2025-11-02T02:10:00Z,-0.43,-462.39,0,0,43,0,0.11,0,22.56,1737.66,0,0,0,0,23.87,0.53,0,0,2.06,0,0.01,0,13.78,42.75
2025-11-02T02:15:00Z,-0.91,-445.9,0,0,42,0,0.11,0,25.45,1695.8,0,0,0,0,23.95,0.51,0,0,2.02,0,0.01,0,13.77,38.97
2025-11-02T02:20:00Z,-11.79,-396.24,0,0,43,0,0.11,0,15.79,1660.25,0,0,0,0,24.03,0.48,0,0,2.06,0,0.01,0,14.58,37.29
2025-11-02T02:25:00Z,-1.6,-381.29,0,0,42,0,0.11,0,15.92,1637.78,0,0,0,0,24.12,0.45,0,0,2.02,0,0.01,0,14.33,58.64
2025-11-02T02:30:00Z,-7.21,-355.49,0,0,40,0,0.11,0,0.39,1619.57,0,0,0,0,24.2,0.41,0,0,1.92,0,0.01,0,14,48.74
2025-11-02T02:35:00Z,-20.61,-358.83,0,0,41,0,0.11,0,9.5,1610.45,0,0,0,0,24.27,0.43,0,0,1.97,0,0.01,0,14.49,48.03
2025-11-02T02:40:00Z,-14.83,-333.02,0,0,41,0,0.11,0,7.4,1575,0,0,0,0,24.33,0.41,0,0,1.97,0,0.01,0,14.76,47.79
2025-11-02T02:45:00Z,-11.23,-321.18,0,0,41,0,0.11,0,6.86,1563.68,0,0,2.92,0,24.4,0.39,0,0,1.97,0,0.01,0,14.83,56
2025-11-02T02:50:00Z,-7.64,-314.52,0,0,42,0,0.11,0,8.03,1547.06,0,0,2.24,0,24.47,0.4,0,0,2.02,0,0.01,0,15.28,62
2025-11-02T02:55:00Z,-21.54,-263.26,0,0,41,0,0.11,0,4.73,1504.88,0,0,2.24,0,24.53,0.34,0,0,1.97,0,0.01,0,15.54,61.82
2025-11-02T03:00:00Z,-17.18,-254.15,0,0,42,0,0.11,0,16.04,1475.91,0,0,2.24,0,24.6,0.33,0,0,2.02,0,0.01,0,16.05,64.43
2025-11-02T03:05:00Z,-18.75,-209.24,0,0,41,0,0.11,0,18.58,1422.92,0,0,2.24,0,24.52,0.34,0,0,1.97,0,0.01,0,15.59,64.42
2025-11-02T03:10:00Z,-0.98,-208.1,0,0,43,0,0.11,0,23.11,1393.92,0,0,0,0,24.43,0.29,0,0,2.06,0,0.01,0,17.03,67.06
2025-11-02T03:15:00Z,-13.11,-165.7,0,0,40,0,0.11,0,5.05,1373.09,0,0,0,0,24.35,0.23,0,0,1.92,0,0.01,0,16.47,66.15
2025-11-02T03:20:00Z,-12.94,-199.12,0,0,40,0,0.11,0,0.11,1406.08,0,0,0,0,24.27,0.27,0,0,1.92,0,0.01,0,16.15,64.71
2025-11-02T03:25:00Z,-1.76,-181.18,0,0,42,0,0.11,0,15.65,1357.65,0,0,0,0,24.18,0.26,0,0,2.02,0,0.01,0,17.17,66.58
2025-11-02T03:30:00Z,-8.41,-125.53,0,0,41,0,0.1,0,7.61,1314.18,0,0,0,0,24.1,0.18,0,0,1.97,0,0.01,0,17.5,70.56
2025-11-02T03:35:00Z,-35.06,-48.29,0,0,40,0,0.11,0,0.14,1261.54,0,0,0,0,24.13,0.07,0,0,1.92,0,0.01,0,18.27,68.89
2025-11-02T03:40:00Z,-31.24,-51.03,0,0,43,0,0.11,0,6.25,1251.66,0,0,0,0,24.17,0.08,0,0,2.06,0,0.01,0,19.58,81.95
2025-11-02T03:45:00Z,-15.92,-64.87,0,0,39,0,0.11,0,0.1,1267.1,0,0,0,0,24.2,0.09,0,0,1.87,0,0.01,0,17.48,68.28
2025-11-02T03:50:00Z,-9.23,-122.3,0,0,40,0,0.11,0,0.23,1305.86,0,0,0,0,24.23,0.17,0,0,1.92,0,0.01,0,17.3,65.97
2025-11-02T03:55:00Z,-2.73,-130.33,0,0,40,0,0.11,0,0.27,1321.02,0,0,0,0,24.27,0.18,0,0,1.92,0,0.01,0,17.02,66.31
2025-11-02T04:00:00Z,-6.78,-122.89,0,0,40,0,0.11,0,0.33,1308.85,0,0,0,0,24.3,0.18,0,0,1.92,0,0.01,0,17.23,65.4
2025-11-02T04:05:00Z,-1.97,-98.29,0,0,41,0,0.11,0,7.32,1274.49,0,0,0,0,24.23,0.14,0,0,1.97,0,0.01,0,18.01,67.22
2025-11-02T04:10:00Z,-7.09,-122.02,0,0,39,0,0.11,0,0.59,1310.49,0,0,0,0,24.17,0.17,0,0,1.87,0,0.01,0,16.82,66.6
2025-11-02T04:15:00Z,-24.32,-145.69,0,0,41,0,0.11,0,2.93,1345.43,0,0,0.42,0,24.1,0.2,0,0,1.97,0,0.01,0,17.45,65.99
2025-11-02T04:20:00Z,-16.09,-127.44,0,0,41,0,0.11,0,0,1315.65,0,0,2.25,0,24.03,0.18,0,0,1.97,0,0.01,0,17.76,63.54
2025-11-02T04:25:00Z,-10.17,-116.23,0,0,40,0,0.11,0,0.2,1308.05,0,0,0,0,23.97,0.16,0,0,1.92,0,0.01,0,17.33,53.59
2025-11-02T04:30:00Z,-18.66,-172.86,0,0,40,0,0.11,0,0.25,1377.32,0,0,0,0,23.9,0.23,0,0,1.92,0,0.01,0,16.56,44.91
2025-11-02T04:35:00Z,-7.93,-203.69,0,0,39,0,0.11,0,0.35,1402.49,0,0,0,0,23.93,0.27,0,0,1.87,0,0.01,0,15.69,44.28
2025-11-02T04:40:00Z,-9.31,-223.2,0,0,41,0,0.11,0,0.03,1417.92,0,0,0,0,23.97,0.3,0,0,1.97,0,0.01,0,16.37,8.54
2025-11-02T04:45:00Z,-8.49,-225.66,0,0,40,0,0.11,0,0.32,1439.42,0,0,0,0,24,0.3,0,0,1.92,0,0.01,0,15.68,8.66
2025-11-02T04:50:00Z,-20.75,-237.04,0,0,40,0,0.11,0,0.09,1476.04,0,0,0,0,24.03,0.31,0,0,1.92,0,0.01,0,15.41,23.56
2025-11-02T04:55:00Z,-15.43,-261.82,0,0,40,0,0.11,0,0.51,1506.12,0,0,0,0,24.07,0.34,0,0,1.92,0,0.01,0,15,23.2
2025-11-02T05:00:00Z,-40.65,-291.16,0,0,39,0,0.11,0,0,1561.27,0,0,0,0,24.1,0.37,0,0,1.87,0,0.01,0,14.31,0
2025-11-02T05:05:00Z,-28.89,-389.08,0,0,39,0,0.11,0,0,1644.43,0,0,0,0,24.15,0.48,0,0,1.87,0,0.01,0,13.29,0
2025-11-02T05:10:00Z,-17.83,-481.38,0,0,40,0,0.11,0,0.11,1721.58,0,0,0,0,24.2,0.58,0,0,1.92,0,0.01,0,12.78,0
2025-11-02T05:15:00Z,-6.67,-495,0,0,40,0,0.11,0,0.13,1732.47,0,0,13.74,0,24.25,0.6,0,0,1.92,0,0.01,0,12.55,0
2025-11-02T05:20:00Z,-15.35,-516.81,0,0,40,0,0.11,0,0,1763.56,0,0,12.24,0,24.3,0.62,0,0,1.92,0,0.01,0,12.36,0
2025-11-02T05:25:00Z,-11.51,-519.55,0,0,40,0,0.11,0,0,1774.41,0,0,15.64,0,24.35,0.62,0,0,1.92,0,0.01,0,12.23,-5.75
2025-11-02T05:30:00Z,-21.17,-514.46,0,0,40,0,0.11,0,0,1776.64,0,0,12.2,0,24.4,0.55,0,0,1.92,0,0.01,0,12.93,-5.75
2025-11-02T05:35:00Z,-6.04,-570.77,0,0,40,0,0.11,0,0.11,1815.57,0,0.25,21.5,0,24.27,0.59,0,0,1.92,0,0.01,0,12.51,-8.21
2025-11-02T05:40:00Z,-8.39,-547.66,0,0,41,0,0.11,0,5.67,1765.39,0.04,0.49,40.54,0,24.13,0.6,0,0,1.97,0,0.01,0,13.16,-10.16
2025-11-02T05:45:00Z,-5.31,-490.15,0,0,40,0,0.11,0,0.94,1718.63,0.01,0.74,92,0,24,0.54,0,0,1.92,0,0.01,0,13.18,-7.93
2025-11-02T05:50:00Z,-18.86,-559.77,0,0,40,0,0.11,0,0.13,1804.69,0.04,0.98,18.05,0,23.87,0.58,0,0,1.92,0,0.01,0,12.71,-10
2025-11-02T05:55:00Z,-8.61,-458.39,0,0,40,0,0.11,0,1.74,1695.72,0.13,1.23,152.1,0,23.73,0.51,0,0,1.92,0,0.01,0,13.38,-11.34
2025-11-02T06:00:00Z,-1.2,-362.45,0,0,40,0,0.11,0,6.76,1578.26,0.83,1.47,249.93,0,23.6,0.43,0,0,1.92,0,0.01,0,14.21,-12.07
2025-11-02T06:05:00Z,-5.05,-205.41,0,0,40,0,0.11,0,0.44,1415.01,3.35,8.56,428.27,0,23.72,0.27,0,0,1.92,0,0.01,0,15.8,-12.74
2025-11-02T06:10:00Z,-13.68,-114.47,0,0,44,0,0.11,0,35.89,1259.2,7.28,15.64,556.03,0.89,23.83,0.18,0,0,2.11,0,0.01,0,18.85,-12.66
2025-11-02T06:15:00Z,-18.84,-104.53,0,0,40,0,0.11,0,0.1,1280.86,12.65,22.73,566.98,1.9,23.95,0.15,0,0,1.92,0,0.01,0,17.28,-19.98
2025-11-02T06:20:00Z,-4.62,-46.37,0,0,42,0,0.11,0,14.1,1190.69,15.8,29.81,699.28,6.31,24.07,0.07,0,0,2.02,0,0.01,0,18.83,-19.7
2025-11-02T06:25:00Z,-6.52,-93.82,0,0,40,0,0.11,0,6.12,1239.65,25.67,36.9,629.21,4.77,24.18,0.14,0,0,1.92,0,0.01,0,17.19,-20
2025-11-02T06:30:00Z,-12.81,-6.29,0,0,40,0,0.11,0,10.06,1134.07,25.11,43.98,799.81,6.05,24.3,0.01,0,0,1.92,0,0.01,0,18.63,-20
2025-11-02T06:35:00Z,-4.98,0,52.38,0,42,0,0.11,0,15.08,1060.23,15.26,69.21,920.37,10.53,24.47,0,2.46,0,2.02,0,0.01,0,46.99,-19.98
2025-11-02T06:40:00Z,-3.27,0,57.34,0,40,0,0.11,0,2.24,1068.07,12.97,94.43,915.08,10.08,24.63,0,2.63,0,1.92,0,0.01,0,47.3,-20
2025-11-02T06:45:00Z,-5.77,0,148.85,0,44,0,0.11,0,4.84,932.61,21.6,119.66,1024.48,6.04,24.8,0,6.83,0,2.11,0,0.01,0,110.88,-20
2025-11-02T06:50:00Z,-7.89,0,73.93,0,40,0,0.11,0,0.1,1000.07,24.51,144.89,1006.55,17.97,24.97,0,3.57,0,1.92,0,0.01,0,58.45,-20
2025-11-02T06:55:00Z,-16.96,0,78.44,0,40,0,0.11,0,0.05,973.39,34.7,170.11,988.73,24.8,25.13,0,3.81,0,1.92,0,0.01,0,61.27,-25.51
2025-11-02T07:00:00Z,-50.13,0,206.89,0,40,0,0.11,0,0.32,849.05,35.53,195.34,1065.96,28.19,25.3,0,10.01,0,1.92,0,0.01,0,165.86,-21.4
2025-11-02T07:05:00Z,-4.37,0,137.01,0,44,0,0.11,0,25.38,847.17,27.41,229.9,1077.07,70.08,25.68,0,6.91,0,2.11,0,0.01,0,104.95,-19.98
2025-11-02T07:10:00Z,-11.82,0,0.51,0,40,0,0.11,0,0.27,979.1,31.18,264.47,974.3,82.84,26.07,0,0.03,0,1.92,0,0.01,0,17.98,-20
2025-11-02T07:15:00Z,-0.14,0,35.56,0,43,0,0.11,0,9.48,895.16,43.88,299.04,1091.62,95.21,26.45,0,1.84,0,2.06,0,0.01,0,37.41,-21
2025-11-02T07:20:00Z,-3.71,0,111.81,0,42,0,0.11,0,4.84,816.97,51.11,333.61,1203.27,107.98,26.83,0,5.92,0,2.02,0,0.01,0,84.13,-21.21
2025-11-02T07:25:00Z,-6.55,0,118.75,0,42,0,0.11,0,3.58,761.87,78.73,368.17,1216.05,130.89,27.22,0,6.5,0,2.02,0,0.01,0,90.59,-21.77
2025-11-02T07:30:00Z,-49.63,0,142.42,0,43,0,0.11,0,8.88,755.84,53.57,402.74,1214.12,148.74,27.6,0,8.02,0,2.06,0,0.01,0,112.91,-41.97
2025-11-02T07:35:00Z,-174.55,0,247.29,0,41,0,0.11,0,0.03,765.94,48.88,433.02,1151.67,155.75,27.73,0,14.22,0,1.97,0,0.01,0,224.11,-50.43
2025-11-02T07:40:00Z,-90.83,0,161.66,0,46,0,0.11,0,6.71,794.7,53.22,463.29,1125.51,148.48,27.87,0,9.46,0,2.21,0,0.01,0,126.08,-43.31
2025-11-02T07:45:00Z,-84.59,0,160.77,0,45,0,0.11,0,6.78,786.37,14.43,493.57,1120.58,227.23,28,0,9.46,0,2.16,0,0.01,0,126.74,-23.32
2025-11-02T07:50:00Z,-61.08,0,154.34,0,39,0,0.11,0,0,745.67,21.67,523.84,1102.09,242.69,28.13,0,8.95,0,1.87,0,0.01,0,116.54,-36.11
2025-11-02T07:55:00Z,-135.91,0,181.74,0,42,0,0.11,0,1.4,736.83,12.95,554.12,1107.76,245.48,28.27,0,10.73,0,2.02,0,0.01,0,148.66,-50.23
2025-11-02T08:00:00Z,-187.25,0,202.73,0,44,0,0.11,0,13.91,773.88,10.76,584.4,1133.76,376.16,28.4,0,12.03,0,2.11,0,0.01,0,163.71,-50.69
2025-11-02T08:05:00Z,-71.42,0,90.45,0,45,0,0.11,0,30.38,788,13.44,561.72,1125.81,378.48,27.95,0,5.43,0,2.16,0,0.01,0,71.4,-49.05
2025-11-02T08:10:00Z,-73.41,0,134.66,0,43,0,0.11,0,15.41,776.25,14.51,539.05,1093.14,417.27,27.49,0,8.11,0,2.06,0,0.01,0,103.48,-49.54
2025-11-02T08:15:00Z,-67.29,0,253.43,0,43,0,0.11,0,6.49,753.02,10.02,516.38,1118.48,374.24,27.04,0,15.4,0,2.06,0,0.01,0,207.93,-21
2025-11-02T08:20:00Z,-53.68,0,288.77,0,43,0,0.11,0,1.17,758.89,19.45,493.7,1142.53,345.94,26.58,0,17.38,0,2.06,0,0.01,0,239.7,-20.34
2025-11-02T08:25:00Z,-35.39,0,284.68,0,40,0,0.11,0,0.01,798.37,14.31,471.03,1150.38,418.06,26.13,0,16.46,0,1.92,0,0.01,0,219.76,-25.51
2025-11-02T08:30:00Z,-67.43,0,371.12,0,41,0,0.11,0,7.35,754.83,9.75,448.36,1203.15,370.08,25.68,0,21.65,0,1.97,0,0.01,0,344.54,-41.97
2025-11-02T08:35:00Z,-115.7,0,369.03,0,42,0,0.11,0,7.93,756.89,10.5,444.27,1177.93,420.55,24.8,0,21.51,0,2.02,0,0.01,0,363.41,0
2025-11-02T08:40:00Z,-156.99,0,332.26,0,40,0,0.11,0,1.36,770.93,10.51,440.19,1136.02,384.24,23.93,0,19.09,0,1.92,0,0.01,0,325.9,-53.12
2025-11-02T08:45:00Z,-222.7,0,443.85,0,41,0,0.11,0,0.19,784.76,14.16,436.1,1188.79,404.51,23.06,0,25.59,0,1.97,0,0.01,0,542.42,-58.72
2025-11-02T08:50:00Z,-63.3,0,324.94,0,43,0,0.11,0,2.01,812.86,8.05,432.02,1179.95,276.86,22.19,0,19.23,0,2.06,0,0.01,0,280.89,-52.36
2025-11-02T08:55:00Z,-60.04,0,354.09,0,43,0,0.11,0,4.71,818.36,11.89,427.94,1178.85,405.53,21.32,0,20.74,0,2.06,0,0.01,0,306.84,-53.46
2025-11-02T09:00:00Z,-76.42,0,385.38,0,40,0,0.11,0,6.38,826.52,7.48,423.85,1191.88,360.8,20.45,0,22.3,0,1.92,0,0.01,0,344.99,-53.77
2025-11-02T09:05:00Z,-102.06,0,440.29,0,41,0,0.11,0,0.12,847.59,5.43,414.9,1195.37,287.93,20.42,0,26.61,0,1.97,0,0.01,0,447.26,-54.65
2025-11-02T09:10:00Z,-114.26,0,433.94,0,65,0,0.11,0,10.93,846.73,7.03,405.95,1114,327.27,20.39,0,26,0,3.12,0,0.01,0,443.82,-54.43
2025-11-02T09:15:00Z,-119.53,0,431.95,0,66,0,0.11,0,4,842.1,5.56,397,1129.86,243.8,20.36,0,25.41,0,3.17,0,0.01,0,449.31,-53.4
2025-11-02T09:20:00Z,-77.13,0,427.66,0,76,0,0.1,0,5.57,801.03,8.22,388.04,1126.04,343.37,20.33,0,26.64,0,3.65,0,0.01,0,469.62,-54.67
2025-11-02T09:25:00Z,-92.67,0,486.59,0,78,0,0.11,0,0,766.19,5.2,379.09,1052.64,234.54,20.3,0,30.02,0,3.74,0,0.01,0,624.06,-49.99
2025-11-02T09:30:00Z,-171.06,0,599.55,0,80,0,0.11,0,0.11,726.52,5.36,370.14,958.48,349.63,20.27,0,37.89,0,3.84,0,0.01,0,1216.85,-56.83
2025-11-02T09:35:00Z,-169.64,0,697.9,0,87,0,0.11,0,2.16,676.93,4.42,362.29,932.65,247.32,20.31,0,44.02,0,4.17,0,0.01,0,2179.54,-21.21
2025-11-02T09:40:00Z,-108.99,0,663.58,0,85,0,0.11,0,4.92,623.49,4.82,354.44,938.7,275.47,20.35,0,40.91,0,4.08,0,0.01,0,1798.71,-21.21
2025-11-02T09:45:00Z,-124.9,0,760.05,0,81,0,0.11,0,0.26,585.31,9.57,346.59,901.07,247.2,20.39,0,48.16,0,3.89,0,0.01,0,4530.66,-21.21
2025-11-02T09:50:00Z,-66.81,0,708.79,0,85,0,0.11,0,1.68,557.29,10.97,338.74,900.56,216.47,20.43,0,48.79,0,4.08,0,0.01,0,2907.8,-21
2025-11-02T09:55:00Z,-83.22,0,677.19,0,80,0,0.11,0,0.03,607.38,8.41,330.89,885.16,242.62,20.46,0,42.49,0,3.84,0,0.01,0,2087.16,-25.51
2025-11-02T10:00:00Z,-104.56,0,610.5,0,80,0,0.11,0,0.1,695.68,7.44,323.04,924.76,228.88,20.5,0,40.09,0,3.84,0,0.01,0,1347.4,-41.97
2025-11-02T10:05:00Z,-177.06,0,599.73,0,81,0,0.11,0,0.16,748.7,8.1,348.2,969.15,194.07,20.53,0,40.1,0,3.89,0,0.01,0,1289.14,-56.53
2025-11-02T10:10:00Z,-160.1,0,563.46,0,85,0,0.11,0,0.49,761.21,6.36,373.36,984.41,210.97,20.57,0,38.14,0,4.08,0,0.01,0,1007.46,-57.86
2025-11-02T10:15:00Z,-257.21,0,658.96,0,84,0,0.11,0,0.15,779.37,5.4,398.52,1020.51,172.61,20.6,0,43.05,0,4.03,0,0.01,0,1608,-59.04
2025-11-02T10:20:00Z,-278.76,0,683.35,0,86,0,0.11,0,0.21,778.52,5.82,423.68,1017.81,85.99,20.63,0,45.97,0,4.13,0,0.01,0,1809.78,-45.32
2025-11-02T10:25:00Z,-284.53,0,647.55,0,80,0,0.11,0,0,755.96,7.86,448.83,960.92,55.25,20.67,0,41.21,0,3.84,0,0.01,0,1499.06,-56.51
2025-11-02T10:30:00Z,-247.52,0,646.58,0,83,0,0.11,0,0.18,733.28,6.81,473.99,1009.3,70.45,20.7,0,42.69,0,3.98,0,0.01,0,1389.13,-59.04
2025-11-02T10:35:00Z,-268.25,0,737.61,0,89,0,0.11,0,2.42,719.61,7.6,458.17,1067.88,92.94,20.33,0,49.41,0,4.27,0,0.01,0,2376.64,-25.51
2025-11-02T10:40:00Z,-204.21,0,750.85,0,85,0,0.11,0,0.32,673.77,8.09,442.35,1045.19,131.45,19.97,0,50.68,0,4.08,0,0.01,0,2581.7,-21.21
2025-11-02T10:45:00Z,-133.68,0,695.7,0,85,0,0.11,0,0.09,604.99,9.51,426.52,1040.43,119.63,19.6,0,45.2,0,4.08,0,0.01,0,1992.48,-21
2025-11-02T10:50:00Z,-71,0,631.82,0,83,0,0.1,0,0.41,579.4,11.59,410.7,1083.45,146.37,19.23,0,42.26,0,3.98,0,0.01,0,1451.62,-20
2025-11-02T10:55:00Z,-139.62,0,670.81,0,86,0,0.11,0,6.13,639.43,12.14,394.88,957.28,148.47,18.87,0,42.62,0,4.13,0,0.01,0,1709.29,-20
2025-11-02T11:00:00Z,-200.62,0,783.76,0,82,0,0.11,0,5.61,668.15,10.96,379.05,805.76,286.45,18.5,0,47.63,0,3.93,0,0.01,0,3832.32,-15.08
2025-11-02T11:05:00Z,-212.01,0,705.18,0,83,0,0.11,0,0.2,772.86,21.43,378.97,711.18,274.45,18.28,0,44.49,0,3.98,0,0.01,0,1714,-20
2025-11-02T11:10:00Z,-93.3,0,530.94,0,90,0,0.11,0,73.4,750.9,16.67,378.89,785.53,331.73,18.05,0,33.83,0,4.32,0,0.01,0,667.75,-20
2025-11-02T11:15:00Z,-68.35,0,695.82,0,81,0,0.11,0,0.13,679.83,13.37,378.81,851.22,331.39,17.83,0,42.48,0,3.89,0,0.01,0,1430.31,-19.98
2025-11-02T11:20:00Z,-198.41,0,785.72,0,80,0,0.11,0,1.6,719.42,13.33,378.73,588.06,278.84,17.61,0,46.49,0,3.84,0,0.01,0,2889.29,-14
2025-11-02T11:25:00Z,-247.33,0,556.57,0,78,0,0.11,0,0,939.47,34.62,378.65,556.06,279.75,17.38,0,29.35,0,3.74,0,0.01,0,633.63,-21
2025-11-02T11:30:00Z,-167.94,0,553.16,0,80,0,0.11,0,0,783.17,11.96,378.57,856.22,281.46,17.16,0,32.46,0,3.84,0,0.01,0,817.85,-24
2025-11-02T11:35:00Z,-274.95,0,508.46,0,80,0,0.11,0,0,797.39,8.34,418.39,901.27,349.17,17.18,0,30.4,0,3.84,0,0.01,0,789,-59.04
2025-11-02T11:40:00Z,-433.97,0,629.95,0,82,0,0.11,0,0,796.68,6.02,458.21,913.82,287.08,17.21,0,38.86,0,3.93,0,0.01,0,1840.24,-66.9
2025-11-02T11:45:00Z,-421.94,0,697.18,0,80,0,0.11,0,0,777.95,5.84,498.03,868.52,168.49,17.23,0,43.67,0,3.84,0,0.01,0,2348.41,-55.98
2025-11-02T11:50:00Z,-335.79,0,781.14,0,84,0,0.11,0,0.9,763.97,5.88,537.85,859.05,139.72,17.25,0,47.62,0,4.03,0,0.01,0,2247.84,-34.66
2025-11-02T11:55:00Z,-265.99,0,642.21,0,80,0,0.11,0,0,817.74,11.46,577.67,843.16,121.1,17.28,0,37.27,0,3.84,0,0.01,0,852.45,-41.97
2025-11-02T12:00:00Z,-368.81,0,576.63,0,79,0,0.11,0,0,840.64,10.38,617.49,850.79,79.8,17.3,0,33.98,0,3.79,0,0.01,0,752.81,-55.04
2025-11-02T12:05:00Z,-317.13,0,580.06,0,84,0,0.11,0,2.2,842.45,6.29,602.97,832.38,94.77,17.28,0,34.27,0,4.03,0,0.01,0,717.3,-37.68
2025-11-02T12:10:00Z,-303.39,0,537.96,0,89,0,0.1,0,0.15,913.09,18.61,588.45,878.47,95.54,17.27,0,31.45,0,4.27,0,0.01,0,558.17,-40.4
2025-11-02T12:15:00Z,-370.8,0,477.2,0,80,0,0.1,0,0,1006.26,11.17,573.93,921.99,121.25,17.25,0,26.79,0,3.84,0,0.01,0,446.46,-55.11
2025-11-02T12:20:00Z,-433.12,0,479.38,0,80,0,0.11,0,0,1110.79,6.98,559.41,945.12,124.04,17.23,0,28.31,0,3.84,0,0.01,0,456.78,-59.04
2025-11-02T12:25:00Z,-404.88,0,417.34,0,80,0,0.1,0,0,1137.45,5.23,544.89,884.06,199.17,17.22,0,25.5,0,3.84,0,0.01,0,372.4,-64.6
2025-11-02T12:30:00Z,-428.83,0,428.96,0,82,0,0.11,0,0,1151.11,2.93,530.38,868.77,311.49,17.2,0,26.67,0,3.93,0,0.01,0,404.3,-62.32
2025-11-02T12:35:00Z,-430.95,0,478.44,0,87,0,0.1,0,0,1149.53,7.85,497.71,906.3,282.91,17.13,0,31.17,0,4.17,0,0.01,0,509.34,-56.48
2025-11-02T12:40:00Z,-356.63,0,703.76,0,87,0,0.11,0,0,955.24,7.16,465.05,1115.72,259.56,17.07,0,42.69,0,4.17,0,0.01,0,1238.37,-25.51
2025-11-02T12:45:00Z,-292.35,0,710.27,0,80,0,0.11,0,0,883.34,8.65,432.39,1119.45,186.81,17,0,41.29,0,3.84,0,0.01,0,1347.86,-41.97
2025-11-02T12:50:00Z,-283.97,0,711.98,0,81,0,0.11,0,0,870.95,8.86,399.73,1095.58,121,16.93,0,43.05,0,3.89,0,0.01,0,1544.49,-25.51
2025-11-02T12:55:00Z,-243.59,0,717.28,0,83,0,0.11,0,0.08,834.48,10.19,367.07,1070.25,139.41,16.87,0,44.15,0,3.98,0,0.01,0,1729.25,-21.21
2025-11-02T13:00:00Z,-187.32,0,689.62,0,82,0,0.11,0,0.1,795.44,6.31,334.41,1063.82,109.57,16.8,0,42.45,0,3.93,0,0.01,0,1630.66,-21
2025-11-02T13:05:00Z,-157.76,0,670.29,0,84,0,0.11,0,0.26,783.3,5.19,327.22,1079.55,79.43,16.77,0,42.32,0,4.03,0,0.01,0,1495.38,-20
2025-11-02T13:10:00Z,-161.7,0,607.81,0,86,0,0.11,0,2.21,858.08,4.37,320.03,1113.32,55.8,16.73,0,38.4,0,4.13,0,0.01,0,1018.24,-20
2025-11-02T13:15:00Z,-259.1,0,672.3,0,88,0,0.11,0,0.15,893.18,4.6,312.84,1029.9,45.48,16.7,0,42.07,0,4.22,0,0.01,0,1511.98,-19.98
2025-11-02T13:20:00Z,-314.41,0,736.64,0,79,0,0.11,0,0,918.33,3.08,305.64,954.77,48.9,16.67,0,43.89,0,3.79,0,0.01,0,2243.29,-19.98
2025-11-02T13:25:00Z,-243.93,0,615.5,0,90,0,0.11,0,15.29,952.05,4.61,298.45,947.05,54.88,16.63,0,39.41,0,4.32,0,0.01,0,1047.26,-19.98
2025-11-02T13:30:00Z,-261.44,0,736.48,0,86,0,0.11,0,0.05,853.4,4.18,291.26,913.84,73.68,16.6,0,44.59,0,4.13,0,0.01,0,2466.26,-19.9
2025-11-02T13:35:00Z,-262.48,0,746.41,0,84,0,0.11,0,13.74,815.69,6.51,321.63,776.51,56.88,16.67,0,44.31,0,4.03,0,0.01,0,2492.29,-12.84
2025-11-02T13:40:00Z,-243.64,0,686.84,0,84,0,0.1,0,0.53,818.08,15.36,351.99,663.23,56.26,16.73,0,42.32,0,4.03,0,0.01,0,1638.21,-12.84
2025-11-02T13:45:00Z,-244.58,0,556.5,0,79,0,0.11,0,0.04,879.99,17.14,382.36,619.75,50.05,16.8,0,34.48,0,3.79,0,0.01,0,823.81,-20
2025-11-02T13:50:00Z,-197.84,0,514.26,0,80,0,0.11,0,0,862.73,10.39,412.73,803.21,56.59,16.87,0,32.24,0,3.84,0,0.01,0,662.22,-35.51
2025-11-02T13:55:00Z,-176.13,0,547.66,0,86,0,0.11,0,6.69,725.3,9.16,443.1,909.32,62.57,16.93,0,34.98,0,4.13,0,0.01,0,858.67,-25.51
2025-11-02T14:00:00Z,-236.86,0,649.11,0,81,0,0.11,0,3.58,647.47,10.22,473.46,910.7,49.57,17,0,42.13,0,3.89,0,0.01,0,1674.14,-28.19
2025-11-02T14:05:00Z,-240.08,0,733.62,0,86,0,0.11,0,18.44,603.58,9.51,485.64,912.3,38.58,17.02,0,46.72,0,4.13,0,0.01,0,2657.84,-20.01
2025-11-02T14:10:00Z,-190.33,0,585.13,0,86,0,0.11,0,4.7,663.81,9.49,497.83,866.55,57.87,17.05,0,37.75,0,4.13,0,0.01,0,1033.22,-21
2025-11-02T14:15:00Z,-264.12,0,620.93,0,86,0,0.11,0,3.72,695.43,8.18,510.01,962.31,77.06,17.07,0,38.25,0,4.13,0,0.01,0,1215.5,-22.04
2025-11-02T14:20:00Z,-164.59,0,496.55,0,81,0,0.11,0,4.09,649.7,7.86,522.19,1000.31,74.1,17.1,0,30.57,0,3.89,0,0.01,0,684.86,-21.44
2025-11-02T14:25:00Z,-128.15,0,507.26,0,94,0,0.11,0,26.93,631.68,9.38,534.37,968.63,75.4,17.13,0,32.86,0,4.51,0,0.01,0,678.58,-20
2025-11-02T14:30:00Z,-99.44,0,381.81,0,90,0,0.11,0,13.33,776.1,9.51,546.55,784.94,100.79,17.15,0,24.74,0,4.32,0,0.01,0,365.48,-20
2025-11-02T14:35:00Z,-72.91,0,306.26,0,82,0,0.11,0,1.1,816.2,10.03,527.07,670.83,78.12,17.04,0,18.67,0,3.93,0,0.01,0,256.6,-20
2025-11-02T14:40:00Z,-86.78,0,364.59,0,83,0,0.11,0,5.97,704.45,9.23,507.59,817.54,75.74,16.93,0,22.14,0,3.98,0,0.01,0,365.01,-20
2025-11-02T14:45:00Z,-106.53,0,476.72,0,90,0,0.11,0,15.34,660.77,8.05,488.11,861.55,55.3,16.83,0,29.03,0,4.32,0,0.01,0,589.46,-17
2025-11-02T14:50:00Z,-171.26,0,431.88,0,85,0,0.11,0,3.01,852.82,6.09,468.63,612.6,66.93,16.72,0,25.79,0,4.08,0,0.01,0,441.25,-20
2025-11-02T14:55:00Z,-158.56,0,494.9,0,86,0,0.11,0,2.52,814.24,7.79,449.15,671.28,77.06,16.61,0,29.68,0,4.13,0,0.01,0,574.4,-12.98
2025-11-02T15:00:00Z,-58.54,0,332.98,0,86,0,0.11,0,3.6,898.6,13.62,429.67,592.23,72.25,16.5,0,20.03,0,4.13,0,0.01,0,278.83,-12.63
2025-11-02T15:05:00Z,-62.49,0,326.23,0,94,0,0.11,0,20.33,905.25,14.02,410.9,457.94,71,16.45,0,19.91,0,4.51,0,0.01,0,277.58,-13.27
2025-11-02T15:10:00Z,-0.6,0,231.91,0,82,0,0.11,0,61.08,870.09,17.58,392.13,523.43,60.75,16.4,0,14.4,0,3.93,0,0.01,0,184.87,-12.13
2025-11-02T15:15:00Z,-7.85,0,295.99,0,44,0,0.11,0,11.32,893.02,15.37,373.35,461.39,55.71,16.35,0,18.47,0,2.11,0,0.01,0,239.03,-11.66
2025-11-02T15:20:00Z,-83.3,0,201.93,0,40,0,0.11,0,3.02,1125.72,17.06,354.58,342.85,40.9,16.3,0,12.31,0,1.92,0,0.01,0,136.09,-11.18
2025-11-02T15:25:00Z,-141.65,0,226.96,0,40,0,0.1,0,0,1163.78,17.07,335.81,314.96,16.23,16.25,0,13.68,0,1.92,0,0.01,0,157.57,-11.12
2025-11-02T15:30:00Z,-103.48,0,208.44,0,45,0,0.11,0,3.43,1140.17,19.39,317.04,292.42,22.97,16.2,0,12.7,0,2.16,0,0.01,0,147.08,-11
2025-11-02T15:35:00Z,-89.23,0,146.01,0,40,0,0.11,0,2.88,1225.28,20.86,290.03,187.15,17.44,16.14,0,8.99,0,1.92,0,0.01,0,97.46,-11.11
2025-11-02T15:40:00Z,-82.76,0,252.83,0,42,0,0.11,0,8.44,1144.97,21.06,263.03,340.13,56.57,16.08,0,15.25,0,2.02,0,0.01,0,181.17,-10.66
2025-11-02T15:45:00Z,-42.51,0,27.01,0,48,0,0.11,0,34.24,1347,16.57,236.03,128.39,29.01,16.02,0,1.64,0,2.3,0,0.01,0,29.41,-10.68
2025-11-02T15:50:00Z,-29.75,0,62.61,0,47,0,0.1,0,26.38,1313.84,17.15,209.03,166.73,19.05,15.96,0,3.84,0,2.26,0,0.01,0,48.12,-9.69
2025-11-02T15:55:00Z,-22.83,0,31.44,0,43,0,0.11,0,11.34,1366.74,18.09,182.03,156.11,24.95,15.89,0,1.88,0,2.06,0,0.01,0,30.28,-9.01
2025-11-02T16:00:00Z,-103.96,0,200.94,0,41,0,0.11,0,2.99,1288.26,22.22,155.02,158.26,29.32,15.83,0,11.54,0,1.97,0,0.01,0,134.66,-9.03
2025-11-02T16:05:00Z,-48.26,0,103.63,0,42,0,0.11,0,9.66,1302.92,17.75,155.2,197.22,30.21,15.83,0,5.87,0,2.02,0,0.01,0,68.85,-9.64
2025-11-02T16:10:00Z,-19.11,0,17.41,0,44,0,0.11,0,48.61,1298.31,21.62,155.37,127.45,30.67,15.82,0,0.99,0,2.11,0,0.01,0,24.34,-9.18
2025-11-02T16:15:00Z,-3.89,-107.79,0,0,43,0,0.11,0,42.39,1429.38,14.97,155.54,62.26,20.58,15.82,0.15,0,0,2.06,0,0.01,0,14.67,-9.15
2025-11-02T16:20:00Z,-0.46,-210.97,0,0,48,0,0.11,0,80.97,1476.72,10.16,155.72,84.56,12.34,15.81,0.3,0,0,2.3,0,0.01,0,15.45,-4.21
2025-11-02T16:25:00Z,-73.79,-238.5,0,0,41,0,0.11,0,64.43,1608.4,11.64,155.89,20.13,0,15.81,0.27,0,0,1.97,0,0.01,0,13.01,0.06
2025-11-02T16:30:00Z,-44.55,-439.62,0,0,49,0,0.11,0,85.01,1717.31,19.76,156.06,15.31,6.05,15.8,0.55,0,0,2.35,0,0.01,0,14.03,45.35
2025-11-02T16:35:00Z,-0.14,-453.54,0,0,43,0,0.11,0,118.34,1724.4,17,144.8,12.63,7.65,15.77,0.49,0,0,2.06,0,0.01,0,11.87,41.93
2025-11-02T16:40:00Z,-12.98,-362.27,0,0,39,0,0.11,0,58.75,1739.5,15.66,133.53,0.18,0.02,15.73,0.37,0,0,1.87,0,0.01,0,11.25,18.18
2025-11-02T16:45:00Z,-11.84,-412.8,0,0,44,0,0.11,0,118.66,1739.05,12.54,122.26,0.18,0.01,15.7,0.46,0,0,2.11,0,0.01,0,12.37,59.64
2025-11-02T16:50:00Z,-0.26,-350.11,0,0,48,0,0.11,0,76.68,1728.14,7.33,111,0.18,2.12,15.67,0.43,0,0,2.3,0,0.01,0,13.88,60.46
2025-11-02T16:55:00Z,-0.21,-340.69,0,0,47,0,0.11,0,102.77,1695.34,6.28,99.73,0.18,1.4,15.63,0.42,0,0,2.26,0,0.01,0,13.76,96.8
2025-11-02T17:00:00Z,-9.76,-348.2,0,0,40,0,0.11,0,55.68,1763.27,6.44,88.46,0.18,0.65,15.6,0.36,0,0,1.92,0,0.01,0,11.78,82.93
2025-11-02T17:05:00Z,-1.9,-376.31,0,0,41,0,0.11,0,21.09,1825.88,6.6,86.16,0.18,1.29,15.56,0.39,0,0,1.97,0,0.01,0,11.85,44.74
2025-11-02T17:10:00Z,-8.75,-332.56,0,0,41,0,0.11,0,5.9,1821.87,8.67,83.87,0.18,1.2,15.52,0.35,0,0,1.97,0,0.01,0,12.03,72.7
2025-11-02T17:15:00Z,-0.21,-339.28,0,0,41,0,0.11,0,28.49,1786.42,9.02,81.57,0.18,1.65,15.49,0.36,0,0,1.97,0,0.01,0,12.06,76.02
2025-11-02T17:20:00Z,0,-307.31,0,0,44,0,0.11,0,31.89,1730.05,11.05,79.28,0.18,0.45,15.45,0.36,0,0,2.11,0,0.01,0,13.29,81.76
2025-11-02T17:25:00Z,-0.89,-240.17,0,0,39,0,0.11,0,52.48,1635.64,12.74,76.98,0.18,0.1,15.41,0.26,0,0,1.87,0,0.01,0,12.33,35.25
2025-11-02T17:30:00Z,-45.58,-152.39,0,0,40,0,0.11,0,45.69,1580.41,14.51,74.69,0.34,0.08,15.38,0.17,0,0,1.92,0,0.01,0,13.5,34.86
2025-11-02T17:35:00Z,0,-213.6,0,0,46,0,0.11,0,70.42,1575.43,25.7,73.24,0.18,1.02,15.25,0.28,0,0,2.21,0,0.01,0,14.75,85.7
2025-11-02T17:40:00Z,-20.44,-177.01,0,0,40,0,0.11,0,5.33,1589.96,26.15,71.79,0.18,0,15.12,0.21,0,0,1.92,0,0.01,0,13.45,83.59
2025-11-02T17:45:00Z,-8.81,-269.89,0,0,40,0,0.1,0,28.45,1671.29,19.2,70.34,0.18,0,14.99,0.3,0,0,1.92,0,0.01,0,12.62,59.35
2025-11-02T17:50:00Z,-53.11,-224.91,0,0,40,0,0.11,0,33.87,1692.87,20.13,68.89,0.18,0,14.86,0.24,0,0,1.92,0,0.01,0,12.81,0
2025-11-02T17:55:00Z,-0.92,-279.13,0,0,40,0,0.11,0,47.09,1691.77,14.22,67.44,0.18,0,14.73,0.3,0,0,1.92,0,0.01,0,12.35,0
2025-11-02T18:00:00Z,-87.38,-242.9,0,0,40,0,0.11,0,22.35,1791.74,14.14,65.99,0.18,0,14.6,0.25,0,0,1.92,0,0.01,0,12.54,0
2025-11-02T18:05:00Z,-60.19,-303.48,0,0,41,0,0.11,0,17.9,1819.77,21.98,60.35,0.18,0,14.58,0.32,0,0,1.97,0,0.01,0,12.46,0.01
2025-11-02T18:10:00Z,-120.45,-211.83,0,0,40,0,0.11,0,6,1794.61,25.55,54.71,0.18,0,14.57,0.22,0,0,1.92,0,0.01,0,12.9,0
2025-11-02T18:15:00Z,-107.23,-223.27,0,0,41,0,0.1,0,20.65,1788.93,9.82,49.06,0.18,0,14.55,0.24,0,0,1.97,0,0.01,0,13.2,0
2025-11-02T18:20:00Z,-65.9,-249.4,0,0,40,0,0.1,0,32.59,1753.59,8.72,43.42,0.18,0,14.53,0.26,0,0,1.92,0,0.01,0,12.78,7
2025-11-02T18:25:00Z,-63.07,-269.86,0,0,41,0,0.1,0,106.52,1695.79,7.22,37.78,0.18,0,14.52,0.29,0,0,1.97,0,0.01,0,13.01,7.16
2025-11-02T18:30:00Z,-5.27,-234.33,0,0,40,0,0.11,0,56.47,1663.89,9.27,32.14,0.18,0,14.5,0.26,0,0,1.92,0,0.01,0,12.84,8.79
2025-11-02T18:35:00Z,-9.19,-141.47,0,0,40,0,0.11,0,2.32,1619.35,16.02,30.37,0.18,0,14.47,0.16,0,0,1.92,0,0.01,0,13.59,9
2025-11-02T18:40:00Z,-58.79,-84.26,0,0,40,0,0.11,0,10.71,1595.88,18.56,28.6,0.18,0,14.43,0.1,0,0,1.92,0,0.01,0,14.15,8.82
2025-11-02T18:45:00Z,-6.2,-72.31,0,0,40,0,0.11,0,6.85,1530.11,18.59,26.83,0.18,0,14.4,0.09,0,0,1.92,0,0.01,0,14.29,26.81
2025-11-02T18:50:00Z,-18.41,-39.25,0,0,39,0,0.11,0,5.17,1496,10.01,25.06,0.18,0,14.37,0.05,0,0,1.87,0,0.01,0,14.48,9.01
2025-11-02T18:55:00Z,-12.76,-60.64,0,0,39,0,0.11,0,1.35,1520.89,4.79,23.29,0.18,0,14.33,0.07,0,0,1.87,0,0.01,0,14.29,0
2025-11-02T19:00:00Z,-1.02,-180.54,0,0,40,0,0.11,0,34.11,1591.93,7.16,21.52,0.18,0,14.3,0.21,0,0,1.92,0,0.01,0,13.63,0.01
2025-11-02T19:05:00Z,-61.28,-51.26,0,0,40,0,0.1,0,7.63,1564.08,2.54,18.69,0.18,0,14.3,0.06,0,0,1.92,0,0.01,0,14.72,0.01
2025-11-02T19:10:00Z,-1.19,-105.75,0,0,52,5.78,0.11,0,26.68,1503.52,1.51,15.86,0.18,0,14.3,0.18,0,0,2.5,0.19,0.01,0,20.15,6.6
2025-11-02T19:15:00Z,-7.21,-85.37,0,0,61,5.78,0.11,0,17.79,1487.29,1.28,13.03,0.18,0,14.3,0.17,0,0,2.93,0.19,0.01,0,23.76,31.3
2025-11-02T19:20:00Z,-30.01,-76.92,0,-0.1,56,27.92,0.11,0,22.51,1481.62,0.41,10.2,0.18,0,14.3,0.18,0,0,2.69,0.93,0.01,0,27.78,0
2025-11-02T19:25:00Z,-4.08,-78.73,0,0,57,35.98,0.11,0,9.48,1474.24,0.04,7.37,0.18,0,14.3,0.2,0,0,2.74,1.2,0.01,0,29.97,1.1
2025-11-02T19:30:00Z,-48.94,-96.49,0,0,59,66.18,0.11,0,12.29,1509.45,0.03,4.54,0.18,0,14.3,0.3,0,0,2.83,2.22,0.01,0,37.9,8.33
2025-11-02T19:35:00Z,-23.82,-73.96,0,0,57,65.5,0.11,0,7.17,1473.39,0.03,3.79,0.18,0,14.33,0.23,0,0,2.74,2.19,0.01,0,37.43,24.55
2025-11-02T19:40:00Z,-4.59,-88.29,0,0,60,65.5,0.11,0,15.79,1457.59,0.03,3.03,0.18,0,14.37,0.28,0,0,2.88,2.19,0.01,0,38.16,14.48
2025-11-02T19:45:00Z,-13.68,-41.32,0,0,57,66.18,0.11,0,21.41,1400.55,0,2.27,0.18,0,14.4,0.13,0,0,2.74,2.22,0.01,0,38.8,9.12
2025-11-02T19:50:00Z,-8.11,-4.64,0,0,57,66.18,0.11,0,9.24,1374.72,0,1.51,0.18,0,14.43,0.02,0,0,2.74,2.22,0.01,0,39.65,9.04
2025-11-02T19:55:00Z,-5.36,-23.48,0,0,58,88.32,0.11,0,12.44,1358.61,0,0.76,0.18,0,14.47,0.09,0,0,2.78,2.96,0.01,0,45.59,26.81
2025-11-02T20:00:00Z,-15.78,0,26.79,0,56,135.3,0.11,0,40.1,1251.08,0,0,0.18,0,14.5,0,1.28,0,2.69,4.53,0.01,0,70.87,13.37
2025-11-02T20:05:00Z,-6.19,0,29.62,0,57,168.85,0.11,0,32.74,1183.69,0,0,0.18,0,14.47,0,1.42,0,2.74,5.65,0.01,0,83.78,9.25
2025-11-02T20:10:00Z,-0.51,0,78.88,0,60,170.87,0.11,0,32.67,1127.94,0,0,0.18,0,14.43,0,3.78,0,2.88,5.72,0.01,0,113.27,9.46
2025-11-02T20:15:00Z,-0.38,0,77.47,0,61,171.54,0.11,0,42.35,1100.35,0,0,0.18,0,14.4,0,3.76,0,2.93,5.74,0.01,0,115.06,34.1
2025-11-02T20:20:00Z,-1.92,-1.85,0,0,60,166.17,0.11,0,54.35,1164.64,0,0,0.18,0,14.37,0.01,0,0,2.88,5.56,0.01,0,70.25,59.55
2025-11-02T20:25:00Z,-1.09,-79.16,0,0,62,170.2,0.11,0,88.71,1193.53,0,0,0.18,0,14.33,0.45,0,0,2.98,5.7,0.01,0,68.83,79.63
2025-11-02T20:30:00Z,-59.16,-51.43,0,0,60,168.18,0.11,0,108.93,1199.41,0,0,0.18,0,14.3,0.29,0,0,2.88,5.63,0.01,0,69.27,59.55
2025-11-02T20:35:00Z,-0.89,-77.89,0,0,59,168.85,0.11,0,102.09,1165.07,0,0,0.18,0,14.25,0.44,0,0,2.83,5.65,0.01,0,68.2,77.39
2025-11-02T20:40:00Z,-0.19,-186.28,0,0,61,170.87,0.11,0,233.33,1145.98,0,0,0.18,0,14.2,1,0,0,2.93,5.72,0.01,0,64.47,100.35
2025-11-02T20:45:00Z,-0.08,-128.23,0,0,60,170.2,0.11,0,188.28,1103.64,0,0,0.18,0,14.15,0.72,0,0,2.88,5.7,0.01,0,67.68,92.29
2025-11-02T20:50:00Z,-1.05,-60.58,0,0,58,166.84,0.11,0,152.25,1048.06,0,0,0.18,0,14.1,0.36,0,0,2.78,5.59,0.01,0,70.58,97.36
2025-11-02T20:55:00Z,-0.61,-57.51,0,0,61,166.84,0.11,0,159.71,1026.63,0,0,0.18,0,14.05,0.35,0,0,2.93,5.59,0.01,0,72.33,100.72
2025-11-02T21:00:00Z,-0.32,-130.47,0,0,61,170.87,0.11,0,237.59,1037.79,0,0,0.18,0,14,0.75,0,0,2.93,5.72,0.01,0,68.92,104.44
2025-11-02T21:05:00Z,-1.79,-150.72,0,0,57,183.62,0.11,0,235.53,1032.34,0,0,0.18,0,14.08,0.89,0,0,2.74,6.15,0.01,0,70.81,92.81
2025-11-02T21:10:00Z,-0.47,-251.08,0,0,60,168.85,0.11,0,372.53,986.8,0,0,0.18,0,14.17,1.35,0,0,2.88,5.65,0.01,0,64.54,100.04
2025-11-02T21:15:00Z,-0.64,-60.61,0,-0.1,58,166.84,0.11,0,233.44,946.48,0,0,0.18,0,14.25,0.36,0,0,2.78,5.59,0.01,0,71.59,98
2025-11-02T21:20:00Z,-0.57,-66.68,0,0,59,168.85,0.11,0,240.26,923.46,0,0,0.18,0,14.33,0.41,0,0,2.83,5.65,0.01,0,73.25,101.17
2025-11-02T21:25:00Z,-0.06,-93.04,0,0,58,168.18,0.11,0,245.27,945.61,0,0,0.18,0,14.42,0.55,0,0,2.78,5.63,0.01,0,71.31,104.44
2025-11-02T21:30:00Z,-10.59,0,10.59,0,54,182.95,0.11,0,94,978.68,0,0,0.18,0,14.5,0,0.61,0,2.59,6.13,0.01,0,86.96,25.03
2025-11-02T21:35:00Z,-3.35,-101.87,0,0,59,170.2,0.11,0,257.72,961.33,0,0,0.18,0,14.5,0.6,0,0,2.83,5.7,0.01,0,70.9,81.38
2025-11-02T21:40:00Z,-5.62,0,166.18,0,60,124.56,0.11,0,50.73,941.29,0,0,0.18,0,14.5,0,9.33,0,2.88,4.17,0.01,0,195.65,59.55
2025-11-02T21:45:00Z,-0.33,0,171.4,0,59,64.16,0.11,0,80.6,952.1,0,0,0.18,0,14.5,0,9.95,0,2.83,2.15,0.01,0,182.1,39.32
2025-11-02T21:50:00Z,-2.89,0,186.01,0,61,60.14,0.11,0,82.75,950.08,0,0,0.18,0,14.5,0,10.86,0,2.93,2.01,0.01,0,196.56,63.35
2025-11-02T21:55:00Z,-3.01,0,130.8,0,56,60.81,0.11,0,71.2,1006.37,0,0,0.18,0,14.5,0,7.76,0,2.69,2.04,0.01,0,141.32,38.14
2025-11-02T22:00:00Z,-0.67,0,91.74,0,58,60.81,0.11,0,65.9,1039.84,0,0,0.18,0,14.5,0,5.6,0,2.78,2.04,0.01,0,110.47,49.39
2025-11-02T22:05:00Z,-1.07,0,117.1,0,61,60.14,0.11,0,25.56,1039.96,0,0,0.18,0,14.43,0,7.18,0,2.93,2.01,0.01,0,136.21,90.44
2025-11-02T22:10:00Z,-0.84,-17.18,0,0,62,82.28,0.1,0,120.85,1038.33,0,0,0.18,0,14.37,0.08,0,0,2.98,2.76,0.01,0,52.84,102.26
2025-11-02T22:15:00Z,-0.65,-62.27,0,0,59,89.66,0.1,0,109.04,1066.47,0,0,0.18,0,14.3,0.27,0,0,2.83,3,0.01,0,52.95,102.18
2025-11-02T22:20:00Z,-1.64,0,9.17,0,59,88.32,0.1,0,36.27,1062.55,0,0,0.18,0,14.23,0,0.6,0,2.83,2.96,0.01,0,62.11,102.34
2025-11-02T22:25:00Z,-0.2,-13.71,0,0,64,88.99,0.11,0,65.7,1046.63,0,0,0.18,0,14.17,0.07,0,0,3.07,2.98,0.01,0,57.45,103.25
2025-11-02T22:30:00Z,-1.04,0,7.25,0,58,88.99,0.11,0,43.67,1046.58,0,0,0.18,0,14.1,0,0.49,0,2.78,2.98,0.01,0,61.11,101.36
2025-11-02T22:35:00Z,-0.33,-46.14,0,0,58,88.32,0.11,0,122.3,1013.36,0,0,0.18,0,14.07,0.21,0,0,2.78,2.96,0.01,0,53.81,104.44
2025-11-02T22:40:00Z,-0.38,-39.27,0,0,57,121.21,0.11,0,77.58,1013.92,0,0,0.18,0,14.03,0.21,0,0,2.74,4.06,0.01,0,64.29,104.44
2025-11-02T22:45:00Z,-0.32,-53.08,0,0,58,101.07,0.1,0,85.62,1044.74,0,0,0.18,0,14,0.25,0,0,2.78,3.38,0.01,0,57.47,101.24
2025-11-02T22:50:00Z,-1.21,-77.7,0,0,57,88.99,0.11,0,108.57,1060.61,0,0,0.18,0,13.97,0.34,0,0,2.74,2.98,0.01,0,52.25,100.81
2025-11-02T22:55:00Z,-3.21,-88.03,0,0,57,89.66,0.11,0,73.76,1092.62,0,0,0.18,0,13.93,0.39,0,0,2.74,3,0.01,0,52.63,98.27
2025-11-02T23:00:00Z,-0.3,-126.45,0,0,61,89.66,0.11,0,138.24,1065.52,0,0,0.18,0,13.9,0.55,0,0,2.93,3,0.01,0,52.6,100.04
2025-11-02T23:05:00Z,-2.65,-74.59,0,0,57,89.66,0.11,0,83.97,1065.47,0,0,0.18,0,13.93,0.33,0,0,2.74,3,0.01,0,53.29,104.44
2025-11-02T23:10:00Z,-0.27,-163.51,0,-0.1,61,115.84,0.11,0,117.9,1088.91,0,0,0.18,0,13.97,0.81,0,0,2.93,3.88,0.01,0,59.1,110.97
2025-11-02T23:15:00Z,-6.2,-152.43,0,0,57,148.05,0.11,0,74.77,1102.24,0,0,0.18,0,14,0.85,0,0,2.74,4.96,0.01,0,67.18,111.04
2025-11-02T23:20:00Z,-1.09,-240.24,0,0,59,149.39,0.11,0,90.61,1175.05,0,0,0.18,0,14.03,1.28,0,0,2.83,5,0.01,0,63.88,98
2025-11-02T23:25:00Z,-0.12,-393.74,0,-0.1,58,97.72,0.11,0,286.87,1192.49,0,0,0.18,0,14.07,1.46,0,0,2.78,3.27,0.01,0,44.49,108.45
2025-11-02T23:30:00Z,-2.94,-267.01,0,0,57,137.31,0.11,0,74,1216.36,0,0,0.18,0,14.1,1.32,0,0,2.74,4.6,0.01,0,59.46,100.56
2025-11-02T23:35:00Z,-0.02,-216.32,0,0,60,104.43,0.11,0,94.5,1202.45,0,0,0.18,0,14.03,0.94,0,0,2.88,3.5,0.01,0,52.41,93.93
2025-11-02T23:40:00Z,-1.07,-303.57,0,0,58,90.34,0.11,0,247.54,1183.45,0,0,0.18,0,13.97,1.12,0,0,2.78,3.02,0.01,0,44.21,98.53
2025-11-02T23:45:00Z,-1.27,-166.95,0,0,60,89.66,0.11,0,112.67,1184.15,0,0,0.18,0,13.9,0.68,0,0,2.88,3,0.01,0,48.89,65.93
2025-11-02T23:50:00Z,-1.73,-330.95,0,0,56,59.46,0.11,0,275.02,1232.85,0,0,0.18,0,13.83,0.96,0,0,2.69,1.99,0.01,0,34.68,72.69
2025-11-02T23:55:00Z,-0.39,-216.84,0,0,58,58.79,0.11,0,100.12,1286.75,0,0,0.18,0,13.77,0.69,0,0,2.78,1.97,0.01,0,37.98,67.1
2025-11-03T00:00:00Z,-1.66,-252.73,0,0,57,60.14,0.11,0,103.44,1320.89,0,0,0.18,0,13.7,0.78,0,0,2.74,2.01,0.01,0,37.07,68.21
2025-11-03T00:05:00Z,-0.98,-199.62,0,0,61,60.14,0.11,0,69.72,1304.15,0,0,0.18,0,13.7,0.66,0,0,2.93,2.01,0.01,0,39.74,73.83
2025-11-03T00:10:00Z,-0.45,-224.87,0,0,61,59.46,0.11,0,112.81,1289.45,0,0,0.18,0,13.7,0.73,0,0,2.93,1.99,0.01,0,38.82,85.58
2025-11-03T00:15:00Z,-0.45,-176.3,0,0,58,60.14,0.11,0,76.54,1261.16,0,0,0.18,0,13.7,0.58,0,0,2.78,2.01,0.01,0,39.6,75.78
2025-11-03T00:20:00Z,-0.33,-151.96,0,0,62,60.81,0.11,0,88.58,1255.54,0,0,0.18,0,13.7,0.52,0,0,2.98,2.04,0.01,0,41.06,100.04
2025-11-03T00:25:00Z,-3.78,-142.01,0,0,58,88.99,0.11,0,24.45,1302.94,0,0,0.18,0,13.7,0.56,0,0,2.78,2.98,0.01,0,47.09,71.92
2025-11-03T00:30:00Z,-2.34,-168.75,0,0,58,60.14,0.11,0,47.69,1325.43,0,0,0.18,0,13.7,0.54,0,0,2.78,2.01,0.01,0,38.72,66.12
2025-11-03T00:35:00Z,-0.67,-224.83,0,0,59,60.81,0.11,0,84.6,1367.44,0,0,0.18,0,13.67,0.7,0,0,2.83,2.04,0.01,0,37.22,77.67
2025-11-03T00:40:00Z,-0.32,-294.07,0,0,61,60.81,0.11,0,72.13,1439.74,0,0,0.18,0,13.63,0.89,0,0,2.93,2.04,0.01,0,36.51,73.38
2025-11-03T00:45:00Z,-0.52,-311.77,0,0,59,60.81,0.11,0,78.4,1470.86,0,0,0.18,0,13.6,0.91,0,0,2.83,2.04,0.01,0,35.05,82.72
2025-11-03T00:50:00Z,-0.4,-354.11,0,0,61,60.81,0.11,0,123.53,1470.03,0,0,0.18,0,13.57,1.03,0,0,2.93,2.04,0.01,0,34.78,90.44
2025-11-03T00:55:00Z,-0.28,-317.84,0,0,61,70.2,0.11,0,98.67,1446.95,0,0,0.18,0,13.53,1,0,0,2.93,2.35,0.01,0,37.82,84.55
2025-11-03T01:00:00Z,-0.27,-283.03,0,0,63,60.14,0.11,0,117.16,1401.38,0,0,0.18,0,13.5,0.87,0,0,3.02,2.01,0.01,0,36.87,96.6
2025-11-03T01:05:00Z,-0.29,-243.78,0,0,59,89.66,0.11,0,76.25,1376.16,0,0,0.18,0,13.48,0.89,0,0,2.83,3,0.01,0,43.78,97.11
2025-11-03T01:10:00Z,-1.24,-225.79,0,0,59,88.32,0.11,0,77.64,1353.46,0,0,0.18,0,13.47,0.83,0,0,2.83,2.96,0.01,0,44.1,79.61
2025-11-03T01:15:00Z,-0.28,-224.83,0,0,60,59.46,0.11,0,73.81,1376.4,0,0,0.18,0,13.45,0.7,0,0,2.88,1.99,0.01,0,37.29,90.44
2025-11-03T01:20:00Z,-0.59,-221.9,0,0,59,76.24,0.11,0,52.49,1382.97,0,0,0.18,0,13.43,0.76,0,0,2.83,2.55,0.01,0,41.2,86.88
2025-11-03T01:25:00Z,-0.58,-220,0,0,60,60.81,0.11,0,65.8,1371.83,0,0,0.18,0,13.42,0.69,0,0,2.88,2.04,0.01,0,37.91,86.74
2025-11-03T01:30:00Z,-0.4,-218.22,0,0,60,60.81,0.11,0,81.3,1337.57,0,0,0.18,0,13.4,0.7,0,0,2.88,2.04,0.01,0,38.37,82.71
2025-11-03T01:35:00Z,-0.14,-190.51,0,0,61,60.14,0.11,0,59,1335.61,0,0,0.18,0,13.38,0.62,0,0,2.93,2.01,0.01,0,39.17,90.44
2025-11-03T01:40:00Z,-0.46,-208.42,0,0,42,69.53,0.11,0,62.19,1370.54,0,0,0.18,0,13.37,0.59,0,0,2.02,2.33,0.01,0,33.81,87.43
2025-11-03T01:45:00Z,-0.36,-173.41,0,0,41,60.81,0.11,0,68.52,1327.41,0,0,0.18,0,13.35,0.46,0,0,1.97,2.04,0.01,0,32.14,89.26
2025-11-03T01:50:00Z,-1.49,-137.97,0,0,40,61.48,0.11,0,50.41,1300.01,0,0,0.18,0,13.33,0.38,0,0,1.92,2.06,0.01,0,32.97,90.44
2025-11-03T01:55:00Z,-1.22,-36.32,0,0,40,61.48,0.11,0,1.6,1239.4,0,0,0.18,0,13.32,0.11,0,0,1.92,2.06,0.01,0,35.65,79.05
2025-11-03T02:00:00Z,-4.9,0,12.22,0,40,60.81,0.11,0,35.92,1155.15,0,0,0.18,0,13.3,0,1,0,1.92,2.04,0.01,0,46.68,76.76
2025-11-03T02:05:00Z,-0.08,0,22.89,0,41,61.48,0.11,0,49.62,1122.87,0,0,0.18,0,13.3,0,1.86,0,1.97,2.06,0.01,0,56.45,94.22
2025-11-03T02:10:00Z,-0.2,0,27.81,0,41,88.99,0.11,0,34.19,1079.92,0,0,0.18,0,13.3,0,2.25,0,1.97,2.98,0.01,0,71.04,91.98
2025-11-03T02:15:00Z,-0.11,0,2.79,0,40,88.32,0.11,0,86.88,1048.64,0,0,0.18,0,13.3,0,0.23,0,1.92,2.96,0.01,0,48.62,96.65
2025-11-03T02:20:00Z,-6.22,0,70.49,0,40,88.99,0.11,0,48.62,1041.49,0,0,0.18,0,13.3,0,5.64,0,1.92,2.98,0.01,0,110.79,85.56
2025-11-03T02:25:00Z,-5.24,0,92.62,0,40,60.14,0.11,0,49.34,1031.03,0,0,0.18,0,13.3,0,7.3,0,1.92,2.01,0.01,0,124.54,86.73
2025-11-03T02:30:00Z,-1.95,0,155.52,0,40,60.81,0.11,0,0.36,1006.38,0,0,0.18,0,13.3,0,12.11,0,1.92,2.04,0.01,0,202.99,85.13
2025-11-03T02:35:00Z,-1.95,0,120.66,0,40,58.79,0.11,0,43.55,1031.71,0,0,0.18,0,13.22,0,9.39,0,1.92,1.97,0.01,0,151.61,84.95
2025-11-03T02:40:00Z,-0.12,0,110.01,0,41,60.14,0.11,0,25.57,1023.46,0,0,0.18,0,13.13,0,8.55,0,1.97,2.01,0.01,0,144.68,84.13
2025-11-03T02:45:00Z,-14.28,0,122.61,0,40,60.14,0.11,0,0.05,1061.7,0,0,0.18,0,13.05,0,9.47,0,1.92,2.01,0.01,0,157.02,76.91
2025-11-03T02:50:00Z,-6.29,0,37.07,0,40,60.14,0.11,0,0.76,1120.11,0,0,0.18,0,12.97,0,2.85,0,1.92,2.01,0.01,0,69.14,66.26
2025-11-03T02:55:00Z,-1.52,-0.22,0,0,40,60.14,0.11,0,13.52,1152.34,0,0,0.18,0,12.88,0,0,0,1.92,2.01,0.01,0,37.39,67.05
2025-11-03T03:00:00Z,-0.56,0,15.03,0,40,60.14,0.11,0,9.97,1147.61,0,0,0.18,0,12.8,0,1.16,0,1.92,2.01,0.01,0,49.25,67.52
2025-11-03T03:05:00Z,-0.37,-17.97,0,0,42,60.14,0.11,0,6.41,1175.04,0,0,0.18,0,12.82,0.06,0,0,2.02,2.01,0.01,0,37.72,67.95
2025-11-03T03:10:00Z,-49.79,-2.07,0,0,41,60.81,0.11,0,20.72,1208.82,0,0,0.18,0,12.83,0.01,0,0,1.97,2.04,0.01,0,37.55,71.82
2025-11-03T03:15:00Z,-49.93,-39.83,0,0,42,59.46,0.11,0,18.67,1229.05,0,0,0.18,0,12.85,0.12,0,0,2.02,1.99,0.01,0,37.11,66.58
2025-11-03T03:20:00Z,-1.74,-110.51,0,0,40,60.81,0.11,0,10.02,1238.71,0,0,0.18,0,12.87,0.32,0,0,1.92,2.04,0.01,0,35.28,64.39
2025-11-03T03:25:00Z,-0.75,-119.93,0,0,40,60.14,0.11,0,18.09,1234.92,0,0,0.18,0,12.88,0.35,0,0,1.92,2.01,0.01,0,34.99,66.03
2025-11-03T03:30:00Z,-0.58,-98.55,0,0,42,60.14,0.11,0,31.97,1194.25,0,0,0.18,0,12.9,0.3,0,0,2.02,2.01,0.01,0,36.47,79.54
2025-11-03T03:35:00Z,-0.15,-66.64,0,0,41,59.46,0.11,0,28.74,1176.54,0,0,0.18,0,12.83,0.2,0,0,1.97,1.99,0.01,0,36.44,84.22
2025-11-03T03:40:00Z,-0.28,-56.51,0,0,42,60.81,0.11,0,46.05,1168.91,0,0,0.18,0,12.77,0.17,0,0,2.02,2.04,0.01,0,36.96,102.03
2025-11-03T03:45:00Z,-11.65,0,25.15,0,40,90.34,0.11,0,0.02,1088.88,0,0,0.18,0,12.7,0,2.04,0,1.92,3.02,0.01,0,70.92,87.68
2025-11-03T03:50:00Z,-4.99,0,16.5,0,39,60.81,0.11,0,47.77,1069.41,0,0,0.18,0,12.63,0,1.33,0,1.87,2.04,0.01,0,52.6,75.92
2025-11-03T03:55:00Z,-6.11,-80.25,0,0,40,61.48,0.11,0,168.75,1025.72,0,0,0.18,0,12.57,0.25,0,0,1.92,2.06,0.01,0,37.08,75.77
2025-11-03T04:00:00Z,-4.47,-87.73,0,0,40,60.14,0.11,0,179.13,1030.83,0,0,0.18,0,12.5,0.26,0,0,1.92,2.01,0.01,0,36.22,92.61
2025-11-03T04:05:00Z,-1.48,0,36.84,0,41,89.66,0.11,0,12.17,1027.45,0,0,0.18,0,12.47,0,2.88,0,1.97,3,0.01,0,83.32,80.34
2025-11-03T04:10:00Z,-1.54,0,106.04,0,39,59.46,0.11,0,0.99,1014.69,0,0,0.18,0,12.43,0,8.21,0,1.87,1.99,0.01,0,144.01,72.68
2025-11-03T04:15:00Z,-6.8,0,138.08,0,40,60.81,0.11,0,0,976.47,0,0,0.18,0,12.4,0,10.58,0,1.92,2.04,0.01,0,187.17,69.66
2025-11-03T04:20:00Z,-12.61,0,129.18,0,40,61.48,0.11,0,0,999.44,0,0,0.18,0,12.37,0,9.76,0,1.92,2.06,0.01,0,171.92,55.76
2025-11-03T04:25:00Z,-5.73,0,65.28,0,40,61.48,0.11,0,1.49,1073.69,0,0,0.18,0,12.33,0,4.92,0,1.92,2.06,0.01,0,96.6,36.92
2025-11-03T04:30:00Z,-2.83,0,16,0,39,60.81,0.11,0,0.87,1149.39,0,0,0.18,0,12.3,0,1.2,0,1.87,2.04,0.01,0,49.84,49.4
2025-11-03T04:35:00Z,-60.38,-6.51,0,0,40,60.81,0.11,0,0.39,1219.35,0,0,0.18,0,12.33,0.02,0,0,1.92,2.04,0.01,0,37.73,45.35
2025-11-03T04:40:00Z,-50.54,-11.83,0,0,41,61.48,0.11,0,21.92,1208.5,0,0,0.18,0,12.37,0.04,0,0,1.97,2.06,0.01,0,37.74,63.21
2025-11-03T04:45:00Z,-3.31,0,56.74,0,40,60.81,0.11,0,4.42,1109.9,0,0,0.18,0,12.4,0,4.23,0,1.92,2.04,0.01,0,85.11,49.05
2025-11-03T04:50:00Z,-0.26,0,92.98,0,42,60.81,0.1,0,48.07,1015.74,0,0,0.18,0,12.43,0,6.92,0,2.02,2.04,0.01,0,122.67,69.51
2025-11-03T04:55:00Z,-1.09,0,183.82,0,40,61.48,0.11,0,24.2,954.86,0,0,0.18,0,12.47,0,13.74,0,1.92,2.06,0.01,0,237.5,76.78
2025-11-03T05:00:00Z,-0.06,0,183.2,0,43,60.81,0.11,0,49.95,914.35,0,0,0.18,0,12.5,0,13.92,0,2.06,2.04,0.01,0,244.39,90.44
2025-11-03T05:05:00Z,-0.07,0,243.55,0,41,61.48,0.11,0,9.69,899.36,0,0,0.18,0,12.37,0,18.61,0,1.97,2.06,0.01,0,353.77,78.08
2025-11-03T05:10:00Z,-3.13,0,198.61,0,59,60.81,0.11,0,58.97,886.59,0,0,0.18,0,12.23,0,15,0,2.83,2.04,0.01,0,276.06,74.62
2025-11-03T05:15:00Z,-3,0,7.03,0,60,60.81,0.11,0,192.97,973.05,0,0,0.18,0,12.1,0,0.53,0,2.88,2.04,0.01,0,51.24,65.78
2025-11-03T05:20:00Z,-11.38,-126.15,0,0,56,61.48,0.1,0,267.06,1052.45,0,0,0.18,0,11.97,0.4,0,0,2.69,2.06,0.01,0,40.18,71.09
2025-11-03T05:25:00Z,-2.93,-0.69,0,0,62,60.14,0.11,0,67.05,1103.57,0,0,0.18,0,11.83,0,0,0,2.98,2.01,0.01,0,46.47,94.41
2025-11-03T05:30:00Z,-11.26,0,52.78,0,58,88.99,0.11,0,11.84,1086.93,0,0,0.18,0,11.7,0,3.79,0,2.78,2.98,0.01,0,97.1,62.13
2025-11-03T05:35:00Z,-2.86,-118.08,0,0,61,58.79,0.11,0,301.63,1013.68,0,0.57,0.18,0,11.55,0.4,0,0,2.93,1.97,0.01,0,41.06,73.71
2025-11-03T05:40:00Z,-0.58,0,183.13,0,61,60.14,0.11,0,101.17,930.09,0,1.14,0.18,0,11.4,0,12.89,0,2.93,2.01,0.01,0,220.71,66
2025-11-03T05:45:00Z,-1.86,0,63.17,0,57,60.14,0.11,0,302.46,878.26,0.01,1.72,0.18,0,11.25,0,4.4,0,2.74,2.01,0.01,0,88.97,66.69
2025-11-03T05:50:00Z,-1.39,0,79.15,0,58,60.81,0.11,0,334.97,836.87,0.16,2.29,0.18,0,11.1,0,5.38,0,2.78,2.04,0.01,0,101.01,69.75
2025-11-03T05:55:00Z,-5.13,0,207.8,0,59,60.14,0.11,0,260.29,794.69,0.7,2.86,0.18,0,10.95,0,13.89,0,2.83,2.01,0.01,0,233.12,82.04
2025-11-03T06:00:00Z,-5.84,0,433.74,0,58,59.46,0.11,0,62.07,762.41,2.58,3.43,0.18,0,10.8,0,28.12,0,2.78,1.99,0.01,0,776.51,41.46
2025-11-03T06:05:00Z,-1.18,0,300.31,0,58,60.14,0.11,0,242.34,733.43,6.26,9.58,0.18,0,10.83,0,19.32,0,2.78,2.01,0.01,0,358.13,57.71
2025-11-03T06:10:00Z,-0.07,0,278.4,0,64,60.14,0.11,0,235.89,728.32,12.54,15.73,0.18,0,10.87,0,18.1,0,3.07,2.01,0.01,0,331.97,88.9
2025-11-03T06:15:00Z,-0.14,0,397.7,0,60,60.14,0.11,0,70.46,773.97,18.88,21.88,0.18,0,10.9,0,26.04,0,2.88,2.01,0.01,0,611.06,51.36
2025-11-03T06:20:00Z,-2.41,0,169.68,0,59,60.81,0.1,0,247.07,828.34,22.93,28.03,0.18,0,10.93,0,10.96,0,2.83,2.04,0.01,0,176.93,59.59
2025-11-03T06:25:00Z,-1.16,0,172.66,0,57,59.46,0.11,0,248.16,847.67,34.46,34.18,0.18,0,10.97,0,11.11,0,2.74,1.99,0.01,0,171.66,49.96
2025-11-03T06:30:00Z,-0.47,0,149.13,0,61,59.46,0.11,0,270.42,829.75,49.43,40.33,0.18,0,11,0,9.58,0,2.93,1.99,0.01,0,149.96,54.88
2025-11-03T06:35:00Z,-2.14,0,290.57,0,59,60.14,0.11,0,201.13,763.7,59,59.18,0.18,0,10.95,0,18.87,0,2.83,2.01,0.01,0,312.96,65.29
2025-11-03T06:40:00Z,-0.14,0,411.68,0,66,60.14,0.11,0,64.4,742.55,79.33,78.04,0.18,0,10.9,0,27.07,0,3.17,2.01,0.01,0,570.28,80.3
2025-11-03T06:45:00Z,-0.55,0,349.76,0,59,60.81,0.11,0,107.5,751.54,102.43,96.89,0.18,0,10.85,0,23.59,0,2.83,2.04,0.01,0,412.57,35.95
2025-11-03T06:50:00Z,-0.2,0,84.71,0,66,60.14,0.11,0,317.44,774.74,121.82,115.74,0.18,0,10.8,0,5.82,0,3.17,2.01,0.01,0,96.36,82.3
2025-11-03T06:55:00Z,-0.24,0,242.51,0,68,60.81,0.11,0,101.39,781.5,131.15,134.6,0.18,0,10.75,0,16.8,0,3.26,2.04,0.01,0,256.37,82.49
2025-11-03T07:00:00Z,-0.13,0,340.28,0,62,60.81,0.11,0,28.95,817.41,90.42,153.45,0.18,0,10.7,0,24.21,0,2.98,2.04,0.01,0,401.87,47.05
2025-11-03T07:05:00Z,-0.07,0,55.33,0,62,60.81,0.1,0,275.27,856.99,69.69,181.73,0.18,0,10.88,0,3.98,0,2.98,2.04,0.01,0,74.44,80.29
2025-11-03T07:10:00Z,-0.14,0,163.68,0,69,60.14,0.1,0,129.33,825.99,78.51,210,0.18,0,11.07,0,11.94,0,3.31,2.01,0.01,0,171.36,85.83
2025-11-03T07:15:00Z,-37.68,0,218.8,0,61,60.14,0.11,0,55.55,776.37,170.08,238.27,0.18,0,11.25,0,15.94,0,2.93,2.01,0.01,0,226.83,76.42
2025-11-03T07:20:00Z,-6.26,0,155.07,0,62,60.14,0.11,0,59.61,828.58,126.4,266.55,0.18,0,11.43,0,11.32,0,2.98,2.01,0.01,0,157.62,83.31
2025-11-03T07:25:00Z,-0.21,0,233.92,0,62,60.81,0.11,0,45.46,782.95,103.71,294.82,0.18,0,11.62,0,17.28,0,2.98,2.04,0.01,0,239.86,100.63
2025-11-03T07:30:00Z,-20.64,0,202.11,0,60,89.66,0.11,0,20.96,766.43,156.29,323.09,0.18,0,11.8,0,14.97,0,2.88,3,0.01,0,209.7,81.64
2025-11-03T07:35:00Z,-21.98,0,83.97,0,57,60.14,0.11,0,0.09,788.89,278.37,369.29,0.18,0,12.02,0,6.24,0,2.74,2.01,0.01,0,91.1,35.61
2025-11-03T07:40:00Z,-1.11,-34.58,0,0,63,60.81,0.11,0,19.61,838.38,261.23,415.5,0.18,0,12.23,0.14,0,0,3.02,2.04,0.01,0,36.42,58.15
2025-11-03T07:45:00Z,-2.25,-220.32,0,0,62,60.81,0.11,0,22.38,861.84,360.41,461.7,0.18,0,12.45,0.81,0,0,2.98,2.04,0.01,0,31.44,54.57
2025-11-03T07:50:00Z,-10.67,-224.63,0,0,64,60.81,0.11,0,21.75,853.29,356.13,507.9,0.18,0,12.67,0.85,0,0,3.07,2.04,0.01,0,31.44,54.67
2025-11-03T07:55:00Z,-0.23,-202.81,0,0,64,60.81,0.11,0,20.36,865.1,311.26,554.1,0.2,0,12.88,0.78,0,0,3.07,2.04,0.01,0,31.06,59.04
2025-11-03T08:00:00Z,-2.51,-124.07,0,0,66,60.81,0.11,0,23.4,825.08,244,600.3,0.18,0,13.1,0.53,0,0,3.17,2.04,0.01,0,33.17,62.91
2025-11-03T08:05:00Z,-11.3,-133.21,0,0,60,62.15,0.11,0,1.36,779.36,308.6,614.59,0.18,0,12.86,0.55,0,0,2.88,2.08,0.01,0,31.55,55.65
2025-11-03T08:10:00Z,-0.27,-139.71,0,0,76,60.14,0.11,0,121.01,699.66,252.39,628.88,0.18,0,12.62,0.65,0,0,3.65,2.01,0.01,0,35.42,99.3
2025-11-03T08:15:00Z,-29.28,-66.06,0,0,63,89.66,0.11,0,0.07,677.21,326.02,643.17,0.18,0,12.38,0.34,0,0,3.02,3,0.01,0,40.06,56.54
2025-11-03T08:20:00Z,-72.69,-76.13,0,0,58,59.46,0.11,0,58.25,671.2,337.29,657.46,0.18,0,12.13,0.31,0,0,2.78,1.99,0.01,0,31.71,66.49
2025-11-03T08:25:00Z,-17.25,-126.31,0,0,57,60.14,0.11,0,0.12,686.66,364.99,671.75,0.18,0,11.89,0.51,0,0,2.74,2.01,0.01,0,29.99,43.4
2025-11-03T08:30:00Z,-62.38,-91.97,0,0,56,60.81,0.11,0,0,710.07,372.03,686.03,0.18,0,11.65,0.36,0,0,2.69,2.04,0.01,0,30.28,17.26
2025-11-03T08:35:00Z,-3.22,-172.52,0,0,60,60.14,0.11,0,2.41,740.84,393.04,664.25,0.18,0,11.42,0.67,0,0,2.88,2.01,0.01,0,29.07,35.05
2025-11-03T08:40:00Z,-1.4,-207.55,0,0,58,60.81,0.11,0,1.19,724.21,467.66,642.46,0.18,0,11.2,0.76,0,0,2.78,2.04,0.01,0,27.93,34.83
2025-11-03T08:45:00Z,-3.37,-90.24,0,0,41,60.14,0.11,0,1.64,688.48,448.09,620.67,0.18,0,10.97,0.29,0,0,1.97,2.01,0.01,0,25.12,35.85
2025-11-03T08:50:00Z,-2.45,-80.84,0,0,40,59.46,0.11,0,2,699.88,440.92,598.89,0.18,0,10.75,0.25,0,0,1.92,1.99,0.01,0,25,43.71
2025-11-03T08:55:00Z,-67.08,-123.29,0,0,40,60.81,0.11,0,0,818.16,428.29,577.1,0.18,0,10.53,0.36,0,0,1.92,2.04,0.01,0,24.91,23.49
2025-11-03T09:00:00Z,-19.18,-272.3,0,0,40,60.14,0.11,0,0,913.07,447.2,555.31,0.18,0,10.3,0.73,0,0,1.92,2.01,0.01,0,22.31,7.67
2025-11-03T09:05:00Z,-1.15,-374.19,0,0,41,60.81,0.11,0,4.96,961.55,484.41,597.88,0.18,0,10.77,0.97,0,0,1.97,2.04,0.01,0,20.57,17.6
2025-11-03T09:10:00Z,-6.95,-453.16,0,0,42,19.2,0.11,0,5.13,994.79,486.21,640.44,0.18,0,11.23,0.78,0,0,2.02,0.64,0.01,0,13.09,14.79
2025-11-03T09:15:00Z,-0.78,-495.82,0,0,41,0,0.11,0,1.14,1026.84,454.31,683,0.18,0,11.7,0.64,0,0,1.97,0,0.01,0,9.35,9.66
2025-11-03T09:20:00Z,-32.84,-521.85,0,0,41,0,0.11,0,0.2,1026.99,456.01,725.56,0.18,0,12.17,0.68,0,0,1.97,0,0.01,0,9.19,-8.5
2025-11-03T09:25:00Z,-28.89,-639.67,0,0,42,0,0.11,0,2.89,1070.52,470.19,768.13,0.18,19.01,12.63,0.82,0,0,2.02,0,0.01,0,8.59,-10
2025-11-03T09:30:00Z,-1.68,-625.73,0,0,43,0,0.11,0,12.27,1023.19,432.15,810.69,81.77,10.06,13.1,0.86,0,0,2.06,0,0.01,0,8.59,-10
2025-11-03T09:35:00Z,-2.94,-634.37,0,0,42,0,0.11,0,3.24,1136.46,348.52,837.96,64.93,6.58,13.3,0.84,0,0,2.02,0,0.01,0,8.21,8.63
2025-11-03T09:40:00Z,-16.31,-768.1,0,0,40,0,0.11,0,0,1285.52,400.76,865.24,0.98,87.38,13.5,0.86,0,0,1.92,0,0.01,0,7.1,-10
2025-11-03T09:45:00Z,-1.15,-654.05,0,0,42,0,0.11,0,5.83,1294.95,284.12,892.51,51.48,85.86,13.7,0.81,0,0,2.02,0,0.01,0,7.78,-10
2025-11-03T09:50:00Z,-0.3,-653.14,0,0,43,0,0.11,0,14.6,1289.82,312.73,919.79,111.43,135.08,13.9,0.81,0,0,2.06,0,0.01,0,7.82,-10
2025-11-03T09:55:00Z,-3.38,-742.29,0,0,41,0,0.11,0,0.24,1437.27,267.61,947.06,24.64,124.05,14.1,0.84,0,0,1.97,0,0.01,0,6.99,-10
2025-11-03T10:00:00Z,-96.87,-774.86,0,0,42,0,0.11,0,2,1488.29,310.58,974.34,49.25,126.25,14.3,0.85,0,0,2.02,0,0.01,0,7.23,-11.11
2025-11-03T10:05:00Z,-3.51,-687.25,0,0,47,0,0.11,0,29.21,1367.46,203.7,930.84,206.17,139.03,13.74,0.94,0,0,2.26,0,0.01,0,8.38,-10
2025-11-03T10:10:00Z,-14.69,-656.24,0,0,44,0,0.11,0,44.74,1321.86,317.27,887.34,153.91,141.91,13.18,0.8,0,0,2.11,0,0.01,0,8.11,0
2025-11-03T10:15:00Z,-19.53,-687.61,0,0,40,0,0.11,0,0.34,1486.4,344.18,843.84,46.76,85.01,12.62,0.71,0,0,1.92,0,0.01,0,7.28,-10
2025-11-03T10:20:00Z,-42.29,-454.19,0,0,44,0,0.11,0,10.28,1386.23,300.13,800.34,96.77,103.75,12.07,0.55,0,0,2.11,0,0.01,0,9.19,8.13
2025-11-03T10:25:00Z,-0.06,-434.87,0,0,45,0,0.11,0,46.4,1464.05,166.26,756.84,20.08,82.47,11.51,0.55,0,0,2.16,0,0.01,0,9.51,16.06
2025-11-03T10:30:00Z,-13.73,-460.03,0,0,41,0,0.11,0,17.63,1527.19,177.48,713.34,4.97,31.66,10.95,0.52,0,0,1.97,0,0.01,0,8.74,30.16
2025-11-03T10:35:00Z,-5.06,-427.87,0,0,43,0,0.1,0,38.59,1368.86,210.22,741.05,170.21,73.3,10.92,0.53,0,0,2.06,0,0.01,0,9.37,99.42
2025-11-03T10:40:00Z,-14.55,-531.22,0,0,39,0,0.11,0,0,1454.55,230.73,768.76,68.18,89.7,10.88,0.58,0,0,1.87,0,0.01,0,8.01,31.31
2025-11-03T10:45:00Z,-24.86,-617.71,0,0,41,0,0.11,0,41.51,1494.37,190.61,796.47,61.36,74.56,10.85,0.69,0,0,1.97,0,0.01,0,8.02,33.81
2025-11-03T10:50:00Z,-7.28,-672.2,0,0,40,0,0.11,0,2.96,1551.88,217.77,824.18,15.87,67.34,10.82,0.71,0,0,1.92,0,0.01,0,7.43,27.41
2025-11-03T10:55:00Z,-9.21,-696.09,0,0,45,0,0.11,0,19.33,1501.84,278.58,851.89,94.49,86.62,10.78,0.82,0,0,2.16,0,0.01,0,8.13,35.3
2025-11-03T11:00:00Z,-9.56,-697.93,0,0,39,0,0.11,0,4.94,1541.46,272.99,879.61,58.26,96.45,10.75,0.71,0,0,1.87,0,0.01,0,6.93,1.1
2025-11-03T11:05:00Z,-29.48,-609.42,0,0,41,0,0.11,0,0.48,1553.52,217.9,914.06,81.33,81.71,10.96,0.66,0,0,1.97,0,0.01,0,7.53,-11.66
2025-11-03T11:10:00Z,-41.34,-551.84,0,0,52,0,0.11,0,0.1,1462.2,203.68,948.52,169.64,129.88,11.17,0.8,0,0,2.5,0,0.01,0,9.83,-11.66
2025-11-03T11:15:00Z,-37.72,-656.69,0,0,64,0,0.12,0,6.52,1479.51,178.04,982.98,223.76,144.67,11.37,1.17,0,0,3.07,0,0.01,0,11.36,-15.08
2025-11-03T11:20:00Z,-120.58,-574.3,0,0,64,0,0.12,0,0,1474.67,99.77,1017.43,245.61,224.08,11.58,1.08,0,0,3.07,0,0.01,0,12.24,-20
2025-11-03T11:25:00Z,-83.44,-598.49,0,0,81,0,0.11,0,12.99,1407.26,104.6,1051.89,351.52,216.52,11.79,1.45,0,0,3.89,0,0.01,0,14.83,-11.66
2025-11-03T11:30:00Z,-236.45,-496.01,0,0,83,0,0.11,0,0.02,1359.31,140.38,1086.35,432.1,173.63,12,1.25,0,0,3.98,0,0.01,0,16.97,-20
2025-11-03T11:35:00Z,-71.3,-478.29,0,0,88,0,0.11,0,1.75,1183.7,118.15,1110.74,571.75,226.76,12.28,1.45,0,0,4.22,0,0.01,0,17.06,-11.01
2025-11-03T11:40:00Z,-200.59,-657.97,0,-0.1,92,0,0.11,0,4.96,1355.29,262.77,1135.14,397.25,142,12.57,1.7,0,0,4.41,0,0.01,0,16.42,-11.28
2025-11-03T11:45:00Z,-115.41,-701.25,0,-0.1,89,0,0.11,0,6.75,1325.49,256.44,1159.54,382.15,189.78,12.85,1.79,0,0,4.27,0,0.01,0,14.79,-11.66
2025-11-03T11:50:00Z,-150.07,-617.7,0,-0.1,80,0,0.11,0,0,1314.57,185.52,1183.93,417.53,196.86,13.13,1.5,0,0,3.84,0,0.01,0,14.08,-20
2025-11-03T11:55:00Z,-203.41,-396.53,0,-0.1,82,0,0.11,0,0,1182.94,117.83,1208.33,553.94,212.89,13.42,1.13,0,0,3.93,0,0.01,0,16.94,-26.06
2025-11-03T12:00:00Z,-221.09,-232.21,0,0,88,0,0.11,0,0.52,1045.72,108.15,1232.73,690.85,195.96,13.7,0.79,0,0,4.22,0,0.01,0,20.41,-11.11
2025-11-03T12:05:00Z,-347.18,-556.82,0,0,83,0,0.11,0,0,1338.99,291.89,1223.24,395.35,117.83,13.7,1.3,0,0,3.98,0,0.01,0,15.9,-21
2025-11-03T12:10:00Z,-150.69,-505.05,0,0,87,0,0.11,0,2.99,1252.15,101.72,1213.76,569.59,239.64,13.7,1.46,0,0,4.17,0,0.01,0,16.3,-11.66
2025-11-03T12:15:00Z,-211.05,-592.91,0,0,80,0,0.1,0,0.2,1334.75,138.47,1204.27,437.83,215.41,13.7,1.47,0,0,3.84,0,0.01,0,14.6,-10.8
2025-11-03T12:20:00Z,-202.55,-648.21,0,0,88,0,0.11,0,16.44,1364.26,161.88,1194.78,406.73,74.79,13.7,1.68,0,0,4.22,0,0.01,0,15.49,-11.01
2025-11-03T12:25:00Z,-144.12,-709.98,0,0,81,0,0.11,0,0.96,1427.11,164.56,1185.29,371.88,58.11,13.7,1.65,0,0,3.89,0,0.01,0,13.42,-11.66
2025-11-03T12:30:00Z,-148.91,-698.13,0,0,88,0,0.11,0,0.53,1493.27,136.07,1175.81,281.82,94.86,13.7,1.72,0,0,4.22,0,0.01,0,14.72,-11.01
2025-11-03T12:35:00Z,-85.25,-644.2,0,0,90,0,0.11,0,12.13,1368.04,190.67,1131.73,403.06,39.93,13.67,1.68,0,0,4.32,0,0.01,0,15.4,-11.66
2025-11-03T12:40:00Z,-128.75,-457.59,0,0,90,0,0.11,0,5.07,1271.52,165.58,1087.65,523.37,75.87,13.63,1.29,0,0,4.32,0,0.01,0,17.9,-11.01
2025-11-03T12:45:00Z,-128.89,-450.07,0,0,87,0,0.11,0,1.9,1319.83,208.37,1043.57,458.62,31.99,13.6,1.16,0,0,4.17,0,0.01,0,17.4,-10.8
2025-11-03T12:50:00Z,-109.49,-432.53,0,0,80,0,0.11,0,0,1323.28,194.25,999.49,441.52,37.27,13.57,1.04,0,0,3.84,0,0.01,0,16.38,-11.01
2025-11-03T12:55:00Z,-55.71,-490.05,0,0,87,0,0.11,0,10.45,1339.07,192.9,955.41,487.69,35.66,13.53,1.26,0,0,4.17,0,0.01,0,17.21,-11.01
2025-11-03T13:00:00Z,-212.38,-479.74,0,0,82,0,0.11,0,0.04,1439.97,186.19,911.33,300.62,34.06,13.5,1.11,0,0,3.93,0,0.01,0,17.65,-11.01
2025-11-03T13:05:00Z,-216.55,-623.05,0,0,84,0,0.11,0,6.34,1499.82,230.95,952.26,344.96,37.95,13.5,1.38,0,0,4.03,0,0.01,0,16.48,-11.37
2025-11-03T13:10:00Z,-234.17,-558.47,0,0,87,0,0.11,0,3.04,1475.17,174.35,993.19,312.5,97.2,13.5,1.34,0,0,4.17,0,0.01,0,17.56,-11.11
2025-11-03T13:15:00Z,-254.69,-545.15,0,0,80,0,0.11,0,0,1428.42,154.59,1034.13,316.51,121.73,13.5,1.26,0,0,3.84,0,0.01,0,16.35,-10
2025-11-03T13:20:00Z,-263.45,-473.75,0,0,88,0,0.11,0,1.83,1342.82,141.12,1075.06,308.87,70.36,13.5,1.27,0,0,4.22,0,0.01,0,18.56,-10
2025-11-03T13:25:00Z,-245.19,-753.98,0,-0.1,86,0,0.11,0,4.21,1532.36,171.58,1115.99,164.92,56.13,13.5,1.74,0,0,4.13,0,0.01,0,15.05,-10.1
2025-11-03T13:30:00Z,-296.94,-804.61,0,-0.1,80,0,0.11,0,1.18,1515.05,246.1,1156.92,238.9,60.52,13.5,1.68,0,0,3.84,0,0.01,0,13.7,-11.11
2025-11-03T13:35:00Z,-317.01,-735.38,0,-0.1,81,0,0.11,0,0.01,1469.68,200.07,1140.87,289.3,164.12,13.15,1.64,0,0,3.89,0,0.01,0,14.73,-11.66
2025-11-03T13:40:00Z,-289.83,-640.09,0,0,83,0,0.11,0,0.19,1421.34,162.46,1124.82,372.58,192.94,12.8,1.53,0,0,3.98,0,0.01,0,15.84,-11.11
2025-11-03T13:45:00Z,-264.57,-653.66,0,0,85,0,0.11,0,0.14,1295.39,364.02,1108.77,438.46,120.05,12.45,1.53,0,0,4.08,0,0.01,0,15.84,-10.1
2025-11-03T13:50:00Z,-316.37,-449.32,0,0,84,0,0.11,0,0.05,1333.63,249.65,1092.71,392.4,113.13,12.1,1.09,0,0,4.03,0,0.01,0,17.75,-10.1
2025-11-03T13:55:00Z,-232.9,-515.32,0,0,80,0,0.11,0,0,1411.25,212.04,1076.66,376.79,105.69,11.75,1.16,0,0,3.84,0,0.01,0,15.84,-10
2025-11-03T14:00:00Z,-209.22,-558.98,0,0,86,0,0.11,0,3.46,1458.92,229.61,1060.61,344.48,90.96,11.4,1.3,0,0,4.13,0,0.01,0,16.43,-10
2025-11-03T14:05:00Z,-213.51,-753.95,0,0,86,0,0.11,0,16.43,1561.59,292.56,1034.01,269.62,100.57,11.78,1.59,0,0,4.13,0,0.01,0,15.07,-10.8
2025-11-03T14:10:00Z,-266.56,-576.29,0,0,93,0,0.11,0,38.82,1453.56,232.95,1007.41,317.44,106.89,12.17,1.42,0,0,4.46,0,0.01,0,18.47,-10
2025-11-03T14:15:00Z,-245.06,-550.67,0,0,91,0,0.11,0,18.56,1485.59,208.54,980.81,175.09,132.48,12.55,1.34,0,0,4.37,0,0.01,0,18.33,-10
2025-11-03T14:20:00Z,-246.49,-483.41,0,0,81,0,0.11,0,19,1424.94,179.95,954.21,144.67,113.86,12.93,1.1,0,0,3.89,0,0.01,0,17.35,-10
2025-11-03T14:25:00Z,-226.56,-464.56,0,0,82,0,0.11,0,7.1,1406.88,167.58,927.61,95.44,77.55,13.32,1.1,0,0,3.93,0,0.01,0,17.94,-8.5
2025-11-03T14:30:00Z,-281.68,-589.9,0,0,83,0,0.11,0,14.9,1491.52,183.79,901.01,27.46,81.48,13.7,1.33,0,0,3.98,0,0.01,0,17.72,-10
2025-11-03T14:35:00Z,-191.06,-628.31,0,0,84,0,0.11,0,20.89,1381.94,234.1,928.2,134.12,71.17,13.63,1.47,0,0,4.03,0,0.01,0,16.81,-10
2025-11-03T14:40:00Z,-308.06,-525.97,0,0,84,0,0.11,0,0.43,1382.55,217.63,955.39,63.4,62.79,13.57,1.26,0,0,4.03,0,0.01,0,18.45,-10.8
2025-11-03T14:45:00Z,-273.51,-324.78,0,0,85,0,0.11,0,7.2,1084.9,215.22,982.58,328.4,104.17,13.5,0.95,0,0,4.08,0,0.01,0,21.16,-10
2025-11-03T14:50:00Z,-343.97,-387.33,0,0,82,0,0.11,0,5.86,1258.32,137.51,1009.77,141.6,102.72,13.43,1.03,0,0,3.93,0,0.01,0,19.83,-10
2025-11-03T14:55:00Z,-402.61,-482.54,0,0,82,0,0.11,0,12.94,1446.11,130.45,1036.96,113.85,82.18,13.37,1.14,0,0,3.93,0,0.01,0,18.45,-10
2025-11-03T15:00:00Z,-295.29,-537.33,0,-0.1,80,0,0.11,0,21.52,1473.15,93.22,1064.14,244.93,54.11,13.3,1.24,0,0,3.84,0,0.01,0,16.47,-10
2025-11-03T15:05:00Z,-255.86,-699.05,0,-0.1,84,0,0.11,0,18.83,1591.35,109.3,1071.93,172.74,28.06,12.96,1.56,0,0,4.03,0,0.01,0,15.45,-10
2025-11-03T15:10:00Z,-310.11,-706.88,0,0,80,0,0.11,0,0.01,1604.45,151.65,1079.71,178.25,33.21,12.62,1.48,0,0,3.84,0,0.01,0,14.95,-10
2025-11-03T15:15:00Z,-359.91,-830.07,0,0,80,0,0.11,0,0.02,1723.71,216.48,1087.49,91.53,34.98,12.28,1.58,0,0,3.84,0,0.01,0,14.18,-11.11
2025-11-03T15:20:00Z,-266.13,-713.13,0,-0.1,81,0,0.11,0,0,1546.45,170.38,1095.27,224.47,36.89,11.93,1.54,0,0,3.89,0,0.01,0,14.73,-10
2025-11-03T15:25:00Z,-348.24,-680.11,0,-0.1,80,0,0.11,0,0.19,1594.27,207.73,1103.05,143.82,33.95,11.59,1.39,0,0,3.84,0,0.01,0,15.06,-10
2025-11-03T15:30:00Z,-281.88,-755.23,0,0,81,0,0.11,0,0.04,1571.5,270.64,1110.83,160.04,24.71,11.25,1.53,0,0,3.89,0,0.01,0,14.21,-8.5
2025-11-03T15:35:00Z,-337.86,-816.96,0,0,86,0,0.11,0,0,1638.08,347.72,1054.71,30.06,38.01,11.19,1.63,0,0,4.13,0,0.01,0,15.24,-8.15
2025-11-03T15:40:00Z,-336.01,-640.72,0,0,82,0,0.11,0,0,1501.13,343.13,998.59,104.99,70.39,11.13,1.31,0,0,3.93,0,0.01,0,16.2,-6.4
2025-11-03T15:45:00Z,-335.14,-549,0,0.35,93,0,0.11,0,1.95,1462.21,364.01,942.47,141.63,51.17,11.07,1.29,0,0.03,4.46,0,0.01,0,19.48,1.1
2025-11-03T15:50:00Z,-302.84,-614.69,0,0,79,0,0.11,0,0.28,1542.1,356.2,886.34,46.96,42.28,11.02,1.18,0,0,3.79,0,0.01,0,16.14,0
2025-11-03T15:55:00Z,-219.63,-778.79,0,0,81,0,0.11,0,0,1686.31,349.25,830.22,12.27,31.82,10.96,1.43,0,0,3.89,0,0.01,0,15.16,-10.8
2025-11-03T16:00:00Z,-180.11,-763.67,0,0,88,0,0.11,0,4.16,1674.14,264.71,774.1,13.06,24.31,10.9,1.59,0,0,4.22,0,0.01,0,17.01,26.81
2025-11-03T16:05:00Z,-137.81,-756.87,0,0,80,0,0.11,0,20.75,1691.22,126.54,763.39,4.79,33.26,10.97,1.52,0,0,3.84,0,0.01,0,15.63,1.1
2025-11-03T16:10:00Z,-102.89,-854.74,0,0,93,0,0.11,0,1.37,1746.93,119.44,752.68,8.54,11.36,11.03,1.95,0,0,4.46,0,0.01,0,17.23,-10.8
2025-11-03T16:15:00Z,-53.93,-754.42,0,0,100,0,0.11,0,0.1,1623.48,142.46,741.96,156.31,5.49,11.1,1.94,0,0,4.8,0,0.01,0,19.09,-10
2025-11-03T16:20:00Z,-173.14,-726.82,0,0,103,0,0.11,0,90.27,1656.4,183.41,731.25,197.91,8.7,11.17,1.77,0,0,4.94,0,0.01,0,20.47,-6.4
2025-11-03T16:25:00Z,-200.93,-615.61,0,0,101,0,0.11,0,0,1703.45,145.89,720.54,110.77,8.25,11.23,1.53,0,0,4.85,0,0.01,0,21.49,39.15
2025-11-03T16:30:00Z,-200.11,-596.41,0,0,110,0,0.11,0,7.17,1705.67,110.23,709.83,34.29,0,11.3,1.63,0,0,5.28,0,0.01,0,23.75,81.56
2025-11-03T16:35:00Z,-140.9,-588.2,0,0,100,0,0.11,0,3.3,1608.18,127.06,719.54,36.83,3.99,11.42,1.54,0,0,4.8,0,0.01,0,21.44,-10
2025-11-03T16:40:00Z,-93.9,-724.88,0,0,115,0,0.11,0,10.39,1558.11,286.52,729.24,170.25,7.43,11.53,2.03,0,0,5.52,0,0.01,0,22.28,5.15
2025-11-03T16:45:00Z,-195.06,-672.98,0,0,101,0,0.11,0,15.4,1573.16,286.44,738.95,46.6,8.04,11.65,1.65,0,0,4.85,0,0.01,0,20.79,-10
2025-11-03T16:50:00Z,-352.98,-456.33,0,0,116,0,0.11,0,27.99,1538.95,182.51,748.66,155.77,18.36,11.77,1.36,0,0,5.57,0,0.01,0,27.99,1.1
2025-11-03T16:55:00Z,-243.08,-722.43,0,-0.1,101,0,0.11,0,0,1623.41,346.5,758.37,5.43,24.26,11.88,1.69,0,0,4.85,0,0.01,0,20.35,1.1
2025-11-03T17:00:00Z,-283.55,-507.21,0,-0.1,103,0,0.11,0,0,1492.44,318.2,768.07,80.33,32.46,12,1.31,0,0,4.94,0,0.01,0,23.08,1.1
2025-11-03T17:05:00Z,-244.15,-535.99,0,0,111,0,0.11,0,10.85,1510.84,291.85,729.57,72.83,0,12.03,1.49,0,0,5.33,0,0.01,0,24.64,1.1
2025-11-03T17:10:00Z,-263.03,-639.97,0,0,61,6.45,0.11,70.45,3.81,1670.89,276.12,691.07,5.43,0,12.07,2.03,0,0,2.93,0.22,0.01,3.46,29.32,1.1
2025-11-03T17:15:00Z,-308.96,-370.33,0,-0.1,63,5.78,0.11,71.76,0.25,1595.98,111.61,652.56,42.66,0,12.1,1.35,0,0,3.02,0.19,0.01,3.53,35.56,5.36
2025-11-03T17:20:00Z,-225.43,-440.1,0,0,62,35.98,0.11,70.47,4.31,1664.87,72.79,614.06,5.43,0,12.13,1.76,0,0,2.98,1.2,0.01,3.46,38,-5.84
2025-11-03T17:25:00Z,-180.82,-342.72,0,0,64,37.99,0.1,34.5,12.15,1612.11,65.11,575.55,5.1,0,12.17,1.13,0,0,3.07,1.27,0.01,1.7,31.38,57.88
2025-11-03T17:30:00Z,-160.86,-306.01,0,0,66,68.19,0.11,34.82,15.56,1535.16,84.81,537.05,4.22,0,12.2,1.22,0,0,3.17,2.28,0.01,1.71,38.1,58.58
2025-11-03T17:35:00Z,-168.93,-262.32,0,0,64,68.19,0.11,34.96,41.95,1471.98,103.42,504.48,4.79,0,12.27,1.04,0,0,3.07,2.28,0.01,1.72,39,11.18
2025-11-03T17:40:00Z,-8.89,-367.43,0,0,60,68.19,0.11,34.33,50.25,1492.41,78.6,471.9,0,0,12.33,1.41,0,0,2.88,2.28,0.01,1.69,34.76,94.51
2025-11-03T17:45:00Z,-2.34,-349.69,0,0,62,67.52,0.11,34.24,35.89,1491.03,70.3,439.33,0,0,12.4,1.38,0,0,2.98,2.26,0.01,1.68,36.03,108.13
2025-11-03T17:50:00Z,-0.66,-373.6,0,0,62,70.2,0.11,35.29,37.32,1471.52,84.05,406.75,0,0,12.47,1.5,0,0,2.98,2.35,0.01,1.73,37.26,89.22
2025-11-03T17:55:00Z,-0.18,-516.54,0,0,63,69.53,0.11,34.24,283.91,1423.12,65.43,374.18,51.84,0,12.53,1.88,0,0,3.02,2.33,0.01,1.68,34.5,110.82
2025-11-03T18:00:00Z,0,-393.69,0,0,62,69.53,0.11,34.5,50.68,1479.66,103.79,341.61,6.6,0,12.6,1.53,0,0,2.98,2.33,0.01,1.7,37.57,129.86
2025-11-03T18:05:00Z,-9.34,-386.57,0,0,56,103.09,0.11,33.77,18.48,1476.55,158.11,314.66,0,0,12.08,1.63,0,0,2.69,3.45,0.01,1.66,41.96,89.89
2025-11-03T18:10:00Z,-0.07,-469.74,0,0,61,103.76,0.11,72.07,104.5,1468.21,171.35,287.71,0,0,11.57,2.36,0,0,2.93,3.47,0.01,3.54,50.63,91.48
2025-11-03T18:15:00Z,-5.36,-356.23,0,0,58,121.88,0.11,70.74,21.86,1499.28,165.74,260.76,0,0,11.05,1.9,0,0,2.78,4.08,0.01,3.48,55.17,91.89
2025-11-03T18:20:00Z,-1.4,-368.75,0,0,61,166.17,0.11,71.53,81.7,1522.23,64.47,233.82,0,0,10.53,2.25,0,0,2.93,5.56,0.01,3.52,63.98,96.56
2025-11-03T18:25:00Z,-6.21,-328.22,0,0,56,166.17,0.11,71.38,18.59,1583.11,40.67,206.87,0,0,10.02,1.99,0,0,2.69,5.56,0.01,3.51,64.84,96.07
2025-11-03T18:30:00Z,-3.51,-340.95,0,0,59,166.84,0.11,70.47,19.7,1587.56,32.5,179.92,0,0,9.5,2.09,0,0,2.83,5.59,0.01,3.46,66.34,94.17
2025-11-03T18:35:00Z,-3.06,-330.28,0,0,57,166.84,0.11,71.05,2.87,1603.18,22.94,162.85,0,0,9.48,2.03,0,0,2.74,5.59,0.01,3.49,67,58.18
2025-11-03T18:40:00Z,-2.62,-352.74,0,0,61,166.84,0.11,71.38,31.33,1622.8,27.84,145.77,0,0,9.47,2.14,0,0,2.93,5.59,0.01,3.51,66.96,45.42
2025-11-03T18:45:00Z,-57.55,-293.98,0,0,57,166.84,0.11,70.51,15.51,1673.53,18.52,128.69,0,0,9.45,1.73,0,0,2.74,5.59,0.01,3.46,67.86,46.02
2025-11-03T18:50:00Z,-56.82,-334.89,0,0,59,166.84,0.11,70.99,24.81,1724.11,10.9,111.62,0,0,9.43,1.94,0,0,2.83,5.59,0.01,3.49,67.36,52.25
2025-11-03T18:55:00Z,-203.38,-190.63,0,0,58,167.51,0.11,71.92,23.57,1769.29,5.42,94.54,0,0,9.42,1.09,0,0,2.78,5.61,0.01,3.53,72.46,46.65
2025-11-03T19:00:00Z,-53.7,-396.48,0,0,61,169.53,0.11,72.39,43.81,1831.77,1.53,77.47,0,0,9.4,2.21,0,0,2.93,5.68,0.01,3.56,66.09,41.26
2025-11-03T19:05:00Z,-62.63,-418.27,0,-0.1,61,166.84,0.1,70.89,81.93,1846.88,2,64.95,0,0,9.43,2.25,0,0,2.93,5.59,0.01,3.48,64.52,46.9
2025-11-03T19:10:00Z,-57.25,-392.3,0,-0.1,58,168.85,0.11,71,68.85,1826.74,2.78,52.43,0,0,9.47,2.13,0,0,2.78,5.65,0.01,3.49,65.38,45.36
2025-11-03T19:15:00Z,-1.76,-454.78,0,-0.1,62,168.18,0.11,71.79,83.62,1832.39,0.56,39.92,0,0,9.5,2.49,0,0,2.98,5.63,0.01,3.53,64.28,58.58
2025-11-03T19:20:00Z,-84.4,-347.67,0,-0.1,59,166.84,0.11,70.62,58.43,1828.7,0.06,27.4,0,0,9.53,1.89,0,0,2.83,5.59,0.01,3.47,67.46,54
2025-11-03T19:25:00Z,-0.2,-416.52,0,-0.1,61,170.87,0.11,73.08,66.27,1825.08,0.03,14.88,0,0,9.57,2.32,0,0,2.93,5.72,0.01,3.59,66.36,60.08
2025-11-03T19:30:00Z,-43.48,-324.79,0,0,62,168.18,0.11,71.28,43.57,1798.64,0.01,2.37,0,0,9.6,1.84,0,0,2.98,5.63,0.01,3.5,69.39,65.81
2025-11-03T19:35:00Z,-1.46,-362.69,0,0,60,170.2,0.11,72.77,51.29,1772.6,0.01,1.97,0,0,9.63,2.07,0,0,2.88,5.7,0.01,3.58,68.59,79.96
2025-11-03T19:40:00Z,-1.47,-405.84,0,0,62,170.2,0.11,72.15,115.93,1755.71,0.01,1.58,0,0,9.67,2.28,0,0,2.98,5.7,0.01,3.55,67.42,106.57
2025-11-03T19:45:00Z,-0.65,-436.02,0,0,60,225.23,0.11,71.66,100.69,1715.42,0,1.18,0,0,9.7,2.8,0,0,2.88,7.54,0.01,3.52,77,111.27
2025-11-03T19:50:00Z,-0.83,-514.13,0,0,61,228.58,0.11,72.79,175.83,1724.33,0,0.79,0,0,9.73,3.22,0,0,2.93,7.65,0.01,3.58,75.12,108.68
2025-11-03T19:55:00Z,-1.07,-576.89,0,0,58,225.9,0.11,70.57,214.64,1754.04,0,0.39,0,0,9.77,3.43,0,0,2.78,7.56,0.01,3.47,71.42,96.39
2025-11-03T20:00:00Z,-0.16,-583.7,0,0,58,198.38,0.11,71.41,282.31,1709.02,0,0,0,0,9.8,3.26,0,0,2.78,6.64,0.01,3.51,66.97,97.86
2025-11-03T20:05:00Z,-0.09,-533.64,0,0,59,200.4,0.11,72.21,177.19,1757,0,0,0,0,9.98,3.08,0,0,2.83,6.71,0.01,3.55,69.36,101.45
2025-11-03T20:10:00Z,-0.18,-592.54,0,0,58,197.04,0.11,71.72,269.99,1711.68,0,0,0,0,10.17,3.31,0,0,2.78,6.6,0.01,3.52,67.12,102.76
2025-11-03T20:15:00Z,-0.87,-644.47,0,0,59,199.05,0.11,72.04,332.03,1698.32,0,0,0,0,10.35,3.56,0,0,2.83,6.67,0.01,3.54,66.34,111.88
2025-11-03T20:20:00Z,-0.16,-721.22,0,0,60,227.91,0.11,72.21,385.69,1690.01,0,0,0,0,10.53,4.16,0,0,2.88,7.63,0.01,3.55,69.3,111.52
2025-11-03T20:25:00Z,-0.35,-686.8,0,0,60,229.92,0.11,71.93,378.65,1667.74,0,0,0,0,10.72,4.03,0,0,2.88,7.7,0.01,3.53,70.37,106.44
2025-11-03T20:30:00Z,-0.1,-639.54,0,0,60,211.81,0.11,71.98,373.88,1622.16,0,0,0,0,10.9,3.69,0,0,2.88,7.09,0.01,3.54,69.31,103.97
2025-11-03T20:35:00Z,-0.07,-731.21,0,0,60,200.4,0.11,72.31,493.8,1597.85,0,0,0,0,10.98,3.97,0,0,2.88,6.71,0.01,3.55,65.08,125.68
2025-11-03T20:40:00Z,-0.04,-729.55,0,0,61,150.73,0.11,71.93,542.25,1602.74,0,0,0,0,11.07,3.46,0,0,2.93,5.05,0.01,3.53,56.9,170.44
2025-11-03T20:45:00Z,-0.05,-789.68,0,-0.1,75,154.09,0.11,149.68,500.36,1580.57,0,0,0,0,11.15,5.18,0,0,3.6,5.16,0.01,7.36,78.65,138
2025-11-03T20:50:00Z,-0.01,-780.58,0,-0.1,68,150.06,0.11,98.08,575.55,1566.52,0,0,0,0,11.23,4.16,0,0,3.26,5.02,0.01,4.82,64.02,157.12
2025-11-03T20:55:00Z,-0.07,-778.1,0,-0.1,79,149.39,0.1,156.12,490.5,1569.37,0,0,0,0,11.32,5.24,0,0,3.79,5,0.01,7.67,80.87,138
2025-11-03T21:00:00Z,-0.07,-726.49,0,0,66,149.39,0.11,119.66,485.9,1567.33,0,0,0,0,11.4,4.28,0,0,3.17,5,0.01,5.88,70.63,138
2025-11-03T21:05:00Z,-0.03,-704.64,0,0,64,149.39,0.11,124.06,455.88,1561.88,0,0,0,0,11.2,4.24,0,0,3.07,5,0.01,6.1,72.23,138
2025-11-03T21:10:00Z,-0.04,-724.54,0,0,68,150.06,0.11,85.1,517.32,1531.89,0,0,0,0,11,3.84,0,0,3.26,5.02,0.01,4.18,63.64,144.37
2025-11-03T21:15:00Z,-0.14,-738.29,0,0,80,149.39,0.11,155.58,437.63,1517.43,0,0,0,0,10.8,5.2,0,0,3.84,5,0.01,7.65,84.58,142.5
2025-11-03T21:20:00Z,-0.34,-730.2,0,0,101,150.06,0.11,155.58,388.26,1548.8,0,0,0,0,10.6,5.46,0,0,4.85,5.02,0.01,7.65,89.74,166.11
2025-11-03T21:25:00Z,-0.04,-757.28,0,0,119,149.39,0.11,154.22,365.76,1583.77,0,0,0,0,10.4,5.84,0,0,5.71,5,0.01,7.58,92.56,138.04
2025-11-03T21:30:00Z,-4.38,-577.6,0,0,133,149.39,0.11,153.77,99.34,1632.18,0,0,0,0,10.2,5.05,0,0,6.38,5,0.01,7.56,105.17,101.87
2025-11-03T21:35:00Z,-9.66,-454.83,0,0,119,97.05,0.11,69.72,81.3,1685.36,0,0,0,0,10.35,2.75,0,0,5.71,3.25,0.01,3.43,72.89,93.9
2025-11-03T21:40:00Z,-0.06,-508.14,0,0,98,88.99,0.11,72.34,137.39,1694.06,0,0,0,0,10.5,2.73,0,0,4.7,2.98,0.01,3.55,64.53,92.41
2025-11-03T21:45:00Z,-1.23,-406.17,0,0,77,89.66,0.11,73.41,119.62,1591.95,0,0,0,0,10.65,2.15,0,0,3.69,3,0.01,3.61,63.45,89.71
2025-11-03T21:50:00Z,-1.29,-264.47,0,0,60,59.46,0.1,72.86,110.41,1512.4,0,0,0,0,10.8,1.23,0,0,2.88,1.99,0.01,3.58,55.95,101.2
2025-11-03T21:55:00Z,-0.47,-271.88,0,0,60,89.66,0.11,71.57,109.91,1484.06,0,0,0,0,10.95,1.41,0,0,2.88,3,0.01,3.52,62.19,94.23
2025-11-03T22:00:00Z,-1.25,-307.63,0,0,59,87.65,0.11,72.36,132.39,1467.2,0,0,0,0,11.1,1.58,0,0,2.83,2.93,0.01,3.56,61.6,85.68
2025-11-03T22:05:00Z,-0.32,-454.08,0,0,59,59.46,0.11,72.79,307.31,1457.77,0,0,0,0,10.82,1.95,0,0,2.83,1.99,0.01,3.58,51.57,100.06
2025-11-03T22:10:00Z,-1.15,-477.21,0,0,58,88.99,0.11,71.37,319.57,1440.22,0,0,0,0,10.53,2.24,0,0,2.78,2.98,0.01,3.51,56.32,120.27
2025-11-03T22:15:00Z,-0.38,-465.45,0,0,57,146.04,0.11,73.58,260.33,1418.48,0,0,0,0,10.25,2.68,0,0,2.74,4.89,0.01,3.62,69.04,127.53
2025-11-03T22:20:00Z,0,-360.73,0,0,63,148.72,0.11,74.49,142.89,1396.9,0,0,0,0,9.97,2.31,0,0,3.02,4.98,0.01,3.66,76.69,124.59
2025-11-03T22:25:00Z,-5.93,-360.86,0,0,58,149.39,0.11,71.09,164.21,1390.94,0,0,0,0,9.68,2.22,0,0,2.78,5,0.01,3.49,74.15,99.66
2025-11-03T22:30:00Z,0,-284.01,0,0,63,98.39,0.11,74.86,111.87,1401.95,0,0,0,0,9.4,1.62,0,0,3.02,3.29,0.01,3.68,68.58,106.44
2025-11-03T22:35:00Z,-2.11,-314.33,0,0,58,136.64,0.11,73.87,64.19,1435.99,0,0,0,0,9.5,1.95,0,0,2.78,4.58,0.01,3.63,74.7,106.44
2025-11-03T22:40:00Z,-0.32,-521.8,0,0,57,121.21,0.11,70.89,233.37,1506.63,0,0,0,0,9.6,2.7,0,0,2.74,4.06,0.01,3.48,62.05,117.39
2025-11-03T22:45:00Z,-0.53,-430.23,0,-0.1,59,149.39,0.11,72.56,56.27,1533.75,0,0,0,0,9.7,2.62,0,0,2.83,5,0.01,3.57,73.18,106.44
2025-11-03T22:50:00Z,0,-409.86,0,0,61,103.09,0.11,74.02,61.77,1534.81,0,0,0,0,9.8,2.24,0,0,2.93,3.45,0.01,3.64,65.55,106.44
2025-11-03T22:55:00Z,-0.28,-401.75,0,0,59,93.02,0.11,72.53,59.29,1544.81,0,0,0,0,9.9,2.09,0,0,2.83,3.11,0.01,3.56,62.46,99.48
2025-11-03T23:00:00Z,0,-406.7,0,0,61,91.01,0.11,71.35,73.81,1519.97,0,0,0,0,10,2.12,0,0,2.93,3.05,0.01,3.51,62.65,103.85
2025-11-03T23:05:00Z,-7.34,-306.91,0,0,57,90.34,0.11,70.13,0.12,1487.32,0,0,0,0,10.18,1.66,0,0,2.74,3.02,0.01,3.45,65.18,105.6
2025-11-03T23:10:00Z,-0.19,-379.45,0,0,40,90.34,0.11,74.57,70.5,1494.35,0,0,0,0,10.37,1.85,0,0,1.92,3.02,0.01,3.66,58.42,129.62
2025-11-03T23:15:00Z,-2.46,-364.38,0,0,0,147.38,0.11,72.05,50.13,1463.62,0,0,0,0,10.55,1.78,0,0,0,4.93,0.01,3.54,58.83,108.65
2025-11-03T23:20:00Z,-0.7,-367.87,0,0,0,148.72,0.1,73.53,38.88,1463.17,0,0,0,0,10.73,1.83,0,0,0,4.98,0.01,3.61,59.87,106.44
2025-11-03T23:25:00Z,-5.99,-359.5,0,0,0,148.05,0.11,72.59,48.56,1470.22,0,0,0,0,10.92,1.76,0,0,0,4.96,0.01,3.57,59.11,101.24
2025-11-03T23:30:00Z,-0.55,-311.43,0,0,0,99.73,0.11,73.7,51.47,1473.41,0,0,0,0,11.1,1.28,0,0,0,3.34,0.01,3.62,49.25,103.07
2025-11-03T23:35:00Z,-0.81,-334.31,0,0,0,89.66,0.11,72.02,50.84,1514.52,0,0,0,0,10.9,1.27,0,0,0,3,0.01,3.54,45.52,112.19
2025-11-03T23:40:00Z,-5.41,-401.96,0,0,0,146.04,0.1,70.53,31.3,1588.48,0,0,0,0,10.7,1.83,0,0,0,4.89,0.01,3.47,54.85,106.44
2025-11-03T23:45:00Z,0,-356.07,0,0,0,97.72,0.11,71.41,36.56,1554.92,0,0,0,0,10.5,1.37,0,0,0,3.27,0.01,3.51,46.26,106.19
2025-11-03T23:50:00Z,-0.19,-296.76,0,0,0,89.66,0.11,75.46,22.29,1511.2,0,0,0,0,10.3,1.17,0,0,0,3,0.01,3.71,47.46,110.68
2025-11-03T23:55:00Z,-0.23,-332.68,0,0,0,140,0.1,74.57,67.51,1462.13,0,0,0,0,10.1,1.59,0,0,0,4.69,0.01,3.66,57.51,119.29
2025-11-04T00:00:00Z,-0.32,-243.05,0,0,0,148.05,0.11,71.92,5.09,1418.24,0,0,0,0,9.9,1.26,0,0,0,4.96,0.01,3.53,62.07,112.51
2025-11-04T00:05:00Z,-2.79,-264.77,0,0,0,148.05,0.11,72.19,50.68,1384.48,0,0,0,0,10.07,1.36,0,0,0,4.96,0.01,3.55,61.82,135.31
2025-11-04T00:10:00Z,-5.21,-211.34,0,0,0,148.05,0.11,71.63,48.42,1348.65,0,0,0,0,10.23,1.11,0,0,0,4.96,0.01,3.52,63.2,115.97
2025-11-04T00:15:00Z,-3.28,-200.06,0,0,0,148.72,0.11,72.25,33.97,1369.33,0,0,0,0,10.4,1.05,0,0,0,4.98,0.01,3.55,63.21,114.65
2025-11-04T00:20:00Z,-2.84,-217.12,0,0,0,148.72,0.11,71.26,32.83,1376.36,0,0,0,0,10.57,1.13,0,0,0,4.98,0.01,3.5,62.64,106.44
2025-11-04T00:25:00Z,-2.61,-209.64,0,0,0,136.64,0.1,71.76,34,1380.81,0,0,0,0,10.73,1.05,0,0,0,4.58,0.01,3.53,60.05,105.96
2025-11-04T00:30:00Z,-3.51,-162.49,0,0,0,88.99,0.11,72.69,50.79,1368.87,0,0,0,0,10.9,0.67,0,0,0,2.98,0.01,3.57,49.89,106.03
2025-11-04T00:35:00Z,-1.25,-127.25,0,0,0,89.66,0.11,72.66,49.92,1347.54,0,0,0,0,10.8,0.54,0,0,0,3,0.01,3.57,50.66,106.44
2025-11-04T00:40:00Z,0,-121.63,0,0,0,95.03,0.11,75.09,79.92,1310.85,0,0,0,0,10.7,0.54,0,0,0,3.18,0.01,3.69,52.88,140.25
2025-11-04T00:45:00Z,-29.96,-131.9,0,0,0,143.35,0.1,154.09,0.01,1291.92,0,0,0,0,10.6,1.03,0,0,0,4.8,0.01,7.57,95.42,106.44
2025-11-04T00:50:00Z,-0.53,-129.53,0,0,0,148.72,0.11,72.68,36.76,1315.34,0,0,0,0,10.5,0.7,0,0,0,4.98,0.01,3.57,65.29,106.44
2025-11-04T00:55:00Z,-2.34,-140.36,0,0,0,148.72,0.11,71.66,48.85,1315.6,0,0,0,0,10.4,0.75,0,0,0,4.98,0.01,3.52,64.52,106.44
2025-11-04T01:00:00Z,-2.63,-91.51,0,0,0,106.44,0.11,72.51,33.1,1327.2,0,0,0,0,10.3,0.42,0,0,0,3.56,0.01,3.56,55.72,93.69
2025-11-04T01:05:00Z,-2.5,-99.22,0,0,0,90.34,0.11,76.08,55.48,1329.3,0,0,0,0,10.4,0.43,0,0,0,3.02,0.01,3.74,52.46,111.4
2025-11-04T01:10:00Z,-0.03,-74.49,0,0,0,147.38,0.11,12.07,21.94,1344.46,0,0,0,0,10.5,0.27,0,0,0,4.93,0.01,0.59,43.53,141.72
2025-11-04T01:15:00Z,-3.82,-176.44,0,0,0,148.72,0.11,10.15,51.19,1411.83,0,0,0,0,10.6,0.6,0,0,0,4.98,0.01,0.5,40.69,135.5
2025-11-04T01:20:00Z,-4.26,-223.39,0,0,0,149.39,0.11,0,51.15,1463.92,0,0,0,0,10.7,0.67,0,0,0,5,0.01,0,36.22,95.1
2025-11-04T01:25:00Z,-2.8,-299.18,0,0,0,96.38,0.11,0,168.38,1473.36,0,0,0,0,10.8,0.56,0,0,0,3.23,0.01,0,22.37,106.44
2025-11-04T01:30:00Z,-0.04,-167.93,0,0,0,101.07,0.11,0,25.54,1450.5,0,0,0,0,10.9,0.36,0,0,0,3.38,0.01,0,25.8,106.44
2025-11-04T01:35:00Z,-0.35,-192.56,0,0,0,119.19,0.11,0,59.18,1428.74,0,0,0,0,10.7,0.48,0,0,0,3.99,0.01,0,29.86,133.32
2025-11-04T01:40:00Z,-0.21,-203.87,0,0,0,148.72,0.11,0,14.33,1455.27,0,0,0,0,10.5,0.63,0,0,0,4.98,0.01,0,36.98,129.59
2025-11-04T01:45:00Z,-11.9,-227.84,0,0,0,148.05,0.1,0,48.42,1458.7,0,0,0,0,10.3,0.68,0,0,0,4.96,0.01,0,36.29,98.92
2025-11-04T01:50:00Z,-9.81,-219.02,0,0,0,91.68,0.1,0,48.83,1494.57,0,0,0,0,10.1,0.41,0,0,0,3.07,0.01,0,22.73,95.57
2025-11-04T01:55:00Z,-5.02,-187.31,0,0,0,89.66,0.11,0,1.14,1514.24,0,0,0,0,9.9,0.35,0,0,0,3,0.01,0,22.58,96.48
2025-11-04T02:00:00Z,-2.72,-208.66,0,0,0,89.66,0.11,0,15.77,1517.96,0,0,0,0,9.7,0.39,0,0,0,3,0.01,0,22.28,98.86
2025-11-04T02:05:00Z,-7.04,-215.36,0,0,0,89.66,0.1,0,3.72,1531.76,0,0,0,0,9.72,0.4,0,0,0,3,0.01,0,22.33,99.25
2025-11-04T02:10:00Z,-7.61,-196.84,0,0,0,90.34,0.11,0,0.35,1519.29,0,0,0,0,9.73,0.37,0,0,0,3.02,0.01,0,22.72,99.29
2025-11-04T02:15:00Z,-6.83,-213.03,0,0,0,90.34,0.11,0,0.87,1525.43,0,0,0,0,9.75,0.4,0,0,0,3.02,0.01,0,22.61,90.78
2025-11-04T02:20:00Z,-5.66,-201.98,0,0,0,90.34,0.11,0,1.83,1505.09,0,0,0,0,9.77,0.38,0,0,0,3.02,0.01,0,22.87,77.8
2025-11-04T02:25:00Z,-7.2,-170.08,0,0,0,60.14,0.11,0,0.62,1479.74,0,0,0,0,9.78,0.22,0,0,0,2.01,0.01,0,15.82,75.75
2025-11-04T02:30:00Z,-3.03,-210.81,0,-0.1,0,60.81,0.11,0,8.83,1498.22,0,0,0,0,9.8,0.27,0,0,0,2.04,0.01,0,15.67,74.98
2025-11-04T02:35:00Z,-3.03,-173.75,0,-0.1,0,60.81,0.11,0,24.88,1454.5,0,0,0,0,10.03,0.23,0,0,0,2.04,0.01,0,15.95,93.3
2025-11-04T02:40:00Z,-4.79,-171.65,0,-0.1,0,89.66,0.1,0,6.14,1427.63,0,0,0,0,10.27,0.34,0,0,0,3,0.01,0,23.78,101.77
2025-11-04T02:45:00Z,-41.73,-130.08,0,0,0,88.32,0.1,0,3.55,1423.59,0,0,0,0,10.5,0.25,0,0,0,2.96,0.01,0,24.2,90.59
2025-11-04T02:50:00Z,-8.74,-126.09,0,0,0,88.99,0.1,0,0.36,1369.77,0,0,0,0,10.73,0.26,0,0,0,2.98,0.01,0,24.72,86.58
2025-11-04T02:55:00Z,-3.04,-91.42,0,0,0,60.81,0.1,0,20.53,1342.29,0,0,0,0,10.97,0.13,0,0,0,2.04,0.01,0,17.26,101.4
2025-11-04T03:00:00Z,-1.76,-92.9,0,0,0,88.99,0.1,0,11.57,1305.36,0,0,0,0,11.2,0.2,0,0,0,2.98,0.01,0,25.52,99.11
2025-11-04T03:05:00Z,-9.29,-83.41,0,0,0,88.32,0.11,0,17.1,1295.97,0,0,0,0,11.02,0.22,0,0,0,2.96,0.01,0,25.15,100.91
2025-11-04T03:10:00Z,-6.44,-50.87,0,0,0,87.65,0.11,0,0.74,1275.69,0,0,0,0,10.83,0.11,0,0,0,2.93,0.01,0,26,100.94
2025-11-04T03:15:00Z,-5.81,-59.37,0,0,0,88.32,0.1,0,21.91,1262.57,0,0,0,0,10.65,0.13,0,0,0,2.96,0.01,0,26.02,106.44
2025-11-04T03:20:00Z,-0.57,-49.52,0,0,0,99.06,0.11,0,1.67,1245.55,0,0,0,0,10.47,0.12,0,0,0,3.32,0.01,0,29.64,104.2
2025-11-04T03:25:00Z,-36.35,-17.3,0,0,0,90.34,0.1,0,9.07,1245.32,0,0,0,0,10.28,0.04,0,0,0,3.02,0.01,0,27.81,131.61
2025-11-04T03:30:00Z,-1.02,-118.18,0,0,0,145.37,0.11,0,12.69,1260.09,0,0,0,0,10.1,0.41,0,0,0,4.87,0.01,0,41.26,106.44
2025-11-04T03:35:00Z,-11.98,-135.88,0,0,0,118.52,0.11,0,0.04,1311.77,0,0,0,0,10.1,0.38,0,0,0,3.97,0.01,0,33.66,97.03
2025-11-04T03:40:00Z,-12.94,-81.07,0,0,0,89.66,0.11,0,10.34,1280.56,0,0,0,0,10.1,0.18,0,0,0,3,0.01,0,26.42,98.11
2025-11-04T03:45:00Z,-19.71,-111.7,0,0,0,90.34,0.11,0,0.19,1320.05,0,0,0,0,10.1,0.24,0,0,0,3.02,0.01,0,26.19,97.89
2025-11-04T03:50:00Z,-33.4,-63.97,0,0,0,90.34,0.1,0,0.27,1290.35,0,0,0,0,10.1,0.14,0,0,0,3.02,0.01,0,27.02,106.44
2025-11-04T03:55:00Z,-3.61,-55.54,0,0,0,111.81,0.11,0,1.79,1237.42,0,0,0,0,10.1,0.15,0,0,0,3.74,0.01,0,33.4,106.44
2025-11-04T04:00:00Z,-0.7,-92.8,0,0,0,112.48,0.1,0,2.49,1276.42,0,0,0,0,10.1,0.25,0,0,0,3.77,0.01,0,32.55,106.44
2025-11-04T04:05:00Z,-3.75,-196.96,0,0,0,137.31,0.1,0,0.85,1350.53,0,0,0,0,10.05,0.52,0,0,0,4.6,0.01,0,38.07,100.56
2025-11-04T04:10:00Z,-49.07,-159.68,0,0,0,89.66,0.11,0,7.87,1390.57,0,0,0,0,10,0.33,0,0,0,3,0.01,0,25.12,124.94
2025-11-04T04:15:00Z,-0.57,-285.84,0,-0.1,0,142.01,0.11,0,7.44,1416.71,0,0,0,0,9.95,0.75,0,0,0,4.75,0.01,0,37.66,122.76
2025-11-04T04:20:00Z,0,-303.32,0,0,0,148.05,0.1,0,16.25,1426.75,0,0,0,0,9.9,0.81,0,0,0,4.96,0.01,0,38.75,122.78
2025-11-04T04:25:00Z,-0.38,-300.07,0,-0.1,0,148.05,0.11,0,9.5,1444.72,0,0,0,0,9.85,0.79,0,0,0,4.96,0.01,0,38.44,97.32
2025-11-04T04:30:00Z,-0.29,-240.33,0,0,0,99.06,0.11,0,10.81,1423.68,0,0,0,0,9.8,0.52,0,0,0,3.32,0.01,0,26.05,122.5
2025-11-04T04:35:00Z,-0.89,-230.05,0,0,0,135.3,0.11,0,15.66,1382.72,0,0,0,0,10.03,0.59,0,0,0,4.53,0.01,0,36.36,133.18
2025-11-04T04:40:00Z,-24.56,-183.94,0,0,0,148.72,0.1,0,16.92,1373.23,0,0,0,0,10.27,0.5,0,0,0,4.98,0.01,0,40.48,138.86
2025-11-04T04:45:00Z,-8.97,-169.25,0,0,0,149.39,0.11,0,0.19,1350.05,0,0,0,0,10.5,0.47,0,0,0,5,0.01,0,41.24,130.66
2025-11-04T04:50:00Z,0,-181.39,0,0,0,149.39,0.11,0,7.97,1340.3,0,0,0,0,10.73,0.5,0,0,0,5,0.01,0,41.11,139.85
2025-11-04T04:55:00Z,0,-137.67,0,0,0,150.06,0.11,0,3.77,1307.35,0,0,0,0,10.97,0.39,0,0,0,5.02,0.01,0,42.12,125.97
2025-11-04T05:00:00Z,-0.26,-313.91,0,0,0,149.39,0.11,80.34,43.12,1384.45,0,0,0,0,11.2,1.23,0,0,0,5,0.01,3.95,69.07,138
2025-11-04T05:05:00Z,-0.23,-354.72,0,0,0,149.39,0.1,119.78,21.75,1408.3,0,0,0,0,11.18,1.59,0,0,0,5,0.01,5.89,83.07,170.44
2025-11-04T05:10:00Z,0,-406.81,0,0,0,180.93,0.1,157.41,47.91,1373.42,0,0,0,0,11.17,2.16,0,0,0,6.06,0.01,7.74,103.24,173.79
2025-11-04T05:15:00Z,-0.34,-415.55,0,0,0,231.27,0.11,158.21,41.83,1354.61,0,0,0,0,11.15,2.41,0,0,0,7.74,0.01,7.77,114.84,171.59
2025-11-04T05:20:00Z,-0.28,-458.65,0,0,0,227.24,0.11,157.2,74.62,1377.45,0,0,0,0,11.13,2.59,0,0,0,7.61,0.01,7.73,111.02,194.77
2025-11-04T05:25:00Z,-7.86,-429.49,0,0,0,227.91,0.1,156.33,55.62,1381.3,0,0,0,0,11.12,2.45,0,0,0,7.63,0.01,7.68,111.63,177.58
2025-11-04T05:30:00Z,-0.04,-452.74,0,0,0,229.25,0.11,156.92,86.73,1379.11,0,0,0,0,11.1,3.76,0,0,0,7.68,0.01,7.71,99.74,198.92
2025-11-04T05:35:00Z,-1.98,-356.78,0,0,0,227.91,0.11,156.21,17.43,1375.13,0,1.04,0,0,11.12,3.08,0,0,0,7.63,0.01,7.68,103.5,176.43
2025-11-04T05:40:00Z,0,-384.86,0,0,0,233.28,23.86,157.98,90.88,1383.88,0,2.07,0,0,11.13,3.38,0,0,0,7.81,1.01,7.76,105.17,213.5
2025-11-04T05:45:00Z,-9.67,-447.19,0,0,0,225.9,83.03,154.77,93.45,1383.94,0.07,3.11,0,0,11.15,4.3,0,0,0,7.56,3.52,7.61,116.02,182.71
2025-11-04T05:50:00Z,-3.2,-360.66,0,0,0,229.92,84.17,156.18,20.48,1355.27,0.26,4.14,0,0,11.17,3.7,0,0,0,7.7,3.56,7.67,123.01,181.16
2025-11-04T05:55:00Z,-8.36,-305.39,0,0,0,226.57,83.72,156.66,1.39,1335.85,0.66,5.18,0,0,11.18,3.19,0,0,0,7.59,3.55,7.7,125.46,156.57
2025-11-04T06:00:00Z,-10.84,-188.45,0,0,0,170.2,82.68,154.56,0.09,1301.42,1.69,6.21,0,0,11.2,1.85,0,0,0,5.7,3.5,7.6,118.18,119.63
2025-11-04T06:05:00Z,-0.25,-95.68,0,0,0,150.06,84.14,90.64,17.04,1279.23,3.61,15.7,0,0,11.27,0.77,0,0,0,5.02,3.56,4.45,95.36,118.49
2025-11-04T06:10:00Z,-35.89,-122.52,0,0,0,150.06,83.81,59.56,68.16,1297.08,10.36,25.18,0,0,11.33,0.84,0,0,0,5.02,3.55,2.93,83.26,99.17
2025-11-04T06:15:00Z,-0.62,-117.27,0,0,0,94.36,84.27,60.5,51.74,1316.99,14.73,34.66,0,0,11.4,0.7,0,0,0,3.16,3.57,2.97,70.16,96.63
2025-11-04T06:20:00Z,-0.04,-135.41,0,0,0,90.34,84.79,63.4,60.53,1348.49,18.1,44.15,0,0,11.47,0.79,0,0,0,3.02,3.59,3.12,68.14,115.63
2025-11-04T06:25:00Z,-0.06,-170.94,0,0,0,147.38,84.35,61.55,5.46,1374.62,20.6,53.63,0,0,11.53,1.16,0,0,0,4.93,3.57,3.02,78.91,114.73
2025-11-04T06:30:00Z,-10.79,-208.36,0,0,0,150.06,84.21,61.16,11.12,1403.29,27.59,63.11,0,0,11.6,1.39,0,0,0,5.02,3.57,3.01,77.44,109.31
2025-11-04T06:35:00Z,-7.24,-199.38,0,0,0,149.39,82.91,59.95,1.34,1417.69,30.7,86.33,0,0,11.68,1.31,0,0,0,5,3.51,2.95,75.09,78.71
2025-11-04T06:40:00Z,-7.51,-130.72,0,0,0,99.06,84.31,10.97,0.45,1449.98,40.03,109.55,0,0,11.77,0.58,0,0,0,3.32,3.57,0.54,49.63,94.5
2025-11-04T06:45:00Z,-44.33,-71.54,0,0,0,88.99,83.53,9.35,0.46,1431.02,57.59,132.77,0,0,11.85,0.3,0,0,0,2.98,3.54,0.46,47.48,71.5
2025-11-04T06:50:00Z,-56.27,-19.37,0,0,0,58.79,82.65,0,0,1404.37,66.18,155.99,0,0,11.93,0.07,0,0,0,1.97,3.5,0,38.31,68.1
2025-11-04T06:55:00Z,-10.62,-42.57,0,0,0,60.14,48.14,0,0.03,1417.43,77.66,179.21,0,0,12.02,0.11,0,0,0,2.01,2.04,0,27.38,57.47
2025-11-04T07:00:00Z,-33.68,-42.25,0,0,0,60.14,41.74,0,0,1420.35,85.25,202.43,0,0,12.1,0.1,0,0,0,2.01,1.77,0,25.49,22.31
2025-11-04T07:05:00Z,-36.32,-68,0,0,10,60.81,42.04,0,1.01,1408.92,84.3,225.93,0,0,12.18,0.18,0,0,0.48,2.04,1.78,0,28.57,40.04
2025-11-04T07:10:00Z,-13.49,-84.75,0,-0.1,19,24.57,6.85,0,5.89,1440.67,94.44,249.44,0,0,12.27,0.11,0,0,0.91,0.82,0.29,0,13.21,20.3
2025-11-04T07:15:00Z,-66.98,0,4.17,-0.1,25,0,0.1,0,0.2,1418.18,99.99,272.94,0,0,12.35,0,0.3,0,1.2,0,0.01,0,10.34,-6.1
2025-11-04T07:20:00Z,-72.11,0,6.02,0,32,0,0.11,0,0.17,1411.05,109,296.45,0,0,12.43,0,0.43,0,1.54,0,0.01,0,13.35,-8.5
2025-11-04T07:25:00Z,-57.24,0,31.78,0,40,0,0.11,0,0.5,1318.34,112.28,319.96,65.1,0,12.52,0,2.26,0,1.92,0,0.01,0,29.51,-10
2025-11-04T07:30:00Z,-57.61,-47.33,0,0,40,0,0.11,0,0.76,1299.62,185.17,343.46,79.92,0,12.6,0.06,0,0,1.92,0,0.01,0,12.7,-10
2025-11-04T07:35:00Z,-18.89,-69,0,0,41,0,0.11,0,0.33,1204.28,262.86,372.93,243.18,0,12.65,0.09,0,0,1.97,0,0.01,0,12.6,-10.1
2025-11-04T07:40:00Z,-35.85,0,96.4,0,41,0,0.11,0,0.28,1006.3,289.28,402.4,448.02,0,12.7,0,6.5,0,1.97,0,0.01,0,63.3,-8.5
2025-11-04T07:45:00Z,-0.78,-166.82,0,0,44,0,0.11,0,9.72,1189.68,285.08,431.86,218.45,16.62,12.75,0.23,0,0,2.11,0,0.01,0,12.63,-10.1
2025-11-04T07:50:00Z,-91.32,0,54.5,0,40,0,0.11,0,1.04,1020.66,311.72,461.33,430.08,22.64,12.8,0,3.55,0,1.92,0,0.01,0,38.91,-10
2025-11-04T07:55:00Z,-43.28,-50.84,0,0,40,0,0.1,0,0.14,1050.19,321.01,490.8,354.22,44.75,12.85,0.07,0,0,1.92,0,0.01,0,12.32,-10
2025-11-04T08:00:00Z,-62.02,-5.21,0,0,40,0,0.1,0,0.17,983.33,318.86,520.27,452.21,26.77,12.9,0.01,0,0,1.92,0,0.01,0,12.82,-10.1
2025-11-04T08:05:00Z,-101.06,0,64.57,0,43,0,0.11,0,4.45,913.63,327.04,544.12,509.12,45.68,12.95,0,4.01,0,2.06,0,0.01,0,43.76,-10.29
2025-11-04T08:10:00Z,-99.22,-4.59,0,0,47,0,0.11,0,41.93,934.62,334.7,567.98,507.17,48.69,13,0.01,0,0,2.26,0,0.01,0,14.84,-9.71
2025-11-04T08:15:00Z,-18.82,-240.53,0,-0.1,40,0,0.1,0,4.83,1165.69,322.06,591.84,352.62,58.16,13.05,0.3,0,0,1.92,0,0.01,0,10.45,-11.66
2025-11-04T08:20:00Z,-120.75,0,18.12,0,44,0,0.11,0,1.84,973.53,317.58,615.7,575.42,86.41,13.1,0,1.1,0,2.11,0,0.01,0,21.31,-11.79
2025-11-04T08:25:00Z,-111.21,0,44.83,0,42,0,0.11,0,7.6,940.98,281.97,639.56,624.57,107.37,13.15,0,2.7,0,2.02,0,0.01,0,32.27,-11.66
2025-11-04T08:30:00Z,-121.56,-56.9,0,0,43,0,0.11,0,1.17,998.81,300.88,663.42,549.53,88.31,13.2,0.09,0,0,2.06,0,0.01,0,13.01,-10.8
2025-11-04T08:35:00Z,-125.36,-75.31,0,0,45,0,0.11,0,4.05,1030.02,320.5,688.16,550.78,68.25,13.28,0.12,0,0,2.16,0,0.01,0,13.03,-14.98
2025-11-04T08:40:00Z,-138.74,0,150.78,0,47,0,0.1,0,30.05,864.78,239.73,712.91,792.14,146.73,13.37,0,9.1,0,2.26,0,0.01,0,84.91,-10.21
2025-11-04T08:45:00Z,-163.94,-49.2,0,0,41,0,0.11,0,5.74,1034.28,304.67,737.65,580.94,57.83,13.45,0.07,0,0,1.97,0,0.01,0,11.96,-10.1
2025-11-04T08:50:00Z,-115.21,-129.47,0,0,42,0,0.11,0,3.47,1077.22,285.33,762.4,630.06,62.55,13.53,0.19,0,0,2.02,0,0.01,0,11.44,-10
2025-11-04T08:55:00Z,-37.92,-242.54,0,0,43,0,0.11,0,0.02,1169.05,216.41,787.14,580.06,160.45,13.62,0.35,0,0,2.06,0,0.01,0,10.66,-10.8
2025-11-04T09:00:00Z,-207.75,-71.68,0,0,40,0,0.11,0,0,1114.77,200.68,811.89,622.43,174.58,13.7,0.1,0,0,1.92,0,0.01,0,11.6,-11.66
2025-11-04T09:05:00Z,-136.7,-99.81,0,0,41,0,0.11,0,2.61,1047.33,191.22,837.92,718.55,230.24,13.68,0.15,0,0,1.97,0,0.01,0,11.6,-10
2025-11-04T09:10:00Z,-40.98,-431.74,0,0,46,0,0.11,0,34.43,1209.11,230.24,863.96,550.69,187.2,13.67,0.63,0,0,2.21,0,0.01,0,9.95,-10
2025-11-04T09:15:00Z,-76.63,-488.17,0,0,39,0,0.1,0,1.5,1331.84,223,890,491.62,185.24,13.65,0.57,0,0,1.87,0,0.01,0,8.14,-10.1
2025-11-04T09:20:00Z,-144.83,-374.56,0,0,40,0,0.11,0,0.02,1262.2,222.84,916.03,598.49,181.52,13.63,0.47,0,0,1.92,0,0.01,0,9.07,-10.1
2025-11-04T09:25:00Z,-72.23,-506.4,0,0,42,0,0.1,0,3.08,1324.45,244.44,942.07,628.73,209.62,13.62,0.63,0,0,2.02,0,0.01,0,8.42,-10.41
2025-11-04T09:30:00Z,-123.23,-485.41,0,0,45,0,0.11,0,11.1,1358.15,238.6,968.11,627.58,226.64,13.6,0.64,0,0,2.16,0,0.01,0,9.12,-10.1
2025-11-04T09:35:00Z,-103.24,-395.86,0,0,40,0,0.11,0,0.02,1252.33,244.39,983.53,650.89,207.93,13.72,0.5,0,0,1.92,0,0.01,0,8.49,-10.1
2025-11-04T09:40:00Z,-86.47,-437.16,0,0,43,0,0.11,0,4.01,1252.97,240.54,998.95,567.93,208.07,13.83,0.59,0,0,2.06,0,0.01,0,8.83,-9.83
2025-11-04T09:45:00Z,-65.06,-418.32,0,0,40,0,0.1,0,0,1184.44,244.1,1014.38,633.73,226.76,13.95,0.55,0,0,1.92,0,0.01,0,8.27,-10.1
2025-11-04T09:50:00Z,-71.22,-429.9,0,0,40,0,0.11,0,0.03,1149.91,250.53,1029.8,641.21,226.47,14.07,0.57,0,0,1.92,0,0.01,0,8.23,-10.1
2025-11-04T09:55:00Z,-40.93,-551.45,0,0,45,0,0.1,0,9.71,1164.18,253.39,1045.23,674.99,226.94,14.18,0.81,0,0,2.16,0,0.01,0,8.44,-11.78
2025-11-04T10:00:00Z,-137.12,-421.29,0,0,44,0,0.11,0,4.15,1071.03,203.56,1060.65,836.22,306.67,14.3,0.67,0,0,2.11,0,0.01,0,9.49,-11.21
2025-11-04T10:05:00Z,-189.47,-453.22,0,0,40,0,0.1,0,0.03,1086.98,211.05,1096.2,744.94,269.54,14.37,0.65,0,0,1.92,0,0.01,0,8.53,-11.66
2025-11-04T10:10:00Z,-164.5,-479.27,0,0,40,0,0.11,0,0.09,1142.91,201.5,1131.74,792.23,283.53,14.43,0.67,0,0,1.92,0,0.01,0,8.07,-11.49
2025-11-04T10:15:00Z,-167.15,-491.59,0,0,40,0,0.11,0,0.03,1157.05,176.72,1167.29,767.96,295.57,14.5,0.69,0,0,1.92,0,0.01,0,7.89,-16.78
2025-11-04T10:20:00Z,-24.43,-476.48,0,0,41,0,0.11,0,1.98,1067.21,137.28,1202.83,885.9,330.72,14.57,0.75,0,0,1.97,0,0.01,0,7.51,-18.85
2025-11-04T10:25:00Z,-13.04,-440.58,0,0,42,0,0.1,0,5.87,1080.91,130.17,1238.38,944.01,314.82,14.63,0.71,0,0,2.02,0,0.01,0,7.72,-11.66
2025-11-04T10:30:00Z,-107.21,-396.58,0,0,42,0,0.1,0,1,1146.25,162.56,1273.92,784.46,258.36,14.7,0.59,0,0,2.02,0,0.01,0,8.08,-11.66
2025-11-04T10:35:00Z,-125.53,-426.1,0,0,40,0,0.11,0,0,1153.84,183.84,1280.69,858.04,271.17,14.77,0.6,0,0,1.92,0,0.01,0,7.58,-11.79
2025-11-04T10:40:00Z,-75.78,-508.82,0,0,40,0,0.11,0,0.06,1173.13,180.34,1287.45,826.82,277.05,14.83,0.7,0,0,1.92,0,0.01,0,7,-19.36
2025-11-04T10:45:00Z,-0.21,-521.91,0,0,48,0,0.11,0,43.68,1083.28,143.22,1294.22,891.57,324.6,14.9,0.91,0,0,2.3,0,0.01,0,8.01,-13.45
2025-11-04T10:50:00Z,-42.94,-547.05,0,0,47,0,0.11,0,27.42,1133.13,168.58,1300.99,788.43,289.76,14.97,0.9,0,0,2.26,0,0.01,0,7.84,-11.66
2025-11-04T10:55:00Z,-49.31,-562.65,0,0,42,0,0.1,0,3.19,1215.02,101.93,1307.75,728.89,408.03,15.03,0.84,0,0,2.02,0,0.01,0,6.92,-18.02
2025-11-04T11:00:00Z,-68.85,-460.84,0,0,44,0,0.1,0,15.09,1145.74,43.03,1314.52,806.53,510.7,15.1,0.78,0,0,2.11,0,0.01,0,7.88,-13.53
2025-11-04T11:05:00Z,-45.35,-521.92,0,0,64,0,0.11,0,47.82,1114.72,63.73,1298.68,846.6,406.94,15.18,1.24,0,0,3.07,0,0.01,0,10.88,-11.66
2025-11-04T11:10:00Z,-53.58,-537.82,0,0,75,0,0.11,0,28.03,1166.34,73.02,1282.83,743.09,417.21,15.27,1.44,0,0,3.6,0,0.01,0,12.75,-18.07
2025-11-04T11:15:00Z,-49.97,-434.48,0,0,81,0,0.11,0,23.96,1130.4,28.88,1266.99,836.27,444.92,15.35,1.34,0,0,3.89,0,0.01,0,14.98,-17.53
2025-11-04T11:20:00Z,-49.53,-417.07,0,0,91,0,0.11,0,81.84,1119.91,21.47,1251.14,891.48,454.61,15.43,1.39,0,0,4.37,0,0.01,0,17.07,-17.04
2025-11-04T11:25:00Z,-53.64,-305.74,0,0,80,0,0.1,0,18.46,1096.97,20.43,1235.3,871.71,480.06,15.52,0.97,0,0,3.84,0,0.01,0,16.51,-17.03
2025-11-04T11:30:00Z,-54.71,-331.66,0,0,86,0,0.11,0,68.59,1076.63,21.13,1219.45,872.17,486.84,15.6,1.09,0,0,4.13,0,0.01,0,17.49,-11.66
2025-11-04T11:35:00Z,-56.03,-363.23,0,0,81,0,0.11,0,0.26,1143.87,76.12,1196.92,841.11,412.15,15.48,1.09,0,0,3.89,0,0.01,0,16.2,-11.79
2025-11-04T11:40:00Z,-98.36,-388.73,0,0,89,0,0.11,0,2.38,1206.91,69.5,1174.38,824.05,380.7,15.37,1.22,0,0,4.27,0,0.01,0,17.88,-11.66
2025-11-04T11:45:00Z,-124.08,-368.16,0,0,81,0,0.11,0,0,1229.07,76.44,1151.84,829.02,382.48,15.25,1.03,0,0,3.89,0,0.01,0,16.77,-17.32
2025-11-04T11:50:00Z,-100.31,-259.91,0,0,82,0,0.11,0,0.18,1154.53,37.38,1129.3,909.94,466.88,15.13,0.8,0,0,3.93,0,0.01,0,18.43,-17.34
2025-11-04T11:55:00Z,-81,-225.87,0,0,80,0,0.11,0,0,1157.2,19.13,1106.76,887.19,475.4,15.02,0.69,0,0,3.84,0,0.01,0,18.41,-11.7
2025-11-04T12:00:00Z,-93.17,-313.7,0,0,84,0,0.11,0,20.7,1192.75,70.81,1084.22,827.38,438.06,14.9,0.93,0,0,4.03,0,0.01,0,18.25,-17.89
2025-11-04T12:05:00Z,-101.53,-227.15,0,0,85,0,0.1,0,3.55,1156.27,28.5,1100.04,889.3,467.7,14.95,0.73,0,0,4.08,0,0.01,0,19.7,-11.66
2025-11-04T12:10:00Z,-83.63,-401.24,0,0,85,0,0.11,0,5.98,1232.57,102.83,1115.86,836.8,382.31,15,1.15,0,0,4.08,0,0.01,0,17.13,-11.79
2025-11-04T12:15:00Z,-152.22,-348.7,0,0,80,0,0.1,0,0,1209.76,71.92,1131.68,825.51,445.05,15.05,0.98,0,0,3.84,0,0.01,0,17.23,-17.29
2025-11-04T12:20:00Z,-144.59,-309.99,0,0,80,0,0.11,0,0.11,1161.28,26.41,1147.5,894.65,451.02,15.1,0.94,0,0,3.84,0,0.01,0,17.78,-17.8
2025-11-04T12:25:00Z,-136.22,-328.85,0,0,87,0,0.11,0,2.31,1147.44,20.63,1163.33,913.54,502.66,15.15,1.09,0,0,4.17,0,0.01,0,18.95,-16.88
2025-11-04T12:30:00Z,-134.76,-328.5,0,0,81,0,0.11,0,0.16,1156.02,18.5,1179.15,904.68,425.13,15.2,1.02,0,0,3.89,0,0.01,0,17.5,-11.59
2025-11-04T12:35:00Z,-246.91,-386.78,0,0,82,0,0.11,0,0.15,1255.14,93.63,1186.14,812.2,349.45,15.07,1.07,0,0,3.93,0,0.01,0,17.4,-11.66
2025-11-04T12:40:00Z,-230.65,-380.64,0,0,82,0,0.11,0,0.14,1245.71,88.4,1193.13,814.12,312.82,14.93,1.06,0,0,3.93,0,0.01,0,17.31,-11.42
2025-11-04T12:45:00Z,-215.87,-415.92,0,0,90,0,0.11,0,7.06,1265.05,86.76,1200.12,752.69,319.22,14.8,1.24,0,0,4.32,0,0.01,0,18.34,-11.66
2025-11-04T12:50:00Z,-214.66,-373.87,0,0,80,0,0.1,0,0,1226.87,87.25,1207.11,789.94,340.32,14.67,1.03,0,0,3.84,0,0.01,0,16.78,-11.66
2025-11-04T12:55:00Z,-200.75,-382.4,0,0,90,0,0.11,0,11.48,1200.14,83.71,1214.09,827.12,368.1,14.53,1.19,0,0,4.32,0,0.01,0,18.64,-14
2025-11-04T13:00:00Z,-124.92,-364.94,0,0,80,0,0.1,0,0.01,1175.61,61.89,1221.08,866.45,328.69,14.4,1.06,0,0,3.84,0,0.01,0,16.28,-11.74
2025-11-04T13:05:00Z,-130.86,-374.83,0,0,86,0,0.11,0,1.42,1181.4,65.61,1215.53,868.93,273.07,14.61,1.16,0,0,4.13,0,0.01,0,17.45,-11.66
2025-11-04T13:10:00Z,-131.97,-419.28,0,0,84,0,0.11,0,8.66,1227.74,77.54,1209.97,813.4,329.56,14.82,1.21,0,0,4.03,0,0.01,0,16.49,-11.35
2025-11-04T13:15:00Z,-233.54,-430.72,0,0,86,0,0.1,0,3.34,1298.48,86.58,1204.42,759.56,286.14,15.02,1.21,0,0,4.13,0,0.01,0,17.43,-11.18
2025-11-04T13:20:00Z,-253.06,-462.26,0,0,81,0,0.1,0,0,1323.93,82.38,1198.86,726.57,275,15.23,1.21,0,0,3.89,0,0.01,0,16.34,-11.66
2025-11-04T13:25:00Z,-254.29,-457.88,0,0,80,0,0.11,0,0,1256.18,83.43,1193.31,832.9,333.07,15.44,1.24,0,0,3.84,0,0.01,0,16.45,-11.11
2025-11-04T13:30:00Z,-287.7,-538.18,0,0,79,0,0.11,0,1.16,1286,104.27,1187.75,746.45,332.56,15.65,1.39,0,0,3.79,0,0.01,0,15.77,-11.66
2025-11-04T13:35:00Z,-286.52,-501.01,0,0,78,0,0.11,0,0,1257.73,79.59,1207.84,803.19,323.09,15.74,1.33,0,0,3.74,0,0.01,0,15.83,-11.66
2025-11-04T13:40:00Z,-168.44,-548.67,0,0,80,0,0.11,0,3.76,1219.27,60.76,1227.94,815.75,356.24,15.83,1.55,0,0,3.84,0,0.01,0,14.71,-11.12
2025-11-04T13:45:00Z,-156.99,-628.08,0,0,85,0,0.1,0,13.65,1269.46,85.91,1248.03,786.33,382.87,15.92,1.76,0,0,4.08,0,0.01,0,14.53,-11.11
2025-11-04T13:50:00Z,-234.09,-547.49,0,0,80,0,0.11,0,0,1266.51,113.15,1268.13,771.32,267.86,16.02,1.44,0,0,3.84,0,0.01,0,14.82,-11.07
2025-11-04T13:55:00Z,-222.23,-677.21,0,0,81,0,0.11,0,5.5,1336.27,122.28,1288.22,701.6,308.48,16.11,1.71,0,0,3.89,0,0.01,0,13.57,-10.93
2025-11-04T14:00:00Z,-261.68,-745.03,0,0,79,0,0.11,0,1.7,1348.91,162.73,1308.31,675.61,288.19,16.2,1.78,0,0,3.79,0,0.01,0,12.8,-11.11
2025-11-04T14:05:00Z,-238.6,-729.88,0,0,81,0,0.11,0,8.1,1284.85,150.56,1298.99,772.48,356.25,16.12,1.86,0,0,3.89,0,0.01,0,13.13,-11.11
2025-11-04T14:10:00Z,-274.58,-663.07,0,0,80,0,0.11,0,0,1281.31,116.1,1289.67,746.28,326,16.03,1.73,0,0,3.84,0,0.01,0,13.9,-11.11
2025-11-04T14:15:00Z,-325.25,-595.1,0,0,80,0,0.11,0,0,1268.48,97.45,1280.34,762.26,382.13,15.95,1.58,0,0,3.84,0,0.01,0,15.04,-11.11
2025-11-04T14:20:00Z,-308.51,-598.27,0,0,80,0,0.11,0,0,1285.88,108.13,1271.02,774.66,257.26,15.87,1.56,0,0,3.84,0,0.01,0,14.91,-11.19
2025-11-04T14:25:00Z,-289.82,-579.3,0,0,81,0,0.11,0,0,1294.28,92.38,1261.7,728.6,331.05,15.78,1.54,0,0,3.89,0,0.01,0,15.2,-11.1
2025-11-04T14:30:00Z,-261.43,-643.67,0,0,86,0,0.1,0,1.08,1338.71,122.99,1252.37,692.28,307.06,15.7,1.72,0,0,4.13,0,0.01,0,15.29,-10.74
2025-11-04T14:35:00Z,-310.69,-612.8,0,0,80,0,0.11,0,1.04,1312.34,153.7,1222.74,661.02,276.86,15.58,1.52,0,0,3.84,0,0.01,0,15.09,-11.21
2025-11-04T14:40:00Z,-294.73,-581.28,0,0,79,0,0.1,0,0,1350.24,103.46,1193.11,667.16,324.1,15.47,1.44,0,0,3.79,0,0.01,0,15.29,-10.8
2025-11-04T14:45:00Z,-285.53,-610.41,0,0,80,0,0.1,0,0,1364.37,144.85,1163.47,622.86,305.73,15.35,1.48,0,0,3.84,0,0.01,0,15.31,-11.11
2025-11-04T14:50:00Z,-262.35,-603,0,-0.1,80,0,0.11,0,0,1369.83,136.06,1133.84,675.83,275.95,15.23,1.46,0,0,3.84,0,0.01,0,15.42,-10.8
2025-11-04T14:55:00Z,-315.76,-523.9,0,0,80,0,0.11,0,0,1363.86,152.32,1104.21,632.59,356.73,15.12,1.26,0,0,3.84,0,0.01,0,16.66,-13.56
2025-11-04T15:00:00Z,-261.12,-347.67,0,0,84,0,0.11,0,0,1204.18,73.33,1074.58,864.31,423.07,15,1.03,0,0,4.03,0,0.01,0,19.74,-10
2025-11-04T15:05:00Z,-285.06,-534.47,0,0,80,0,0.1,0,0,1396.61,117.49,1054.42,517.87,308.28,15.15,1.29,0,0,3.84,0,0.01,0,16.77,-11.66
2025-11-04T15:10:00Z,-341.64,-307.22,0,0,84,0,0.11,0,0.01,1304.44,74.91,1034.27,708.87,361.19,15.3,0.85,0,0,4.03,0,0.01,0,20.7,-11.46
2025-11-04T15:15:00Z,-291.47,-439.69,0,0,80,0,0.11,0,0,1367.2,84.46,1014.12,651.55,350.54,15.45,1.1,0,0,3.84,0,0.01,0,18.13,-10.81
2025-11-04T15:20:00Z,-248.9,-554.35,0,0,80,0,0.11,0,0,1377.95,159.35,993.97,702.64,334.1,15.6,1.32,0,0,3.84,0,0.01,0,16.77,-10.8
2025-11-04T15:25:00Z,-279.3,-508.48,0,0,80,0,0.11,0,0,1389.03,152.83,973.81,683.7,332.89,15.75,1.21,0,0,3.84,0,0.01,0,17.52,-10.8
2025-11-04T15:30:00Z,-127.58,-637.9,0,0,82,0,0.1,0,0.61,1396.1,132.4,953.66,660.12,317.39,15.9,1.56,0,0,3.93,0,0.01,0,15.88,-10.8
2025-11-04T15:35:00Z,-105.61,-645.68,0,0,82,0,0.11,0,3.14,1396.53,158.41,936.06,644.31,229.2,15.93,1.55,0,0,3.93,0,0.01,0,15.71,-10.8
2025-11-04T15:40:00Z,-110.79,-629.75,0,0,80,0,0.11,0,0.47,1426.17,126.22,918.47,629.53,268.78,15.97,1.48,0,0,3.84,0,0.01,0,15.66,-10.8
2025-11-04T15:45:00Z,-111.28,-650.87,0,0,80,0,0.11,0,0,1442.27,122.53,900.87,594.63,244.44,16,1.52,0,0,3.84,0,0.01,0,15.63,-11.66
2025-11-04T15:50:00Z,-124.57,-482.85,0,0,80,0,0.11,0,0,1299.5,76.06,883.27,769.47,346.6,16.03,1.28,0,0,3.84,0,0.01,0,17.81,-11.11
2025-11-04T15:55:00Z,-89.79,-570.57,0,0,80,0,0.11,0,0.81,1355.31,96.95,865.67,686.47,295.05,16.07,1.43,0,0,3.84,0,0.01,0,16.67,-10.8
2025-11-04T16:00:00Z,-70.76,-635.72,0,0,82,0,0.1,0,1.48,1354.24,141.09,848.07,630.53,304.66,16.1,1.59,0,0,3.93,0,0.01,0,16.42,-10
2025-11-04T16:05:00Z,-77.32,-707.85,0,0,83,0,0.1,0,2.46,1412.2,143.34,832.19,627.8,239.1,15.93,1.72,0,0,3.98,0,0.01,0,16.13,-10.8
2025-11-04T16:10:00Z,-66.58,-672.14,0,0,87,0,0.1,0,3.86,1393.18,157.4,816.3,647.47,241.61,15.77,1.71,0,0,4.17,0,0.01,0,17.24,-10.8
2025-11-04T16:15:00Z,-79.77,-607.75,0,0,79,0,0.11,0,1.27,1417.58,124.37,800.42,600,284.91,15.6,1.42,0,0,3.79,0,0.01,0,16.42,-10.12
2025-11-04T16:20:00Z,-68.02,-656.92,0,0,82,0,0.1,0,1.38,1457.38,166.4,784.54,602.22,268.32,15.43,1.52,0,0,3.93,0,0.01,0,16.47,-10
2025-11-04T16:25:00Z,-81.6,-619.15,0,0,84,0,0.1,0,2.53,1473.03,175.08,768.65,555.8,279.67,15.27,1.44,0,0,4.03,0,0.01,0,17.28,-10
2025-11-04T16:30:00Z,-53.05,-602.09,0,-0.1,88,0,0.11,0,15.3,1527.66,111.72,752.77,506.3,279.28,15.1,1.46,0,0,4.22,0,0.01,0,18.05,-10
2025-11-04T16:35:00Z,-104.08,-537.91,0,0,91,0,0.11,0,18.4,1574.93,90.79,716.03,459.88,260.44,15.08,1.33,0,0,4.37,0,0.01,0,19.78,-10
2025-11-04T16:40:00Z,-208.25,-453.26,0,0,89,0,0.11,0,23.47,1639.35,88.6,679.29,394.29,274.26,15.07,1.05,0,0,4.27,0,0.01,0,20.82,-8
2025-11-04T16:45:00Z,-238.06,-580.47,0,0,86,0,0.11,0,0.48,1775.44,155,642.55,345.62,241.62,15.05,1.19,0,0,4.13,0,0.01,0,19.19,-7.79
2025-11-04T16:50:00Z,-214.12,-627.96,0,0,91,0,0.1,0,30.18,1793.67,149.89,605.82,290.71,250.94,15.03,1.33,0,0,4.37,0,0.01,0,19.97,-7.63
2025-11-04T16:55:00Z,-62.69,-718.8,0,0,88,0,0.11,0,0.97,1781.17,171.85,569.08,283.72,245.46,15.02,1.49,0,0,4.22,0,0.01,0,17.98,-7.58
2025-11-04T17:00:00Z,-69.59,-618.81,0,0,80,0,0.1,0,0.65,1792.61,82.25,532.34,292.88,277.12,15,1.22,0,0,3.84,0,0.01,0,17.53,-5.59
2025-11-04T17:05:00Z,-62.47,-611.58,0,0,80,0,0.11,0,4.11,1802.35,83.43,506.64,269.49,235.09,14.85,1.19,0,0,3.84,0,0.01,0,17.65,-8.83
2025-11-04T17:10:00Z,-187.33,-363.85,0,0,44,0,0.11,0,5.87,1708,79.52,480.94,362.64,221.4,14.7,0.42,0,0,2.11,0,0.01,0,11.54,-10
2025-11-04T17:15:00Z,-183.01,-272.77,0,0,40,0,0.1,0,0.21,1664.65,97.35,455.24,448.49,208.89,14.55,0.29,0,0,1.92,0,0.01,0,10.88,-10
2025-11-04T17:20:00Z,-57.39,-259.49,0,0,44,0,0.11,0,7.28,1536.71,97.64,429.54,591.09,206.67,14.4,0.33,0,0,2.11,0,0.01,0,11.96,-10.8
2025-11-04T17:25:00Z,-66.88,-162.88,0,0,46,0,0.11,0,11.99,1448.69,120.03,403.84,602.89,204.41,14.25,0.22,0,0,2.21,0,0.01,0,13.28,-10.8
2025-11-04T17:30:00Z,-172.58,0,15.1,0,43,0,0.11,0,4.82,1409.67,112.42,378.14,682.11,195.31,14.1,0,0.72,0,2.06,0,0.01,0,19.02,-10.8
2025-11-04T17:35:00Z,-160.33,0,47.33,0,44,0,0.11,0,3.79,1402.88,99.48,359.51,652.03,186.65,14.25,0,2.27,0,2.11,0,0.01,0,30.96,-11.79
2025-11-04T17:40:00Z,-168.46,0,166.66,0,45,0,0.1,0,9.05,1262.75,144.2,340.88,638.13,133.68,14.4,0,8.06,0,2.16,0,0.01,0,83.67,-11.66
2025-11-04T17:45:00Z,-162.45,-103.38,0,0,44,0,0.1,0,7.21,1528,141.1,322.24,462.3,119.56,14.55,0.13,0,0,2.11,0,0.01,0,13.44,-11.8
2025-11-04T17:50:00Z,-163.08,0,13.45,0,41,0,0.1,0,3.21,1467.01,119.69,303.61,581.98,120.05,14.7,0,0.64,0,1.97,0,0.01,0,17.84,-11.79
2025-11-04T17:55:00Z,-172.34,0,32.46,0,41,0,0.11,0,0.5,1474.02,115.38,284.98,549.04,110.94,14.85,0,1.5,0,1.97,0,0.01,0,24.36,-10.8
2025-11-04T18:00:00Z,-157.06,-90.34,0,0,40,0,0.1,0,3.67,1594.4,140.18,266.35,365.08,62.01,15,0.1,0,0,1.92,0,0.01,0,12.2,-11.66
2025-11-04T18:05:00Z,-145.32,-2.67,0,0,40,0,0.11,0,0,1527.81,116.74,245.51,453.53,77.78,14.93,0,0,0,1.92,0,0.01,0,12.95,-11.78
2025-11-04T18:10:00Z,-134.81,0,18.57,0,40,0,0.11,0,2.82,1491.19,139.34,224.67,444.89,63.66,14.87,0,0.87,0,1.92,0,0.01,0,19.22,-11.66
2025-11-04T18:15:00Z,-143.07,0,36.19,0,40,0,0.11,0,0.4,1517.08,127.95,203.84,390.81,34.31,14.8,0,1.67,0,1.92,0,0.01,0,25.26,-11.78
2025-11-04T18:20:00Z,-26.84,-9.94,0,0,40,0,0.11,0,6.5,1472.04,112.22,183,446.58,13.85,14.73,0.01,0,0,1.92,0,0.01,0,12.93,-10.8
2025-11-04T18:25:00Z,-27.69,-53.94,0,0,40,0,0.1,0,8.25,1562.74,99.21,162.16,348.1,3.06,14.67,0.06,0,0,1.92,0,0.01,0,12.5,-10
2025-11-04T18:30:00Z,-18.83,-94.92,0,0,42,0,0.11,0,17.13,1625.17,81.06,141.32,310.9,3.83,14.6,0.11,0,0,2.02,0,0.01,0,12.81,-10
2025-11-04T18:35:00Z,-22.92,-68.55,0,0,40,0,0.11,0,14.57,1638.86,69.02,123.52,253.54,3.69,14.57,0.07,0,0,1.92,0,0.01,0,12.38,-10
2025-11-04T18:40:00Z,-20.88,-118.09,0,0,40,0,0.11,0,17.11,1708.14,54.28,105.71,167.64,2.84,14.53,0.13,0,0,1.92,0,0.01,0,12.1,-8.5
2025-11-04T18:45:00Z,-22.58,-142.94,0,0,40,0,0.11,0,15.08,1769.51,40.26,87.91,105.92,1.78,14.5,0.15,0,0,1.92,0,0.01,0,11.94,-8.5
2025-11-04T18:50:00Z,-9.76,-150.02,0,0,40,0,0.11,0,13.13,1779.66,30.51,70.1,94.21,0.72,14.47,0.16,0,0,1.92,0,0.01,0,11.98,-8.5
2025-11-04T18:55:00Z,-15.75,-101.45,0,0,40,0,0.1,0,5.87,1765.93,20.2,52.29,95.23,1.39,14.43,0.11,0,0,1.92,0,0.01,0,12.35,-10
2025-11-04T19:00:00Z,-4.24,-92.3,0,0,41,0,0.11,0,16.79,1743.09,12.9,34.49,139.19,0.29,14.4,0.1,0,0,1.97,0,0.01,0,12.83,-8
2025-11-04T19:05:00Z,-13.2,-104.48,0,0,40,0,0.11,0,2,1800.62,7.45,29.05,64.97,0,14.38,0.11,0,0,1.92,0,0.01,0,12.38,-8.5
2025-11-04T19:10:00Z,-2.48,-47.26,0,0,40,0,0.11,0,10.96,1756.34,4.55,23.61,99.24,0,14.37,0.05,0,0,1.92,0,0.01,0,12.61,-8
2025-11-04T19:15:00Z,-9.71,-37.22,0,0,40,0,0.11,0,8.93,1740.54,2.09,18.17,58.79,0,14.35,0.04,0,0,1.92,0,0.01,0,12.84,-7.98
2025-11-04T19:20:00Z,-4.31,-16.37,0,0,40,0,0.1,0,7.24,1730.08,1.11,12.73,42.6,0,14.33,0.02,0,0,1.92,0,0.01,0,12.93,-6.65
2025-11-04T19:25:00Z,-6.35,-34.64,0,0,40,0,0.11,0,3.36,1746.49,0.28,7.29,6.05,0,14.32,0.04,0,0,1.92,0,0.01,0,12.9,-6.67
2025-11-04T19:30:00Z,-7.6,0,25.35,0,40,0,0.11,0,4.44,1710.07,0.04,1.85,0.27,0,14.3,0,1.23,0,1.92,0,0.01,0,21.94,-5.46
2025-11-04T19:35:00Z,-100.37,0,129.26,0,40,0,0.11,0,6.49,1667.73,0.04,1.54,0.22,0,14.23,0,6.17,0,1.92,0,0.01,0,65.35,-5.75
2025-11-04T19:40:00Z,-92.59,0,159.97,0,40,0,0.11,0,17.41,1614.99,0.01,1.23,0,0,14.17,0,7.76,0,1.92,0,0.01,0,81.76,-6.15
2025-11-04T19:45:00Z,-90,0,174.14,0,40,0,0.1,0,22.69,1581.85,0.01,0.92,0,0,14.1,0,8,0,1.92,0,0.01,0,86.22,-5.9
2025-11-04T19:50:00Z,-94.16,0,228.09,0,41,0,0.11,0,24.9,1532.86,0.01,0.62,0,0,14.03,0,10.42,0,1.97,0,0.01,0,116.48,0.15
2025-11-04T19:55:00Z,-3.12,0,170.86,0,41,0,0.11,0,23.91,1499.69,0.01,0.31,0,0,13.97,0,8.02,0,1.97,0,0.01,0,86.18,0.52
2025-11-04T20:00:00Z,-3.85,0,178.91,0,40,0,0.1,0,19.14,1476.51,0.01,0,0,0,13.9,0,8.14,0,1.92,0,0.01,0,89.24,0.25
2025-11-04T20:05:00Z,-1.98,0,206.82,0,40,0,0.11,0,12.63,1462.57,0.01,0,0,0,13.88,0,9.47,0,1.92,0,0.01,0,104.68,1.68
2025-11-04T20:10:00Z,-7.09,0,217.49,0,40,0,0.1,0,37.65,1417.11,0.01,0,0,0,13.87,0,10.07,0,1.92,0,0.01,0,113.31,1.96
2025-11-04T20:15:00Z,-2,0,221.29,0,40,0,0.11,0,49.2,1396.28,0,0,1.62,0,13.85,0,10.31,0,1.92,0,0.01,0,116.3,2.01
2025-11-04T20:20:00Z,-3.14,0,236.19,0,40,0,0.11,0,36.05,1375.18,0,0,0,0,13.83,0,11.09,0,1.92,0,0.01,0,128.92,1.82
2025-11-04T20:25:00Z,-0.68,0,238.14,0,41,0,0.11,0,44.38,1358.18,0,0,0,0,13.82,0,11.29,0,1.97,0,0.01,0,132.1,5.54
2025-11-04T20:30:00Z,-2.45,0,269.16,0,40,0,0.11,0,51.67,1326.42,0,0,0,0,13.8,0,12.45,0,1.92,0,0.01,0,150.49,5.24
2025-11-04T20:35:00Z,-2.78,0,272.15,0,40,0,0.11,0,50.26,1319.15,0,0,0,0,13.9,0,12.61,0,1.92,0,0.01,0,153.73,7.62
2025-11-04T20:40:00Z,-1.03,0,297.44,0,40,0,0.1,0,53.04,1296.15,0,0,0,0,14,0,13.61,0,1.92,0,0.01,0,170.86,12.52
2025-11-04T20:45:00Z,-11.02,0,333.17,0,40,0,0.11,0,8.7,1284.59,0,0,0,0,14.1,0,14.8,0,1.92,0,0.01,0,202.89,4.42
2025-11-04T20:50:00Z,-1.15,0,281.07,0,40,0,0.11,0,20.72,1317.36,0,0,0,0,14.2,0,12.79,0,1.92,0,0.01,0,161.14,0.52
2025-11-04T20:55:00Z,-1.88,0,295.6,-0.1,40,0,0.11,0,18.95,1310.41,0,0,0,0,14.3,0,13.49,0,1.92,0,0.01,0,172.64,0
2025-11-04T21:00:00Z,-16.23,0,321.75,0,40,0,0.11,0,7.1,1307.28,0,0,0,0,14.4,0,14.65,0,1.92,0,0.01,0,195.63,-3.92
2025-11-04T21:05:00Z,-5.27,0,304.94,0,40,0,0.11,0,11.44,1292.02,0,0,0,0,14.38,0,14,0,1.92,0,0.01,0,184.92,-3.89
2025-11-04T21:10:00Z,-10.46,0,309.37,0,40,0,0.11,0,16.32,1276.21,0,0,0,0,14.37,0,14.11,0,1.92,0,0.01,0,190.01,-3.91
2025-11-04T21:15:00Z,-10.18,0,325.52,0,41,0,0.11,0,31.14,1250.44,0,0,0,0,14.35,0,14.78,0,1.97,0,0.01,0,203.71,12.97
2025-11-04T21:20:00Z,-13.43,0,332.69,0,40,0,0.1,0,14.8,1224.91,0,0,0,0,14.33,0,15.05,0,1.92,0,0.01,0,218.16,14.65
2025-11-04T21:25:00Z,-12.76,0,322.94,0,40,0,0.1,0,11.32,1223.22,0,0,0,0,14.32,0,14.51,0,1.92,0,0.01,0,210.05,12.54
2025-11-04T21:30:00Z,-7.7,0,283.12,0,40,0,0.11,0,28.28,1219.33,0,0,0,0,14.3,0,12.77,0,1.92,0,0.01,0,176.87,0
2025-11-04T21:35:00Z,-17.35,0,310.34,0,41,0,0.11,0,7.3,1223.74,0,0,0,0,14.3,0,13.98,0,1.97,0,0.01,0,202.68,11.66
2025-11-04T21:40:00Z,-85.58,0,336.13,0,40,0,0.1,0,13.58,1260.69,0,0,0,0,14.3,0,14.79,0,1.92,0,0.01,0,224.7,-3.85
2025-11-04T21:45:00Z,-16.56,0,285.11,0,40,0,0.11,0,7.92,1226.42,0,0,0,0,14.3,0,12.35,0,1.92,0,0.01,0,176.09,-7.1
2025-11-04T21:50:00Z,-4.62,0,210.52,0,40,0,0.11,0,16.69,1255.7,0,0,0,0,14.3,0,9.11,0,1.92,0,0.01,0,120.65,-7
2025-11-04T21:55:00Z,-4.46,0,214.26,0,40,0,0.11,0,0.08,1272.72,0,0,0,0,14.3,0,9.17,0,1.92,0,0.01,0,121.73,-7.01
2025-11-04T22:00:00Z,-1.09,0,159.18,0,40,0,0.11,0,9.19,1293.05,0,0,0,0,14.3,0,6.84,0,1.92,0,0.01,0,88.96,-6.95
2025-11-04T22:05:00Z,-21.43,0,180.87,0,40,0,0.11,0,0.03,1285.21,0,0,0,0,14.27,0,7.57,0,1.92,0,0.01,0,101.46,-6.92
2025-11-04T22:10:00Z,-0.32,0,119.49,0,41,0,0.11,0,8.15,1316.14,0,0,0,0,14.23,0,5.09,0,1.97,0,0.01,0,68.03,-6.95
2025-11-04T22:15:00Z,-0.54,0,97.87,0,40,0,0.11,0,2.85,1323.52,0,0,0,0,14.2,0,4.09,0,1.92,0,0.01,0,56.92,-6.84
2025-11-04T22:20:00Z,-0.87,0,105.15,-0.1,42,0,0.1,0,4.13,1320.72,0,0,0,0,14.17,0,4.46,0,2.02,0,0.01,0,61.7,-6.85
2025-11-04T22:25:00Z,-0.1,0,86.86,0,42,0,0.11,0,5.7,1317.94,0,0,0,0,14.13,0,3.76,0,2.02,0,0.01,0,54.3,-6.85
2025-11-04T22:30:00Z,-13.87,0,99.85,-0.1,42,0,0.11,0,14.38,1313.43,0,0,0,0,14.1,0,4.37,0,2.02,0,0.01,0,61.09,-6.94
2025-11-04T22:35:00Z,-31.03,0,134.93,0,40,0,0.11,0,0.35,1284.92,0,0,0,0,14.03,0,5.58,0,1.92,0,0.01,0,77.67,-6.84
2025-11-04T22:40:00Z,-22.32,0,170.28,-0.1,40,0,0.11,0,2.58,1238.51,0,0,0,0,13.97,0,7.24,0,1.92,0,0.01,0,101.03,-6.94
2025-11-04T22:45:00Z,-17.81,0,153.8,-0.1,41,0,0.1,0,0.46,1228.8,0,0,0,0,13.9,0,6.6,0,1.97,0,0.01,0,93.69,-6.99
2025-11-04T22:50:00Z,-33.52,0,208.55,0,42,0,0.11,0,4.45,1189.83,0,0,0,0,13.83,0,8.95,0,2.02,0,0.01,0,132.44,-7.05
2025-11-04T22:55:00Z,-56.93,0,291.39,0,40,0,0.11,0,0.1,1134.13,0,0,0,0,13.77,0,11.76,0,1.92,0,0.01,0,198.83,-7.08
2025-11-04T23:00:00Z,-8.54,0,307.66,0,41,0,0.11,0,1.76,1073.35,0,0,0,0,13.7,0,12.85,0,1.97,0,0.01,0,222.32,-7.21
2025-11-04T23:05:00Z,-6.89,0,272.95,0,40,0,0.11,0,0.32,1079.85,0,0,0,0,13.7,0,11.32,0,1.92,0,0.01,0,189.2,-7.16
2025-11-04T23:10:00Z,-10.44,0,289.24,0,42,0,0.11,0,6.66,1073.08,0,0,0,0,13.7,0,11.98,0,2.02,0,0.01,0,204.31,0.52
2025-11-04T23:15:00Z,-5.73,0,250.03,0,40,0,0.11,0,3.64,1085.39,0,0,0,0,13.7,0,10.04,0,1.92,0,0.01,0,164.37,-7.11
2025-11-04T23:20:00Z,-12.59,0,292.88,0,40,0,0.11,0,0.04,1071.64,0,0,0,0,13.7,0,11.76,0,1.92,0,0.01,0,203.62,-3.9
2025-11-04T23:25:00Z,-21.76,0,339.78,0,40,0,0.1,0,0,1024.48,0,0,0,0,13.7,0,13.48,0,1.92,0,0.01,0,262.9,-7.17
2025-11-04T23:30:00Z,-14.06,0,336.61,0,40,0,0.11,0,0,1004.35,0,0,0,0,13.7,0,13.54,0,1.92,0,0.01,0,267.56,6.73
2025-11-04T23:35:00Z,-5.61,0,316.39,0,43,0,0.11,0,18.09,997.22,0,0,0,0,13.7,0,12.94,0,2.06,0,0.01,0,244.59,5.98
2025-11-04T23:40:00Z,-0.91,0,364.1,0,40,0,0.11,0,15.3,985.13,0,0,0,0,13.7,0,14.67,0,1.92,0,0.01,0,294.73,7.67
2025-11-04T23:45:00Z,-0.47,0,400.05,0,41,0,0.11,0,9.86,980.51,0,0,0,0,13.7,0,15.96,0,1.97,0,0.01,0,341.06,4.03
2025-11-04T23:50:00Z,-0.57,0,403.86,0,40,0,0.11,0,20.1,969.67,0,0,0,0,13.7,0,16.22,0,1.92,0,0.01,0,348.15,4.08
2025-11-04T23:55:00Z,-1.32,0,370.12,0,40,0,0.1,0,15.31,998.45,0,0,0,0,13.7,0,14.91,0,1.92,0,0.01,0,296.09,6.25
2025-11-05T00:00:00Z,-4.38,0,329.42,0,40,0,0.1,0,19.61,1030.62,0,0,0,0,13.7,0,13.63,0,1.92,0,0.01,0,246.8,4.88
2025-11-05T00:05:00Z,-0.26,0,320.57,0,41,0,0.11,0,42.59,1007.36,0,0,0,0,13.7,0,13.31,0,1.97,0,0.01,0,238.11,5.47
2025-11-05T00:10:00Z,-30.67,0,362.09,0,40,0,0.11,0,26,1018,0,0,0,0,13.7,0,14.96,0,1.92,0,0.01,0,293.09,6.25
2025-11-05T00:15:00Z,-26.4,0,332.25,0,40,0,0.11,0,34.27,1040.72,0,0,0,0,13.7,0,13.74,0,1.92,0,0.01,0,248.57,8.53
2025-11-05T00:20:00Z,-23.08,0,341.26,0,41,0,0.11,0,34.24,1052.28,0,0,0,0,13.7,0,14.3,0,1.97,0,0.01,0,255.84,9.14
2025-11-05T00:25:00Z,-36.08,0,333.92,0,40,0,0.11,0,30.9,1079.61,0,0,0,0,13.7,0,13.97,0,1.92,0,0.01,0,244.42,8.48
2025-11-05T00:30:00Z,-25.58,0,310.71,0,40,0,0.1,0,15.96,1102.49,0,0,0,0,13.7,0,13.04,0,1.92,0,0.01,0,218.34,7.44
2025-11-05T00:35:00Z,-26.73,0,318.88,0,41,0,0.1,0,17.78,1109.17,0,0,0,0,13.7,0,13.37,0,1.97,0,0.01,0,223.86,0.52
2025-11-05T00:40:00Z,-21.91,0,317.43,0,41,0,0.11,0,21.06,1107.82,0,0,0.01,0,13.7,0,13.48,0,1.97,0,0.01,0,223.2,0.52
2025-11-05T00:45:00Z,-28.4,0,311.06,0,40,0,0.11,0,16.12,1137.54,0,0,0,0,13.7,0,13.09,0,1.92,0,0.01,0,210.9,0
2025-11-05T00:50:00Z,-24.06,0,270.44,0,41,0,0.1,0,5.1,1169.8,0,0,0,0,13.7,0,11.64,0,1.97,0,0.01,0,177.29,-7.17
2025-11-05T00:55:00Z,-22.66,0,243.36,0,41,0,0.11,0,5.41,1205.92,0,0,0,0,13.7,0,10.48,0,1.97,0,0.01,0,151.46,-7.08
2025-11-05T01:00:00Z,-29.26,0,196.89,0,40,0,0.11,0,1.11,1260.71,0,0,0,0,13.7,0,8.42,0,1.92,0,0.01,0,115.41,-7.02
2025-11-05T01:05:00Z,-23.25,0,195.27,0,41,0,0.11,0,2.38,1253.04,0,0,0,0,13.72,0,8.51,0,1.97,0,0.01,0,116.69,-7.05
2025-11-05T01:10:00Z,-24.45,0,209.39,0,43,0,0.11,0,5.88,1238.26,0,0,0,0,13.73,0,9.09,0,2.06,0,0.01,0,127.17,-7.09
2025-11-05T01:15:00Z,-24.02,0,166.26,0,43,0,0.11,0,15.61,1251.45,0,0,0,0,13.75,0,7.52,0,2.06,0,0.01,0,102.8,-7.12
2025-11-05T01:20:00Z,-24.32,0,218.35,0,43,0,0.1,0,12.15,1209.39,0,0,0,0,13.77,0,9.64,0,2.06,0,0.01,0,137.55,0
2025-11-05T01:25:00Z,-79.54,0,261.37,0,41,0,0.11,0,4.09,1216.23,0,0,0,0,13.78,0,11.52,0,1.97,0,0.01,0,175.97,-7.11
2025-11-05T01:30:00Z,-56.4,0,217.72,0,40,0,0.11,0,0.95,1244.47,0,0,0,0,13.8,0,9.55,0,1.92,0,0.01,0,136.15,-7.02
2025-11-05T01:35:00Z,-42.21,0,212.26,0,40,0,0.1,0,0.02,1229.96,0,0,0,0,13.78,0,9.26,0,1.92,0,0.01,0,132.13,-7.05
2025-11-05T01:40:00Z,-26.2,0,194.14,0,41,0,0.11,0,1.41,1228.56,0,0,0,0,13.77,0,8.68,0,1.97,0,0.01,0,121.71,-7.11
2025-11-05T01:45:00Z,-42.55,0,205.61,0,40,0,0.11,0,0,1222.76,0,0,0,0,13.75,0,9.02,0,1.92,0,0.01,0,129.47,-7.05
2025-11-05T01:50:00Z,-25.71,0,204.62,0,40,0,0.1,0,2.04,1200.3,0,0,0,0,13.73,0,9.24,0,1.92,0,0.01,0,132.38,-7.05
2025-11-05T01:55:00Z,-8.07,0,201.32,0,40,0,0.1,0,0.36,1192.36,0,0,0,0,13.72,0,9.03,0,1.92,0,0.01,0,128.41,-7.09
2025-11-05T02:00:00Z,-4.57,0,200.53,0,41,0,0.11,0,5.7,1176.4,0,0,0,0,13.7,0,9.17,0,1.97,0,0.01,0,131.35,-7.08
2025-11-05T02:05:00Z,-4.29,0,214.54,0,41,0,0.11,0,3.15,1163.4,0,0,0,0,13.72,0,9.72,0,1.97,0,0.01,0,141.92,-7.11
2025-11-05T02:10:00Z,-1.06,0,215.56,0,42,0,0.11,0,14.06,1136.64,0,0,0,0,13.73,0,9.85,0,2.02,0,0.01,0,145.97,-7.14
2025-11-05T02:15:00Z,-9.75,0,224.68,0,40,0,0.11,0,0.3,1142.4,0,0,0,0,13.75,0,10.06,0,1.92,0,0.01,0,151.63,-7.17
2025-11-05T02:20:00Z,-1.45,0,189.34,0,42,0,0.11,0,11.29,1147.31,0,0,0,0,13.77,0,8.57,0,2.02,0,0.01,0,125.85,-7.1
2025-11-05T02:25:00Z,-6.67,0,226.47,0,41,0,0.11,0,0.16,1118.98,0,0,0,0,13.78,0,10.28,0,1.97,0,0.01,0,158.63,-7.16
2025-11-05T02:30:00Z,-30,0,236.05,0,41,0,0.11,0,1.25,1118.21,0,0,0,0,13.8,0,10.66,0,1.97,0,0.01,0,169.48,-7.12
2025-11-05T02:35:00Z,-37.81,0,197.5,0,40,0,0.11,0,0.02,1164.9,0,0,0,0,13.78,0,8.98,0,1.92,0,0.01,0,135,-7.07
2025-11-05T02:40:00Z,-36.67,0,182.31,0,40,0,0.11,0,2.62,1181.34,0,0,0,0,13.77,0,8.43,0,1.92,0,0.01,0,123.59,-7.04
2025-11-05T02:45:00Z,-24.44,0,174.79,0,41,0,0.1,0,10.92,1166.32,0,0,0,0,13.75,0,8.2,0,1.97,0,0.01,0,119.79,-7.22
2025-11-05T02:50:00Z,-126.65,0,315.57,0,40,0,0.1,0,0.09,1137.35,0,0,0,0,13.73,0,14.14,0,1.92,0,0.01,0,262.19,-7.06
2025-11-05T02:55:00Z,-30.77,0,248.36,0,40,0,0.1,0,0.13,1087.36,0,0,0,0,13.72,0,11.44,0,1.92,0,0.01,0,189.08,-7.15
2025-11-05T03:00:00Z,-8.19,0,204.07,0,42,0,0.11,0,4.11,1099.45,0,0,0,0,13.7,0,9.51,0,2.02,0,0.01,0,148.21,-7.12
2025-11-05T03:05:00Z,-41.54,0,249.09,0,40,0,0.11,0,0,1089.53,0,0,0,0,13.68,0,10.77,0,1.92,0,0.01,0,181.54,-7.12
2025-11-05T03:10:00Z,-4.75,0,204.7,0,43,0,0.11,0,14.74,1075.92,0,0,0,0,13.67,0,9.5,0,2.06,0,0.01,0,150.25,-7.18
2025-11-05T03:15:00Z,-9.16,0,252.44,0,41,0,0.11,0,0.24,1056.52,0,0,0,0,13.65,0,11.58,0,1.97,0,0.01,0,194.48,-7.21
2025-11-05T03:20:00Z,-15.79,0,288.23,0,40,0,0.11,0,1.86,1022.49,0,0,0,0,13.63,0,13.07,0,1.92,0,0.01,0,236.67,0
2025-11-05T03:25:00Z,-7.19,0,258.83,0,40,0,0.11,0,0.52,1019.53,0,0,0,0,13.62,0,11.87,0,1.92,0,0.01,0,208.54,-7.17
2025-11-05T03:30:00Z,-0.25,0,247.65,0,42,0,0.11,0,8.52,1002.97,0,0,0,0,13.6,0,11.48,0,2.02,0,0.01,0,201.06,-7.19
2025-11-05T03:35:00Z,-5.94,0,280.36,0,40,0,0.1,0,0.01,989.42,0,0,0,0,13.62,0,12.74,0,1.92,0,0.01,0,236.87,-7.23
2025-11-05T03:40:00Z,-0.68,0,246.74,0,41,0,0.11,0,13.88,997.79,0,0,0,0,13.63,0,11.46,0,1.97,0,0.01,0,200.1,-7.16
2025-11-05T03:45:00Z,-0.1,0,272.8,0,42,0,0.11,0,16.4,960.93,0,0,0,0,13.65,0,12.42,0,2.02,0,0.01,0,232.17,3.74
2025-11-05T03:50:00Z,-33.42,0,322.27,0,40,0,0.11,0,0,966.49,0,0,0,0,13.67,0,14.27,0,1.92,0,0.01,0,298.59,3.74
2025-11-05T03:55:00Z,-13.97,0,266.97,0,41,0,0.11,0,8.51,986.22,0,0,0,0,13.68,0,11.99,0,1.97,0,0.01,0,222,0
2025-11-05T04:00:00Z,-37.11,0,310.94,0,40,0,0.11,0,0,985.76,0,0,0,0,13.7,0,13.84,0,1.92,0,0.01,0,279.11,-7.19
2025-11-05T04:05:00Z,-4.79,0,322.03,0,41,0,0.11,0,1.29,948.97,0,0,0,0,13.68,0,14.45,0,1.97,0,0.01,0,296.57,5.44
2025-11-05T04:10:00Z,-0.33,0,298.78,0,42,0,0.1,0,31.93,929.43,0,0,3.59,0,13.67,0,13.36,0,2.02,0,0.01,0,262.04,9.54
2025-11-05T04:15:00Z,-0.82,0,346.46,0,41,0,0.11,0,34.18,880.38,0,0,0.18,0,13.65,0,15.37,0,1.97,0,0.01,0,342.07,0
2025-11-05T04:20:00Z,-0.1,0,266.9,0,43,0,0.11,0,115.4,868.07,0,0,0,0,13.63,0,11.92,0,2.06,0,0.01,0,220.96,31.31
2025-11-05T04:25:00Z,-0.1,0,321.97,-0.1,43,0,0.1,0,60.62,866.42,0,0,0,0,13.62,0,14.36,0,2.06,0,0.01,0,304.25,0
2025-11-05T04:30:00Z,-13.21,0,226.93,-0.1,40,0,0.11,0,184.62,866.26,0,0,0,0,13.6,0,10.03,0,1.92,0,0.01,0,168.66,0
2025-11-05T04:35:00Z,-8.47,0,228.31,-0.1,41,0,0.11,0,182.25,877.91,0,0,0,0,13.58,0,10.15,0,1.97,0,0.01,0,168.34,31.31
2025-11-05T04:40:00Z,-0.02,0,351.28,-0.1,45,0,0.11,0,70.95,833.27,0,0,0,0,13.57,0,15.55,0,2.16,0,0.01,0,355.57,8.7
2025-11-05T04:45:00Z,-16.91,0,251.94,0,40,0,0.11,0,235.41,793.77,0,0,0,0,13.55,0,11.16,0,1.92,0,0.01,0,196.14,59.55
2025-11-05T04:50:00Z,-2.16,0,452.05,0,42,0,0.1,0,93.28,704.65,0,0,0,0,13.53,0,19.96,0,2.02,0,0.01,0,683.72,125
2025-11-05T04:55:00Z,-0.37,0,424.94,0,45,0,0.11,0,165.8,638.8,0,0,0,0,13.52,0,19.09,0,2.16,0,0.01,0,600.89,98
2025-11-05T05:00:00Z,-0.25,0,490.26,0,42,0,0.11,0,128.53,627.07,0,0,0,0,13.5,0,22.44,0,2.02,0,0.01,0,955.72,69.92
2025-11-05T05:05:00Z,-0.61,0,440.95,0,42,0,0.11,0,138.69,682.91,0,0,0,0,13.52,0,20.57,0,2.02,0,0.01,0,642.14,58.88
2025-11-05T05:10:00Z,0,0,434.75,0,45,0,0.11,0,134.66,715.9,0,0,0,0,13.53,0,20.59,0,2.16,0,0.01,0,592.52,59.55
2025-11-05T05:15:00Z,-0.31,0,421.48,0,42,0,0.11,0,148.62,714.57,0,0,0,0,13.55,0,20.11,0,2.02,0,0.01,0,549.33,53.84
2025-11-05T05:20:00Z,0,0,273.54,0,42,0,0.1,0,330.3,656.33,0,0,0,0,13.57,0,13.14,0,2.02,0,0.01,0,240.85,69.72
2025-11-05T05:25:00Z,0,0,483.04,0,41,0,0.11,0,205.15,585.85,0,0,0,0,13.58,0,23.27,0,1.97,0,0.01,0,867.77,69.22
2025-11-05T05:30:00Z,-2.36,0,427.01,0,40,0,0.11,0,247.54,614.04,0,0,0,0,13.6,0,22,0,1.92,0,0.01,0,607.81,33.14
2025-11-05T05:35:00Z,-0.48,0,470.51,0,42,0,0.1,0,223.56,613.47,0,0.49,0,0,13.58,0,24.86,0,2.02,0,0.01,0,789.56,31.31
2025-11-05T05:40:00Z,-0.3,0,543.58,0,41,0,0.11,0,202,602.72,0,0.98,0,0,13.57,0,27.82,0,1.97,0,0.01,0,1180.38,59.55
2025-11-05T05:45:00Z,-0.33,0,535.89,0,41,0,0.11,0,193.86,623.55,0.05,1.47,0,0,13.55,0,28.12,0,1.97,0,0.01,0,1115.08,14.49
2025-11-05T05:50:00Z,-0.58,0,383.71,0,40,0,0.11,0,342.63,649.63,0.2,1.95,0,0,13.53,0,20.66,0,1.92,0,0.01,0,416.91,13.57
2025-11-05T05:55:00Z,-2.19,0,434.09,0,40,0,0.1,0,299.34,648.61,1.19,2.44,0,0,13.52,0,23.37,0,1.92,0,0.01,0,546.57,9.59
2025-11-05T06:00:00Z,-2.75,0,412.46,0,40,0,0.11,0,341.35,632.05,2.11,2.93,0,0,13.5,0,22.57,0,1.92,0,0.01,0,487.16,8.51
2025-11-05T06:05:00Z,-1.56,0,476.57,0,40,0,0.11,0,293.61,608.61,3.76,9.07,0,0,13.57,0,25.79,0,1.92,0,0.01,0,697.16,14.76
2025-11-05T06:10:00Z,-0.62,0,541.4,0,41,0,0.11,0,257.28,595.16,8.34,15.2,0,0,13.63,0,29.74,0,1.97,0,0.01,0,1014.63,15.47
2025-11-05T06:15:00Z,-0.89,0,536.02,0,40,0,0.11,0,271.22,586.64,14.43,21.34,0,0,13.7,0,30.09,0,1.92,0,0.01,0,968.17,12.1
2025-11-05T06:20:00Z,-0.96,0,557.54,0,40,0,0.11,0,241.17,571.71,23.31,27.47,0,0,13.77,0,31.35,0,1.92,0,0.01,0,1156.38,9.79
2025-11-05T06:25:00Z,-0.42,0,586.75,0,41,0,0.1,0,251.36,549.18,38.18,33.61,0,0,13.83,0,32.86,0,1.97,0,0.01,0,1281.02,8.51
2025-11-05T06:30:00Z,-1.3,0,650.02,0,40,0,0.11,0,221.79,511.55,52.07,39.75,0,0,13.9,0,35.42,0,1.92,0,0.01,0,2094.65,0
2025-11-05T06:35:00Z,-1.9,0,529.14,0,40,0,0.11,0,314.95,535.73,66.67,54.87,0,0,13.93,0,29.11,0,1.92,0,0.01,0,773.77,0
2025-11-05T06:40:00Z,-0.16,0,448.54,0,42,0,0.1,0,398.37,533.42,80.53,69.99,0,0,13.97,0,24.71,0,2.02,0,0.01,0,474.7,0
2025-11-05T06:45:00Z,-0.36,0,445.24,0,43,0,0.11,0,435.09,490.8,91.23,85.11,0,0,14,0,23.69,0,2.06,0,0.01,0,441.84,0
2025-11-05T06:50:00Z,-0.37,0,485.42,0,41,0,0.11,0,424.49,469.1,108.64,100.23,0,0,14.03,0,25.6,0,1.97,0,0.01,0,502.98,36.28
2025-11-05T06:55:00Z,-0.61,0,591.21,0,40,0,0.11,0,273.95,479.66,126.46,115.35,0,0,14.07,0,31.79,0,1.92,0,0.01,0,911.82,0
2025-11-05T07:00:00Z,-0.69,0,493.6,0,41,0,0.11,0,394.88,465.26,140.48,130.47,0,0,14.1,0,26.49,0,1.97,0,0.01,0,503.8,31.31
2025-11-05T07:05:00Z,-0.27,0,609.32,0,42,0,0.11,0,237.7,459.04,154.82,146.64,0,0,14.12,0,32.99,0,2.02,0,0.01,0,975.56,0.01
2025-11-05T07:10:00Z,-3.04,0,579.95,0,40,0,0.11,0,228.01,445.77,168.65,162.81,0,0,14.13,0,30.83,0,1.92,0,0.01,0,850.09,0.01
2025-11-05T07:15:00Z,-3.29,0,602.02,0,40,0,0.1,0,212.64,432.8,187,178.97,0,0,14.15,0,31,0,1.92,0,0.01,0,885.56,0
2025-11-05T07:20:00Z,-13.11,0,416.47,0,40,0,0.1,0,388.9,412.77,196.82,195.14,0,0,14.17,0,21.54,0,1.92,0,0.01,0,350.15,0
2025-11-05T07:25:00Z,-15.63,0,540.62,0,40,0,0.1,0,199.51,453.88,212.23,211.31,0,0,14.18,0,26.88,0,1.92,0,0.01,0,616.43,0
2025-11-05T07:30:00Z,-16.01,0,622.44,0,40,0,0.1,0,151.26,408.93,230.47,227.47,0,0,14.2,0,29.57,0,1.92,0,0.01,0,900.49,1.38
2025-11-05T07:35:00Z,-15.25,0,607.7,0,40,0,0.11,0,146.79,400.37,242.34,243.49,0,0,14.25,0,29.7,0,1.92,0,0.01,0,842.99,0
2025-11-05T07:40:00Z,-7.65,0,627.11,0,41,0,0.11,0,106.85,401.79,255.23,259.5,0,0,14.3,0,31.05,0,1.97,0,0.01,0,922.23,0
2025-11-05T07:45:00Z,-7.34,0,618.65,0,42,0,0.11,0,105.59,389.6,275.9,275.51,0,0,14.35,0,30.49,0,2.02,0,0.01,0,843.06,138
2025-11-05T07:50:00Z,-4.94,0,481.69,0,43,0,0.11,54.12,139.9,368.86,286.81,291.52,0,0,14.4,0,23.54,0,2.06,0,0.01,2.66,486.2,0
2025-11-05T07:55:00Z,-0.42,0,584.28,0,40,0,0.11,7.52,70.04,376.36,300.61,307.54,0,0,14.45,0,27.25,0,1.92,0,0.01,0.37,685.08,0
2025-11-05T08:00:00Z,-2.55,0,567.09,0,44,0,0.11,0,73.8,358.98,318.1,323.55,0,0,14.5,0,26.89,0,2.11,0,0.01,0,634.09,0
2025-11-05T08:05:00Z,-0.27,0,518.42,0,44,0,0.11,0,99.93,361.02,326.57,346.95,0,0,14.55,0,24.35,0,2.11,0,0.01,0,481.38,31.31
2025-11-05T08:10:00Z,-0.28,0,533.98,0,44,0,0.11,0,53.3,364.82,320.09,370.35,0,0,14.6,0,25.41,0,2.11,0,0.01,0,534.21,31.31
2025-11-05T08:15:00Z,-7.56,0,598.39,0,40,0,0.11,0,6.91,333.42,323.94,393.76,0,0,14.65,0,29.03,0,1.92,0,0.01,0,754.76,7.41
2025-11-05T08:20:00Z,-0.27,0,575.87,0,43,0,0.11,0,22.23,321.67,327.58,417.16,0,0,14.7,0,27.93,0,2.06,0,0.01,0,647.92,31.31
2025-11-05T08:25:00Z,-15.47,0,596.64,0,41,0,0.1,0,11.71,312.89,321.49,440.56,0,10,14.75,0,29.79,0,1.97,0,0.01,0,739.29,0
2025-11-05T08:30:00Z,-10.45,0,663.96,0,40,0,0.11,0,52.31,283.27,242.28,463.97,0,110,14.8,0,32.84,0,1.92,0,0.01,0,1023.57,125
2025-11-05T08:35:00Z,-8.28,0,594.5,0,41,0,0.11,0,65.56,286.76,239.73,487.44,0,106.63,14.82,0,29.09,0,1.97,0,0.01,0,719.8,0
2025-11-05T08:40:00Z,-14.57,0,628.19,0,40,0,0.11,0,46.97,299.22,242.82,510.92,0,110,14.83,0,30.83,0,1.92,0,0.01,0,790.53,31.31
2025-11-05T08:45:00Z,-21.35,0,614.47,0,40,0,0.11,0,21.79,317.9,245.83,534.4,0,108.89,14.85,0,30.46,0,1.92,0,0.01,0,741.34,-8.5
2025-11-05T08:50:00Z,-10.4,0,608.39,0,40,0,0.11,0,4.38,316.68,247.28,557.88,10.9,117.45,14.87,0,31.56,0,1.92,0,0.01,0,733.98,-10
2025-11-05T08:55:00Z,-7,0,672.31,0,41,0,0.11,0,5.46,268.08,244.11,581.36,32.81,137.17,14.88,0,35.3,0,1.97,0,0.01,0,970.53,-8.5
2025-11-05T09:00:00Z,-19.92,0,640.36,0,40,0,0.11,0,2.98,269.19,262.24,604.83,0,113.69,14.9,0,34.74,0,1.92,0,0.01,0,847.69,-8.5
2025-11-05T09:05:00Z,-4.82,0,619.46,0,42,0,0.1,0,7.17,260.47,245.95,617.72,0,125.8,14.9,0,33.25,0,2.02,0,0.01,0,770.86,31.31
2025-11-05T09:10:00Z,-0.18,0,576.39,0,43,0,0.11,0,28.32,253.16,238.41,630.6,0,136.56,14.9,0,31.05,0,2.06,0,0.01,0,644.04,-8.5
2025-11-05T09:15:00Z,-16.67,0,640.16,0,40,0,0.11,0,0.01,244.72,249.29,643.49,2.57,138.49,14.9,0,33.84,0,1.92,0,0.01,0,824.15,-8.5
2025-11-05T09:20:00Z,-48.56,0,660.65,0,40,0,0.11,0,0,245.61,242.31,656.37,1.74,158.37,14.9,0,34.97,0,1.92,0,0.01,0,931.74,-10
2025-11-05T09:25:00Z,-0.35,0,604.78,0,42,0,0.11,0,25.33,246.71,228.11,669.26,6.3,182.69,14.9,0,32.77,0,2.02,0,0.01,0,688.5,-10
2025-11-05T09:30:00Z,-0.34,0,600.02,0,42,0,0.11,0,18.59,245.59,227.55,682.14,7.83,189.26,14.9,0,32.02,0,2.02,0,0.01,0,663.55,-11.11
2025-11-05T09:35:00Z,-5.98,0,617.12,0,40,0,0.11,0,9.93,235.35,222.47,706,22.31,192.51,15.02,0,32.6,0,1.92,0,0.01,0,701.32,-11.11
2025-11-05T09:40:00Z,-29.95,0,652.38,0,57,0,0.1,0,15.77,218.67,217.22,729.87,18.96,196.34,15.13,0,36.31,0,2.74,0,0.01,0,842.3,-11.11
2025-11-05T09:45:00Z,-43.28,0,614.56,0,60,0,0.11,0,14.22,227.77,221.19,753.73,16.56,217.59,15.25,0,32.03,0,2.88,0,0.01,0,676.63,-11.11
2025-11-05T09:50:00Z,-37.71,0,627.13,0,72,0,0.1,0,18.19,192.89,193.63,777.59,17.47,254.63,15.37,0,33.88,0,3.45,0,0.01,0,760.14,-11.11
2025-11-05T09:55:00Z,-43.97,0,589.55,0,79,0,0.11,0,12.42,199.33,203.12,801.45,18.19,235.13,15.48,0,32.61,0,3.79,0,0.01,0,660.1,-11.66
2025-11-05T10:00:00Z,-44.89,0,614.41,0,81,0,0.11,0,0.04,197.48,171.71,825.32,20.49,297.44,15.6,0,33.06,0,3.89,0,0.01,0,719.49,-11.11
2025-11-05T10:05:00Z,-93.41,0,645.58,0,80,0,0.11,0,0.01,186.47,192.02,848.92,21.47,254.5,15.57,0,35.89,0,3.84,0,0.01,0,838.79,-11.11
2025-11-05T10:10:00Z,-13.68,0,550.71,0,90,0,0.11,0,14.4,207.67,196.64,872.53,16.02,265.85,15.53,0,31.1,0,4.32,0,0.01,0,520.42,-11.11
2025-11-05T10:15:00Z,-26.11,0,539.6,0,85,0,0.11,0,7.11,203.93,222.27,896.14,10.36,239.11,15.5,0,30.6,0,4.08,0,0.01,0,490.38,-11.11
2025-11-05T10:20:00Z,-30.26,0,545,0,85,0,0.11,0,2.27,205.42,203.62,919.75,14.02,282.83,15.47,0,30.05,0,4.08,0,0.01,0,487.17,-11.66
2025-11-05T10:25:00Z,-22.2,0,572.85,0,80,0,0.11,0,1.72,215.62,170.7,943.36,16.63,303.93,15.43,0,31.45,0,3.84,0,0.01,0,518.73,-11.66
2025-11-05T10:30:00Z,-19.69,0,548.91,0,85,0,0.11,0,2.44,214.81,171.45,966.97,15.89,309.04,15.4,0,31.33,0,4.08,0,0.01,0,487.3,-11.66
2025-11-05T10:35:00Z,-49.06,0,548.21,0,87,0,0.11,0,5.05,210.34,196.53,988.31,15.68,284.98,15.45,0,30.08,0,4.17,0,0.01,0,461.93,-11.11
2025-11-05T10:40:00Z,-83,0,584.58,0,80,0,0.11,0,0,201.16,199.17,1009.66,14.45,290.05,15.5,0,30.51,0,3.84,0,0.01,0,501.15,-11.78
2025-11-05T10:45:00Z,-31.76,0,561.15,0,82,0,0.11,0,0.5,174.29,172.59,1031,26.16,347.57,15.55,0,29.89,0,3.93,0,0.01,0,467.98,-11.11
2025-11-05T10:50:00Z,-67.37,0,544.71,0,81,0,0.11,0,0.14,174.93,209.78,1052.35,11.78,303.37,15.6,0,28.52,0,3.89,0,0.01,0,429.24,-11.11
2025-11-05T10:55:00Z,-66.18,0,497.2,0,84,0,0.11,0,0.88,189.41,210.64,1073.69,9.08,298.1,15.65,0,26.23,0,4.03,0,0.01,0,364.89,-11.66
2025-11-05T11:00:00Z,-84.66,0,524.89,0,79,0,0.11,0,0.04,165.82,203.6,1095.04,33.36,309.33,15.7,0,27.22,0,3.79,0,0.01,0,398.5,-11.78
2025-11-05T11:05:00Z,-63.72,0,491.19,0,86,0,0.11,0,1.13,160.54,176.55,1112.84,36.94,346.25,15.82,0,26.04,0,4.13,0,0.01,0,368.61,-11.79
2025-11-05T11:10:00Z,-66.16,0,520.24,0,85,0,0.11,0,2.02,127.07,178.55,1130.65,62.94,329.04,15.93,0,27.6,0,4.08,0,0.01,0,405.83,-11.79
2025-11-05T11:15:00Z,-72.89,0,498.7,0,80,0,0.11,0,0,132.71,176.59,1148.46,51.37,310.93,16.05,0,26.44,0,3.84,0,0.01,0,376.17,-11.11
2025-11-05T11:20:00Z,-161.86,0,457.66,0,86,0,0.11,0,0.29,213.12,203.24,1166.26,31.49,303.42,16.17,0,23.97,0,4.13,0,0.01,0,321.38,-11.66
2025-11-05T11:25:00Z,-162.6,0,463.75,0,87,0,0.11,0,0.98,189.19,185.21,1184.07,64.46,357.95,16.28,0,23.94,0,4.17,0,0.01,0,330.72,-14
2025-11-05T11:30:00Z,-83.53,0,488.87,0,79,0,0.11,0,0,109.48,155.85,1201.88,139.12,373.79,16.4,0,24.99,0,3.79,0,0.01,0,354.67,-15.08
2025-11-05T11:35:00Z,-56.52,0,457.93,0,87,0,0.11,0,2.31,104.63,134.28,1222.24,118.03,403.74,16.47,0,24.17,0,4.17,0,0.01,0,328.37,-11.79
2025-11-05T11:40:00Z,-158.53,0,469.49,0,86,0,0.11,0,1.69,124.09,190.11,1242.61,88.59,364.42,16.53,0,23.75,0,4.13,0,0.01,0,329.12,-11.79
2025-11-05T11:45:00Z,-165.05,0,420.29,0,85,0,0.11,0,0.31,137.38,197.83,1262.97,78.84,365.53,16.6,0,21.36,0,4.08,0,0.01,0,278,-14
2025-11-05T11:50:00Z,-168.59,0,440.08,0,81,0,0.1,0,0.08,106.44,192.37,1283.34,109.64,368.88,16.67,0,22.55,0,3.89,0,0.01,0,300.91,-14
2025-11-05T11:55:00Z,-167.77,0,443.97,0,83,0,0.11,0,0.79,108.9,173.91,1303.7,67.48,383.95,16.73,0,22.29,0,3.98,0,0.01,0,297.91,-11.79
2025-11-05T12:00:00Z,-215.73,0,421.83,0,88,0,0.11,0,0.1,112.58,197.07,1324.07,37.49,335.09,16.8,0,21.4,0,4.22,0,0.01,0,283.64,-19.98
2025-11-05T12:05:00Z,-76.04,0,404.24,0,82,0,0.11,0,0.13,47.58,139.58,1346.26,152.23,400.14,16.9,0,20.23,0,3.93,0,0.01,0,255.53,-19.9
2025-11-05T12:10:00Z,-158.27,0,427.62,0,83,0,0.11,0,0.86,95.96,128.63,1368.46,101.64,410.28,17,0,21.25,0,3.98,0,0.01,0,277.54,-19.98
2025-11-05T12:15:00Z,-163.47,0,426.81,-0.1,81,0,0.11,0,0,74.25,128.51,1390.65,141.67,426.15,17.1,0,21.17,0,3.89,0,0.01,0,277.41,-19.98
2025-11-05T12:20:00Z,-175.34,0,453.46,0,78,0,0.11,0,0,57.64,128.5,1412.85,158.15,428.46,17.2,0,22.48,0,3.74,0,0.01,0,300.28,-14
2025-11-05T12:25:00Z,-260.24,0,454.96,0,79,0,0.11,0,0,50.26,173.6,1435.04,87.79,374.95,17.3,0,22.82,0,3.79,0,0.01,0,312.27,-14
2025-11-05T12:30:00Z,-276.22,0,409.63,0,80,0,0.11,0,0,85.11,160.67,1457.24,71.21,376.04,17.4,0,20.33,0,3.84,0,0.01,0,264.42,-14
2025-11-05T12:35:00Z,-210.56,0,356.38,0,84,0,0.11,0,0.1,112.08,91.67,1478.61,55.81,422.97,17.42,0,17.93,0,4.03,0,0.01,0,219.79,-14
2025-11-05T12:40:00Z,-252.54,0,401.49,0,79,0,0.11,0,0,110.82,85.7,1499.98,74.86,467.05,17.43,0,20.98,0,3.79,0,0.01,0,265.12,-11.79
2025-11-05T12:45:00Z,-339.17,0,443.67,0,80,0,0.11,0,0,115.34,86.58,1521.35,92.63,473.3,17.45,0,23.08,0,3.84,0,0.01,0,316.65,-11.79
2025-11-05T12:50:00Z,-319.94,0,312.1,0,80,0,0.11,0,0,165.23,89.26,1542.73,71.3,449.84,17.47,0,16.3,0,3.84,0,0.01,0,194.14,-15.08
2025-11-05T12:55:00Z,-263.75,0,332.17,0,79,0,0.1,0,0,161.19,35.18,1564.1,135.1,522.65,17.48,0,17.26,0,3.79,0,0.01,0,203.21,-19.98
2025-11-05T13:00:00Z,-172.44,0,351.51,0,80,0,0.11,0,0.37,50.76,17.98,1585.47,216.52,515.5,17.5,0,18.19,0,3.84,0,0.01,0,218.42,-14
2025-11-05T13:05:00Z,-305.99,0,373.48,0,80,0,0.11,0,0,105.51,48.31,1599.62,105.52,512.86,17.52,0,19.51,0,3.84,0,0.01,0,242.88,-14
2025-11-05T13:10:00Z,-331.26,0,324.65,0,80,0,0.11,0,0,154.2,49.27,1613.77,114.74,498.96,17.53,0,16.88,0,3.84,0,0.01,0,200.38,-20.01
2025-11-05T13:15:00Z,-232.06,0,328.2,0,82,0,0.11,0,0,47.17,18.15,1627.92,212.73,519.7,17.55,0,16.71,0,3.93,0,0.01,0,203.95,-19.9
2025-11-05T13:20:00Z,-336.6,0,387.24,0,80,0,0.11,0,0,97.45,17.79,1642.07,131.95,527.85,17.57,0,19.15,0,3.84,0,0.01,0,247.77,-19.9
2025-11-05T13:25:00Z,-346.09,0,359.34,0,80,0,0.11,0,0,108.33,19.19,1656.22,139.08,515.45,17.58,0,17.03,0,3.84,0,0.01,0,216.2,-19.98
2025-11-05T13:30:00Z,-344,0,360.22,0,80,0,0.11,0,0,100.42,17.32,1670.37,145.85,537.7,17.6,0,16.98,0,3.84,0,0.01,0,214.71,-20
2025-11-05T13:35:00Z,-296.8,0,327.36,0,80,0,0.11,0,0,56.8,16.45,1676.46,191.23,505.88,17.68,0,15.75,0,3.84,0,0.01,0,195.02,0
2025-11-05T13:40:00Z,-309.65,0,319.11,0,82,0,0.11,0,0,45.85,21.13,1682.56,212.28,499.26,17.77,0,15.4,0,3.93,0,0.01,0,192.96,-20.01
2025-11-05T13:45:00Z,-352.12,0,358.25,0,80,0,0.11,0,0,37.62,20.48,1688.65,210.61,508.23,17.85,0,17.54,0,3.84,0,0.01,0,229.87,-21.21
2025-11-05T13:50:00Z,-297.83,0,300.64,0,86,0,0.11,0,0,37.58,19.01,1694.75,212.81,510.86,17.93,0,14.7,0,4.13,0,0.01,0,182.4,-23.05
2025-11-05T13:55:00Z,-303.59,0,306.61,0,81,0,0.11,0,0,33.67,18.8,1700.84,242.61,496.05,18.02,0,15.3,0,3.89,0,0.01,0,188.1,-22.91
2025-11-05T14:00:00Z,-337.99,0,314.26,0,80,0,0.1,0,0,40.83,21.83,1706.94,248.99,522.32,18.1,0,15.5,0,3.84,0,0.01,0,193.88,-22.75
2025-11-05T14:05:00Z,-354.8,0,296.59,0,80,0,0.11,0,0,45.16,18.57,1708.64,260.24,530.01,18.15,0,14.52,0,3.84,0,0.01,0,183.49,-22.38
2025-11-05T14:10:00Z,-202.66,0,142.75,0,86,0,0.11,0,0.03,53.36,19.23,1710.35,247.74,521.06,18.2,0,7.04,0,4.13,0,0.01,0,87.98,-25.51
2025-11-05T14:15:00Z,-143.87,0,122.29,0,83,0,0.11,0,0,43.07,13.56,1712.06,221.29,522.69,18.25,0,6.04,0,3.98,0,0.01,0,75.87,-22.41
2025-11-05T14:20:00Z,-256.25,0,218.17,0,82,0,0.11,0,0.2,51.81,17.2,1713.77,176.82,511.86,18.3,0,10.45,0,3.93,0,0.01,0,124.17,-23.09
2025-11-05T14:25:00Z,-281.21,0,232.21,0,89,0,0.11,0,0.32,43.61,19.99,1715.47,150.46,509,18.35,0,11.22,0,4.27,0,0.01,0,137.26,-21.97
2025-11-05T14:30:00Z,-143.14,0,100.6,0,87,0,0.11,0,0.29,40.9,19.9,1717.18,165.8,515.97,18.4,0,4.88,0,4.17,0,0.01,0,67.04,-21.21
2025-11-05T14:35:00Z,-267.66,0,227.09,0,85,0,0.11,0,0,43.39,19.6,1704.57,158.98,485.48,18.57,0,11.03,0,4.08,0,0.01,0,133.56,-19.16
2025-11-05T14:40:00Z,-220.25,0,189.96,0,80,0,0.11,0,0,45.07,18.61,1691.97,67.81,510.43,18.73,0,9.19,0,3.84,0,0.01,0,109.74,-19.98
2025-11-05T14:45:00Z,-148.42,0,62.41,0,80,0,0.11,0,0,108.61,18.03,1679.36,139.48,540.01,18.9,0,3.07,0,3.84,0,0.01,0,49.51,-18.17
2025-11-05T14:50:00Z,-180.48,0,117.02,0,82,0,0.11,0,5.89,70.05,18.88,1666.75,169.11,547.32,19.07,0,5.75,0,3.93,0,0.01,0,75.21,-19.9
2025-11-05T14:55:00Z,-125.22,0,22.59,0,87,0,0.11,0,9.51,122.13,19.02,1654.15,204.55,533.07,19.23,0,1.08,0,4.17,0,0.01,0,36.23,-17.88
2025-11-05T15:00:00Z,-116.38,0,4.48,0,81,0,0.11,0,7.82,115.66,18.68,1641.54,125.77,534.46,19.4,0,0.2,0,3.89,0,0.01,0,28.18,-11.79
2025-11-05T15:05:00Z,-163.34,0,16,0,79,0,0.11,0,4.59,112.76,79.86,1621.86,76.52,483.66,19.35,0,0.7,0,3.79,0,0.01,0,31.42,-18.32
2025-11-05T15:10:00Z,-196.38,0,97.3,0,80,0,0.11,0,0,149.95,26.55,1602.18,42.17,541.88,19.3,0,4.35,0,3.84,0,0.01,0,62.82,-18.42
2025-11-05T15:15:00Z,-218.27,0,136.68,0,80,0,0.11,0,0,141.52,18.41,1582.5,65.93,550.89,19.25,0,6.11,0,3.84,0,0.01,0,81.44,-18.53
2025-11-05T15:20:00Z,-177.27,0,128.4,0,85,0,0.11,0,1.06,122.38,19.83,1562.82,64.97,534.96,19.2,0,5.94,0,4.08,0,0.01,0,80.97,-16
2025-11-05T15:25:00Z,-198.73,0,168.9,0,81,0,0.11,0,0,128.13,18.73,1543.15,52.64,525.17,19.15,0,7.48,0,3.89,0,0.01,0,97.27,-16.24
2025-11-05T15:30:00Z,-240.1,0,236.91,0,83,0,0.11,0,0.01,115.87,19.15,1523.47,58.16,507,19.1,0,10.45,0,3.98,0,0.01,0,137,-18.3
2025-11-05T15:35:00Z,-92.27,0,99.6,0,80,0,0.11,0,0,118.83,18.71,1499.85,64.38,489.17,19.07,0,4.46,0,3.84,0,0.01,0,65.35,-17.54
2025-11-05T15:40:00Z,-37.71,-49.49,0,0,82,0,0.11,0,0.04,145.33,119.48,1476.23,69.66,350.69,19.03,0.56,0,0,3.93,0,0.01,0,23.36,-17.83
2025-11-05T15:45:00Z,-16.68,-65.71,0,0,88,0,0.11,0,22.03,121.97,130.57,1452.62,81.78,371.65,19,0.77,0,0,4.22,0,0.01,0,23.98,-17.94
2025-11-05T15:50:00Z,-27.7,-16.92,0,0,86,0,0.11,0,3.82,123.4,129.21,1429,84.52,406.6,18.97,0.2,0,0,4.13,0,0.01,0,27.3,-18.31
2025-11-05T15:55:00Z,-5.14,-34.83,0,0,86,0,0.11,0,16.53,122.55,130.3,1405.39,96.98,402.37,18.93,0.41,0,0,4.13,0,0.01,0,26,-24.68
2025-11-05T16:00:00Z,-227.1,0,319.08,0,79,0,0.11,0,0.03,39.11,121.98,1381.77,186.93,419.71,18.9,0,15.37,0,3.79,0,0.01,0,213.8,-20.57
2025-11-05T16:05:00Z,-40.95,0,157.65,0,81,0,0.11,0,0.82,36.55,127.26,1352.47,175.72,401.99,18.9,0,7.35,0,3.89,0,0.01,0,96.38,-21.99
2025-11-05T16:10:00Z,-53.4,0,109.67,0,93,0,0.11,0,65.89,40.4,130.95,1323.17,218.34,393.3,18.9,0,5.3,0,4.46,0,0.01,0,78.69,-25.51
2025-11-05T16:15:00Z,-74.19,0,232.94,0,87,0,0.11,0,32.05,28.87,123.65,1293.87,214.65,397.95,18.9,0,10.84,0,4.17,0,0.01,0,143.25,-17.15
2025-11-05T16:20:00Z,-119.69,0,250.52,0,80,0,0.11,0,3.04,95.81,129.5,1264.57,95.58,387.73,18.9,0,10.91,0,3.84,0,0.01,0,147.26,-19.23
2025-11-05T16:25:00Z,-106.9,0,216.53,0,89,0,0.11,0,26.98,117.02,129.52,1235.27,108.62,385.95,18.9,0,9.86,0,4.27,0,0.01,0,133.07,-19.15
2025-11-05T16:30:00Z,-51.86,0,235.18,0,83,0,0.11,0,19.49,116.22,128.29,1205.97,102.15,370.46,18.9,0,10.52,0,3.98,0,0.01,0,137.56,-14
2025-11-05T16:35:00Z,-48.3,0,243.64,0,80,0,0.11,0,0.43,116.72,161.47,1169.15,93.84,332.87,18.9,0,10.64,0,3.84,0,0.01,0,140.68,-15.08
2025-11-05T16:40:00Z,-81.57,0,264.82,0,103,0,0.11,0,16.43,118.4,143.98,1132.33,102.58,339.16,18.9,0,11.59,0,4.94,0,0.01,0,169.92,-12.29
2025-11-05T16:45:00Z,-84.89,0,264.2,0,108,0,0.1,0,15.61,114.99,178.58,1095.51,104.35,304.23,18.9,0,11.68,0,5.18,0,0.01,0,173.97,-12.17
2025-11-05T16:50:00Z,-150.27,0,372.7,0,106,0,0.11,0,11.75,114.39,179.24,1058.69,84.9,296.09,18.9,0,16.67,0,5.09,0,0.01,0,275.72,-11.11
2025-11-05T16:55:00Z,-24.79,0,172.35,0,105,0,0.11,0,3.38,192.22,236.84,1021.86,23.51,214.93,18.9,0,7.68,0,5.04,0,0.01,0,112.08,-8.75
2025-11-05T17:00:00Z,-33.35,0,118.82,0,110,0,0.11,0,14,194.47,281.67,985.04,37.67,172.83,18.9,0,5.38,0,5.28,0,0.01,0,89.34,-3.42
2025-11-05T17:05:00Z,-32.28,0,174.13,0,102,0,0.11,0,1.03,182.82,293.09,943.49,23.14,162.04,18.85,0,7.6,0,4.89,0,0.01,0,113.99,-6.03
2025-11-05T17:10:00Z,-23.91,0,70.42,0,103,0,0.11,0,2.8,177.79,434.08,901.93,21.82,0.46,18.8,0,3.26,0,4.94,0,0.01,0,64.61,-6.16
2025-11-05T17:15:00Z,-85.17,0,146.71,0,99,0,0.11,0,0,210.03,432.61,860.38,0,0.26,18.75,0,6.68,0,4.75,0,0.01,0,100.21,-3.46
2025-11-05T17:20:00Z,-113.46,0,221.08,0,100,0,0.11,0,0,198.33,418.46,818.82,0,0.05,18.7,0,10.1,0,4.8,0,0.01,0,148.93,0
2025-11-05T17:25:00Z,-6.85,0,158.8,0,116,0,0.11,0,29.46,187.18,404.1,777.27,0,0,18.65,0,7.57,0,5.57,0,0.01,0,116.98,0
2025-11-05T17:30:00Z,-16.69,0,197.03,0,108,0,39.08,0,23.71,192.16,384.67,735.71,0,0,18.6,0,9.11,0,5.18,0,2.06,0,154.63,45.96
2025-11-05T17:35:00Z,-1.77,0,94.81,0,108,0,106.72,0,67.67,198.61,365.36,695.12,0,0,18.52,0,4.55,0,5.18,0,5.64,0,127.6,30.5
2025-11-05T17:40:00Z,-11.07,0,154.07,0,133,0,119.94,0,37.19,195.1,344.06,654.54,0,0,18.43,0,7.37,0,6.38,0,6.33,0,182.75,19.93
2025-11-05T17:45:00Z,-6.23,0,202.93,0,133,0,125.12,0,53.8,206.55,322.82,613.95,0,0,18.35,0,9.85,0,6.38,0,6.55,0,219.46,47.87
2025-11-05T17:50:00Z,-41.51,0,245.64,0,135,0,161.91,0,54.07,209.44,299.79,573.36,0,0,18.27,0,12.05,0,6.48,0,8.11,0,278.83,103.16
2025-11-05T17:55:00Z,-0.25,0,267.43,0,138,0,161.24,0,54.98,206.76,275.75,532.78,0,0,18.18,0,13.45,0,6.62,0,8.08,0,306.52,99.21
2025-11-05T18:00:00Z,-4.68,0,348.68,0,126,0,161.55,0,46.95,189.89,253.59,492.19,0,0,18.1,0,18.05,0,6.05,0,8.09,0,421.29,107.2
2025-11-05T18:05:00Z,-11.58,0,465.02,0,123,0,161.2,0,36.06,186.29,228.52,452.7,0,0,18.08,0,24.83,0,5.9,0,8.07,0,654.8,39.6
2025-11-05T18:10:00Z,-3.34,0,455.44,0,116,0,169.3,71.63,53.94,172.37,204.92,413.22,0,0,18.07,0,24.64,0,5.57,0,8.5,3.52,682.4,0
2025-11-05T18:15:00Z,-11.05,0,486.81,0,120,0,169.67,71.23,66.87,173.25,180.26,373.73,0,0,18.05,0,26.42,0,5.76,0,8.52,3.5,807.16,106.01
2025-11-05T18:20:00Z,-4.61,0,450.51,0,135,0,209.4,71.26,98.3,178.85,158.03,334.25,0,0,18.03,0,25.14,0,6.48,0,10.2,3.5,744.93,138
2025-11-05T18:25:00Z,-0.34,0,541.62,0,134,0,209.38,83.53,76.56,166.3,137.17,294.76,0,0,18.02,0,30.51,0,6.43,0,10.19,4.1,1098.45,0
2025-11-05T18:30:00Z,-0.72,0,520.43,0,137,0,210.35,150,74.44,157.81,115.13,255.27,0,0,18,0,29.99,0,6.57,0,10.24,7.37,1123,129.24
2025-11-05T18:35:00Z,-0.34,0,424.5,0,121,0,209.96,72.22,307.63,152.46,93.37,224.54,0,0,17.75,0,24.76,0,5.81,0,10.22,3.55,703.42,138.04
2025-11-05T18:40:00Z,-0.04,0,377.69,0,131,0,169.28,142.34,349.68,167.32,75.21,193.81,0,0,17.5,0,22.25,0,6.29,0,8.07,6.99,614.83,0
2025-11-05T18:45:00Z,-1.87,0,429.53,0,161,0,185.5,155.31,261.59,185.06,56.72,163.08,0,0,17.25,0,25.5,0,7.73,0,9.15,7.63,814.41,148.05
2025-11-05T18:50:00Z,-4.08,0,427.44,0,197,0,186.12,156.42,257.25,188.32,41.69,132.34,0,0,17,0,25.65,0,9.45,0,9.19,7.69,857.32,145.36
2025-11-05T18:55:00Z,-0.68,0,396.87,0,243,0,188.17,156.1,307.06,179.74,28.76,101.61,0,0,16.75,0,23.95,0,11.66,0,9.3,7.67,781.97,0
2025-11-05T19:00:00Z,-1.02,0,394.98,0,255,0,187.14,154.67,305.18,168.12,17.72,70.88,0,0,16.5,0,23.92,0,12.24,0,9.25,7.6,834.04,168.19
2025-11-05T19:05:00Z,-0.74,0,406.7,0,256,0,187.26,154.28,289.65,185.84,7.3,59.96,0,0,16.27,0,24.68,0,12.28,0,9.26,7.58,880.94,169.64
2025-11-05T19:10:00Z,-0.24,0,304.62,0,259,0,224.61,155.99,318.8,191.65,3.81,49.04,0,0,16.03,0,18.63,0,12.43,0,11.23,7.67,667.44,0
2025-11-05T19:15:00Z,-0.81,0,218.86,0,253,0,272.26,153.64,386.06,210.41,1.69,38.12,0,0,15.8,0,13.45,0,12.14,0,14,7.55,516.42,138.04
2025-11-05T19:20:00Z,-1.12,0,168.76,0,239,0,282.46,157.34,429.63,234.41,0.93,27.2,0,0,15.57,0,10.38,0,11.47,0,14.62,7.73,441.63,163.38
2025-11-05T19:25:00Z,-4.97,0,192.89,0,252,0,282.35,154.73,372.2,254.73,0.2,16.28,0,0,15.33,0,11.84,0,12.09,0,14.62,7.6,488.13,138.04
2025-11-05T19:30:00Z,-0.45,0,119.49,0,231,0,282.79,156.91,402.51,277.09,0.06,5.36,0,0,15.1,0,7.37,0,11.08,0,14.63,7.71,396.14,980.89
2025-11-05T19:35:00Z,-0.74,0,243.13,28.9,208,6,329.87,16.14,304.26,272.99,0.01,4.47,0,0,14.93,0,14.56,1.59,9.98,0.2,17.59,0.79,578.95,1000
2025-11-05T19:40:00Z,-37.14,0,393.25,31.3,209,6,315.07,0,285.27,242.81,0.01,3.58,4.51,0,14.77,0,23.52,1.72,10.03,0.2,16.98,0,949.76,300.75
2025-11-05T19:45:00Z,-38.14,0,356.52,-0.5,210,5.78,532.89,0,171.23,194.77,0,2.68,54.16,0,14.6,0,21.87,0,10.08,0.19,30.71,0,1044.38,230
2025-11-05T19:50:00Z,-1.31,0,261.16,-0.5,208,35.3,407.25,0,207.17,300.55,0,1.79,0,0,14.43,0,16.12,0,9.98,1.18,22.81,0,670.14,177.77
2025-11-05T19:55:00Z,-0.78,0,144.45,-0.5,223,40.67,423.02,0,236.79,350.98,0,0.89,0,0,14.27,0,8.89,0,10.7,1.36,24,0,477.49,168.15
2025-11-05T20:00:00Z,-2.06,0,147.5,-0.5,218,44.7,382.68,0,254.61,366.69,0,0,0,0,14.1,0,9.06,0,10.46,1.5,21.33,0,455.16,177.77
2025-11-05T20:05:00Z,-1.04,0,225.47,-0.5,256,44.7,401.27,0,132.13,358.83,0,0,0,0,14.02,0,13.86,0,12.28,1.5,22.73,0,625.82,0
2025-11-05T20:10:00Z,-2.39,0,82.84,0,297,44.7,383.36,120.93,197.11,329.99,0,0,0,0,13.93,0,5.11,0,14.25,1.5,21.58,5.94,450.73,108.88
2025-11-05T20:15:00Z,-2.35,-32.09,0,0,316,65.5,351.24,156.22,296.48,305,0,0,0,0,13.85,0.96,0,0,15.16,2.19,19.6,7.68,359.97,123.13
2025-11-05T20:20:00Z,-4,-3.51,0,0,316,68.19,345.63,155.69,295.04,285.42,0,0,0,0,13.77,0.11,0,0,15.16,2.28,19.28,7.65,364.28,125
2025-11-05T20:25:00Z,-1.71,0,27.49,0,316,69.53,305.59,155.66,310.4,269.6,0,0,0,0,13.68,0,1.74,0,15.16,2.33,16.62,7.65,373.5,125
2025-11-05T20:30:00Z,-1.14,0,43.61,0,316,75.57,294.8,156.25,318.73,255.22,0,0,0,0,13.6,0,2.81,0,15.16,2.53,15.94,7.68,386,162.05
2025-11-05T20:35:00Z,-1.66,0,186.39,0,354,77.58,283.1,156.16,103.56,262.77,0,0,0,0,13.43,0,12.02,0,16.99,2.6,15.18,7.67,622.89,138.04
2025-11-05T20:40:00Z,-0.42,0,68.81,0,351,78.93,285.16,156.53,278.65,249.09,0,0,0,0,13.27,0,4.55,0,16.84,2.64,15.28,7.69,424.1,144.68
2025-11-05T20:45:00Z,-2.13,0,66.62,0,374,104.43,283.98,156.02,193.09,266.45,0,0,0,0,13.1,0,4.48,0,17.95,3.5,15.23,7.67,447.41,138.31
2025-11-05T20:50:00Z,0,0,7.4,0,378,105.1,279.19,157.02,266.11,270.23,0,0,0,0,12.93,0,0.5,0,18.14,3.52,14.91,7.72,371.05,138.19
2025-11-05T20:55:00Z,-0.93,-2.22,0,0,374,154.76,278.49,155.87,234.08,260.96,0,0,0,0,12.77,0.07,0,0,17.95,5.18,14.89,7.66,376.14,135.9
2025-11-05T21:00:00Z,-0.24,-18.56,0,0,340,202.41,278.94,159.11,215.2,259.4,0,0,0,0,12.6,0.58,0,0,16.31,6.78,14.9,7.82,377.9,132.81
2025-11-05T21:05:00Z,-6.29,-27.56,0,0,316,197.04,276.36,156.53,250.29,267.89,0,0,0,0,12.45,0.83,0,0,15.16,6.6,14.77,7.69,364.05,119.11
2025-11-05T21:10:00Z,-1.28,0,68.06,0,315,197.04,277.75,156.47,141.98,274.8,0,0,0,0,12.3,0,4.46,0,15.11,6.6,14.85,7.69,451.86,162.65
2025-11-05T21:15:00Z,-10.59,0,88.29,0,349,196.37,276.28,154.51,49.17,272.77,0,0,0,0,12.15,0,5.64,0,16.75,6.58,14.77,7.59,513.61,109.07
2025-11-05T21:20:00Z,-0.24,-59.59,0,0,331,203.08,279.86,157.55,195.29,287.85,0,0,0,0,12,1.86,0,0,15.88,6.8,14.94,7.74,374.33,143.59
2025-11-05T21:25:00Z,-1.41,0,102.34,0,355,197.71,276.61,155.75,17.78,280.31,0,0,0,0,11.85,0,6.84,0,17.03,6.62,14.79,7.65,538.65,0
2025-11-05T21:30:00Z,-0.29,-25.01,0,0,336,201.74,280,156.92,169.69,282.6,0,0,0,0,11.7,0.8,0,0,16.12,6.75,14.96,7.71,383.1,137.52
2025-11-05T21:35:00Z,-0.28,-27.64,0,0,317,199.05,278.65,157.08,218.85,273.83,0,0,0,0,11.7,0.85,0,0,15.21,6.67,14.89,7.72,369.61,155.76
2025-11-05T21:40:00Z,-0.53,-9.1,0,0,353,225.9,276.91,156.44,102.23,267.06,0,0,0,0,11.7,0.31,0,0,16.94,7.56,14.8,7.69,408.3,123.75
2025-11-05T21:45:00Z,-0.29,0,0.06,0,326,227.91,275.43,157.66,139.47,253.99,0,0,0,0,11.7,0,0,0,15.64,7.63,14.68,7.75,397.37,0
2025-11-05T21:50:00Z,-1.73,0,89.97,0,344,225.23,251.86,155.5,56.19,238.52,0,0,0,0,11.7,0,6.06,0,16.51,7.54,13.02,7.64,516.53,140.57
2025-11-05T21:55:00Z,-3.95,0,89.37,0,378,225.9,232.36,153.98,49.25,247.42,0,0,0,0,11.7,0,6.19,0,18.14,7.56,11.64,7.57,513.77,156.84
2025-11-05T22:00:00Z,-3.88,0,54.82,0,380,225.9,233.65,155.44,48.46,254.76,0,0,0,0,11.7,0,3.88,0,18.23,7.56,11.71,7.64,474.7,137.5
2025-11-05T22:05:00Z,-2.81,0,80.2,0,344,227.91,234.77,157.93,51.01,266.79,0,0,0,0,11.72,0,5.72,0,16.51,7.63,11.76,7.76,494.03,126.71
2025-11-05T22:10:00Z,-1.18,0,99.74,0,321,227.91,236.58,157.64,55.51,262.87,0,0,0,0,11.73,0,6.97,0,15.4,7.63,11.86,7.75,512.98,157.61
2025-11-05T22:15:00Z,-9.69,0,48.97,0,351,224.56,232.45,154.97,46.7,272.79,0,0,0,0,11.75,0,3.39,0,16.84,7.52,11.65,7.62,461.03,110.09
2025-11-05T22:20:00Z,-0.07,-70.9,0,0,335,231.27,237.92,156.39,170.66,264.27,0,0,0,0,11.77,2.21,0,0,16.07,7.74,11.92,7.69,373.45,149.29
2025-11-05T22:25:00Z,-0.43,-29.63,0,0,352,225.23,234.17,155.67,106.78,272.71,0,0,0,0,11.78,0.96,0,0,16.89,7.54,11.74,7.65,390.63,0
2025-11-05T22:30:00Z,-0.06,-56.55,0,0,338,229.92,238.41,157.96,126.45,285.02,0,0,0,0,11.8,1.79,0,0,16.22,7.7,11.96,7.76,380.62,135.18
2025-11-05T22:35:00Z,-1.71,0,19.9,0,316,226.57,235.42,155.7,50.95,319.85,0,0,0,0,11.72,0,1.41,0,15.16,7.59,11.81,7.65,407.95,116.6
2025-11-05T22:40:00Z,-2.46,0,13.37,0,313,173.55,235,156.98,105.57,325.37,0,0,0,0,11.63,0,0.97,0,15.02,5.81,11.78,7.71,383.07,111.7
2025-11-05T22:45:00Z,-1.46,0,55.43,0,317,119.19,235.09,156.37,90.75,324.99,0,0,0,0,11.55,0,4.03,0,15.21,3.99,11.79,7.68,431.85,115.22
2025-11-05T22:50:00Z,-2.82,0,74.73,0,316,119.86,235.51,157.05,50.56,343.9,0,0,0,0,11.47,0,5.38,0,15.16,4.01,11.81,7.72,461.89,119.98
2025-11-05T22:55:00Z,-7.79,0,66.23,0,316,119.86,234.19,156.16,49.07,353.06,0,0,0,0,11.38,0,4.67,0,15.16,4.01,11.74,7.67,449.71,117.33
2025-11-05T23:00:00Z,-1.61,0,53.79,0,318,119.19,235.51,156.68,49.38,360.67,0,0,0,0,11.3,0,3.82,0,15.26,3.99,11.8,7.7,431.47,108.44
2025-11-05T23:05:00Z,-0.77,-85.28,0,0,317,111.14,236.9,157.61,156.58,388.76,0,0,0,0,11.55,2.4,0,0,15.21,3.72,11.88,7.75,338.41,116.64
2025-11-05T23:10:00Z,-2.05,0,64.42,0,283,119.86,194.96,157.55,49.97,405.29,0,0,0,0,11.8,0,4.61,0,13.58,4.01,9.66,7.74,415.41,116.47
2025-11-05T23:15:00Z,-5.67,0,124.2,0,233,119.86,153.91,155.58,81.96,403.8,0,0,0,0,12.05,0,8.82,0,11.18,4.01,7.5,7.65,461.51,135.46
2025-11-05T23:20:00Z,-6.53,0,144.95,0,264,119.86,114.67,155.31,56.97,415.06,0,0,0,0,12.3,0,10.05,0,12.67,4.01,5.43,7.63,490.1,121.86
2025-11-05T23:25:00Z,-4.45,0,164.26,0,277,119.86,114.67,155.6,0.16,434.8,0,0,0,0,12.55,0,11.15,0,13.29,4.01,5.43,7.65,533.95,112.22
2025-11-05T23:30:00Z,-0.15,0,102.37,0,277,119.19,114.41,156.68,52.9,438.64,0,0,0,0,12.8,0,7,0,13.29,3.99,5.42,7.7,424.91,120.48
2025-11-05T23:35:00Z,-1.48,0,127.52,0,276,119.19,115.05,155.2,18.54,460.2,0,0,0,0,12.58,0,8.72,0,13.24,3.99,5.45,7.63,461.39,121.23
2025-11-05T23:40:00Z,-1.02,0,182.98,0,282,119.19,115.53,157.78,16.24,444.32,0,0,0,0,12.37,0,11.88,0,13.53,3.99,5.47,7.75,537.76,134.27
2025-11-05T23:45:00Z,-6.82,0,204.54,0,275,119.19,114.52,155.43,9.17,455.09,0,0,0,0,12.15,0,12.8,0,13.2,3.99,5.42,7.64,563.33,106.06
2025-11-05T23:50:00Z,-2.02,0,151.03,0,281,63.49,115.4,156.95,77.61,471,0,0,0,0,11.93,0,9.87,0,13.48,2.13,5.46,7.71,458.11,108.44
2025-11-05T23:55:00Z,-2.69,0,176.01,0,276,111.14,115.06,157.09,13.25,478.28,0,0,0,0,11.72,0,11.3,0,13.24,3.72,5.44,7.72,511.36,123.37
2025-11-06T00:00:00Z,-3.65,0,194.33,0,272,118.52,83.36,155.78,9.33,481.3,0,0,0,0,11.5,0,12.26,0,13.05,3.97,3.53,7.66,526.52,92.81
2025-11-06T00:05:00Z,-1.73,0,180.83,0,277,67.52,84.13,158.53,51.97,495.28,0,0,0,0,11.47,0,11.93,0,13.29,2.26,3.56,7.79,489.53,125.07
2025-11-06T00:10:00Z,-0.52,0,184.33,0,242,115.84,48.15,157.49,52.19,506.24,0,0,0,0,11.43,0,12.5,0,11.61,3.88,2.04,7.74,483.62,116.21
2025-11-06T00:15:00Z,-4.64,0,205.34,0,192,119.19,41.47,157.38,76.61,531.09,0,0,0,0,11.4,0,14.09,0,9.21,3.99,1.76,7.73,486.27,134.29
2025-11-06T00:20:00Z,-4.05,0,259.92,0,151,119.19,41.9,156.66,51.01,545.52,0,0,0,0,11.37,0,17.31,0,7.25,3.99,1.78,7.7,569.41,134.29
2025-11-06T00:25:00Z,-0.16,0,294.82,0,131,119.86,5.79,157.89,63.05,559.21,0,0,0,0,11.33,0,20.08,0,6.29,4.01,0.25,7.76,620.94,145.2
2025-11-06T00:30:00Z,-3.74,0,266.1,0,167,120.53,0.11,158.66,57.34,567.29,0,0,0,0,11.3,0,18.28,0,8.01,4.04,0.01,7.8,571.21,138.09
2025-11-06T00:35:00Z,-4.51,0,217.9,0,197,119.86,0.11,157.24,80.79,580.18,0,0,0,0,11.25,0,15.13,0,9.45,4.01,0.01,7.73,477.66,0
2025-11-06T00:40:00Z,-2.52,0,301.47,0,171,119.86,0.11,157.64,0.57,594.06,0,0,0,0,11.2,0,20.9,0,8.21,4.01,0.01,7.75,663.42,0
2025-11-06T00:45:00Z,-1.56,0,317.98,0,130,119.86,0.11,158.07,23.5,601.57,0,0,0,0,11.15,0,22.4,0,6.24,4.01,0.01,7.77,679.82,128.4
2025-11-06T00:50:00Z,-2.9,0,276.9,0,126,119.86,0.11,157.58,52.36,612.55,0,0,0,0,11.1,0,19.71,0,6.05,4.01,0.01,7.74,570.96,147.33
2025-11-06T00:55:00Z,-3.99,0,309.99,0,137,119.86,0.11,156.01,0.93,628.39,0,0,0,0,11.05,0,21.87,0,6.57,4.01,0.01,7.67,661.22,0
2025-11-06T01:00:00Z,-4.1,0,246.29,0,162,119.19,0.11,158.22,35.77,640.88,0,0,0,0,11,0,17.81,0,7.77,3.99,0.01,7.78,517.75,138.04
2025-11-06T01:05:00Z,-4.62,0,273.73,0,163,119.19,0.11,157.47,0.89,645.42,0,0,0,0,10.95,0,19.51,0,7.82,3.99,0.01,7.74,580.37,108.44
2025-11-06T01:10:00Z,-2.09,0,255.04,0,148,84.97,0.11,158.1,42.57,667.68,0,0,0,0,10.9,0,18.68,0,7.1,2.85,0.01,7.77,517.4,145.25
2025-11-06T01:15:00Z,-19.49,0,272.34,0,137,119.19,0.11,156.88,0.86,675.2,0,0,0,0,10.85,0,19.31,0,6.57,3.99,0.01,7.71,565.63,122.48
2025-11-06T01:20:00Z,-0.16,0,144.77,0,126,119.19,0.11,156.71,84.04,696.81,0,0,0,0,10.8,0,10.66,0,6.05,3.99,0.01,7.7,328.39,138.04
2025-11-06T01:25:00Z,-2,0,147.42,0,137,119.19,0.11,157.41,51.98,714.27,0,0,0,0,10.75,0,10.71,0,6.57,3.99,0.01,7.74,337.83,122.08
2025-11-06T01:30:00Z,-2.04,0,147.41,0,125,119.86,0.11,157.76,52.57,721.03,0,0,0,0,10.7,0,10.74,0,6,4.01,0.01,7.75,333.18,139.68
2025-11-06T01:35:00Z,-6.57,0,157.97,0,139,118.52,0.11,157.87,1.13,747.97,0,0,0,0,10.78,0,11.48,0,6.67,3.97,0.01,7.76,358.59,129.89
2025-11-06T01:40:00Z,-2.12,0,123.54,0,129,119.19,0.11,159.17,53.16,743.57,0,0,0,0,10.87,0,9.09,0,6.19,3.99,0.01,7.82,301.53,138
2025-11-06T01:45:00Z,-2.21,0,111.48,0,115,119.19,0.11,159,52.84,748.6,0,0,0,0,10.95,0,8.24,0,5.52,3.99,0.01,7.81,283.81,119.16
2025-11-06T01:50:00Z,-2.08,0,84.14,0,102,119.86,0.11,158.07,90.77,747.71,0,0,0,0,11.03,0,6.35,0,4.89,4.01,0.01,7.77,244.11,120.48
2025-11-06T01:55:00Z,-1.84,0,89.31,0,102,119.19,0.11,159.27,87.96,750.69,0,0,0,0,11.12,0,6.64,0,4.89,3.99,0.01,7.83,248.45,119.09
2025-11-06T02:00:00Z,-1.84,0,93.03,0,101,119.19,0.11,158.97,81.12,754.98,0,0,0,0,11.2,0,6.97,0,4.85,3.99,0.01,7.81,253.04,112.43
2025-11-06T02:05:00Z,-1.83,0,81.17,0,102,119.86,0.11,157.2,87.38,750.75,0,0,0,0,11.27,0,6.12,0,4.89,4.01,0.01,7.73,240.73,120.2
2025-11-06T02:10:00Z,-19.23,0,115.66,0,82,120.53,0.11,157.96,103.09,736.58,0,0,0,0,11.33,0,8.64,0,3.93,4.04,0.01,7.76,274.65,128.19
2025-11-06T02:15:00Z,-18.76,0,174.84,0,61,119.86,0.1,157,58.46,735,0,0,0,0,11.4,0,12.99,0,2.93,4.01,0.01,7.72,353.84,121.5
2025-11-06T02:20:00Z,-21.45,0,101.34,0,59,119.86,0.1,156.57,116.59,738.2,0,0,0,0,11.47,0,7.64,0,2.83,4.01,0.01,7.69,249.38,121.12
2025-11-06T02:25:00Z,-52.65,0,188.74,0,58,119.19,0.11,156.16,58.31,732.15,0,0,0,0,11.53,0,14.33,0,2.78,3.99,0.01,7.67,391.39,92.68
2025-11-06T02:30:00Z,-27.29,0,200.46,-0.1,60,67.52,0.11,156.98,57.88,746.85,0,0,0,0,11.6,0,15.13,0,2.88,2.26,0.01,7.71,389.88,108.44
2025-11-06T02:35:00Z,-22.53,0,247.17,0,60,78.93,0.11,157.06,0.54,738.05,0,0,0,0,11.83,0,18.77,0,2.88,2.64,0.01,7.72,502.29,108.44
2025-11-06T02:40:00Z,-31.26,0,210.54,0,59,116.51,0.11,157.78,6.8,742.18,0,0,0,0,12.07,0,15.99,0,2.83,3.9,0.01,7.75,435.23,89.69
2025-11-06T02:45:00Z,-20.87,0,236.8,0,61,64.16,0.11,158.08,8.91,754.63,0,0,0,0,12.3,0,17.97,0,2.93,2.15,0.01,7.77,468.64,108.44
2025-11-06T02:50:00Z,-23.94,0,232.14,0,58,78.26,0.11,157.26,1.38,754.3,0,0,0,0,12.53,0,17.54,0,2.78,2.62,0.01,7.73,464.12,93.77
2025-11-06T02:55:00Z,-13.97,0,224.06,0,62,59.46,0.11,158.16,12.03,752.49,0,0,0,0,12.77,0,16.7,0,2.98,1.99,0.01,7.77,438.32,108.44
2025-11-06T03:00:00Z,-17.83,0,210.48,0,60,77.58,0.11,157.96,5.89,745.84,0,0,0,0,13,0,15.86,0,2.88,2.6,0.01,7.76,426.39,102.55
2025-11-06T03:05:00Z,-20.74,0,233.41,0,59,60.81,0.1,157.58,1.77,751.69,0,0,0,0,13,0,16.47,0,2.83,2.04,0.01,7.74,449.38,103
2025-11-06T03:10:00Z,-9.45,0,218.48,0,42,60.14,0.11,156.65,10.31,762,0,0,0,0,13,0,16.68,0,2.02,2.01,0.01,7.7,424.51,99.73
2025-11-06T03:15:00Z,-5.75,0,202.07,0,43,59.46,0.11,158.47,13.92,776.92,0,0,0,0,13,0,15.47,0,2.06,1.99,0.01,7.79,388.38,0
2025-11-06T03:20:00Z,-21.24,0,155.31,0,40,117.18,0.1,156.1,3.52,779.08,0,0,0,0,13,0,11.68,0,1.92,3.92,0.01,7.67,328.91,119.34
2025-11-06T03:25:00Z,-21.23,0,97.3,0,40,118.52,0.11,157.24,34.34,811.27,0,0,0,0,13,0,7.38,0,1.92,3.97,0.01,7.73,241.66,102.5
2025-11-06T03:30:00Z,-39.89,0,188.46,0,40,64.16,0.11,157.09,0.09,818.3,0,0,0,0,13,0,14.46,0,1.92,2.15,0.01,7.72,370.06,108.44
2025-11-06T03:35:00Z,-17.52,0,125.34,0,42,80.94,0.11,158.18,4.3,832.04,0,0,0,0,13.02,0,9.6,0,2.02,2.71,0.01,7.77,272.12,110.96
2025-11-06T03:40:00Z,-17.32,0,91.77,0,39,119.19,0.11,156.8,1.44,829.86,0,0,0,0,13.03,0,7.1,0,1.87,3.99,0.01,7.71,239.18,118.69
2025-11-06T03:45:00Z,-8.94,0,71.03,0,41,120.53,0.11,156.25,10.08,827.65,0,0,0,0,13.05,0,5.5,0,1.97,4.04,0.01,7.68,214.02,118.62
2025-11-06T03:50:00Z,-13.15,0,27.33,0,41,119.86,0.11,156.48,58.29,827.32,0,0,0,0,13.07,0,2.12,0,1.97,4.01,0.01,7.69,163.01,118.9
2025-11-06T03:55:00Z,-7.32,0,3.6,0,42,119.86,0.1,158.31,61.04,835.06,0,0,0,0,13.08,0,0.28,0,2.02,4.01,0.01,7.78,140.27,131.67
2025-11-06T04:00:00Z,-13.75,0,14.78,0,41,119.86,0.11,155.92,54.66,841.28,0,0,0,0,13.1,0,1.11,0,1.97,4.01,0.01,7.66,149.54,136.95
2025-11-06T04:05:00Z,-20.23,0,65.31,0,40,119.86,0.11,156.54,0.66,850.68,0,0,0,0,13.22,0,4.94,0,1.92,4.01,0.01,7.69,205.93,111.72
2025-11-06T04:10:00Z,-0.15,-17.21,0,0,42,148.05,0.11,157.82,10.19,870.77,0,0,0,0,13.33,0.21,0,0,2.02,4.96,0.01,7.76,143.89,0
2025-11-06T04:15:00Z,-1.59,-115.16,0,0,41,148.72,0.11,157.2,93.91,894.21,0,0,0,0,13.45,1.32,0,0,1.97,4.98,0.01,7.73,131.57,122.15
2025-11-06T04:20:00Z,-4.43,-58.36,0,0,41,148.05,0.11,155.63,32.1,902.04,0,0,0,0,13.57,0.68,0,0,1.97,4.96,0.01,7.65,137.11,122.67
2025-11-06T04:25:00Z,-1.47,-67,0,0,42,148.05,0.1,156.94,44.85,903.42,0,0,0,0,13.68,0.78,0,0,2.02,4.96,0.01,7.71,136.04,149.48
2025-11-06T04:30:00Z,-5.84,-160.43,0,0,39,148.72,0.11,154.65,111.78,934.03,0,0,0,0,13.8,1.79,0,0,1.87,4.98,0.01,7.6,124.41,151.5
2025-11-06T04:35:00Z,-4.12,-121.12,0,0,40,148.05,12.82,156.79,24.55,948.12,0,0,0,0,13.95,1.42,0,0,1.92,4.96,0.54,7.7,136.53,125.4
2025-11-06T04:40:00Z,-10.22,-163.96,0,0,42,147.38,83.77,156.41,74.6,921.91,0,0,0,0,14.1,2.05,0,0,2.02,4.93,3.55,7.69,154.65,0
2025-11-06T04:45:00Z,0,-230.64,0,0,43,148.05,84.09,157.47,113.37,943.89,0,0,0,0,14.25,2.81,0,0,2.06,4.96,3.56,7.74,147.78,147.3
2025-11-06T04:50:00Z,-6.32,-211.3,0,0,40,148.72,83.43,155.58,138.35,919.03,0,0,0,0,14.4,2.56,0,0,1.92,4.98,3.53,7.65,146.88,150.83
2025-11-06T04:55:00Z,-3.39,-150.87,0,0,40,147.38,83.8,156.95,42.57,917.26,0,0,0,0,14.55,1.91,0,0,1.92,4.93,3.55,7.71,157.65,151.63
2025-11-06T05:00:00Z,-12,-109.23,0,0,40,148.72,83.71,156.33,11.02,914.43,0,0,0,0,14.7,1.4,0,0,1.92,4.98,3.54,7.68,162.78,170.44
2025-11-06T05:05:00Z,-4.78,-166.9,0,0,39,178.25,83.99,156.31,60.65,896.11,0,0,0,0,14.85,2.15,0,0,1.87,5.97,3.56,7.68,163.43,191.35
2025-11-06T05:10:00Z,-0.25,-197.64,0,0,0,227.24,83.61,156.45,88.15,892.96,0,0,0,0,15,2.32,0,0,0,7.61,3.54,7.69,158.5,148.22
2025-11-06T05:15:00Z,0,-164.65,0,0,0,172.88,84.12,156.97,108.09,896.33,0,0,0,0,15.15,1.84,0,0,0,5.79,3.56,7.71,145.77,194.5
2025-11-06T05:20:00Z,-0.88,-212.06,0,0,0,217.17,83.56,157.14,130.87,885.96,0,0,0,0,15.3,2.44,0,0,0,7.27,3.54,7.72,153.05,0
2025-11-06T05:25:00Z,-3.65,-118.66,0,0,0,227.24,83.74,155.78,5.57,897.89,0,0,0,0,15.45,1.45,0,0,0,7.61,3.55,7.66,166.96,0
2025-11-06T05:30:00Z,-0.22,-49.14,0,0,0,166.84,83.6,156.82,58.91,885.65,0,0,0,0,15.6,0.61,0,0,0,5.59,3.54,7.71,149.45,145.28
2025-11-06T05:35:00Z,-1.1,0,11.24,0,0,150.06,83.39,155.92,36.09,867.71,0.05,0.82,0,0,15.65,0,0.84,0,0,5.02,3.53,7.66,159.7,151.53
2025-11-06T05:40:00Z,-22.75,0,70.74,0,0,149.39,83.5,156.56,8.77,872.18,0.63,1.65,0,0,15.7,0,5.28,0,0,5,3.54,7.69,218.86,106.44
2025-11-06T05:45:00Z,-7.68,0,88.36,0,0,137.31,83.11,155.73,0.44,872.1,0.1,2.47,0,0,15.75,0,6.59,0,0,4.6,3.52,7.65,232.29,107.95
2025-11-06T05:50:00Z,-52.97,0,151.64,0,0,148.72,83.29,156.22,2.05,871.98,0.35,3.29,0,0,15.8,0,11.25,0,0,4.98,3.53,7.68,310.17,84.98
2025-11-06T05:55:00Z,-12.85,0,174.27,0,0,96.38,83.32,155.05,0.08,873.18,0.2,4.11,0,0,15.85,0,12.9,0,0,3.23,3.53,7.62,319.2,82.16
2025-11-06T06:00:00Z,-16.59,0,217.34,0,0,60.14,82.93,156.12,0,877.35,1.95,4.94,0,0,15.9,0,15.97,0,0,2.01,3.51,7.67,368.67,81.82
2025-11-06T06:05:00Z,-18.13,0,202.12,0,0,60.14,83.35,155.58,0.08,890.28,3.8,13.86,0,0,15.95,0,14.85,0,0,2.01,3.53,7.65,341,86.03
2025-11-06T06:10:00Z,-14.9,0,277.19,0,0,60.14,57.14,72.71,32.55,907.82,5.88,22.79,0,0,16,0,20.52,0,0,2.01,2.42,3.57,394.93,79.05
2025-11-06T06:15:00Z,-4.32,0,276.77,0,0,59.46,41.87,72.3,34.48,921.87,8.35,31.72,0,0,16.05,0,20.46,0,0,1.99,1.77,3.55,374.99,52.81
2025-11-06T06:20:00Z,-30.87,0,301.72,0,0,59.46,41.81,72.65,4.12,927,11.26,40.65,0,0,16.1,0,22.59,0,0,1.99,1.77,3.57,435.52,19.75
2025-11-06T06:25:00Z,-35.82,0,313.99,0,0,60.81,41.65,71.81,0.66,943.35,14.63,49.57,0,0,16.15,0,23.3,0,0,2.04,1.76,3.53,441.46,0.74
2025-11-06T06:30:00Z,-44.56,0,299.27,0,0,60.14,41.77,71.81,0,972.44,21.86,58.5,0,0,16.2,0,23.06,0,0,2.01,1.77,3.53,412.96,0
2025-11-06T06:35:00Z,-37.11,0,277.64,0,0,60.14,41.86,71.95,5.51,1011.18,23.57,69.82,0,0,16.27,0,21.32,0,0,2.01,1.77,3.54,354.59,40.32
2025-11-06T06:40:00Z,-10.68,0,264.88,0,0,42.69,14.56,17.37,49.36,1055.02,23.86,81.14,0,0,16.33,0,20.4,0,0,1.43,0.62,0.85,277.29,13.94
2025-11-06T06:45:00Z,-0.17,0,338.86,0,0,41.34,0.11,12.41,18.34,1059.74,26.44,92.45,0,0,16.4,0,25.61,0,0,1.38,0.01,0.61,363.37,9.42
2025-11-06T06:50:00Z,-3.12,0,323.3,0,0,40.67,0.11,9.16,19.56,1067.81,27.71,103.77,0,0,16.47,0,24.44,0,0,1.36,0.01,0.45,334.34,0.6
2025-11-06T06:55:00Z,-19.67,0,354.28,0,0,40.67,0.11,0,5.29,1085.82,29.29,115.09,0,0,16.53,0,26.75,0,0,1.36,0.01,0,373.93,125
2025-11-06T07:00:00Z,-0.3,0,256.8,0,0,40,0.11,0,37.43,1115.21,32.36,126.41,0,0,16.6,0,17.09,0,0,1.34,0.01,0,202.11,0
2025-11-06T07:05:00Z,-84.64,0,352.71,0,0,41.34,0.1,0,1.52,1150.86,38.53,137.72,0,0,16.68,0,26.77,0,0,1.38,0.01,0,362.35,0.01
2025-11-06T07:10:00Z,-16.38,0,226.55,0,0,40,0.11,0,2.37,1182.73,47.58,149.02,0,0,16.77,0,16.96,0,0,1.34,0.01,0,186.34,0.01
2025-11-06T07:15:00Z,-1.07,0,201.43,0,0,40,0.11,0,3.29,1201,58.31,160.33,0,0,16.85,0,15.03,0,0,1.34,0.01,0,155.87,1.88
2025-11-06T07:20:00Z,-16.25,0,207.49,0,0,40,0.1,0,0.17,1188.51,76.44,171.63,0,0,16.93,0,15.51,0,0,1.34,0.01,0,161.45,0.01
2025-11-06T07:25:00Z,-2.11,0,178.19,0,0,40.67,0.11,0,17.19,1166.54,90.96,182.94,0,0,17.02,0,13.43,0,0,1.36,0.01,0,134.73,5.18
2025-11-06T07:30:00Z,-0.15,0,197.52,0,0,40.67,0.11,0,14.95,1170.24,80.22,194.24,0,0,17.1,0,15.04,0,0,1.36,0.01,0,151.13,0.85
2025-11-06T07:35:00Z,-15.22,0,252.36,0,0,40.67,0.11,0,0.21,1130.52,72.88,215.01,0,0,17.17,0,19.02,0,0,1.36,0.01,0,205.28,0
2025-11-06T07:40:00Z,-2.54,0,238.73,0,0,40.67,0.11,0,3.92,1128.66,63.76,235.79,0,0,17.23,0,18.16,0,0,1.36,0.01,0,190.26,0
2025-11-06T07:45:00Z,-10.5,0,193.45,0,0,40.67,0.1,0,0.4,1167.55,65.8,256.56,0,0,17.3,0,14.59,0,0,1.36,0.01,0,144.26,-2.46
2025-11-06T07:50:00Z,-46.87,0,183.95,0,0,40.67,0.11,0,0,1172.07,67.05,277.33,0,0,17.37,0,13.92,0,0,1.36,0.01,0,138.28,-7.05
2025-11-06T07:55:00Z,-3.84,0,147.67,0,0,40,0.11,0,3.36,1170.17,67.27,298.11,0,0,17.43,0,11.23,0,0,1.34,0.01,0,105.71,-2.69
2025-11-06T08:00:00Z,-43.4,0,171.44,0,0,40,0.1,0,0.04,1168.22,66.43,318.88,0,0,17.5,0,12.86,0,0,1.34,0.01,0,123.66,-10
2025-11-06T08:05:00Z,-24.78,0,266.46,0,0,40.67,0.11,0,6.98,1026.99,63.35,331.17,153.52,0,17.53,0,20.27,0,0,1.36,0.01,0,220.43,0
2025-11-06T08:10:00Z,-76.71,0,176.3,0,0,40.67,0.11,0,0,1178.86,60.9,343.47,0,0,17.57,0,13.23,0,0,1.36,0.01,0,127.76,0
2025-11-06T08:15:00Z,-103.57,0,192.46,0,0,40.67,0.11,0,5.87,1144.27,73.66,355.76,0,0,17.6,0,14.22,0,0,1.36,0.01,0,141.22,-8.39
2025-11-06T08:20:00Z,-64.95,0,196.62,0,0,40.67,0.11,0,0,1107.11,95.41,368.06,0,0,17.63,0,14.63,0,0,1.36,0.01,0,142.19,-11.11
2025-11-06T08:25:00Z,-98.62,0,410.16,0,0,41.34,0.1,0,0.52,902.49,129.83,380.35,198.28,4.64,17.67,0,30.09,0,0,1.38,0.01,0,399.36,-11.11
2025-11-06T08:30:00Z,-87.22,0,465.28,0,0,40.67,0.11,0,0.4,848.73,148.91,392.65,189.65,9.71,17.7,0,34.33,0,0,1.36,0.01,0,487.43,-11.64
2025-11-06T08:35:00Z,-100.98,0,436.3,0,0,40,0.1,0,0,834.06,216.65,387.62,211.66,17.39,17.83,0,25.3,0,0,1.34,0.01,0,339.73,-10.8
2025-11-06T08:40:00Z,-26.17,0,380.8,0,0,40.67,0.11,0,1.6,833.39,201.47,382.59,189.17,5.19,17.97,0,22.57,0,0,1.36,0.01,0,272.88,0
2025-11-06T08:45:00Z,-28.71,0,388.61,0,0,40.67,0.11,0,18.17,803.5,198.1,377.56,201.97,5.57,18.1,0,22.71,0,0,1.36,0.01,0,283.05,-11.11
2025-11-06T08:50:00Z,-54.14,0,404.97,0,0,40.67,0.11,0,0.09,823.52,196.9,372.54,203.36,0,18.23,0,22.88,0,0,1.36,0.01,0,298.52,-11.01
2025-11-06T08:55:00Z,-105.13,0,458.65,0,0,40.67,0.11,0,0,803.88,205.67,367.51,197.57,0,18.37,0,25.83,0,0,1.36,0.01,0,382.21,-11.11
2025-11-06T09:00:00Z,-95.58,0,501.39,0,0,40.67,0.11,0,0.03,784.56,168.7,362.48,188.99,48.84,18.5,0,28.11,0,0,1.36,0.01,0,465.69,-11.11
2025-11-06T09:05:00Z,-150.67,0,594.92,0,0,40.67,0.11,0,0.04,760.85,155.97,366.53,188.17,32.8,18.47,0,33.16,0,0,1.36,0.01,0,716.1,0
2025-11-06T09:10:00Z,-52.44,0,528.03,0,0,40.67,0.11,0,21.46,750.45,142.58,370.58,185.52,39.7,18.43,0,28.99,0,0,1.36,0.01,0,488.78,-11.11
2025-11-06T09:15:00Z,-116.45,0,637.24,0,0,40.67,0.11,0,0.01,709,134.75,374.62,178.59,56.73,18.4,0,35.9,0,0,1.36,0.01,0,884.81,-11.66
2025-11-06T09:20:00Z,-203.37,0,811.81,0,0,40.67,0.11,0,3.71,674.89,78.35,378.67,199.94,96.33,18.37,0,44.99,0,0,1.36,0.01,0,3450.31,-11.11
2025-11-06T09:25:00Z,-194.9,0,726.48,0,0,40,0.11,0,0.1,683.19,115.67,382.72,164.08,72.07,18.33,0,39.75,0,0,1.34,0.01,0,1641.79,-10.8
2025-11-06T09:30:00Z,-148.63,0,677.29,0,0,40.67,0.11,0,10.69,640.4,145.41,386.76,131.43,35.52,18.3,0,38.78,0,0,1.36,0.01,0,1210.06,-11.11
2025-11-06T09:35:00Z,-208.86,0,829.76,0,0,40,0.11,0,0,605.85,106.39,416.24,146.5,55.94,18.3,0,46.62,0,0,1.34,0.01,0,4428.9,-11.01
2025-11-06T09:40:00Z,-186.14,0,805.04,0,0,40,0.11,0,0.95,590.56,92.21,445.72,143.61,24.05,18.3,0,45.46,0,0,1.34,0.01,0,3148.76,-11.01
2025-11-06T09:45:00Z,-117.12,0,652.88,0,0,41.34,0.11,0,31.22,568.12,107,475.2,126.39,22.27,18.3,0,36.69,0,0,1.38,0.01,0,1008.83,-11.66
2025-11-06T09:50:00Z,-170.15,0,806.6,0,0,39.33,0.11,0,0,505.62,92.57,504.68,171.18,54.66,18.3,0,44.9,0,0,1.32,0.01,0,3350.19,-11.66
2025-11-06T09:55:00Z,-168.89,0,841.32,0,0,40,0.11,0,0,467.49,94.38,534.16,136.57,56.23,18.3,0,47.48,0,0,1.34,0.01,0,4653.5,-12.8
2025-11-06T10:00:00Z,-102.1,0,778.51,0,0,40.67,0.11,0,0.59,427.96,83.37,563.64,161.17,57.89,18.3,0,43.96,0,0,1.36,0.01,0,2307.38,-20
2025-11-06T10:05:00Z,-42.4,0,798.88,0,0,40.67,0.11,0,0.07,358.17,76.35,582.19,221.6,89.48,18.32,0,44.77,0,0,1.36,0.01,0,2560.13,-11.79
2025-11-06T10:10:00Z,-95.41,0,816.08,0,0,40,0.11,0,2.64,415.54,95.81,600.74,141.2,72.2,18.33,0,43.24,0,0,1.34,0.01,0,2198.33,-10
2025-11-06T10:15:00Z,-152.55,0,726.36,0,0,40.67,0.11,0,0,511.92,122.51,619.29,35.57,19.5,18.35,0,40.4,0,0,1.36,0.01,0,1205.92,-11.11
2025-11-06T10:20:00Z,-176.01,0,794.66,0,0,40.67,0.11,0,0,524.83,118.05,637.85,104.27,36.94,18.37,0,43.85,0,0,1.36,0.01,0,1546.56,-10.8
2025-11-06T10:25:00Z,-249.25,0,838.42,0,0,40.67,0.11,0,0.29,522.81,129.91,656.4,77.91,18.19,18.38,0,45.62,0,0,1.36,0.01,0,2147.88,-10.8
2025-11-06T10:30:00Z,-198.74,0,734.31,0,0,40,0.11,0,0,541.02,131.53,674.95,75.3,20.33,18.4,0,40.36,0,0,1.34,0.01,0,1101.08,-10.8
2025-11-06T10:35:00Z,-171.63,0,724.44,0,0,40.67,0.11,0,6.11,495.53,138.81,686.06,68.7,20.93,18.6,0,40.52,0,0,1.36,0.01,0,1066.69,0
2025-11-06T10:40:00Z,-134.07,0,832.95,0,0,40,0.11,0,0,422.87,102.2,697.16,98.05,70.59,18.8,0,44.34,0,0,1.34,0.01,0,1856.2,-11.66
2025-11-06T10:45:00Z,-114.12,0,780.98,0,0,40,0.11,0,0.33,440.62,101.75,708.27,80.19,53.26,19,0,41.72,0,0,1.34,0.01,0,1305.24,-10
2025-11-06T10:50:00Z,-164.59,0,797.85,0,0,40,0.11,0,0.04,421.87,145.2,719.38,42.17,31.31,19.2,0,38.66,0,0,1.34,0.01,0,1318.3,-11.11
2025-11-06T10:55:00Z,-131.03,0,834.7,0,0,40,0.11,0,0.06,358.11,137.18,730.48,65.97,49.05,19.4,0,45.69,0,0,1.34,0.01,0,1880.05,0
2025-11-06T11:00:00Z,-129.62,0,736.38,0,0,40,0.11,0,0.01,373.05,156.22,741.59,0,34.57,19.6,0,40.8,0,0,1.34,0.01,0,1136.49,1.1
2025-11-06T11:05:00Z,-157.84,0,772.17,0,0,40,0.11,0,0.16,379.02,148.6,733.48,0,37.2,19.68,0,42.18,0,0,1.34,0.01,0,1406.36,-10
2025-11-06T11:10:00Z,-83.19,0,765.58,0,0,40,0.11,0,0,336.06,154.65,725.37,48.76,29.36,19.77,0,41.51,0,0,1.34,0.01,0,1262.19,0
2025-11-06T11:15:00Z,-76.07,0,685.52,0,0,40,0.11,0,0,403.04,170.86,717.26,0.4,28.3,19.85,0,37.33,0,0,1.34,0.01,0,814.72,-10
2025-11-06T11:20:00Z,-48.68,0,662.05,0,0,40.67,0.11,0,13.35,337.46,199.24,709.15,59.85,33.6,19.93,0,33.2,0,0,1.36,0.01,0,704.02,-10
2025-11-06T11:25:00Z,-123.99,0,663.42,0,0,40,0.11,0,1.98,365.95,249.17,701.05,14.68,45.95,20.02,0,35.95,0,0,1.34,0.01,0,783.94,-10
2025-11-06T11:30:00Z,-162.4,0,740.01,0,0,40,0.11,0,13.45,345.03,249.41,692.94,24.77,57.03,20.1,0,40.89,0,0,1.34,0.01,0,1155.85,-8.5
2025-11-06T11:35:00Z,-206.35,0,753.03,0,0,40,0.11,0,0,364.49,253.38,715.63,0,47.61,20.05,0,41.35,0,0,1.34,0.01,0,1236.98,-8.5
2025-11-06T11:40:00Z,-179.97,0,645.91,0,0,40,0.11,0,4.98,370.99,263.9,738.31,0,38.54,20,0,32.43,0,0,1.34,0.01,0,684.25,-10
2025-11-06T11:45:00Z,-187.08,0,698.34,0,0,40,0.11,0,0.29,341.37,256.53,761,19.46,51.23,19.95,0,35.41,0,0,1.34,0.01,0,858.22,-10
2025-11-06T11:50:00Z,-206.13,0,733.03,0,0,40.67,0.11,0,0,320.74,229.37,783.69,26,32.47,19.9,0,37.37,0,0,1.36,0.01,0,1067.53,-8.5
2025-11-06T11:55:00Z,-215.26,0,678.73,0,0,40,0.11,0,2.88,348.28,227.98,806.38,0,18.75,19.85,0,34.94,0,0,1.34,0.01,0,819.13,-8.5
2025-11-06T12:00:00Z,-192.32,0,720.69,0,0,40,0.11,0,2.8,331.14,239.64,829.07,0,21.06,19.8,0,37.06,0,0,1.34,0.01,0,869.92,0
2025-11-06T12:05:00Z,-142.39,0,696.17,0,0,40.67,0.11,0,0.64,298.06,273.25,811.84,0,12.17,19.75,0,35.17,0,0,1.36,0.01,0,748.27,0
2025-11-06T12:10:00Z,-123.84,0,755.47,0,0,40.67,0.11,0,4.76,293.57,252.96,794.61,0,11.8,19.7,0,38.17,0,0,1.36,0.01,0,935.13,0
2025-11-06T12:15:00Z,-56.82,0,721.18,0,0,40,0.11,0,1.69,266.21,261.09,777.38,0,14.67,19.65,0,36.05,0,0,1.34,0.01,0,789.37,148
2025-11-06T12:20:00Z,-2.35,0,706.78,0,0,40,0.11,0,10.82,237.22,211.31,760.15,0,14.9,19.6,0,35.03,0,0,1.34,0.01,0,792.85,125
2025-11-06T12:25:00Z,-1.19,0,606.27,0,0,40.67,0.11,0,40.26,239.96,210.25,742.93,0,12.88,19.55,0,30.15,0,0,1.36,0.01,0,567.37,9.1
2025-11-06T12:30:00Z,-29.9,0,609.28,0,0,40,0.11,0,35.27,277.85,203.93,725.7,0,12.94,19.5,0,30.47,0,0,1.34,0.01,0,593.11,31.3
2025-11-06T12:35:00Z,-69.46,0,670.1,0,0,40.67,0.11,0,0,301.27,213.93,728.79,0,0,19.4,0,32.86,0,0,1.36,0.01,0,753.43,9.1
2025-11-06T12:40:00Z,-170.23,0,850.1,0,0,40.67,0.11,0,0,291.99,208.36,731.88,0,0,19.3,0,41.48,0,0,1.36,0.01,0,2034.77,9.1
2025-11-06T12:45:00Z,-160.53,0,847.82,-0.1,0,40.67,0.11,0,0,295.71,195.5,734.97,0,0,19.2,0,40.37,0,0,1.36,0.01,0,1937.59,9.1
2025-11-06T12:50:00Z,-167.12,0,882.4,-0.1,0,40.67,0.11,0,0,274.63,187.93,738.06,0,0,19.1,0,39.67,0,0,1.36,0.01,0,2567.95,52.25
2025-11-06T12:55:00Z,-109.99,0,629.42,-0.1,0,40.67,0.11,0,53.98,297.13,227.62,741.16,0,0,19,0,31.93,0,0,1.36,0.01,0,643.31,49.02
2025-11-06T13:00:00Z,-154.27,0,724.75,-0.1,0,40.67,0.11,0,29.01,299.76,233.98,744.25,0,0,18.9,0,37.48,0,0,1.36,0.01,0,994.76,79.05
2025-11-06T13:05:00Z,-155.47,0,659.49,-0.1,0,40.67,0.11,0,41.52,331.13,227.19,742.97,0,0,18.87,0,33.99,0,0,1.36,0.01,0,746.29,8.49
2025-11-06T13:10:00Z,-100.46,0,608.67,-0.1,0,40,0.11,0,2.42,337.13,233.66,741.69,0,0,18.83,0,31.1,0,0,1.34,0.01,0,602.85,5.12
2025-11-06T13:15:00Z,-211.35,0,607.62,-0.1,0,40.67,0.11,0,2.44,369.71,276.32,740.42,0,0,18.8,0,30.8,0,0,1.36,0.01,0,632.2,0.41
2025-11-06T13:20:00Z,-288.77,0,701.01,-0.1,0,40.67,0.11,0,15.06,384.34,284.06,739.14,0,0,18.77,0,36.13,0,0,1.36,0.01,0,950.3,9.66
2025-11-06T13:25:00Z,-254.84,0,690.05,-0.1,0,40.67,0.11,0,2.07,384.23,290.82,737.87,0,0,18.73,0,35.49,0,0,1.36,0.01,0,865.85,-8.5
2025-11-06T13:30:00Z,-268,0,760.65,0,0,40.67,0.11,0,0.67,409.51,284.75,736.59,0,24.82,18.7,0,39.25,0,0,1.36,0.01,0,1098.54,-8.5
2025-11-06T13:35:00Z,-279.58,0,806.3,-0.1,0,40.67,0.1,0,3.7,414.89,289.76,728.45,0,9.67,18.78,0,41.51,0,0,1.36,0.01,0,1314.1,1.1
2025-11-06T13:40:00Z,-236.27,0,637.02,-0.1,0,40.67,0.11,0,18.46,443.17,310.89,720.31,0,0,18.87,0,32.44,0,0,1.36,0.01,0,614.53,5.6
2025-11-06T13:45:00Z,-267.36,0,624.27,-0.1,0,40.67,0.11,0,6.27,449.34,327.98,712.17,0,0,18.95,0,31.24,0,0,1.36,0.01,0,606.8,-8.5
2025-11-06T13:50:00Z,-408.81,0,721.28,-0.1,0,40.67,0.11,0,0.16,473.56,317.97,704.03,0,15.08,19.03,0,36.19,0,0,1.36,0.01,0,1109.3,-11.42
2025-11-06T13:55:00Z,-379.07,0,801.31,0,0,40.67,0.11,0,0,402.75,288.49,695.89,83.99,54.69,19.12,0,40.28,0,0,1.36,0.01,0,2019.3,-11.11
2025-11-06T14:00:00Z,-339.14,0,746.58,0,0,40.67,0.11,0,0.17,417.2,225.91,687.75,53.62,42.21,19.2,0,37.52,0,0,1.36,0.01,0,1631.04,-10.89
2025-11-06T14:05:00Z,-308.05,0,618.77,0,0,40.67,0.1,0,2,422.58,289.15,752.75,61.5,9.21,19.43,0,31.21,0,0,1.36,0.01,0,673.54,-10.18
2025-11-06T14:10:00Z,-338.34,0,598.24,-0.1,0,40.67,0.11,0,0.9,448.47,269.94,817.74,43.16,14.84,19.67,0,30.24,0,0,1.36,0.01,0,591.53,-10.4
2025-11-06T14:15:00Z,-295.17,0,385.64,0,0,40.67,0.11,0,5.8,474.78,184.6,882.74,65.71,28.31,19.9,0,19.54,0,0,1.36,0.01,0,276.4,-8.83
2025-11-06T14:20:00Z,-275.54,0,105.03,0,0,40.67,0.11,0,0,577.6,218.58,947.74,0,16,20.13,0,5.38,0,0,1.36,0.01,0,57.71,-9.83
2025-11-06T14:25:00Z,-183.97,0,79.58,0,0,40.67,0.11,0,5.28,496.3,221.23,1012.73,61.81,26.5,20.37,0,4.08,0,0,1.36,0.01,0,43.21,-11.11
2025-11-06T14:30:00Z,-227.5,0,126.94,0,0,40.67,0.11,0,4.35,544.07,193,1077.73,23.32,15.9,20.6,0,6.53,0,0,1.36,0.01,0,62.93,-10.1
2025-11-06T14:35:00Z,-213.09,0,150.77,0,0,40.67,0.1,0,0.45,580.06,171.12,1036.86,5.81,25.12,20.72,0,7.79,0,0,1.36,0.01,0,75,0
2025-11-06T14:40:00Z,-236.85,0,151.08,0,0,40.67,0.11,0,0,657.65,173.14,996,0,34.83,20.83,0,7.69,0,0,1.36,0.01,0,73.46,0
2025-11-06T14:45:00Z,-214.51,0,100.88,0,0,40.67,0.11,0,0.8,787.34,183.09,955.13,0,38.85,20.95,0,5.27,0,0,1.36,0.01,0,48.2,0
2025-11-06T14:50:00Z,-237.64,0,55.23,0,0,40.67,0.11,0,1.14,860.27,257.93,914.27,0,38.18,21.07,0,2.76,0,0,1.36,0.01,0,27.79,-9.22
2025-11-06T14:55:00Z,-316.44,0,211.09,0,0,40.67,0.11,0,0,823.57,212.57,873.4,34.74,39.13,21.18,0,10.63,0,0,1.36,0.01,0,101.18,-8.21
2025-11-06T15:00:00Z,-321.04,0,46.03,0,0,40.67,0.11,0,0,897.07,165.52,832.53,11.94,38.42,21.3,0,2.23,0,0,1.36,0.01,0,27.54,-9.8
2025-11-06T15:05:00Z,-349.98,-53.87,0,0,0,41.34,0.11,0,0,971.56,155.12,873.11,32.83,35.97,21.45,0.07,0,0,0,1.38,0.01,0,9.7,-10.73
2025-11-06T15:10:00Z,-291.48,-126.97,0,0,0,40.67,0.11,0,0,969.75,150.67,913.69,94.9,3.85,21.6,0.16,0,0,0,1.36,0.01,0,8.76,0
2025-11-06T15:15:00Z,-303.25,-318.33,0,0,0,40.67,0.11,0,0,1027.41,141.87,954.27,69.43,1.46,21.75,0.39,0,0,0,1.36,0.01,0,7.6,-10.52
2025-11-06T15:20:00Z,-315.69,-403.9,0,0,0,40.67,0.11,0,0,1083.55,144.26,994.85,155.39,0.69,21.9,0.48,0,0,0,1.36,0.01,0,6.87,-11.41
2025-11-06T15:25:00Z,-246.83,-500.64,0,0,0,40.67,0.1,0,7.65,1156.69,135.33,1035.43,157.07,23.57,22.05,0.58,0,0,0,1.36,0.01,0,5.79,-9.74
2025-11-06T15:30:00Z,-243.8,-407.07,0,0,0,40.67,0.11,0,1.09,1191.9,125.7,1076,204.11,0.03,22.2,0.47,0,0,0,1.36,0.01,0,6.01,-8.23
2025-11-06T15:35:00Z,-223.94,-415.38,0,0,0,40.67,0.11,0,3.77,1243.52,119.41,1024.67,45.69,0,22.35,0.47,0,0,0,1.36,0.01,0,6.02,0
2025-11-06T15:40:00Z,-201.64,-460.6,0,0,0,40.67,0.11,0,9.17,1410.02,100.94,973.33,11.95,2.73,22.5,0.49,0,0,0,1.36,0.01,0,5.64,0
2025-11-06T15:45:00Z,-261.33,-416.4,0,0,0,40.67,0.11,0,0,1444.14,113.37,921.99,7.13,1.26,22.65,0.44,0,0,0,1.36,0.01,0,6.07,-5.76
2025-11-06T15:50:00Z,-185.98,-512.99,0,0,0,40.67,0.11,0,0.75,1502.46,130.33,870.65,7.41,0,22.8,0.52,0,0,0,1.36,0.01,0,5.5,-8.21
2025-11-06T15:55:00Z,-122.1,-516.84,0,0,0,41.34,0.11,0,8.97,1444.76,107.3,819.32,24.76,0.57,22.95,0.54,0,0,0,1.38,0.01,0,5.7,-7.94
2025-11-06T16:00:00Z,-141.7,-533.59,0,0,0,40.67,0.11,0,13.39,1424.16,125.12,767.98,38.5,0.82,23.1,0.56,0,0,0,1.36,0.01,0,5.74,-8.29
2025-11-06T16:05:00Z,-129.05,-573.5,0,0,0,40.67,0.11,0,32.8,1438.68,127.98,729.5,65.12,0,23.05,0.59,0,0,0,1.36,0.01,0,5.62,-9.83
2025-11-06T16:10:00Z,-56.76,-406.08,0,0,0,40.67,0.11,0,28.51,1301.3,120.99,691.01,243.56,0.78,23,0.44,0,0,0,1.36,0.01,0,6.46,-6.96
2025-11-06T16:15:00Z,-70.1,-410.52,0,0,0,40.67,0.11,0,9.72,1390.84,180.92,652.53,52.24,0.01,22.95,0.36,0,0,0,1.36,0.01,0,6.74,-6.42
2025-11-06T16:20:00Z,-48.74,-620.98,0,0,0,41.34,0.1,0,64.89,1510.93,206.6,614.05,89.4,0,22.9,0.6,0,0,0,1.38,0.01,0,5.37,-2.86
2025-11-06T16:25:00Z,-41.36,-543.97,0,0,0,40.67,0.11,0,88.73,1526.84,140.95,575.56,91.55,0,22.85,0.53,0,0,0,1.36,0.01,0,5.66,-0.19
2025-11-06T16:30:00Z,-76.03,-463.03,0,0,0,40.67,0.11,0,45.06,1555.83,117.96,537.08,66.05,0,22.8,0.46,0,0,0,1.36,0.01,0,6.23,0.46
2025-11-06T16:35:00Z,-78.85,-475.93,0,0,0,41.34,0.11,0,45.09,1576.13,103.19,522.11,58.79,0,22.87,0.47,0,0,0,1.38,0.01,0,6.36,2.38
2025-11-06T16:40:00Z,-91.61,-519.11,0,0,0,41.34,0.11,0,56.74,1600.27,99.72,507.14,20.47,0,22.93,0.51,0,0,0,1.38,0.01,0,6.25,26.81
2025-11-06T16:45:00Z,-52.7,-515.6,0,0,0,41.34,0.11,0,44.16,1592.73,94.26,492.18,0,0,23,0.51,0,0,0,1.38,0.01,0,6.23,10.77
2025-11-06T16:50:00Z,-26.18,-488.08,0,0,0,41.34,0.11,0,37.37,1543.21,106.38,477.21,0,0,23.07,0.39,0,0,0,1.38,0.01,0,7.12,64.66
2025-11-06T16:55:00Z,-36.91,-486.33,0,0,0,40.67,0.11,0,39.81,1517.25,106.91,462.24,0,0,23.13,0.49,0,0,0,1.36,0.01,0,6.44,10.76
2025-11-06T17:00:00Z,-62.4,-405.12,0,0,0,40.67,0.11,0,0.1,1488.64,117.64,447.27,24.37,0,23.2,0.42,0,0,0,1.36,0.01,0,7.02,10.13
2025-11-06T17:05:00Z,-26.16,-346.85,0,0,0,41.34,0.11,0,5.49,1404.9,163.95,424,113.21,0,23.17,0.36,0,0,0,1.38,0.01,0,7.4,5.29
2025-11-06T17:10:00Z,-0.44,-381.4,0,0,0,41.34,0.11,0,10.04,1421.17,207.83,400.72,94.13,0,23.13,0.32,0,0,0,1.38,0.01,0,7.56,0
2025-11-06T17:15:00Z,-8.65,-469.23,0,0,0,40.67,0.11,0,28.67,1585.6,164.36,377.45,0,0,23.1,0.45,0,0,0,1.36,0.01,0,6.41,5.22
2025-11-06T17:20:00Z,-5.55,-478.15,0,0,0,41.34,0.11,0,7.07,1681.98,126.93,354.18,25.03,0,23.07,0.46,0,0,0,1.38,0.01,0,6.49,0
2025-11-06T17:25:00Z,-18.14,-435.62,0,0,0,40.67,0.11,0,0,1676.81,109.09,330.9,27.13,0,23.03,0.42,0,0,0,1.36,0.01,0,6.68,7.92
2025-11-06T17:30:00Z,-0.26,-398.3,0,0,0,41.34,0.11,0,10.31,1587.5,82.6,307.63,76.85,0,23,0.4,0,0,0,1.38,0.01,0,7.3,9.18
2025-11-06T17:35:00Z,-0.09,-318.46,0,0,0,40.67,0.11,0,5.65,1567.85,67.68,290,42.47,0,22.98,0.32,0,0,0,1.36,0.01,0,7.61,0
2025-11-06T17:40:00Z,-1.26,-362.53,0,0,0,40.67,0.1,0,108.33,1587.59,52.64,272.36,0,0,22.97,0.35,0,0,0,1.36,0.01,0,7.19,31.31
2025-11-06T17:45:00Z,-0.18,-371.12,0,0,0,41.34,0.1,0,131.11,1603.28,36.74,254.72,0,0,22.95,0.36,0,0,0,1.38,0.01,0,7.3,56.2
2025-11-06T17:50:00Z,-4.15,-383.36,0,0,0,40.67,0.11,0,121.76,1651.44,28.92,237.09,0,0,22.93,0.29,0,0,0,1.36,0.01,0,7.63,8.51
2025-11-06T17:55:00Z,-0.2,-332.04,0,0,0,41.34,0.11,0,69.98,1669.35,27.57,219.45,0,0,22.92,0.26,0,0,0,1.38,0.01,0,8.02,8.51
2025-11-06T18:00:00Z,-5.48,-287.96,0,0,0,41.34,0.11,0,53.37,1645.69,22.22,201.81,35.53,0,22.9,0.22,0,0,0,1.38,0.01,0,8.38,0
2025-11-06T18:05:00Z,-1.84,-268.68,0,0,0,41.34,0.11,0,16.53,1660.16,19.88,187.67,52.95,0,22.88,0.21,0,0,0,1.38,0.01,0,8.54,8.51
2025-11-06T18:10:00Z,-0.17,-310.82,0,0,0,40.67,0.11,0,39.02,1674.2,19.68,173.54,0,0,22.87,0.24,0,0,0,1.36,0.01,0,8.26,13.57
2025-11-06T18:15:00Z,-0.55,-314.19,0,0,0,41.34,0.11,0,114.23,1645.85,19.05,159.4,0,0,22.85,0.24,0,0,0,1.38,0.01,0,8.27,89.15
2025-11-06T18:20:00Z,-0.26,-338.6,0,0,0,41.34,0.11,0,169.78,1611.55,20.86,145.26,0,0,22.83,0.26,0,0,0,1.38,0.01,0,8.25,0
2025-11-06T18:25:00Z,-0.43,-383.31,0,0,0,40.67,0.11,0,239.49,1600.03,19.35,131.12,0,0,22.82,0.29,0,0,0,1.36,0.01,0,7.87,112.65
2025-11-06T18:30:00Z,-0.47,-521.43,0,0,0,41.34,0.11,0,232.53,1709.73,18.23,116.99,0,0,22.8,0.38,0,0,0,1.38,0.01,0,7.57,81.07
2025-11-06T18:35:00Z,-0.17,-528.03,0,0,0,41.34,0.11,0,315.65,1672.32,16.25,102.42,0,0,22.77,0.38,0,0,0,1.38,0.01,0,7.46,102.07
2025-11-06T18:40:00Z,-2.27,-564.24,0,0,0,41.34,0.1,0,360,1688.6,11.38,87.85,0,0,22.73,0.41,0,0,0,1.38,0.01,0,7.29,98
2025-11-06T18:45:00Z,-0.93,-534.26,0,0,0,40.67,0.11,0,280.69,1736.08,10.05,73.28,0,0,22.7,0.38,0,0,0,1.36,0.01,0,7.38,107.28
2025-11-06T18:50:00Z,-0.47,-551.18,0,0,0,41.34,0.11,0,246.07,1781.51,6.01,58.71,2.15,0,22.67,0.4,0,0,0,1.38,0.01,0,7.55,120.02
2025-11-06T18:55:00Z,-0.3,-538.83,0,0,0,41.34,0.11,0,374.23,1660.16,2.91,44.14,154.33,0,22.63,0.39,0,0,0,1.38,0.01,0,7.61,117.61
2025-11-06T19:00:00Z,-3.27,-517.82,0,0,0,41.34,0.11,0,375.93,1639.41,1.23,29.57,193.14,0,22.6,0.38,0,0,0,1.38,0.01,0,7.78,115.6
2025-11-06T19:05:00Z,-2.85,-501.87,0,0,0,40.67,0.11,0,382.46,1623.9,0.69,25.16,172.54,0,22.6,0.37,0,0,0,1.36,0.01,0,7.66,0
2025-11-06T19:10:00Z,-0.13,-495.29,0,0,0,40.67,0.11,0,407.05,1582.32,0.39,20.75,209.09,0,22.6,0.36,0,0,0,1.36,0.01,0,7.77,0
2025-11-06T19:15:00Z,0,-539.16,0,0,0,40.67,0.11,0,473.62,1564.6,0.32,16.35,209.6,0,22.6,0.38,0,0,0,1.36,0.01,0,7.62,0
2025-11-06T19:20:00Z,-0.65,-498.3,0,0,0,41.34,0.11,0,402.8,1577.05,0.16,11.94,214.89,0,22.6,0.36,0,0,0,1.38,0.01,0,8.04,0
2025-11-06T19:25:00Z,-0.1,-475.56,0,0,0,40.67,0.11,0,468.68,1507.23,0.21,7.53,241.47,0,22.6,0.32,0,0,0,1.36,0.01,0,8.09,135.01
2025-11-06T19:30:00Z,-0.28,-463.8,0,0,0,41.34,0.1,0,436.89,1529.43,0.01,3.12,249.8,0,22.6,0.32,0,0,0,1.38,0.01,0,8.29,114.84
2025-11-06T19:35:00Z,-0.12,-500.9,0,0,0,41.34,0.1,0,447.9,1554.43,0.01,2.6,266.64,0,22.65,0.34,0,0,0,1.38,0.01,0,8.14,148
2025-11-06T19:40:00Z,0,-561.34,0,0,0,40.67,0.11,120.55,351.69,1603.58,0.01,2.08,212.88,0,22.7,1.17,0,0,0,1.36,0.01,5.92,47.16,0
2025-11-06T19:45:00Z,0,-493.81,0,0,0,41.34,0.11,72.13,338,1608.49,0,1.56,220.75,0,22.75,0.78,0,0,0,1.38,0.01,3.54,31.77,0
2025-11-06T19:50:00Z,0,-529.28,0,0,0,41.34,0.11,95.69,344.11,1602.85,0,1.04,210.26,0,22.8,0.99,0,0,0,1.38,0.01,4.7,39.37,138
2025-11-06T19:55:00Z,-0.77,-547.66,0,0,0,40.67,0.11,86.82,362,1614.14,0,0.52,188.58,0,22.85,0.95,0,0,0,1.36,0.01,4.27,36.1,0
2025-11-06T20:00:00Z,-0.2,-663.11,0,0,0,40.67,0.11,156.02,388.39,1613.86,0,0,182.94,0,22.9,1.67,0,0,0,1.36,0.01,7.67,57.52,119.49
2025-11-06T20:05:00Z,-0.3,-566.53,0,0,0,40.67,0.11,72.37,398.85,1611.51,0,0,179.16,0,22.97,0.88,0,0,0,1.36,0.01,3.56,31.17,0
2025-11-06T20:10:00Z,-1.7,-625.8,0,0,0,41.34,0.11,137.82,363.44,1619.11,0,0,195.68,0,23.03,1.46,0,0,0,1.38,0.01,6.77,52.42,0
2025-11-06T20:15:00Z,-0.41,-617.75,0,0,0,40.67,0.11,157.43,346.14,1629.29,0,0,193.17,0,23.1,1.58,0,0,0,1.36,0.01,7.74,58.03,138
2025-11-06T20:20:00Z,0,-646.03,0,0,0,41.34,0.11,114.99,384.29,1626.38,0,0,210.34,0,23.17,1.32,0,0,0,1.38,0.01,5.65,45.14,122.51
2025-11-06T20:25:00Z,0,-596.23,0,0,0,41.34,0.11,70.39,373.36,1643.25,0,0,214.38,0,23.23,0.91,0,0,0,1.38,0.01,3.46,30.86,148.76
2025-11-06T20:30:00Z,-2.43,-638.19,0,0,0,40.67,0.11,143.44,335.01,1638.18,0,0,241.65,0,23.3,1.53,0,0,0,1.36,0.01,7.05,54.48,116.1
2025-11-06T20:35:00Z,-0.15,-606.64,0,0,0,41.34,0.11,72.72,305.84,1688.27,0,0,178.29,0,23.35,0.95,0,0,0,1.38,0.01,3.57,32.11,0
2025-11-06T20:40:00Z,-0.08,-596.31,0,0,0,40.67,0.11,156.15,170.36,1739.45,0,0,62.71,0,23.4,1.53,0,0,0,1.36,0.01,7.67,59.68,117.32
2025-11-06T20:45:00Z,-0.37,-597.03,0,0,0,40.67,0.11,74.28,222.17,1791.61,0,0,62.61,0,23.45,0.92,0,0,0,1.36,0.01,3.65,32.13,139.54
2025-11-06T20:50:00Z,-1.63,-563.38,0,0,0,40.67,0.11,140.34,123.49,1772.56,0,0,58.17,0,23.5,1.79,0,0,0,1.36,0.01,6.9,51.38,115.92
2025-11-06T20:55:00Z,-0.51,-502.43,0,0,0,41.34,0.11,72.51,151.2,1774.79,0,0,64.65,0,23.55,1.17,0,0,0,1.38,0.01,3.56,29.55,0
2025-11-06T21:00:00Z,-0.17,-651.66,0,0,0,41.34,0.11,76.19,245.01,1817.46,0,0,21.5,0,23.6,1.49,0,0,0,1.38,0.01,3.74,28.61,120.3
2025-11-06T21:05:00Z,-1.86,-571.53,0,0,0,40.67,0.11,72.42,180.2,1800.07,0,0,10.05,0,23.5,1.37,0,0,0,1.36,0.01,3.56,28.06,138
2025-11-06T21:10:00Z,-18.01,-504.28,0,0,0,40.67,0.1,94.27,91.79,1791.35,0,0,25.39,0,23.4,1.38,0,0,0,1.36,0.01,4.63,37.07,114.29
2025-11-06T21:15:00Z,-3.06,-561.38,0,0,0,40.67,0.11,71.78,117.11,1822.87,0,0,9.31,0,23.3,1.37,0,0,0,1.36,0.01,3.53,28.44,113.58
2025-11-06T21:20:00Z,-1.32,-580.62,0,0,0,40.67,0.11,72.43,139.05,1820.44,0,0,0,0,23.2,1.31,0,0,0,1.36,0.01,3.56,29.13,112.8
2025-11-06T21:25:00Z,-5.68,-583.78,0,0,0,41.34,0.11,71.18,146.59,1810.03,0,0,29.95,0,23.1,1.41,0,0,0,1.38,0.01,3.5,28.24,111.28
2025-11-06T21:30:00Z,-4.56,-553.79,0,0,0,40.67,0.11,71.23,120.85,1801.16,0,0,35.96,0,23,1.35,0,0,0,1.36,0.01,3.5,28.59,109.88
2025-11-06T21:35:00Z,-3.49,-534.33,0,0,0,41.34,0.11,71.61,107.33,1784.88,0,0,18.03,0,23.13,1.26,0,0,0,1.38,0.01,3.52,29.87,0
2025-11-06T21:40:00Z,-0.92,-485.06,0,0,0,40.67,0.11,71.5,78.34,1743.1,0,0,0,0,23.27,1.21,0,0,0,1.36,0.01,3.51,30.47,110.73
2025-11-06T21:45:00Z,-3.56,-472.23,0,0,0,40.67,0.11,71.5,91.08,1729.23,0,0,0,0,23.4,1.19,0,0,0,1.36,0.01,3.51,30.39,112.58
2025-11-06T21:50:00Z,-1.55,-466.57,0,0,0,40.67,0.11,72.15,98.26,1689.04,0,0,0,0,23.53,1.17,0,0,0,1.36,0.01,3.55,31.38,101.4
2025-11-06T21:55:00Z,-4.06,-408.68,0,0,0,41.34,0.11,71.57,93.35,1644.62,0,0,0,0,23.67,1.04,0,0,0,1.38,0.01,3.52,32.31,98.24
2025-11-06T22:00:00Z,-0.52,-410.1,0,0,0,40.67,0.11,71.87,99.49,1611.08,0,0,0,0,23.8,1.04,0,0,0,1.36,0.01,3.53,32.81,110.2
2025-11-06T22:05:00Z,-4.35,-359.46,0,0,0,40.67,0.11,72.02,85.2,1559.91,0,0,0,0,23.83,0.95,0,0,0,1.36,0.01,3.54,34.09,0
2025-11-06T22:10:00Z,-0.33,-413.72,0,0,0,41.34,0.11,73.46,97.93,1583.67,0,0,0,0,23.87,1.02,0,0,0,1.38,0.01,3.61,34.55,0
2025-11-06T22:15:00Z,-2.48,-393.87,0,0,0,40.67,0.11,71.63,75.79,1590.52,0,0,0,0,23.9,1.03,0,0,0,1.36,0.01,3.52,33.49,0
2025-11-06T22:20:00Z,-5.4,-395.74,0,0,0,41.34,0.11,71.61,64.44,1616.09,0,0,0,0,23.93,1.03,0,0,0,1.38,0.01,3.52,33.42,0
2025-11-06T22:25:00Z,-14.46,-402.29,0,0,0,40.67,0.11,71.37,56.78,1634.38,0,0,0,0,23.97,1.06,0,0,0,1.36,0.01,3.51,33.05,118.37
2025-11-06T22:30:00Z,-44.57,-346.82,0,0,0,41.34,0.11,70.5,0,1638.35,0,0,0,0,24,0.94,0,0,0,1.38,0.01,3.46,34.62,81.32
2025-11-06T22:35:00Z,-12.86,-377.32,0,0,0,40.67,0.11,71.52,0,1643.59,0,0,0,0,23.8,1.02,0,0,0,1.36,0.01,3.51,33.96,67.93
2025-11-06T22:40:00Z,-14.43,-300.58,0,0,0,40.67,0.11,10.94,4.9,1618.57,0,0,0,0,23.6,0.58,0,0,0,1.36,0.01,0.54,11.71,22.2
2025-11-06T22:45:00Z,-58.85,-206.7,0,0,0,40.67,0.11,0,0.39,1597.15,0,0,0,0,23.4,0.17,0,0,0,1.36,0.01,0,10.52,51
2025-11-06T22:50:00Z,-15.91,-257.5,0,0,0,40.67,0.11,0,6.11,1591.89,0,0,0,0,23.2,0.21,0,0,0,1.36,0.01,0,10.22,75.6
2025-11-06T22:55:00Z,-32.93,-197.91,0,0,0,40.67,0.11,0,7.62,1539.08,0,0,0,0,23,0.16,0,0,0,1.36,0.01,0,10.69,81.76
2025-11-06T23:00:00Z,-31.58,-175.7,0,0,0,41.34,0.11,0,2.54,1504.5,0,0,0,0,22.8,0.15,0,0,0,1.38,0.01,0,11.15,82.23
2025-11-06T23:05:00Z,-22.27,-179.84,0,0,0,40.67,0.11,0,0,1483.45,0,0,0,0,22.6,0.15,0,0,0,1.36,0.01,0,11.07,0
2025-11-06T23:10:00Z,-9.78,-242.52,0,0,0,40.67,0.11,0,38.25,1475.27,0,0,0,0,22.4,0.2,0,0,0,1.36,0.01,0,10.81,102.01
2025-11-06T23:15:00Z,-11.56,-216.34,0,0,0,41.34,0.11,0,3.8,1464.01,0,0,0,0,22.2,0.2,0,0,0,1.38,0.01,0,11.19,81.32
2025-11-06T23:20:00Z,-11.34,-309.13,0,0,0,40.67,0.11,0,52.03,1518.86,0,0,0,0,22,0.25,0,0,0,1.36,0.01,0,10.41,87.16
2025-11-06T23:25:00Z,-3.06,-299.02,0,0,0,40.67,0.11,0,51.24,1518.13,0,0,0,0,21.8,0.24,0,0,0,1.36,0.01,0,10.38,81.37
2025-11-06T23:30:00Z,-4.24,-274.02,0,0,0,40.67,0.11,0,0.01,1529.08,0,0,0,0,21.6,0.22,0,0,0,1.36,0.01,0,10.64,73.18
2025-11-06T23:35:00Z,-4.78,-291.6,0,0,0,40.67,0.11,0,4.46,1550.68,0,0,0,0,21.57,0.24,0,0,0,1.36,0.01,0,10.47,91.28
2025-11-06T23:40:00Z,-0.05,-294.05,0,0,0,41.34,0.11,0,55.1,1533.86,0,0,0,0,21.53,0.23,0,0,0,1.38,0.01,0,10.4,104.47
2025-11-06T23:45:00Z,-7.58,-348.33,0,0,0,40.67,0.11,0,47.5,1599.18,0,0,0,0,21.5,0.27,0,0,0,1.36,0.01,0,9.86,82.12
2025-11-06T23:50:00Z,-0.47,-374.86,0,0,0,41.34,0.11,0,46.01,1646.44,0,0,0,0,21.47,0.29,0,0,0,1.38,0.01,0,9.69,91.6
2025-11-06T23:55:00Z,-2.73,-360.55,0,0,0,40.67,0.11,0,0.4,1670.89,0,0,0,0,21.43,0.28,0,0,0,1.36,0.01,0,9.65,71.5
2025-11-07T00:00:00Z,-0.36,-398.87,0,0,0,42.02,0.11,0,12.52,1689.87,0,0,0,0,21.4,0.32,0,0,0,1.41,0.01,0,9.79,62.72
2025-11-07T00:05:00Z,-0.05,-439.96,0,0,0,40.67,0.11,0,82.35,1667.39,0,0,0,0,21.42,0.35,0,0,0,1.36,0.01,0,9.09,94.07
2025-11-07T00:10:00Z,-1.08,-390.94,0,0,0,40.67,0.11,0,92.42,1599.61,0,0,0,0,21.43,0.31,0,0,0,1.36,0.01,0,9.51,0
2025-11-07T00:15:00Z,-0.5,-315.33,0,0,0,41.34,0.11,0,82.96,1521.99,0,0,0,0,21.45,0.26,0,0,0,1.38,0.01,0,10.24,128.29
2025-11-07T00:20:00Z,-0.36,-266.26,0,0,0,40.67,0.11,0,64.74,1502.76,0,0,0,0,21.47,0.23,0,0,0,1.36,0.01,0,10.22,97.23
2025-11-07T00:25:00Z,-1.16,-289.08,0,0,0,40.67,0.11,0,71.26,1533.42,0,0,0,0,21.48,0.24,0,0,0,1.36,0.01,0,9.99,0
2025-11-07T00:30:00Z,-0.91,-268.25,0,0,0,40,0.11,0,78.45,1505.49,0,0,0,0,21.5,0.22,0,0,0,1.34,0.01,0,9.95,88.39
2025-11-07T00:35:00Z,-0.46,-202.17,0,0,0,40.67,0.11,0,69.99,1444.17,0,0,0,0,21.45,0.18,0,0,0,1.36,0.01,0,10.57,94.83
2025-11-07T00:40:00Z,-0.34,-189.77,0,0,0,41.34,0.11,0,66.55,1429.63,0,0,0,0,21.4,0.17,0,0,0,1.38,0.01,0,10.86,93.73
2025-11-07T00:45:00Z,-9.82,-172.05,0,0,0,40.67,0.11,0,78.12,1412.23,0,0,0,0,21.35,0.15,0,0,0,1.36,0.01,0,10.81,0
2025-11-07T00:50:00Z,-1.7,-158.37,0,0,0,42.02,0.11,0,55.27,1414.85,0,0,0,0,21.3,0.15,0,0,0,1.41,0.01,0,11.23,0
2025-11-07T00:55:00Z,-0.25,-195.29,0,0,0,42.69,0.11,0,66.98,1451.81,0,0,0,0,21.25,0.18,0,0,0,1.43,0.01,0,11.04,129.22
2025-11-07T01:00:00Z,-4.99,-170.46,0,0,0,42.02,0.11,0,57.63,1445.67,0,0,0,0,21.2,0.16,0,0,0,1.41,0.01,0,11.02,100.06
2025-11-07T01:05:00Z,-16.75,-161.49,0,0,0,42.69,0.11,0,44.17,1466.88,0,0,0,0,21.18,0.15,0,0,0,1.43,0.01,0,11.23,0
2025-11-07T01:10:00Z,-16.57,-209.06,0,0,0,42.69,0.11,0,67.69,1494.93,0,0,0,0,21.17,0.19,0,0,0,1.43,0.01,0,10.86,99.45
2025-11-07T01:15:00Z,-8.43,-239.51,0,0,0,42.02,0.11,0,61.88,1506.56,0,0,0,0,21.15,0.21,0,0,0,1.41,0.01,0,10.6,125.93
2025-11-07T01:20:00Z,-1.74,-244.71,0,0,0,42.69,0.11,0,56.7,1491.89,0,0,0,0,21.13,0.22,0,0,0,1.43,0.01,0,10.84,99.45
2025-11-07T01:25:00Z,-15.28,-232.15,0,0,0,42.69,0.11,0,53.23,1507.37,0,0,0,0,21.12,0.21,0,0,0,1.43,0.01,0,10.87,86.28
2025-11-07T01:30:00Z,-20.01,-254.94,0,0,0,42.69,0.11,0,51.39,1547.29,0,0,0,0,21.1,0.22,0,0,0,1.43,0.01,0,10.65,86.38
2025-11-07T01:35:00Z,-22.13,-271.76,0,0,0,42.69,0.11,0,24.37,1587.27,0,0,0,0,21.08,0.24,0,0,0,1.43,0.01,0,10.59,84.28
2025-11-07T01:40:00Z,-36.38,-286.13,0,0,0,42.69,0.11,0,0,1631.43,0,0,0,0,21.07,0.25,0,0,0,1.43,0.01,0,10.57,75.35
2025-11-07T01:45:00Z,-23.55,-270.63,0,0,0,42.69,0.11,0,15.12,1592.5,0,0,0,0,21.05,0.24,0,0,0,1.43,0.01,0,10.62,82.69
2025-11-07T01:50:00Z,-19.52,-239.54,0,0,0,42.69,0.11,0,19.61,1525.51,0,0,0,0,21.03,0.22,0,0,0,1.43,0.01,0,11.01,94.88
2025-11-07T01:55:00Z,-25.32,-85.05,0,0,0,42.69,0.11,0,0.11,1398.32,0,0,0,0,21.02,0.08,0,0,0,1.43,0.01,0,12.19,93.25
2025-11-07T02:00:00Z,-30.38,-55.88,0,0,0,42.69,0.11,0,12.51,1356.93,0,0,0,0,21,0.06,0,0,0,1.43,0.01,0,12.48,90.08
2025-11-07T02:05:00Z,-22.9,-97.29,0,0,0,42.02,0.11,0,5.67,1385.63,0,0,0,0,20.93,0.1,0,0,0,1.41,0.01,0,12.04,88.06
2025-11-07T02:10:00Z,-28.41,-71.35,0,0,0,42.69,0.11,0,5.29,1364.8,0,0,0,0,20.87,0.07,0,0,0,1.43,0.01,0,12.46,95.56
2025-11-07T02:15:00Z,-13.68,-77.21,0,0,0,42.69,0.11,0,13.63,1318.78,0,0,0,0,20.8,0.08,0,0,0,1.43,0.01,0,12.67,99.45
2025-11-07T02:20:00Z,-22.98,-13.47,0,0,0,42.69,0.11,0,0.14,1285.52,0,0,0,0,20.73,0.01,0,0,0,1.43,0.01,0,13.2,98.3
2025-11-07T02:25:00Z,-32.62,-3.95,0,0,0,42.69,0.11,0,2.63,1262.31,0,0,0,0,20.67,0,0,0,0,1.43,0.01,0,13.52,90.68
2025-11-07T02:30:00Z,-23.64,-15.98,0,0,0,42.69,0.11,0,0.64,1264.3,0,0,0,0,20.6,0.02,0,0,0,1.43,0.01,0,13.42,84.24
2025-11-07T02:35:00Z,-63.62,-16.66,0,0,0,42.69,0.1,0,0.15,1296.05,0,0,0,0,20.53,0.02,0,0,0,1.43,0.01,0,13.52,72.5
2025-11-07T02:40:00Z,-21.02,-59.55,0,0,0,42.69,0.11,0,5.05,1292.97,0,0,0,0,20.47,0.06,0,0,0,1.43,0.01,0,13.07,65.73
2025-11-07T02:45:00Z,-12.64,-64.37,0,0,0,42.69,0.11,0,25.37,1277.18,0,0,0,0,20.4,0.07,0,0,0,1.43,0.01,0,12.94,99.17
2025-11-07T02:50:00Z,-52.24,-5.99,0,0,0,42.69,0.11,0,0,1289.23,0,0,0,0,20.33,0.01,0,0,0,1.43,0.01,0,13.47,39.25
2025-11-07T02:55:00Z,-53.42,-23.26,0,0,0,42.69,0.11,0,0.04,1305.71,0,0,0,0,20.27,0.02,0,0,0,1.43,0.01,0,13.32,50.82
2025-11-07T03:00:00Z,-41.47,-67.69,0,0,0,42.69,0.11,0,0.66,1331.98,0,0,0,0,20.2,0.06,0,0,0,1.43,0.01,0,13.03,41.41
2025-11-07T03:05:00Z,-98.7,0,9.37,0,0,42.69,0.11,0,0,1354.81,0,0,0,0,20.08,0,0.64,0,0,1.43,0.01,0,19.28,0
2025-11-07T03:10:00Z,-87.83,-34.53,0,0,0,42.69,0.11,0,0.51,1390.13,0,0,0,0,19.97,0.03,0,0,0,1.43,0.01,0,12.83,35.71
2025-11-07T03:15:00Z,-145.15,-53.25,0,0,0,42.69,0.11,0,5.15,1434.5,0,0,0,0,19.85,0.05,0,0,0,1.43,0.01,0,12.94,40.62
2025-11-07T03:20:00Z,-104.77,-105.14,0,0,0,42.69,0.11,0,0.3,1451.25,0,0,0,0,19.73,0.1,0,0,0,1.43,0.01,0,12.47,34.82
2025-11-07T03:25:00Z,-32.55,-156.45,0,0,0,42.69,0.11,0,0.64,1437.77,0,0,0,0,19.62,0.15,0,0,0,1.43,0.01,0,11.93,0
2025-11-07T03:30:00Z,-78.16,-97.71,0,0,0,42.69,0.11,0,0,1395.65,0,0,0,0,19.5,0.1,0,0,0,1.43,0.01,0,12.72,32.47
2025-11-07T03:35:00Z,-72.99,-52.14,0,0,0,42.69,0.11,0,0.82,1330.21,0,0,0,0,19.42,0.05,0,0,0,1.43,0.01,0,13.28,35.04
2025-11-07T03:40:00Z,-57.33,-37.78,0,0,0,42.69,0.11,0,0.12,1321.75,0,0,0,0,19.33,0.04,0,0,0,1.43,0.01,0,13.2,35.52
2025-11-07T03:45:00Z,-66.61,-59.53,0,0,0,42.69,0.11,0,0,1357.91,0,0,0,0,19.25,0.06,0,0,0,1.43,0.01,0,12.95,0
2025-11-07T03:50:00Z,-68.3,-65.44,0,0,0,42.69,0.11,0,0.44,1357.31,0,0,0,0,19.17,0.07,0,0,0,1.43,0.01,0,12.97,27.82
2025-11-07T03:55:00Z,-93.06,-90.42,0,0,0,42.69,0.11,0,6.79,1412.06,0,0,0,0,19.08,0.09,0,0,0,1.43,0.01,0,12.65,33.04
2025-11-07T04:00:00Z,-78.91,-93.57,0,0,0,42.69,0.11,0,0.07,1417.29,0,0,0,0,19,0.09,0,0,0,1.43,0.01,0,12.53,32.99
2025-11-07T04:05:00Z,-77.44,-119.7,0,0,0,42.69,0.11,0,0.15,1420.58,0,0,0,0,18.97,0.12,0,0,0,1.43,0.01,0,12.46,0
2025-11-07T04:10:00Z,-60.56,-145.04,0,0,0,58.12,0.11,0,0.6,1434.35,0,0,0,0,18.93,0.17,0,0,0,1.95,0.01,0,16.61,30.11
2025-11-07T04:15:00Z,-11.14,-250.44,0,0,0,59.46,0.1,0,0.61,1485.64,0,0,0,0,18.9,0.29,0,0,0,1.99,0.01,0,15.92,8.43
2025-11-07T04:20:00Z,-12.11,-275.5,0,0,0,58.79,0.11,0,2.88,1508.72,0,0,0,0,18.87,0.32,0,0,0,1.97,0.01,0,15.5,8.54
2025-11-07T04:25:00Z,-51.34,-222.93,0,0,0,58.79,0.11,0,0.32,1507.38,0,0,0,0,18.83,0.26,0,0,0,1.97,0.01,0,15.94,13.65
2025-11-07T04:30:00Z,-67.57,-230.58,0,0,0,58.79,0.11,0,1.99,1527.94,0,0,0,0,18.8,0.27,0,0,0,1.97,0.01,0,15.9,8.37
2025-11-07T04:35:00Z,-6.26,-279.56,0,0,0,58.79,0.11,0,0.15,1522.46,0,0,0,0,18.88,0.32,0,0,0,1.97,0.01,0,15.31,0.01
2025-11-07T04:40:00Z,-18.29,-242.5,0,0,0,59.46,0.11,0,0.25,1490.94,0,0,0,0,18.97,0.28,0,0,0,1.99,0.01,0,15.94,8.57
2025-11-07T04:45:00Z,-75.91,-153.5,0,0,0,59.46,0.11,0,0.34,1468.34,0,0,0,0,19.05,0.18,0,0,0,1.99,0.01,0,16.78,0.66
2025-11-07T04:50:00Z,-20.48,-227.66,0,0,0,58.79,0.11,0,0.12,1484.24,0,0,0,0,19.13,0.27,0,0,0,1.97,0.01,0,15.84,0.01
2025-11-07T04:55:00Z,-13.65,-242.45,0,0,0,59.46,0.11,0,0.48,1511.62,0,0,0,0,19.22,0.28,0,0,0,1.99,0.01,0,15.65,0
2025-11-07T05:00:00Z,-69.75,-224.77,0,0,0,58.79,0.11,0,0,1533.68,0,0,0,0,19.3,0.26,0,0,0,1.97,0.01,0,15.87,0
2025-11-07T05:05:00Z,-54.42,-245.62,0,0,0,59.46,0.11,0,0.22,1560.76,0,0,0,0,19.38,0.28,0,0,0,1.99,0.01,0,15.6,0
2025-11-07T05:10:00Z,-60.59,-275.12,0,-0.1,0,58.79,0.11,0,5.46,1599.1,0,0,0,0,19.47,0.31,0,0,0,1.97,0.01,0,15.07,0
2025-11-07T05:15:00Z,-52.48,-267.89,0,0,0,60.81,0.11,0,6.36,1570.64,0,0,0,0,19.55,0.31,0,0,0,2.04,0.01,0,15.79,0
2025-11-07T05:20:00Z,-71.32,-208.9,0,0,0,60.14,0.11,0,0.01,1555.84,0,0,0,0,19.63,0.24,0,0,0,2.01,0.01,0,15.98,0
2025-11-07T05:25:00Z,-79.79,-143.19,0,0,0,60.14,0.11,0,0.44,1502.44,0,0,0,0,19.72,0.17,0,0,0,2.01,0.01,0,16.58,0
2025-11-07T05:30:00Z,-33.95,-168.14,0,0,0,60.81,0.11,0,0.13,1485.37,0,0,0,0,19.8,0.22,0,0,0,2.04,0.01,0,16.25,30.39
2025-11-07T05:35:00Z,-4.82,-216.23,0,0,0,60.14,0.11,0,13.03,1499.07,0,0.71,0,0,19.85,0.28,0,0,0,2.01,0.01,0,15.47,29.23
2025-11-07T05:40:00Z,-0.08,-239.72,0,0,0,60.14,0.11,0,56.53,1506.91,0,1.42,0,0,19.9,0.3,0,0,0,2.01,0.01,0,14.92,28.01
2025-11-07T05:45:00Z,-1.83,-262.2,0,0,0,60.81,0.11,0,50.16,1551.27,0,2.12,0,0,19.95,0.32,0,0,0,2.04,0.01,0,14.74,48.75
2025-11-07T05:50:00Z,-15.3,-269.03,0,0,0,60.14,0.11,0,53,1559.52,0.04,2.83,0,0,20,0.32,0,0,0,2.01,0.01,0,14.62,52.08
2025-11-07T05:55:00Z,-2.09,-210.03,0,0,0,60.81,0.11,0,53.01,1482.95,0.07,3.54,0,0,20.05,0.27,0,0,0,2.04,0.01,0,15.33,31.31
2025-11-07T06:00:00Z,-0.1,-212.71,0,0,0,60.14,0.11,0,110.37,1419.32,0.79,4.25,0,0,20.1,0.27,0,0,0,2.01,0.01,0,15.2,46.14
2025-11-07T06:05:00Z,-25.97,-72.73,0,0,0,60.14,0.11,0,49.6,1375.17,0.91,11.81,0,0,20.08,0.1,0,0,0,2.01,0.01,0,16.48,56.7
2025-11-07T06:10:00Z,-8.2,-52.52,0,0,0,60.81,0.11,0,56.02,1341.28,3.2,19.37,0,0,20.07,0.07,0,0,0,2.04,0.01,0,16.64,59.55
2025-11-07T06:15:00Z,-26.66,0,27.76,0,0,60.14,0.11,0,53.79,1265.32,5.48,26.94,0,0,20.05,0,1.17,0,0,2.01,0.01,0,28.24,50.71
2025-11-07T06:20:00Z,-23.45,0,38.91,0,0,60.81,0.11,0,49.5,1264.6,6.21,34.5,0,0,20.03,0,1.64,0,0,2.04,0.01,0,32.66,48.69
2025-11-07T06:25:00Z,-35.64,0,52.33,0,0,60.81,0.11,0,51.28,1292.43,6.6,42.06,0,0,20.02,0,2.23,0,0,2.04,0.01,0,37.52,51.6
2025-11-07T06:30:00Z,-11.51,-15.24,0,0,0,60.14,0.11,0,56.7,1282.3,8.33,49.63,0,0,20,0.02,0,0,0,2.01,0.01,0,16.77,49.58
2025-11-07T06:35:00Z,-2.11,0,11.27,0,0,60.14,0.11,0,16.52,1284.89,10.65,63.17,0,0,19.98,0,0.53,0,0,2.01,0.01,0,21.5,8.8
2025-11-07T06:40:00Z,-31.41,0,34.57,0,0,60.81,0.1,0,1.69,1298.92,11.28,76.72,0,0,19.97,0,1.5,0,0,2.04,0.01,0,30.69,6.47
2025-11-07T06:45:00Z,-38.7,0,43.35,0,0,59.46,0.11,0,7.23,1319.18,11.83,90.27,0,0,19.95,0,1.8,0,0,1.99,0.01,0,32.38,0
2025-11-07T06:50:00Z,-13.88,0,112.34,0,0,60.14,0.11,0,19.99,1262.97,14.8,103.82,0,0,19.93,0,4.67,0,0,2.01,0.01,0,60.16,2.31
2025-11-07T06:55:00Z,-41.91,0,237.1,0,0,60.14,0.11,0,1.61,1199.64,15.6,117.36,0,0,19.92,0,9.17,0,0,2.01,0.01,0,120.38,0
2025-11-07T07:00:00Z,-34.88,0,244.99,0,0,60.14,0.11,0,0.23,1197.76,16.37,130.91,0,0,19.9,0,9.28,0,0,2.01,0.01,0,120.44,-0.2
2025-11-07T07:05:00Z,-46.88,0,245.3,0,0,60.14,0.11,0,0.32,1184.05,26.32,154.66,0,0,20.17,0,9.83,0,0,2.01,0.01,0,125.45,-6.2
2025-11-07T07:10:00Z,-14.5,0,160.16,0,0,60.14,0.11,0,26.27,1167,21.19,178.4,0.15,0,20.43,0,6.74,0,0,2.01,0.01,0,82.24,-3.27
2025-11-07T07:15:00Z,-10.66,0,99.8,0,0,60.14,0.11,0,40.99,1192.62,26.71,202.14,3.29,0,20.7,0,4.11,0,0,2.01,0.01,0,52.07,7.67
2025-11-07T07:20:00Z,-48.9,0,41.53,0,0,60.14,0.11,0,27.52,1245.85,42.91,225.89,3.23,0,20.97,0,1.66,0,0,2.01,0.01,0,29.23,37.89
2025-11-07T07:25:00Z,-4.13,-39.23,0,0,0,60.14,0.11,0,1.89,1226.58,48.83,249.63,3.29,0,21.23,0.06,0,0,0,2.01,0.01,0,15.24,0
2025-11-07T07:30:00Z,-4.74,0,33.27,0,0,60.81,0.11,0,8.71,1145.35,58.59,273.38,3.29,0,21.5,0,1.37,0,0,2.04,0.01,0,27.13,8.75
2025-11-07T07:35:00Z,-13.03,0,64.66,0,0,60.14,0.11,0,0.57,1120.55,45.27,305.09,3.29,0,21.63,0,2.66,0,0,2.01,0.01,0,38.6,8.78
2025-11-07T07:40:00Z,-0.12,-9.12,0,0,0,58.79,0.11,0,58.98,1089.6,64.45,336.81,4.88,0,21.77,0.01,0,0,0,1.97,0.01,0,14.71,39.65
2025-11-07T07:45:00Z,-12.14,-69.06,0,0,0,46.04,0.11,0,68.2,1113.01,72.71,368.52,5.04,0,21.9,0.08,0,0,0,1.54,0.01,0,11.08,0.66
2025-11-07T07:50:00Z,-5.89,-96.89,0,0,0,42.02,0.11,0,6.83,1179.8,77.06,400.24,2.67,0,22.03,0.1,0,0,0,1.41,0.01,0,9.8,-3.41
2025-11-07T07:55:00Z,-29.22,-137.64,0,0,0,42.02,0.11,0,20.73,1218.64,90.02,431.95,0,0,22.17,0.14,0,0,0,1.41,0.01,0,9.33,0
2025-11-07T08:00:00Z,-5.6,-216.06,0,0,0,41.34,0.11,0,36.46,1196.49,121.1,463.67,0,0,22.3,0.22,0,0,0,1.38,0.01,0,8.62,-3.38
2025-11-07T08:05:00Z,-15.77,-225.61,0,0,0,41.34,0.11,0,0.46,1230.01,128.35,521.3,0,0.38,22.38,0.22,0,0,0,1.38,0.01,0,8.34,-7.15
2025-11-07T08:10:00Z,-0.04,-361.12,0,0,0,40.67,0.11,0,58.26,1255.07,111.17,578.93,0,0.35,22.47,0.34,0,0,0,1.36,0.01,0,7.35,-8.91
2025-11-07T08:15:00Z,-36.99,-304.44,0,0,0,40.67,0.11,0,18.79,1221.93,128.69,636.56,48.15,0.83,22.55,0.3,0,0,0,1.36,0.01,0,7.55,-11.11
2025-11-07T08:20:00Z,-60.04,-137.88,0,0,0,41.34,0.11,0,12.39,1078.52,113.02,694.19,192.43,15.35,22.63,0.15,0,0,0,1.38,0.01,0,8.53,-8.91
2025-11-07T08:25:00Z,-60.73,-425.97,0,0,0,41.34,0.11,0,0.02,1234,166.47,751.82,57.52,1.25,22.72,0.41,0,0,0,1.38,0.01,0,6.89,-20
2025-11-07T08:30:00Z,-46.22,-156.92,0,0,0,41.34,0.11,0,29.05,1036.8,117.52,809.45,363.88,60.11,22.8,0.18,0,0,0,1.38,0.01,0,7.95,-11.66
2025-11-07T08:35:00Z,-51.73,-324.44,0,0,0,41.34,0.11,0,55.71,1110.69,145.48,838.55,281.48,44.81,22.67,0.33,0,0,0,1.38,0.01,0,6.99,-19.98
2025-11-07T08:40:00Z,-16.76,-234.73,0,0,0,40.67,0.11,0,5.72,1063.55,116.41,867.64,340.31,83.47,22.53,0.26,0,0,0,1.36,0.01,0,7.21,-10.8
2025-11-07T08:45:00Z,-102.47,-406.82,0,0,0,41.34,0.11,0,0,1073.37,253.47,896.74,282.37,1.82,22.4,0.41,0,0,0,1.38,0.01,0,6.68,-20
2025-11-07T08:50:00Z,-54.57,-301.96,0,0,0,42.02,0.11,0,5.9,956.36,256.27,925.84,537.56,85.77,22.27,0.34,0,0,0,1.41,0.01,0,7.05,-11.66
2025-11-07T08:55:00Z,-128.46,-384.33,0,0,0,40.67,0.11,0,0.04,1064.55,271.35,954.93,354.19,29.38,22.13,0.38,0,0,0,1.36,0.01,0,6.51,-11.11
2025-11-07T09:00:00Z,-147.89,-408.79,0,0,0,41.34,0.11,0,9.76,1044.99,274.94,984.03,356.77,37.25,22,0.41,0,0,0,1.38,0.01,0,6.52,-11.66
2025-11-07T09:05:00Z,-141.71,-311.08,0,0,0,41.34,0.11,0,0.13,997.36,245.28,1020.88,358.48,146.2,21.92,0.34,0,0,0,1.38,0.01,0,6.83,-10
2025-11-07T09:10:00Z,-74.56,-428.3,0,0,0,42.02,0.11,0,13.63,906.82,271.83,1057.74,308.68,39.07,21.83,0.49,0,0,0,1.41,0.01,0,6.19,-11.66
2025-11-07T09:15:00Z,-69.89,-187.65,0,0,0,41.34,0.11,0,13.61,746.92,206.24,1094.59,532.43,69.36,21.75,0.26,0,0,0,1.38,0.01,0,7.36,-10
2025-11-07T09:20:00Z,-35.78,-358.88,0,0,0,41.34,0.11,0,1.98,855.41,168.3,1131.45,376.38,27.82,21.67,0.47,0,0,0,1.38,0.01,0,6.14,-8.33
2025-11-07T09:25:00Z,-40.15,-635.89,0,0,0,42.02,0.11,0,0.05,997.71,205.43,1168.3,210.69,24.28,21.58,0.72,0,0,0,1.41,0.01,0,4.78,-8.29
2025-11-07T09:30:00Z,-28.73,-811,0,0,0,41.34,0.11,0,17.19,1037.33,369.76,1205.16,220.1,38.42,21.5,0.77,0,0,0,1.38,0.01,0,4.07,-10
2025-11-07T09:35:00Z,-79.38,-637.78,0,0,13,41.34,0.11,0,12.08,908.22,400.06,1228.13,359.31,50.21,21.52,0.93,0,0,0.62,1.38,0.01,0,6.87,-10
2025-11-07T09:40:00Z,-19.64,-661.72,0,0,20,41.34,0.11,0,8.67,1047.16,244.51,1251.1,198.44,93.92,21.53,1.14,0,0,0.96,1.38,0.01,0,7.51,-7.01
2025-11-07T09:45:00Z,-20.67,-686.23,0,0,25,40.67,0.11,0,3.22,1062.67,163.56,1274.07,146.34,53.99,21.55,1.36,0,0,1.2,1.36,0.01,0,7.78,-6.77
2025-11-07T09:50:00Z,-16.08,-765.54,0,0,32,40.67,0.11,0,1.95,1000.75,212.07,1297.04,184.78,40.91,21.57,1.73,0,0,1.54,1.36,0.01,0,7.84,-10.08
2025-11-07T09:55:00Z,-32.18,-660.62,0,0,35,40.67,0.11,0,0.22,762.3,359.77,1320.01,292.63,39.98,21.58,1.68,0,0,1.68,1.36,0.01,0,8.99,-10
2025-11-07T10:00:00Z,-33.65,-755.65,0,0,39,41.34,0.11,0,4.33,837.17,328.52,1342.98,209.3,52.68,21.6,1.97,0,0,1.87,1.38,0.01,0,8.59,-10.62
2025-11-07T10:05:00Z,-28.67,-592.79,0,0,42,41.34,0.11,0,5.62,707.22,311.15,1376.31,306.74,106.45,21.57,1.82,0,0,2.02,1.38,0.01,0,10.2,-10
2025-11-07T10:10:00Z,-15.04,-671.9,0,0,40,40.67,0.11,0,0,779.79,337.94,1409.63,193.91,58.49,21.53,1.84,0,0,1.92,1.36,0.01,0,9.02,-10
2025-11-07T10:15:00Z,-14.35,-636.03,0,0,40,40.67,0.11,0,0.05,790.82,285.74,1442.95,224.25,78.36,21.5,1.81,0,0,1.92,1.36,0.01,0,9.12,-2.86
2025-11-07T10:20:00Z,-54.66,-796.46,0,0,41,40.67,0.11,0,7.01,807.79,378.26,1476.28,148.56,62.97,21.47,2.08,0,0,1.97,1.36,0.01,0,7.91,-10.1
2025-11-07T10:25:00Z,-103.75,-642.88,0,0,41,40.67,0.11,0,0.52,751.65,386.77,1509.6,219.42,104.88,21.43,1.76,0,0,1.97,1.36,0.01,0,9.55,-10
2025-11-07T10:30:00Z,-104.25,-668.25,0,0,40,41.34,0.11,0,4.8,794.4,378.9,1542.92,221.53,117.82,21.4,1.76,0,0,1.92,1.38,0.01,0,9.19,-10
2025-11-07T10:35:00Z,-51.46,-744.13,0,0,43,41.34,0.11,0,29.18,822.52,413.02,1540.33,264.83,65.86,21.33,1.91,0,0,2.06,1.38,0.01,0,8.88,-8.5
2025-11-07T10:40:00Z,-102.29,-801.84,0,0,40,41.34,0.11,0,8.55,924.05,324.16,1537.74,216.32,92.46,21.27,1.98,0,0,1.92,1.38,0.01,0,8.08,-10.25
2025-11-07T10:45:00Z,-91.57,-609.87,0,0,42,40.67,0.11,0,7.1,802.98,384.18,1535.15,323.39,153.7,21.2,1.62,0,0,2.02,1.36,0.01,0,10.05,-3.25
2025-11-07T10:50:00Z,-81.63,-726.79,0,0,40,41.34,0.11,0,5.1,927.93,310.18,1532.56,182.41,159.02,21.13,1.82,0,0,1.92,1.38,0.01,0,8.75,-6.65
2025-11-07T10:55:00Z,-80.4,-735.91,0,0,42,41.34,0.11,0,11.37,935.5,308.6,1529.97,141.97,151.43,21.07,1.87,0,0,2.02,1.38,0.01,0,8.97,-10.16
2025-11-07T11:00:00Z,-64.96,-711.82,0,0,42,41.34,0.11,0,21.9,928.86,276.99,1527.38,197.42,192.19,21,1.85,0,0,2.02,1.38,0.01,0,9.06,-6.19
2025-11-07T11:05:00Z,-100.5,-770.4,0,0,41,41.34,0.11,0,9.69,1017.25,312.93,1512.25,154.16,149.72,21,1.82,0,0,1.97,1.38,0.01,0,8.95,-10
2025-11-07T11:10:00Z,-65.57,-740.31,0,0,43,40.67,0.11,0,5.46,1048.47,261.27,1497.12,200.47,189.07,21,1.82,0,0,2.06,1.36,0.01,0,9.28,-8.5
2025-11-07T11:15:00Z,-76.95,-857.47,0,0,40,41.34,0.11,0,0,1109.43,327.51,1481.99,142.2,176.93,21,1.87,0,0,1.92,1.38,0.01,0,8.37,-10.82
2025-11-07T11:20:00Z,-81.95,-676.77,0,0,43,41.34,0.11,0,1.16,910.62,307.86,1466.86,346.58,207.69,21,1.79,0,0,2.06,1.38,0.01,0,9.91,-10
2025-11-07T11:25:00Z,-63.56,-768.4,0,0,45,41.34,0.11,0,11.5,993.11,278.95,1451.73,220.01,220.84,21,1.99,0,0,2.16,1.38,0.01,0,9.4,-10.41
2025-11-07T11:30:00Z,-115.01,-737.58,0,0,40,41.34,0.11,0,4.65,958.13,318.23,1436.6,309.81,216.48,21,1.79,0,0,1.92,1.38,0.01,0,9.36,-10.41
2025-11-07T11:35:00Z,-113.74,-722.83,0,0,40,41.34,0.11,0,0.03,923.9,314.94,1453.61,373.48,244.7,20.88,1.81,0,0,1.92,1.38,0.01,0,9.28,-10.85
2025-11-07T11:40:00Z,-175.98,-625.39,0,0,40,41.34,0.11,0,0,888.27,318.02,1470.62,374.99,234.28,20.77,1.61,0,0,1.92,1.38,0.01,0,10.44,-10
2025-11-07T11:45:00Z,-181.91,-649.84,0,0,40,42.02,0.1,0,0,920.37,280.23,1487.63,380.99,190.17,20.65,1.69,0,0,1.92,1.41,0.01,0,10.18,-10
2025-11-07T11:50:00Z,-162,-749.59,0,0,40,41.34,0.11,0,4.05,995.6,301.3,1504.64,391.14,181.55,20.53,1.8,0,0,1.92,1.38,0.01,0,9.21,-11.11
2025-11-07T11:55:00Z,-114.95,-687.59,0,0,42,41.34,0.1,0,8.55,888.55,259.42,1521.65,456.51,311.82,20.42,1.89,0,0,2.02,1.38,0.01,0,9.29,-11.11
2025-11-07T12:00:00Z,-210.3,-595.93,0,0,40,41.34,0.11,0,0,905.59,238.51,1538.66,442.2,313.7,20.3,1.61,0,0,1.92,1.38,0.01,0,10.42,-11.66
2025-11-07T12:05:00Z,-219.33,-575.19,0,0,40,41.34,0.11,0,0,915.02,217.87,1539.2,524.59,333.79,20.45,1.57,0,0,1.92,1.38,0.01,0,10.67,-11.66
2025-11-07T12:10:00Z,-258.07,-483.8,0,0,40,41.34,0.11,0,0,868.2,195.63,1539.74,569.35,362.79,20.6,1.4,0,0,1.92,1.38,0.01,0,11.81,-12.59
2025-11-07T12:15:00Z,-200.89,-533.02,0,0,43,41.34,0.11,0,8.06,858.85,188.47,1540.28,628.88,364.38,20.75,1.62,0,0,2.06,1.38,0.01,0,11.34,-11.66
2025-11-07T12:20:00Z,-239.03,-578.14,0,0,40,41.34,0.11,0,0,927.2,205.12,1540.82,599.02,358.52,20.9,1.58,0,0,1.92,1.38,0.01,0,10.74,-11.66
2025-11-07T12:25:00Z,-220.14,-564.19,0,0,40,41.34,0.11,0,0.44,905.64,195,1541.36,619.63,365.33,21.05,1.58,0,0,1.92,1.38,0.01,0,10.71,-16.15
2025-11-07T12:30:00Z,-273.69,-407.7,0,0,40,41.34,0.11,0,0,841.73,144.82,1541.89,698.43,425.46,21.2,1.26,0,0,1.92,1.38,0.01,0,12.74,-15.79
2025-11-07T12:35:00Z,-255.24,-422.06,0,0,40,41.34,0.11,0,0,839.36,129.71,1548.98,683.21,427.97,21.17,1.33,0,0,1.92,1.38,0.01,0,12.36,-12.33
2025-11-07T12:40:00Z,-102.96,-676.87,0,0,45,41.34,0.11,0,11.36,875.55,193.11,1556.07,688.69,318.49,21.13,2.06,0,0,2.16,1.38,0.01,0,9.21,-11.97
2025-11-07T12:45:00Z,-80.4,-737.13,0,0,43,40.67,0.11,0,18.81,901.44,199.61,1563.15,689.18,363.78,21.1,2.1,0,0,2.06,1.36,0.01,0,8.19,-14
2025-11-07T12:50:00Z,-35.84,-766.67,0,0,43,41.34,0.11,0,9.26,917.21,179.51,1570.24,731.44,380.34,21.07,2.22,0,0,2.06,1.38,0.01,0,7.54,-14
2025-11-07T12:55:00Z,-37.42,-778.58,0,0,41,41.34,0.11,0,3.73,936.54,175.18,1577.32,747.42,373.22,21.03,2.18,0,0,1.97,1.38,0.01,0,7.2,-15.08
2025-11-07T13:00:00Z,-84.74,-718.1,0,0,44,40.67,0.11,0,13.54,946.96,161.14,1584.41,774.74,408.63,21,2.07,0,0,2.11,1.36,0.01,0,8.5,-11.7
2025-11-07T13:05:00Z,-80.07,-834.85,0,0,44,40.67,0.11,0,30.33,981.4,198.57,1582.74,749.31,359.85,20.97,2.24,0,0,2.11,1.36,0.01,0,7.56,-18.05
2025-11-07T13:10:00Z,-120.4,-711.23,0,0,41,40.67,0.11,0,0,993.01,140.14,1581.06,720.86,425.36,20.93,1.95,0,0,1.97,1.36,0.01,0,8.45,-14
2025-11-07T13:15:00Z,-133.98,-708.31,0,0,40,40.67,0.11,0,0.29,969.49,141.36,1579.39,763.74,403.87,20.9,1.95,0,0,1.92,1.36,0.01,0,8.3,-11.66
2025-11-07T13:20:00Z,-184.7,-718.04,0,0,45,40.67,0.11,0,17.24,1031.81,104.86,1577.72,686.81,467.88,20.87,2.04,0,0,2.16,1.36,0.01,0,9.3,-18.92
2025-11-07T13:25:00Z,-77.4,-678.88,0,0,40,41.34,0.11,0,0.22,983.99,28.6,1576.05,831.22,539.5,20.83,2.05,0,0,1.92,1.38,0.01,0,7.88,0
2025-11-07T13:30:00Z,-218.25,-568.86,0,0,40,40.67,0.11,0,2.87,1018.08,18.77,1574.37,764.78,525.68,20.8,1.67,0,0,1.92,1.36,0.01,0,10.18,-20
2025-11-07T13:35:00Z,-103.96,-654.32,0,0,47,41.34,0.11,0,46.64,934.46,21.26,1566.77,902.26,529.55,20.72,2.19,0,0,2.26,1.38,0.01,0,9.22,-20.73
2025-11-07T13:40:00Z,-156.69,-577.25,0,0,46,41.34,0.11,0,32.64,951.37,21.42,1559.17,861.39,540.7,20.63,1.9,0,0,2.21,1.38,0.01,0,10.62,-20.88
2025-11-07T13:45:00Z,-25.49,-602.09,0,0,47,41.34,0.11,0,18.41,890.82,21.32,1551.57,985.15,501.52,20.55,2.15,0,0,2.26,1.38,0.01,0,9.21,-18.12
2025-11-07T13:50:00Z,-79.91,-646.08,0,0,49,40.67,0.11,0,34.7,984.47,21.19,1543.97,884.18,515.84,20.47,2.13,0,0,2.35,1.36,0.01,0,9.81,-21.21
2025-11-07T13:55:00Z,-71.38,-653.9,0,0,48,41.34,0.11,0,70.93,947,21.25,1536.37,951.98,515.05,20.38,2.14,0,0,2.3,1.38,0.01,0,9.61,-21.48
2025-11-07T14:00:00Z,-96.41,-549.69,0,0,56,41.34,0.11,0,33.48,901.06,23.33,1528.77,1010.24,504.52,20.3,2.12,0,0,2.69,1.38,0.01,0,12.1,-20
2025-11-07T14:05:00Z,-117.53,-506.01,0,0,57,41.34,0.11,0,23.83,900.59,20.21,1505.07,1042.6,443.51,20.18,2,0,0,2.74,1.38,0.01,0,13.25,-20
2025-11-07T14:10:00Z,-41.24,-444.26,0,0,53,41.34,0.11,0,11.29,840.47,16.67,1481.37,1127.35,441.48,20.07,1.82,0,0,2.54,1.38,0.01,0,12.98,-20
2025-11-07T14:15:00Z,-32.81,-480.53,0,0,53,41.34,0.11,0,13.46,872.23,16.93,1457.67,1102.7,454.92,19.95,1.9,0,0,2.54,1.38,0.01,0,12.6,-20
2025-11-07T14:20:00Z,-30.35,-483.97,0,0,55,41.34,0.11,0,21.18,915.79,13.22,1433.97,1068.98,472.89,19.83,1.86,0,0,2.64,1.38,0.01,0,13.22,-20
2025-11-07T14:25:00Z,-59.08,-551.07,0,0,54,40.67,0.11,0,9.12,1004.93,19.81,1410.27,1025.55,519.46,19.72,1.93,0,0,2.59,1.36,0.01,0,12.61,-20.21
2025-11-07T14:30:00Z,-150.83,-433.2,0,0,53,41.34,0.11,0,3.48,1003.38,14.89,1386.57,1032.53,513.62,19.6,1.53,0,0,2.54,1.38,0.01,0,15.06,-20
2025-11-07T14:35:00Z,-45.04,-533.67,0,0,49,41.34,0.11,0,12.98,989.86,21.55,1360.33,1084.19,481.69,19.7,1.79,0,0,2.35,1.38,0.01,0,12.35,-16.63
2025-11-07T14:40:00Z,-55.71,-557.41,0,0,45,41.34,0.11,0,7.36,1026.44,15.29,1334.09,1027.5,494.82,19.8,1.74,0,0,2.16,1.38,0.01,0,11.68,-16.47
2025-11-07T14:45:00Z,-91.36,-542.59,0,0,40,42.02,0.11,0,2.35,1087.66,22.36,1307.85,954.11,532.11,19.9,1.51,0,0,1.92,1.41,0.01,0,11.68,-17.87
2025-11-07T14:50:00Z,-71.63,-506.59,0,0,43,41.34,0.11,0,15.45,1035.64,19.52,1281.61,1006.13,546.64,20,1.52,0,0,2.06,1.38,0.01,0,12.52,-20
2025-11-07T14:55:00Z,-75.1,-397.66,0,0,43,42.02,0.11,0,14.63,930.13,18.95,1255.38,1053.02,450.89,20.1,1.32,0,0,2.06,1.41,0.01,0,14.14,-20.01
2025-11-07T15:00:00Z,-70.03,-297.94,0,0,39,40.67,0.11,0,9.7,843.1,15.8,1229.14,1182.09,485.09,20.2,1.02,0,0,1.87,1.36,0.01,0,14.74,-20
2025-11-07T15:05:00Z,-93.58,-263.53,0,0,40,41.34,0.11,0,0,845.11,18.57,1216.45,1180.16,514.27,20.23,0.92,0,0,1.92,1.38,0.01,0,15.88,-20
2025-11-07T15:10:00Z,-77.05,-417.87,0,0,43,41.34,0.11,0,45.4,951.84,15.97,1203.76,1054.86,504.42,20.27,1.32,0,0,2.06,1.38,0.01,0,14.21,-20
2025-11-07T15:15:00Z,-39.14,-389.78,0,0,42,41.34,0.1,0,37.91,935.39,13.98,1191.07,1098.11,480.28,20.3,1.24,0,0,2.02,1.38,0.01,0,14.18,-20
2025-11-07T15:20:00Z,-44.47,-391.53,0,0,44,41.34,0.11,0,21.85,965.85,13.78,1178.38,1055.79,462.51,20.33,1.26,0,0,2.11,1.38,0.01,0,14.7,-20
2025-11-07T15:25:00Z,-49.28,-362.89,0,0,43,41.34,0.11,0,60.4,926.66,14.45,1165.69,1153.12,462.58,20.37,1.15,0,0,2.06,1.38,0.01,0,15.01,-11.8
2025-11-07T15:30:00Z,-72.58,-438.49,0,0,44,41.34,0.11,0,15.53,1050.68,63.84,1152.99,964.84,237.81,20.4,1.26,0,0,2.11,1.38,0.01,0,14.47,-20
2025-11-07T15:35:00Z,-33.29,-329.72,0,0,41,41.34,0.11,0,13.37,987.9,14.91,1117.68,1103.46,261.81,20.17,1.01,0,0,1.97,1.38,0.01,0,15.22,-20
2025-11-07T15:40:00Z,-22.34,-300.06,0,0,45,41.34,0.11,0,80.68,919.95,15.64,1082.36,1190.21,321.09,19.93,0.97,0,0,2.16,1.38,0.01,0,16.65,-10.2
2025-11-07T15:45:00Z,-22.5,-542.75,0,0,45,42.02,0.11,0,24.76,1172.65,96.36,1047.04,860.26,108.05,19.7,1.4,0,0,2.16,1.41,0.01,0,13.97,-8.87
2025-11-07T15:50:00Z,-4.04,-615.63,0,0,40,40.67,0.11,0,7.67,1287.65,106.54,1011.73,772.82,91.81,19.47,1.37,0,0,1.92,1.36,0.01,0,12.31,-10
2025-11-07T15:55:00Z,-0.02,-699.64,0,0,44,40.67,0.11,0,92.9,1315.93,98.41,976.41,771.17,137.38,19.23,1.53,0,0,2.11,1.36,0.01,0,12.53,-11.27
2025-11-07T16:00:00Z,-19.14,-727.03,0,0,40,40.67,0.11,0,18.67,1482.9,90.67,941.09,613.49,233.58,19,1.43,0,0,1.92,1.36,0.01,0,11.94,-10
2025-11-07T16:05:00Z,-6.31,-660.02,0,0,41,40.67,0.11,0,27.45,1378.14,99.57,897.37,671.43,174.47,18.67,1.39,0,0,1.97,1.36,0.01,0,12.86,-10
2025-11-07T16:10:00Z,-23.22,-573.33,0,0,23,40.67,0.11,0,15.28,1345.94,109.79,853.66,580.75,153.75,18.33,0.92,0,0,1.1,1.36,0.01,0,10.37,-10.18
2025-11-07T16:15:00Z,-19.66,-597.05,0,0,0,40.67,0.11,0,22.47,1467.97,103.13,809.94,645.4,233.71,18,0.5,0,0,0,1.36,0.01,0,5.7,-11.66
2025-11-07T16:20:00Z,-0.56,-521.72,0,0,0,40.67,0.11,0,25.47,1462.68,72.24,766.22,615.81,230.64,17.67,0.45,0,0,0,1.36,0.01,0,6,-19.98
2025-11-07T16:25:00Z,-0.11,-374.71,0,0,0,40.67,0.11,0,36.26,1379.65,18.67,722.51,755.74,186.59,17.33,0.35,0,0,0,1.36,0.01,0,6.72,-10
2025-11-07T16:30:00Z,-19.48,-529.08,0,0,0,40.67,0.11,0,8.86,1558.26,81.46,678.79,504.8,159.33,17,0.43,0,0,0,1.36,0.01,0,6.2,-3.34
2025-11-07T16:35:00Z,-6.79,-587.28,0,0,0,40.67,0.11,0,4.18,1665.16,73.02,629.97,477.26,148.68,16.93,0.45,0,0,0,1.36,0.01,0,6.06,-9.82
2025-11-07T16:40:00Z,-9.8,-626.14,0,0,0,41.34,0.11,0,0.01,1656.23,78.31,581.15,465.91,110.56,16.87,0.49,0,0,0,1.38,0.01,0,6.28,-7.57
2025-11-07T16:45:00Z,-26.4,-512.24,0,0,0,41.34,0.11,0,0,1665.42,118.04,532.34,389.72,76.66,16.8,0.39,0,0,0,1.38,0.01,0,6.6,-8.5
2025-11-07T16:50:00Z,-11.51,-713.05,0,0,0,41.34,0.11,0,1.95,1885.94,74.38,483.52,176.38,34.18,16.73,0.5,0,0,0,1.38,0.01,0,6.1,-10
2025-11-07T16:55:00Z,0,-800.45,0,0,0,42.02,0.11,0,46.14,1909.73,84.57,434.7,210.53,24.35,16.67,0.54,0,0,0,1.41,0.01,0,6.08,-10
2025-11-07T17:00:00Z,-0.03,-630.08,0,0,0,41.34,0.11,0,15.7,1781.64,65.6,385.88,309.88,39.92,16.6,0.46,0,0,0,1.38,0.01,0,6.73,-6.49
2025-11-07T17:05:00Z,-0.14,-648.81,0,0,0,40.67,0.11,0,39.02,1786.28,70.11,368.39,260.95,35.66,16.53,0.46,0,0,0,1.36,0.01,0,6.6,-6.62
2025-11-07T17:10:00Z,-9.58,-582.67,0,0,0,41.34,0.11,0,22.41,1723.27,81.86,350.89,316.41,21.84,16.47,0.43,0,0,0,1.38,0.01,0,7.06,-9.27
2025-11-07T17:15:00Z,0,-664.74,0,0,0,41.34,0.11,0,58.73,1725.75,104.95,333.4,339.15,8.47,16.4,0.48,0,0,0,1.38,0.01,0,6.84,-8.1
2025-11-07T17:20:00Z,-0.04,-734.32,0,0,0,42.02,0.11,0,119.11,1785.32,112.55,315.91,302.53,0,16.33,0.5,0,0,0,1.41,0.01,0,6.65,-7.26
2025-11-07T17:25:00Z,-6.18,-746.52,0,0,0,41.34,0.11,0,40.97,1916.02,104.88,298.41,198.9,0,16.27,0.49,0,0,0,1.38,0.01,0,6.53,-9.96
2025-11-07T17:30:00Z,-0.98,-730.92,0,0,0,41.34,0.11,0,18.04,1976,72.63,280.92,256.03,0,16.2,0.48,0,0,0,1.38,0.01,0,6.58,2.43
2025-11-07T17:35:00Z,-2.93,-729.05,0,0,0,42.02,0.11,0,8.59,2011.5,67.71,267.55,151.41,0,16.1,0.48,0,0,0,1.41,0.01,0,6.7,-6.86
2025-11-07T17:40:00Z,-7.62,-730.67,0,0,0,41.34,0.11,0,8.33,1990.12,74.43,254.18,159.19,0,16,0.48,0,0,0,1.38,0.01,0,6.7,-5.83
2025-11-07T17:45:00Z,-1.97,-720.14,0,0,0,42.02,0.11,0,10.19,1932.89,92.92,240.82,234.17,0,15.9,0.49,0,0,0,1.41,0.01,0,6.94,-6.86
2025-11-07T17:50:00Z,-0.2,-733.55,0,0,0,42.02,0.11,0,11.12,1958.45,128.99,227.45,196.68,0,15.8,0.48,0,0,0,1.41,0.01,0,6.82,7.75
2025-11-07T17:55:00Z,-2.47,-700.48,0,0,0,42.02,0.11,0,11.93,1932.3,128.57,214.08,201.58,0,15.7,0.47,0,0,0,1.41,0.01,0,6.98,5.83
2025-11-07T18:00:00Z,-7.2,-684.32,0,0,0,42.02,0.11,0,22.99,1966.61,118.05,200.72,180.03,0,15.6,0.45,0,0,0,1.41,0.01,0,6.97,6.05
2025-11-07T18:05:00Z,-14.74,-587.38,0,0,0,41.34,0.11,0,1.94,1964.78,60.66,189.15,166.97,0,15.58,0.4,0,0,0,1.38,0.01,0,7.22,-0.47
2025-11-07T18:10:00Z,-4.17,-632.15,0,0,0,41.34,0.11,0,8.22,1963.08,49.47,177.58,181.7,3.65,15.57,0.43,0,0,0,1.38,0.01,0,7.22,-6.39
2025-11-07T18:15:00Z,-2.09,-575.88,0,0,0,41.34,0.11,0,6.82,1951.25,41.85,166.01,217.09,4.96,15.55,0.39,0,0,0,1.38,0.01,0,7.36,5.01
2025-11-07T18:20:00Z,-99.46,-614.88,0,0,0,42.02,0.11,0,41.41,2043.62,40.12,154.44,98.89,0,15.53,0.4,0,0,0,1.41,0.01,0,7.56,0
2025-11-07T18:25:00Z,-9.01,-672.67,0,0,0,40.67,0.11,0,62.18,2015.1,39.45,142.87,126.09,3.52,15.52,0.43,0,0,0,1.36,0.01,0,6.98,-8.14
2025-11-07T18:30:00Z,-2.7,-617.32,0,0,0,41.34,0.11,0,27.09,2001.31,34.22,131.3,119.17,6.22,15.5,0.41,0,0,0,1.38,0.01,0,7.3,-5.7
2025-11-07T18:35:00Z,-3.16,-601.91,0,0,0,41.34,0.11,0,16.41,2016.72,32.44,117.03,89.14,6.72,15.4,0.4,0,0,0,1.38,0.01,0,7.37,0
2025-11-07T18:40:00Z,-1.77,-618.22,0,0,0,41.34,0.11,0,21.72,2031.24,26.75,102.77,77.53,0,15.3,0.41,0,0,0,1.38,0.01,0,7.38,11.56
2025-11-07T18:45:00Z,-0.98,-611.05,0,0,0,41.34,0.11,0,22.3,2038.8,22.86,88.5,65.16,0,15.2,0.4,0,0,0,1.38,0.01,0,7.43,11.74
2025-11-07T18:50:00Z,-0.4,-622.47,0,0,0,42.02,0.11,0,221.56,1856.82,19.23,74.23,297.03,2.19,15.1,0.41,0,0,0,1.41,0.01,0,7.56,11.68
2025-11-07T18:55:00Z,-1.21,-613.86,0,0,0,40.67,0.11,0,60.68,2030.6,16.03,59.96,92.55,0,15,0.39,0,0,0,1.36,0.01,0,7.36,11.69
2025-11-07T19:00:00Z,-1.23,-638.29,0,0,0,42.02,0.11,0,45.63,2050.19,15.69,45.69,80.53,0,14.9,0.42,0,0,0,1.41,0.01,0,7.65,11.62
2025-11-07T19:05:00Z,-2.12,-583.31,0,0,0,41.34,0.11,0,23.01,2044.78,9.54,38.6,74.58,0,14.82,0.38,0,0,0,1.38,0.01,0,7.7,11.69
2025-11-07T19:10:00Z,-3.48,-616.95,0,0,0,41.34,0.1,0,34.5,2057.16,4.49,31.5,71.39,0,14.73,0.4,0,0,0,1.38,0.01,0,7.67,7.74
2025-11-07T19:15:00Z,-2.68,-563.62,0,0,0,41.34,0.11,0,37.01,2037.65,2.26,24.41,71.22,0,14.65,0.37,0,0,0,1.38,0.01,0,7.77,11.84
2025-11-07T19:20:00Z,-0.59,-593.28,0,0,0,42.02,0.1,0,31.14,2042.72,0.56,17.31,47.26,0,14.57,0.4,0,0,0,1.41,0.01,0,7.93,16.52
2025-11-07T19:25:00Z,-3.17,-592.46,0,0,0,41.34,0.11,0,36.15,2050.1,0.14,10.22,33.08,0,14.48,0.39,0,0,0,1.38,0.01,0,7.81,11.65
2025-11-07T19:30:00Z,-3.27,-604.92,0,0,0,41.34,0.11,0,36.97,2060.68,0.06,3.13,33.14,0,14.4,0.39,0,0,0,1.38,0.01,0,7.81,11.71
2025-11-07T19:35:00Z,-0.95,-583.65,0,0,0,41.34,0.11,0,228.61,1861.44,0.06,2.6,250.48,0,14.35,0.38,0,0,0,1.38,0.01,0,7.82,16.72
2025-11-07T19:40:00Z,-0.63,-576.21,0,0,0,41.34,0.1,0,225.77,1847.24,0.06,2.08,234.11,0,14.3,0.38,0,0,0,1.38,0.01,0,7.89,11.78
2025-11-07T19:45:00Z,-1.12,-535.12,0,0,0,42.02,0.11,0,29.99,2037.63,0.02,1.56,17.57,0,14.25,0.36,0,0,0,1.41,0.01,0,8.04,16.84
2025-11-07T19:50:00Z,-3.08,-556.05,0,0,0,41.34,0.11,0,31.93,2039.17,0.02,1.04,32.52,0,14.2,0.37,0,0,0,1.38,0.01,0,7.91,11.85
2025-11-07T19:55:00Z,-3.34,-564.23,0,0,0,41.34,0.11,0,31.79,2040.51,0.02,0.52,33.84,0,14.15,0.37,0,0,0,1.38,0.01,0,7.91,11.01
2025-11-07T20:00:00Z,-10.96,-590.21,0,0,0,41.34,0.1,0,3.75,2081.04,0.02,0,26.47,0,14.1,0.39,0,0,0,1.38,0.01,0,7.91,-3.08
2025-11-07T20:05:00Z,-3.12,-570.81,0,0,0,40.67,0.11,0,80.35,1999.76,0.02,0,94.07,0,14.05,0.37,0,0,0,1.36,0.01,0,7.76,-6.35
2025-11-07T20:10:00Z,-1.29,-567.34,0,0,0,41.34,0.1,0,41.69,2035.44,0.02,0,42.67,0,14,0.37,0,0,0,1.38,0.01,0,7.88,0.01
2025-11-07T20:15:00Z,-1.78,-590.84,0,0,0,40.67,0.11,0,38.13,2049.11,0,0,27.92,0,13.95,0.38,0,0,0,1.36,0.01,0,7.73,-5.05
2025-11-07T20:20:00Z,-0.99,-587,0,0,0,41.34,0.11,0,71.95,2015.16,0,0,33.66,0,13.9,0.38,0,0,0,1.38,0.01,0,7.85,-11.66
2025-11-07T20:25:00Z,-11.78,-478.01,0,0,0,41.34,0.11,0,0.74,1989.92,0,0,48.4,0,13.85,0.33,0,0,0,1.38,0.01,0,8.28,-11.66
2025-11-07T20:30:00Z,-12.27,-471.46,0,0,0,40.67,0.11,0,0,1985.65,0,0,35.65,0,13.8,0.32,0,0,0,1.36,0.01,0,8.17,-10.8
2025-11-07T20:35:00Z,-0.65,-468.44,0,0,0,40.67,0.1,0,30.17,1917.17,0,0,67.77,0,13.77,0.32,0,0,0,1.36,0.01,0,8.26,-10
2025-11-07T20:40:00Z,-0.1,-564.77,0,0,0,41.34,0.11,0,91.04,1971.7,0,0,21.01,0,13.73,0.37,0,0,0,1.38,0.01,0,7.94,-10
2025-11-07T20:45:00Z,-0.45,-510.42,0,0,0,40.67,0.1,0,44.6,1964.4,0,0,74.29,0,13.7,0.34,0,0,0,1.36,0.01,0,8.01,-10
2025-11-07T20:50:00Z,-0.5,-484.31,0,0,0,41.34,0.11,0,42.43,1930.06,0,0,96.29,0,13.67,0.33,0,0,0,1.38,0.01,0,8.29,-10
2025-11-07T20:55:00Z,-0.8,-439.18,0,0,0,40.67,0.1,0,34.31,1876.98,0,0,107.81,0,13.63,0.31,0,0,0,1.36,0.01,0,8.42,-7.98
2025-11-07T21:00:00Z,-0.63,-503.05,0,0,0,41.34,0.11,0,36.66,1931.75,0,0,35.4,0,13.6,0.35,0,0,0,1.38,0.01,0,8.31,-7.98
2025-11-07T21:05:00Z,-0.37,-514.7,0,0,0,42.02,0.11,0,42.64,1938.68,0,0,32.36,0,13.55,0.36,0,0,0,1.41,0.01,0,8.39,8.06
2025-11-07T21:10:00Z,-2.26,-528.32,0,0,0,40.67,0.11,0,25.88,1957.76,0,0,28.05,0,13.5,0.36,0,0,0,1.36,0.01,0,8.13,-10
2025-11-07T21:15:00Z,-0.65,-519.81,0,0,0,41.34,0.11,0,24.63,1936.54,0,0,49.62,0,13.45,0.36,0,0,0,1.38,0.01,0,8.34,-10
2025-11-07T21:20:00Z,-0.49,-443.14,0,0,0,40.67,0.11,0,25.95,1865.58,0,0,63.11,0,13.4,0.31,0,0,0,1.36,0.01,0,8.5,-10
2025-11-07T21:25:00Z,-0.56,-444.8,0,0,0,40.67,0.11,0,38.52,1843.21,0,0,91.37,0,13.35,0.32,0,0,0,1.36,0.01,0,8.55,-10
2025-11-07T21:30:00Z,-2.02,-460.04,0,-0.1,0,41.34,0.11,0,31.18,1855.05,0,0,79.73,0,13.3,0.33,0,0,0,1.38,0.01,0,8.67,-10
2025-11-07T21:35:00Z,-1.98,-479.33,0,0,0,41.34,0.11,0,29.75,1862.55,0,0,119.51,0,13.15,0.34,0,0,0,1.38,0.01,0,8.65,-10
2025-11-07T21:40:00Z,-0.31,-446.74,0,0,0,40.67,0.11,0,36.19,1838.85,0,0,145.12,0,13,0.32,0,0,0,1.36,0.01,0,8.58,-10
2025-11-07T21:45:00Z,-1.06,-456.72,0,0,0,40.67,0.11,0,23.45,1814.54,0,0,141.41,0,12.85,0.33,0,0,0,1.36,0.01,0,8.75,-10.8
2025-11-07T21:50:00Z,-0.69,-364.42,0,0,0,41.34,0.11,0,5.43,1722.26,0,0,197.43,0,12.7,0.29,0,0,0,1.38,0.01,0,9.44,-11.66
2025-11-07T21:55:00Z,-1.55,-267.93,0,0,0,40.67,0.11,0,9.64,1631.35,0,0,224.1,0,12.55,0.22,0,0,0,1.36,0.01,0,9.78,-11.66
2025-11-07T22:00:00Z,-0.28,-229.19,0,0,0,40.67,0.11,0,26.81,1548.49,0,0,270.19,0,12.4,0.19,0,0,0,1.36,0.01,0,10.17,0
2025-11-07T22:05:00Z,-1.08,-291.95,0,0,0,40.67,0.1,0,6.66,1635.5,0,0,195.41,0,12.42,0.24,0,0,0,1.36,0.01,0,9.76,-8.5
2025-11-07T22:10:00Z,-6.44,-313.38,0,0,0,41.34,0.11,0,0,1660.86,0,0,179.41,0,12.43,0.26,0,0,0,1.38,0.01,0,9.85,-10
2025-11-07T22:15:00Z,-9.88,-246.17,0,0,0,40.67,0.1,0,0.2,1593.05,0,0,178.08,0,12.45,0.21,0,0,0,1.36,0.01,0,10.12,0
2025-11-07T22:20:00Z,-0.61,-320.27,0,0,0,41.34,0.11,0,2.07,1652.27,0,0,179.21,0,12.47,0.26,0,0,0,1.38,0.01,0,9.85,-10
2025-11-07T22:25:00Z,-13,-272.62,0,0,0,40.67,0.11,0,0.01,1618.05,0,0,186.86,0,12.48,0.22,0,0,0,1.36,0.01,0,10,-10
2025-11-07T22:30:00Z,-12.91,-315.69,0,0,0,40.67,0.1,0,0,1646.3,0,0,162.96,0,12.5,0.26,0,0,0,1.36,0.01,0,9.83,-11.66
2025-11-07T22:35:00Z,-0.92,-252.08,0,0,0,40.67,0.1,0,1.25,1541.77,0,0,273.96,0,12.45,0.22,0,0,0,1.36,0.01,0,10.38,-11.66
2025-11-07T22:40:00Z,-5.94,-220.12,0,0,0,41.34,0.11,0,0,1520.32,0,0,261.8,0,12.4,0.2,0,0,0,1.38,0.01,0,10.74,-10
2025-11-07T22:45:00Z,-0.69,-258.6,0,0,0,40.67,0.11,0,1.84,1541.51,0,0,295.61,0,12.35,0.22,0,0,0,1.36,0.01,0,10.37,-11.66
2025-11-07T22:50:00Z,-0.44,-248.63,0,0,0,40.67,0.11,0,2.06,1518.94,0,0,351.89,0,12.3,0.22,0,0,0,1.36,0.01,0,10.52,-10
2025-11-07T22:55:00Z,-0.35,-163.68,0,0,0,40.67,0.1,0,3.17,1426.27,0,0,414.37,0,12.25,0.15,0,0,0,1.36,0.01,0,11.17,-8.5
2025-11-07T23:00:00Z,-0.15,-265.73,0,0,0,41.34,0.11,0,20.83,1520.67,0,0,328.04,0,12.2,0.23,0,0,0,1.38,0.01,0,10.55,-10
2025-11-07T23:05:00Z,-2,-228.61,0,-0.1,0,40.67,0.11,0,9.23,1504.76,0,0,276.33,0,12.22,0.2,0,0,0,1.36,0.01,0,10.58,-10
2025-11-07T23:10:00Z,-0.31,-372.44,0,0,0,40.67,0.11,0,32.52,1613.43,0,0,204.4,0,12.23,0.3,0,0,0,1.36,0.01,0,9.74,-10
2025-11-07T23:15:00Z,-3.26,-335.82,0,0,0,40.67,0.1,0,9.62,1600.91,0,0,174.92,0,12.25,0.28,0,0,0,1.36,0.01,0,9.97,-10
2025-11-07T23:20:00Z,-7.86,-267.92,0,-0.1,0,41.34,0.11,0,0.02,1517.76,0,0,261.06,0,12.27,0.24,0,0,0,1.38,0.01,0,10.77,-10
2025-11-07T23:25:00Z,-0.72,-273.5,0,-0.1,0,40.67,0.11,0,0.8,1521.45,0,0,227.07,0,12.28,0.24,0,0,0,1.36,0.01,0,10.52,-10
2025-11-07T23:30:00Z,-10.64,-332.02,0,0,0,40.67,0.11,0,1.27,1579.27,0,0,202.43,0,12.3,0.28,0,0,0,1.36,0.01,0,10.22,-10
2025-11-07T23:35:00Z,-1.14,-318.84,0,0,0,40.67,0.11,0,12.63,1561.75,0,0,263.34,0,12.3,0.27,0,0,0,1.36,0.01,0,10.18,-10
2025-11-07T23:40:00Z,-5.4,-291.62,0,0,0,41.34,0.11,0,9.03,1591.06,0,0,263.12,0,12.3,0.25,0,0,0,1.38,0.01,0,10.21,-10
2025-11-07T23:45:00Z,-6.07,-295.01,0,0,0,41.34,0.11,0,1.03,1609.34,0,0,260.54,0,12.3,0.25,0,0,0,1.38,0.01,0,10.15,-10
2025-11-07T23:50:00Z,-5.19,-209.32,0,0,0,41.34,0.11,0,11.25,1514.96,0,0,296.7,0,12.3,0.19,0,0,0,1.38,0.01,0,10.69,-8.5
2025-11-07T23:55:00Z,-14.41,-288.79,0,0,0,41.34,0.11,0,10.53,1605.13,0,0,191.69,0,12.3,0.24,0,0,0,1.38,0.01,0,10.18,-10
2025-11-08T00:00:00Z,-16.59,-358.16,0,0,0,41.34,0.1,0,1.56,1687.1,0,0,151.43,0,12.3,0.29,0,0,0,1.38,0.01,0,9.77,-10
2025-11-08T00:05:00Z,-9.53,-282.72,0,0,0,41.34,0.1,0,3.63,1597.05,0,0,249.87,0,12.23,0.24,0,0,0,1.38,0.01,0,10.24,-10
2025-11-08T00:10:00Z,-17.64,-250.43,0,0,0,41.34,0.11,0,16.22,1547.96,0,0,255.87,0,12.17,0.22,0,0,0,1.38,0.01,0,10.54,-10
2025-11-08T00:15:00Z,-9.68,-223.71,0,0,0,42.02,0.11,0,8.94,1538.73,0,0,280.66,0,12.1,0.2,0,0,0,1.41,0.01,0,10.75,-10
2025-11-08T00:20:00Z,-7.53,-165.31,0,0,0,41.34,0.11,0,1.83,1484.08,0,0,309.98,0,12.03,0.15,0,0,0,1.38,0.01,0,10.99,-10
2025-11-08T00:25:00Z,-7.26,-206.11,0,0,0,42.02,0.11,0,0.3,1546.82,0,0,238.43,0,11.97,0.18,0,0,0,1.41,0.01,0,10.73,-10
2025-11-08T00:30:00Z,-6.56,-183.21,0,0,0,41.34,0.11,0,2.68,1524.26,0,0,268.79,0,11.9,0.16,0,0,0,1.38,0.01,0,10.7,-10
2025-11-08T00:35:00Z,-5.56,-165.17,0,0,0,41.34,0.11,0,2.67,1513.21,0,0,272.1,0,11.87,0.15,0,0,0,1.38,0.01,0,10.76,-10
2025-11-08T00:40:00Z,-3.55,-114.63,0,0,0,40.67,0.11,0,7.49,1464.47,0,0,269.48,0,11.83,0.1,0,0,0,1.36,0.01,0,10.89,-7.75
2025-11-08T00:45:00Z,-11.28,-185.37,0,0,0,41.34,0.11,0,0.04,1572.35,0,0,205.8,0,11.8,0.16,0,0,0,1.38,0.01,0,10.43,-7.75
2025-11-08T00:50:00Z,-6.76,-241.29,0,0,0,41.34,0.11,0,0.34,1623.77,0,0,196.27,0,11.77,0.2,0,0,0,1.38,0.01,0,10.07,-7.98
2025-11-08T00:55:00Z,-12.95,-202.63,0,0,0,40.67,0.11,0,0,1597.29,0,0,210.21,0,11.73,0.17,0,0,0,1.36,0.01,0,10.12,-8.01
2025-11-08T01:00:00Z,-26.54,-188.1,0,-0.1,0,42.69,0.11,0,5.1,1582.25,0,0,205.82,0,11.7,0.17,0,0,0,1.43,0.01,0,10.77,-7.92
2025-11-08T01:05:00Z,-9.7,-247.43,0,0,0,40.67,0.1,0,0.04,1622.42,0,0,182.32,0,11.75,0.2,0,0,0,1.36,0.01,0,9.94,-11.66
2025-11-08T01:10:00Z,-0.18,-235.38,0,0,0,41.34,0.11,0,29.67,1561.89,0,0,253.84,0,11.8,0.2,0,0,0,1.38,0.01,0,10.23,-11.66
2025-11-08T01:15:00Z,-2.89,-126.95,0,0,0,41.34,0.11,0,17.06,1478.75,0,0,260.25,0,11.85,0.11,0,0,0,1.38,0.01,0,10.88,-10
2025-11-08T01:20:00Z,-9,-139.43,0,0,0,40.67,0.11,0,0.22,1489.87,0,0,231.84,0,11.9,0.12,0,0,0,1.36,0.01,0,10.8,-10
2025-11-08T01:25:00Z,-14.05,-185.41,0,0,0,41.34,0.11,0,0,1542.7,0,0,201.63,0,11.95,0.16,0,0,0,1.38,0.01,0,10.65,-10
2025-11-08T01:30:00Z,-31.32,-134.4,0,0,0,40.67,0.11,0,0.04,1498.17,0,0,226.01,0,12,0.12,0,0,0,1.36,0.01,0,10.92,-11.78
2025-11-08T01:35:00Z,-4.55,-133.42,0,0,0,41.34,0.1,0,5.31,1437.64,0,0,316.26,0,11.92,0.13,0,0,0,1.38,0.01,0,11.28,-11.66
2025-11-08T01:40:00Z,-4.08,-82.91,0,0,0,41.34,0.11,0,12.69,1421.05,0,0,297.34,0,11.83,0.08,0,0,0,1.38,0.01,0,11.35,-10
2025-11-08T01:45:00Z,-11.22,-184.52,0,0,0,41.34,0.11,0,0.24,1520.94,0,0,199.45,0,11.75,0.16,0,0,0,1.38,0.01,0,10.77,-11.66
2025-11-08T01:50:00Z,-3.68,-98.96,0,0,0,41.34,0.11,0,2.07,1413.45,0,0,342.42,0,11.67,0.09,0,0,0,1.38,0.01,0,11.49,-13.24
2025-11-08T01:55:00Z,-2.73,-90.15,0,0,0,41.34,0.1,0,12.7,1387.24,0,0,364.19,0,11.58,0.09,0,0,0,1.38,0.01,0,11.6,-13.12
2025-11-08T02:00:00Z,-4.77,-98.82,0,0,0,40.67,0.1,0,2.26,1407.49,0,0,333.85,0,11.5,0.09,0,0,0,1.36,0.01,0,11.36,-12.04
2025-11-08T02:05:00Z,-9.79,-36.28,0,0,0,41.34,0.1,0,0.13,1334.63,0,0,390.3,0,11.5,0.04,0,0,0,1.38,0.01,0,12.22,0
2025-11-08T02:10:00Z,-4.02,-26.21,0,0,0,40.67,0.11,0,2.13,1314.27,0,0,376.32,0,11.5,0.03,0,0,0,1.36,0.01,0,12.14,-12.09
2025-11-08T02:15:00Z,-3.37,-48.7,0,0,0,41.34,0.11,0,7.09,1326.08,0,0,314.54,0,11.5,0.05,0,0,0,1.38,0.01,0,12.18,-12.25
2025-11-08T02:20:00Z,-6.85,-34.66,0,0,0,40.67,0.1,0,0.23,1305.52,0,0,415.04,0,11.5,0.04,0,0,0,1.36,0.01,0,12.26,-13.33
2025-11-08T02:25:00Z,-4.71,-15.38,0,0,0,41.34,0.1,0,1.46,1287.91,0,0,420.13,0,11.5,0.02,0,0,0,1.38,0.01,0,12.59,-12.24
2025-11-08T02:30:00Z,-8.81,-22.64,0,0,0,40.67,0.11,0,0.57,1283.55,0,0,412.99,0,11.5,0.02,0,0,0,1.36,0.01,0,12.48,-12.18
2025-11-08T02:35:00Z,-17.79,-27.08,0,0,0,41.34,0.11,0,0.37,1300.2,0,0,411.3,0,11.5,0.03,0,0,0,1.38,0.01,0,12.61,0
2025-11-08T02:40:00Z,-10.18,-15.24,0,0,0,41.34,0.11,0,0.16,1286.66,0,0,426.81,0,11.5,0.02,0,0,0,1.38,0.01,0,12.67,-17.24
2025-11-08T02:45:00Z,-6.15,-30.82,0,0,0,41.34,0.11,0,1.04,1282.25,0,0,425.45,0,11.5,0.03,0,0,0,1.38,0.01,0,12.66,-17.29
2025-11-08T02:50:00Z,-52.46,0,16.75,0,0,41.34,0.11,0,1.9,1286.17,0,0,387.65,0,11.5,0,0.78,0,0,1.38,0.01,0,20.68,-12.14
2025-11-08T02:55:00Z,-29.55,-20.68,0,-0.1,0,41.34,0.11,0,3.18,1289.26,0,0,338.05,0,11.5,0.02,0,0,0,1.38,0.01,0,12.81,-17.04
2025-11-08T03:00:00Z,-12.77,0,84.15,0,0,40.67,0.1,0,0.01,1153.35,0,0,564.45,0,11.5,0,3.92,0,0,1.36,0.01,0,57.82,-12.56
2025-11-08T03:05:00Z,-12.33,0,108.31,0,0,40.67,0.11,0,0.12,1135.84,0,0,529.1,0,11.5,0,5.26,0,0,1.37,0.01,0,75.5,-10
2025-11-08T03:10:00Z,-32.12,-43.44,0,0,0,40.67,0.11,0,0,1294.7,0,0,410.95,0,11.5,0.04,0,0,0,1.36,0.01,0,12.61,-17.5
2025-11-08T03:15:00Z,-5.99,0,77.55,0,0,41.34,0.11,0,4.31,1137.81,0,0,585.44,0,11.5,0,3.64,0,0,1.38,0.01,0,54.92,-12.49
2025-11-08T03:20:00Z,-7.88,0,101.49,0,0,40.67,0.11,0,0.36,1117.24,0,0,503.06,0,11.5,0,4.75,0,0,1.36,0.01,0,70.04,-10
2025-11-08T03:25:00Z,-8.34,-2.15,0,0,0,41.34,0.11,0,3.32,1234.23,0,0,402.22,0,11.5,0,0,0,0,1.38,0.01,0,13.14,-17.64
2025-11-08T03:30:00Z,-15.5,0,144.29,0,0,41.34,0.1,0,3.34,1082.32,0,0,564.28,0,11.5,0,6.66,0,0,1.38,0.01,0,99.9,-16.55
2025-11-08T03:35:00Z,-6.04,0,137.53,0,0,41.34,0.11,0,0.64,1096.44,0,0,497.78,0,11.48,0,6.42,0,0,1.38,0.01,0,94.22,-17.61
2025-11-08T03:40:00Z,-9,0,103.33,0,0,41.34,0.11,0,1.03,1090.5,0,0,576.56,0,11.47,0,4.84,0,0,1.38,0.01,0,73.32,-12.54
2025-11-08T03:45:00Z,-5.81,0,131.1,0,0,41.34,0.11,0,18.77,1054.85,0,0,483.76,0,11.45,0,6.14,0,0,1.38,0.01,0,92.41,-11.66
2025-11-08T03:50:00Z,-10.59,0,41.17,0,0,41.34,0.1,0,2.05,1171.74,0,0,381.33,0,11.43,0,1.9,0,0,1.38,0.01,0,33.92,-10
2025-11-08T03:55:00Z,-6.72,-8.39,0,0,0,40.67,0.1,0,10.35,1198.19,0,0,346.34,0,11.42,0.01,0,0,0,1.36,0.01,0,13.22,-8.9
2025-11-08T04:00:00Z,-4.42,-12.6,0,0,0,40.67,0.1,0,15.14,1224.42,0,0,289.43,0,11.4,0.01,0,0,0,1.36,0.01,0,12.87,-8.63
2025-11-08T04:05:00Z,-3.2,-80.03,0,-0.1,0,40.67,0.11,0,15.23,1256.22,0,0,125.41,0,11.4,0.09,0,0,0,1.36,0.01,0,12.51,-10
2025-11-08T04:10:00Z,-7.23,-114.83,0,0,0,40.67,0.1,0,14.33,1304.12,0,0,163.97,0,11.4,0.12,0,0,0,1.36,0.01,0,12.08,-10
2025-11-08T04:15:00Z,-6.86,-179.32,0,0,0,40.67,0.11,0,1.01,1369.54,0,0,86.05,0,11.4,0.19,0,0,0,1.36,0.01,0,11.55,-10
2025-11-08T04:20:00Z,-2.49,-159.93,0,0,0,41.34,0.1,0,10.2,1345.12,0,0,114.84,0,11.4,0.17,0,0,0,1.37,0.01,0,11.75,-10
2025-11-08T04:25:00Z,-4.7,-119.16,0,0,0,40.67,0.11,0,4.02,1301.49,0,0,142.28,0,11.4,0.13,0,0,0,1.36,0.01,0,12.17,-10
2025-11-08T04:30:00Z,-2.76,-74.24,0,0,0,40.67,0.11,0,11.56,1254.68,0,0,159.23,0,11.4,0.08,0,0,0,1.36,0.01,0,12.56,-8.73
2025-11-08T04:35:00Z,-2.8,-71.72,0,0,0,40,0.11,0,4.26,1268.8,0,0,129.13,0,11.4,0.08,0,0,0,1.35,0.01,0,12.4,-8.5
2025-11-08T04:40:00Z,-1.03,-73.21,0,0,0,40,0.11,0,41.75,1228.4,0,0,146.3,0,11.4,0.08,0,0,0,1.35,0.01,0,12.41,-7.79
2025-11-08T04:45:00Z,-5.77,-121.17,0,-0.1,0,40,0.11,0,15.01,1294.93,0,0,87.74,0,11.4,0.13,0,0,0,1.35,0.01,0,12.05,-7.88
2025-11-08T04:50:00Z,-4.81,-114.2,0,-0.1,0,40.67,0.11,0,37.42,1276.15,0,0,116.56,0,11.4,0.12,0,0,0,1.36,0.01,0,12.1,-6.49
2025-11-08T04:55:00Z,-4.22,-93.16,0,0,0,40,0.11,0,21.76,1291.48,0,0,80.65,0,11.4,0.1,0,0,0,1.35,0.01,0,12.02,-6.49
2025-11-08T05:00:00Z,-2.89,-141.02,0,0,0,40.67,0.11,0,36.6,1301.25,0,0,87.92,0,11.4,0.15,0,0,0,1.36,0.01,0,11.84,-6.48
2025-11-08T05:05:00Z,-2.2,-160.25,0,0,0,40.67,0.11,0,29.29,1321.05,0,0,95.68,0,11.4,0.17,0,0,0,1.36,0.01,0,11.7,-6.42
2025-11-08T05:10:00Z,-2.99,-127.68,0,0,0,40,0.11,0,22.68,1314.6,0,0,89.16,0,11.4,0.14,0,0,0,1.35,0.01,0,11.76,-6.33
2025-11-08T05:15:00Z,-4.01,-131.81,0,0,0,40.67,0.11,0,22.27,1328.09,0,0,88.7,0,11.4,0.14,0,0,0,1.36,0.01,0,11.74,-6.48
2025-11-08T05:20:00Z,-3.56,-105.8,0,0,0,40,0.1,0,24.09,1301.16,0,0,84.31,0,11.4,0.11,0,0,0,1.35,0.01,0,11.9,-6.48
2025-11-08T05:25:00Z,-1.35,-87.43,0,0,0,40,0.11,0,17.22,1288.47,0,0,71.16,0,11.4,0.09,0,0,0,1.35,0.01,0,12.07,-6.45
2025-11-08T05:30:00Z,-0.65,-68.62,0,0,0,41.34,0.11,0,20.84,1280.72,0,0,59.92,0,11.4,0.07,0,0,0,1.38,0.01,0,12.44,-2.1
2025-11-08T05:35:00Z,-1.73,-68.15,0,0,0,40.67,0.1,0,16.4,1268.01,0,1.23,25.97,0,11.43,0.07,0,0,0,1.37,0.01,0,12.5,6.38
2025-11-08T05:40:00Z,0,-146.28,0,0,0,40.67,0.11,0,88.99,1268.74,0,2.45,0,0,11.47,0.15,0,0,0,1.37,0.01,0,11.8,25.36
2025-11-08T05:45:00Z,-0.01,-150.24,0,0,0,40,0.1,0,101.64,1252.71,0.04,3.68,5.76,0,11.5,0.15,0,0,0,1.36,0.01,0,11.73,26.91
2025-11-08T05:50:00Z,-0.02,-107.8,0,0,0,39.33,0.11,0,78.93,1238.94,0.33,4.91,7.86,0,11.53,0.11,0,0,0,1.35,0.01,0,11.96,26.74
2025-11-08T05:55:00Z,-1.2,-40.89,0,0,0,40,0.1,0,39.5,1221.1,1.36,6.13,5.22,0,11.57,0.04,0,0,0,1.36,0.01,0,12.57,-2.84
2025-11-08T06:00:00Z,-0.13,-19.64,0,0,0,40,0.11,0,31.39,1215.53,4.23,7.36,31.99,0,11.6,0.02,0,0,0,1.36,0.01,0,12.65,-2.1
2025-11-08T06:05:00Z,-0.32,-53.98,0,-0.1,0,40.67,0.1,0,40.89,1232.22,6.81,21.07,30.8,0,11.67,0.06,0,0,0,1.37,0.01,0,12.35,-7.24
2025-11-08T06:10:00Z,-4.53,-80.76,0,-0.1,0,40.67,0.11,0,26.35,1264.2,15.14,34.77,35.95,0,11.73,0.08,0,0,0,1.37,0.01,0,12.02,-8.74
2025-11-08T06:15:00Z,-0.13,-81.36,0,0,0,40.67,0.11,0,39.11,1237.65,22.23,48.48,73.81,0,11.8,0.08,0,0,0,1.37,0.01,0,11.91,-8.87
2025-11-08T06:20:00Z,-20.82,-98.75,0,-0.1,0,40,0.11,0,15.6,1283.06,29.31,62.18,78.63,0,11.87,0.1,0,0,0,1.36,0.01,0,11.62,-9.39
2025-11-08T06:25:00Z,-15.77,-123.09,0,-0.1,0,40,0.11,0,19.92,1308.68,29.92,75.88,91.91,0,11.93,0.12,0,0,0,1.36,0.01,0,11.2,-10
2025-11-08T06:30:00Z,-3.15,-48.1,0,0,0,40.67,0.1,0,13.24,1216,38.42,89.59,243.36,0,12,0.05,0,0,0,1.37,0.01,0,11.85,-9.83
2025-11-08T06:35:00Z,-0.11,-87.15,0,0,0,40.67,0.1,0,30.95,1208.12,28.42,111.96,224.57,0,12.15,0.09,0,0,0,1.37,0.01,0,11.61,-8.11
2025-11-08T06:40:00Z,0,-249.94,0,0,0,40.67,0.11,0,64.92,1339.22,35.7,134.33,55.56,0,12.3,0.24,0,0,0,1.37,0.01,0,10.01,-5.94
2025-11-08T06:45:00Z,-0.06,-301.13,0,0,0,40,0.11,0,66.18,1366.55,47.84,156.69,27.81,0,12.45,0.29,0,0,0,1.36,0.01,0,9.45,-6.16
2025-11-08T06:50:00Z,-5.51,-248.21,0,0,0,40,0.11,0,11.16,1361.31,53.52,179.06,16.25,0,12.6,0.24,0,0,0,1.36,0.01,0,9.72,-6.1
2025-11-08T06:55:00Z,0,-266.21,0,0,0,40.67,0.11,0,44.53,1304.45,58.89,201.43,9.2,0,12.75,0.26,0,0,0,1.37,0.01,0,9.71,-5.46
2025-11-08T07:00:00Z,-0.19,-270.49,0,0,0,39.33,0.11,0,13.43,1308.95,77.04,223.8,2.03,0,12.9,0.26,0,0,0,1.35,0.01,0,9.43,-6.09
2025-11-08T07:05:00Z,0,-337.1,0,0,0,40.67,0.11,0,60.52,1281.4,82.54,261.33,4.43,0,12.83,0.33,0,0,0,1.37,0.01,0,9.09,6.34
2025-11-08T07:10:00Z,-0.12,-428.12,0,0,0,40,0.11,0,50.36,1289.02,104.61,298.86,5.43,0,12.77,0.41,0,0,0,1.36,0.01,0,8.46,-7.49
2025-11-08T07:15:00Z,-1.79,-432.14,0,0,0,40,0.1,0,18.06,1254.67,173.29,336.39,4.32,0,12.7,0.42,0,0,0,1.36,0.01,0,8.23,-9.94
2025-11-08T07:20:00Z,-0.08,-373.23,0,0,0,40.67,0.11,0,53.64,1169.04,177.44,373.93,55.96,0,12.63,0.37,0,0,0,1.37,0.01,0,8.44,0
2025-11-08T07:25:00Z,0,-538.75,0,-0.1,0,40,0.11,0,90.74,1236.5,211.27,411.46,0,0,12.57,0.5,0,0,0,1.36,0.01,0,7.18,-10
2025-11-08T07:30:00Z,-9.21,-312.42,0,0,0,40,0.11,0,19.7,1130.25,225.43,448.99,129.1,0,12.5,0.31,0,0,0,1.36,0.01,0,8.24,-8.5
2025-11-08T07:35:00Z,-14.84,-498.4,0,0,0,40,0.1,0,19.64,1225.18,221.59,448.48,48.7,0,12.52,0.48,0,0,0,1.36,0.01,0,7.42,-10.46
2025-11-08T07:40:00Z,-16.88,-360.65,0,0,0,40.67,0.11,0,0.04,1101.71,307.78,447.98,232.98,5.08,12.53,0.36,0,0,0,1.37,0.01,0,8.06,-10.8
2025-11-08T07:45:00Z,-5.72,-367.31,0,0,0,40,0.11,0,0.26,1084.29,323.75,447.47,266.14,0.7,12.55,0.36,0,0,0,1.36,0.01,0,7.95,-11.66
2025-11-08T07:50:00Z,-2.52,-320.27,0,0,0,40,0.11,0,14.46,1017.82,321.9,446.97,333.93,13.43,12.57,0.33,0,0,0,1.36,0.01,0,8.24,-11.66
2025-11-08T07:55:00Z,-3.32,-281.07,0,0,0,40,0.11,0,13.71,977.52,286.28,446.46,366.64,24.3,12.58,0.29,0,0,0,1.36,0.01,0,8.72,-11.66
2025-11-08T08:00:00Z,-1.74,-305.25,0,0,0,40,0.11,0,33.67,941.09,290.19,445.96,435.86,32.34,12.6,0.32,0,0,0,1.36,0.01,0,8.73,-14
2025-11-08T08:05:00Z,-9.14,-300.69,0,0,0,40,0.1,0,34.09,940.18,276.6,488.94,504.33,57.01,12.82,0.32,0,0,0,1.36,0.01,0,8.58,-11.66
2025-11-08T08:10:00Z,-0.11,-470.42,0,0,13,40,0.11,0,84.89,1027.02,304.34,531.93,416.16,39,13.03,0.57,0,0,0.31,1.36,0.01,0,8.73,-10.8
2025-11-08T08:15:00Z,-0.19,-563.08,0,0,25,40,0.1,0,91,1044.44,316.99,574.91,403.91,38.91,13.25,0.77,0,0,0.6,1.36,0.01,0,9.43,-10
2025-11-08T08:20:00Z,-1.79,-765.45,0,0,28,40,0.11,0,90.52,1215.97,317.36,617.9,233.76,33.67,13.47,1.02,0,0,0.67,1.36,0.01,0,7.94,-10.08
2025-11-08T08:25:00Z,-15.59,-728.6,0,0,33,40,0.11,0,21.45,1209.81,313.38,660.89,289.38,32.78,13.68,1.06,0,0,0.79,1.36,0.01,0,8.58,-11.66
2025-11-08T08:30:00Z,-4.59,-648.91,0,0,40,40.67,0.11,0,9.71,1081.82,302.37,703.87,439.22,56.47,13.9,1.09,0,0,0.96,1.37,0.01,0,9.8,-11.66
2025-11-08T08:35:00Z,-33.26,-634.56,0,0,40,40,0.1,0,0.13,1085.62,279.92,760,443.13,89.4,14.15,1.42,0,0,1.92,1.34,0.01,0,14.4,0
2025-11-08T08:40:00Z,-0.19,-651.73,0,0,44,40.67,0.1,0,27.1,1033.33,260.84,816.14,572.71,103.64,14.4,1.54,0,0,2.02,1.35,0.01,0,14.03,-10
2025-11-08T08:45:00Z,-0.89,-729.52,0,0,43,40,0.11,0,42.23,1064.93,293.21,872.27,488.31,68.31,14.65,1.67,0,0,1.99,1.34,0.01,0,12.29,-10
2025-11-08T08:50:00Z,-14.06,-688.94,0,0,40,40,0.11,0,0,1060.67,298.42,928.4,544.6,70.81,14.9,1.58,0,0,1.92,1.34,0.01,0,12.13,-10
2025-11-08T08:55:00Z,-27,-728.64,0,0,40,40,0.11,0,9.45,1063.15,321.56,984.53,455.78,49.17,15.15,1.66,0,0,1.92,1.34,0.01,0,11.28,-10
2025-11-08T09:00:00Z,-67.16,-700.61,0,0,40,40,0.11,0,0,1062.04,318.45,1040.67,416.68,95.08,15.4,1.61,0,0,1.92,1.34,0.01,0,11.46,-10.8
2025-11-08T09:05:00Z,-19.28,-689.06,0,0,40,40,0.11,0,0,983.26,323.59,1035.81,477.4,34.91,15.32,1.62,0,0,1.92,1.34,0.01,0,11.48,-10.8
2025-11-08T09:10:00Z,-8.11,-692.83,0,0,40,40,0.1,0,2.36,955.91,324.24,1030.95,506.98,36.93,15.23,1.66,0,0,1.92,1.34,0.01,0,11.39,-15.67
2025-11-08T09:15:00Z,-2.72,-538.45,0,0,40,40,0.1,0,1.43,834.44,266.58,1026.09,670.64,168.91,15.15,1.42,0,0,1.92,1.34,0.01,0,13.3,-15.5
2025-11-08T09:20:00Z,-1.08,-464.27,0,0,42,40,0.11,0,4,786.68,247.52,1021.23,718.47,138.69,15.07,1.31,0,0,1.97,1.34,0.01,0,14.34,-15.37
2025-11-08T09:25:00Z,-8.8,-462.59,0,0,41,40,0.11,0,5.32,800.46,239.87,1016.38,704.65,141.24,14.98,1.3,0,0,1.94,1.34,0.01,0,14.26,-18.81
2025-11-08T09:30:00Z,-38.08,-406.28,0,0,40,40.67,0.1,0,0,753.63,181.69,1011.52,768.8,186.46,14.9,1.2,0,0,1.92,1.35,0.01,0,15.74,-19.19
2025-11-08T09:35:00Z,-25.15,-463.06,0,0,46,40.67,0.11,0,30.99,788.27,219,1041.12,710.24,162.06,14.85,1.35,0,0,2.06,1.35,0.01,0,14.78,-18.18
2025-11-08T09:40:00Z,-16.94,-413.95,0,0,41,40,0.11,0,2.48,761.64,170.75,1070.72,720.86,178.57,14.8,1.22,0,0,1.94,1.34,0.01,0,14.98,-15.08
2025-11-08T09:45:00Z,-36.25,-410.67,0,-0.1,40,40,0.11,0,0,772.33,205.08,1100.31,684.08,208.23,14.75,1.19,0,0,1.92,1.34,0.01,0,14.59,-15.08
2025-11-08T09:50:00Z,-21.39,-408.68,0,0,40,40.67,0.11,0,0,817.98,92.07,1129.91,730,208.68,14.7,1.22,0,0,1.92,1.35,0.01,0,14.6,-13.86
2025-11-08T09:55:00Z,-53.56,-380.13,0,0,40,40,0.11,0,0,841.61,66.2,1159.51,692.28,261.39,14.65,1.13,0,0,1.92,1.34,0.01,0,14.96,-15.18
2025-11-08T10:00:00Z,-40.71,-402.75,0,0,40,40,0.11,0,0,868.17,28.86,1189.11,648.86,254.19,14.6,1.2,0,0,1.92,1.34,0.01,0,14.36,-15.42
2025-11-08T10:05:00Z,-114.42,-325.45,0,0,40,40,0.11,0,0.05,842.9,23.95,1199.37,696.75,279.74,14.62,0.99,0,0,1.92,1.34,0.01,0,16.02,-15.08
2025-11-08T10:10:00Z,-81.57,-277.69,0,-0.1,40,40.67,0.11,0,0.1,827.97,29.11,1209.62,698.1,281.56,14.63,0.85,0,0,1.92,1.35,0.01,0,16.3,-14
2025-11-08T10:15:00Z,-63.74,-367.38,0,-0.1,42,40.67,0.11,0,4.56,843.95,61.19,1219.87,713.65,288.35,14.65,1.11,0,0,1.97,1.35,0.01,0,14.95,-14
2025-11-08T10:20:00Z,-68.4,-385.71,0,0,41,40,0.11,0,2.16,813.37,63.63,1230.13,711.87,207.65,14.67,1.17,0,0,1.94,1.34,0.01,0,14.68,-14
2025-11-08T10:25:00Z,-115.71,-364.99,0,0,40,39.33,0.11,0,0,825.28,42.23,1240.38,662.35,326.45,14.68,1.1,0,0,1.92,1.33,0.01,0,15.14,0
2025-11-08T10:30:00Z,-109.68,-348.51,0,0,40,40,0.11,0,0.14,816.19,40.67,1250.64,677.42,298.88,14.7,1.06,0,0,1.92,1.34,0.01,0,15.31,-20
2025-11-08T10:35:00Z,-67.34,-333.18,0,0,40,40,0.11,0,0.27,748.96,27.7,1281.33,729.67,316.98,15.05,1.05,0,0,1.92,1.34,0.01,0,15.27,-11.66
2025-11-08T10:40:00Z,-90.58,-440.16,0,0,42,40,0.1,0,4.57,803.16,87.13,1312.02,688.32,313.35,15.4,1.32,0,0,1.97,1.34,0.01,0,13.6,-19.88
2025-11-08T10:45:00Z,-83.57,-423.4,0,0,41,40.67,0.11,0,0.08,791.89,45.83,1342.71,719.32,320.96,15.75,1.5,0,0,1.99,1.35,0.01,0,12.66,-20.1
2025-11-08T10:50:00Z,-119.64,-361.16,0,0,40,40,0.11,0,0.13,759.85,18.3,1373.4,664.48,307.5,16.1,1.14,0,0,1.92,1.34,0.01,0,14.53,-20.1
2025-11-08T10:55:00Z,-114.92,-352.05,0,0,40,40.67,0.11,0,0.78,717.21,28.84,1404.09,673.23,367.86,16.45,1.14,0,0,1.92,1.35,0.01,0,14.55,-19.88
2025-11-08T11:00:00Z,-181.6,-358.58,0,0,39,40,0.1,0,0,772.92,26.98,1434.78,625.8,327.29,16.8,1.12,0,0,1.9,1.34,0.01,0,14.37,-20.01
2025-11-08T11:05:00Z,-133.4,-360.33,0,0,40,40.67,0.11,0,0,656.96,25.82,1460.43,725.02,314.23,16.67,1.2,0,0,1.92,1.35,0.01,0,14.4,-20
2025-11-08T11:10:00Z,-200.12,-348.71,0,0,41,40,0.1,0,0.03,721.32,28.72,1486.09,656.28,408.09,16.53,1.13,0,0,1.94,1.34,0.01,0,14.68,-21
2025-11-08T11:15:00Z,-103.46,-341.53,0,0,40,40,0.11,0,0,596.8,28.66,1511.75,790.86,426.14,16.4,1.17,0,0,1.92,1.34,0.01,0,14.19,-20
2025-11-08T11:20:00Z,-205.82,-292.17,0,0,40,40,0.11,0,0,648.73,27.67,1537.41,736.59,404.37,16.27,0.97,0,0,1.92,1.34,0.01,0,15.31,0
2025-11-08T11:25:00Z,-176.56,-378.72,0,0,42,40,0.1,0,10.71,711.63,27.77,1563.07,730.26,370.59,16.13,1.23,0,0,1.97,1.34,0.01,0,13.58,0
2025-11-08T11:30:00Z,-173.11,-424.82,0,0,47,40,0.11,0,12.6,702.87,39.95,1588.73,631.93,407.94,16,1.42,0,0,2.09,1.34,0.01,0,13.16,-20.85
2025-11-08T11:35:00Z,-174.9,-360.22,0,0,44,40,0.11,0,2.85,676.57,26.1,1587.29,665.4,482.47,16.02,1.21,0,0,2.02,1.34,0.01,0,14,-19.88
2025-11-08T11:40:00Z,-221.18,-328.8,0,0,39,40,0.11,0,0,702.92,25.99,1585.84,667.97,443.93,16.03,1.31,0,0,1.87,1.34,0.01,0,12.42,-21
2025-11-08T11:45:00Z,-90.1,-342.89,0,0,44,40,0.1,0,2.87,598.97,19,1584.4,777.78,473.85,16.05,1.51,0,0,1.99,1.34,0.01,0,11.8,-19.88
2025-11-08T11:50:00Z,-162.74,-404.26,0,0,45,40,0.1,0,4.95,710.65,28.92,1582.96,650.07,409.25,16.07,1.65,0,0,2.02,1.34,0.01,0,11.1,-20.91
2025-11-08T11:55:00Z,-172.51,-339.78,0,0,45,39.33,0.11,0,0.93,682.2,24.67,1581.52,779.71,444.45,16.08,1.42,0,0,2.02,1.33,0.01,0,12.44,-19.88
2025-11-08T12:00:00Z,-233.83,-366.14,0,0,40,40,0.11,0,0,745.92,28.06,1580.08,703.59,449.93,16.1,1.43,0,0,1.9,1.34,0.01,0,11.86,-20.86
2025-11-08T12:05:00Z,-198.91,-307.08,0,0,40,40,0.11,0,0,699.76,19.7,1570.64,774.47,511.7,16.1,1.24,0,0,1.9,1.34,0.01,0,12.89,-20
2025-11-08T12:10:00Z,-161.22,-347.07,0,0,42,40,0.11,0,0.15,669.25,26.94,1561.21,743.87,462.39,16.1,1.44,0,0,1.94,1.34,0.01,0,12.13,0
2025-11-08T12:15:00Z,-246.53,-351.59,0,0,45,40,0.11,0,0.66,752.69,28.93,1551.77,683.11,481.82,16.1,1.41,0,0,2.02,1.34,0.01,0,12.87,-20.39
2025-11-08T12:20:00Z,-232.96,-315.58,0,0,39,40,0.11,0,0,710.39,19.45,1542.34,716.41,500.29,16.1,1.26,0,0,1.87,1.34,0.01,0,13.06,0
2025-11-08T12:25:00Z,-229.34,-290.12,0,0,40,40,0.11,0,0,670.03,21.94,1532.91,745.71,497.34,16.1,1.22,0,0,1.9,1.34,0.01,0,13.61,-20.1
2025-11-08T12:30:00Z,-227.22,-292.43,0,0,40,40,0.11,0,0,675.9,24.36,1523.47,738.53,496.79,16.1,1.19,0,0,1.9,1.34,0.01,0,13.77,-21
2025-11-08T12:35:00Z,-152.97,-342.08,0,0,43,40,0.11,0,0.2,675.7,25.17,1500.55,862.11,474.67,16.15,1.42,0,0,1.97,1.34,0.01,0,12.67,-20
2025-11-08T12:40:00Z,-178.02,-300.04,0,0,40,40,0.11,0,0,695.11,26.18,1477.62,766.15,536.52,16.2,1.21,0,0,1.9,1.34,0.01,0,13.55,-20
2025-11-08T12:45:00Z,-172.67,-337.17,0,0,40,40,0.11,0,0.05,717.02,26.27,1454.69,706.07,534.24,16.25,1.34,0,0,1.9,1.34,0.01,0,12.92,-19.88
2025-11-08T12:50:00Z,-166.42,-393.47,0,0,44,40,0.11,0,0.16,776.98,29.38,1431.76,698.89,522.33,16.3,1.54,0,0,1.99,1.34,0.01,0,12.22,-19.88
2025-11-08T12:55:00Z,-227.5,-323.01,0,0,44,40,0.11,0,5.78,752.79,30.62,1408.83,787.6,518.38,16.35,1.28,0,0,1.99,1.34,0.01,0,14.27,0
2025-11-08T13:00:00Z,-202.51,-319.83,0,0,40,40.67,0.1,0,0,753.72,26.77,1385.9,735.31,524.39,16.4,1.25,0,0,1.9,1.35,0.01,0,13.96,-19.88
2025-11-08T13:05:00Z,-217.52,-319.26,0,0,39,40,0.11,0,0,751.66,27.29,1371.56,679.05,476.73,16.43,1.23,0,0,1.87,1.34,0.01,0,14.07,0
2025-11-08T13:10:00Z,-207.99,-353.48,0,0,40,40.67,0.11,0,0,769.18,32.32,1357.23,718.73,515.79,16.47,1.36,0,0,1.9,1.35,0.01,0,13.53,-19.88
2025-11-08T13:15:00Z,-186.38,-386.23,0,0,41,40,0.11,0,2.25,751.61,29.46,1342.89,688.47,519.04,16.5,1.46,0,0,1.94,1.35,0.01,0,13.54,-19.88
2025-11-08T13:20:00Z,-197.96,-360.62,0,0,41,40,0.11,0,0.81,775.14,27.62,1328.55,619.76,514.82,16.53,1.39,0,0,1.92,1.34,0.01,0,13.61,-19.88
2025-11-08T13:25:00Z,-214.96,-305.52,0,0,41,39.33,0.11,0,0.22,741.81,27.92,1314.22,669.9,468.08,16.57,1.2,0,0,1.92,1.33,0.01,0,15.01,-16.34
2025-11-08T13:30:00Z,-197.51,-310.99,0,0,41,39.33,0.11,0,1.04,767.37,27.6,1299.88,666.66,481.23,16.6,1.2,0,0,1.92,1.33,0.01,0,14.79,-19.88
2025-11-08T13:35:00Z,-105.86,-376.17,0,0,47,40,0.11,0,13.48,742.16,34.99,1292.76,724.26,475.07,16.58,1.48,0,0,2.11,1.33,0.01,0,14,-11.92
2025-11-08T13:40:00Z,-158.46,-306.73,0,0,43,39.33,0.11,0,10.84,695.77,76.5,1285.64,680.28,390.18,16.57,1.21,0,0,1.97,1.33,0.01,0,14.92,-12.12
2025-11-08T13:45:00Z,-95.61,-385.49,0,0,45,39.33,0.11,0,8.42,720.42,79.58,1278.52,713.75,426.81,16.55,1.54,0,0,2.02,1.33,0.01,0,12.84,-11.19
2025-11-08T13:50:00Z,-154.09,-357.94,0,0,41,40,0.11,0,1.55,765.07,91.97,1271.4,633.04,380.5,16.53,1.33,0,0,1.92,1.34,0.01,0,13.65,-14
2025-11-08T13:55:00Z,-50.69,-396.79,0,0,44,39.33,0.11,0,17.33,741.51,48.92,1264.29,720.87,442.35,16.52,1.55,0,0,1.99,1.33,0.01,0,12.51,-11.66
2025-11-08T14:00:00Z,-114.91,-449.21,0,0,44,40,0.11,0,26.8,762.46,96.93,1257.17,685.22,438.14,16.5,1.68,0,0,1.99,1.34,0.01,0,11.97,-11.66
2025-11-08T14:05:00Z,-163.43,-426.85,0,0,43,40,0.11,0,19.36,767.72,93.43,1252.37,700.09,441.01,16.47,1.59,0,0,1.97,1.34,0.01,0,12.71,-11.66
2025-11-08T14:10:00Z,-163.49,-399.23,0,0,41,40.67,0.11,0,6.09,759.29,92.91,1247.57,663.52,417.67,16.43,1.49,0,0,1.92,1.35,0.01,0,13.17,-20
2025-11-08T14:15:00Z,-174.57,-322.74,0,0,46,40,0.11,0,12.69,734.8,37.29,1242.77,788.94,514.06,16.4,1.3,0,0,2.04,1.34,0.01,0,15.5,-11.66
2025-11-08T14:20:00Z,-181.48,-397.5,0,0,46,40,0.11,0,4.56,765.89,83.7,1237.97,670.66,453.21,16.37,1.54,0,0,2.04,1.34,0.01,0,13.87,-19.88
2025-11-08T14:25:00Z,-145.77,-306.91,0,0,44,40,0.11,0,12.13,716.29,36.6,1233.17,833.8,448.78,16.33,1.23,0,0,1.99,1.34,0.01,0,15.49,-15.08
2025-11-08T14:30:00Z,-89.3,-365.15,0,0,49,40.67,0.11,0,20.09,719.4,29.76,1228.38,748.39,495.48,16.3,1.55,0,0,2.11,1.35,0.01,0,14.12,-20
2025-11-08T14:35:00Z,-117.75,-299.51,0,0,52,40,0.11,0,4.93,693.04,23.23,1197.44,720.18,519.18,16.23,1.33,0,0,2.18,1.34,0.01,0,16.6,-20
2025-11-08T14:40:00Z,-119.82,-290.53,0,0,59,40.67,0.11,0,10,735.55,21.21,1166.5,793.26,497.09,16.17,1.31,0,0,2.35,1.35,0.01,0,17.76,-20
2025-11-08T14:45:00Z,-102.92,-266.77,0,0,66,40,0.11,0,12.1,729.53,28.33,1135.57,683.32,450.4,16.1,1.38,0,0,3.17,1.34,0.01,0,22.87,-14
2025-11-08T14:50:00Z,-77.78,-275.9,0,0,72,40,0.11,0,20.72,708.81,51.34,1104.63,699.94,451.38,16.03,1.46,0,0,3.31,1.34,0.01,0,23.36,-11.11
2025-11-08T14:55:00Z,-157.14,-286.39,0,0,78,40,0.11,0,10.85,779.31,114.81,1073.7,755.4,333.74,15.97,1.46,0,0,3.45,1.34,0.01,0,24.27,-11.01
2025-11-08T15:00:00Z,-52.13,-381.71,0,0,80,40,0.11,0,14.96,775.85,131.11,1042.76,672.83,304.58,15.9,1.93,0,0,3.5,1.34,0.01,0,21.22,-11.11
2025-11-08T15:05:00Z,-153.58,-332.94,0,0,78,40,0.11,0,2.05,838.19,114.15,1033.73,635.98,313.69,15.93,1.65,0,0,3.45,1.34,0.01,0,23.35,-11.01
2025-11-08T15:10:00Z,-92.66,-396.69,0,0,79,40,0.11,0,7.29,814.32,105.8,1024.71,706.18,331.7,15.97,2,0,0,3.48,1.34,0.01,0,21.46,-14
2025-11-08T15:15:00Z,-207.4,-156.55,0,0,75,40,0.11,0,0.37,748.7,59.29,1015.68,747.01,367.83,16,0.83,0,0,3.38,1.34,0.01,0,29.72,-19.88
2025-11-08T15:20:00Z,-234.71,-57.91,0,0,70,40,0.11,0,0,746.77,14.95,1006.65,748.45,394.24,16.03,0.31,0,0,3.26,1.34,0.01,0,32.55,-19.88
2025-11-08T15:25:00Z,-237.06,-49.4,0,0,71,40.67,0.11,0,2.9,795.18,15.51,997.63,778.5,455.19,16.07,0.26,0,0,3.29,1.35,0.01,0,32.18,-15.08
2025-11-08T15:30:00Z,-193.86,-38.7,0,0,63,40,0.11,0,0,795.93,26.19,988.6,734.05,451.04,16.1,0.19,0,0,3.09,1.34,0.01,0,30.32,-11.11
2025-11-08T15:35:00Z,-206.54,-98.98,0,0,65,40.67,0.11,0,0.26,853.25,79.83,942.72,716.23,329.74,16.08,0.47,0,0,3.14,1.35,0.01,0,28.87,-11.66
2025-11-08T15:40:00Z,-206.67,-12.35,0,0,63,39.33,0.11,0,0.61,815.32,81.67,896.85,720.78,374.93,16.07,0.06,0,0,3.09,1.33,0.01,0,31.26,-11.11
2025-11-08T15:45:00Z,-187.86,-16.48,0,0,58,40,0.11,0,0,857.23,88.84,850.97,768.61,334.71,16.05,0.07,0,0,2.98,1.34,0.01,0,30.14,-11.01
2025-11-08T15:50:00Z,-141.14,-40.48,0,0,55,40,0.11,0,0.22,864.55,76.78,805.09,731.62,312.23,16.03,0.18,0,0,2.9,1.34,0.01,0,29.41,-11.11
2025-11-08T15:55:00Z,-189.69,0,41.24,0,53,40,0.11,0,1,838.91,62.54,759.22,682.4,316.74,16.02,0,1.99,0,2.85,1.34,0.01,0,48.72,-11.66
2025-11-08T16:00:00Z,-182.53,0,83.77,0,44,40.67,0.11,0,1.7,842.5,41.07,713.34,750,340.85,16,0,3.99,0,2.64,1.35,0.01,0,67.61,-11.11
2025-11-08T16:05:00Z,-190.08,0,65.42,0,44,40,0.11,0,2.19,836.4,74.99,712,795.99,295.93,15.88,0,3.09,0,2.64,1.34,0.01,0,58.35,-11.66
2025-11-08T16:10:00Z,-165.2,0,76.42,0,40,40.67,0.11,0,0,830.61,68.34,710.66,775.69,321.18,15.77,0,3.52,0,2.54,1.35,0.01,0,61.5,-11.11
2025-11-08T16:15:00Z,-247.35,0,118.97,0,40,40.67,0.11,0,0,860.9,61.54,709.32,699.92,295.48,15.65,0,5.48,0,2.54,1.35,0.01,0,83.63,-18.07
2025-11-08T16:20:00Z,-194.95,0,154.67,0,40,40,0.11,0,1.47,805.44,17.41,707.98,761.44,389.9,15.53,0,7.19,0,2.54,1.34,0.01,0,105.29,-11.66
2025-11-08T16:25:00Z,-202.73,0,124.05,0,42,40.67,0.11,0,6.45,803.13,45.9,706.64,768.5,338.99,15.42,0,5.66,0,2.59,1.35,0.01,0,87.46,-11.11
2025-11-08T16:30:00Z,-250.78,0,91.84,0,45,40.67,0.11,0,22.19,847.7,71.69,705.31,762.61,294.55,15.3,0,4.16,0,2.66,1.35,0.01,0,70.64,-10.8
2025-11-08T16:35:00Z,-202.71,-25.87,0,0,47,40,0.11,0,68.78,850.39,120.91,687.71,710.1,279.52,15.28,0.1,0,0,2.71,1.34,0.01,0,29.9,-11.11
2025-11-08T16:40:00Z,-343.07,0,182.82,0,43,40.67,0.11,0,6.51,854.8,104.28,670.11,772.32,308,15.27,0,8.13,0,2.62,1.35,0.01,0,121.71,-11.11
2025-11-08T16:45:00Z,-312.3,0,159.37,0,45,40,0.11,0,19.75,886.29,52.24,652.52,796.08,299.89,15.25,0,7.06,0,2.66,1.34,0.01,0,108.51,-10.8
2025-11-08T16:50:00Z,-334.46,0,159.89,0,44,40,0.11,0,16.17,872.81,95.19,634.92,751.15,274.44,15.23,0,7.11,0,2.64,1.34,0.01,0,110.11,-10.1
2025-11-08T16:55:00Z,-308.49,0,144.38,0,45,40.67,0.11,0,25.78,892.65,81.21,617.32,697.12,248.71,15.22,0,6.48,0,2.66,1.35,0.01,0,100.81,-10.8
2025-11-08T17:00:00Z,-276.97,0,146.91,0,43,40,0.11,0,13.87,892.04,76.27,599.73,687.61,251.55,15.2,0,6.63,0,2.62,1.34,0.01,0,102.4,-10.8
2025-11-08T17:05:00Z,-237.75,0,154.72,0,43,40,0.11,0,16.97,904.05,58.71,574.32,738.02,230.94,15.18,0,6.97,0,2.62,1.34,0.01,0,105.41,-10.8
2025-11-08T17:10:00Z,-244.63,0,181.49,0,0,40,0.11,0,0.12,900.05,52.35,548.92,782.32,131.15,15.17,0,8.05,0,1.58,1.34,0.01,0,118.15,-10.8
2025-11-08T17:15:00Z,-221.24,0,168.51,0,0,40.67,0.11,0,13.11,884.98,172.38,523.51,764.11,127.89,15.15,0,7.71,0,1.58,1.35,0.01,0,102.63,-11.01
2025-11-08T17:20:00Z,-231.4,0,116.94,0,0,40,0.1,0,1.03,873.56,288.42,498.11,780.47,18.14,15.13,0,5.23,0,0,1.35,0.01,0,58.41,-11.01
2025-11-08T17:25:00Z,-253.56,0,150.34,0,0,40,0.11,0,0,885.55,299.62,472.7,721.97,28.73,15.12,0,6.57,0,1.58,1.34,0.01,0,88.12,-11.01
2025-11-08T17:30:00Z,-141.76,0,54.21,0,0,40,0.11,0,0,896.79,304.18,447.3,783.21,37.57,15.1,0,2.41,0,1.58,1.34,0.01,0,42.91,-10
2025-11-08T17:35:00Z,-105.02,0,9.07,0,0,40.67,0.11,0,9.01,958.34,273.56,420.41,654.77,37.09,14.93,0,0.41,0,1.58,1.35,0.01,0,25.3,-10
2025-11-08T17:40:00Z,-224.69,-86.53,0,0,0,40,0.11,0,12.85,1185.63,258.67,393.52,320.1,20.4,14.77,0.1,0,0,1.58,1.34,0.01,0,21.49,-10
2025-11-08T17:45:00Z,-99.91,-272.91,0,0,0,40.67,0.11,0,0.26,1352.88,230.14,366.64,261.51,15.5,14.6,0.31,0,0,1.58,1.35,0.01,0,19.55,0
2025-11-08T17:50:00Z,-364.57,0,448.98,0,0,40.67,0.11,0,0,918.88,189.75,339.75,705.6,58.08,14.43,0,19.78,0,0,1.36,0.01,0,375.7,-83.81
2025-11-08T17:55:00Z,-242.35,0,513.97,0,0,40.67,0.11,0,0.01,838.07,165.14,312.86,740.39,59.8,14.27,0,22.38,0,0,1.36,0.01,0,474.47,-21
2025-11-08T18:00:00Z,-22.87,0,271.29,0,0,40,0.1,0,4.25,858.33,150.04,285.98,718.11,60.58,14.1,0,12.1,0,0,1.35,0.01,0,154.58,-11.66
2025-11-08T18:05:00Z,-29.77,0,128.96,0,0,40.67,0.11,0,23.17,998.6,167.59,246.12,582.46,56.68,14.07,0,5.84,0,0,1.36,0.01,0,65.62,-9.17
2025-11-08T18:10:00Z,-65.77,-132.83,0,0,0,40,0.11,0,41.87,1257.32,187.71,206.26,294.48,0,14.03,0.13,0,0,0,1.35,0.01,0,9.57,0
2025-11-08T18:15:00Z,-38.31,-220.31,0,-0.1,0,40.67,0.11,0,6.4,1387.46,183.49,166.4,292.72,0,14,0.19,0,0,0,1.35,0.01,0,9.18,-15.08
2025-11-08T18:20:00Z,-23.67,0,76.59,0,0,40,0.11,0,19.8,1102.1,129.31,126.54,626.64,37.91,13.97,0,3.56,0,0,1.35,0.01,0,44.83,0
2025-11-08T18:25:00Z,-4.49,-296.72,0,0,0,40.67,0.1,0,160.86,1342.37,132.09,86.68,196.63,0,13.93,0.28,0,0,0,1.36,0.01,0,8.9,-7.58
2025-11-08T18:30:00Z,-24.33,-341.36,0,0,0,40.67,0.11,0,33.17,1553.37,113.39,46.82,124.1,0,13.9,0.32,0,0,0,1.36,0.01,0,8.84,-4.11
2025-11-08T18:35:00Z,-0.55,-311.57,0,0,0,40,0.11,0,14.2,1546.71,90.35,41.64,56.45,0,13.85,0.3,0,0,0,1.35,0.01,0,8.97,-2.06
2025-11-08T18:40:00Z,-7.65,-315.9,0,-0.1,0,40.67,0.11,0,12.64,1599.51,73.5,36.47,25.92,0,13.8,0.3,0,0,0,1.36,0.01,0,8.92,0.01
2025-11-08T18:45:00Z,-0.26,-358.34,0,0,0,40,0.11,0,23.5,1661.87,56.18,31.3,0,0,13.75,0.33,0,0,0,1.35,0.01,0,8.48,54.73
2025-11-08T18:50:00Z,-1.07,-291.02,0,0,0,40.67,0.11,0,10.36,1648.5,42.3,26.12,0,0,13.7,0.27,0,0,0,1.36,0.01,0,8.9,54.77
2025-11-08T18:55:00Z,-9.26,-271.58,0,0,0,41.34,0.11,0,6.36,1630.36,27.57,20.95,0,0,13.65,0.26,0,0,0,1.37,0.01,0,9.29,8.17
2025-11-08T19:00:00Z,-0.28,-272.93,0,0,0,40.67,0.11,0,12.17,1644.16,19.78,15.77,0,0,13.6,0.22,0,0,0,1.37,0.01,0,9.54,11.46
2025-11-08T19:05:00Z,-3.9,-259.3,0,0,0,40.67,0.11,0,14.61,1643.63,13.49,13.14,0,0,0,0.25,0,0,0,1.36,0.01,0,9.21,0
2025-11-08T19:10:00Z,-0.3,-340.76,0,0,0,41.34,0.11,0,90.98,1672.21,8.27,10.52,0,0,0,0.31,0,0,0,1.37,0.01,0,8.62,8.13
2025-11-08T19:15:00Z,-3.93,-275.77,0,0,0,40.67,0.11,0,54.43,1638.98,3.96,7.89,0,0,0,0.26,0,0,0,1.36,0.01,0,9.08,0
2025-11-08T19:20:00Z,-2.63,-232.82,0,0,0,40.67,0.11,0,24.52,1652.96,2.29,5.26,0,0,0,0.22,0,0,0,1.36,0.01,0,9.24,8.26
2025-11-08T19:25:00Z,-21.12,-207.24,0,0,0,41.34,0.11,0,42.29,1645.81,0.72,19.01,0,0,13.35,0.17,0,0,0,1.38,0.01,0,9.66,8.3
2025-11-08T19:30:00Z,-3.12,-227.42,0,0,0,41.34,0.11,0,21.86,1651.61,0.07,7.81,0,0,13.3,0.18,0,0,0,1.38,0.01,0,9.7,11.41
2025-11-08T19:35:00Z,-4.63,-260.28,0,0,0,40.67,0.1,0,52.25,1663.96,0.01,6.51,0,0,13.08,0.2,0,0,0,1.36,0.01,0,9.33,8.14
2025-11-08T19:40:00Z,-2.27,-268.32,0,0,0,40.67,0.11,0,78.83,1657.94,0.01,5.21,0,0,12.87,0.21,0,0,0,1.36,0.01,0,9.22,11.6
2025-11-08T19:45:00Z,-37.13,-174.9,0,0,0,40.67,0.11,0,64.64,1629.36,0,3.91,0,0,12.65,0.14,0,0,0,1.36,0.01,0,9.67,8.4
2025-11-08T19:50:00Z,-1.94,-161.58,0,0,0,41.34,0.1,0,61.01,1584.49,0,2.6,0,0,12.43,0.13,0,0,0,1.38,0.01,0,9.89,12.8
2025-11-08T19:55:00Z,-5.51,-111.41,0,0,0,40.67,0.11,0,32.54,1564.34,0,1.3,0,0,12.22,0.09,0,0,0,1.36,0.01,0,10.06,11.95
2025-11-08T20:00:00Z,-3.69,-157.53,0,0,0,40.67,0.11,0,35.3,1588.81,0,0,0,0,12,0.13,0,0,0,1.36,0.01,0,9.89,8.48
2025-11-08T20:05:00Z,-5.64,-158.32,0,0,0,41.34,0.11,0,34.3,1586.99,0,0,0,0,12.03,0.13,0,0,0,1.38,0.01,0,10.08,59.55
2025-11-08T20:10:00Z,-1.11,-221.17,0,-0.1,0,40.67,0.11,0,143.35,1522.44,0,0,0,0,12.07,0.18,0,0,0,1.36,0.01,0,9.63,59.55
2025-11-08T20:15:00Z,-1.8,-286.86,0,0,0,40.67,0.11,0,203.08,1496.46,0,0,0,0,12.1,0.23,0,0,0,1.36,0.01,0,9.45,61.24
2025-11-08T20:20:00Z,-1.41,-271.08,0,0,0,40.67,0.11,0,247.32,1449.67,0,0,0,0,12.13,0.21,0,0,0,1.36,0.01,0,9.46,59.55
2025-11-08T20:25:00Z,-2.1,-212.08,0,0,0,41.34,0.1,0,223.55,1433.52,0,0,0,0,12.17,0.17,0,0,0,1.38,0.01,0,9.84,59.55
2025-11-08T20:30:00Z,-0.62,-186.02,0,0,0,40.67,0.1,0,171.13,1434.3,0,0,0,0,12.2,0.15,0,0,0,1.36,0.01,0,9.98,59.55
2025-11-08T20:35:00Z,-1.74,-138.55,0,0,0,40.67,0.11,0,153.95,1403.37,0,0,0,0,12.18,0.12,0,0,0,1.36,0.01,0,10.29,62.65
2025-11-08T20:40:00Z,-3.3,-177.27,0,0,0,40.67,0.1,0,213.54,1387.02,0,0,0,0,12.17,0.15,0,0,0,1.36,0.01,0,10.03,60.06
2025-11-08T20:45:00Z,-0.71,-200.64,0,0,0,40.67,0.11,0,254.64,1389.32,0,0,0,0,12.15,0.16,0,0,0,1.36,0.01,0,9.75,64.88
2025-11-08T20:50:00Z,-6.64,-162.63,0,0,0,41.34,0.11,0,193.61,1387.17,0,0,0,0,12.13,0.14,0,0,0,1.38,0.01,0,10.34,59.82
2025-11-08T20:55:00Z,-0.4,-203.21,0,0,0,40.67,0.11,0,254.18,1376.06,0,0,0,0,12.12,0.17,0,0,0,1.36,0.01,0,9.83,0
2025-11-08T21:00:00Z,-8.16,-155.29,0,0,0,40.67,0.1,0,178.78,1380.73,0,0,0,0,12.1,0.13,0,0,0,1.36,0.01,0,10.32,59.55
2025-11-08T21:05:00Z,-0.8,-53.27,0,0,0,41.34,0.1,0,79,1375.2,0,0,0,0,11.98,0.05,0,0,0,1.38,0.01,0,11.17,60.56
2025-11-08T21:10:00Z,-1.16,-81.31,0,0,0,41.34,0.11,0,147.39,1342.94,0,0,0,0,11.87,0.07,0,0,0,1.38,0.01,0,10.91,59.55
2025-11-08T21:15:00Z,-6.36,-148.69,0,0,0,41.34,0.11,0,205.04,1353.19,0,0,0,0,11.75,0.13,0,0,0,1.38,0.01,0,10.48,59.17
2025-11-08T21:20:00Z,-0.54,0,28.62,0,0,41.34,0.1,0,24.55,1320.16,0,0,0,0,11.63,0,1.7,0,0,1.38,0.01,0,27.3,59.55
2025-11-08T21:25:00Z,-1.67,-34.91,0,0,0,41.34,0.11,0,127.98,1303.46,0,0,0,0,11.52,0.03,0,0,0,1.38,0.01,0,11.35,60.21
2025-11-08T21:30:00Z,-3.74,-66.13,0,0,0,41.34,0.11,0,170.92,1269.74,0,0,0,0,11.4,0.06,0,0,0,1.38,0.01,0,11.29,59.44
2025-11-08T21:35:00Z,-4.52,0,31.06,0,0,41.34,0.11,0,71.56,1277.49,0,0,0,0,11.48,0,1.88,0,0,1.38,0.01,0,29,0
2025-11-08T21:40:00Z,-0.37,0,15.06,0,0,40.67,0.11,0,91.99,1249.45,0,0,0,0,11.57,0,0.91,0,0,1.36,0.01,0,20.04,59.55
2025-11-08T21:45:00Z,-1.22,0,8.55,0,0,40.67,0.11,0,84.23,1270.78,0,0,0,0,11.65,0,0.52,0,0,1.36,0.01,0,16.35,57.55
2025-11-08T21:50:00Z,-6,-4.28,0,0,0,41.34,0.11,0,74.3,1265.33,0,0,0,0,11.73,0,0,0,0,1.38,0.01,0,12.14,53.48
2025-11-08T21:55:00Z,-5.03,-16.49,0,0,0,41.34,0.1,0,74.12,1272.64,0,0,0,0,11.82,0.02,0,0,0,1.38,0.01,0,12.07,0
2025-11-08T22:00:00Z,-1.81,-64.54,0,-0.1,0,40.67,0.11,0,115.61,1267.37,0,0,0,0,11.9,0.06,0,0,0,1.36,0.01,0,11.55,38.17
2025-11-08T22:05:00Z,-0.21,-61.06,0,0,0,40.67,0.11,0,149.97,1220.78,0,0,0,0,11.8,0.06,0,0,0,1.36,0.01,0,11.64,46.37
2025-11-08T22:10:00Z,-0.62,-51.06,0,0,0,40.67,0.11,0,136.05,1216.96,0,0,0,0,11.7,0.05,0,0,0,1.36,0.01,0,11.79,45.63
2025-11-08T22:15:00Z,-0.44,-22.65,0,0,0,40.67,0.11,0,117.75,1195.48,0,0,0,0,11.6,0.02,0,0,0,1.36,0.01,0,12.14,41.76
2025-11-08T22:20:00Z,-1.84,0,69.77,0,0,41.34,0.11,0,28.77,1189.81,0,0,0,0,11.5,0,4.19,0,0,1.38,0.01,0,56.33,39.97
2025-11-08T22:25:00Z,-0.27,0,55.67,0,0,41.34,0.11,0,69.64,1159.9,0,0,0,0,11.4,0,3.37,0,0,1.38,0.01,0,47.07,40.69
2025-11-08T22:30:00Z,-0.62,0,83.3,0,0,41.34,0.11,0,37.78,1162.54,0,0,0,0,11.3,0,5.01,0,0,1.38,0.01,0,66.38,40.69
2025-11-08T22:35:00Z,-0.6,0,102.6,0,0,41.34,0.11,0,40.62,1134.63,0,0,0,0,11.38,0,6.21,0,0,1.38,0.01,0,81.96,46.17
2025-11-08T22:40:00Z,-3.11,0,157.09,0,0,40.67,0.11,0,23.55,1104.21,0,0,0,0,11.47,0,9.63,0,0,1.36,0.01,0,130.95,46.66
2025-11-08T22:45:00Z,-0.72,0,124.76,0,0,41.34,0.11,0,36.85,1106.8,0,0,0,0,11.55,0,7.65,0,0,1.38,0.01,0,102.41,41.93
2025-11-08T22:50:00Z,-0.76,0,177.24,0,0,40.67,0.11,0,24.84,1055.26,0,0,0,0,11.63,0,10.82,0,0,1.36,0.01,0,155.16,45.22
2025-11-08T22:55:00Z,-3.58,0,218.72,0,0,41.34,0.11,0,13.75,1041.43,0,0,0,0,11.72,0,13.33,0,0,1.38,0.01,0,202,42.46
2025-11-08T23:00:00Z,-3.88,0,214.81,0,0,41.34,0.1,0,13.81,1014.71,0,0,0,0,11.8,0,13.2,0,0,1.38,0.01,0,205.62,45.28
2025-11-08T23:05:00Z,-6.29,0,202.26,0,0,40.67,0.11,0,24.24,1001.26,0,0,0,0,11.72,0,12.44,0,0,1.36,0.01,0,193.16,49.56
2025-11-08T23:10:00Z,-2.98,0,227.54,0,0,40.67,0.1,0,18.03,983.71,0,0,0,0,11.63,0,14.06,0,0,1.36,0.01,0,228.05,66.55
2025-11-08T23:15:00Z,-6.95,0,154.5,-0.1,0,41.34,0.1,0,65.7,984.93,0,0,0,0,11.55,0,9.47,0,0,1.38,0.01,0,140.08,49.7
2025-11-08T23:20:00Z,-2.06,0,172.21,0,0,41.34,0.1,0,58.49,981.8,0,0,0,0,11.47,0,10.47,0,0,1.38,0.01,0,156.8,42.63
2025-11-08T23:25:00Z,-4.99,0,226.03,0,0,41.34,0.1,0,10.74,982.69,0,0,0,0,11.38,0,13.69,0,0,1.38,0.01,0,225.11,42.19
2025-11-08T23:30:00Z,-0.81,0,224.25,-0.1,0,40.67,0.11,0,16.93,975.08,0,0,0,0,11.3,0,13.72,0,0,1.36,0.01,0,224.14,62.59
2025-11-08T23:35:00Z,-15.11,0,250.09,0,0,41.34,0.1,0,7.62,963.54,0,0,0,0,11.2,0,15.19,0,0,1.38,0.01,0,266.28,39.76
2025-11-08T23:40:00Z,-5.41,0,308.31,0,0,41.34,0.1,0,0.18,956.18,0,0,0,0,11.1,0,18.81,0,0,1.38,0.01,0,354.38,46.66
2025-11-08T23:45:00Z,-5.16,0,281.9,0,0,41.34,0.11,0,16.33,969.83,0,0,0,0,11,0,17.03,0,0,1.38,0.01,0,298.56,47.31
2025-11-08T23:50:00Z,-6.68,0,304.99,0,0,41.34,0.11,0,12.73,956.04,0,0,0,0,10.9,0,18.56,0,0,1.38,0.01,0,342.75,48.53
2025-11-08T23:55:00Z,-7.17,0,290.11,0,0,41.34,0.11,0,16.25,968.41,0,0,0,0,10.8,0,17.75,0,0,1.38,0.01,0,315.1,41.05
2025-11-09T00:00:00Z,-12.1,0,309.59,0,0,41.34,0.11,0,19.18,952.63,0,0,0,0,10.7,0,18.77,0,0,1.38,0.01,0,349.85,41.04
2025-11-09T00:05:00Z,-5.67,0,385.71,0,0,41.34,0.1,0,14.08,880.65,0,0,0,0,10.78,0,22.98,0,0,1.38,0.01,0,536.73,0
2025-11-09T00:10:00Z,-5.9,0,376.79,0,0,41.34,0.1,0,55.05,844.79,0,0,0,0,10.87,0,23.12,0,0,1.38,0.01,0,526.62,44.27
2025-11-09T00:15:00Z,-5.24,0,373.72,0,0,41.34,0.11,0,80.85,817.98,0,0,0,0,10.95,0,23.1,0,0,1.38,0.01,0,523.5,47.16
2025-11-09T00:20:00Z,-5.71,0,404.96,0,0,41.34,0.11,0,77.89,798.28,0,0,0,0,11.03,0,25.31,0,0,1.38,0.01,0,632.1,0
2025-11-09T00:25:00Z,-10.36,0,419.47,0,0,41.34,0.11,0,66.2,798.84,0,0,0,0,11.12,0,26.34,0,0,1.38,0.01,0,698.16,47.46
2025-11-09T00:30:00Z,-6.1,0,433.23,0,0,40.67,0.11,0,57.8,814.33,0,0,0,0,11.2,0,27.34,0,0,1.36,0.01,0,727.45,47.64
2025-11-09T00:35:00Z,-5.72,0,457.5,0,0,40.67,0.11,0,88.73,786,0,0,0,0,11.12,0,29.02,0,0,1.36,0.01,0,806.17,49.03
2025-11-09T00:40:00Z,-5.34,0,451.41,-0.1,0,40.67,0.1,0,61.99,780.84,0,0,0,0,11.03,0,28.88,0,0,1.36,0.01,0,850.62,47.74
2025-11-09T00:45:00Z,-7.35,0,438.62,0,0,41.34,0.11,0,65.51,782.35,0,0,0,0,10.95,0,28.13,0,0,1.38,0.01,0,799.12,48.18
2025-11-09T00:50:00Z,-5.25,0,458.81,0,0,41.34,0.1,0,63.75,777.73,0,0,0,0,10.87,0,29.51,0,0,1.38,0.01,0,885.37,48.61
2025-11-09T00:55:00Z,-7.08,0,457.83,0,0,41.34,0.1,0,59,778.22,0,0,0,0,10.78,0,29.21,0,0,1.38,0.01,0,887.45,45.56
2025-11-09T01:00:00Z,-10,0,475.73,0,0,41.34,0.1,0,77.31,774.66,0,0,0,0,10.7,0,29.89,0,0,1.38,0.01,0,920.7,44.16
2025-11-09T01:05:00Z,-3.32,0,477.68,0,0,41.34,0.1,0,62.47,767.35,0,0,0,0,10.63,0,29.58,0,0,1.38,0.01,0,952.42,0
2025-11-09T01:10:00Z,-6.32,0,347.95,0,0,40.67,0.11,0,206.2,749.12,0,0,0,0,10.57,0,21.69,0,0,1.36,0.01,0,431.16,75.12
2025-11-09T01:15:00Z,-15.32,0,481.86,0,0,41.34,0.11,0,46.7,736.28,0,0,0,0,10.5,0,30.34,0,0,1.38,0.01,0,1163.58,44.87
2025-11-09T01:20:00Z,-8.01,0,525.85,0,0,41.34,0.11,0,10.32,735.94,0,0,0,0,10.43,0,33.48,0,0,1.38,0.01,0,1648.51,42.15
2025-11-09T01:25:00Z,-6.65,0,478.42,-0.1,0,41.34,0.11,0,65.73,720.53,0,0,0,0,10.37,0,30.36,0,0,1.38,0.01,0,1112.24,44.78
2025-11-09T01:30:00Z,-5.59,0,461.59,-0.1,0,41.34,0.1,0,67.78,727.85,0,0,0,0,10.3,0,29.76,0,0,1.38,0.01,0,1010.88,47.28
2025-11-09T01:35:00Z,-6.52,0,476.56,0,0,40.67,0.11,0,65.26,714.4,0,0,0,0,10.22,0,30.43,0,0,1.36,0.01,0,1131.21,42.12
2025-11-09T01:40:00Z,-6.98,0,501.58,-0.1,0,41.34,0.11,0,51.55,700.19,0,0,0,0,10.13,0,31.59,0,0,1.38,0.01,0,1390.92,42.24
2025-11-09T01:45:00Z,-5.38,0,489.76,0,0,41.34,0.11,0,57.55,714.08,0,0,0,0,10.05,0,30.5,0,0,1.38,0.01,0,1203.56,47.78
2025-11-09T01:50:00Z,-5.36,0,566.25,0,0,41.34,0.11,0,9.68,685.83,0,0,0,0,9.97,0,35.34,0,0,1.38,0.01,0,2665.42,42.65
2025-11-09T01:55:00Z,-9.98,0,565.74,0,0,40.67,0.11,0,15.78,677.32,0,0,0,0,9.88,0,35.15,0,0,1.36,0.01,0,2770.78,42.34
2025-11-09T02:00:00Z,-3.8,0,532.72,0,0,41.34,0.11,0,60.43,663.28,0,0,0,0,9.8,0,33.18,0,0,1.38,0.01,0,1814.46,46.88
2025-11-09T02:05:00Z,-5.64,0,533.28,0,0,41.34,0.11,0,52.63,650.31,0,0,0,0,9.7,0,33.41,0,0,1.38,0.01,0,2032.69,37.43
2025-11-09T02:10:00Z,-8.68,0,321.48,0,0,40.67,0.11,0,260.6,649.48,0,0,0,0,9.6,0,19.98,0,0,1.36,0.01,0,412.81,0
2025-11-09T02:15:00Z,-5.75,0,471.53,0,0,41.34,0.11,0,59.78,668.05,0,0,0,0,9.5,0,29.63,0,0,1.38,0.01,0,1274.89,0
2025-11-09T02:20:00Z,-24.63,0,528.87,0,0,41.34,0.11,0,11.34,676.36,0,0,0,0,9.4,0,33.2,0,0,1.38,0.01,0,2363.01,0
2025-11-09T02:25:00Z,-4.31,0,462.42,0,0,41.34,0.1,0,60.2,677.44,0,0,0,0,9.3,0,28.74,0,0,1.38,0.01,0,1157.44,0
2025-11-09T02:30:00Z,-5.46,0,447.49,0,0,40.67,0.1,0,63.66,674.2,0,0,0,0,9.2,0,28.13,0,0,1.36,0.01,0,1086.72,45.2
2025-11-09T02:35:00Z,-3.42,0,471.67,0,0,41.34,0.11,0,43.47,672.35,0,0,0,0,9.43,0,30.02,0,0,1.38,0.01,0,1335.86,47.51
2025-11-09T02:40:00Z,-5.2,0,476.6,0,0,41.34,0.11,0,54.03,653.88,0,0,0,0,9.67,0,30.41,0,0,1.38,0.01,0,1426.16,46.09
2025-11-09T02:45:00Z,-5.31,0,465.86,-0.1,0,40.67,0.11,0,90.06,638.68,0,0,0,0,9.9,0,29.57,0,0,1.36,0.01,0,1244.84,46.37
2025-11-09T02:50:00Z,-5.22,0,447.9,-0.1,0,41.34,0.11,0,58.57,659.19,0,0,0,0,10.13,0,28.48,0,0,1.38,0.01,0,1171.35,44.02
2025-11-09T02:55:00Z,-9.02,0,468.41,0,0,41.34,0.11,0,48.69,652,0,0,0,0,10.37,0,29.58,0,0,1.38,0.01,0,1404.07,46.15
2025-11-09T03:00:00Z,-6.92,0,453.82,-0.1,0,41.34,0.11,0,49.4,648.46,0,0,0,0,10.6,0,28.4,0,0,1.38,0.01,0,1283.74,44.37
2025-11-09T03:05:00Z,-10.55,0,551.93,-0.1,0,41.34,0.11,0,0.18,632.15,0,0,0,0,10.6,0,34.03,0,0,1.38,0.01,0,3821.91,37.01
2025-11-09T03:10:00Z,-17.19,0,427.23,0,0,41.34,0.11,0,104.78,629.48,0,0,0,0,10.6,0,25.77,0,0,1.38,0.01,0,983.92,44.27
2025-11-09T03:15:00Z,-4.47,0,517.15,0,0,41.34,0.1,0,8.35,626.54,0,0,0,0,10.6,0,31.23,0,0,1.38,0.01,0,2530.36,42.24
2025-11-09T03:20:00Z,-15.69,0,511.94,0,0,40.67,0.1,0,2.79,647.92,0,0,0,0,10.6,0,31.04,0,0,1.36,0.01,0,2373.47,44.45
2025-11-09T03:25:00Z,-2.87,0,497.24,0,0,41.34,0.1,0,7.86,631.71,0,0,0,0,10.6,0,30.91,0,0,1.38,0.01,0,2142.99,0
2025-11-09T03:30:00Z,-2.9,0,499.81,0,0,41.34,0.11,0,15.98,616.73,0,0,0,0,10.6,0,31.36,0,0,1.38,0.01,0,2292.21,45.01
2025-11-09T03:35:00Z,-10.96,0,528.55,0,0,41.34,0.11,0,0.01,611.42,0,0,0,0,10.65,0,33.14,0,0,1.38,0.01,0,3655.32,44.65
2025-11-09T03:40:00Z,-11.7,0,449.18,0,0,42.02,0.11,0,48.22,632.35,0,0,0,0,10.7,0,27.67,0,0,1.41,0.01,0,1332.91,44.21
2025-11-09T03:45:00Z,-20.23,0,523.06,0,0,42.02,0.11,0,0.01,628.38,0,0,0,0,10.75,0,31.92,0,0,1.41,0.01,0,3144.14,42.17
2025-11-09T03:50:00Z,-4.37,0,493.95,0,0,41.34,0.11,0,0.38,642.81,0,0,0,0,10.8,0,30.05,0,0,1.38,0.01,0,2024.85,44.25
2025-11-09T03:55:00Z,-15.46,0,533.56,0,0,41.34,0.11,0,0.33,614.64,0,0,0,0,10.85,0,32.1,0,0,1.38,0.01,0,3742.45,44.38
2025-11-09T04:00:00Z,-23.33,0,527,-0.1,0,42.02,0.11,0,0.04,622.77,0,0,0,0,10.9,0,31.73,0,0,1.41,0.01,0,3473.63,44.26
2025-11-09T04:05:00Z,-25.78,0,509.24,0,0,42.02,0.11,0,0.27,613.12,0,0,0,0,10.97,0,31.12,0,0,1.41,0.01,0,3240.17,41.62
2025-11-09T04:10:00Z,-0.04,0,454.14,0,0,41.34,0.11,0,66.98,591.26,0,0,0,0,11.03,0,27.57,0,0,1.38,0.01,0,1415.52,46.49
2025-11-09T04:15:00Z,-0.26,0,438.75,0,0,42.02,0.11,0,59.61,596.97,0,0,0,0,11.1,0,27.09,0,0,1.41,0.01,0,1317.33,41.9
2025-11-09T04:20:00Z,-10.48,0,206.03,0,0,42.02,0.11,0,247.43,642.87,0,0,0,0,11.17,0,12.68,0,0,1.41,0.01,0,236.19,0
2025-11-09T04:25:00Z,-1.18,0,389.73,0,0,42.02,0.11,0,55.13,655.42,0,0,0,0,11.23,0,23.92,0,0,1.41,0.01,0,840.31,0
2025-11-09T04:30:00Z,-2.82,0,210.06,0,0,41.34,0.11,0,249.53,645.85,0,0,0,0,11.3,0,12.94,0,0,1.38,0.01,0,237.58,38.23
2025-11-09T04:35:00Z,-0.28,0,223.6,0,0,42.02,0.1,0,251.5,613.8,0,0,0,0,11.32,0,13.91,0,0,1.41,0.01,0,269.04,37.7
2025-11-09T04:40:00Z,-0.19,0,250.62,0,0,42.02,0.11,0,229.22,604.67,0,0,0,0,11.33,0,15.91,0,0,1.41,0.01,0,332.6,42
2025-11-09T04:45:00Z,-0.2,0,259.31,0,0,42.02,0.11,0,223.56,602.29,0,0,0,0,11.35,0,16.51,0,0,1.41,0.01,0,353.44,45.25
2025-11-09T04:50:00Z,-0.3,0,103.42,-0.1,0,41.34,0.11,0,349.43,611.24,0,0,0,0,11.37,0,6.61,0,0,1.38,0.01,0,106.95,50.08
2025-11-09T04:55:00Z,-0.43,0,195.34,0,0,41.34,0.11,0,263.21,613.18,0,0,0,0,11.38,0,12.65,0,0,1.38,0.01,0,233.29,52.4
2025-11-09T05:00:00Z,-0.05,0,147.4,-0.1,0,41.34,0.11,0,323.72,604.57,0,0,0,0,11.4,0,9.49,0,0,1.38,0.01,0,158.86,53.43
2025-11-09T05:05:00Z,-0.14,0,120.71,-0.1,0,41.34,0.11,0,335.29,618.47,0,0,0,0,11.33,0,7.79,0,0,1.38,0.01,0,126.03,71.72
2025-11-09T05:10:00Z,-0.2,0,286.93,0,0,41.34,0.11,0,149.1,631.38,0,0,0,0,11.27,0,18.38,0,0,1.38,0.01,0,443.63,63.31
2025-11-09T05:15:00Z,-0.34,0,21.56,-0.1,0,42.02,0.11,0,385.91,662.71,0,0,0,0,11.2,0,1.4,0,0,1.41,0.01,0,31.56,65.46
2025-11-09T05:20:00Z,-5.31,0,81.41,-0.1,0,41.34,0.11,0,309.41,667.76,0,0,0,0,11.13,0,5.5,0,0,1.38,0.01,0,88.8,0
2025-11-09T05:25:00Z,-5.12,0,88.15,0,0,42.02,0.1,0,368.82,638.28,0,0,0,0,11.07,0,5.67,0,0,1.41,0.01,0,88.87,64.3
2025-11-09T05:30:00Z,-4.99,0,125.86,0,0,42.02,0.1,0,318.19,621.61,0,0,0,0,11,0,8.61,0,0,1.41,0.01,0,141.29,71.65
2025-11-09T05:35:00Z,-5.39,0,351.57,0,0,42.02,0.11,0,68.26,632.71,0,1.73,0,0,10.87,0,23.53,0,0,1.41,0.01,0,771.86,65.68
2025-11-09T05:40:00Z,-5.19,0,105.7,0,0,42.02,0.1,0,317.97,647.07,0.01,3.46,0,0,10.73,0,7.28,0,0,1.41,0.01,0,115.93,43.43
2025-11-09T05:45:00Z,-4.85,0,135.56,0,0,42.02,0.11,0,330.64,635.24,0.17,5.2,0,0,10.6,0,9.33,0,0,1.41,0.01,0,147.66,66.01
2025-11-09T05:50:00Z,-4.33,0,190.88,0,0,42.02,0.11,0,255.96,621,0.87,6.93,0,0,10.47,0,13.34,0,0,1.41,0.01,0,242.05,56.78
2025-11-09T05:55:00Z,-0.04,0,331.12,0,0,41.34,0.11,0,84.27,634.81,3.69,8.66,0,0.04,10.33,0,23.64,0,0,1.38,0.01,0,680.1,31.13
2025-11-09T06:00:00Z,-0.21,0,256.35,0,0,41.34,0.11,0,157.86,649.71,9.25,10.39,0,0.02,10.2,0,18.02,0,0,1.38,0.01,0,380.59,19.42
2025-11-09T06:05:00Z,-0.03,0,219.09,0,0,42.02,0.11,0,232.33,651.32,9.52,22.43,0,0.2,10.45,0,15.33,0,0,1.41,0.01,0,272.08,32.5
2025-11-09T06:10:00Z,-0.23,0,152.18,0,0,41.34,0.1,0,306.74,637.54,14.76,34.47,0,0.12,10.7,0,10.55,0,0,1.38,0.01,0,162.4,0
2025-11-09T06:15:00Z,-2.32,0,330.3,0,0,42.02,0.1,0,91.31,655.04,23.32,46.5,0,1.4,10.95,0,22.49,0,0,1.41,0.01,0,545.58,18.2
2025-11-09T06:20:00Z,-4.38,0,145.61,-0.1,0,42.02,0.11,0,241.43,656.76,30.42,58.53,0,1.56,11.2,0,9.63,0,0,1.41,0.01,0,150.74,23.57
2025-11-09T06:25:00Z,-0.04,0,312.28,0,0,42.02,0.1,0,19.86,699.43,41.65,70.57,0,0,11.45,0,20.42,0,0,1.41,0.01,0,466.73,0
2025-11-09T06:30:00Z,-1.88,0,314.79,0,0,41.34,0.11,0,0.72,699.49,55.24,82.61,0,0,11.7,0,20.19,0,0,1.38,0.01,0,460.04,9.39
2025-11-09T06:35:00Z,-2.69,0,317.54,-0.1,0,42.02,0.11,0,0.59,652.35,71.4,106.85,0,0,11.88,0,19.9,0,0,1.41,0.01,0,462.6,-6.84
2025-11-09T06:40:00Z,-5.53,0,359.68,0,0,42.02,0.11,0,10.56,610.09,84.94,131.09,0,0,12.07,0,22.25,0,0,1.41,0.01,0,552.93,1.08
2025-11-09T06:45:00Z,-2.73,0,354.11,-0.1,0,42.02,0.11,0,2.78,597.53,105.31,155.33,0,0,12.25,0,21.85,0,0,1.41,0.01,0,511.07,0
2025-11-09T06:50:00Z,-6.75,0,307.24,-0.1,0,42.02,0.1,0,0.03,597.41,126.44,179.57,0,0,12.43,0,18.91,0,0,1.41,0.01,0,386.16,0.01
2025-11-09T06:55:00Z,-1.88,0,245.92,-0.1,0,42.02,0.1,0,7.71,601.16,155.83,203.82,0,0,12.62,0,15.02,0,0,1.41,0.01,0,258.54,-6.57
2025-11-09T07:00:00Z,-2.54,0,217.73,0,0,42.02,0.11,0,9.77,591.55,172.98,228.06,0,0,12.8,0,13.58,0,0,1.41,0.01,0,218.27,-6.5
2025-11-09T07:05:00Z,-18.59,0,231.49,0,0,42.02,0.11,0,0.12,575.81,190.68,258.61,0,0,12.92,0,14.19,0,0,1.41,0.01,0,229.14,0
2025-11-09T07:10:00Z,-11.22,0,194.36,0,0,42.02,0.1,0,0.02,571.16,185.26,289.16,0,0,13.03,0,11.81,0,0,1.41,0.01,0,179.85,0
2025-11-09T07:15:00Z,-1.82,0,182.48,0,0,42.02,0.11,0,10.02,534.37,191.48,319.7,6.51,11.86,13.15,0,11.26,0,0,1.41,0.01,0,166.55,-8.5
2025-11-09T07:20:00Z,-1.82,0,104.16,0,0,42.02,0.11,0,47.95,541,197.21,350.25,0,11.09,13.27,0,6.41,0,0,1.41,0.01,0,87.58,0
2025-11-09T07:25:00Z,-1.79,0,80.23,0,0,42.02,0.1,0,37.22,524.19,228.89,380.8,0,0,13.38,0,4.9,0,0,1.41,0.01,0,66.98,0.01
2025-11-09T07:30:00Z,-24.8,0,94.76,0,0,42.02,0.1,0,0,500.68,260.36,411.35,0,0,13.5,0,5.63,0,0,1.41,0.01,0,77.24,0
2025-11-09T07:35:00Z,-5.89,-3.5,0,0,0,42.02,0.1,0,0.13,512.4,314.4,444.83,0,0,13.58,0.01,0,0,0,1.41,0.01,0,12.95,7.92
2025-11-09T07:40:00Z,-13.99,-16.4,0,0,0,42.02,0.1,0,0,511.6,322.47,478.3,0,0,13.67,0.03,0,0,0,1.41,0.01,0,12.57,-3.28
2025-11-09T07:45:00Z,-32.15,-12.21,0,0,0,42.02,0.11,0,0,524.03,300.95,511.78,0,0,13.75,0.02,0,0,0,1.41,0.01,0,12.53,-7.94
2025-11-09T07:50:00Z,-1.29,-113.64,0,0,0,42.69,0.11,0,1.06,583.51,302.73,545.26,0,0,13.83,0.18,0,0,0,1.43,0.01,0,11.12,-10
2025-11-09T07:55:00Z,-6.55,-4.03,0,0,0,42.02,0.11,0,0.13,503.63,299.97,578.73,105.33,0,13.92,0.01,0,0,0,1.41,0.01,0,11.94,-10.21
2025-11-09T08:00:00Z,-25.23,-48.99,0,0,0,42.02,0.11,0,0.16,507.52,328.44,612.21,131.58,0,14,0.08,0,0,0,1.41,0.01,0,11.31,-11.8
2025-11-09T08:05:00Z,-13.46,-31.06,0,0,0,42.02,0.11,0,0.26,495.81,325.02,623.82,170.73,48.58,13.95,0.05,0,0,0,1.41,0.01,0,11.34,-10.16
2025-11-09T08:10:00Z,-0.16,-227.83,0,0,18,42.69,0.1,0,28.49,515.4,413.04,635.43,146.42,1.73,13.9,0.51,0,0,0.86,1.43,0.01,0,15.03,-11.02
2025-11-09T08:15:00Z,-0.14,-290.54,0,0,26,42.69,0.11,0,64.06,532.44,391.82,647.05,146.85,2.66,13.85,0.74,0,0,1.25,1.43,0.01,0,16.52,-16.97
2025-11-09T08:20:00Z,-1.87,-121.67,0,0,30,42.69,0.11,0,19.05,499.95,302.25,658.66,208.45,128.88,13.8,0.39,0,0,1.44,1.43,0.01,0,20.86,-11.01
2025-11-09T08:25:00Z,-21.65,-153.25,0,0,37,42.02,0.1,0,2.16,501.95,347.25,670.27,164.23,51.52,13.75,0.53,0,0,1.78,1.41,0.01,0,22.42,-10.85
2025-11-09T08:30:00Z,-1.93,-180.28,0,-0.1,44,42.02,0.11,0,17,485.74,359.46,681.88,165.69,53.24,13.7,0.67,0,0,2.11,1.41,0.01,0,23.66,-5.62
2025-11-09T08:35:00Z,-88.35,-236.74,0,-0.1,40,42.02,0.1,0,0,597.63,352.81,692.85,9.6,55.58,13.82,0.76,0,0,1.92,1.41,0.01,0,22.01,-11.34
2025-11-09T08:40:00Z,-47.83,-93.51,0,-0.1,44,42.69,0.11,0,19.46,468.9,309.85,703.82,151.58,141.2,13.93,0.37,0,0,2.11,1.43,0.01,0,26.3,0
2025-11-09T08:45:00Z,-48.69,-174.02,0,-0.1,44,42.02,0.11,0,21.06,486.43,360.63,714.78,135.92,74.09,14.05,0.64,0,0,2.11,1.41,0.01,0,23.91,0
2025-11-09T08:50:00Z,-86.29,-256.98,0,0,40,42.69,0.1,0,0,588.1,378.14,725.75,16.28,72.28,14.17,0.82,0,0,1.92,1.43,0.01,0,21.24,-11.28
2025-11-09T08:55:00Z,-76.04,-75.47,0,0,40,42.02,0.11,0,0.28,467.28,304.69,736.72,153.75,168.93,14.28,0.29,0,0,1.92,1.41,0.01,0,25.33,-11.11
2025-11-09T09:00:00Z,-51.46,-113.99,0,0,41,42.02,0.1,0,1.44,465.29,298.74,747.68,142.74,126.05,14.4,0.45,0,0,1.97,1.41,0.01,0,24.54,-10.02
2025-11-09T09:05:00Z,-82.43,-100.92,0,0,40,42.02,0.11,0,0.1,430.76,340.51,769.06,113.49,59.22,14.43,0.39,0,0,1.92,1.41,0.01,0,24.5,-10.93
2025-11-09T09:10:00Z,-39.73,-140.81,0,0,40,42.69,0.11,0,0.02,439.06,336.54,790.44,127.99,56.47,14.47,0.55,0,0,1.92,1.43,0.01,0,22.93,-11.03
2025-11-09T09:15:00Z,-35.37,-130.2,0,0,40,42.69,0.11,0,0.3,404.06,348.51,811.82,123.12,63.72,14.5,0.52,0,0,1.92,1.43,0.01,0,22.94,-11.11
2025-11-09T09:20:00Z,-29.24,-141.12,0,0,43,42.02,0.11,0,6.61,368.62,352.13,833.19,117.55,118.03,14.53,0.6,0,0,2.06,1.41,0.01,0,23.37,-11.22
2025-11-09T09:25:00Z,-45.64,-66.54,0,0,40,42.69,0.11,0,0.04,358.29,318.11,854.57,119.79,140.87,14.57,0.29,0,0,1.92,1.43,0.01,0,24.46,-12.94
2025-11-09T09:30:00Z,-1.37,0,22.98,0,44,42.02,0.11,0,8.12,243.36,283.46,875.95,226.11,153.31,14.6,0,1.31,0,2.11,1.41,0.01,0,39.39,-10.28
2025-11-09T09:35:00Z,-48,-28.52,0,0,41,42.69,0.11,0,0.51,281.39,323.72,889.01,91.73,55.92,14.87,0.14,0,0,1.97,1.43,0.01,0,26.07,-11.78
2025-11-09T09:40:00Z,-59.65,0,18.65,0,44,42.02,0.11,0,3.83,279.18,295.95,902.06,148.62,106.67,15.13,0,1.08,0,2.11,1.41,0.01,0,37.15,-11.81
2025-11-09T09:45:00Z,-70.38,0,24.88,0,43,42.02,0.11,0,1.85,293,275.36,915.12,140.15,142.68,15.4,0,1.5,0,2.06,1.41,0.01,0,40.49,-11.11
2025-11-09T09:50:00Z,-124.63,0,5.96,0,44,42.02,0.11,0,4.21,345.77,302.34,928.18,121.32,137.04,15.67,0,0.36,0,2.11,1.41,0.01,0,30.33,-11.11
2025-11-09T09:55:00Z,-141.02,0,14.25,0,41,42.02,0.11,0,2.03,336.35,319.62,941.24,121.42,85.61,15.93,0,0.84,0,1.97,1.41,0.01,0,33.19,-11.71
2025-11-09T10:00:00Z,-105.21,0,75.04,0,42,42.69,0.11,0,1.32,282.13,285.02,954.29,179.67,137.79,16.2,0,4.63,0,2.02,1.43,0.01,0,67.98,-11.45
2025-11-09T10:05:00Z,-50.35,-59.68,0,-0.1,41,42.02,0.11,0,3.58,341.75,298,961.54,117.02,134.32,16.08,0.28,0,0,1.97,1.41,0.01,0,23.6,0
2025-11-09T10:10:00Z,-84.7,0,64.03,-0.1,39,42.69,0.11,0,0.04,321.52,305.6,968.79,125.14,119.34,15.97,0,3.94,0,1.87,1.43,0.01,0,56.9,0
2025-11-09T10:15:00Z,-88.93,0,121.46,0,40,42.69,0.11,0,0.03,264.39,292.84,976.04,184.04,206.28,15.85,0,7.15,0,1.92,1.43,0.01,0,89.71,-18.4
2025-11-09T10:20:00Z,-96.2,0,213.31,0,40,42.69,0.11,0,0.01,246.25,251.54,983.29,210.62,250.41,15.73,0,12.64,0,1.92,1.43,0.01,0,153.03,0
2025-11-09T10:25:00Z,-92.36,0,249.03,-0.1,40,42.69,0.11,0,0.04,223.08,251.02,990.54,220.67,187.11,15.62,0,14.88,0,1.92,1.43,0.01,0,181.49,-12.63
2025-11-09T10:30:00Z,-188.33,0,291.11,-0.1,44,42.69,0.11,0,7.81,214.08,287.08,997.79,189.26,131.34,15.5,0,17.33,0,2.11,1.43,0.01,0,224.9,-12.62
2025-11-09T10:35:00Z,-175.64,0,285.5,0,40,42.69,0.11,0,0.01,215.99,292.91,1000.29,180.46,126.87,15.58,0,17.21,0,1.92,1.43,0.01,0,218.18,0
2025-11-09T10:40:00Z,-126.85,0,316.14,0,43,42.69,0.11,0,0.06,185.28,256.16,1002.79,212.39,178.79,15.67,0,19.06,0,2.06,1.43,0.01,0,249.05,0
2025-11-09T10:45:00Z,-139.75,0,287.93,0,40,42.02,0.11,0,0.06,173.39,285.9,1005.29,179.86,143.22,15.75,0,16.8,0,1.92,1.41,0.01,0,215.85,0
2025-11-09T10:50:00Z,-209.66,0,216.65,0,43,42.69,0.11,0,0.15,251.01,307.88,1007.79,140.32,95.5,15.83,0,12.02,0,2.06,1.43,0.01,0,151.88,-12.69
2025-11-09T10:55:00Z,-189.28,0,252.12,0,44,42.69,0.11,0,0.44,211.65,287.58,1010.29,194.5,170.7,15.92,0,14.52,0,2.11,1.43,0.01,0,187.7,-14
2025-11-09T11:00:00Z,-114.11,0,311.94,0,44,42.02,0.11,0,0.25,172.58,254.71,1012.78,221.81,310.39,16,0,18.22,0,2.11,1.41,0.01,0,237.11,-11.97
2025-11-09T11:05:00Z,-220.67,0,397.27,0,40,42.02,0.11,0,0,175.7,170.32,1042.9,194.86,265.7,16,0,22.49,0,1.92,1.41,0.01,0,363.22,-14.31
2025-11-09T11:10:00Z,-196.87,0,374.79,0,44,42.69,0.11,0,2.21,195.4,154.27,1073.01,197.8,282.07,16,0,22.41,0,2.11,1.43,0.01,0,331.34,-14.19
2025-11-09T11:15:00Z,-158.87,0,327.32,0,41,42.02,0.11,0,0.03,189.32,151.06,1103.13,211.85,272.3,16,0,19.32,0,1.97,1.41,0.01,0,261.79,-18.87
2025-11-09T11:20:00Z,-92.94,0,260.87,0,41,42.69,0.11,0,0.34,197.15,126.42,1133.24,210.88,304.79,16,0,15.27,0,1.97,1.43,0.01,0,188.77,0
2025-11-09T11:25:00Z,-241.83,0,420.08,0,40,42.69,0.11,0,0,231.07,77.26,1163.36,190.35,357.52,16,0,23.71,0,1.92,1.43,0.01,0,363.82,-11.66
2025-11-09T11:30:00Z,-256.72,0,350.59,0,42,42.02,0.1,0,0,266.3,79.56,1193.47,198.24,382.07,16,0,20.26,0,2.02,1.41,0.01,0,279.75,-12.98
2025-11-09T11:35:00Z,-259.09,0,402.46,0,42,42.02,0.11,0,0,220.12,76,1207.62,224.71,420.86,16,0,23.83,0,2.02,1.41,0.01,0,353.09,-14
2025-11-09T11:40:00Z,-246.13,0,454.17,0,40,42.02,0.11,0,0,197.04,46.09,1221.76,262.41,426.36,16,0,27.24,0,1.92,1.41,0.01,0,433.31,-12.94
2025-11-09T11:45:00Z,-252.07,0,433.97,0,41,42.02,0.11,0,0,181.18,67.44,1235.91,237.92,410.44,16,0,26.13,0,1.97,1.41,0.01,0,401.7,-12.8
2025-11-09T11:50:00Z,-251.98,0,378.65,0,40,42.02,0.11,0,0,188.06,71.6,1250.06,231.98,425.08,16,0,22.14,0,1.92,1.41,0.01,0,317.97,-14
2025-11-09T11:55:00Z,-260.83,0,353.2,0,40,42.02,0.11,0,0,189.35,67.29,1264.2,238.2,437.4,16,0,21.43,0,1.92,1.41,0.01,0,300.48,-19.88
2025-11-09T12:00:00Z,-264.58,0,413.99,0,41,42.02,0.11,0,0,177.61,26.84,1278.35,261.18,477.64,16,0,24.87,0,1.97,1.41,0.01,0,382.04,-12.71
2025-11-09T12:05:00Z,-280.99,0,319.02,0,40,42.69,0.11,0,0,193.93,70.06,1297.63,221.4,436.41,16.3,0,18.35,0,1.92,1.43,0.01,0,249.39,-12.58
2025-11-09T12:10:00Z,-251.1,0,242.04,0,44,42.69,0.11,0,0.36,198.58,77.24,1316.92,227.51,402.18,16.6,0,13.76,0,2.11,1.43,0.01,0,174.96,0
2025-11-09T12:15:00Z,-265,0,285.32,0,44,42.69,0.11,0,0.03,202.61,33.67,1336.2,234.38,454.56,16.9,0,16.89,0,2.11,1.43,0.01,0,221.19,-20.71
2025-11-09T12:20:00Z,-226.14,0,291.87,0,45,42.69,0.11,0,0.24,143.25,22.89,1355.49,313.09,490.49,17.2,0,17.68,0,2.16,1.43,0.01,0,233.85,-20.39
2025-11-09T12:25:00Z,-260.04,0,319.86,0,43,42.69,0.11,0,0.35,130.6,21.8,1374.77,296.12,505.5,17.5,0,19.18,0,2.06,1.43,0.01,0,263.39,-19.74
2025-11-09T12:30:00Z,-186.99,0,198.24,0,44,42.02,0.11,0,0.02,169.69,24.22,1394.06,303.38,521.35,17.8,0,11.9,0,2.11,1.41,0.01,0,143.57,-12.12
2025-11-09T12:35:00Z,-346.12,0,269.86,0,40,42.02,0.11,0,0,191.53,72.05,1401.02,197.91,452.59,17.92,0,14.98,0,1.92,1.41,0.01,0,194.33,-15.08
2025-11-09T12:40:00Z,-285.71,0,269.16,0,40,42.69,0.11,0,0,171.54,41.35,1407.98,235.64,496.47,18.03,0,15.33,0,1.92,1.43,0.01,0,195.15,0
2025-11-09T12:45:00Z,-271.91,0,243.63,0,40,42.69,0.11,0,0,151.09,63.53,1414.94,235.18,481.23,18.15,0,14.38,0,1.92,1.43,0.01,0,177.83,-19.53
2025-11-09T12:50:00Z,-247.21,0,239.65,0,43,42.69,0.11,0,0.16,152.26,29.29,1421.9,278.19,467.5,18.27,0,14.6,0,2.06,1.43,0.01,0,180.63,-21.17
2025-11-09T12:55:00Z,-299.36,0,364.8,0,39,42.02,0.11,0,0,108.87,17.02,1428.85,320.14,438.38,18.38,0,22.48,0,1.87,1.41,0.01,0,318.21,-19.88
2025-11-09T13:00:00Z,-288.74,0,290.82,0,40,42.69,0.11,0,0,130.64,24.5,1435.81,243.8,469.23,18.5,0,17.62,0,1.92,1.43,0.01,0,230.03,-19.88
2025-11-09T13:05:00Z,-306.75,0,274.48,0,41,42.02,0.11,0,0,144.88,22.18,1437.17,210.05,477.83,18.43,0,16.83,0,1.97,1.41,0.01,0,219.23,-20.1
2025-11-09T13:10:00Z,-278.08,0,242.35,0,45,42.69,0.11,0,13.43,129.63,22.38,1438.53,238.6,522.37,18.37,0,15.19,0,2.16,1.43,0.01,0,192.48,-19.59
2025-11-09T13:15:00Z,-247.7,0,175.6,0,44,42.69,0.11,0,21.61,150.39,27.44,1439.89,226,530.37,18.3,0,10.83,0,2.11,1.43,0.01,0,132.46,-21.03
2025-11-09T13:20:00Z,-316.34,0,311.7,0,40,42.02,0.11,0,0,126.08,17.67,1441.25,256.3,510.38,18.23,0,19.13,0,1.92,1.41,0.01,0,259.4,-20
2025-11-09T13:25:00Z,-320.41,0,286.53,0,40,42.69,0.11,0,0,142.87,20.97,1442.61,220.98,504.35,18.17,0,17.75,0,1.92,1.43,0.01,0,234.01,-32.01
2025-11-09T13:30:00Z,-325.72,0,296.8,0,40,42.02,0.11,0,0,130.46,14.64,1443.97,284.22,492.96,18.1,0,19.07,0,1.92,1.41,0.01,0,256.34,-18.06
2025-11-09T13:35:00Z,-282.49,0,190.27,0,40,42.69,0.11,0,0,159.67,23.66,1446.64,244.65,481.52,18.17,0,12.01,0,1.92,1.43,0.01,0,148.66,-21
2025-11-09T13:40:00Z,-271.5,0,174.91,0,47,42.69,0.11,0,1.84,147.9,23.5,1449.31,305.19,464.97,18.23,0,11.41,0,2.26,1.43,0.01,0,143.19,-20.52
2025-11-09T13:45:00Z,-308.62,0,213.52,0,43,42.69,0.11,0,0.1,137.66,21.18,1451.98,319.57,462.78,18.3,0,13.9,0,2.06,1.43,0.01,0,177.79,-17.66
2025-11-09T13:50:00Z,-281.76,0,149.72,0,40,42.69,0.11,0,0,156.3,22.56,1454.64,227.97,460.54,18.37,0,9.18,0,1.92,1.43,0.01,0,117.08,-20.25
2025-11-09T13:55:00Z,-332.31,0,233.34,0,40,42.69,0.11,0,0,141.25,17.93,1457.31,289.19,473.08,18.43,0,14.4,0,1.92,1.43,0.01,0,187.94,-16.48
2025-11-09T14:00:00Z,-313.83,0,171.13,0,40,42.69,0.11,0,0,142.97,24.07,1459.98,221.63,439.23,18.5,0,9.69,0,1.92,1.43,0.01,0,127.76,0
2025-11-09T14:05:00Z,-219.51,0,57.19,0,40,42.69,0.11,0,0,150.08,22.75,1468.61,228.61,454.79,18.4,0,3.39,0,1.92,1.43,0.01,0,55.94,0
2025-11-09T14:10:00Z,-291.6,0,127.1,0,41,42.02,0.11,0,0.04,148.28,22.83,1477.24,227.41,493.78,18.3,0,7.93,0,1.97,1.41,0.01,0,103.43,-17.53
2025-11-09T14:15:00Z,-240.44,0,58.31,0,44,42.02,0.11,0,0.2,149.45,26.29,1485.87,221.46,476.88,18.2,0,3.61,0,2.11,1.41,0.01,0,59.09,0
2025-11-09T14:20:00Z,-258.47,0,52.84,0,40,42.02,0.11,0,0.03,150.54,36.42,1494.5,221.09,505.1,18.1,0,3.16,0,1.92,1.41,0.01,0,53.68,-18.69
2025-11-09T14:25:00Z,-154.02,-34.67,0,0,44,42.02,0.11,0,2.68,156.23,25.49,1503.13,215.45,506.97,18,0.45,0,0,2.11,1.41,0.01,0,23.27,0
2025-11-09T14:30:00Z,-160.29,-47.82,0,0,43,42.69,0.11,0,2,163.32,23.8,1511.76,198.25,498.44,17.9,0.61,0,0,2.06,1.43,0.01,0,21.98,0
2025-11-09T14:35:00Z,-170.29,-49.89,0,0,44,42.02,0.1,0,6.27,173.91,23.54,1505.83,215.76,496.88,17.93,0.61,0,0,2.11,1.41,0.01,0,22.22,0
2025-11-09T14:40:00Z,-210.04,-195.8,0,0,40,42.69,0.11,0,0,306.74,75.2,1499.9,143.69,382.3,17.97,1.41,0,0,1.92,1.43,0.01,0,14.95,0
2025-11-09T14:45:00Z,-225.17,-45.77,0,0,40,42.69,0.11,0,0,191.63,30.7,1493.97,266.57,423.15,18,0.5,0,0,1.92,1.43,0.01,0,22.4,0
2025-11-09T14:50:00Z,-179.97,-43.07,0,0,40,42.69,0.11,0,0,170.08,21.08,1488.04,262.53,412.22,18.03,0.53,0,0,1.92,1.43,0.01,0,22.05,0
2025-11-09T14:55:00Z,-194.99,-127.33,0,0,41,42.02,0.11,0,1.4,241.46,69.72,1482.12,174.73,357,18.07,1.09,0,0,1.97,1.41,0.01,0,17.69,0
2025-11-09T15:00:00Z,-180.27,-257.65,0,0,42,42.02,0.11,0,0.62,298.76,112.82,1476.19,158.5,343.19,18.1,1.78,0,0,2.02,1.41,0.01,0,12.89,-10.12
2025-11-09T15:05:00Z,-154.25,-305.16,0,0,45,42.02,0.11,0,0.19,280.85,148.2,1463.46,142.84,300.91,17.98,2.11,0,0,2.16,1.41,0.01,0,11.53,0
2025-11-09T15:10:00Z,-217.04,-209.53,0,0,42,42.69,0.11,0,1.32,291.64,136.63,1450.74,138.94,300.13,17.87,1.41,0,0,2.02,1.43,0.01,0,15.95,-9.38
2025-11-09T15:15:00Z,-266.47,-182.99,0,0,40,42.02,0.11,0,1.05,309.74,136.97,1438.02,117.14,294.8,17.75,1.15,0,0,1.92,1.41,0.01,0,17.24,-9.37
2025-11-09T15:20:00Z,-255.34,-227.31,0,0,40,42.69,0.11,0,0.89,334.49,159.98,1425.29,114.37,295.34,17.63,1.32,0,0,1.92,1.43,0.01,0,16.07,0
2025-11-09T15:25:00Z,-222.97,-272.33,0,0,40,42.69,0.11,0,0,344.83,183.23,1412.57,116.86,330.01,17.52,1.5,0,0,1.92,1.43,0.01,0,14.6,-10.35
2025-11-09T15:30:00Z,-169.04,-264.54,0,0,42,42.02,0.11,0,4.89,331.75,152.44,1399.85,152.35,329.76,17.4,1.58,0,0,2.02,1.41,0.01,0,14.39,-15.8
2025-11-09T15:35:00Z,-62.85,-160.06,0,0,44,42.69,0.11,0,6.09,244.36,50.68,1386.09,241.86,450.19,17.38,1.46,0,0,2.11,1.43,0.01,0,16.12,0
2025-11-09T15:40:00Z,-35.79,-439.28,0,0,45,42.02,0.11,0,16.19,337.42,218.5,1372.33,133.1,247.69,17.37,2.38,0,0,2.16,1.41,0.01,0,9.19,-8.74
2025-11-09T15:45:00Z,-62.61,-435.01,0,0,40,42.02,0.11,0,1.69,415.27,203.58,1358.57,134.08,247.3,17.35,2.06,0,0,1.92,1.41,0.01,0,9.74,-9.17
2025-11-09T15:50:00Z,-86.26,-401.48,0,0,40,42.69,0.11,0,1.42,431.67,189.28,1344.81,168,241.78,17.33,1.91,0,0,1.92,1.43,0.01,0,11.1,-11.11
2025-11-09T15:55:00Z,-104.07,-369.63,0,0,40,42.02,0.11,0,0,386.26,271.05,1331.05,206.92,135.22,17.32,1.67,0,0,1.92,1.41,0.01,0,12.53,-11.66
2025-11-09T16:00:00Z,-96.89,-311.65,0,0,40,42.02,0.11,0,1.79,375.42,235.04,1317.29,222.16,175.7,17.3,1.5,0,0,1.92,1.41,0.01,0,13.75,-15.08
2025-11-09T16:05:00Z,-38.5,-234.67,0,0,43,42.02,0.11,0,24.74,261.88,194.92,1290.85,331.07,221.95,17.35,1.44,0,0,2.06,1.41,0.01,0,15.43,-15.32
2025-11-09T16:10:00Z,-97.89,-236.69,0,0,42,42.02,0.11,0,3.94,273.11,197.32,1264.41,319.53,128.32,17.4,1.45,0,0,2.02,1.41,0.01,0,15.93,-10
2025-11-09T16:15:00Z,-70.19,-444.43,0,0,41,42.02,0.11,0,0.73,404.85,380.36,1237.98,141.01,17.75,17.45,1.73,0,0,1.97,1.41,0.01,0,12.45,0
2025-11-09T16:20:00Z,-63.21,-476.29,0,0,43,41.34,0.11,0,0.31,434.32,374.93,1211.54,142.12,14.14,17.5,1.84,0,0,2.06,1.38,0.01,0,12.37,0
2025-11-09T16:25:00Z,-98.57,-328.89,0,0,40,42.02,0.11,0,0.94,408.13,317.79,1185.11,192.89,98.01,17.55,1.35,0,0,1.92,1.41,0.01,0,15.15,-10.18
2025-11-09T16:30:00Z,-111.8,-367.99,0,0,43,42.02,0.11,0,1.94,488.45,350.93,1158.67,156.4,48.97,17.6,1.38,0,0,2.06,1.41,0.01,0,15.67,-8.68
2025-11-09T16:35:00Z,-0.23,-579.11,0,0,47,42.02,0.11,0,33.55,539.03,367.78,1123.36,131.86,42.97,17.6,2.06,0,0,2.26,1.41,0.01,0,12.24,0
2025-11-09T16:40:00Z,-36.17,-476.85,0,0,40,42.02,0.11,0,2.92,564.38,348.61,1088.06,135.32,48.08,17.6,1.59,0,0,1.92,1.41,0.01,0,13.28,-8.94
2025-11-09T16:45:00Z,-61.09,-519.84,0,0,41,42.02,0.11,0,1.81,620.82,372.96,1052.75,131.86,37.32,17.6,1.63,0,0,1.97,1.41,0.01,0,13.56,-8.98
2025-11-09T16:50:00Z,-139.51,-404.26,0,0,40,42.69,0.11,0,0,636.72,350.56,1017.44,137.02,67.21,17.6,1.27,0,0,1.92,1.43,0.01,0,16.23,-8.5
2025-11-09T16:55:00Z,-76.46,-442.62,0,0,41,42.02,0.11,0,0,671.25,339.7,982.14,121.06,50.78,17.6,1.37,0,0,1.97,1.41,0.01,0,15.51,-8.5
2025-11-09T17:00:00Z,-19.15,-515.04,0,0,44,42.02,0.11,0,6.86,708.66,357.62,946.83,80.56,30.14,17.6,1.57,0,0,2.11,1.41,0.01,0,14.95,0
2025-11-09T17:05:00Z,-10.5,-497.74,0,0,43,42.69,0.11,0,2.26,732.42,340.56,906.57,91.85,37.83,17.48,1.5,0,0,2.06,1.43,0.01,0,15.38,-10
2025-11-09T17:10:00Z,-4.41,-461.91,0,0,42,58.79,0.11,0,6.71,726.28,356.7,866.31,101.87,0.7,17.37,1.55,0,0,2.02,1.97,0.01,0,18.43,-5.32
2025-11-09T17:15:00Z,-38.82,-511.2,0,0,41,60.14,0.11,0,5.32,808.45,357.8,826.05,54.15,0.4,17.25,1.6,0,0,1.97,2.01,0.01,0,18.49,-2.1
2025-11-09T17:20:00Z,-96.78,-514.51,0,0,40,60.14,0.11,0,0,906.6,371.85,785.79,2.87,0.39,17.13,1.47,0,0,1.92,2.01,0.01,0,19.08,0
2025-11-09T17:25:00Z,-19.2,-499.32,0,0,43,60.14,0.11,0,3.07,819.94,385.93,745.53,58.53,0,17.02,1.55,0,0,2.06,2.01,0.01,0,19.72,10.31
2025-11-09T17:30:00Z,-11.4,-542.32,0,0,41,59.46,0.11,0,2.23,898.74,395.16,705.26,0,0,16.9,1.54,0,0,1.97,1.99,0.01,0,18.8,0
2025-11-09T17:35:00Z,-0.14,-526.76,0,0,43,60.81,0.11,0,19.88,936.04,349.05,664.24,0,0,16.83,1.54,0,0,2.06,2.04,0.01,0,19.95,57.19
2025-11-09T17:40:00Z,-1.12,-435.01,0,0,62,60.81,0.11,0,26.29,923.63,315.04,623.21,0,0,16.77,1.57,0,0,2.98,2.04,0.01,0,26.25,75.74
2025-11-09T17:45:00Z,-0.09,-360.36,0,0,71,59.46,0.11,0,13.17,896.16,283.38,582.19,0,0,16.7,1.47,0,0,3.41,1.99,0.01,0,30.55,90.44
2025-11-09T17:50:00Z,-5.09,-301.7,0,0,59,111.14,0.11,0,3.83,874.88,276.98,541.16,0,0,16.63,1.49,0,0,2.83,3.72,0.01,0,38.97,79.66
2025-11-09T17:55:00Z,-0.31,-227.89,0,0,63,63.49,0.11,0,20.32,887.71,240.32,500.13,0,0,16.57,0.92,0,0,3.02,2.13,0.01,0,32.85,97.83
2025-11-09T18:00:00Z,-1.45,-203.02,0,0,60,112.48,0.11,0,0.96,873.05,222.24,459.11,0,0,16.5,1.06,0,0,2.88,3.77,0.01,0,44.01,100.96
2025-11-09T18:05:00Z,-1.23,-216.64,0,0,58,118.52,0.11,0,0.36,882.99,238.17,424.36,0,0,16.42,1.13,0,0,2.78,3.97,0.01,0,44.91,86.41
2025-11-09T18:10:00Z,-0.36,-190.54,0,0,60,68.86,0.11,71.31,17.48,889.23,204.35,389.62,0,0,16.33,1.26,0,0,2.88,2.31,0.01,3.5,59.06,90.44
2025-11-09T18:15:00Z,-16.66,-127.05,0,0,60,78.93,0.11,71.69,31.57,909.2,164.31,354.87,0,0,16.25,0.87,0,0,2.88,2.64,0.01,3.52,64.27,110.08
2025-11-09T18:20:00Z,-2.05,-127.35,0,0,58,125.23,0.11,70.57,17.06,909.98,144.05,320.13,0,0,16.17,1,0,0,2.78,4.19,0.01,3.47,74.79,0
2025-11-09T18:25:00Z,-2.46,-104.8,0,0,58,148.72,0.11,70.88,10.18,911.82,124.85,285.38,0,0,16.08,0.89,0,0,2.78,4.98,0.01,3.48,82.75,0
2025-11-09T18:30:00Z,-0.32,-85.77,0,0,59,127.25,0.11,71.38,28.24,912.37,110.92,250.64,0,0,16,0.69,0,0,2.83,4.26,0.01,3.51,80.7,114.75
2025-11-09T18:35:00Z,-1.87,-38.83,0,0,58,148.72,0.11,70.13,1.56,921.94,93.64,224.68,0,0,15.82,0.34,0,0,2.78,4.98,0.01,3.45,88.33,95.77
2025-11-09T18:40:00Z,-0.71,-108.19,0,0,78,120.53,0.09,150.15,31.35,932.63,74.81,198.72,0,0,15.63,1.18,0,0,3.74,4.04,0.01,7.38,113.56,0
2025-11-09T18:45:00Z,-3.7,-217.03,0,0,96,149.39,82.79,153.93,39.65,967.65,73.01,172.77,0,0,15.45,2.87,0,0,4.61,5,3.51,7.56,141.09,0
2025-11-09T18:50:00Z,-0.43,-185.41,0,0,99,147.38,83.54,155.79,45.37,954.99,46.22,146.81,0,0,15.27,2.53,0,0,4.75,4.93,3.54,7.66,147.48,0
2025-11-09T18:55:00Z,-2.08,-126.16,0,0,96,148.72,83.6,155.46,58.68,926.02,39.67,120.85,0,0,15.08,1.74,0,0,4.61,4.98,3.54,7.64,152.15,0
2025-11-09T19:00:00Z,-0.22,-315.78,0,0,100,148.72,83.92,157.9,259.22,927.96,25.83,94.9,0,0,14.9,3.91,0,0,4.8,4.98,3.55,7.76,139.08,134.2
2025-11-09T19:05:00Z,-0.63,-114.33,0,0,97,148.72,83.65,156.65,77.03,896.63,16.59,80.5,0,0,14.8,1.62,0,0,4.65,4.98,3.54,7.7,160.28,0
2025-11-09T19:10:00Z,-1.01,-267.38,0,0,101,144.69,84.13,157.61,264.48,905.01,9.8,66.1,0,0,14.7,3.37,0,0,4.85,4.84,3.56,7.75,144.47,127.22
2025-11-09T19:15:00Z,-1.54,-119.37,0,0,97,149.39,83.65,155.4,122.16,907.19,5.63,51.7,0,0,14.6,1.64,0,0,4.65,5,3.54,7.64,158.76,0
2025-11-09T19:20:00Z,-0.38,-175.79,0,0,98,148.05,83.48,155.6,174.7,936.33,2.06,37.3,0,0,14.5,2.29,0,0,4.7,4.96,3.53,7.65,152.52,0
2025-11-09T19:25:00Z,-2.04,-144.4,0,0,96,144.69,83.66,155.9,144.15,961.65,1.09,22.9,0,0,14.4,1.88,0,0,4.61,4.84,3.54,7.66,153.94,97.69
2025-11-09T19:30:00Z,-0.15,-304.57,0,0,107,148.72,84.35,157.95,261.18,993.96,0.14,8.5,0,0,14.3,3.73,0,0,5.13,4.98,3.57,7.76,145.95,99.69
2025-11-09T19:35:00Z,-0.75,-233.2,0,0,96,148.05,82.72,154.04,216.19,1001.94,0.02,7.08,0,0,14.25,2.83,0,0,4.61,4.96,3.5,7.57,145.13,97.56
2025-11-09T19:40:00Z,-1.59,-245.37,0,0,96,147.38,83.56,156.3,187.63,1023.4,0.02,5.67,0,0,14.2,3.01,0,0,4.61,4.93,3.54,7.68,146.62,123.6
2025-11-09T19:45:00Z,-0.35,-207.98,0,0,99,148.72,83.78,157.61,128.56,1047.42,0,4.25,0,0,14.15,2.63,0,0,4.75,4.98,3.55,7.75,151.1,0
2025-11-09T19:50:00Z,-0.91,-242.01,0,0,98,149.39,83.22,155.83,162.06,1055.35,0,2.83,0,0,14.1,2.97,0,0,4.7,5,3.52,7.66,146.91,98
2025-11-09T19:55:00Z,-0.12,-415.81,0,0,99,148.72,83.68,155.12,299.35,1089.96,0,1.42,0,0,14.05,4.63,0,0,4.75,4.98,3.54,7.62,133.56,121.07
2025-11-09T20:00:00Z,-0.17,-303.99,0,0,98,149.39,83.68,154.64,182.9,1106.63,0,0,0,0,14,3.57,0,0,4.7,5,3.54,7.6,140.94,0
2025-11-09T20:05:00Z,-0.88,-544.25,0,0,97,149.39,83.5,156.53,415.97,1108.03,0,0,0,0,13.95,5.65,0,0,4.65,5,3.54,7.69,124.73,0
2025-11-09T20:10:00Z,-3.34,-375.76,0,0,117,150.06,83.3,154.28,185.46,1105.32,0,0,0,0,13.9,4.55,0,0,5.61,5.02,3.53,7.58,145.7,123.96
2025-11-09T20:15:00Z,-0.55,-315.55,0,0,102,148.72,84.15,156.39,132.71,1129.62,0,0,0,0,13.85,3.8,0,0,4.89,4.98,3.56,7.69,144.6,124.96
2025-11-09T20:20:00Z,-0.71,-335.82,0,-0.1,97,148.05,83.56,155.9,109.72,1182.98,0,0,0,0,13.8,3.93,0,0,4.65,4.96,3.54,7.66,140.6,122.59
2025-11-09T20:25:00Z,-0.3,-338.58,0,-0.1,100,149.39,84.18,155.89,132.15,1179.42,0,0,0,0,13.75,3.95,0,0,4.8,5,3.56,7.66,140.13,124.62
2025-11-09T20:30:00Z,-2.34,-338.12,0,0,96,149.39,83.24,154.83,112.64,1181.5,0,0,0,0,13.7,3.95,0,0,4.61,5,3.52,7.61,140.25,0
2025-11-09T20:35:00Z,-0.42,-450.68,0,0,98,137.98,84.08,156.07,216.19,1202.83,0,0,0,0,13.77,4.89,0,0,4.7,4.62,3.56,7.67,130.17,0
2025-11-09T20:40:00Z,-0.36,-335.57,0,0,100,149.39,83.67,156.62,121.43,1188.09,0,0,0,0,13.83,3.92,0,0,4.8,5,3.54,7.7,140.36,148.65
2025-11-09T20:45:00Z,-2.4,-504.48,0,0,115,148.72,83.19,155.28,228.58,1200.5,0,0,0,0,13.9,5.66,0,0,5.52,4.98,3.52,7.63,134.76,126.79
2025-11-09T20:50:00Z,-4.38,-392.11,0,0,102,149.39,82.82,155.37,85.91,1226.29,0,0,0,0,13.97,4.58,0,0,4.89,5,3.51,7.64,140.56,0
2025-11-09T20:55:00Z,-0.12,-333.81,0,0,101,119.86,84.21,157.43,78.37,1229.76,0,0,0,0,14.03,3.8,0,0,4.85,4.01,3.57,7.74,136.65,0
2025-11-09T21:00:00Z,-14.79,-304.26,0,0,96,148.05,82.81,153.83,48.92,1216.07,0,0,0,0,14.1,3.6,0,0,4.61,4.96,3.51,7.56,143.28,88.36
2025-11-09T21:05:00Z,-2.78,-304.3,0,0,97,100.4,83.23,154.41,99.49,1200.05,0,0,0,0,14.12,3.36,0,0,4.65,3.36,3.52,7.59,132.59,90.74
2025-11-09T21:10:00Z,-2.01,-310.98,0,0,100,118.52,84.16,154.64,65.82,1198.07,0,0,0,0,14.13,3.6,0,0,4.8,3.97,3.56,7.6,139.15,0
2025-11-09T21:15:00Z,-3.08,-306.61,0,0,100,148.72,83.12,155.92,61.7,1178.11,0,0,0,0,14.15,3.72,0,0,4.8,4.98,3.52,7.66,145.91,0
2025-11-09T21:20:00Z,-9.24,-258.92,0,0,97,119.86,82.7,155.76,48.97,1171.39,0,0,0,0,14.17,3.06,0,0,4.65,4.01,3.5,7.65,142.9,91.28
2025-11-09T21:25:00Z,-45.21,-233.86,0,0,102,120.53,84.59,156.51,78.53,1148.45,0,0,0,0,14.18,2.79,0,0,4.89,4.04,3.58,7.69,148,120.66
2025-11-09T21:30:00Z,-51.03,-260.82,0,0,99,148.72,83.47,156.31,59.24,1133.25,0,0,0,0,14.2,3.25,0,0,4.75,4.98,3.53,7.68,155.19,90.44
2025-11-09T21:35:00Z,-2.78,-236.69,0,0,98,101.07,83.76,155.26,60.97,1117.83,0,0,0,0,14.18,2.82,0,0,4.7,3.38,3.55,7.63,143.25,0
2025-11-09T21:40:00Z,-4.12,-155.52,0,0,80,146.04,84.06,71.31,45.41,1085.05,0,0,0,0,14.17,1.62,0,0,3.84,4.89,3.56,3.5,125.73,107.24
2025-11-09T21:45:00Z,-2.09,-99.22,0,0,60,148.05,83.84,72.08,16.07,1076.99,0,0,0,0,14.15,1.02,0,0,2.88,4.96,3.55,3.54,123.14,109.71
2025-11-09T21:50:00Z,-5.54,-95.45,0,0,58,148.05,83.32,71.08,13.79,1061.71,0,0,0,0,14.13,0.98,0,0,2.78,4.96,3.53,3.49,123.87,99.75
2025-11-09T21:55:00Z,-1.06,-46.17,0,0,58,120.53,83.63,73.29,14.11,1033.78,0,0,0,0,14.12,0.47,0,0,2.78,4.04,3.54,3.6,121.21,0
2025-11-09T22:00:00Z,-3.97,-51.03,0,0,58,148.72,82.92,72.59,1.16,1026.12,0,0,0,0,14.1,0.55,0,0,2.78,4.98,3.51,3.57,128.55,0
2025-11-09T22:05:00Z,-1.01,-38.44,0,0,58,119.19,83.44,72.16,10.97,1040.1,0,0,0,0,14.07,0.38,0,0,2.78,3.99,3.53,3.55,120.22,0
2025-11-09T22:10:00Z,-1.44,-126.59,0,0,59,149.39,84.04,74.6,19.69,1055.23,0,0,0,0,14.03,1.32,0,0,2.83,5,3.56,3.67,125.45,118.61
2025-11-09T22:15:00Z,-5.86,-143.11,0,0,57,149.39,83.1,70.3,33.09,1074.31,0,0,0,0,14,1.43,0,0,2.74,5,3.52,3.45,120.85,100
2025-11-09T22:20:00Z,-0.88,-236.73,0,0,59,119.86,83.41,72.48,51.76,1161.74,0,0,0,0,13.97,2.13,0,0,2.83,4.01,3.53,3.56,108.1,0
2025-11-09T22:25:00Z,-0.66,-238.49,0,0,58,149.39,83.78,71.44,0.2,1178.22,0,0,0,0,13.93,2.3,0,0,2.78,5,3.55,3.51,115.64,93.42
2025-11-09T22:30:00Z,-0.1,-268.83,0,0,63,119.86,84.75,75.75,91.94,1124.17,0,0,0,0,13.9,2.47,0,0,3.02,4.01,3.59,3.72,110.41,102.49
2025-11-09T22:35:00Z,-0.26,-152.24,0,0,62,119.86,84.29,74.2,16.99,1065.43,0,0,0,0,13.87,1.52,0,0,2.98,4.01,3.57,3.65,119.82,0
2025-11-09T22:40:00Z,-0.62,-69.7,0,0,59,120.53,83.89,73.32,30.11,982.31,0,0,0,0,13.83,0.72,0,0,2.83,4.04,3.55,3.6,124.78,98
2025-11-09T22:45:00Z,-0.32,-101.53,0,0,61,119.86,83.68,73.3,108.91,934.01,0,0,0,0,13.8,1.04,0,0,2.93,4.01,3.54,3.6,122.45,125
2025-11-09T22:50:00Z,-0.35,-26.04,0,0,60,149.39,84.24,74.25,14.87,910.25,0,0,0,0,13.77,0.3,0,0,2.88,5,3.57,3.65,140.15,116.5
2025-11-09T22:55:00Z,-0.3,-18.36,0,0,60,149.39,84.4,74.36,35.82,882.25,0,0,0,0,13.73,0.22,0,0,2.88,5,3.57,3.65,141,117.33
2025-11-09T23:00:00Z,-5.11,0,13.06,0,59,148.72,83.83,72.3,7.63,845.25,0,0,0,0,13.7,0,0.85,0,2.83,4.98,3.55,3.55,157.84,98.8
2025-11-09T23:05:00Z,-2.92,0,66.25,0,58,120.53,83.36,70.65,48.6,805.45,0,0,0,0,13.67,0,4.37,0,2.78,4.04,3.53,3.47,195.36,0
2025-11-09T23:10:00Z,-0.31,0,54.9,0,60,149.39,84.28,74.1,39.72,789.53,0,0,0,0,13.63,0,3.58,0,2.88,5,3.57,3.64,196.18,0
2025-11-09T23:15:00Z,-2.23,-30.27,0,-0.1,62,148.72,83.22,117.52,48.6,776.25,0,0,0,0,13.6,0.42,0,0,2.98,4.98,3.52,5.78,167.79,116.47
2025-11-09T23:20:00Z,-0.33,0,60.8,-0.1,59,149.39,83.45,71.79,33.86,778.29,0,0,0,0,13.57,0,3.85,0,2.83,5,3.53,3.53,201.77,125.71
2025-11-09T23:25:00Z,-1.37,0,13.64,0,60,148.72,84.13,71.24,12.52,839.56,0,0,0,0,13.53,0,0.87,0,2.88,4.98,3.56,3.5,157.73,90.44
2025-11-09T23:30:00Z,-0.08,-116.53,0,0,60,118.52,84.21,73.47,152.15,873.6,0,0,0,0,13.5,1.2,0,0,2.88,3.97,3.57,3.61,123.57,138
2025-11-09T23:35:00Z,-0.43,-16.06,0,0,62,148.05,83.93,87.72,16.36,830.7,0,0,0,0,13.47,0.21,0,0,2.98,4.96,3.55,4.31,154.33,0
2025-11-09T23:40:00Z,-0.31,0,28.35,0,61,149.39,84.1,73.55,78.39,813.94,0,0,0,0,13.43,0,1.79,0,2.93,5,3.56,3.61,164.64,0
2025-11-09T23:45:00Z,-1.36,0,50.09,0,62,148.72,83.89,113.94,1.88,815.05,0,0,0,0,13.4,0,3.13,0,2.98,4.98,3.55,5.6,206.81,98
2025-11-09T23:50:00Z,-0.39,-42.29,0,0,59,120.53,84.1,72.5,137.87,846.04,0,0,0,0,13.37,0.45,0,0,2.83,4.04,3.56,3.56,127.22,116.47
2025-11-09T23:55:00Z,-0.74,0,9.74,0,58,150.06,83.87,72.11,55.21,850.28,0,0,0,0,13.33,0,0.64,0,2.78,5.02,3.55,3.54,148.13,119.25
2025-11-10T00:00:00Z,-1.3,0,71.56,0,59,149.39,83.64,71.47,2.94,830.92,0,0,0,0,13.3,0,4.7,0,2.83,5,3.54,3.51,209.05,101.75
2025-11-10T00:05:00Z,-4.87,0,29.82,-0.1,57,120.53,83.64,71.69,109.33,803.63,0,0,0,0,13.32,0,1.93,0,2.74,4.04,3.54,3.52,156.2,122.61
2025-11-10T00:10:00Z,-0.16,0,89.7,-0.1,60,148.72,84.4,72.95,61.94,760.63,0,0,0,0,13.33,0,5.85,0,2.88,4.98,3.57,3.58,227.94,103.32
2025-11-10T00:15:00Z,-8.35,0,101.86,0,57,119.86,83.11,72.13,139.34,725.06,0,0,0,0,13.35,0,6.44,0,2.74,4.01,3.52,3.54,223.78,93.57
2025-11-10T00:20:00Z,-1.4,0,3.97,0,59,121.21,84.01,72.1,242.63,720.63,0,0,0,0,13.37,0,0.25,0,2.83,4.06,3.56,3.54,132.03,122.53
2025-11-10T00:25:00Z,-1.39,0,152.02,-0.1,58,148.72,83.59,72.86,80.15,713.32,0,0,0,0,13.38,0,9.77,0,2.78,4.98,3.54,3.58,294.87,0
2025-11-10T00:30:00Z,-2.06,0,193.22,0,58,150.06,83.44,72.15,51.98,694.28,0,0,0,0,13.4,0,12.29,0,2.78,5.02,3.53,3.55,356.56,0
2025-11-10T00:35:00Z,-0.45,0,255.18,0,59,149.39,84.16,72.68,4.88,680.17,0,0,0,0,13.38,0,16.14,0,2.83,5,3.56,3.57,469.76,0
2025-11-10T00:40:00Z,-0.34,0,280.39,0,59,120.53,53.85,72.4,51.07,677.41,0,0,0,0,13.37,0,16.94,0,2.83,4.04,2.28,3.56,472.09,138
2025-11-10T00:45:00Z,-2.13,0,290.02,0,58,148.72,41.88,74.37,6.66,669.5,0,0,0,0,13.35,0,17.35,0,2.78,4.98,1.77,3.65,518.46,0
2025-11-10T00:50:00Z,-0.34,0,241.98,0,60,137.98,42.24,73.05,105.13,654.77,0,0,0,0,13.33,0,15,0,2.88,4.62,1.79,3.59,402.69,0
2025-11-10T00:55:00Z,0,0,238.17,0,71,147.38,42.23,118.14,42.91,650.7,0,0,0,0,13.32,0,14.73,0,3.41,4.93,1.79,5.81,441.15,0
2025-11-10T01:00:00Z,-0.4,0,182.53,0,62,148.72,42.13,70.68,156.8,659.29,0,0,0,0,13.3,0,11.54,0,2.98,4.98,1.79,3.47,310.42,0
2025-11-10T01:05:00Z,-2.69,0,269.87,0,64,149.39,41.91,76.63,17.84,669.58,0,0,0,0,13.35,0,16.74,0,3.07,5,1.78,3.77,487.78,101.15
2025-11-10T01:10:00Z,-0.48,0,207.31,0,63,121.21,13.16,10.48,250.66,658.11,0,0,0,0,13.4,0,13.02,0,3.02,4.06,0.56,0.52,279.59,144.4
2025-11-10T01:15:00Z,-0.56,0,232.83,0,79,148.72,0.11,119.36,17.51,661.83,0,0,0,0,13.45,0,14.54,0,3.79,4.98,0.01,5.87,441.59,0
2025-11-10T01:20:00Z,-1.81,0,216.01,0,64,148.72,0.11,7.87,195.97,674.24,0,0,0,0,13.5,0,13.47,0,3.07,4.98,0.01,0.39,301.23,0
2025-11-10T01:25:00Z,-1.56,0,292.8,-0.1,75,149.39,0.11,83.65,13.19,686.59,0,0,0,0,13.55,0,18.46,0,3.6,5,0.01,4.11,524.39,127.31
2025-11-10T01:30:00Z,-0.16,0,300.85,-0.1,64,148.72,0.11,8.47,117.51,655.93,0,0,0,0,13.6,0,19.09,0,3.07,4.98,0.01,0.42,476.88,144.13
2025-11-10T01:35:00Z,-3.96,0,323.36,-0.1,76,148.72,0.11,76.86,25.26,628.37,0,0,0,0,13.58,0,20.64,0,3.65,4.98,0.01,3.78,631.63,0
2025-11-10T01:40:00Z,-0.14,0,312.43,-0.1,69,148.72,0.11,73.9,56.21,624.56,0,0,0,0,13.57,0,20.16,0,3.31,4.98,0.01,3.63,583.61,0
2025-11-10T01:45:00Z,-6.57,0,281,0,64,148.72,0.11,139.36,34.94,601.19,0,0,0,0,13.55,0,17.73,0,3.07,4.98,0.01,6.85,558.89,102.49
2025-11-10T01:50:00Z,-0.16,0,250.46,0,62,120.53,0.11,73.11,202.92,580.67,0,0,0,0,13.53,0,16.09,0,2.98,4.04,0.01,3.59,406.27,131.49
2025-11-10T01:55:00Z,-0.53,0,394.2,0,59,148.72,0.11,73.69,28.13,591.44,0,0,0,0,13.52,0,24.69,0,2.83,4.98,0.01,3.62,856.23,135.12
2025-11-10T02:00:00Z,-2.17,0,395.51,0,42,148.72,0.11,72.13,21.69,594.01,0,0,0,0,13.5,0,24.82,0,2.02,4.98,0.01,3.54,882.27,112.7
2025-11-10T02:05:00Z,-0.98,0,406.42,0,41,148.72,0.1,71.98,30.45,611.9,0,0,0,0,13.42,0,25.48,0,1.97,4.98,0.01,3.54,868.94,0
2025-11-10T02:10:00Z,-0.81,0,390.58,0,41,149.39,0.1,47,42.18,631.1,0,0,0,0,13.33,0,24.51,0,1.97,5,0.01,2.31,780.94,0
2025-11-10T02:15:00Z,-0.24,0,393.44,0,41,149.39,0.11,49.24,32.73,627.26,0,0,0,0,13.25,0,24.21,0,1.97,5,0.01,2.42,796.98,145.01
2025-11-10T02:20:00Z,-1.9,0,362.39,0,57,150.06,0.11,47.47,19.65,610.23,0,0,0,0,13.17,0,22.46,0,2.74,5.02,0.01,2.33,750.98,0
2025-11-10T02:25:00Z,-1.49,0,392.91,0,77,149.39,0.11,47.82,5.23,583.02,0,0,0,0,13.08,0,24.46,0,3.69,5,0.01,2.35,910.16,0
2025-11-10T02:30:00Z,-0.23,0,381.95,0,94,149.39,0.11,48.66,21.5,567.59,0,0,0,0,13,0,23.81,0,4.51,5,0.01,2.39,858.79,138.04
2025-11-10T02:35:00Z,-2.24,0,369.18,0,104,148.72,0.11,47.82,49,536.48,0,0,0,0,12.88,0,23.04,0,4.99,4.98,0.01,2.35,824.44,138.04
2025-11-10T02:40:00Z,-0.15,0,461.56,0,87,149.39,0.11,48.11,8.16,507.57,0,0,0,0,12.77,0,28.79,0,4.17,5,0.01,2.36,1429.25,0
2025-11-10T02:45:00Z,-0.35,0,455.03,-0.1,66,148.72,0.11,46.84,13.88,519.84,0,0,0,0,12.65,0,28.67,0,3.17,4.98,0.01,2.3,1381.45,138.04
2025-11-10T02:50:00Z,-0.94,0,415.97,-0.1,79,148.72,0.11,48.98,6.09,549.46,0,0,0,0,12.53,0,26.13,0,3.79,4.98,0.01,2.41,1078.15,112.17
2025-11-10T02:55:00Z,-0.45,0,404.04,-0.1,63,148.72,0.11,48.46,40.72,537.94,0,0,0,0,12.42,0,26.42,0,3.02,4.98,0.01,2.38,1017.01,0
2025-11-10T03:00:00Z,-1.18,0,443.47,-0.1,59,149.39,0.11,47.78,0.03,525.19,0,0,0,0,12.3,0,28.37,0,2.83,5,0.01,2.35,1374.15,0
2025-11-10T03:05:00Z,-0.99,0,478.63,-0.1,41,149.39,0.11,48.33,10.92,508.88,0,0,0,0,12.32,0,30.61,0,1.97,5,0.01,2.38,1719.4,123.45
2025-11-10T03:10:00Z,-2.28,0,486.05,-0.1,40,149.39,0.11,8.8,58.07,490.54,0,0,0,0,12.33,0,30.78,0,1.92,5,0.01,0.43,1770.92,0
2025-11-10T03:15:00Z,-0.56,0,510.05,0,40,148.05,0.11,0,55.09,478.06,0,0,0,0,12.35,0,32.02,0,1.92,4.96,0.01,0,2215.64,0
2025-11-10T03:20:00Z,-1.72,0,533.85,-0.1,40,148.72,0.1,0,40.29,451.75,0,0,0,0,12.37,0,33.34,0,1.92,4.98,0.01,0,3326.12,122.64
2025-11-10T03:25:00Z,-0.08,0,483.22,0,43,148.72,0.11,0,75.77,464.79,0,0,0,0,12.38,0,29.89,0,2.06,4.98,0.01,0,1779.38,148.24
2025-11-10T03:30:00Z,-18.09,0,472.68,0,55,148.72,0.11,0,80.72,468.9,0,0,0,0,12.4,0,29.35,0,2.64,4.98,0.01,0,1689.28,0
2025-11-10T03:35:00Z,-0.41,0,458.08,0,46,119.86,0.1,0,123.32,459.12,0,0,0,0,12.5,0,28.99,0,2.21,4.01,0.01,0,1457.58,138.04
2025-11-10T03:40:00Z,-0.12,0,517.76,0,61,150.06,0.11,0,34.05,470.3,0,0,0,0,12.6,0,31.88,0,2.93,5.02,0.01,0,2418.63,148
2025-11-10T03:45:00Z,-3.78,0,482.92,0,79,148.72,0.11,0,18.67,470.1,0,0,0,0,12.7,0,29.76,0,3.79,4.98,0.01,0,2011.69,132.91
2025-11-10T03:50:00Z,-0.13,0,530.12,0,69,149.39,0.11,0,18.02,443.97,0,0,0,0,12.8,0,33.26,0,3.31,5,0.01,0,3321.33,148.33
2025-11-10T03:55:00Z,-1.32,0,446.49,0,78,148.72,0.11,0,72.58,442.12,0,0,0,0,12.9,0,27.99,0,3.74,4.98,0.01,0,1500.06,127.16
2025-11-10T04:00:00Z,-0.07,0,302.09,0,73,149.39,0.11,0,243.81,425.84,0,0,0,0,13,0,19.54,0,3.5,5,0.01,0,570.52,154.48
2025-11-10T04:05:00Z,-1.21,0,449.49,0.35,80,148.72,0.11,0,60.86,440.72,0,0,0,0,13.05,0,28.74,0.03,3.84,4.98,0.01,0,1610.87,0
2025-11-10T04:10:00Z,-0.03,0,327.49,0,77,148.72,0.11,73.15,126.01,463.85,0,0,0,0,13.1,0,20.89,0,3.69,4.98,0.01,3.59,709.01,166.37
2025-11-10T04:15:00Z,-0.28,0,308.35,0,83,149.39,0.11,145.65,55.54,436.43,0,0,0,0,13.15,0,19.67,0,3.98,5,0.01,7.16,765.5,144.03
2025-11-10T04:20:00Z,-0.11,0,327,0,108,148.72,0.11,157.73,81.78,381.64,0,0,0,0,13.2,0,20.81,0,5.18,4.98,0.01,7.75,843.68,0
2025-11-10T04:25:00Z,-0.14,0,360.07,0,121,187.65,0.09,154.73,10.43,343.32,0,0,0,0,13.25,0,22.77,0,5.81,6.28,0.01,7.6,1115.07,138
2025-11-10T04:30:00Z,-0.09,0,142.81,0,111,150.06,83.73,154.92,244.33,324.88,0,0,0,0,13.3,0,9.06,0,5.33,5.02,3.55,7.61,396.11,138.04
2025-11-10T04:35:00Z,-0.97,0,126.89,0,101,150.73,84.11,156.65,270.98,322.87,0,0,0,0,13.3,0,8.04,0,4.85,5.05,3.56,7.7,365.45,166.89
2025-11-10T04:40:00Z,-0.08,0,311.8,0,122,150.73,84.21,156.91,68.37,324.97,0,0,0,0,13.3,0,19.58,0,5.85,5.05,3.57,7.71,841.79,139.13
2025-11-10T04:45:00Z,-0.2,0,152.23,-0.1,140,150.06,83.78,156.1,200.66,317.71,0,0,0,0,13.3,0,9.36,0,6.72,5.02,3.55,7.67,433.04,0
2025-11-10T04:50:00Z,-0.75,0,140.2,-0.1,125,150.06,83.41,134.92,245.06,342.95,0,0,0,0,13.3,0,8.72,0,6,5.02,3.53,6.63,381.56,0
2025-11-10T04:55:00Z,-1.33,0,164.91,0,101,150.06,83.85,70.97,291.47,358.99,0,0,0,0,13.3,0,10.12,0,4.85,5.02,3.55,3.49,364.42,138
2025-11-10T05:00:00Z,-1.4,0,150.7,0,83,149.39,83.77,133.2,262.37,380.37,0,0,0,0,13.3,0,9.33,0,3.98,5,3.55,6.55,362.65,138
2025-11-10T05:05:00Z,-0.08,0,179.3,0,71,149.39,84.68,105.79,282.82,371.76,0,0,0,0,13.32,0,10.74,0,3.41,5,3.59,5.2,378.24,0
2025-11-10T05:10:00Z,-0.1,0,272.17,0,88,150.06,84.63,157.15,100.62,383.87,0,0,0,0,13.33,0,16.49,0,4.22,5.02,3.58,7.72,642.39,0
2025-11-10T05:15:00Z,-0.15,0,247.78,-0.1,108,162.81,83.32,156.88,83.65,418.58,0,0,0,0,13.35,0,14.87,0,5.18,5.45,3.53,7.71,576.18,169.67
2025-11-10T05:20:00Z,-0.16,0,252.11,0,131,149.39,84.16,157.44,92.33,423.03,0,0,0,0,13.37,0,15.17,0,6.29,5,3.56,7.74,577.22,168.03
2025-11-10T05:25:00Z,0,0,149.52,0,153,150.06,84.11,157.6,211.88,383.9,0,0,0,0,13.38,0,8.53,0,7.34,5.02,3.56,7.74,389.87,0
2025-11-10T05:30:00Z,-0.05,0,192.06,0,175,204.42,84.38,155.9,87.77,380.75,0,0,0,0,13.4,0,10.99,0,8.4,6.84,3.57,7.66,501.69,0
2025-11-10T05:35:00Z,-1.28,0,212.85,0,195,158.79,82.92,155.69,125.72,353.72,0.01,0.85,0,0,13.4,0,12.32,0,9.36,5.32,3.51,7.65,533.27,0
2025-11-10T05:40:00Z,-0.78,0,380.92,0,179,150.06,83.9,122.71,84.35,317.08,0.02,1.69,0,0,13.4,0,21.91,0,8.59,5.02,3.55,6.03,971.54,104.44
2025-11-10T05:45:00Z,-0.47,0,362.17,0,154,131.27,83.36,73.37,226.75,308.82,0.09,2.54,0,0,13.4,0,21.06,0,7.39,4.4,3.53,3.61,776.94,0
2025-11-10T05:50:00Z,-2.26,0,443.8,0,169,184.96,83.3,141.42,7.09,314.42,0.61,3.38,0,0,13.4,0,25.18,0,8.11,6.19,3.53,6.95,1308.64,0
2025-11-10T05:55:00Z,-1.08,0,388.49,0,158,132.61,84.02,73.92,191.47,343.4,1.52,4.23,3.94,0,13.4,0,22,0,7.58,4.44,3.56,3.63,824.8,138
2025-11-10T06:00:00Z,-2.93,0,499.16,0,137,148.05,83.72,97.35,50.06,377.07,3.41,5.07,9.73,0,13.4,0,28.44,0,6.57,4.96,3.55,4.78,1450.38,131.08
2025-11-10T06:05:00Z,-0.22,0,609.05,0,121,148.72,84.21,74.17,17.43,344.39,6.21,14.09,5,0,13.42,0,34.82,0,5.81,4.98,3.57,3.64,3154.08,0
2025-11-10T06:10:00Z,-0.26,0,650.37,0,102,148.72,84.29,76.48,79.71,275.94,13.87,23.11,5,0,13.43,0,37.03,0,4.89,4.98,3.57,3.76,4239.71,104.44
2025-11-10T06:15:00Z,-0.59,0,485.4,0,77,114.5,83.88,71.81,265.52,274.85,20.45,32.13,5,0,13.45,0,27.97,0,3.69,3.83,3.55,3.53,1125.11,0
2025-11-10T06:20:00Z,-0.8,0,459.51,0,97,174.22,83.99,156.68,98.42,270.59,28.97,41.15,5,0,13.47,0,26.52,0,4.65,5.83,3.56,7.7,1180.25,170.44
2025-11-10T06:25:00Z,-6.83,0,451.77,0,115,191.67,83.8,155.14,94.45,264.74,34.07,50.17,5,0,13.48,0,26.03,0,5.52,6.42,3.55,7.62,1111.73,0
2025-11-10T06:30:00Z,-0.29,0,373.67,0,139,225.9,83.95,159.01,95.56,275.58,45.74,59.19,5,0,13.5,0,21.95,0,6.67,7.56,3.55,7.81,803.66,0
2025-11-10T06:35:00Z,-4.89,0,475.86,0,155,226.57,83.76,154.18,2.42,267.1,64.83,76.14,5,0,13.53,0,27.58,0,7.44,7.59,3.55,7.58,1173.76,138
2025-11-10T06:40:00Z,-0.86,0,507.12,58.3,148,175.57,49.36,140.23,12.49,263.15,81.01,93.1,5,0,13.57,0,30.01,7.25,7.1,5.88,2.09,6.89,1384.58,0
2025-11-10T06:45:00Z,-0.93,0,560.49,57.3,145,150.06,42.13,156.34,2.77,261.18,92.93,110.05,5,0,13.6,0,32.85,7.12,6.96,5.02,1.79,7.68,1615.29,100.6
2025-11-10T06:50:00Z,-48.27,0,552.56,57.2,125,96.38,41.94,130.48,113.57,266.3,114.52,127,5,0,13.63,0,32.3,7.11,6,3.23,1.78,6.41,1445.99,138
2025-11-10T06:55:00Z,-0.37,0,572.92,57.9,109,146.71,7.41,143.16,14.87,275.01,127.57,143.95,5,0,13.67,0,33.26,7.2,5.23,4.91,0.32,7.04,1537.59,98.71
2025-11-10T07:00:00Z,-1.16,0,603.57,58,90,95.03,0.1,133.23,54.26,273.39,144.18,160.9,4.26,0,13.7,0,34.8,7.21,4.32,3.18,0.01,6.55,1663.65,64.62
2025-11-10T07:05:00Z,-1.27,0,670.68,57.5,67,60.81,0.11,130.88,44.51,270.17,166.82,182.26,0,0,13.77,0,38.99,7.15,3.21,2.04,0.01,6.43,2252.01,0
2025-11-10T07:10:00Z,-1.12,0,613.3,57.9,62,61.48,0.11,73.52,76.81,295.97,185.73,203.62,0.11,0,13.83,0,35.84,7.2,2.98,2.06,0.01,3.61,1540.32,0
2025-11-10T07:15:00Z,-14.9,0,636.24,56.9,58,61.48,0.11,71.31,36.8,310.41,207.03,224.98,0.13,0,13.9,0,36.73,7.07,2.78,2.06,0.01,3.5,1665.04,55.81
2025-11-10T07:20:00Z,-14.95,0,638.78,48.1,57,60.81,0.11,71.61,4.35,269.79,223.64,246.33,0,0,13.97,0,36.9,5.98,2.74,2.04,0.01,3.52,1872.35,0
2025-11-10T07:25:00Z,-3.67,0,639.66,48.4,57,60.81,0.11,71.95,11.3,239.89,235.81,267.69,0,0,14.03,0,36.66,6.02,2.74,2.04,0.01,3.54,1750.26,0
2025-11-10T07:30:00Z,-21.79,0,599.78,48.4,58,60.81,0.11,71.5,14.5,226.45,260.9,289.05,0.72,0,14.1,0,37.03,6.02,2.78,2.04,0.01,3.51,1510.67,31.31
2025-11-10T07:35:00Z,-54.56,0,626.49,48,57,60.81,0.11,72.05,1.4,225.19,276.75,314.01,1.29,0,14.18,0,38.45,5.97,2.74,2.04,0.01,3.54,1690.83,0
2025-11-10T07:40:00Z,-37.12,0,709.68,0,60,60.81,0.11,16.83,0.47,217.82,292.66,338.98,0,0,14.27,0,39.98,0,2.88,2.04,0.01,0.83,2278.41,0
2025-11-10T07:45:00Z,-26.21,0,570.52,0,58,61.48,0.11,70.86,0,210.36,328.81,363.94,0,0,14.35,0,35.01,0,2.78,2.06,0.01,3.48,1046.69,-0.31
2025-11-10T07:50:00Z,-2.69,0,539.95,0,62,61.48,0.11,8.5,3.31,208.79,378.71,388.91,0,0,14.43,0,33.05,0,2.98,2.06,0.01,0.42,811.91,-9.27
2025-11-10T07:55:00Z,-2.49,0,531.79,0,60,60.81,0.11,0,0.55,209.7,384.35,413.87,0,0,14.52,0,34.15,0,2.88,2.04,0.01,0,787.96,-10.82
2025-11-10T08:00:00Z,-5.71,0,512.24,0,60,60.81,0.11,0,1.31,222.67,383.53,438.84,0.65,0.72,14.6,0,29.42,0,2.88,2.04,0.01,0,634.7,0
2025-11-10T08:05:00Z,-66.1,0,533.07,0,59,60.14,0.11,0,1.39,232.39,391.51,466.28,0,0,14.73,0,33.05,0,2.83,2.01,0.01,0,743.64,-6.79
2025-11-10T08:10:00Z,-0.78,0,440.86,0,46,60.14,0.11,0,44.67,228.2,376.37,493.72,0,0,14.87,0,26.99,0,2.21,2.01,0.01,0,463.9,-9.17
2025-11-10T08:15:00Z,-3.22,0,452.28,0,40,43.36,0.11,0,6.39,236.2,381.88,521.16,0,7.08,15,0,24.61,0,1.92,1.45,0.01,0,434.09,0
2025-11-10T08:20:00Z,-5.16,0,468.87,0,41,41.34,0.11,0,3.39,242.87,371.77,548.6,6.45,24.46,15.13,0,29.98,0,1.97,1.38,0.01,0,516.21,-10.84
2025-11-10T08:25:00Z,-2.51,0,411.89,-0.1,44,40.67,0.11,0,36.11,245.87,374.27,576.04,1.19,13.65,15.27,0,22.76,0,2.11,1.36,0.01,0,348.9,0
2025-11-10T08:30:00Z,-3.47,0,331.97,-0.1,40,41.34,0.11,0,0.97,261.29,435.07,603.48,0,0,15.4,0,17.51,0,1.92,1.38,0.01,0,238.68,-11.54
2025-11-10T08:35:00Z,-62.68,0,454.35,0,40,40.67,0.11,0,0.02,270.19,355.44,633.02,15.58,93.81,15.45,0,24.03,0,1.92,1.36,0.01,0,398.62,0
2025-11-10T08:40:00Z,-22.89,0,454.74,0,42,41.34,0.11,0,0.06,258.33,308.92,662.57,49.47,137.8,15.5,0,23.97,0,2.02,1.38,0.01,0,393.05,0
2025-11-10T08:45:00Z,-40.78,0,473.2,0,44,41.34,0.11,0,21.95,192,328.12,692.11,103.05,137.53,15.55,0,25.04,0,2.11,1.38,0.01,0,425.15,0
2025-11-10T08:50:00Z,-21.42,0,394.75,0,40,40.67,0.11,0,0.1,265.5,333.22,721.65,13.12,91.76,15.6,0,20.99,0,1.92,1.36,0.01,0,295.73,0
2025-11-10T08:55:00Z,-48.59,0,410.65,0,43,40.67,0.11,0,12.02,278.57,304.32,751.2,17.57,160.08,15.65,0,21.52,0,2.06,1.36,0.01,0,308.43,0
2025-11-10T09:00:00Z,-2.64,0,267,0,44,40.67,0.11,0,17.89,272.3,367.33,780.74,16.89,62.13,15.7,0,14.18,0,2.11,1.36,0.01,0,169.05,-8.66
2025-11-10T09:05:00Z,-2.81,0,229.44,0,43,40,0.11,0,8.69,266.27,384.38,809.78,3.36,77.23,15.72,0,12.15,0,2.06,1.34,0.01,0,141.49,-8.56
2025-11-10T09:10:00Z,-38.04,0,213.98,7.3,43,40.67,0.11,0,3.77,273.06,385.12,838.81,5.7,79.79,15.73,0,11.31,0.91,2.06,1.36,0.01,0,140.14,-10
2025-11-10T09:15:00Z,-56.75,0,236.89,7.2,40,40.67,0.11,0,2.61,278.86,364.73,867.85,3.3,84.34,15.75,0,12.23,0.9,1.92,1.36,0.01,0,150.58,-9.35
2025-11-10T09:20:00Z,-98.66,0,221.47,7.3,41,40.67,0.11,0,3.92,303,379.5,896.88,6.97,86.1,15.77,0,11.72,0.91,1.97,1.36,0.01,0,141.68,0
2025-11-10T09:25:00Z,-97.99,0,171.94,7.3,40,40,0.11,0,3.8,293.71,403.8,925.92,25.1,100.68,15.78,0,9.18,0.91,1.92,1.34,0.01,0,110.87,-9.79
2025-11-10T09:30:00Z,-109.36,0,205.75,7.3,40,40.67,0.11,0,0,288.92,374.3,954.95,17.96,108.88,15.8,0,11.16,0.91,1.92,1.36,0.01,0,132.43,-10.68
2025-11-10T09:35:00Z,-9.8,0,80.75,7.3,44,40,0.11,0,7.47,279.01,402.41,971.96,19.47,100.45,15.8,0,4.43,0.91,2.11,1.34,0.01,0,63.5,0
2025-11-10T09:40:00Z,-149.26,0,222.86,0,39,39.33,0.11,0,0,288.6,392.08,988.96,6.85,119.6,15.8,0,11.99,0,1.87,1.32,0.01,0,132.45,-10.48
2025-11-10T09:45:00Z,-102.54,0,148.15,0,40,40.67,0.11,0,0,289.48,397.2,1005.96,26.5,129.24,15.8,0,7.88,0,1.92,1.36,0.01,0,88.03,0
2025-11-10T09:50:00Z,-105.74,0,165.29,0,41,40,0.11,0,0.26,286.62,370.2,1022.97,19.83,180.03,15.8,0,9.11,0,1.97,1.34,0.01,0,100.04,0
2025-11-10T09:55:00Z,-179.34,0,277.32,0,42,40,0.11,0,0.02,279.26,328.73,1039.97,16.42,213.19,15.8,0,15.27,0,2.02,1.34,0.01,0,175.53,-11.11
2025-11-10T10:00:00Z,-164.39,0,260.16,0,42,40,0.11,0,0.16,283.81,311.68,1056.97,17.77,220.62,15.8,0,14.34,0,2.02,1.34,0.01,0,162.16,-11.66
2025-11-10T10:05:00Z,-161.88,0,253.9,0,40,40,0.11,0,0,272.6,295.24,1079.88,50.39,250.21,15.87,0,14.1,0,1.92,1.34,0.01,0,158.79,0
2025-11-10T10:10:00Z,-32.32,0,42.57,0,45,40,0.11,0,4.84,295.84,351.67,1102.8,24.72,175.09,15.93,0,2.36,0,2.16,1.34,0.01,0,39.86,0
2025-11-10T10:15:00Z,-48.11,-37.03,0,0,41,40,0.11,0,0.4,332.7,400.06,1125.71,10.95,135.92,16,0.16,0,0,1.97,1.34,0.01,0,20.38,0
2025-11-10T10:20:00Z,-42.11,0,39.39,0,41,40,0.11,0,0.2,315.79,359.96,1148.62,21.14,211.47,16.07,0,2.11,0,1.97,1.34,0.01,0,35.7,-11.66
2025-11-10T10:25:00Z,-68.5,0,71.39,0,43,40,0.11,0,2.39,327.1,332.27,1171.53,26.16,229.96,16.13,0,3.8,0,2.06,1.34,0.01,0,48.67,0
2025-11-10T10:30:00Z,-92.05,0,124.98,0,40,40.67,0.1,0,0,289.73,310.78,1194.44,46.47,243.17,16.2,0,6.56,0,1.92,1.36,0.01,0,71.25,0
2025-11-10T10:35:00Z,-100.99,0,80.77,0,40,40.67,0.11,0,0,311.08,320.04,1211,18.72,226.61,16.15,0,4.3,0,1.92,1.36,0.01,0,52.31,-32.01
2025-11-10T10:40:00Z,-133.44,0,360.2,0,40,40.67,0.11,0,0,116.01,245.92,1227.56,238.46,325.02,16.1,0,17.84,0,1.92,1.36,0.01,0,215.45,0
2025-11-10T10:45:00Z,-114.29,0,135.84,0,40,40.67,0.11,0,0,217.87,315.92,1244.12,36.49,239.05,16.05,0,7.07,0,1.92,1.36,0.01,0,77.29,-11.11
2025-11-10T10:50:00Z,-157.62,-2.04,0,0,40,40.67,0.11,0,1.35,275.63,395.2,1260.68,32.62,147.25,16,0.01,0,0,1.92,1.36,0.01,0,21.22,-11.66
2025-11-10T10:55:00Z,-113.67,0,49.57,0,42,40.67,0.11,0,2.16,229.21,339.86,1277.23,94.34,239.65,15.95,0,2.49,0,2.02,1.36,0.01,0,39.86,0
2025-11-10T11:00:00Z,-121.73,-35.08,0,0,42,40.67,0.11,0,0.04,287.9,328.25,1293.79,74.55,238,15.9,0.17,0,0,2.02,1.36,0.01,0,21.03,0
2025-11-10T11:05:00Z,-57.4,0,84.63,0,44,40.67,0.11,0,0.54,167.68,265.95,1310.34,252.59,318.02,16.15,0,4.25,0,2.11,1.36,0.01,0,54.95,-11.78
2025-11-10T11:10:00Z,-49.03,0,25.37,0,40,40,0.11,0,0.2,149.99,310.21,1326.89,244.06,258.69,16.4,0,1.27,0,1.92,1.34,0.01,0,30.34,-11.79
2025-11-10T11:15:00Z,-138.39,0,139.37,0,40,40.67,0.11,0,0,140.04,304.2,1343.44,284.25,258.04,16.65,0,6.35,0,1.92,1.36,0.01,0,72.74,0
2025-11-10T11:20:00Z,-178.19,0,138.55,0,40,40.67,0.11,0,0.63,150.96,306.6,1359.99,245.72,258.69,16.9,0,6.92,0,1.92,1.36,0.01,0,77.39,0
2025-11-10T11:25:00Z,-193.35,0,218.53,0,40,40.67,0.11,0,0,146.52,253.66,1376.55,292.64,310.85,17.15,0,10.52,0,1.92,1.36,0.01,0,114.59,-15.08
2025-11-10T11:30:00Z,-152.48,0,197.86,0,40,40.67,0.11,0,0,100.47,255.1,1393.1,284.81,308.23,17.4,0,8.53,0,1.92,1.36,0.01,0,95.91,-19.75
2025-11-10T11:35:00Z,-159.86,0,184.66,0,41,40.67,0.11,0,0,94.59,243.25,1415.41,264.83,306.91,17.58,0,8,0,1.97,1.36,0.01,0,91.26,0
2025-11-10T11:40:00Z,-162,0,171.48,0,41,40.67,0.11,0,0.01,92.53,238.12,1437.72,221.82,325.09,17.77,0,7.38,0,1.97,1.36,0.01,0,84.77,0
2025-11-10T11:45:00Z,-178.62,0,135.59,0,41,40,0.11,0,0,99.86,260.37,1460.04,182.82,298.44,17.95,0,5.86,0,1.97,1.34,0.01,0,69.36,0
2025-11-10T11:50:00Z,-144.48,0,139.74,0,41,40,0.11,0,0.01,89.55,239.78,1482.35,179.5,309.62,18.13,0,6.14,0,1.97,1.34,0.01,0,70.54,-20
2025-11-10T11:55:00Z,-151.23,0,135.61,0,40,40,0.11,0,0,82.88,237.44,1504.66,206.07,324.52,18.32,0,5.85,0,1.92,1.34,0.01,0,67.56,-19.9
2025-11-10T12:00:00Z,-225.96,0,154.6,0,42,40.67,0.11,0,0,100.65,238.29,1526.97,173.25,332.77,18.5,0,6.76,0,2.02,1.36,0.01,0,77.64,0
2025-11-10T12:05:00Z,-200.19,0,134.91,0,40,40.67,0.1,0,0,102.4,238.57,1546.01,162.58,326.95,18.37,0,5.95,0,1.92,1.36,0.01,0,67.92,0
2025-11-10T12:10:00Z,-254.8,0,210.04,0,41,40.67,0.11,0,0,96.75,232.36,1565.05,221.08,339.69,18.23,0,9.26,0,1.97,1.36,0.01,0,100,0
2025-11-10T12:15:00Z,-229.45,0,240.1,0,40,40.67,0.11,0,0,93.39,220.54,1584.08,239.73,436.41,18.1,0,10.21,0,1.92,1.36,0.01,0,107.34,0
2025-11-10T12:20:00Z,-198.83,0,212.73,0,41,41.34,0.11,0,0,90.68,120.67,1603.12,275.13,415.65,17.97,0,8.98,0,1.97,1.38,0.01,0,99.72,0
2025-11-10T12:25:00Z,-191.49,0,161.25,0,41,40.67,0.11,0,0,96.43,120.65,1622.15,281.06,416.97,17.83,0,7.05,0,1.97,1.36,0.01,0,79.49,-20
2025-11-10T12:30:00Z,-188.47,0,95.41,0,41,40.67,0.11,0,0,113.48,126.47,1641.19,257.26,351.8,17.7,0,4.34,0,1.97,1.36,0.01,0,54.87,0
2025-11-10T12:35:00Z,-167.47,-0.55,0,0,41,40,0.11,0,0,156.7,128.7,1655.11,254.89,360.07,17.72,0,0,0,1.97,1.34,0.01,0,21.42,-32.01
2025-11-10T12:40:00Z,-117.55,-16.07,0,0,44,40.67,0.11,0,0.22,139.42,124.46,1669.04,285.28,443.76,17.73,0.14,0,0,2.11,1.36,0.01,0,21.26,-24
2025-11-10T12:45:00Z,-127.14,-10.53,0,0,39,40.67,0.11,0,0,144.54,130.32,1682.96,337.3,352.85,17.75,0.09,0,0,1.87,1.36,0.01,0,19.89,0
2025-11-10T12:50:00Z,-264.95,0,97.79,0,40,40.67,0.11,0,0,163.13,122.65,1696.89,305.96,370.21,17.77,0,4.32,0,1.92,1.36,0.01,0,53.71,-21.66
2025-11-10T12:55:00Z,-221.73,0,19.81,0,40,40.67,0.1,0,0,167.98,128.55,1710.81,350.12,350.3,17.78,0,0.89,0,1.92,1.36,0.01,0,27.15,-29.61
2025-11-10T13:00:00Z,-198.38,-30.25,0,0,40,40.67,0.11,0,0,197.05,122.73,1724.73,330.66,444.29,17.8,0.25,0,0,1.92,1.36,0.01,0,19.23,-32.01
2025-11-10T13:05:00Z,-195.82,-64.78,0,0,41,40.67,0.11,0,0.09,203.39,121.52,1719,320.81,443.25,17.97,0.53,0,0,1.97,1.36,0.01,0,18.05,-32.01
2025-11-10T13:10:00Z,-180.39,-71.13,0,0,40,40.67,0.11,0,0,193.49,120.62,1713.27,336.07,359.38,18.13,0.59,0,0,1.92,1.36,0.01,0,17.44,0
2025-11-10T13:15:00Z,-295.45,0,35.78,0,40,40,0.11,0,0,211.49,115.93,1707.54,416.79,365.3,18.3,0,1.54,0,1.92,1.34,0.01,0,32.34,0
2025-11-10T13:20:00Z,-382.82,0,225.61,0,41,40,0.11,0,0.02,204,18,1701.81,404.95,472.31,18.47,0,10.19,0,1.97,1.34,0.01,0,116.02,0
2025-11-10T13:25:00Z,-190.15,0,10.92,0,40,40.67,0.11,0,0.08,251.42,11.17,1696.08,343.64,471.87,18.63,0,0.48,0,1.92,1.36,0.01,0,24.58,0
2025-11-10T13:30:00Z,-303.04,0,126.14,0,40,40,0.11,0,0,242.7,10.49,1690.35,342.73,479.35,18.8,0,5.44,0,1.92,1.34,0.01,0,65.5,-102
2025-11-10T13:35:00Z,-329.09,0,211.78,0,40,40,0.11,0,0,211.56,2.51,1683.01,379.28,485.25,18.77,0,9.16,0,1.92,1.34,0.01,0,103.8,-102
2025-11-10T13:40:00Z,-289.06,0,160.54,0,40,40.67,0.11,0,0.16,215.89,0.72,1675.66,335.86,476.95,18.73,0,7.2,0,1.92,1.36,0.01,0,82.6,0
2025-11-10T13:45:00Z,-291.47,0,208.29,0,40,40.67,0.11,0,0,176.55,0.64,1668.32,373.94,563.8,18.7,0,9.43,0,1.92,1.36,0.01,0,106.95,0
2025-11-10T13:50:00Z,-249.29,0,162.42,0,49,40,0.11,0,3.94,179.38,1.51,1660.98,398.98,474.39,18.67,0,7.04,0,2.35,1.34,0.01,0,84.59,-102
2025-11-10T13:55:00Z,-280.7,0,149.79,0,47,40.67,0.11,0,0,195.28,0.67,1653.63,386.47,484.73,18.63,0,6.44,0,2.26,1.36,0.01,0,80.16,0
2025-11-10T14:00:00Z,-260.27,0,208.11,0,51,40,0.11,0,0.48,132.9,0.69,1646.29,453.29,467.74,18.6,0,9.04,0,2.45,1.34,0.01,0,109.77,-20.01
2025-11-10T14:05:00Z,-106.18,-94.48,0,0,59,40,0.11,0,4.69,225.02,24.18,1640.2,397.16,464.75,18.65,0.92,0,0,2.83,1.34,0.01,0,21.82,-68.71
2025-11-10T14:10:00Z,-153.37,-78.99,0,0,55,40,0.11,0,2.4,289.66,7.91,1634.11,342.74,486,18.7,0.86,0,0,2.64,1.34,0.01,0,20.84,0
2025-11-10T14:15:00Z,-197.89,-62.8,0,0,57,40,0.11,0,4.46,307.51,3.84,1628.02,302.18,548.72,18.75,0.57,0,0,2.74,1.34,0.01,0,23.69,-68
2025-11-10T14:20:00Z,-158.77,-94.35,0,0,54,40.67,0.11,0,3.92,297.58,2.7,1621.93,314.56,475.75,18.8,0.87,0,0,2.59,1.36,0.01,0,20.97,-221.58
2025-11-10T14:25:00Z,-289.7,0,162.9,0,57,40,0.11,1.16,0.15,168.38,1.12,1615.84,426.8,484.26,18.85,0,7.12,0,2.73,1.34,0.01,0.06,94.39,0
2025-11-10T14:30:00Z,-271.49,0,201.15,0,58,3.09,0.11,1.37,0.45,143.64,0.7,1609.76,447.76,487.5,18.9,0,8.82,0,2.78,0.1,0.01,0.07,105.15,-225.73
2025-11-10T14:35:00Z,-140.92,0,81.27,0,64,0,0.11,1.5,6.61,134.32,1.92,1590.96,503.22,482.64,18.77,0,3.64,0,3.07,0,0.01,0.07,51.66,0
2025-11-10T14:40:00Z,-129.3,0,68.06,0,61,0,0.11,6.59,1.14,135.41,0.67,1572.16,499.32,462.14,18.63,0,3.09,0,2.93,0,0.01,0.32,48.23,0
2025-11-10T14:45:00Z,-136.81,0,96.08,0,63,0,0.11,6.55,0,139.64,0.71,1553.36,443.29,467.24,18.5,0,4.24,0,3.02,0,0.01,0.32,59.53,-225.33
2025-11-10T14:50:00Z,-119.18,0,74.54,0,69,0,0.11,6.82,1.71,133.53,1.95,1534.56,463.37,471.6,18.37,0,3.35,0,3.31,0,0.01,0.34,54.11,0
2025-11-10T14:55:00Z,-93.44,0,94.5,0,66,0,0.11,18.59,0.31,123.38,0.7,1515.77,508.22,472.46,18.23,0,4.19,0,3.17,0,0.01,0.91,64.64,0
2025-11-10T15:00:00Z,-98.45,0,65,0,66,0,0.11,18.51,14.13,173.18,0.78,1496.97,469.4,478.23,18.1,0,2.81,0,3.17,0,0.01,0.91,51.47,-222.92
2025-11-10T15:05:00Z,-83.76,0,110.39,0,72,0,0.11,18.54,7.15,128.29,1.63,1477.15,548.97,476.31,18.22,0,4.93,0,3.45,0,0.01,0.91,73.92,-225.46
2025-11-10T15:10:00Z,-136.37,0,146.33,0,67,0,0.1,23.22,0,160.51,0.69,1457.34,553.17,535.14,18.33,0,6.7,0,3.21,0,0.01,1.14,93.12,0
2025-11-10T15:15:00Z,-58.79,0,61.13,0,78,0,0.11,23.82,3.3,142.27,1.81,1437.53,593.37,458.48,18.45,0,2.86,0,3.74,0,0.01,1.17,59.55,-222.25
2025-11-10T15:20:00Z,-94.24,0,103.01,0,76,0,0.11,23.21,0.01,156.41,0.64,1417.72,528.27,472.99,18.57,0,4.85,0,3.65,0,0.01,1.14,78.36,0
2025-11-10T15:25:00Z,-57.21,0,103.19,0,87,0,0.11,9.72,5.42,152.03,1.56,1397.9,633.42,465.75,18.68,0,5.34,0,4.17,0,0.01,0.48,80.33,0
2025-11-10T15:30:00Z,-63.61,0,130.11,0,91,0,0.11,9.67,9.13,134.13,1.77,1378.09,608.51,549.82,18.8,0,6.08,0,4.37,0,0.01,0.48,91.7,-200
2025-11-10T15:35:00Z,-44.08,0,107.18,0,102,0,0.11,0,39.66,142.22,3.38,1353.77,608.71,471.44,18.57,0,5.1,0,4.89,0,0.01,0,80.56,0
2025-11-10T15:40:00Z,-45.62,0,74.85,0,107,0,0.11,0,50.12,166.24,3.51,1329.46,560.84,541.83,18.33,0,3.91,0,5.13,0,0.01,0,70.7,-187.93
2025-11-10T15:45:00Z,-60.22,0,89.7,0,109,0,0.11,0,31.9,209.58,3,1305.14,490.35,403.34,18.1,0,4.3,0,5.23,0,0.01,0,75.82,0
2025-11-10T15:50:00Z,-77.05,0,256.72,0,108,0,0.11,0,6.65,137.4,1.75,1280.83,660.82,408.61,17.87,0,13.22,0,5.18,0,0.01,0,183.97,0
2025-11-10T15:55:00Z,-81.43,0,238.14,0,109,0,0.11,0,9.75,194.63,1.95,1256.51,621.92,415.75,17.63,0,11.48,0,5.23,0,0.01,0,160.17,0
2025-11-10T16:00:00Z,-18.03,0,210.11,0,108,0,0.11,0,24.64,237.9,2.54,1232.19,606.72,443.07,17.4,0,10.26,0,5.18,0,0.01,0,134.61,-190.01
2025-11-10T16:05:00Z,-57.1,0,296.82,0,105,0,0.11,0,30.48,234.15,1.73,1187.96,636.87,490.43,17.35,0,14.52,0,5.04,0,0.01,0,194.75,0
2025-11-10T16:10:00Z,-63.21,0,429.79,0,100,0,0.11,0,12.67,170.33,0.64,1143.72,543.25,437.35,17.3,0,23.37,0,4.8,0,0.01,0,361.82,0
2025-11-10T16:15:00Z,-77.39,0,357.39,0,103,0,0.11,0,12.59,291.45,1.18,1099.48,560.12,432.92,17.25,0,17.79,0,4.94,0,0.01,0,254.28,-215.71
2025-11-10T16:20:00Z,-72.16,0,251.28,0,111,0,0.1,0,46.13,329.78,3.12,1055.24,569.56,423.72,17.2,0,13.85,0,5.33,0,0.01,0,188.37,0
2025-11-10T16:25:00Z,-39.51,0,230.29,0,105,0,0.11,0,42.77,352.21,1.61,1011,548.46,391.71,17.15,0,11.71,0,5.04,0,0.01,0,161.74,0
2025-11-10T16:30:00Z,-29.31,0,255.08,0,98,0,0.11,0,5.61,422.1,0.71,966.76,526.5,439.83,17.1,0,14.57,0,4.7,0,0.01,0,191.34,-179.61
2025-11-10T16:35:00Z,-45.59,0,307.36,0,108,0,0.11,0,33.3,449.17,2.9,920.13,531.99,359.69,17.03,0,15.56,0,5.18,0,0.01,0,214.48,0
2025-11-10T16:40:00Z,-106.38,0,234.49,0,106,0,0.11,0,11.61,606.11,56,873.5,400,282.37,16.97,0,13.39,0,5.09,0,0.01,0,168.98,0
2025-11-10T16:45:00Z,-73.66,0,320.07,0,102,0,0.11,0,9.65,498.26,83.15,826.87,551.44,281.47,16.9,0,18.47,0,4.89,0,0.01,0,248.99,0
2025-11-10T16:50:00Z,-5.29,0,243.45,0,104,0,0.11,0,23.35,493.75,110.56,780.24,556.08,255.76,16.83,0,14.31,0,4.99,0,0.01,0,183.44,0
2025-11-10T16:55:00Z,-3.65,0,111.99,0,107,0,0.11,0,17.96,617.44,82.89,733.61,463.2,250.59,16.77,0,5.9,0,5.13,0,0.01,0,91.81,-20
2025-11-10T17:00:00Z,-37.05,-21.32,0,0,97,0,0.11,0,0,754.8,224.87,686.98,347.8,214.39,16.7,0.11,0,0,4.65,0,0.01,0,32.02,0
2025-11-10T17:05:00Z,-128.53,0,81.26,0,113,0,0.11,0,20.54,875.07,153.32,659.36,227.55,220.88,16.7,0,4.37,0,5.42,0,0.01,0,72.98,0
2025-11-10T17:10:00Z,-102.82,-129.79,0,0,96,0,0.11,0,8.94,916.43,225.82,631.74,215.64,130.14,16.7,0.66,0,0,4.61,0,0.01,0,28.81,0
2025-11-10T17:15:00Z,-160.83,-4.4,0,0,97,0,0.11,0,12.28,881.79,295.11,604.12,215.33,164.62,16.7,0.02,0,0,4.65,0,0.01,0,32.31,0
2025-11-10T17:20:00Z,-127.05,-163.82,0,0,98,0,0.11,0,5.95,1039.52,310.97,576.5,220.73,135.94,16.7,0.74,0,0,4.7,0,0.01,0,27.37,0
2025-11-10T17:25:00Z,-97.28,-7.91,0,0,105,0,0.11,0,22.44,913.1,256.78,548.89,349.31,123.07,16.7,0.04,0,0,5.04,0,0.01,0,34.49,0
2025-11-10T17:30:00Z,-73.54,-73.08,0,0,106,0,0.11,0,23.24,899.74,336.11,521.27,299.32,78.42,16.7,0.28,0,0,5.09,0,0.01,0,33.21,0
2025-11-10T17:35:00Z,-97.98,-103.63,0,0,108,0,0.11,0,46.02,950.95,305.76,495.27,283.76,60.71,16.67,0.38,0,0,5.18,0,0.01,0,33.82,-11.11
2025-11-10T17:40:00Z,-84.59,-37.86,0,0,125,0,0.11,0,4.24,943.04,289.47,469.27,249.64,52.99,16.63,0.15,0,0,6,0,0.01,0,41.09,0
2025-11-10T17:45:00Z,-97.83,-188,0,0,134,0,0.11,0,27.6,1098.33,246.87,443.27,0,0,16.6,0.75,0,0,6.43,0,0.01,0,40.99,67.03
2025-11-10T17:50:00Z,-78.34,-210.62,0,0,115,0,0.11,0,34.62,1154.35,216.99,417.28,0,0,16.57,0.78,0,0,5.52,0,0.01,0,34.54,0
2025-11-10T17:55:00Z,-1.12,-265.1,0,0,122,0,0.11,0,16.08,1184.34,226.28,391.28,0,0,16.53,0.97,0,0,5.85,0,0.01,0,35.03,110.26
2025-11-10T18:00:00Z,-0.28,-235.04,0,0,119,0,0.11,0,1.07,1219.51,204.15,365.28,0,0,16.5,0.88,0,0,5.71,0,0.01,0,34.66,0
2025-11-10T18:05:00Z,-0.33,-229.52,0,0,125,0,0.11,0,96.33,1215.08,141.32,343,0,0,16.4,0.87,0,0,6,0,0.01,0,36.47,105.3
2025-11-10T18:10:00Z,-4.31,-345.61,0,0,115,0,0.11,120.74,135.83,1213.03,94.43,320.72,0,0,16.3,1.88,0,0,5.52,0,0.01,5.93,69.69,0
2025-11-10T18:15:00Z,-0.21,-485.06,0,0,119,0,0.11,155.78,197.32,1261.24,109.25,298.43,0,0,16.2,3.42,0,0,5.71,0,0.01,7.66,72.15,71.55
2025-11-10T18:20:00Z,-1.82,-358.12,0,0,115,0,0.11,155.06,148.77,1204.08,99.06,276.15,0,0,16.1,2.1,0,0,5.52,0,0.01,7.62,80.88,0
2025-11-10T18:25:00Z,-1.07,-347.54,0,0,117,0,4.77,156.69,156.1,1171.25,122.05,253.87,0,0,16,2.08,0,0,5.61,0,0.2,7.7,84.06,119.25
2025-11-10T18:30:00Z,-4.84,-357.07,0,0,114,0,82.79,155.43,142.89,1152.53,85.68,231.59,0,0,15.9,3.11,0,0,5.47,0,3.51,7.64,101.08,0
2025-11-10T18:35:00Z,-0.08,-375.38,0,0,122,0,83.41,158.48,217.34,1129.74,72.88,209.91,0,0,15.8,2.63,0,0,5.85,0,3.53,7.79,107.81,98
2025-11-10T18:40:00Z,0,-393.68,0,0,114,0,83.59,156.21,251.65,1148.51,52.05,188.23,0,0,15.7,2.68,0,0,5.47,0,3.54,7.68,105.03,98
2025-11-10T18:45:00Z,-0.01,-430.28,0,0,115,0,83.53,157.23,211.02,1235.43,66.71,166.55,0,0,15.6,3.92,0,0,5.52,0,3.54,7.73,96.14,0
2025-11-10T18:50:00Z,-1.99,-495.33,0,0,111,0,83.04,153.69,278.32,1282.9,55.43,144.87,0,0,15.5,3.18,0,0,5.33,0,3.52,7.55,98.37,98
2025-11-10T18:55:00Z,0,-520.36,0,0,118,0,83.54,158.21,297.47,1331.76,34.01,123.2,0,0,15.4,4.35,0,0,5.66,0,3.54,7.77,93.16,0
2025-11-10T19:00:00Z,-2.75,-516.53,0,0,116,0,82.77,154.64,269.1,1350.56,28.34,101.52,0,0,15.3,3.32,0,0,5.57,0,3.5,7.6,101.16,0
2025-11-10T19:05:00Z,-0.21,-520.07,0,0,115,0,83.59,156.77,312.82,1336.7,23.25,86.34,0,0,15.3,3.29,0,0,5.52,0,3.54,7.7,101.38,116.3
2025-11-10T19:10:00Z,-0.22,-520.38,0,0,118,0,83.96,158.42,280.9,1345.34,17,71.15,0,0,15.3,3.36,0,0,5.66,0,3.56,7.79,105.37,0
2025-11-10T19:15:00Z,-3.52,-396.76,0,0,112,0,82.91,154.54,258.68,1279.8,11.72,55.97,0,0,15.3,3.49,0,0,5.37,0,3.51,7.59,100.18,138.04
2025-11-10T19:20:00Z,-0.3,-413,0,0,140,0,83.99,157.2,198.23,1318.41,7.05,40.79,0,0,15.3,2.91,0,0,6.72,0,3.56,7.73,118.18,0
2025-11-10T19:25:00Z,-0.17,-467.04,0,0,126,0,83.39,156.62,296.72,1302.08,3.01,25.6,0,0,15.3,4.25,0,0,6.05,0,3.53,7.7,102.39,0
2025-11-10T19:30:00Z,-0.22,-555.91,0,0,162,0,83.81,156.95,383.47,1293.36,1.21,10.42,0,0,15.3,3.91,0,0,7.77,0,3.55,7.71,118.26,146.48
2025-11-10T19:35:00Z,-1.31,-500.75,0,0,191,0,82.56,156.48,306.24,1266.83,0.19,8.69,0,0,15.23,3.82,0,0,9.16,0,3.5,7.69,131.37,0
2025-11-10T19:40:00Z,-0.19,-602.57,0,0,227,0,83.28,155.44,405.17,1282.26,0.04,6.95,0,0,15.17,6.15,0,0,10.89,0,3.53,7.64,122.59,0
2025-11-10T19:45:00Z,-0.2,-589.83,0,0,231,0,82.69,172.05,333.41,1288.64,0,5.21,0,0,15.1,5.14,0,0,11.08,0,3.5,8.45,141.08,117.26
2025-11-10T19:50:00Z,-0.23,-501.31,0,0,237,0,83.96,168.08,246.52,1296.25,0,3.47,0,0,15.03,4.51,0,0,11.37,0,3.56,8.26,146.14,118.54
2025-11-10T19:55:00Z,-0.22,-485.41,0,0,238,0,84.07,174.99,248.97,1277.3,0,1.74,0,0,14.97,5.6,0,0,11.42,0,3.56,8.6,140.16,0
2025-11-10T20:00:00Z,-1.69,-499.67,0,0,233,0,83.24,172.61,287.97,1257.17,0,0,0,0,14.9,4.49,0,0,11.18,0,3.52,8.48,146.42,123.45
2025-11-10T20:05:00Z,-0.75,-571.88,0,0,236,0,83.33,169.99,337.21,1280.9,0,0,0,0,14.93,6.41,0,0,11.32,0,3.53,8.35,131.35,0
2025-11-10T20:10:00Z,-0.31,-633.89,0,0,233,0,83.18,173.77,412.96,1267.98,0,0,0,0,14.97,5.45,0,0,11.18,0,3.52,8.54,138.95,154.35
2025-11-10T20:15:00Z,-0.23,-567.69,0,0,263,0,83.28,172.69,293.17,1252.83,0,0,0,0,15,6.42,0,0,12.62,0,3.53,8.49,146.02,0
2025-11-10T20:20:00Z,-0.26,-607.9,0,0,244,0,84.46,168.37,401.59,1228.56,0,0,0,0,15.03,5.35,0,0,11.71,0,3.58,8.27,143.83,0
2025-11-10T20:25:00Z,-2.17,-505.49,0,0,270,0,82.96,171.8,252.4,1210,0,0,0,0,15.07,6.17,0,0,12.96,0,3.51,8.44,151.98,0
2025-11-10T20:30:00Z,-0.53,-442.2,0,0,270,0,84.36,171.15,191.07,1224.62,0,0,0,0,15.1,4.35,0,0,12.96,0,3.57,8.41,164.84,159.22
2025-11-10T20:35:00Z,-1.13,-444.15,0,0,296,0,83.64,174.62,157.85,1212.01,0,0,0,0,15.02,5.92,0,0,14.2,0,3.54,8.58,165.59,0
2025-11-10T20:40:00Z,-1.46,-395.46,0,0,315,0,84.44,174.93,153.42,1193.56,0,0,0,0,14.93,5.64,0,0,15.11,0,3.58,8.6,170.37,140.23
2025-11-10T20:45:00Z,-7.27,-406.13,0,0,339,0,83.44,172.47,142.08,1185.46,0,0,0,0,14.85,5.88,0,0,16.27,0,3.53,8.48,178.12,0
2025-11-10T20:50:00Z,-3.62,-425.64,0,0,369,0,83.8,172.64,147.33,1167.38,0,0,0,0,14.77,6.32,0,0,17.71,0,3.55,8.48,186.02,138.04
2025-11-10T20:55:00Z,-2.34,-440.1,0,0,360,0,83.49,172.03,183.19,1171.51,0,0,0,0,14.68,6.33,0,0,17.27,0,3.54,8.45,180.1,143.47
2025-11-10T21:00:00Z,-7.37,-344.01,0,0,376,0,82.82,174.11,48.16,1160.01,0,0,0,0,14.6,5.46,0,0,18.04,0,3.51,8.56,198.49,0
2025-11-10T21:05:00Z,-2.77,-440.85,0,0,339,0,82.84,171.51,203.19,1165.83,0,0,0,0,14.62,6.37,0,0,16.27,0,3.51,8.43,172.47,114.1
2025-11-10T21:10:00Z,-1.23,-438.01,0,0,295,0,83.65,174.47,249.09,1144.54,0,0,0,0,14.63,6.01,0,0,14.16,0,3.54,8.57,161.25,0
2025-11-10T21:15:00Z,-1.43,-272.51,0,0,283,0,83.62,173.97,67.99,1125.58,0,0,0,0,14.65,3.89,0,0,13.58,0,3.54,8.55,179.01,0
2025-11-10T21:20:00Z,-3.54,-205.6,0,0,242,0,83.49,169.19,49.77,1128.25,0,0,0,0,14.67,2.92,0,0,11.61,0,3.54,8.31,168.44,113.02
2025-11-10T21:25:00Z,-1.2,-133.87,0,0,200,0,83.89,174.58,36.16,1101.42,0,0,0,0,14.68,1.88,0,0,9.6,0,3.55,8.58,163.05,104.48
2025-11-10T21:30:00Z,-2.85,-143.4,0,0,196,0,83.61,168.93,54.12,1089.87,0,0,0,0,14.7,1.99,0,0,9.4,0,3.54,8.3,159.81,112.27
2025-11-10T21:35:00Z,-4.2,-138.75,0,0,196,0,83.64,172.5,48.8,1099.8,0,0,0,0,14.72,1.94,0,0,9.4,0,3.54,8.48,160.4,0
2025-11-10T21:40:00Z,-3.13,-360.09,0,0,195,0,79.52,172.23,244.96,1121.66,0,0,0,0,14.73,4.43,0,0,9.36,0,3.37,8.46,138.71,111.56
2025-11-10T21:45:00Z,-0.73,-211.5,0,0,199,0,41.93,173.22,121.07,1105.04,0,0,0,0,14.75,2.84,0,0,9.55,0,1.78,8.51,142.82,109.75
2025-11-10T21:50:00Z,-5.24,-218.19,0,0,194,0,41.71,172.46,109.28,1132.31,0,0,0,0,14.77,2.62,0,0,9.31,0,1.77,8.47,142.46,0
2025-11-10T21:55:00Z,-0.79,-159.86,0,0,195,0,41.9,174.15,32.6,1125.68,0,0,0,0,14.78,2.14,0,0,9.36,0,1.78,8.56,149.51,99.36
2025-11-10T22:00:00Z,-1.1,-186.44,0,0,196,0,41.92,171.36,52.33,1126.59,0,0,0,0,14.8,2.47,0,0,9.4,0,1.78,8.42,146.78,98.52
2025-11-10T22:05:00Z,-3.44,-169.61,0,0,194,0,41.8,167.3,49.66,1121.77,0,0,0,0,14.8,2.26,0,0,9.31,0,1.77,8.22,145.88,115.41
2025-11-10T22:10:00Z,-5.81,-77.16,0,0,157,0,41.79,138.86,39.17,1082.73,0,0,0,0,14.8,0.9,0,0,7.53,0,1.77,6.82,132.75,0
2025-11-10T22:15:00Z,-0.97,-56.46,0,0,119,0,41.97,141.79,49.84,1079.8,0,0,0,0,14.8,0.69,0,0,5.71,0,1.78,6.97,120.12,118.74
2025-11-10T22:20:00Z,-0.27,-54.09,0,0,120,0,42.28,143.22,16.83,1089.38,0,0,0,0,14.8,0.67,0,0,5.76,0,1.79,7.04,123.06,118.25
2025-11-10T22:25:00Z,-4.18,-66.32,0,0,116,0,41.73,139.59,0.6,1126.96,0,0,0,0,14.8,0.86,0,0,5.57,0,1.77,6.86,118.15,0
2025-11-10T22:30:00Z,-29.25,-157.45,0,0,112,0,41.68,140.29,32.6,1201.24,0,0,0,0,14.8,1.48,0,0,5.37,0,1.77,6.89,112.32,0
2025-11-10T22:35:00Z,-10.3,-159.82,0,0,114,0,41.92,137.39,0,1224.12,0,0,0,0,14.72,2.01,0,0,5.47,0,1.78,6.75,106.79,0
2025-11-10T22:40:00Z,-3.08,-166.94,0,0,117,0,16.45,139.83,52.29,1185.19,0,0,0,0,14.63,2.02,0,0,5.61,0,0.7,6.87,99.88,138.04
2025-11-10T22:45:00Z,-2.7,-163.87,0,0,124,0,0.11,170.43,51.45,1149.89,0,0,0,0,14.55,1.5,0,0,5.95,0,0.01,8.38,115.8,0
2025-11-10T22:50:00Z,-19.85,-184.18,0,0,151,0,0.11,168.15,47.3,1143.88,0,0,0,0,14.47,2.37,0,0,7.25,0,0.01,8.26,120.76,0
2025-11-10T22:55:00Z,-10.56,-123.38,0,0,126,0,0.11,138.77,48.7,1134,0,0,0,0,14.38,1.52,0,0,6.05,0,0.01,6.82,103.72,0
2025-11-10T23:00:00Z,-10.31,-105.76,0,0,116,0,0.11,139.62,32.6,1137.87,0,0,0,0,14.3,0.93,0,0,5.57,0,0.01,6.86,105.36,113.6
2025-11-10T23:05:00Z,-7.91,-102.14,0,0,117,0,0.11,139.79,32.36,1122.49,0,0,0,0,14.23,1.26,0,0,5.61,0,0.01,6.87,103.55,0
2025-11-10T23:10:00Z,-2.75,-96.35,0,0,125,0,0.11,83.79,51.89,1145.4,0,0,0,0,14.17,0.77,0,0,6,0,0.01,4.12,85.86,148
2025-11-10T23:15:00Z,-8.29,-180.94,0,0,133,0,0.11,161.3,48,1141.45,0,0,0,0,14.1,1.75,0,0,6.38,0,0.01,7.93,116.51,0
2025-11-10T23:20:00Z,-2.81,-121.82,0,0,127,0,0.11,109.83,55.48,1129.06,0,0,0,0,14.03,1.08,0,0,6.09,0,0.01,5.4,96.39,0
2025-11-10T23:25:00Z,-21.17,-166.11,0,0,136,0,0.11,167.94,48.6,1104.26,0,0,0,0,13.97,1.52,0,0,6.53,0,0.01,8.25,125.38,0
2025-11-10T23:30:00Z,-2.29,-194.38,0,0,150,0,0.11,169.47,57.14,1091.45,0,0,0,0,13.9,2.01,0,0,7.2,0,0.01,8.33,127.62,0
2025-11-10T23:35:00Z,-25.17,-141.33,0,0,156,0,0.11,167.32,49.04,1066.75,0,0,0,0,13.82,1.52,0,0,7.49,0,0.01,8.22,133.82,0
2025-11-10T23:40:00Z,-7.52,-134.8,0,0,132,0,0.11,169.54,75.15,1103.31,0,0,0,0,13.73,1.4,0,0,6.33,0,0.01,8.33,119.04,0
2025-11-10T23:45:00Z,-13.33,-157.11,0,0,108,0,0.11,168.92,103.93,1108.14,0,0,0,0,13.65,1.4,0,0,5.18,0,0.01,8.3,109.98,0
2025-11-10T23:50:00Z,-3.31,-60.04,0,0,95,0,0.11,143.44,61.16,1104.39,0,0,0,0,13.57,0.53,0,0,4.56,0,0.01,7.05,99.21,0
2025-11-10T23:55:00Z,-15.65,-62.24,0,0,102,0,0.11,168.92,49.3,1102.92,0,0,0,0,13.48,0.55,0,0,4.89,0,0.01,8.3,112.87,0
2025-11-11T00:00:00Z,-17.11,0,29.71,-0.1,82,0,0.11,164.9,0,1071.58,0,0,0,0,13.4,0,2.07,0,3.93,0,0.01,8.1,133.21,0
2025-11-11T00:05:00Z,-26.07,0,111.69,-0.1,59,0,0.11,78.02,27.4,1080.19,0,0,0,0,13.19,0,7.65,0,2.83,0,0.01,3.83,155.3,0
2025-11-11T00:10:00Z,-16.16,0,120.36,0,39,0,0.11,79.65,30.2,1071.44,0,0,0,0,12.97,0,8.06,0,1.87,0,0.01,3.91,153.37,0
2025-11-11T00:15:00Z,-22.74,0,142.16,0,40,0,0.1,80.89,49.55,1053.79,0,0,0,0,12.76,0,9.25,0,1.92,0,0.01,3.98,171.61,0
2025-11-11T00:20:00Z,-65.05,0,239.9,0,40,0,0.1,79.85,0.01,1044.04,0,0,0,0,12.55,0,15.33,0,1.92,0,0.01,3.92,295.91,0
2025-11-11T00:25:00Z,-2.97,0,177.63,0,42,0,0.11,82.54,30.38,1035.29,0,0,0,0,12.34,0,11.29,0,2.02,0,0.01,4.06,206.42,0
2025-11-11T00:30:00Z,-18.25,0,220.47,0,42,0,0.11,81.51,0.18,1037.83,0,0,0,0,12.12,0,14.13,0,2.02,0,0.01,4.01,262.12,90.41
2025-11-11T00:35:00Z,-3.84,0,184.45,0,42,0,0.11,82.92,3.21,1076.63,0,0,0,0,12.05,0,11.98,0,2.02,0,0.01,4.07,213.4,0
2025-11-11T00:40:00Z,-23.54,0,205.09,0,40,0,0.11,16.54,47.8,1098.01,0,0,0,0,11.98,0,13.45,0,1.92,0,0.01,0.81,199.45,0
2025-11-11T00:45:00Z,-18.5,0,191.19,0,42,0,0.11,9.74,56.05,1103.61,0,0,0,0,11.91,0,13.02,0,2.02,0,0.01,0.48,185.87,0
2025-11-11T00:50:00Z,-21.25,0,218.48,0,40,0,0.1,8.85,49.93,1094.43,0,0,0,0,11.84,0,14.31,0,1.92,0,0.01,0.43,209.79,0
2025-11-11T00:55:00Z,-22.85,0,234.13,0,40,0,0.11,0,50.27,1098.87,0,0,0,0,11.77,0,15.22,0,1.92,0,0.01,0,220.74,0
2025-11-11T01:00:00Z,-32.95,0,203.53,0,40,0,0.11,0,49.88,1151.71,0,0,0,0,11.7,0,13.19,0,1.92,0,0.01,0,180.42,0
2025-11-11T01:05:00Z,-20.96,0,121.98,0,41,0,0.1,0,50.3,1235.73,0,0,0,0,11.6,0,7.91,0,1.97,0,0.01,0,100.17,76.63
2025-11-11T01:10:00Z,-3.81,0,119.52,0,43,0,0.11,0,36.33,1223.09,0,0,0,0,11.5,0,7.91,0,2.06,0,0.01,0,101.55,94.43
2025-11-11T01:15:00Z,-19.35,0,104.15,0,39,0,0.11,0,48.3,1243.88,0,0,0,0,11.4,0,7.09,0,1.87,0,0.01,0,89.07,76.92
2025-11-11T01:20:00Z,-9.63,0,137.73,0,40,0,0.11,0,25.33,1224.86,0,0,0,0,11.3,0,9.7,0,1.92,0,0.01,0,122.08,76.51
2025-11-11T01:25:00Z,-3,0,166.18,0,43,0,0.11,0,29.78,1179.13,0,0,0,0,11.2,0,11.46,0,2.06,0,0.01,0,149.99,83.29
2025-11-11T01:30:00Z,-28.54,0,200.77,0,40,0,0.11,0,50.31,1145.31,0,0,0,0,11.1,0,14.08,0,1.92,0,0.01,0,190.87,84.23
2025-11-11T01:35:00Z,-36.81,0,157.77,0,41,0,0.11,0,50.41,1189.03,0,0,0,0,11.1,0,10.95,0,1.97,0,0.01,0,142.76,81.13
2025-11-11T01:40:00Z,-31.87,0,51.21,0,40,0,0.11,0,48.44,1295.13,0,0,0,0,11.1,0,3.59,0,1.92,0,0.01,0,50.85,73.29
2025-11-11T01:45:00Z,-11.7,0,64.98,0,43,0,0.11,0,27.94,1274.11,0,0,0,0,11.1,0,4.47,0,2.06,0,0.01,0,61.89,79.42
2025-11-11T01:50:00Z,-20.09,0,113.94,0,42,0,0.1,0,0.51,1249.91,0,0,0,0,11.1,0,7.94,0,2.02,0,0.01,0,103.22,72.85
2025-11-11T01:55:00Z,-21.78,0,107.99,-0.1,42,0,0.11,0,3.17,1237.52,0,0,0,0,11.1,0,7.38,0,2.02,0,0.01,0,97.82,69.7
2025-11-11T02:00:00Z,-14.78,0,108.35,0,43,0,0.11,0,3.15,1230.15,0,0,0,0,11.1,0,7.53,0,2.06,0,0.01,0,99.86,72.56
2025-11-11T02:05:00Z,-15.54,0,109.49,-0.1,41,0,0.11,0,2.49,1228.54,0,0,0,0,11.13,0,7.47,0,1.97,0,0.01,0,98.8,70.48
2025-11-11T02:10:00Z,-6.65,0,111.41,-0.1,44,6,0.11,0,4.83,1222.8,0,0,0,0,11.17,0,7.63,0,2.11,0.2,0.01,0,102.97,71.86
2025-11-11T02:15:00Z,-15.01,0,94.84,-0.1,43,6,0.11,0,8.31,1226.08,0,0,0,0,11.2,0,6.52,0,2.06,0.2,0.01,0,89.91,70.94
2025-11-11T02:20:00Z,-21.26,0,75.52,-0.1,40,5.78,0.11,0,0.05,1239.97,0,0,0,0,11.23,0,4.8,0,1.92,0.19,0.01,0,69.81,65.17
2025-11-11T02:25:00Z,-10.49,-6.7,0,0,43,35.3,0.11,0,5.02,1274.32,0,0,0,0,11.27,0.01,0,0,2.06,1.18,0.01,0,28.99,66.84
2025-11-11T02:30:00Z,-63.22,0,3.78,0,43,35.3,0.11,0,4.92,1326.19,0,0,0,0,11.3,0,0.24,0,2.06,1.18,0.01,0,31.21,63.62
2025-11-11T02:35:00Z,-49.93,-90.01,0,0,41,65.5,0.11,0,0.04,1366.15,0,0,0,0,11.23,0.21,0,0,1.97,2.19,0.01,0,35.67,49.34
2025-11-11T02:40:00Z,-68.99,-90.82,0,0,44,70.2,0.11,0,0.87,1381.25,0,0,0,0,11.17,0.21,0,0,2.11,2.35,0.01,0,38.19,54.75
2025-11-11T02:45:00Z,-96.06,-97.83,0,0,40,70.2,0.1,0,0.09,1412.14,0,0,0,0,11.1,0.22,0,0,1.92,2.35,0.01,0,36.61,49.71
2025-11-11T02:50:00Z,-169.9,-45.07,0,0,41,70.2,0.11,0,0.1,1447.18,0,0,0,0,11.03,0.1,0,0,1.97,2.35,0.01,0,37.71,37.39
2025-11-11T02:55:00Z,-79.05,-214.54,0,0,42,70.2,0.11,0,0.27,1531.39,0,0,0,0,10.97,0.48,0,0,2.02,2.35,0.01,0,34.63,46.42
2025-11-11T03:00:00Z,-144.13,-267.86,0,0,45,70.2,0.11,0,0,1620.54,0,0,0,0,10.9,0.59,0,0,2.16,2.35,0.01,0,35.61,50.59
2025-11-11T03:05:00Z,-180.45,-233.04,0,0,44,70.2,0.1,0,0.16,1640.34,0,0,0,0,10.95,0.5,0,0,2.11,2.35,0.01,0,35.46,47.8
2025-11-11T03:10:00Z,-53.38,-409.83,0,0,45,117.18,0.1,0,7.52,1606.39,0,0,0,0,11,1.1,0,0,2.16,3.92,0.01,0,45.63,59.52
2025-11-11T03:15:00Z,-76.7,-399.45,0,0,43,171.54,0.11,0,2.16,1593.09,0,0,0,0,11.05,1.28,0,0,2.06,5.74,0.01,0,58.77,61.21
2025-11-11T03:20:00Z,-32.69,-477.51,0,0,42,168.85,0.11,0,0.45,1626.19,0,0,0,0,11.1,1.5,0,0,2.02,5.65,0.01,0,55.86,60.41
2025-11-11T03:25:00Z,-57.67,-471.36,0,0,44,171.54,0.11,0,1.73,1639.53,0,0,0,0,11.15,1.5,0,0,2.11,5.74,0.01,0,57.52,59.35
2025-11-11T03:30:00Z,-15.99,-594.99,0,0,40,169.53,0.11,0,0.01,1707.02,0,0,0,0,11.2,1.81,0,0,1.92,5.68,0.01,0,53.27,52.07
2025-11-11T03:35:00Z,-7.09,-599.64,0,0,45,172.88,0.1,0,6.94,1709.26,0,0,0,0,11.23,1.86,0,0,2.16,5.79,0.01,0,55.11,61.33
2025-11-11T03:40:00Z,-20.21,-666.58,0,0,41,172.88,0.11,0,4.33,1787.7,0,0,0,0,11.27,1.98,0,0,1.97,5.79,0.01,0,52.58,56.84
2025-11-11T03:45:00Z,-38.54,-602.92,0,0,42,171.54,0.11,0,1.49,1766.55,0,0,0,0,11.3,1.82,0,0,2.02,5.74,0.01,0,53.2,61.59
2025-11-11T03:50:00Z,-132.14,-466.32,0,0,42,169.53,0.11,0,0.42,1690.3,0,0,0,0,11.33,1.43,0,0,2.02,5.68,0.01,0,57.65,60.72
2025-11-11T03:55:00Z,-52.9,-509.09,0,0,43,172.21,0.11,0,1.92,1646.68,0,0,0,0,11.37,1.61,0,0,2.06,5.77,0.01,0,57.42,60.82
2025-11-11T04:00:00Z,-76.71,-458.08,0,-0.1,40,168.85,0.11,0,0.4,1614.09,0,0,0,0,11.4,1.43,0,0,1.92,5.65,0.01,0,57.3,59.57
2025-11-11T04:05:00Z,-22.95,-511.74,0,-0.1,41,168.18,0.11,0,0.21,1628.35,0,0,0,0,11.25,1.59,0,0,1.97,5.63,0.01,0,55.37,59.7
2025-11-11T04:10:00Z,-55.83,-515.46,0,-0.1,44,172.21,0.11,0,4.7,1643.69,0,0,0,0,11.1,1.64,0,0,2.11,5.77,0.01,0,57.97,63.49
2025-11-11T04:15:00Z,-60.85,-500.34,0,-0.1,44,172.88,0.1,0,4.72,1641.77,0,0,0,0,10.95,1.59,0,0,2.11,5.79,0.01,0,58.19,76.36
2025-11-11T04:20:00Z,-45.98,-516.51,0,0,40,166.84,0.11,0,0.22,1646.19,0,0,0,0,10.8,1.58,0,0,1.92,5.59,0.01,0,55.11,61.27
2025-11-11T04:25:00Z,-7.9,-609.87,0,0,41,168.18,0.11,0,0.35,1720.88,0,0,0,0,10.65,1.84,0,0,1.97,5.63,0.01,0,52.67,60.92
2025-11-11T04:30:00Z,-12.78,-596.06,0,0,40,162.81,0.11,0,0,1729.28,0,0,0,0,10.5,1.76,0,0,1.92,5.45,0.01,0,50.95,58.09
2025-11-11T04:35:00Z,-0.47,-591.59,0,0,41,167.51,0.11,0,5.95,1708,0,0,0,0,10.43,1.79,0,0,1.97,5.61,0.01,0,52.28,50.31
2025-11-11T04:40:00Z,-59.48,-467.44,0,0,43,134.63,0.11,0,9.16,1669.6,0,0,0,0,10.37,1.29,0,0,2.06,4.51,0.01,0,47.71,63.72
2025-11-11T04:45:00Z,-25.69,-430.3,0,0,41,73.56,0.11,0,1.05,1665.37,0,0,0,0,10.3,0.92,0,0,1.97,2.46,0.01,0,31.87,62.83
2025-11-11T04:50:00Z,-0.86,-461.93,0,0,41,46.04,0.11,0,7.29,1715.44,0,0,0,0,10.23,0.84,0,0,1.97,1.54,0.01,0,23.84,63.3
2025-11-11T04:55:00Z,-21.39,-468.44,0,0,40,40.67,0.11,0,1.25,1750.77,0,0,0,0,10.17,0.81,0,0,1.92,1.36,0.01,0,22.13,61.84
2025-11-11T05:00:00Z,-17.45,-455.84,0,0,42,40.67,0.11,0,2.32,1731.57,0,0,0,0,10.1,0.81,0,0,2.02,1.36,0.01,0,23.02,56.87
2025-11-11T05:05:00Z,-0.16,-499.22,0,0,45,40.67,0.11,0,91.37,1684.28,0,0,0,0,10.02,0.89,0,0,2.16,1.36,0.01,0,23.21,63.39
2025-11-11T05:10:00Z,-0.26,-472.18,0,0,61,39.33,0.11,0,64.87,1644.29,0,0,0,0,9.93,0.97,0,0,2.93,1.32,0.01,0,29.44,90.72
2025-11-11T05:15:00Z,-3.13,-459.83,0,0,62,40,0.11,0,81.65,1645.96,0,0,0,0,9.85,0.95,0,0,2.98,1.34,0.01,0,29.61,79.05
2025-11-11T05:20:00Z,-2.52,-445.01,0,0,58,40.67,0.1,0,106,1600.19,0,0,0,0,9.77,0.9,0,0,2.78,1.36,0.01,0,28.72,70.9
2025-11-11T05:25:00Z,-12.45,-376.43,0,0,52,40,0.1,0,103.86,1564.53,0,0,0,0,9.68,0.85,0,0,2.5,1.34,0.01,0,26.2,72.05
2025-11-11T05:30:00Z,-4.15,-314.33,0,0,54,40,0.11,0,34.68,1576.37,0,0,0,0,9.6,0.73,0,0,2.59,1.34,0.01,0,27.79,66.81
2025-11-11T05:35:00Z,-21.52,-335.5,0,-0.1,58,40.67,0.11,0,68.86,1577.22,0,2.05,0,0,9.63,0.8,0,0,2.78,1.36,0.01,0,28.96,67.96
2025-11-11T05:40:00Z,-14.35,-345.2,0,-0.1,60,40.67,0.11,0,64.98,1595.59,0.17,4.1,0,0,9.67,0.83,0,0,2.88,1.36,0.01,0,29.15,72.29
2025-11-11T05:45:00Z,-24.94,-262.99,0,-0.1,58,40,0.11,0,24.81,1579.54,0.36,6.14,0,0,9.7,0.64,0,0,2.78,1.34,0.01,0,29.49,72.3
2025-11-11T05:50:00Z,-34.66,-217.6,0,-0.1,56,40,0.11,0,43.04,1541.31,1,8.19,0,0,9.73,0.52,0,0,2.69,1.34,0.01,0,29.32,69.02
2025-11-11T05:55:00Z,-0.72,-223.34,0,0,59,40,0.1,0,38.43,1539.23,1.63,10.24,0,0,9.77,0.56,0,0,2.83,1.34,0.01,0,29.67,75.47
2025-11-11T06:00:00Z,-13.8,-224.27,0,0,57,39.33,0.11,0,29.16,1535.25,5.53,12.29,0,0,9.8,0.55,0,0,2.74,1.32,0.01,0,29.26,67.69
2025-11-11T06:05:00Z,-39.55,-266.65,0,0,51,40,0.11,0,145.45,1514.48,9.05,26.72,0,0,9.92,0.57,0,0,2.45,1.34,0.01,0,26.09,64.27
2025-11-11T06:10:00Z,-28.94,-197.22,0,0,51,40,0.11,0,78.01,1510.17,9.58,41.15,0,0,10.03,0.44,0,0,2.45,1.34,0.01,0,26.74,59.3
2025-11-11T06:15:00Z,-0.19,-210.82,0,0,60,40,0.11,0,74.41,1499.4,15.02,55.58,0,0,10.15,0.53,0,0,2.88,1.34,0.01,0,28.94,39.25
2025-11-11T06:20:00Z,-0.19,-216.54,0,0,65,40,0.11,0,95.54,1466.17,18.69,70,0,0,10.27,0.57,0,0,3.12,1.34,0.01,0,30.35,101.02
2025-11-11T06:25:00Z,-2.58,-244.35,0,0,57,40,0.11,0,112.45,1443.51,29.44,84.43,0,0,10.38,0.59,0,0,2.74,1.34,0.01,0,27.54,32.28
2025-11-11T06:30:00Z,-0.18,-192.86,0,0,64,40,0.11,0,65.74,1408.83,38.49,98.86,0,0,10.5,0.53,0,0,3.07,1.34,0.01,0,30.65,123.45
2025-11-11T06:35:00Z,-1.33,-291.35,0,0,66,40,0.1,0,176.1,1392.84,46.06,124.65,5.03,0,10.7,0.76,0,0,3.17,1.34,0.01,0,28.97,146.12
2025-11-11T06:40:00Z,-5.96,-330.2,0,0,81,39.33,0.11,131.64,70.56,1375.06,58.01,150.44,7.73,0,10.9,2.2,0,0,3.89,1.32,0.01,6.47,72.48,148.69
2025-11-11T06:45:00Z,-45.65,-379.03,0,0,96,40,0.11,168.6,132.42,1349.87,77.7,176.22,14.1,0,11.1,2.89,0,0,4.61,1.34,0.01,8.29,84.22,138.04
2025-11-11T06:50:00Z,-5.31,-449.71,0,-0.1,105,40,0.11,171.54,155.58,1298.79,116.74,202.01,11.16,0,11.3,3.53,0,0,5.04,1.34,0.01,8.43,82.84,138.04
2025-11-11T06:55:00Z,-3.04,-346.1,0,0,92,40,0.11,163.13,113.38,1287.64,90.29,227.8,11.86,0,11.5,2.67,0,0,4.41,1.34,0.01,8.02,80.05,63.87
2025-11-11T07:00:00Z,-2.43,-357.81,0,0,74,40,0.11,162.69,50.94,1262.8,129.34,253.59,10.25,0,11.7,2.68,0,0,3.55,1.34,0.01,7.99,75.95,3.36
2025-11-11T07:05:00Z,-54.07,-321.1,0,0,64,40,0.11,164.45,24.82,1276.7,164.77,291.93,16.47,0,11.88,2.31,0,0,3.07,1.34,0.01,8.08,74,0
2025-11-11T07:10:00Z,-50.41,-270.68,0,0,59,40,0.11,115.5,0.11,1271.84,148.08,330.27,15.85,0,12.07,1.63,0,0,2.83,1.34,0.01,5.68,60.02,0
2025-11-11T07:15:00Z,-72.32,-276.32,0,0,51,40.67,0.11,95.19,0,1285.77,170.85,368.61,7.33,0,12.25,1.43,0,0,2.45,1.36,0.01,4.68,50.97,0
2025-11-11T07:20:00Z,-76.81,-342.04,0,-0.1,54,40,0.11,46.13,0,1309.49,207.1,406.96,6.31,0,12.43,1.28,0,0,2.59,1.34,0.01,2.27,35.92,-8.75
2025-11-11T07:25:00Z,-50.21,-356.19,0,0,48,39.33,0.11,15.9,0,1242.16,325.33,445.3,98.44,0,12.62,0.94,0,0,2.3,1.32,0.01,0.78,24.34,-10
2025-11-11T07:30:00Z,-30.58,-256.5,0,0,52,40.67,0.11,9.03,0.26,1157.47,280.69,483.64,213.96,0,12.8,0.72,0,0,2.5,1.36,0.01,0.44,24.81,-10
2025-11-11T07:35:00Z,-1.19,-329.98,0,-0.1,62,40,0.11,9.58,6.01,1124.46,243.99,518.3,182.14,0,12.8,1.06,0,0,2.98,1.34,0.01,0.47,26.74,-11.11
2025-11-11T07:40:00Z,-5.02,-349.47,0,0,64,40,0.11,0,16.16,1092.2,290.78,552.96,225.11,32.59,12.8,1.03,0,0,3.07,1.34,0.01,0,23.91,-11.66
2025-11-11T07:45:00Z,-11.88,-328.37,0,0,59,40,0.11,0,4.1,1054.82,310.35,587.61,291.81,100.04,12.8,0.93,0,0,2.83,1.34,0.01,0,22.68,-15.08
2025-11-11T07:50:00Z,-7.52,-163.81,0,0,55,40,0.11,0,1.95,956.19,223.47,622.27,366.11,162.58,12.8,0.51,0,0,2.64,1.34,0.01,0,24.13,-20
2025-11-11T07:55:00Z,-169.21,0,65.87,0,54,40,0.11,0,0,898.3,175.65,656.92,463.86,113.19,12.8,0,3.34,0,2.59,1.34,0.01,0,54.91,-20
2025-11-11T08:00:00Z,-79.32,-45.44,0,0,63,40.67,0.11,0,13.03,811.53,248.36,691.58,559.89,90.75,12.8,0.17,0,0,3.02,1.36,0.01,0,29.06,-11.79
2025-11-11T08:05:00Z,-78.5,-230.46,0,0,59,40.67,0.11,0,0.23,955.04,306.31,739.21,407.27,41.78,12.87,0.71,0,0,2.83,1.36,0.01,0,23.37,-10
2025-11-11T08:10:00Z,-71.4,-560.29,0,0,40,40,0.11,0,0,1113.67,397.33,786.85,250.96,0.4,12.93,1.15,0,0,1.92,1.34,0.01,0,14.54,-10
2025-11-11T08:15:00Z,-54.36,-640.15,0,0,40,40,0.11,0,0,1124.57,452.92,834.48,286.85,13.59,13,1.26,0,0,1.92,1.34,0.01,0,13.38,-10.51
2025-11-11T08:20:00Z,-15.5,-685.82,0,0,40,41.34,0.11,0,6.18,1124.13,446.06,882.12,272.54,19.57,13.07,1.37,0,0,1.92,1.38,0.01,0,12.67,-11.11
2025-11-11T08:25:00Z,-5.48,-710.88,0,0,40,40,0.1,0,9.45,1123.06,426.72,929.75,242.22,43.38,13.13,1.42,0,0,1.92,1.34,0.01,0,11.98,-11.11
2025-11-11T08:30:00Z,-5.34,-769.97,0,0,40,39.33,0.11,0,5.4,1143.24,438.34,977.38,259.63,43.47,13.2,1.5,0,0,1.92,1.32,0.01,0,11.2,-11.11
2025-11-11T08:35:00Z,-33.69,-725.32,0,0,40,40.67,0.1,0,0.45,1157.81,437.11,1000.28,249.87,42.97,13.33,1.42,0,0,1.92,1.36,0.01,0,11.67,-11.66
2025-11-11T08:40:00Z,-7.27,-705.16,0,0,44,40.67,0.1,0,13.47,1094.75,391.24,1023.18,273.92,108.51,13.47,1.55,0,0,2.11,1.36,0.01,0,12.23,-15.08
2025-11-11T08:45:00Z,-0.14,-488.11,0,0,46,40,0.11,0,32.34,946.03,240.94,1046.08,409.45,239.05,13.6,1.33,0,0,2.21,1.34,0.01,0,14.33,-14.27
2025-11-11T08:50:00Z,-0.14,-502.49,0,0,47,40,0.11,0,44.01,913.64,255.36,1068.97,391.53,213.26,13.73,1.39,0,0,2.26,1.34,0.01,0,14.21,-10
2025-11-11T08:55:00Z,-48,-732.51,0,0,40,40,0.1,0,0.22,1096.48,370.12,1091.87,171.96,67.04,13.87,1.55,0,0,1.92,1.34,0.01,0,11.1,-10.84
2025-11-11T09:00:00Z,-104.63,-632.32,0,0,40,40.67,0.11,0,0,1015,392.85,1114.77,289.21,94.48,14,1.4,0,0,1.92,1.36,0.01,0,12.16,-10.34
2025-11-11T09:05:00Z,-93.48,-629.15,0,0,40,40,0.11,0,0,984.06,397.69,1132.42,281.48,93.13,14.05,1.41,0,0,1.92,1.34,0.01,0,11.93,-10
2025-11-11T09:10:00Z,-80.28,-590.43,0,0,40,40.67,0.11,0,0,916.92,384.91,1150.07,301.63,104.33,14.1,1.4,0,0,1.92,1.36,0.01,0,12.14,-10
2025-11-11T09:15:00Z,-136.48,-649.43,0,-0.1,40,40.67,0.1,0,0,966,384.62,1167.72,189.34,109.94,14.15,1.49,0,0,1.92,1.36,0.01,0,11.89,-10
2025-11-11T09:20:00Z,-12.13,-780.52,0,-0.1,40,40.67,0.11,0,0.75,907.73,399.39,1185.37,232.59,114.8,14.2,1.85,0,0,1.92,1.36,0.01,0,9.7,-11.11
2025-11-11T09:25:00Z,-0.17,-680.4,0,0,44,40.67,0.11,0,23.93,797.01,356.86,1203.02,328.2,183.22,14.25,1.88,0,0,2.11,1.36,0.01,0,10.79,-10.22
2025-11-11T09:30:00Z,-95.85,-569.46,0,0,42,40.67,0.11,0,11.4,787.03,335.69,1220.67,339.43,77.75,14.3,1.58,0,0,2.02,1.36,0.01,0,12.19,-10
2025-11-11T09:35:00Z,-109.35,-643.25,0,0,39,40.67,0.1,0,4.05,806.7,355.27,1266.33,369.38,55.62,14.4,1.67,0,0,1.87,1.36,0.01,0,10.69,-11.66
2025-11-11T09:40:00Z,-102.24,-569.88,0,0,42,40.67,0.11,0,1.45,737.6,303.82,1311.99,429.46,157.8,14.5,1.71,0,0,2.02,1.36,0.01,0,11.36,-11.66
2025-11-11T09:45:00Z,-109.75,-581.51,0,0,40,40.67,0.11,0,0,724.51,308.13,1357.64,441.65,170.01,14.6,1.72,0,0,1.92,1.36,0.01,0,10.59,-11.66
2025-11-11T09:50:00Z,-115.36,-620.37,0,0,40,40.67,0.11,0,0,724.33,302.7,1403.3,413.9,178.21,14.7,1.84,0,0,1.92,1.36,0.01,0,9.78,-15.01
2025-11-11T09:55:00Z,-0.16,-660.42,0,0,45,40,0.11,0,26.96,648.36,264.88,1448.96,439.06,157.39,14.8,2.26,0,0,2.16,1.34,0.01,0,8.25,-11.11
2025-11-11T10:00:00Z,-65.66,-726.69,0,0,46,40,0.11,0,29.34,720.21,324.77,1494.62,351.8,212.8,14.9,2.23,0,0,2.21,1.34,0.01,0,8.56,-10
2025-11-11T10:05:00Z,-103.27,-783.74,0,0,43,40.67,0.11,0,10.06,747.21,392,1499.96,365.85,139.12,14.92,2.18,0,0,2.06,1.36,0.01,0,8.13,-11.11
2025-11-11T10:10:00Z,-105.35,-678.24,0,0,45,40,0.11,0,11.24,696.82,368.32,1505.3,322.79,147.07,14.93,2.05,0,0,2.16,1.34,0.01,0,9.29,-10
2025-11-11T10:15:00Z,-179.91,-656.43,0,0,40,40.67,0.1,0,0,731.56,401.05,1510.63,311.13,134.16,14.95,1.78,0,0,1.92,1.36,0.01,0,9.59,-13.59
2025-11-11T10:20:00Z,-123,-519.9,0,0,40,40.67,0.11,0,0.08,609.59,337.36,1515.97,506.3,213.92,14.97,1.66,0,0,1.92,1.36,0.01,0,10.26,-13.32
2025-11-11T10:25:00Z,-229.27,-404.18,0,0,40,40,0.11,0,0,603.07,303.45,1521.31,487.56,254.16,14.98,1.34,0,0,1.92,1.34,0.01,0,12.34,-13.07
2025-11-11T10:30:00Z,-110.73,-528.79,0,0,44,40,0.11,0,1.45,596.37,317.56,1526.65,517.02,217.24,15,1.83,0,0,2.11,1.34,0.01,0,10.36,-11.11
2025-11-11T10:35:00Z,-156.36,-651.13,0,0,41,40.67,0.11,0,2.46,670.42,389.77,1543.04,354.28,113.68,15.05,1.9,0,0,1.97,1.36,0.01,0,9.18,-11.66
2025-11-11T10:40:00Z,-150.49,-635.69,0,0,43,40.67,0.11,0,0.78,668.02,365.97,1559.42,369.02,214.72,15.1,1.95,0,0,2.06,1.36,0.01,0,9.4,-10
2025-11-11T10:45:00Z,-129.3,-713.95,0,0,40,40.67,0.11,0,0,671.22,385.21,1575.81,370.87,136,15.15,2.06,0,0,1.92,1.36,0.01,0,7.85,-16.14
2025-11-11T10:50:00Z,-165.68,-470.75,0,-0.1,43,40.67,0.1,0,1.56,564.67,277.63,1592.2,464.71,269.99,15.2,1.74,0,0,2.06,1.36,0.01,0,10.77,-16.11
2025-11-11T10:55:00Z,-180.58,-419.97,0,0,40,40.67,0.11,0,0,548.7,250.95,1608.59,492.24,278.63,15.25,1.57,0,0,1.92,1.36,0.01,0,10.93,-19.9
2025-11-11T11:00:00Z,-182.41,-387.75,0,0,43,40.67,0.11,0,1.27,535.93,240.95,1624.98,531.09,326.08,15.3,1.54,0,0,2.06,1.36,0.01,0,11.82,-18.76
2025-11-11T11:05:00Z,-16.66,-537.17,0,-0.1,42,40.67,0.11,0,4.43,508.94,240.35,1636.31,439.86,329.58,15.57,2.17,0,0,2.02,1.36,0.01,0,7.57,-19.08
2025-11-11T11:10:00Z,-49.8,-535.08,0,0,45,40,0.11,0,17.4,518.39,240.74,1647.65,487.72,315.14,15.83,2.18,0,0,2.16,1.34,0.01,0,8.28,-17.36
2025-11-11T11:15:00Z,-0.14,-584.13,0,0,45,40.67,0.11,0,21.01,466.66,241.22,1658.98,419.13,298.51,16.1,2.53,0,0,2.16,1.36,0.01,0,6.34,-12.53
2025-11-11T11:20:00Z,-202.93,-431.58,0,0,40,40.67,0.11,0,0,437.86,301.02,1670.31,389.24,263.52,16.37,1.73,0,0,1.92,1.36,0.01,0,10.07,-16.76
2025-11-11T11:25:00Z,-55.58,-511.46,0,0,44,40.67,0.11,0,1.77,422.4,250.17,1681.65,406.27,337.12,16.63,2.34,0,0,2.11,1.36,0.01,0,7.27,-14
2025-11-11T11:30:00Z,-58.83,-462.86,0,0,44,40.67,0.11,0,5.22,437.7,252.18,1692.98,349.38,399.04,16.9,2.07,0,0,2.11,1.36,0.01,0,8.7,-13.27
2025-11-11T11:35:00Z,-115.09,-346.33,0,0,39,40,0.11,0,0,439.68,97.25,1712.8,390.92,467.65,16.83,1.81,0,0,1.87,1.34,0.01,0,9.05,-12.63
2025-11-11T11:40:00Z,-78.82,-356.66,0,0,40,40,0.11,0,0,401.34,95.72,1732.62,369.64,437.68,16.77,2.02,0,0,1.92,1.34,0.01,0,7.99,-16.52
2025-11-11T11:45:00Z,-73.45,-325.47,0,0,41,40,0.11,0,0.56,399.87,40.73,1752.44,418.23,524.96,16.7,2.06,0,0,1.97,1.34,0.01,0,7.99,-16.53
2025-11-11T11:50:00Z,-67.92,-357.23,0,0,42,40,0.11,0,5.04,415.08,23.23,1772.26,380.8,553.54,16.63,2.29,0,0,2.02,1.34,0.01,0,6.9,-16.83
2025-11-11T11:55:00Z,-63.99,-321.38,0,0,46,40.67,0.11,0,13.25,372.07,22.52,1792.08,398.26,548.9,16.57,2.32,0,0,2.21,1.36,0.01,0,7.9,-16.83
2025-11-11T12:00:00Z,-75.89,-363.55,0,0,44,39.33,0.1,0,2.07,397.47,27.56,1811.9,407.35,441.73,16.5,2.45,0,0,2.11,1.32,0.01,0,6.3,-12.97
2025-11-11T12:05:00Z,-108.5,-355.47,0,0,41,40,0.11,0,0.26,357.97,88.68,1821.15,352.89,480.36,16.38,2.23,0,0,1.97,1.34,0.01,0,6.89,-11.66
2025-11-11T12:10:00Z,-56.43,-491.64,0,0,44,40,0.11,0,7.43,379.93,118.2,1830.39,247.31,447.04,16.27,2.88,0,0,2.11,1.34,0.01,0,3.68,-11.66
2025-11-11T12:15:00Z,-56.91,-584.01,0,0,44,40.67,0.11,0,6.36,442.67,116.12,1839.63,305.57,458.46,16.15,3.13,0,0,2.11,1.36,0.01,0,2.29,-11.66
2025-11-11T12:20:00Z,-74.66,-496.18,0,0,40,40,0.11,0,0.29,371.65,99.84,1848.88,349.8,473.35,16.03,2.94,0,0,1.92,1.34,0.01,0,2.16,-15.65
2025-11-11T12:25:00Z,-181.99,-325.81,0,0,41,40,0.11,0,0.15,370.95,35.91,1858.12,276.49,545.66,15.92,2.21,0,0,1.97,1.34,0.01,0,7.19,-16.1
2025-11-11T12:30:00Z,-183.87,-300.89,0,0,43,40.67,0.11,0,0.04,348.35,21.51,1867.37,339.8,473.51,15.8,2.28,0,0,2.06,1.36,0.01,0,7.55,-12.98
2025-11-11T12:35:00Z,-210.91,-313.16,0,0,41,40.67,0.11,0,0.01,311.52,83.53,1870.41,318,398.29,16.03,2.19,0,0,1.97,1.36,0.01,0,7.54,-12.76
2025-11-11T12:40:00Z,-116.63,-408.63,0,0,40,40.67,0.11,0,0,311.12,98.27,1873.46,299.42,389.73,16.27,2.74,0,0,1.92,1.36,0.01,0,3.57,-15.69
2025-11-11T12:45:00Z,-84.29,-401.79,0,0,43,40,0.11,0,0.18,318.45,41.53,1876.51,306.62,547.64,16.5,3.09,0,0,2.06,1.34,0.01,0,2.09,-12.58
2025-11-11T12:50:00Z,-149.52,-419.68,0,0,47,40.67,0.11,0,11.32,318.8,96.97,1879.56,328.72,476.69,16.73,2.95,0,0,2.26,1.36,0.01,0,4.4,-10.08
2025-11-11T12:55:00Z,-118.38,-636.97,0,-0.1,40,40.67,0.11,0,0.86,410.6,188.2,1882.6,166.99,359.54,16.97,3.08,0,0,1.92,1.36,0.01,0,1.39,-10
2025-11-11T13:00:00Z,-135.37,-664.08,0,0,40,40.67,0.11,0,0,431.06,210.75,1885.65,85.95,359.34,17.2,3.02,0,0,1.92,1.36,0.01,0,1.77,-15.31
2025-11-11T13:05:00Z,-186.59,-273.35,0,0,41,40,0.11,0,0.12,285.88,58.69,1888.71,335.71,541.36,17.18,2.13,0,0,1.97,1.34,0.01,0,7.68,-11.48
2025-11-11T13:10:00Z,-195.12,-427.95,0,0,40,40.67,0.11,0,0,368.8,117.83,1891.78,156.45,446.37,17.17,2.48,0,0,1.92,1.36,0.01,0,5.28,-11.33
2025-11-11T13:15:00Z,-188.88,-494.67,0,0,40,40,0.11,0,0,399.13,121.32,1894.84,231.18,364.67,17.15,2.69,0,0,1.92,1.34,0.01,0,3.81,-16.59
2025-11-11T13:20:00Z,-189.63,-290.32,0,0,41,40,0.11,0,0.63,304.92,33.85,1897.9,291.9,541.27,17.13,2.29,0,0,1.97,1.34,0.01,0,6.7,-11.66
2025-11-11T13:25:00Z,-221.51,-387.81,0,0,40,40.67,0.11,0,0,357.31,101.01,1900.96,213.9,459.29,17.12,2.37,0,0,1.92,1.36,0.01,0,6.05,-16.99
2025-11-11T13:30:00Z,-279.46,-219.26,0,0,40,40.67,0.11,0,0,325.82,29.91,1904.02,311.42,456.89,17.1,1.65,0,0,1.92,1.36,0.01,0,10.66,-18.08
2025-11-11T13:35:00Z,-222.97,-267.29,0,0,45,40.67,0.11,0,2.93,318.24,23.41,1893.53,299.89,544.99,17.03,2.19,0,0,2.16,1.36,0.01,0,8.75,-16.76
2025-11-11T13:40:00Z,-158.74,-300.07,0,0,43,40,0.11,0,2.08,303.05,22.67,1883.03,361.76,514.28,16.97,2.49,0,0,2.06,1.34,0.01,0,6.01,-16.52
2025-11-11T13:45:00Z,-149.71,-326.42,0,0,43,40,0.1,0,1.13,317.11,21.87,1872.53,364.98,524.09,16.9,2.63,0,0,2.06,1.34,0.01,0,5.14,-14
2025-11-11T13:50:00Z,-88.08,-436.15,0,0,45,40,0.11,0,12.15,298.68,71.17,1862.04,326.68,477.67,16.83,3.27,0,0,2.16,1.34,0.01,0,1.54,-17.59
2025-11-11T13:55:00Z,-90.31,-380.24,0,0,46,40,0.11,0,13.19,297.18,30.54,1851.54,298.05,512.17,16.77,3.16,0,0,2.21,1.34,0.01,0,2.58,-18.7
2025-11-11T14:00:00Z,-127.03,-274.81,0,0,40,40,0.11,0,0.32,256.02,19.76,1841.05,321.34,489.44,16.7,2.52,0,0,1.92,1.34,0.01,0,4.99,-16.77
2025-11-11T14:05:00Z,-87.7,-319.12,0,0,45,40.67,0.11,0,16.27,258.15,21.56,1833.82,289.78,498.52,16.68,2.95,0,0,2.16,1.36,0.01,0,3.84,-11.66
2025-11-11T14:10:00Z,-97.12,-457.84,0,0,44,39.33,0.11,0,5.64,308.03,97.12,1826.59,198.7,466.77,16.67,3.18,0,0,2.11,1.32,0.01,0,1.72,-11.66
2025-11-11T14:15:00Z,-205.78,-353.37,0,0,40,39.33,0.11,0,0,319.61,102.61,1819.37,241.91,453.53,16.65,2.28,0,0,1.92,1.32,0.01,0,6.53,-14
2025-11-11T14:20:00Z,-317.45,-134.13,0,0,40,40,0.11,0,0,259.11,75.59,1812.14,289.07,414.99,16.63,1.06,0,0,1.92,1.34,0.01,0,14.94,-18.04
2025-11-11T14:25:00Z,-134.13,-244.91,0,0,43,40,0.11,0,0.65,264.34,27.53,1804.91,303.8,465.32,16.62,2.22,0,0,2.06,1.34,0.01,0,7.9,-11.66
2025-11-11T14:30:00Z,-117.51,-355.16,0,0,45,40,0.11,0,9.1,274.75,91.24,1797.68,283.74,475.09,16.6,2.71,0,0,2.16,1.34,0.01,0,5.38,-10.44
2025-11-11T14:35:00Z,-183.9,-551.45,0,0,45,40,0.11,0,15,415.77,194.76,1778.84,148.65,278.24,16.62,2.72,0,0,2.16,1.34,0.01,0,5.37,-14.87
2025-11-11T14:40:00Z,-184.74,-293.14,0,0,41,40,0.11,0,0.03,321.6,77.85,1760,308.71,437.52,16.63,2.02,0,0,1.97,1.34,0.01,0,8.8,-14.75
2025-11-11T14:45:00Z,-272.31,-159.27,0,0,42,40,0.11,0,0.01,309.57,45.3,1741.16,350.4,439.16,16.65,1.23,0,0,2.02,1.34,0.01,0,14.68,-19.98
2025-11-11T14:50:00Z,-206.89,-201.31,0,0,45,40,0.11,0,4.6,292.46,22.81,1722.32,368.96,464.2,16.67,1.74,0,0,2.16,1.34,0.01,0,12.31,-22.22
2025-11-11T14:55:00Z,-299.08,0,17.1,0,39,39.33,0.11,0,0,220.16,18.46,1703.48,454.26,549.27,16.68,0,0.83,0,1.87,1.32,0.01,0,28.32,-16.25
2025-11-11T15:00:00Z,-193.54,-225.38,0,0,40,40.67,0.11,0,0,356.38,18.5,1684.64,283.05,461.56,16.7,1.63,0,0,1.92,1.36,0.01,0,11.58,-17.67
2025-11-11T15:05:00Z,-292.03,-90.01,0,0,40,40,0.11,0,0,343.01,18.68,1665.81,315.92,542.37,16.83,0.67,0,0,1.92,1.34,0.01,0,18.08,-11.66
2025-11-11T15:10:00Z,-440.98,-85.7,0,0,40,40,0.11,0,0,411.76,88.62,1646.97,288.81,466.01,16.97,0.48,0,0,1.92,1.34,0.01,0,19.64,-32.01
2025-11-11T15:15:00Z,-481.08,0,194.79,0,44,40,0.11,0,0.19,240.61,20.1,1628.13,494.42,544.65,17.1,0,9.66,0,2.11,1.34,0.01,0,121.31,-17
2025-11-11T15:20:00Z,-237.73,-103.4,0,0,43,40,0.11,0,8.55,337.59,18.25,1609.3,400.34,546.69,17.23,0.79,0,0,2.06,1.34,0.01,0,18.34,-10.46
2025-11-11T15:25:00Z,-321.93,-280.45,0,0,40,39.33,0.11,0,0,462.67,171.14,1590.46,203.5,279.79,17.37,1.28,0,0,1.92,1.32,0.01,0,13.88,-11.66
2025-11-11T15:30:00Z,-394.91,-138.37,0,0,40,40,0.11,0,0,462.51,124.32,1571.62,236.32,371.98,17.5,0.68,0,0,1.92,1.34,0.01,0,18.21,-16.48
2025-11-11T15:35:00Z,-332.74,0,10.04,0,43,40,0.11,0,4.99,353.01,33.66,1547.39,361.37,534.81,17.42,0,0.47,0,2.06,1.34,0.01,0,27.69,-16.81
2025-11-11T15:40:00Z,-384.55,-12.12,0,0,41,40.67,0.11,0,1.77,343.54,124.36,1523.16,345.3,428.54,17.33,0.07,0,0,1.97,1.36,0.01,0,23.33,-15.08
2025-11-11T15:45:00Z,-357.19,-10.2,0,0,43,40,0.11,0,2.47,323.52,137.75,1498.93,349.33,405.68,17.25,0.06,0,0,2.06,1.34,0.01,0,23.92,-10.38
2025-11-11T15:50:00Z,-296.08,-333.72,0,0,41,40.67,0.11,0,3.8,469.6,281.81,1474.7,207.96,239.96,17.17,1.33,0,0,1.97,1.36,0.01,0,14.31,-9.47
2025-11-11T15:55:00Z,-288.44,-429.02,0,0,44,40,0.11,0,4.85,540.67,308.46,1450.47,194.01,232.15,17.08,1.58,0,0,2.11,1.34,0.01,0,13.47,-9.15
2025-11-11T16:00:00Z,-432.21,-226.71,0,0,40,40,0.11,0,0,499.65,302.54,1426.24,149.31,228.35,17,0.84,0,0,1.92,1.34,0.01,0,17.65,-14
2025-11-11T16:05:00Z,-339.44,0,7.85,0,41,40,0.11,0,0.01,340.31,176.42,1396.12,300.9,363.1,16.97,0,0.39,0,1.97,1.34,0.01,0,26.99,-14
2025-11-11T16:10:00Z,-303.76,-96.31,0,0,45,40.67,0.11,0,1.03,299.1,188.57,1366,342.11,229,16.93,0.59,0,0,2.16,1.36,0.01,0,22.88,-11.11
2025-11-11T16:15:00Z,-197.48,-342.22,0,0,45,40,0.11,0,8.58,437.85,348.72,1335.87,233.35,173.36,16.9,1.36,0,0,2.16,1.34,0.01,0,15.34,-11.11
2025-11-11T16:20:00Z,-312.65,-284.26,0,0,43,40,0.11,0,0.43,459.77,402,1305.75,193.97,105.68,16.87,1.03,0,0,2.06,1.34,0.01,0,17.3,-11.11
2025-11-11T16:25:00Z,-298.48,-227.51,0,0,44,40.67,0.11,0,1.78,453.63,373.44,1275.63,191.81,146.89,16.83,0.87,0,0,2.11,1.36,0.01,0,18.86,-9.49
2025-11-11T16:30:00Z,-149.4,-441.42,0,0,44,40,0.11,0,21.98,494.66,410.67,1245.51,114.2,93.47,16.8,1.51,0,0,2.11,1.34,0.01,0,14.03,-11.66
2025-11-11T16:35:00Z,-203.46,-166.97,0,0,47,40,0.11,0,14.86,395.14,327.76,1210.59,248.38,198.72,16.78,0.73,0,0,2.26,1.34,0.01,0,20.7,-11.11
2025-11-11T16:40:00Z,-291.99,-181.59,0,0,43,40,0.11,0,5.94,445.27,390.53,1175.67,173.11,85.11,16.77,0.67,0,0,2.06,1.34,0.01,0,20.21,-9.35
2025-11-11T16:45:00Z,-155.65,-364.91,0,0,43,40,0.11,0,13.05,523.12,409.27,1140.75,77.79,80.88,16.75,1.21,0,0,2.06,1.34,0.01,0,16.01,-8.91
2025-11-11T16:50:00Z,-136.47,-360.92,0,0,40,40,0.11,0,3.29,530.38,407.32,1105.83,87.62,76.28,16.73,1.15,0,0,1.92,1.34,0.01,0,15.55,-8.5
2025-11-11T16:55:00Z,-98.57,-438.29,0,0,43,39.33,0.11,0,8.29,599.99,417.18,1070.91,64.38,59.9,16.72,1.34,0,0,2.06,1.32,0.01,0,14.96,-8.5
2025-11-11T17:00:00Z,-112.76,-327.24,0,0,40,40.67,0.11,0,1.77,559.4,404.94,1035.99,112.7,67.8,16.7,1.03,0,0,1.92,1.36,0.01,0,16.51,-9.01
2025-11-11T17:05:00Z,-109.54,-279.53,0,0,45,40.67,0.11,0,9.74,531.94,405.54,991.8,97.77,62.17,16.68,0.95,0,0,2.16,1.36,0.01,0,18.88,-19.56
2025-11-11T17:10:00Z,-142.58,0,115.86,0,63,41.34,0.11,0,22.09,352.96,262.12,947.61,220.85,227.15,16.67,0,5.38,0,3.02,1.38,0.01,0,82.14,-11.11
2025-11-11T17:15:00Z,-138.18,-73.57,0,0,68,41.34,0.11,0,16.29,468.91,380.46,903.41,72.59,52.32,16.65,0.35,0,0,3.26,1.38,0.01,0,30.98,-10
2025-11-11T17:20:00Z,-122.9,-225.68,0,0,71,41.34,0.11,0,81.4,550.79,397.58,859.22,53.1,47.41,16.63,0.95,0,0,3.41,1.38,0.01,0,27.95,-10.42
2025-11-11T17:25:00Z,-107.32,-166.83,0,0,78,40.67,0.11,0,88.95,522.56,394.83,815.03,78.78,42.82,16.62,0.76,0,0,3.74,1.36,0.01,0,31.36,-5.84
2025-11-11T17:30:00Z,-41.54,-277.65,0,0,75,40.67,0.11,0,116.73,568.36,384.65,770.84,21.71,39.93,16.6,1.16,0,0,3.6,1.36,0.01,0,27.88,-6.02
2025-11-11T17:35:00Z,-128.64,-146.63,0,0,73,40.67,0.11,0,102.46,583.01,367.5,729.67,23.03,36.83,16.52,0.61,0,0,3.5,1.36,0.01,0,31.53,-6.08
2025-11-11T17:40:00Z,-168.99,-47.8,0,0,80,41.34,0.11,0,27.37,604.12,390.72,688.5,0,0,16.43,0.22,0,0,3.84,1.38,0.01,0,37.23,0
2025-11-11T17:45:00Z,-187.14,0,13.85,0,77,59.46,0.11,0,1.33,635.57,365.19,647.33,0,0,16.35,0,0.6,0,3.69,1.99,0.01,0,47.61,5.49
2025-11-11T17:50:00Z,-255.2,0,148.37,0,75,59.46,0.11,0,13.8,619.91,341.64,606.16,0,0,16.27,0,6.58,0,3.6,1.99,0.01,0,111.29,7.1
2025-11-11T17:55:00Z,-120.51,0,85.93,0,74,59.46,0.11,0,36.03,639.83,305.3,564.99,0,0,16.18,0,3.98,0,3.55,1.99,0.01,0,77.64,65.73
2025-11-11T18:00:00Z,-4.22,-31.4,0,0,80,58.79,0.11,0,28.98,646.46,299.85,523.83,0,0,16.1,0.16,0,0,3.84,1.97,0.01,0,42.31,69.95
2025-11-11T18:05:00Z,-2.75,0,13.7,0,72,58.79,0.11,0,50.33,656.67,272.67,485.49,0,0,16,0,0.68,0,3.45,1.97,0.01,0,46.39,0
2025-11-11T18:10:00Z,-12.92,0,50.61,0,56,59.46,0.11,76.63,28.73,673.87,237.93,447.15,0,0,15.9,0,2.51,0,2.69,1.99,0.01,3.77,86.78,77.98
2025-11-11T18:15:00Z,-0.92,0,17.48,0,60,60.14,0.11,78.58,54.34,689.21,220.52,408.81,0,0,15.8,0,0.91,0,2.88,2.01,0.01,3.86,74.74,98.02
2025-11-11T18:20:00Z,-0.01,0,77.77,-0.1,62,88.99,0.11,80.72,50.52,695.52,184.1,370.46,0,0,15.7,0,4.23,0,2.98,2.98,0.01,3.97,116.8,104.44
2025-11-11T18:25:00Z,-3.99,0,107.53,0,58,126.57,0.11,79.07,33.44,682.88,162.65,332.12,0,0,15.6,0,5.91,0,2.78,4.24,0.01,3.89,148.07,105.07
2025-11-11T18:30:00Z,-0.4,0,140.97,0,59,148.72,0.11,79.16,32.54,692.87,148.05,293.78,0,0,15.5,0,7.87,0,2.83,4.98,0.01,3.89,178.97,110.75
2025-11-11T18:35:00Z,-4.24,0,184.31,0,58,148.72,0.11,78.54,44.01,689.07,121.49,262.52,0,0,15.3,0,10.34,0,2.78,4.98,0.01,3.86,217.17,81.05
2025-11-11T18:40:00Z,0,0,173.75,0,64,99.06,0.11,81.21,141.44,699.83,99.44,231.25,0,0,15.1,0,9.75,0,3.07,3.32,0.01,3.99,194.47,83.21
2025-11-11T18:45:00Z,-1.62,0,331.2,0,60,58.79,0.09,78.4,100.12,686.92,83.37,199.99,0,0,14.9,0,18.15,0,2.88,1.97,0.01,3.85,344.76,88.09
2025-11-11T18:50:00Z,-0.03,0,401.35,0,62,58.79,75.87,9.64,90.66,667.68,65.97,168.72,0,0,14.7,0,21.97,0,2.98,1.97,3.21,0.47,460.17,90.44
2025-11-11T18:55:00Z,-1.32,0,425.66,0,59,68.19,83.5,0,115.49,676.44,50.42,137.46,0,0,14.5,0,23.42,0,2.83,2.28,3.54,0,503.97,103.46
2025-11-11T19:00:00Z,-0.48,0,363.4,0,60,88.32,83.9,0,158.2,702.02,35.06,106.19,0,0,14.3,0,20.39,0,2.88,2.96,3.55,0,410.91,104.63
2025-11-11T19:05:00Z,-0.47,0,349.47,0,59,134.63,83.83,0,166.46,698.72,21.32,90.56,0,0,14.23,0,19.76,0,2.83,4.51,3.55,0,406.52,107.26
2025-11-11T19:10:00Z,-5.32,0,298.83,0,58,148.72,83.67,0,216.15,697.38,11.52,74.93,0,0,14.17,0,16.96,0,2.78,4.98,3.54,0,343.93,110.51
2025-11-11T19:15:00Z,-5.56,0,336.31,0,59,148.72,83.83,0,170.54,699.78,7.51,59.3,0,0,14.1,0,18.91,0,2.83,4.98,3.55,0,409.67,105.64
2025-11-11T19:20:00Z,-6.3,0,206.07,0,58,148.72,83.74,0,340.93,688.74,3.76,43.66,0,0,14.03,0,11.68,0,2.78,4.98,3.55,0,238.83,117.78
2025-11-11T19:25:00Z,-5.21,0,411.4,0,60,149.39,84.19,0,125.89,703.69,1.53,28.03,0,0,13.97,0,23.31,0,2.88,5,3.56,0,566.67,118.3
2025-11-11T19:30:00Z,-2.65,0,340.26,0,58,148.72,83.9,0,176.98,718.59,0.26,12.4,0,0,13.9,0,19.06,0,2.78,4.98,3.55,0,425.87,104.44
2025-11-11T19:35:00Z,-0.8,0,168.62,0,58,139.33,83.74,0,369.79,730.67,0.05,10.33,0,0,13.83,0,9.43,0,2.78,4.67,3.55,0,200.49,118.9
2025-11-11T19:40:00Z,-0.06,0,387.17,0,60,148.72,84.11,0,117.48,746.29,0.01,8.27,0,0,13.77,0,21.01,0,2.88,4.98,3.56,0,500.39,125.39
2025-11-11T19:45:00Z,-0.95,0,344.41,0,57,150.06,83.49,0,172.57,734.72,0,6.2,0,0,13.7,0,18.68,0,2.74,5.02,3.54,0,418.9,111.27
2025-11-11T19:50:00Z,-0.19,0,145.25,0,61,149.39,83.95,0,334.64,761.85,0,4.13,0,0,13.63,0,8.19,0,2.93,5,3.55,0,188.93,108.07
2025-11-11T19:55:00Z,-1.02,0,99.35,0,59,149.39,84.04,60.7,350.19,764.08,0,2.07,0,0,13.57,0,5.55,0,2.83,5,3.56,2.98,174.63,125.12
2025-11-11T20:00:00Z,-1.38,0,256.13,0,57,149.39,83.64,59.91,180.7,748.08,0,0,0,0,13.5,0,14.02,0,2.74,5,3.54,2.94,331.84,110.37
2025-11-11T20:05:00Z,-0.43,0,132.07,0,61,149.39,83.91,60.03,307.69,751.98,0,0,0,0,13.42,0,7.53,0,2.93,5,3.55,2.95,205.68,129.99
2025-11-11T20:10:00Z,-7.15,0,253,0,57,149.39,82.83,57.82,171.28,758.76,0,0,0,0,13.33,0,13.87,0,2.74,5,3.51,2.84,329.94,105.19
2025-11-11T20:15:00Z,-0.28,0,114.05,0,62,149.39,84.3,60.38,331.45,756.72,0,0,0,0,13.25,0,6.57,0,2.98,5,3.57,2.97,190.28,125.46
2025-11-11T20:20:00Z,-7.77,0,312.31,0,56,149.39,82.51,58.73,140.15,737.58,0,0,0,0,13.17,0,17.52,0,2.69,5,3.49,2.89,419.19,118.54
2025-11-11T20:25:00Z,-0.34,0,231.65,0,59,149.39,83.88,58.52,193.28,753.31,0,0,0,0,13.08,0,13.29,0,2.83,5,3.55,2.88,310.27,115.22
2025-11-11T20:30:00Z,-0.6,0,289.14,0,59,150.06,83.61,59.1,166.26,736.33,0,0,0,0,13,0,16.28,0,2.83,5.02,3.54,2.9,380.38,121.36
2025-11-11T20:35:00Z,-2.06,0,299.81,0,58,148.72,83.54,59.51,141.19,735.37,0,0,0,0,12.87,0,17.07,0,2.78,4.98,3.54,2.92,406.18,113.42
2025-11-11T20:40:00Z,-0.48,0,165.88,0,59,149.39,83.83,58.38,286.65,757.01,0,0,0,0,12.73,0,9.68,0,2.83,5,3.55,2.87,233.88,114.75
2025-11-11T20:45:00Z,-0.61,0,189.81,-0.1,58,148.72,83.55,59.07,264.24,749.43,0,0,0,0,12.6,0,10.88,0,2.78,4.98,3.54,2.9,256.67,131.72
2025-11-11T20:50:00Z,-7.12,0,291.2,-0.1,57,150.06,82.68,58.9,145.7,736.46,0,0,0,0,12.47,0,16.29,0,2.74,5.02,3.5,2.89,391.89,107
2025-11-11T20:55:00Z,-0.25,0,119.71,-0.1,62,149.39,84.24,59.83,305.09,763.19,0,0,0,0,12.33,0,7.01,0,2.98,5,3.57,2.94,197.89,120.61
2025-11-11T21:00:00Z,-7.54,0,260.6,0,55,149.39,82.39,57.57,161.75,760.37,0,0,0,0,12.2,0,14.84,0,2.64,5,3.49,2.83,346.13,116.55
2025-11-11T21:05:00Z,-0.59,0,204.13,0,58,148.72,83.89,60.15,179.56,783.16,0,0,0,0,12.13,0,12.21,0,2.78,4.98,3.55,2.96,286.63,106.71
2025-11-11T21:10:00Z,-2.37,0,227.49,-0.1,58,149.39,83.56,59.48,162.6,776,0,0,0,0,12.07,0,13.21,0,2.78,5,3.54,2.92,311.11,109.15
2025-11-11T21:15:00Z,-6.47,0,323.82,0,58,149.39,83.31,58.82,69.67,778.82,0,0,0,0,12,0,18.81,0,2.78,5,3.53,2.89,456.5,100.87
2025-11-11T21:20:00Z,-4.68,0,354.37,0,57,93.69,83.13,59.2,101.8,784.26,0,0,0,0,11.93,0,20.58,0,2.74,3.14,3.52,2.91,481.21,103.2
2025-11-11T21:25:00Z,-0.64,0,366.43,0,60,89.66,83.76,59.49,55.39,803.22,0,0,0,0,11.87,0,21.35,0,2.88,3,3.55,2.92,515.48,104.44
2025-11-11T21:30:00Z,-5.49,0,305.39,0,57,140.67,83.17,58.64,54.36,805.26,0,0,0,0,11.8,0,17.78,0,2.74,4.71,3.52,2.88,427.26,100.54
2025-11-11T21:35:00Z,-20.71,0,361.1,0,55,88.32,82.41,58.99,45.14,820.41,0,0,0,0,11.68,0,21.01,0,2.64,2.96,3.49,2.9,515.3,98.84
2025-11-11T21:40:00Z,-7.81,0,378.71,0,58,88.99,83.43,7.48,69.62,813.34,0,0,0,0,11.57,0,22.13,0,2.78,2.98,3.53,0.37,519.59,95.7
2025-11-11T21:45:00Z,-3.28,0,414.82,0,58,88.99,83.52,0,48.85,788.45,0,0,0,0,11.45,0,24.45,0,2.78,2.98,3.54,0,623.3,91.54
2025-11-11T21:50:00Z,-0.75,0,327.27,0,59,89.66,83.49,0,128.72,785.77,0,0,0,0,11.33,0,19.3,0,2.83,3,3.54,0,420.24,89.86
2025-11-11T21:55:00Z,-2.56,0,467.46,0,57,59.46,83.51,0,49.08,756.59,0,0,0,0,11.22,0,27.23,0,2.74,1.99,3.54,0,795.22,89.77
2025-11-11T22:00:00Z,-9.05,0,475.09,0,57,60.14,82.67,0,80.93,729.53,0,0,0,0,11.1,0,27.77,0,2.74,2.01,3.5,0,821.53,82.19
2025-11-11T22:05:00Z,-8.29,0,492.79,0,57,60.14,82.88,0,66.03,710.77,0,0,0,0,11,0,29.24,0,2.74,2.01,3.51,0,945.96,88.23
2025-11-11T22:10:00Z,-1.11,0,518.43,-0.1,60,59.46,84.09,0,50.58,674.4,0,0,0,0,10.9,0,30.35,0,2.88,1.99,3.56,0,1138.26,90.44
2025-11-11T22:15:00Z,-11.47,0,556.23,0,56,70.87,82.49,0,45.78,638.7,0,0,0,0,10.8,0,31.27,0,2.69,2.37,3.49,0,1465.42,78.63
2025-11-11T22:20:00Z,-12.49,0,613.94,0,56,59.46,82.52,0,21.51,605.34,0,0,0,0,10.7,0,34.95,0,2.69,1.99,3.49,0,2607.94,73.77
2025-11-11T22:25:00Z,-6.56,0,640.9,-0.1,58,60.14,83.46,0,3.09,593.24,0,0,0,0,10.6,0,36.23,0,2.78,2.01,3.53,0,3556.71,74.82
2025-11-11T22:30:00Z,-5.77,0,619.61,-0.1,58,59.46,84.2,0,13.88,588.8,0,0,0,0,10.5,0,34.24,0,2.78,1.99,3.57,0,2856.67,74.39
2025-11-11T22:35:00Z,-9.15,0,658.75,0,58,60.14,83.42,0,13.83,553.3,0,0,0,0,10.47,0,36.88,0,2.78,2.01,3.53,0,5383.54,75.06
2025-11-11T22:40:00Z,-5.18,0,659.59,0,58,60.81,84.07,0,23.93,532.9,0,0,0,0,10.43,0,36.53,0,2.78,2.04,3.56,0,5676.49,81.71
2025-11-11T22:45:00Z,-19.17,0,717.91,0,56,60.14,82.85,0,0.04,510.18,0,0,0,0,10.4,0,39.84,0,2.69,2.01,3.51,0,20678.11,70.61
2025-11-11T22:50:00Z,-10.39,0,689.39,0,58,60.81,83.39,0,0.14,514.78,0,0,0,0,10.37,0,38.3,0,2.78,2.04,3.53,0,32297.11,104.44
2025-11-11T22:55:00Z,-114.24,0,800.12,0,58,111.14,51.84,0,6.62,484.93,0,0,0,0,10.33,0,43.71,0,2.78,3.72,2.2,0,3116.18,90.44
2025-11-11T23:00:00Z,-10.51,0,760.4,0,57,62.82,41.78,0,3.87,467.17,0,0,0,0,10.3,0,41.48,0,2.74,2.1,1.77,0,4172.63,117.16
2025-11-11T23:05:00Z,-56.92,0,780.4,0,60,119.19,41.91,0,0.35,445.11,0,0,0,0,10.33,0,42.37,0,2.88,3.99,1.78,0,3585.19,98
2025-11-11T23:10:00Z,-0.34,0,717.95,0,61,89.66,42.19,0,39.45,434.36,0,0,0,0,10.37,0,38.56,0,2.93,3,1.79,0,10757.37,90.53
2025-11-11T23:15:00Z,-0.68,0,682.71,0,60,90.34,42.23,0,51.47,436.31,0,0,0,0,10.4,0,36.68,0,2.88,3.02,1.79,0,175099.7,104.44
2025-11-11T23:20:00Z,-57.56,0,786.7,0,57,107.78,41.71,0,1.62,435.64,0,0,0,0,10.43,0,41.92,0,2.74,3.61,1.77,0,2994.58,90.44
2025-11-11T23:25:00Z,-1.86,0,805.2,0,58,76.91,13.13,0,0.68,413.95,0,0,0,0,10.47,0,43.05,0,2.78,2.58,0.56,0,2404.25,117.16
2025-11-11T23:30:00Z,-71.97,0,782.44,0,57,129.93,0.11,0,47.63,392.64,0,0,0,0,10.5,0,40.54,0,2.74,4.35,0.01,0,2516.82,104.44
2025-11-11T23:35:00Z,-1.09,0,776.4,0,58,112.48,0.11,0,51.12,370.4,0,0,0,0,10.47,0,39.63,0,2.78,3.77,0.01,0,2989.93,117.16
2025-11-11T23:40:00Z,-31.62,0,739.14,0,62,148.72,0.11,0,113.34,354.49,0,0,0,0,10.43,0,38.2,0,2.98,4.98,0.01,0,6014.17,41.29
2025-11-11T23:45:00Z,-11.3,0,663.68,0,58,99.73,0.1,0,238.97,344.42,0,0,0,0,10.4,0,34.44,0,2.78,3.34,0.01,0,7348.28,104.44
2025-11-11T23:50:00Z,-5.45,0,792.85,0,58,115.84,0.1,0,106.59,348.75,0,0,0,0,10.37,0,41.06,0,2.78,3.88,0.01,0,3388.46,79.05
2025-11-11T23:55:00Z,-20.06,0,798.19,-0.1,57,62.15,0.11,0,179.67,347.71,0,0,0,0,10.33,0,40.56,0,2.74,2.08,0.01,0,3171.39,153.41
2025-11-12T00:00:00Z,-2.61,0,736.27,0,58,112.48,0.11,0,121.89,333.91,0,0,0,0,10.3,0,37.16,0,2.78,3.77,0.01,0,4663.5,104.44
2025-11-12T00:05:00Z,-0.64,0,787.95,0,59,117.18,0.11,0,103.57,324.41,0,0,0,0,10.2,0,40.38,0,2.83,3.92,0.01,0,3068.73,138
2025-11-12T00:10:00Z,-1.37,0,710.44,-0.1,59,148.72,0.11,60.79,71.86,333.65,0,0,0,0,10.1,0,37.21,0,2.83,4.98,0.01,2.99,15250.32,50.81
2025-11-12T00:15:00Z,-58,0,760.97,-0.1,58,91.68,0.11,79.32,148.86,338.01,0,0,0,0,10,0,40.12,0,2.78,3.07,0.01,3.9,5805.93,125
2025-11-12T00:20:00Z,-7.46,0,763.62,-0.1,58,143.35,0.11,79.53,18.18,345.08,0,0,0,0,9.9,0,39.74,0,2.78,4.8,0.01,3.91,4843.84,104.44
2025-11-12T00:25:00Z,-1.63,0,790.04,-0.1,58,109.13,0.11,79.04,62.16,345.18,0,0,0,0,9.8,0,40.97,0,2.78,3.65,0.01,3.88,4455.32,104.44
2025-11-12T00:30:00Z,-3.56,0,767.19,-0.1,58,131.94,0.11,78.1,77.06,338.33,0,0,0,0,9.7,0,39.71,0,2.78,4.42,0.01,3.84,6975.82,104.44
2025-11-12T00:35:00Z,-1.64,0,795.06,-0.1,58,119.86,0.11,78.57,65.8,325.56,0,0,0,0,9.48,0,41.27,0,2.78,4.01,0.01,3.86,4185.36,104.44
2025-11-12T00:40:00Z,-0.25,0,776.49,-0.1,43,144.02,0.11,81.03,94.56,290.28,0,0,0,0,9.27,0,41.3,0,2.06,4.82,0.01,3.98,5055.82,138
2025-11-12T00:45:00Z,-1.42,0,741.27,-0.1,39,148.72,0.11,145.72,52.19,296.44,0,0,0,0,9.05,0,39.58,0,1.87,4.98,0.01,7.16,10610.49,104.44
2025-11-12T00:50:00Z,-0.59,0,737.88,-0.1,44,111.81,0.1,84.73,142.71,305.06,0,0,0,0,8.83,0,39.39,0,2.11,3.74,0.01,4.16,11824.52,138
2025-11-12T00:55:00Z,-4.26,0,764.12,0,40,149.39,0.11,139.36,20.15,306.48,0,0,0,0,8.62,0,41.32,0,1.92,5,0.01,6.85,5856.98,98
2025-11-12T01:00:00Z,-12.42,0,823.2,0,40,93.69,0.11,79.87,106.81,316.22,0,0,0,0,8.4,0,44.41,0,1.92,3.14,0.01,3.92,3220.99,104.44
2025-11-12T01:05:00Z,-0.27,0,751.03,0,43,107.11,0.11,110.9,87.76,358.66,0,0,0,0,8.32,0,40.62,0,2.06,3.59,0.01,5.45,14184.93,90.44
2025-11-12T01:10:00Z,-8.62,0,720.14,0,39,63.49,0.11,106.84,160.52,365.3,0,0,0,0,8.23,0,39.13,0,1.87,2.13,0.01,5.25,89366.21,104.44
2025-11-12T01:15:00Z,-0.29,0,761.38,0,43,111.81,0.11,112.43,54.31,352.7,0,0,0,0,8.15,0,41.59,0,2.06,3.74,0.01,5.53,7274.12,104.44
2025-11-12T01:20:00Z,-0.56,0,796.07,0,41,141.34,0.11,109.54,8.41,354.12,0,0,0,0,8.07,0,43.07,0,1.97,4.73,0.01,5.38,4657.37,99.45
2025-11-12T01:25:00Z,-3.24,0,787,0,40,93.02,0.11,109.22,50.14,350.29,0,0,0,0,7.98,0,42.29,0,1.92,3.11,0.01,5.37,4288.15,138
2025-11-12T01:30:00Z,-8.09,0,742.55,0,40,142.68,0.11,145.08,0.9,362.19,0,0,0,0,7.9,0,39.51,0,1.92,4.78,0.01,7.13,10726.43,29.17
2025-11-12T01:35:00Z,-9.24,0,634.23,0,43,92.35,0.1,112.89,164.82,372.34,0,0,0,0,7.92,0,33.58,0,2.06,3.09,0.01,5.55,3741.96,35.51
2025-11-12T01:40:00Z,-4.13,0,667.08,0,41,60.14,0.11,58.99,221.51,376.92,0,0,0,0,7.93,0,35.33,0,1.97,2.01,0.01,2.9,5792.7,138
2025-11-12T01:45:00Z,-5.07,0,721.97,-0.1,44,113.15,0.11,126.99,32.35,358,0,0,0,0,7.95,0,38.1,0,2.11,3.79,0.01,6.24,11475.69,138
2025-11-12T01:50:00Z,-7.29,0,780.81,-0.1,41,147.38,0.11,66.51,5.39,355.64,0,0,0,0,7.97,0,40.83,0,1.97,4.93,0.01,3.27,3555.25,138
2025-11-12T01:55:00Z,-13.56,0,774.83,-0.1,41,148.05,0.11,76.25,5.56,343.9,0,0,0,0,7.98,0,40.35,0,1.97,4.96,0.01,3.75,3526.68,104.44
2025-11-12T02:00:00Z,-2.29,0,787.78,-0.1,42,106.44,0.11,61.01,61.48,329.6,0,0,0,0,8,0,41.05,0,2.02,3.56,0.01,3,3142.32,104.44
2025-11-12T02:05:00Z,-7.05,0,800.68,-0.1,40,112.48,0.11,59.48,50.5,339.21,0,0,0,0,8.07,0,41.69,0,1.92,3.77,0.01,2.92,2929.64,138
2025-11-12T02:10:00Z,-0.45,0,721.64,-0.1,42,149.39,0.11,70.48,58.87,336.87,0,0,0,0,8.13,0,37.68,0,2.02,5,0.01,3.46,8964.38,104.44
2025-11-12T02:15:00Z,-0.92,0,748.19,0,40,126.57,0.11,59.91,49.39,359.15,0,0,0,0,8.2,0,39.18,0,1.92,4.24,0.01,2.94,5083.55,99.45
2025-11-12T02:20:00Z,-2.42,0,775.14,0,40,90.34,0.11,60.73,49.48,371.59,0,0,0,0,8.27,0,40.23,0,1.92,3.02,0.01,2.98,3496,104.44
2025-11-12T02:25:00Z,-1.93,0,784.43,0,40,112.48,0.1,60.33,0.58,383.45,0,0,0,0,8.33,0,40.71,0,1.92,3.77,0.01,2.96,3127.23,79.05
2025-11-12T02:30:00Z,-25.74,0,798.41,0,40,61.48,0.11,59.8,46.9,397.16,0,0,0,0,8.4,0,41.24,0,1.92,2.06,0.01,2.94,2642.67,99.45
2025-11-12T02:35:00Z,-2.62,0,789.07,0,41,88.32,0.11,62.12,1,391.73,0,0,0,0,8.32,0,40.54,0,1.97,2.96,0.01,3.05,2807.58,104.44
2025-11-12T02:40:00Z,-0.69,0,771.12,0,42,111.81,0.11,10.54,55.76,369.48,0,0,0,0,8.23,0,39.89,0,2.02,3.74,0.01,0.52,3042.42,138
2025-11-12T02:45:00Z,-0.55,0,735.18,-0.1,43,148.72,0.11,39.52,5.26,365.52,0,0,0,0,8.15,0,38.34,0,2.06,4.98,0.01,1.94,4248.47,104.44
2025-11-12T02:50:00Z,-1.66,0,769.59,0,40,99.73,0.11,9.71,50.63,365.05,0,0,0,0,8.07,0,40.26,0,1.92,3.34,0.01,0.48,2679.32,104.44
2025-11-12T02:55:00Z,-2.32,0,783.86,0,40,137.31,0.11,9.71,0.64,373.3,0,0,0,0,7.98,0,40.84,0,1.92,4.6,0.01,0.48,2550.04,104.44
2025-11-12T03:00:00Z,-1.79,0,772.51,0,40,148.05,0.11,0,3.35,378.38,0,0,0,0,7.9,0,40.26,0,1.92,4.96,0.01,0,2767.48,34.93
2025-11-12T03:05:00Z,-17.64,0,592.09,-0.1,42,99.06,0.11,0,226.5,369.03,0,0,0,0,7.98,0,31.4,0,2.02,3.32,0.01,0,3474.58,99.45
2025-11-12T03:10:00Z,-4.34,0,763.85,-0.1,44,88.99,0.11,0,69.06,363.1,0,0,0,0,8.07,0,41.24,0,2.11,2.98,0.01,0,2738.99,148
2025-11-12T03:15:00Z,-1.1,0,742.57,0,43,144.02,0.1,0,7.61,359.7,0,0,0,0,8.15,0,40.65,0,2.06,4.82,0.01,0,3014.84,117.31
2025-11-12T03:20:00Z,-3.9,0,799.69,0,40,148.72,0.1,0,0.35,349.17,0,0,0,0,8.23,0,43.56,0,1.92,4.98,0.01,0,2283.16,148
2025-11-12T03:25:00Z,-2.19,0,716.02,0,40,148.72,0.11,0,49.43,331.66,0,0,0,0,8.32,0,38.55,0,1.92,4.98,0.01,0,3677.96,104.44
2025-11-12T03:30:00Z,-15.04,0,764.08,0,41,147.38,0.11,0,47.53,330.69,0,0,0,0,8.4,0,41.16,0,1.97,4.93,0.01,0,2715.62,148
2025-11-12T03:35:00Z,-2.06,0,733.32,0,41,148.05,0.11,0,62.63,323.11,0,0,0,0,8.22,0,39.18,0,1.97,4.96,0.01,0,3448.14,104.44
2025-11-12T03:40:00Z,-0.37,0,791.87,0,42,133.29,0.11,0,53.43,306.71,0,0,0,0,8.03,0,42.63,0,2.02,4.46,0.01,0,2295.95,148
2025-11-12T03:45:00Z,-4.27,0,704.31,0,40,148.72,0.11,0,62.6,322.31,0,0,0,0,7.85,0,37.74,0,1.92,4.98,0.01,0,3973.33,38.81
2025-11-12T03:50:00Z,-21.35,0,740.15,-0.1,41,91.68,0.1,0,107.99,342.84,0,0,0,0,7.67,0,39.46,0,1.97,3.07,0.01,0,2999.83,121.21
2025-11-12T03:55:00Z,-2.8,0,796.12,0,43,141.34,0.11,0,15,332.29,0,0,0,0,7.48,0,42.39,0,2.06,4.73,0.01,0,2209.38,39.4
2025-11-12T04:00:00Z,-31.49,0,636.48,-0.1,40,97.05,0.11,0,210.97,343.66,0,0,0,0,7.3,0,33.95,0,1.92,3.25,0.01,0,19802.39,104.44
2025-11-12T04:05:00Z,-3.64,0,747.94,-0.1,40,125.23,0.11,0,35.77,349.97,0,0,0,0,7.3,0,40.12,0,1.92,4.19,0.01,0,2766.07,104.44
2025-11-12T04:10:00Z,-0.31,0,780.66,-0.1,46,137.31,0.11,0,22.68,318.64,0,0,0,0,7.3,0,42.15,0,2.21,4.6,0.01,0,2292.34,138
2025-11-12T04:15:00Z,-1.1,0,700.78,-0.1,40,148.72,0.1,46.81,3.74,370.9,0,0,0,0,7.3,0,38.03,0,1.92,4.98,0.01,2.3,6180.51,104.44
2025-11-12T04:20:00Z,-0.18,0,746.79,-0.1,42,98.39,0.11,7.86,47.96,370.55,0,0,0,0,7.3,0,40.78,0,2.02,3.29,0.01,0.39,3095.43,104.44
2025-11-12T04:25:00Z,-0.23,0,767.73,-0.1,43,133.96,0.11,0,8.65,362.06,0,0,0,0,7.3,0,41.84,0,2.06,4.49,0.01,0,2636.07,104.44
2025-11-12T04:30:00Z,-6.12,0,750.43,-0.1,40,143.35,0.11,0,1.9,398.67,0,0,0,0,7.3,0,41.23,0,1.92,4.8,0.01,0,3333.61,116.58
2025-11-12T04:35:00Z,-0.11,0,704.54,-0.1,42,148.05,0.11,0,47.27,378.13,0,0,0,0,7.35,0,38.52,0,2.02,4.96,0.01,0,6121.34,138
2025-11-12T04:40:00Z,-0.12,0,631.16,-0.1,43,149.39,0.11,109.85,15.89,374.14,0,0,0,0,7.4,0,34.39,0,2.06,5,0.01,5.4,9219.45,124
2025-11-12T04:45:00Z,-0.34,0,527.85,-0.1,40,149.39,0.11,8.07,257.2,369.5,0,0,0,0,7.45,0,28.9,0,1.92,5,0.01,0.4,1468.52,128.58
2025-11-12T04:50:00Z,0,0,402.03,0,40,149.39,0.11,81.74,299.44,378.7,0,0,0,0,7.5,0,21.96,0,1.92,5,0.01,4.02,721.47,148
2025-11-12T04:55:00Z,-0.02,0,306.24,0,40,148.72,0.1,161.55,315.58,378.57,0,0,0,0,7.55,0,16.55,0,1.92,4.98,0.01,7.94,510.34,282.2
2025-11-12T05:00:00Z,0,0,308.66,0,42,204.42,0.11,169.74,204.77,369.31,0,0,0,0,7.6,0,16.75,0,2.02,6.84,0.01,8.34,597.77,232.15
2025-11-12T05:05:00Z,-0.04,0,374.89,0,42,230.6,0.11,174.94,91.94,391.13,0,0,0,0,7.43,0,20.09,0,2.02,7.72,0.01,8.6,829.76,128.29
2025-11-12T05:10:00Z,-0.08,0,496.49,0,45,176.24,0.11,83.15,153.02,387.76,0,0,0,0,7.27,0,26.18,0,2.16,5.9,0.01,4.09,1319.28,139.12
2025-11-12T05:15:00Z,-1.79,0,542.48,0,42,150.06,0.11,174.46,82.09,361.77,0,0,0,0,7.1,0,28.52,0,2.02,5.02,0.01,8.57,1989.76,163.76
2025-11-12T05:20:00Z,-2.87,0,616.02,0,42,150.73,0.11,174.7,16.25,369.34,0,0,0,0,6.93,0,32.39,0,2.02,5.05,0.01,8.59,4295.06,160.02
2025-11-12T05:25:00Z,-48.98,0,667.21,-0.1,42,150.06,0.1,176.01,42.22,356.77,0,0,0,0,6.77,0,35.6,0,2.02,5.02,0.01,8.65,12100.21,171.93
2025-11-12T05:30:00Z,-75.18,0,700.26,0,40,197.04,0.11,174.06,23.07,332.76,0,0,0,0,6.6,0,39.18,0,1.92,6.6,0.01,8.55,80279.49,184.96
2025-11-12T05:35:00Z,-38.74,0,672.75,-0.1,40,229.25,0.11,174.65,0.33,322.42,0.09,2.31,0,0,6.62,0,38.38,0,1.92,7.68,0.01,8.58,11790.96,184.96
2025-11-12T05:40:00Z,-47.55,0,695.2,0,42,231.27,0.11,168.47,22.53,306.65,0.21,4.62,0,0,6.63,0,39.34,0,2.02,7.74,0.01,8.28,20804.56,138
2025-11-12T05:45:00Z,-2.5,0,675.18,-0.1,40,170.2,0.11,141.39,120.19,307.36,1.41,6.93,0,0,6.65,0,37.73,0,1.92,5.7,0.01,6.95,5716.89,153.48
2025-11-12T05:50:00Z,-5.25,0,706.32,-0.1,40,150.06,17.11,173.68,48.43,309.27,2.99,9.23,0,0,6.67,0,38.5,0,1.92,5.02,1.04,8.53,16881.8,129.36
2025-11-12T05:55:00Z,-5.44,0,577.44,-0.1,40,149.39,43.41,79.79,247.87,315.4,6.57,11.54,0,0,6.68,0,30.85,0,1.92,5,2.64,3.92,1710.76,124
2025-11-12T06:00:00Z,-17.08,0,613.67,-0.1,40,150.06,73.57,81.42,191.46,304.59,10.72,13.85,0,0,6.7,0,32.13,0,1.92,5.02,4.47,4,2429.74,1.1
2025-11-12T06:05:00Z,-59.16,0,701.39,-0.1,40,99.73,75.04,81.45,199.74,310.97,15.72,27.23,0,0,6.98,0,36.12,0,1.92,3.34,4.56,4,6717,0.01
2025-11-12T06:10:00Z,-4.76,0,680.2,0,43,60.14,75.56,82.12,200.45,315.28,25.67,40.62,0,0,7.27,0,34.69,0,2.06,2.01,4.59,4.04,3602.71,123.45
2025-11-12T06:15:00Z,-3.97,0,761.38,0,41,111.81,73.46,81.8,80.66,313.68,37.11,54,0,0,7.55,0,38.71,0,1.97,3.74,4.46,4.02,22545.07,104.44
2025-11-12T06:20:00Z,-35.5,0,766.41,-0.1,40,144.02,75.71,80.69,10.96,333.31,50.43,67.38,0,0,7.83,0,38.07,0,1.92,4.82,4.6,3.97,1324187.72,104.44
2025-11-12T06:25:00Z,-52.39,0,776.16,-0.1,40,146.71,76.42,80.69,11.99,339.79,67.16,80.76,0,0,8.12,0,38.27,0,1.92,4.91,4.64,3.97,43372.23,138
2025-11-12T06:30:00Z,-39.93,0,711.75,-0.1,40,148.05,76.94,82.17,0.6,361.6,82.9,94.14,0,0,8.4,0,34.06,0,1.92,4.96,4.67,4.04,4425.64,0
2025-11-12T06:35:00Z,-72.16,0,879.05,-0.1,40,96.38,43.98,32.73,0.28,383.04,97.07,118.93,0,0,8.67,0,41.19,0,1.92,3.23,2.67,1.61,4372.62,0
2025-11-12T06:40:00Z,-0.57,0,769.62,0,45,60.81,60.3,31.36,12.46,388.65,124.95,143.71,0,0,8.93,0,36.06,0,2.16,2.04,3.66,1.54,5621.92,0
2025-11-12T06:45:00Z,-31.26,0,783.1,0,42,61.48,77.1,39.87,0.45,372.09,146.39,168.5,0,0,9.2,0,35.72,0,2.02,2.06,4.68,1.96,5958.46,1.1
2025-11-12T06:50:00Z,-88.88,0,851.48,0,40,60.81,16.84,39.83,0.02,381.33,167.12,193.28,0,0,9.47,0,37.98,0,1.92,2.04,1.02,1.96,13106.82,-7.31
2025-11-12T06:55:00Z,-34.05,0,813.12,0,42,60.81,9.97,9.38,1.47,385.24,184.34,218.07,0,0,9.73,0,36.39,0,2.02,2.04,0.61,0.46,7770.28,-7.28
2025-11-12T07:00:00Z,-18.16,0,731.25,0,40,60.81,8.5,9.31,0,392.61,210.84,242.85,0,0,10,0,32.34,0,1.92,2.04,0.52,0.46,2075.53,-7.11
2025-11-12T07:05:00Z,-26.59,0,670.36,0,40,60.81,9.32,0,40.94,384.68,242.09,279.19,0,0,10.32,0,30.02,0,1.92,2.04,0.57,0,1151.07,-7.11
2025-11-12T07:10:00Z,-8.17,0,583.53,0,43,46.71,10.57,0,6.36,395.39,264.78,315.53,0,0,10.63,0,26.43,0,2.06,1.56,0.64,0,750.88,0
2025-11-12T07:15:00Z,-38.36,0,562.64,0,40,45.37,9.44,0,10.42,396.29,282.38,351.87,0,0,10.95,0,24.95,0,1.92,1.52,0.57,0,649.93,-2.85
2025-11-12T07:20:00Z,-29.7,0,519.42,0,42,41.34,9.57,0,2.92,392.55,304.8,388.21,0,0,11.27,0,22.85,0,2.02,1.38,0.58,0,509.33,-6.75
2025-11-12T07:25:00Z,-26.62,0,451.77,0,42,41.34,9.61,0,0.74,400.78,332.08,424.55,0,0,11.58,0,20.29,0,2.02,1.38,0.58,0,377.02,-6.66
2025-11-12T07:30:00Z,-32.54,0,367.4,0,41,40.67,0.11,0,8.54,422.25,356.05,460.88,0,0,11.9,0,16.85,0,1.97,1.36,0.01,0,260.59,-6.52
2025-11-12T07:35:00Z,-40.51,0,328.21,0,42,40,0.11,0,1.07,411.61,375.22,504.44,0,0,12.12,0,14.95,0,2.02,1.34,0.01,0,218.45,-6.34
2025-11-12T07:40:00Z,-3.54,0,247.05,0,40,40.67,0.11,0,2.92,405.54,395.06,547.99,0,0,12.33,0,11.77,0,1.92,1.36,0.01,0,152.88,-6.28
2025-11-12T07:45:00Z,-11,0,187.78,0,40,40.67,0.11,0,0.7,411.11,410.45,591.54,0,0,12.55,0,9.05,0,1.92,1.36,0.01,0,114.27,-8.23
2025-11-12T07:50:00Z,-32.15,0,186.39,0,40,40.67,12.79,0,0.04,405.95,416.25,635.09,13.97,0,12.77,0,9.04,0,1.92,1.36,0.78,0,118.02,-11.66
2025-11-12T07:55:00Z,-17.79,0,252.03,0,40,40.67,15.26,0,0.35,375.82,368.12,678.64,20.86,93.21,12.98,0,12.61,0,1.92,1.36,0.93,0,161.62,-11.79
2025-11-12T08:00:00Z,-17.92,0,289.87,0,42,40,15.24,0,2.42,309.49,328.96,722.19,69.86,119.07,13.2,0,14.83,0,2.02,1.34,0.93,0,198.97,-19.88
2025-11-12T08:05:00Z,-6.77,0,363.13,0,41,40,8.28,0,5.34,251.39,282.96,769.98,94.58,183.36,13.42,0,18.21,0,1.97,1.34,0.5,0,256.77,-11.66
2025-11-12T08:10:00Z,-0.16,0,169.81,-0.1,44,40,0.11,0,12.44,318.91,353.78,817.76,7.72,120.48,13.63,0,9.07,0,2.11,1.34,0.01,0,106.13,-10.36
2025-11-12T08:15:00Z,-27.4,0,122.66,0,40,40.67,0.11,0,4.08,330.11,376.43,865.54,38.46,56.43,13.85,0,6.44,0,1.92,1.36,0.01,0,77.5,-12.22
2025-11-12T08:20:00Z,-19.07,0,251.62,0,40,40.67,0.11,0,0.09,225.06,316.65,913.32,150.22,184.5,14.07,0,13.5,0,1.92,1.36,0.01,0,159.26,-15.08
2025-11-12T08:25:00Z,-16.04,0,291.64,0,42,40.67,0.11,0,0.6,209.32,269.09,961.1,116.31,223.08,14.28,0,15.69,0,2.02,1.36,0.01,0,188.36,-12.73
2025-11-12T08:30:00Z,-12.87,0,218.94,0,40,40.67,0.11,0,0.35,212.91,293.21,1008.88,121.59,208.94,14.5,0,11.57,0,1.92,1.36,0.01,0,130.72,-13.2
2025-11-12T08:35:00Z,-3.65,0,336.79,0,41,40.67,0.11,0,12.38,218.96,187.87,1052.29,114.83,413.27,14.62,0,17.81,0,1.97,1.36,0.01,0,209.2,-12.4
2025-11-12T08:40:00Z,-1.37,0,319.98,-0.1,44,40.67,0.11,0,8.76,221.27,85.14,1095.7,118.36,418.04,14.73,0,17.25,0,2.11,1.36,0.01,0,211.87,-13.39
2025-11-12T08:45:00Z,-1.43,0,267.33,0,44,41.34,0.11,0,8.95,220.75,86.31,1139.1,95.73,419.51,14.85,0,14.65,0,2.11,1.38,0.01,0,171.28,-11.79
2025-11-12T08:50:00Z,-13.42,0,237.07,0,43,40.67,0.11,0,2.04,228.83,87.17,1182.51,75.63,427.06,14.97,0,13.09,0,2.06,1.36,0.01,0,148.64,-15.15
2025-11-12T08:55:00Z,-4.68,0,251.55,0,44,41.34,0.1,0,6.74,232.49,32.26,1225.92,109.88,492.73,15.08,0,14.09,0,2.11,1.38,0.01,0,159.1,-11.85
2025-11-12T09:00:00Z,-9.69,0,168.29,0,42,41.34,0.11,0,5.02,230.81,84.49,1269.32,119.03,430.23,15.2,0,9.35,0,2.02,1.38,0.01,0,102.36,-14.99
2025-11-12T09:05:00Z,-8.48,0,170.48,0,40,40.67,0.11,0,0.7,230.83,54.59,1307.78,119.88,479.87,15.38,0,9.27,0,1.92,1.36,0.01,0,100.77,-14.78
2025-11-12T09:10:00Z,-18.78,0,138.73,0,43,41.34,0.1,0,2.72,230.5,45.58,1346.23,127.96,475.36,15.57,0,7.49,0,2.06,1.38,0.01,0,84.64,-12.07
2025-11-12T09:15:00Z,-27.08,0,92.8,0,41,41.34,0.11,0,0.48,230.54,85.17,1384.68,130.3,448.3,15.75,0,4.98,0,1.97,1.38,0.01,0,60.15,-14.93
2025-11-12T09:20:00Z,-1.52,0,60.93,0,43,41.34,0.11,0,5.01,236.28,52.68,1423.13,120.51,494.11,15.93,0,3.22,0,2.06,1.38,0.01,0,46.07,-13.66
2025-11-12T09:25:00Z,-3.77,-28.88,0,0,43,41.34,0.11,0,8.77,243.89,87.39,1461.59,127.95,456.22,16.12,0.23,0,0,2.06,1.38,0.01,0,20.85,-16.72
2025-11-12T09:30:00Z,-0.7,0,23.18,0,42,41.34,0.11,0,6.56,235.19,29.86,1500.04,130.51,449.1,16.3,0,1.26,0,2.02,1.38,0.01,0,30.6,-16.7
2025-11-12T09:35:00Z,0,-23.51,0,0,44,40.67,0.11,0,13.45,246.91,21.58,1525.01,139.27,528.9,16.45,0.22,0,0,2.11,1.36,0.01,0,20.92,-14
2025-11-12T09:40:00Z,-0.71,-91,0,0,42,41.34,0.11,0,8.23,256.45,53.41,1549.98,136.17,491.05,16.6,0.77,0,0,2.02,1.38,0.01,0,17,-14.8
2025-11-12T09:45:00Z,-0.9,-130.36,0,0,43,41.34,0.11,0,5.29,282.81,48.51,1574.95,138.93,507.54,16.75,1.07,0,0,2.06,1.38,0.01,0,15.35,-15.08
2025-11-12T09:50:00Z,-14.08,-138.93,0,0,42,41.34,0.11,0,0.52,283.26,28.33,1599.91,137.58,530.84,16.9,1.2,0,0,2.02,1.38,0.01,0,14.39,-16.16
2025-11-12T09:55:00Z,-77,-120.55,0,0,44,40.67,0.11,0,7.74,301.77,20.7,1624.88,136.77,542.59,17.05,1.01,0,0,2.11,1.36,0.01,0,16.08,-15.08
2025-11-12T10:00:00Z,-121.16,-105.21,0,-0.1,42,41.34,0.11,0,0.63,309.16,34.87,1649.85,159.74,522.77,17.2,0.84,0,0,2.02,1.38,0.01,0,16.65,-17.68
2025-11-12T10:05:00Z,-93.72,-124.16,0,-0.1,41,41.34,0.11,0,3.53,300.86,20.45,1667.24,141.84,539.82,17.32,1.02,0,0,1.97,1.38,0.01,0,15.09,-19.88
2025-11-12T10:10:00Z,-6.97,-190.24,0,-0.1,48,41.34,0.11,0,47.08,239.65,21.63,1684.63,205.18,543.85,17.43,1.77,0,0,2.3,1.38,0.01,0,12.27,-18.81
2025-11-12T10:15:00Z,-10.4,-127.61,0,0,39,41.34,0.11,0,0,235.59,18.54,1702.01,191.49,542.83,17.55,1.24,0,0,1.87,1.38,0.01,0,12.76,-15.41
2025-11-12T10:20:00Z,-53.97,-156.26,0,0,41,41.34,0.11,0,0.19,305.85,19.38,1719.4,137.32,543.37,17.67,1.29,0,0,1.97,1.38,0.01,0,12.97,-18.3
2025-11-12T10:25:00Z,-55.04,-183.5,0,0,41,41.34,0.11,0,0.43,325.46,18.77,1736.79,154.77,545.38,17.78,1.44,0,0,1.97,1.38,0.01,0,11.94,-20
2025-11-12T10:30:00Z,-125.2,-29.99,0,0,40,42.02,0.11,0,0.31,216.66,18.49,1754.17,256.69,545.45,17.9,0.31,0,0,1.92,1.41,0.01,0,18.9,-19.98
2025-11-12T10:35:00Z,-101.39,-113.02,0,0,41,41.34,0.11,0,0.06,256.85,19.38,1765.51,186.87,545.71,18.12,1.06,0,0,1.97,1.38,0.01,0,14.45,-19.88
2025-11-12T10:40:00Z,-75.6,-188.88,0,0,45,41.34,0.11,0,9.07,286.81,19.57,1776.84,159.25,546.82,18.33,1.67,0,0,2.16,1.38,0.01,0,11.8,-19.88
2025-11-12T10:45:00Z,-106.05,-110.29,0,0,42,41.34,0.11,0,0.15,238.84,18.68,1788.17,236.36,546.59,18.55,1.1,0,0,2.02,1.38,0.01,0,14.46,-19.88
2025-11-12T10:50:00Z,-182.25,-41.39,0,0,40,41.34,0.11,0,0.07,252.45,19.34,1799.5,244.49,546.84,18.77,0.39,0,0,1.92,1.38,0.01,0,18.18,-21.41
2025-11-12T10:55:00Z,-162.23,-16.03,0,0,42,41.34,0.11,0,0.17,179.1,19.07,1810.83,272.05,466.96,18.98,0.19,0,0,2.02,1.38,0.01,0,20.14,-24.64
2025-11-12T11:00:00Z,-175.25,-0.17,0,0,44,41.34,0.11,0,3.32,190.54,13.36,1822.16,263.83,474.19,19.2,0,0,0,2.11,1.38,0.01,0,21.66,-26.32
2025-11-12T11:05:00Z,-179.4,-24.59,0,0,43,41.34,0.11,0,3.04,190.81,11.77,1827.62,290.31,555.7,19.4,0.29,0,0,2.06,1.38,0.01,0,19.83,-20.55
2025-11-12T11:10:00Z,-118.95,-96.43,0,0,45,42.02,0.11,0,9.89,173.83,17.88,1833.08,253.83,548.23,19.6,1.19,0,0,2.16,1.41,0.01,0,14.98,-21.21
2025-11-12T11:15:00Z,-133.66,-106.05,0,0,39,41.34,0.11,0,0,172.89,18.46,1838.54,272.89,548.54,19.8,1.27,0,0,1.87,1.38,0.01,0,12.76,-21.47
2025-11-12T11:20:00Z,-308.58,0,31.78,0,42,41.34,0.11,0,0.05,192.19,19.07,1844.01,263.1,548.82,20,0,1.71,0,2.02,1.38,0.01,0,34.12,-21.21
2025-11-12T11:25:00Z,-129.71,-134.63,0,0,43,41.34,0.11,0,1.93,193.14,19.46,1849.47,235.2,549.2,20.2,1.56,0,0,2.06,1.38,0.01,0,12.09,-21.13
2025-11-12T11:30:00Z,-171.48,-101.5,0,0,43,41.34,0.11,0,2.72,189.2,20.19,1854.93,243.66,439.81,20.4,1.18,0,0,2.06,1.38,0.01,0,14.51,-24.76
2025-11-12T11:35:00Z,-215.96,-34.18,0,0,39,41.34,0.11,0,0,180.38,11.99,1858.14,228.22,557.9,20.63,0.41,0,0,1.87,1.38,0.01,0,18.21,-25.4
2025-11-12T11:40:00Z,-196.69,-43.56,0,0,40,41.34,0.11,0,0.03,185.97,10.37,1861.35,272.83,558.22,20.87,0.52,0,0,1.92,1.38,0.01,0,17.64,-21.21
2025-11-12T11:45:00Z,-170.57,-59.77,0,0,42,41.34,0.11,0,0.06,163.35,17.18,1864.56,252.15,501.99,21.1,0.77,0,0,2.02,1.38,0.01,0,16.66,-21.21
2025-11-12T11:50:00Z,-125.23,-128.06,0,0,42,42.02,0.11,0,0.06,160.8,18.63,1867.77,252.85,552.77,21.33,1.67,0,0,2.02,1.41,0.01,0,11.27,-19.88
2025-11-12T11:55:00Z,-81.47,-153.94,0,0,42,41.34,0.11,0,0,128.19,18.72,1870.98,285.75,504.16,21.57,2.28,0,0,2.02,1.38,0.01,0,7.27,-19.88
2025-11-12T12:00:00Z,-132.62,-136.43,0,0,43,41.34,0.11,0,2.45,152.91,19.57,1874.19,291.99,553.03,21.8,1.82,0,0,2.06,1.38,0.01,0,10.54,-20.65
2025-11-12T12:05:00Z,-165.52,-104.95,0,0,42,41.34,0.11,0,0.06,156.04,18.97,1873.87,297.48,553.15,21.88,1.38,0,0,2.02,1.38,0.01,0,13.04,-24
2025-11-12T12:10:00Z,-133.4,-145.57,0,0,44,41.34,0.11,0,7.33,147.24,15.33,1873.56,303.43,558.14,21.97,2,0,0,2.11,1.38,0.01,0,9.77,-21.21
2025-11-12T12:15:00Z,-129.72,-179.79,0,0,42,41.34,0.11,0,1.13,187.91,18.13,1873.24,258.28,504.72,22.05,2.11,0,0,2.02,1.38,0.01,0,8.41,-21.21
2025-11-12T12:20:00Z,-124.38,-179.77,0,0,41,41.34,0.11,0,2.92,164.82,18.82,1872.93,271.3,553.39,22.13,2.24,0,0,1.97,1.38,0.01,0,7.27,-31.09
2025-11-12T12:25:00Z,-172.01,-116.36,0,0,42,41.34,0.11,0,4.5,157.6,11.95,1872.61,295.43,561.37,22.22,1.54,0,0,2.02,1.38,0.01,0,12.17,-21.07
2025-11-12T12:30:00Z,-112.71,-193.77,0,0,41,42.02,0.11,0,4.26,160.6,17.5,1872.3,278.34,553.36,22.3,2.47,0,0,1.97,1.41,0.01,0,5.98,-19.88
2025-11-12T12:35:00Z,-122.79,-152.27,0,0,40,41.34,0.11,0,0.42,131.75,18.46,1877.29,273.44,553.33,22.32,2.17,0,0,1.92,1.38,0.01,0,7.45,-41.97
2025-11-12T12:40:00Z,-140.41,-99.1,0,0,43,41.34,0.11,0,4.14,151.24,12.29,1882.29,310.83,512.51,22.33,1.36,0,0,2.06,1.38,0.01,0,13.28,-26.61
2025-11-12T12:45:00Z,-154.38,-125.79,0,0,42,41.34,0.11,0,4.17,197.32,10.81,1887.29,289.91,561.17,22.35,1.45,0,0,2.02,1.38,0.01,0,12.35,-21.39
2025-11-12T12:50:00Z,-206.88,-93.4,0,0,40,41.34,0.11,0,0.07,193.07,16.64,1892.29,283.03,504.26,22.37,1.06,0,0,1.92,1.38,0.01,0,14.33,-21.78
2025-11-12T12:55:00Z,-238.31,-74.89,0,0,40,41.34,0.11,0,0,199.19,17.4,1897.29,292.87,504.41,22.38,0.83,0,0,1.92,1.38,0.01,0,15.8,-31.42
2025-11-12T13:00:00Z,-236.95,-80.25,0,0,40,41.34,0.11,0,0.09,199.75,11.09,1902.29,288.8,512.11,22.4,0.91,0,0,1.92,1.38,0.01,0,15.35,-24.71
2025-11-12T13:05:00Z,-246.84,-65.67,0,0,40,41.34,0.11,0,0,190.41,10.68,1897.61,281.43,560.82,22.47,0.77,0,0,1.92,1.38,0.01,0,16.33,-29.5
2025-11-12T13:10:00Z,-226.96,-73.84,0,0,40,41.34,0.11,0,0,189.48,10.49,1892.94,265.94,511.98,22.53,0.87,0,0,1.92,1.38,0.01,0,15.64,-24.97
2025-11-12T13:15:00Z,-224.65,-111.87,0,0,42,41.34,0.11,0,8.76,211.12,11.28,1888.27,269.31,560.55,22.6,1.21,0,0,2.02,1.38,0.01,0,14.11,-29.07
2025-11-12T13:20:00Z,-210.96,-104.22,0,0,43,41.34,0.11,0,13.06,186.81,11.48,1883.6,290.29,560.5,22.67,1.22,0,0,2.06,1.38,0.01,0,14.4,-28.33
2025-11-12T13:25:00Z,-111.44,-163.96,0,0,40,42.02,0.11,0,7.62,178.62,10.59,1878.93,274.86,542.68,22.73,1.96,0,0,1.92,1.41,0.01,0,8.76,-22.14
2025-11-12T13:30:00Z,-217.76,-87.81,0,0,40,42.02,0.11,0,2.4,199.17,16,1874.26,290.16,534.44,22.8,0.98,0,0,1.92,1.41,0.01,0,15.13,-31.88
2025-11-12T13:35:00Z,-224.29,-38.64,0,0,40,41.34,0.11,0,0,168.77,10.77,1867.7,280.3,542.25,22.85,0.49,0,0,1.92,1.38,0.01,0,18.14,-29.96
2025-11-12T13:40:00Z,-224.66,-29,0,0,40,42.02,0.11,0,0.17,179.03,9.44,1861.14,240.24,542.34,22.9,0.36,0,0,1.92,1.41,0.01,0,19.01,-30.53
2025-11-12T13:45:00Z,-225.45,-28.29,0,0,41,41.34,0.1,0,2.1,187.67,10.53,1854.58,273.89,542.08,22.95,0.34,0,0,1.97,1.38,0.01,0,19.25,-30.56
2025-11-12T13:50:00Z,-226.12,-43.55,0,0,40,42.02,0.11,0,5.4,197.65,10.77,1848.02,259.71,555.56,23,0.49,0,0,1.92,1.41,0.01,0,18.2,-27.98
2025-11-12T13:55:00Z,-225.9,-19.2,0,0,40,41.34,0.11,0,0.75,177.66,10.15,1841.46,295.9,539.67,23.05,0.24,0,0,1.92,1.38,0.01,0,19.77,-21.86
2025-11-12T14:00:00Z,-233.14,-2.66,0,0,40,41.34,0.11,0,0,157.4,16.92,1834.89,318.41,548.97,23.1,0.03,0,0,1.92,1.38,0.01,0,21.2,-21.97
2025-11-12T14:05:00Z,-278.22,0,77.27,0,40,41.34,0.11,0,0,135.41,18.26,1825.48,306.92,548.45,23.23,0,4.41,0,1.92,1.38,0.01,0,54.32,0
2025-11-12T14:10:00Z,-247.21,-12.93,0,0,40,42.02,0.11,0,0,196.16,18.28,1816.07,245.05,548.24,23.37,0.15,0,0,1.92,1.41,0.01,0,20.65,-26.02
2025-11-12T14:15:00Z,-304.63,0,133.19,0,42,41.34,0.11,0,0,122.23,12.46,1806.65,271.19,555.97,23.5,0,7.6,0,2.02,1.38,0.01,0,83.24,-21.21
2025-11-12T14:20:00Z,-404.32,0,158.03,0,39,41.34,0.11,0,0,189.04,16.52,1797.24,281.76,529.7,23.63,0,8.91,0,1.87,1.38,0.01,0,96.08,-23.7
2025-11-12T14:25:00Z,-427.14,0,168.75,0,42,42.02,0.11,0,0.03,220.54,18.62,1787.82,275.05,420.03,23.77,0,9.55,0,2.02,1.41,0.01,0,102.79,-27.52
2025-11-12T14:30:00Z,-452.71,0,315.19,0,40,42.02,0.11,0,0,119.96,12.21,1778.41,286.77,537.33,23.9,0,18,0,1.92,1.41,0.01,0,209.02,-24
2025-11-12T14:35:00Z,-456.64,0,333.4,0,43,42.02,0.11,0,0,139.07,12.33,1762.15,316.71,536.53,23.97,0,19.06,0,2.06,1.41,0.01,0,223.75,-20.01
2025-11-12T14:40:00Z,-506.03,0,377.57,0,40,42.02,0.11,0,0,137.02,16.91,1745.88,276.86,546.72,24.03,0,20.88,0,1.92,1.41,0.01,0,264.56,-20.7
2025-11-12T14:45:00Z,-505.62,0,359.64,0,43,42.02,0.11,0,0,138.42,18.91,1729.62,263.55,546.32,24.1,0,20.49,0,2.06,1.41,0.01,0,259.83,-27.29
2025-11-12T14:50:00Z,-459.19,0,352.32,0,43,41.34,0.11,0,0,117.97,12.85,1713.36,310.6,443.92,24.17,0,19.98,0,2.06,1.38,0.01,0,251.7,-20.3
2025-11-12T14:55:00Z,-415.84,0,320.14,0,42,41.34,0.11,0,0.24,114.93,17.35,1697.1,276.16,545.46,24.23,0,18.27,0,2.02,1.38,0.01,0,220.97,-19.88
2025-11-12T15:00:00Z,-392.98,0,217.41,-0.1,43,42.02,0.11,0,0.06,189.04,19.14,1680.84,219.28,527.36,24.3,0,12.16,0,2.06,1.41,0.01,0,137.61,-20
2025-11-12T15:05:00Z,-395.19,0,314.82,-0.1,44,42.02,0.11,0,0.15,112.04,20.15,1669.5,264.46,544.27,24.38,0,17.74,0,2.11,1.41,0.01,0,216.69,-19.88
2025-11-12T15:10:00Z,-453.14,0,347.05,-0.1,43,42.02,0.11,0,0.14,159.16,18.97,1658.16,230.01,543.61,24.47,0,20.06,0,2.06,1.41,0.01,0,251.95,-21
2025-11-12T15:15:00Z,-425.6,0,410.42,-0.1,40,42.02,0.11,0,0,116.4,18.63,1646.81,287.8,541.92,24.55,0,23.56,0,1.92,1.41,0.01,0,313.93,-21.21
2025-11-12T15:20:00Z,-422.36,0,438.35,0,41,42.02,0.11,0,0.01,103.19,18.46,1635.47,304.79,541.83,24.63,0,25.16,0,1.97,1.41,0.01,0,349.62,-20
2025-11-12T15:25:00Z,-421.3,0,424.42,0,42,42.02,0.11,0,0.52,127.38,18.71,1624.12,256,540.23,24.72,0,24.17,0,2.02,1.41,0.01,0,328.19,-18.64
2025-11-12T15:30:00Z,-388.75,0,357.07,0,41,42.02,0.11,0,0,161.92,18.7,1612.78,229.98,537.31,24.8,0,19.85,0,1.97,1.41,0.01,0,246.58,-19.67
2025-11-12T15:35:00Z,-164.89,0,162.42,0,43,42.02,0.11,0,1.35,148.16,19.69,1591.88,209.19,533.87,24.8,0,9.36,0,2.06,1.41,0.01,0,101.4,-25.41
2025-11-12T15:40:00Z,-61.29,0,145.47,0,44,42.02,0.11,0,22.3,83.21,13.7,1570.97,256.72,538.51,24.8,0,8.38,0,2.11,1.41,0.01,0,90.99,-16.89
2025-11-12T15:45:00Z,-71.26,0,104.46,0,42,42.02,0.11,0,0.36,153.07,17.17,1550.07,195.16,528.68,24.8,0,5.65,0,2.02,1.41,0.01,0,66.89,-11.11
2025-11-12T15:50:00Z,-92.24,-105.28,0,0,40,42.02,0.11,0,0,280.87,151.41,1529.17,106.05,347.22,24.8,0.68,0,0,1.92,1.41,0.01,0,17.23,-10
2025-11-12T15:55:00Z,-94.52,-149.36,0,0,43,42.69,0.11,0,0.31,300.32,199.37,1508.26,115.31,341.35,24.8,0.89,0,0,2.06,1.43,0.01,0,16.91,-9.35
2025-11-12T16:00:00Z,-48.03,-239.05,0,0,45,42.02,0.11,0,6.45,342.37,194.42,1487.36,85.06,339.98,24.8,1.35,0,0,2.16,1.41,0.01,0,14.54,-8.8
2025-11-12T16:05:00Z,-91.03,-161.7,0,0,42,41.34,0.11,0,0.66,321.15,198.49,1452.61,86.44,316.69,24.78,0.91,0,0,2.02,1.38,0.01,0,16.59,-11.66
2025-11-12T16:10:00Z,-58.16,-168.79,0,0,44,42.02,0.11,0,1.7,326.22,118.62,1417.85,82.31,310.39,24.77,1.12,0,0,2.11,1.41,0.01,0,16.77,-11.11
2025-11-12T16:15:00Z,-16.7,-187.69,0,0,40,41.34,0.11,0,2.1,337.53,226.54,1383.1,81.37,305.56,24.75,0.96,0,0,1.92,1.38,0.01,0,15.45,-11.11
2025-11-12T16:20:00Z,-77.28,-106.41,0,0,43,41.34,0.11,0,1.49,303.3,264.41,1348.35,106.34,240.42,24.73,0.56,0,0,2.06,1.38,0.01,0,19.09,-10
2025-11-12T16:25:00Z,-27.33,-179.29,0,0,40,42.02,0.11,0,0,318.53,304.67,1313.6,67.21,209.86,24.72,0.85,0,0,1.92,1.41,0.01,0,16.46,-11.8
2025-11-12T16:30:00Z,-48.91,0,43.34,0,41,41.34,0.11,0,1.56,255.73,199.88,1278.85,169.24,322.58,24.7,0,2.14,0,1.97,1.38,0.01,0,38.26,-11.11
2025-11-12T16:35:00Z,-104.89,0,79.75,0,39,42.02,0.11,0,0,285.64,227.5,1240.24,87.22,262.4,24.73,0,3.68,0,1.87,1.41,0.01,0,50.64,-20
2025-11-12T16:40:00Z,-78.8,0,119.26,0,43,41.34,0.11,0,5.63,169.25,309.91,1201.63,221.92,191.11,24.77,0,5.59,0,2.06,1.38,0.01,0,69.01,-18.28
2025-11-12T16:45:00Z,-77.26,0,91.54,0,39,41.34,0.11,0,1.41,255.48,302.5,1163.02,112.45,193.42,24.8,0,4.22,0,1.87,1.38,0.01,0,54.93,-11.79
2025-11-12T16:50:00Z,-85.68,0,55.12,0,42,41.34,0.11,0,12.14,267.8,346.99,1124.41,96.04,132.18,24.83,0,2.51,0,2.02,1.38,0.01,0,41.91,-19.98
2025-11-12T16:55:00Z,-82.03,0,205.53,0,44,41.34,0.11,0,6.02,184.54,303.83,1085.8,170.98,176.96,24.87,0,9.27,0,2.11,1.38,0.01,0,111.24,-15.08
2025-11-12T17:00:00Z,-90.45,0,219.65,0,43,41.34,0.11,0,2.37,235.98,298.62,1047.19,104.98,181.13,24.9,0,9.91,0,2.06,1.38,0.01,0,118.05,-15.08
2025-11-12T17:05:00Z,-26.44,0,226.07,0,41,42.02,0.11,0,3.66,225.55,305.1,1003.52,102.97,160.03,24.82,0,10.11,0,1.97,1.41,0.01,0,118.32,-15.08
2025-11-12T17:10:00Z,-0.62,0,223.76,0,43,41.34,0.11,0,5.45,226.64,298.01,959.85,99.08,158.92,24.73,0,10.16,0,2.06,1.38,0.01,0,121.02,-11.11
2025-11-12T17:15:00Z,-24.08,0,223,0,45,41.34,0.11,0,14.97,218.25,365.87,916.18,84.24,85.95,24.65,0,10.21,0,2.16,1.38,0.01,0,121.86,-10
2025-11-12T17:20:00Z,-0.21,0,126.62,0,44,42.02,0.11,0,18.49,227.15,424.19,872.5,29.8,2.46,24.57,0,5.88,0,2.11,1.41,0.01,0,75.14,-6.27
2025-11-12T17:25:00Z,-6.25,0,130.6,0,44,42.02,0.11,0,24.93,254.28,424.31,828.83,25.38,0.29,24.48,0,6.26,0,2.11,1.41,0.01,0,79.29,8.06
2025-11-12T17:30:00Z,-70.81,0,243.54,0,42,42.02,0.11,0,14.52,251.92,406.77,785.16,26.46,0,24.4,0,11.04,0,2.02,1.41,0.01,0,141.35,-3.52
2025-11-12T17:35:00Z,-28.44,0,303.42,0,45,41.34,0.11,0,19.69,211.17,388.72,744.09,19.2,0,24.27,0,14.32,0,2.16,1.38,0.01,0,191.82,0
2025-11-12T17:40:00Z,-15.91,0,224.36,0,44,57.45,0.11,80.03,17.63,242.36,371.04,703.01,0,0,24.13,0,10.64,0,2.11,1.92,0.01,3.93,175.17,12.78
2025-11-12T17:45:00Z,-3.02,0,182.68,0,43,58.79,0.11,80.45,66.29,255.11,352.19,661.93,0,0,24,0,8.75,0,2.06,1.97,0.01,3.95,150.8,57.2
2025-11-12T17:50:00Z,-2.64,0,278.26,0,44,59.46,0.11,81.24,73.92,245.66,321.85,620.86,0,0,23.87,0,13.71,0,2.11,1.99,0.01,3.99,224.39,75.33
2025-11-12T17:55:00Z,-0.18,0,305.85,0,45,58.79,0.11,80.9,81.6,246.42,291.8,579.78,0,0,23.73,0,15.32,0,2.16,1.97,0.01,3.98,260.76,127.14
2025-11-12T18:00:00Z,-3.26,0,391.11,0,41,113.82,0.11,78.84,16.65,240.27,256.88,538.7,0,0,23.6,0,19.97,0,1.97,3.81,0.01,3.87,398.59,127.21
2025-11-12T18:05:00Z,-0.28,0,394.75,0,43,118.52,0.11,80.66,36.73,245.52,257.6,498.49,0,0,23.53,0,20.26,0,2.06,3.97,0.01,3.96,410.06,110.94
2025-11-12T18:10:00Z,-3.55,0,377.61,0,40,119.19,0.11,78.03,145.15,233.39,226.04,458.28,0,0,23.47,0,19.96,0,1.92,3.99,0.01,3.83,387.94,87.74
2025-11-12T18:15:00Z,0,0,528.53,0,45,68.86,0.11,80.89,103.61,233.39,215.47,418.07,0,0,23.4,0,27.97,0,2.16,2.31,0.01,3.98,686.17,125
2025-11-12T18:20:00Z,-0.16,0,493.82,0,42,116.51,0.11,79.21,144.78,209.44,189.9,377.86,0,0,23.33,0,26.34,0,2.02,3.9,0.01,3.89,651.61,107.63
2025-11-12T18:25:00Z,-0.16,0,506.82,0,43,119.19,0.11,78.9,191.18,207.14,165.84,337.64,0,0,23.27,0,27.82,0,2.06,3.99,0.01,3.88,712.41,100.01
2025-11-12T18:30:00Z,-0.51,0,447.43,0,40,90.34,0.11,78.83,352.76,184.77,149.28,297.43,0,0,23.2,0,24.14,0,1.92,3.02,0.01,3.87,530.64,105
2025-11-12T18:35:00Z,-0.46,0,407.65,0,40,119.19,0.11,79.21,398.33,186.61,119.47,266.02,0,0,22.95,0,22.81,0,1.92,3.99,0.01,3.89,488.78,92.75
2025-11-12T18:40:00Z,0,0,428.47,0,42,89.66,0.11,79.71,472.76,168.94,100.1,234.61,0,0,22.7,0,24.16,0,2.02,3,0.01,3.92,523.04,120.11
2025-11-12T18:45:00Z,0,0,514.25,0,40,119.19,0.11,78.78,431.54,153.86,83.64,203.2,0,0,22.45,0,29.1,0,1.92,3.99,0.01,3.87,782.94,129.99
2025-11-12T18:50:00Z,-0.15,0,488.07,0,40,118.52,0.11,79.07,468.34,155.23,62.1,171.79,0,0,22.2,0,28.46,0,1.92,3.97,0.01,3.89,755.97,138
2025-11-12T18:55:00Z,-0.15,0,512.76,0,41,117.85,0.11,137.99,402.41,171.29,49.35,140.38,0,0,21.95,0,29.8,0,1.97,3.95,0.01,6.78,931.66,140.8
2025-11-12T19:00:00Z,0,0,515.61,0,40,117.85,0.11,155.18,400.55,174.54,35.21,108.97,0,0,21.7,0,29.93,0,1.92,3.95,0.01,7.63,1008.47,138
2025-11-12T19:05:00Z,-0.13,0,538.64,0,41,118.52,0.11,144.9,411.49,180.62,21.18,93.03,0,0,21.25,0,31.39,0,1.97,3.97,0.01,7.12,1129.91,134.33
2025-11-12T19:10:00Z,-0.42,0,569.47,0,40,117.85,0.11,80.8,491.71,165.7,12.75,77.08,0,0,20.8,0,32.9,0,1.92,3.95,0.01,3.97,1232.68,138
2025-11-12T19:15:00Z,0,0,544.72,0,40,118.52,0.11,122.79,489.22,161.8,7.09,61.14,0,0,20.35,0,31.77,0,1.92,3.97,0.01,6.03,1150.04,138
2025-11-12T19:20:00Z,-0.43,0,523.73,0,40,118.52,0.11,123.61,511.63,165.67,3.48,45.19,0,0,19.9,0,30.38,0,1.92,3.97,0.01,6.07,1049.76,148
2025-11-12T19:25:00Z,-0.84,0,519.3,0,40,119.19,0.11,171.34,466.54,162.87,1.16,29.25,0,0,19.45,0,29.74,0,1.92,3.99,0.01,8.42,1124.74,148
2025-11-12T19:30:00Z,-0.04,0,556.28,0,40,118.52,0.11,170.82,460.76,154.57,0.4,13.3,0,0,19,0,32.43,0,1.92,3.97,0.01,8.39,1394.07,167.03
2025-11-12T19:35:00Z,0,0,531.07,0,42,119.19,0.11,172.76,468.56,168.49,0.1,11.08,0,0,18.77,0,30.71,0,2.02,3.99,0.01,8.49,1202.31,198
2025-11-12T19:40:00Z,-0.78,0,525.02,0,40,149.39,0.11,171.8,413.42,187.32,0.05,8.87,0,0,18.53,0,29.34,0,1.92,5,0.01,8.44,1205.24,149.66
2025-11-12T19:45:00Z,0,0,486.95,0,44,119.86,0.11,171.37,460.02,208.97,0.01,6.65,0,0,18.3,0,28.32,0,2.11,4.01,0.01,8.42,981.83,149.18
2025-11-12T19:50:00Z,-0.76,0,438.04,0,40,119.86,0.11,171.8,525.11,214.09,0.01,4.43,0,0,18.07,0,24.4,0,1.92,4.01,0.01,8.44,731.07,198
2025-11-12T19:55:00Z,-0.37,0,510.23,0,41,148.72,0.11,174.87,398.86,231.86,0.01,2.22,0,0,17.83,0,28.46,0,1.97,4.98,0.01,8.59,1084.37,198
2025-11-12T20:00:00Z,-0.69,0,543.41,0,40,148.05,0.11,172.11,372.72,232.73,0.01,0,0,0,17.6,0,30.84,0,1.92,4.96,0.01,8.46,1314.4,215.1
2025-11-12T20:05:00Z,-0.93,0,537.31,0,40,148.72,0.11,173.21,374.39,233.54,0.01,0,0,0,17.42,0,30.74,0,1.92,4.98,0.01,8.51,1282.84,169.43
2025-11-12T20:10:00Z,-0.39,0,499.22,0,42,120.53,0.1,174.5,434.28,239.63,0.01,0,0,0,17.23,0,28.28,0,2.02,4.04,0.01,8.58,1006.79,170.44
2025-11-12T20:15:00Z,-1.24,0,510.48,0,40,131.27,33.65,167.77,370.12,241.18,0,0,0,0,17.05,0,29.27,0,1.92,4.4,1.43,8.24,1149.88,170.44
2025-11-12T20:20:00Z,-0.46,0,545.72,0,40,135.3,82.68,173.68,259.99,259.03,0,0,0,0,16.87,0,31.8,0,1.92,4.53,3.5,8.53,1491.9,170.44
2025-11-12T20:25:00Z,-0.42,0,513.24,0,40,141.34,83.12,172.99,284.92,262.86,0,0,0,0,16.68,0,29.75,0,1.92,4.73,3.52,8.5,1232.34,220.61
2025-11-12T20:30:00Z,-0.33,0,552.6,0,40,148.72,83.27,172.61,228.47,279.61,0,0,0,0,16.5,0,32.08,0,1.92,4.98,3.53,8.48,1530.67,198.37
2025-11-12T20:35:00Z,-0.53,0,526.52,0,40,149.39,83.28,174.85,226.89,296.29,0,0,0,0,16.27,0,31.59,0,1.92,5,3.53,8.59,1369.6,172.1
2025-11-12T20:40:00Z,-0.29,0,462.91,0,42,149.39,83.34,175.46,275.34,306.86,0,0,0,0,16.03,0,27.4,0,2.02,5,3.53,8.62,981.77,174.07
2025-11-12T20:45:00Z,-4.4,0,435.23,0,40,148.05,83.22,173.42,279.37,330.32,0,0,0,0,15.8,0,25.76,0,1.92,4.96,3.52,8.52,872.27,133.31
2025-11-12T20:50:00Z,-0.24,0,443.3,0,46,121.21,83.21,175.11,286.28,341.76,0,0,0,0,15.57,0,27.6,0,2.21,4.06,3.52,8.61,904.78,221.04
2025-11-12T20:55:00Z,-0.26,0,494.94,-0.1,44,148.72,83.45,173.02,195.54,335.73,0,0,0,0,15.33,0,30.15,0,2.11,4.98,3.53,8.5,1218.85,174.99
2025-11-12T21:00:00Z,-2.02,0,457.53,0,42,149.39,83.8,175.25,208.9,365.6,0,0,0,0,15.1,0,28.31,0,2.02,5,3.55,8.61,1007.94,173.82
2025-11-12T21:05:00Z,-7.86,0,483.25,0,43,148.05,83.8,166.43,187.25,376.4,0,0,0,0,15.03,0,30.65,0,2.06,4.96,3.55,8.18,1153.65,162.32
2025-11-12T21:10:00Z,-2.55,0,507.75,0,47,119.86,83.92,171.02,181.65,380.33,0,0,0,0,14.97,0,32.17,0,2.26,4.01,3.55,8.4,1277.36,179.5
2025-11-12T21:15:00Z,-2.51,0,427.4,0,43,148.72,84.07,169.21,198.62,398.72,0,0,0,0,14.9,0,26.54,0,2.06,4.98,3.56,8.32,890.71,240.09
2025-11-12T21:20:00Z,-2.89,0,453.85,0,42,148.72,84.16,174.79,118.87,426.88,0,0,0,0,14.83,0,27.82,0,2.02,4.98,3.56,8.59,1046.23,146.04
2025-11-12T21:25:00Z,-11.09,0,403.16,0,47,119.19,84.38,175.88,150.26,495.73,0,0,0,0,14.77,0,26.48,0,2.26,3.99,3.57,8.64,819.47,164.21
2025-11-12T21:30:00Z,-12.32,0,443.34,0,40,119.86,83.04,171.72,65.74,541.98,0,0,0,0,14.7,0,28.85,0,1.92,4.01,3.52,8.44,989.77,112.18
2025-11-12T21:35:00Z,-12.18,0,432.06,0,41,120.53,84.03,174.47,37.13,572.23,0,0,0,0,14.55,0,29.04,0,1.97,4.04,3.56,8.57,967.54,131.91
2025-11-12T21:40:00Z,-52.74,0,433.86,0,41,120.53,58.44,173.24,85.23,581.96,0,0,0,0,14.4,0,28.43,0,1.97,4.04,2.48,8.51,949.94,124.78
2025-11-12T21:45:00Z,-27.41,0,385.95,0,40,120.53,41.54,173.36,74.05,613.91,0,0,0,0,14.25,0,25.49,0,1.92,4.04,1.76,8.52,770.26,104.44
2025-11-12T21:50:00Z,-42.6,0,430.49,0,40,99.73,41.5,170.21,47.7,626.16,0,0,0,0,14.1,0,28.52,0,1.92,3.34,1.76,8.36,954,86.47
2025-11-12T21:55:00Z,-15.6,0,432.58,0,41,58.79,41.73,173.92,55.26,624.34,0,0,0,0,13.95,0,28.73,0,1.97,1.97,1.77,8.55,943.22,87.62
2025-11-12T22:00:00Z,-18.31,0,459.59,0,40,60.14,41.46,168.58,13.07,639.39,0,0,0,0,13.8,0,30.85,0,1.92,2.01,1.76,8.28,1109.63,80.34
2025-11-12T22:05:00Z,-4.22,0,397.76,0,40,60.14,41.95,174.93,53.34,639.8,0,0,0,0,13.7,0,27.63,0,1.92,2.01,1.78,8.6,827.46,87.3
2025-11-12T22:10:00Z,-3.31,0,339.45,0,40,60.14,21.24,174.73,72.65,672.36,0,0,0,0,13.6,0,23.28,0,1.92,2.01,0.9,8.59,630.67,120.49
2025-11-12T22:15:00Z,-5.92,0,294.23,0,40,112.48,0.1,173.53,62.64,688.41,0,0,0,0,13.5,0,20.35,0,1.92,3.77,0.01,8.53,533.88,112.95
2025-11-12T22:20:00Z,-7.71,0,285.42,0,40,119.19,0.1,172.5,58.93,681.97,0,0,0,0,13.4,0,19.85,0,1.92,3.99,0.01,8.48,527.08,90.44
2025-11-12T22:25:00Z,-4.07,0,306.39,0,41,76.91,0.1,165.64,56.93,726.3,0,0,0,0,13.3,0,21.31,0,1.97,2.58,0.01,8.14,539.42,97.62
2025-11-12T22:30:00Z,-4.56,0,250.74,0,41,88.32,0.1,157.95,55.72,771.26,0,0,0,0,13.2,0,17.56,0,1.97,2.96,0.01,7.76,422.65,89.41
2025-11-12T22:35:00Z,-3.31,0,241.49,0,40,59.46,0.1,157.2,58.75,800.67,0,0,0,0,13.12,0,17.05,0,1.92,1.99,0.01,7.73,395.18,101.31
2025-11-12T22:40:00Z,-6.85,0,212.32,-0.1,40,43.36,0.1,150.82,58.61,844.27,0,0,0,0,13.03,0,15.09,0,1.92,1.45,0.01,7.41,338.39,70.5
2025-11-12T22:45:00Z,-5.55,0,204.98,-0.1,40,42.69,0.1,155.18,28.14,874.35,0,0,0,0,12.95,0,14.62,0,1.92,1.43,0.01,7.63,330.36,76.99
2025-11-12T22:50:00Z,-16.24,0,174.74,0,40,41.34,0.1,156.41,26.12,910.09,0,0,0,0,12.87,0,12.46,0,1.92,1.38,0.01,7.69,286.28,69.18
2025-11-12T22:55:00Z,-19.73,0,121.58,-0.1,41,41.34,0.1,154.91,30.21,972.17,0,0,0,0,12.78,0,8.68,0,1.97,1.38,0.01,7.61,214.65,69.37
2025-11-12T23:00:00Z,-25.24,0,46.68,-0.1,40,41.34,0.1,156.69,34.04,1039.53,0,0,0,0,12.7,0,3.36,0,1.92,1.38,0.01,7.7,139.12,31.31
2025-11-12T23:05:00Z,-9.51,0,14.64,0,40,41.34,0.1,151.19,14.59,1088.98,0,0,0,0,12.67,0,1.06,0,1.92,1.38,0.01,7.43,107.93,79.05
2025-11-12T23:10:00Z,-2.59,0,14.37,0,43,41.34,0.1,18.36,69.19,1145.73,0,0,0,0,12.63,0,1.08,0,2.06,1.38,0.01,0.9,50.11,79.05
2025-11-12T23:15:00Z,-5.16,0,19.36,0,41,41.34,0.1,0,43.76,1174.81,0,0,0,0,12.6,0,1.48,0,1.97,1.38,0.01,0,45.47,148.93
2025-11-12T23:20:00Z,-24.79,-83.18,0,0,40,40.67,0.1,0,50.95,1279.85,0,0,0,0,12.57,0.19,0,0,1.92,1.36,0.01,0,28.48,136.85
2025-11-12T23:25:00Z,-79.36,-31.77,0,0,40,40.67,0.1,0,52.95,1279.62,0,0,0,0,12.53,0.07,0,0,1.92,1.36,0.01,0,29.62,20.45
2025-11-12T23:30:00Z,-79.79,-13.82,0,0,40,41.34,0.1,0,0.56,1347.01,0,0,0,0,12.5,0.03,0,0,1.92,1.38,0.01,0,29.46,101.77
2025-11-12T23:35:00Z,-55.18,-130.46,0,0,40,40.67,0.1,0,31.47,1406.95,0,0,0,0,12.47,0.28,0,0,1.92,1.36,0.01,0,27.04,59.55
2025-11-12T23:40:00Z,-4.25,-171.89,0,0,40,41.34,0.1,0,45.88,1429.45,0,0,0,0,12.43,0.37,0,0,1.92,1.38,0.01,0,25.59,113.62
2025-11-12T23:45:00Z,-1.18,-232.74,0,0,40,40.67,0.1,0,77.53,1448.38,0,0,0,0,12.4,0.48,0,0,1.92,1.36,0.01,0,24.58,100.57
2025-11-12T23:50:00Z,-37.75,-187.75,0,0,41,41.34,0.1,0,44.91,1464.58,0,0,0,0,12.37,0.4,0,0,1.97,1.38,0.01,0,26.01,139.74
2025-11-12T23:55:00Z,-0.03,-322.64,0,0,41,41.34,0.1,0,79.06,1513.98,0,0,0,0,12.33,0.65,0,0,1.97,1.38,0.01,0,24.05,128.93
2025-11-13T00:00:00Z,-7.98,-260.12,0,0,40,40.67,0.1,0,63.49,1485.67,0,0,0,0,12.3,0.52,0,0,1.92,1.36,0.01,0,24.35,105.84
2025-11-13T00:05:00Z,-3.9,-300.88,0,0,40,40.67,0.1,0,50.37,1528.82,0,0,0,0,12.38,0.6,0,0,1.92,1.36,0.01,0,23.84,109.15
2025-11-13T00:10:00Z,-34.36,-272.14,0,0,41,40,0.1,0,51.56,1535.6,0,0,0,0,12.47,0.54,0,0,1.97,1.34,0.01,0,24.43,122.87
2025-11-13T00:15:00Z,-26.84,-270.28,0,0,40,40.67,0.1,0,48.7,1536.28,0,0,0,0,12.55,0.53,0,0,1.92,1.36,0.01,0,24.15,100.03
2025-11-13T00:20:00Z,-9.69,-281.49,0,0,40,40.67,0.1,0,51.54,1538.5,0,0,0,0,12.63,0.55,0,0,1.92,1.36,0.01,0,23.78,100.14
2025-11-13T00:25:00Z,-1.17,-301.81,0,0,40,40.67,0.1,0,59.73,1560.95,0,0,0,0,12.72,0.58,0,0,1.92,1.36,0.01,0,23.21,103.16
2025-11-13T00:30:00Z,-11.61,-243.74,0,0,40,40.67,0.1,0,0,1565.05,0,0,0,0,12.8,0.49,0,0,1.92,1.36,0.01,0,24.17,81.96
2025-11-13T00:35:00Z,-9.1,-304.79,0,0,40,40.67,0.1,0,46.8,1586.5,0,0,0,0,13,0.58,0,0,1.92,1.36,0.01,0,23.17,68.53
2025-11-13T00:40:00Z,-5.39,-297.95,0,0,40,41.34,0.1,0,24.25,1614.24,0,0,0,0,13.2,0.57,0,0,1.92,1.38,0.01,0,23.18,69.22
2025-11-13T00:45:00Z,-42.07,-246.94,0,-0.1,40,40.67,0.1,0,0,1623,0,0,0,0,13.4,0.48,0,0,1.92,1.36,0.01,0,23.85,62.92
2025-11-13T00:50:00Z,-5.91,-308.84,0,-0.1,40,40.67,0.1,0,18.77,1620.72,0,0,0,0,13.6,0.59,0,0,1.92,1.36,0.01,0,23.03,61.46
2025-11-13T00:55:00Z,-6.57,-318.19,0,-0.1,40,40.67,0.1,0,24.6,1636.38,0,0,0,0,13.8,0.6,0,0,1.92,1.36,0.01,0,22.76,60.26
2025-11-13T01:00:00Z,-8.82,-300.3,0,0,40,40.67,0.09,0,0,1646.57,0,0,0,0,14,0.57,0,0,1.92,1.36,0.01,0,22.98,41.88
2025-11-13T01:05:00Z,-4.57,-309.9,0,0,40,40.67,0.1,0,0,1662.38,0,0,0,0,14.45,0.58,0,0,1.92,1.36,0.01,0,22.71,42.15
2025-11-13T01:10:00Z,-5.55,-326.39,0,0,40,40.67,0.1,0,0.03,1683.07,0,0,0,0,14.9,0.61,0,0,1.92,1.36,0.01,0,22.45,35.71
2025-11-13T01:15:00Z,-13.71,-360.74,0,0,40,40.67,0.1,0,1.02,1720.52,0,0,0,0,15.35,0.66,0,0,1.92,1.36,0.01,0,22.1,8.3
2025-11-13T01:20:00Z,-20.78,-345.78,0,0,40,41.34,0.1,0,0,1719.29,0,0,0,0,15.8,0.64,0,0,1.92,1.38,0.01,0,22.38,7.42
2025-11-13T01:25:00Z,-25.53,-344.49,0,0,40,40.67,0.1,0,0,1720.95,0,0,0,0,16.25,0.63,0,0,1.92,1.36,0.01,0,22.29,0
2025-11-13T01:30:00Z,-68.86,-341.46,0,0,40,40.67,0.1,0,0.05,1751.81,0,0,0,0,16.7,0.61,0,0,1.92,1.36,0.01,0,22.57,0
2025-11-13T01:35:00Z,-100.87,-339.93,0,0,40,40.67,0.1,0,0,1787.5,0,0,0,0,16.57,0.6,0,0,1.92,1.36,0.01,0,22.61,-3.31
2025-11-13T01:40:00Z,-81.24,-368.38,0,0,41,40.67,0.1,0,0.07,1792.19,0,0,0,0,16.43,0.66,0,0,1.97,1.36,0.01,0,22.58,0.01
2025-11-13T01:45:00Z,-115.76,-330.03,0,0,40,40.67,0.1,0,0,1784.94,0,0,0,0,16.3,0.58,0,0,1.92,1.36,0.01,0,22.87,-0.09
2025-11-13T01:50:00Z,-33.39,-408.29,0,0,40,40.67,0.1,0,0.1,1776.31,0,0,0,0,16.17,0.72,0,0,1.92,1.36,0.01,0,21.74,-6.07
2025-11-13T01:55:00Z,-80.96,-342.98,0,0,40,40,0.1,0,0.01,1761.57,0,0,0,0,16.03,0.61,0,0,1.92,1.34,0.01,0,22.49,-0.23
2025-11-13T02:00:00Z,-89.17,-346.23,0,0,40,40.67,0.1,0,0,1774.7,0,0,0,0,15.9,0.61,0,0,1.92,1.36,0.01,0,22.6,-6.1
2025-11-13T02:05:00Z,-92.12,-347.63,0,0,40,40.67,0.1,0,0,1773.95,0,0,0,0,15.67,0.62,0,0,1.92,1.36,0.01,0,22.66,0.01
2025-11-13T02:10:00Z,-84.83,-365.25,0,0,42,40.67,0.1,0,2.6,1784.39,0,0,0,0,15.43,0.66,0,0,2.02,1.36,0.01,0,23.01,-6.16
2025-11-13T02:15:00Z,-142.33,-312.87,0,0,40,40.67,0.1,0,0,1785.33,0,0,0,0,15.2,0.55,0,0,1.92,1.36,0.01,0,23.27,-3.38
2025-11-13T02:20:00Z,-170.55,-273.58,0,0,43,40.67,0.1,0,0.18,1760.53,0,0,0,0,14.97,0.51,0,0,2.06,1.36,0.01,0,25.05,0
2025-11-13T02:25:00Z,-200.28,-255.63,0,0,41,40.67,0.1,0,0.15,1747.86,0,0,0,0,14.73,0.47,0,0,1.97,1.36,0.01,0,25.07,6.69
2025-11-13T02:30:00Z,-185.08,-270.89,0,0,42,40.67,0.1,0,0.28,1761.04,0,0,0,0,14.5,0.5,0,0,2.02,1.36,0.01,0,24.95,-0.1
2025-11-13T02:35:00Z,-195.51,-286.73,0,0,42,40.67,0.1,0,0.03,1767.78,0,0,0,0,14.47,0.52,0,0,2.02,1.36,0.01,0,25.08,-6
2025-11-13T02:40:00Z,-98.06,-361.68,0,0,40,41.34,0.09,0,0,1762.15,0,0,0,0,14.43,0.65,0,0,1.92,1.38,0.01,0,23.07,1.1
2025-11-13T02:45:00Z,-109.23,-353.31,0,0,40,41.34,0.1,0,2.91,1756.62,0,0,0,0,14.4,0.64,0,0,1.92,1.38,0.01,0,23.29,-6.01
2025-11-13T02:50:00Z,-83.55,-351.94,0,0,41,40.67,0.1,0,0,1744.22,0,0,0,0,14.37,0.64,0,0,1.97,1.36,0.01,0,23.24,0
2025-11-13T02:55:00Z,-177.9,-253.62,0,0,41,40.67,0.1,0,0,1732.72,0,0,0,0,14.33,0.47,0,0,1.97,1.36,0.01,0,24.9,0
2025-11-13T03:00:00Z,-182.19,-259.65,0,0,42,40.67,0.09,0,0,1737.42,0,0,0,0,14.3,0.48,0,0,2.02,1.36,0.01,0,25.25,0
2025-11-13T03:05:00Z,-217.3,-224.65,0,0,40,40.67,0.1,0,0,1737.85,0,0,0,0,14.45,0.44,0,0,1.92,1.36,0.01,0,24.85,0
2025-11-13T03:10:00Z,-158.35,-297.33,0,0,41,40.67,0.1,0,0.1,1739.95,0,0,0,0,14.6,0.54,0,0,1.97,1.36,0.01,0,24.52,-3.32
2025-11-13T03:15:00Z,-130.06,-318.48,0,0,42,41.34,0.1,0,1.79,1725.78,0,0,0,0,14.75,0.6,0,0,2.02,1.38,0.01,0,24.72,-3.32
2025-11-13T03:20:00Z,-122.36,-339.04,0,0,41,40.67,0.1,0,0.54,1740.18,0,0,0,0,14.9,0.62,0,0,1.97,1.36,0.01,0,23.94,-3.31
2025-11-13T03:25:00Z,-129.37,-345.15,0,0,41,40.67,0.1,0,0.2,1739.32,0,0,0,0,15.05,0.63,0,0,1.97,1.36,0.01,0,24.09,-3.27
2025-11-13T03:30:00Z,-120.23,-320.74,0,0,41,41.34,0.09,0,0.07,1734.36,0,0,0,0,15.2,0.59,0,0,1.97,1.38,0.01,0,24.12,-6.12
2025-11-13T03:35:00Z,-133.01,-326.9,0,0,40,40.67,0.1,0,0.02,1734.9,0,0,0,0,15.27,0.59,0,0,1.92,1.36,0.01,0,23.86,0
2025-11-13T03:40:00Z,-131.24,-311.98,0,0,41,41.34,0.1,0,0.21,1727.6,0,0,0,0,15.33,0.58,0,0,1.97,1.38,0.01,0,24.4,-6.12
2025-11-13T03:45:00Z,-140.89,-314.05,0,0,40,40.67,0.1,0,0,1717.98,0,0,0,0,15.4,0.57,0,0,1.92,1.36,0.01,0,24.23,-6.26
2025-11-13T03:50:00Z,-225.38,-239,0,0,40,40.67,0.1,0,0,1717.84,0,0,0,0,15.47,0.44,0,0,1.92,1.36,0.01,0,25.64,-6.28
2025-11-13T03:55:00Z,-256.74,-165.06,0,0,40,40.67,0.1,0,0,1681.5,0,0,0,0,15.53,0.31,0,0,1.92,1.36,0.01,0,26.68,-6.22
2025-11-13T04:00:00Z,-189.87,-190.29,0,0,40,40.67,0.1,0,0,1630.66,0,0,0,0,15.6,0.37,0,0,1.92,1.36,0.01,0,26.34,-6.3
2025-11-13T04:05:00Z,-169.06,-201.96,0,0,41,41.34,0.09,0,0.16,1622.41,0,0,0,0,15.55,0.38,0,0,1.97,1.38,0.01,0,26.78,-6.3
2025-11-13T04:10:00Z,-146.94,-212.33,0,0,42,40.67,0.09,0,0.32,1609.78,0,0,0,0,15.5,0.4,0,0,2.02,1.36,0.01,0,26.83,-6.3
2025-11-13T04:15:00Z,-139.33,-217.54,0,0,44,40.67,0.1,0,4.15,1602.33,0,0,0,0,15.45,0.42,0,0,2.11,1.36,0.01,0,27.52,-6.29
2025-11-13T04:20:00Z,-127.87,-195.25,0,0,42,40.67,0.1,0,2.22,1559.03,0,0,0,0,15.4,0.38,0,0,2.02,1.36,0.01,0,27.29,-3.37
2025-11-13T04:25:00Z,-49.29,-263.31,0,0,43,40,0.09,0,5.55,1540.69,0,0,0,0,15.35,0.52,0,0,2.06,1.34,0.01,0,26.36,0
2025-11-13T04:30:00Z,-72.13,-198.24,0,0,40,40,0.1,0,0.26,1505.79,0,0,0,0,15.3,0.39,0,0,1.92,1.34,0.01,0,26.26,-3.38
2025-11-13T04:35:00Z,-12.9,-200.92,0,0,44,41.34,0.1,0,11.91,1446.85,0,0,0,0,15.48,0.41,0,0,2.11,1.38,0.01,0,27.89,0.01
2025-11-13T04:40:00Z,-15.11,-175.28,0,0,40,40.67,0.1,0,0.27,1441.71,0,0,0,0,15.67,0.35,0,0,1.92,1.36,0.01,0,26.47,8.68
2025-11-13T04:45:00Z,-12.73,-142.3,0,0,40,40.67,0.1,0,4.8,1398.58,0,0,0,0,15.85,0.29,0,0,1.92,1.36,0.01,0,27.1,8.75
2025-11-13T04:50:00Z,0,-133.53,0,0,44,40.67,0.1,0,14.65,1374.38,0,0,0,0,16.03,0.28,0,0,2.11,1.36,0.01,0,28.67,12.59
2025-11-13T04:55:00Z,-0.24,-83.01,0,0,43,40.67,0.1,0,16.51,1317.84,0,0,0,0,16.22,0.17,0,0,2.06,1.36,0.01,0,29.29,6.15
2025-11-13T05:00:00Z,-0.79,-36.35,0,0,42,40.67,0.1,0,5.81,1292.15,0,0,0,0,16.4,0.08,0,0,2.02,1.36,0.01,0,29.54,8.95
2025-11-13T05:05:00Z,-0.29,-42.67,0,0,42,40.67,0.1,0,45.26,1269.33,0,0,0,0,16.17,0.09,0,0,2.02,1.36,0.01,0,29.19,12.9
2025-11-13T05:10:00Z,-0.09,-41.56,0,0,45,40.67,0.1,0,66.56,1241.8,0,0,0,0,15.93,0.09,0,0,2.16,1.36,0.01,0,30.51,31.31
2025-11-13T05:15:00Z,-0.3,-55.5,0,0,42,40.67,0.1,0,104.31,1199.37,0,0,0,0,15.7,0.12,0,0,2.02,1.36,0.01,0,29.46,31.31
2025-11-13T05:20:00Z,-0.11,0,19.53,0,42,40.67,0.1,0,80.03,1161.87,0,0,0,0,15.47,0,1.02,0,2.02,1.36,0.01,0,40.45,31.31
2025-11-13T05:25:00Z,-0.16,0,64.02,0,43,40.67,0.1,0,95.62,1114.32,0,0,0,0,15.23,0,3.35,0,2.06,1.36,0.01,0,66.19,38.73
2025-11-13T05:30:00Z,-0.33,0,119.53,0,41,40,0.1,0,92.89,1082.85,0,0,0,0,15,0,6.24,0,1.97,1.34,0.01,0,100.85,20.98
2025-11-13T05:35:00Z,-30.29,0,38.61,-0.1,40,40.67,0.1,0,189.53,1124.8,0,1.75,0,0,14.95,0,1.99,0,1.92,1.36,0.01,0,47.72,19.74
2025-11-13T05:40:00Z,-1.21,0,120.96,0,41,40.67,0.1,0,52.6,1149,0.01,3.5,0,0,14.9,0,6.18,0,1.97,1.36,0.01,0,98.02,9.41
2025-11-13T05:45:00Z,-31.1,0,197.7,0,40,40.67,0.1,0,56.38,1123.24,0.07,5.25,0,0,14.85,0,9.68,0,1.92,1.36,0.01,0,150.12,20.21
2025-11-13T05:50:00Z,-24.28,0,133.91,0,40,40.67,0.1,0,59.72,1167.16,0.95,7,0,0,14.8,0,6.78,0,1.92,1.36,0.01,0,104.36,12.85
2025-11-13T05:55:00Z,-35.04,0,170.38,0,40,41.34,0.1,0,61.24,1129.61,0.85,8.75,0,0,14.75,0,8.51,0,1.92,1.38,0.01,0,131.75,12.91
2025-11-13T06:00:00Z,-15.11,0,203.48,0,41,40.67,0.1,0,44.37,1083.38,4.04,10.5,0,0,14.7,0,10.07,0,1.97,1.36,0.01,0,159.94,0
2025-11-13T06:05:00Z,-12.03,0,287.46,0,43,40.67,0.1,0,14.09,1027.7,8.25,21.89,0,0,14.78,0,14.01,0,2.06,1.36,0.01,0,244.5,0
2025-11-13T06:10:00Z,-0.16,0,265.91,0,46,40.67,0.1,0,44.06,1024.78,10.05,33.27,0,0,14.87,0,12.87,0,2.21,1.36,0.01,0,211.49,0
2025-11-13T06:15:00Z,-1.52,0,319.92,0,44,40.67,0.1,0,11.21,1021.83,12.35,44.66,0,0,14.95,0,14.83,0,2.11,1.36,0.01,0,257.44,0
2025-11-13T06:20:00Z,-0.51,0,313.26,0,45,40.67,0.1,0,18.54,995.62,17.04,56.05,0,0,15.03,0,14.62,0,2.16,1.36,0.01,0,253.46,0
2025-11-13T06:25:00Z,-58.1,0,402.76,0,40,41.34,0.1,0,1.38,987.65,18.96,67.43,0,0,15.12,0,18.61,0,1.92,1.38,0.01,0,377.85,-6.95
2025-11-13T06:30:00Z,-34.01,0,404.63,0,40,41.34,0.1,0,0,967.41,20.76,78.82,0,0,15.2,0,19.25,0,1.92,1.38,0.01,0,381.43,-6.35
2025-11-13T06:35:00Z,-58.07,0,424.32,0,44,41.34,0.1,0,3.87,962.38,24.33,94.17,0,0,15.48,0,20.85,0,2.11,1.38,0.01,0,424.79,-7
2025-11-13T06:40:00Z,-29.65,0,383.2,0,48,40.67,0.1,0,38.75,936.86,26.63,109.52,0,0,15.77,0,20.17,0,2.3,1.36,0.01,0,363.18,-6.97
2025-11-13T06:45:00Z,-54.98,0,527.1,0,44,40.67,0.1,0,17.7,873.81,30.14,124.87,0,0,16.05,0,25.81,0,2.11,1.36,0.01,0,639.97,-6.67
2025-11-13T06:50:00Z,-76.95,0,598.86,0,43,41.34,0.1,0,5.3,835.75,32.18,140.22,0,0,16.33,0,28.07,0,2.06,1.38,0.01,0,896.14,-3.82
2025-11-13T06:55:00Z,-80.65,0,618.1,0,42,40.67,0.09,0,3.67,827.85,32.62,155.57,0,0,16.62,0,28.57,0,2.02,1.36,0.01,0,949.81,0
2025-11-13T07:00:00Z,-41.8,0,540.36,0,40,41.34,0.1,0,0,869.2,31.13,170.92,0,0,16.9,0,24.45,0,1.92,1.38,0.01,0,583.86,-3.28
2025-11-13T07:05:00Z,-74.6,0,498.92,0,44,40.67,0.1,0,0.65,923.38,37.16,187.06,0,0,17.08,0,23.33,0,2.11,1.36,0.01,0,487.91,0
2025-11-13T07:10:00Z,-29.03,0,355.35,0,41,40.67,0.1,0,0.16,983.43,38.08,203.19,0,0,17.27,0,16.73,0,1.97,1.36,0.01,0,261.05,-6.63
2025-11-13T07:15:00Z,-28.34,0,362.16,0,45,41.34,0.1,0,23.1,952.39,37.06,219.33,0,0,17.45,0,17.61,0,2.16,1.38,0.01,0,273.67,0.4
2025-11-13T07:20:00Z,-33.93,0,404.84,0,44,41.34,0.1,0,13.43,900.21,39.8,235.47,0,0,17.63,0,19.77,0,2.11,1.38,0.01,0,334.21,0.4
2025-11-13T07:25:00Z,-39.36,0,396.18,0,43,40.67,0.1,0,6.17,899.42,42.99,251.6,0,0,17.82,0,19.81,0,2.06,1.36,0.01,0,328.78,-2.99
2025-11-13T07:30:00Z,-37.27,0,332.96,0,44,41.34,0.09,0,10.69,929.1,47.5,267.74,0,0,18,0,17.24,0,2.11,1.38,0.01,0,256.58,-6.55
2025-11-13T07:35:00Z,-93.46,0,343.79,0,40,41.34,0.1,0,0,969.01,59.39,290.93,0,0,18.18,0,17.87,0,1.92,1.38,0.01,0,263.82,-6.52
2025-11-13T07:40:00Z,-75.89,0,251.32,0,40,40.67,0.1,0,0.24,1026.64,71.28,314.13,0,0,18.37,0,13.41,0,1.92,1.36,0.01,0,171.92,-6.47
2025-11-13T07:45:00Z,-73.58,0,243.24,0,41,40.67,0.09,0,2.22,988.53,83.59,337.33,0,0,18.55,0,13.6,0,1.97,1.36,0.01,0,172.68,-8.66
2025-11-13T07:50:00Z,-79.57,0,196.24,-0.1,42,41.34,0.1,0,0.38,1033.6,96.29,360.53,5.18,0,18.73,0,11.05,0,2.02,1.38,0.01,0,133.6,-9.81
2025-11-13T07:55:00Z,-79.17,0,213.77,-0.1,42,40.67,0.1,0,1.45,985.52,96.04,383.73,0,0,18.92,0,12.18,0,2.02,1.36,0.01,0,148.62,-9.86
2025-11-13T08:00:00Z,-77.75,0,180.81,0,40,40.67,0.1,0,0.64,981.98,104.68,406.92,4.91,0,19.1,0,10.18,0,1.92,1.36,0.01,0,122.8,-10.28
2025-11-13T08:05:00Z,-27.66,0,316.57,0,44,41.34,0.1,0,16.52,777.5,99.52,412.77,173.8,0.72,19.18,0,17.9,0,2.11,1.38,0.01,0,245.15,-8.81
2025-11-13T08:10:00Z,-22.94,0,263.59,0,40,40.67,0.1,0,1.05,822.89,122.95,418.63,6.26,0,19.27,0,14.39,0,1.92,1.36,0.01,0,182.93,-8
2025-11-13T08:15:00Z,-53.51,0,269.37,0,40,40.67,0.09,0,0,823.32,133.67,424.48,1.91,2.5,19.35,0,14.42,0,1.92,1.36,0.01,0,186.52,-10
2025-11-13T08:20:00Z,-43.89,0,397.03,0,39,41.34,0.1,0,0,745.51,116.52,430.33,63.74,18.05,19.43,0,21.07,0,1.87,1.38,0.01,0,313.29,-11.11
2025-11-13T08:25:00Z,-16.56,0,599.03,0,40,40.67,0.1,0,0.44,559.99,114.67,436.18,206.25,30.6,19.52,0,32.02,0,1.92,1.36,0.01,0,734.91,-10
2025-11-13T08:30:00Z,-32.54,0,590.95,0,41,40,0.1,0,1.79,579.42,108.49,442.04,135.53,25.79,19.6,0,32.44,0,1.97,1.34,0.01,0,728.09,-10
2025-11-13T08:35:00Z,-77.51,0,637.52,0,40,41.34,0.11,0,0,619.36,96.71,448.13,122.51,23.24,19.73,0,35.34,0,1.92,1.38,0.01,0,874.14,-10
2025-11-13T08:40:00Z,-58.44,0,605.21,0,41,41.34,0.11,0,2.96,647.58,86.32,454.22,66.15,20.77,19.87,0,32.38,0,1.97,1.38,0.01,0,703.16,-8
2025-11-13T08:45:00Z,-72.2,0,535.22,0,42,41.34,0.11,0,1.22,700.76,83.64,460.31,4.87,19.73,20,0,29.45,0,2.02,1.38,0.01,0,546.1,4.24
2025-11-13T08:50:00Z,-64.12,0,548.85,0,43,41.34,0.11,0,1.58,648.88,86.61,466.41,0,23.09,20.13,0,30.43,0,2.06,1.38,0.01,0,602.51,0.52
2025-11-13T08:55:00Z,-82.08,0,472.21,0,39,40.67,0.11,0,37.4,647.49,90.05,472.5,0,23.74,20.27,0,27.37,0,1.87,1.36,0.01,0,475.18,-10
2025-11-13T09:00:00Z,-50.14,0,534.56,0,40,40.67,0.11,0,4.4,554.75,99.24,478.6,79.96,19.39,20.4,0,30.62,0,1.92,1.36,0.01,0,642.72,-10
2025-11-13T09:05:00Z,-13.21,0,514.62,0,43,40.67,0.11,0,0.4,484.15,110.45,507.46,120.99,18.01,20.43,0,31.3,0,2.06,1.36,0.01,0,633.04,-10
2025-11-13T09:10:00Z,-0.2,0,623.69,0,45,40.67,0.11,0,22.68,351.06,127.52,536.34,194.71,24.04,20.47,0,36.57,0,2.16,1.36,0.01,0,963.27,-11.11
2025-11-13T09:15:00Z,-50.68,0,733.08,0,41,41.34,0.11,0,0.95,328.77,136.44,565.21,151.72,26.23,20.5,0,43.05,0,1.97,1.38,0.01,0,1687.37,-10
2025-11-13T09:20:00Z,-22.63,0,699.59,0,41,40.67,0.11,0,0.59,289.05,150.48,594.08,121.72,20.06,20.53,0,40.31,0,1.97,1.36,0.01,0,1329.99,-10
2025-11-13T09:25:00Z,-19.57,0,714.23,0,41,41.34,0.11,0,0.35,266.59,160.81,622.95,106.27,22.5,20.57,0,40.74,0,1.97,1.38,0.01,0,1325.22,0
2025-11-13T09:30:00Z,-44.11,0,646.08,0,43,40.67,0.11,0,0.5,314.17,132.06,651.82,0,24.56,20.6,0,38.06,0,2.06,1.36,0.01,0,1011.69,26.81
2025-11-13T09:35:00Z,-37.73,0,578.64,0,42,40.67,0.11,0,3.5,315,143.97,674.64,0,20.74,20.85,0,34.64,0,2.02,1.36,0.01,0,756.06,-11.11
2025-11-13T09:40:00Z,-16.61,0,650.15,0,44,40.67,0.11,0,9.45,248.41,155.01,697.46,56.28,32.25,21.1,0,38.88,0,2.11,1.36,0.01,0,962.07,-11.11
2025-11-13T09:45:00Z,-46.7,0,652.82,0,43,42.02,0.11,0,0.11,212.79,193.82,720.28,43.23,0,21.35,0,38.54,0,2.06,1.41,0.01,0,983.58,0
2025-11-13T09:50:00Z,-114.33,0,669.91,0,40,41.34,0.11,0,0,260.81,178.05,743.11,0,0,21.6,0,39.78,0,1.92,1.38,0.01,0,1079,-10
2025-11-13T09:55:00Z,-68.79,0,638.76,0,44,41.34,0.11,0,3.67,239.76,177.54,765.93,39.91,0,21.85,0,38.84,0,2.11,1.38,0.01,0,899.65,0
2025-11-13T10:00:00Z,-96.63,0,647.56,0,41,41.34,0.11,0,1.72,270.56,166.2,788.75,0,0,22.1,0,39.07,0,1.97,1.38,0.01,0,900.35,26.81
2025-11-13T10:05:00Z,-99.38,0,621.43,0,43,41.34,0.11,0,14.39,281.79,158.75,790.1,0,0,22.03,0,37.2,0,2.06,1.38,0.01,0,801.47,-11.11
2025-11-13T10:10:00Z,-9.43,0,658.44,0,44,41.34,0.11,0,12.71,256.63,147.68,791.46,55.45,7.43,21.97,0,38.98,0,2.11,1.38,0.01,0,814.19,0
2025-11-13T10:15:00Z,-95.52,0,706.05,0,40,40.67,0.11,0,0,299.68,150.64,792.81,0,0,21.9,0,41.4,0,1.92,1.36,0.01,0,1026.54,9.1
2025-11-13T10:20:00Z,-79.38,0,649.54,0,41,42.69,0.11,0,0.15,310.08,181.3,794.17,0,0,21.83,0,37.94,0,1.97,1.43,0.01,0,774.44,9.1
2025-11-13T10:25:00Z,-89.14,0,566.91,0,43,40.67,0.11,0,1.68,338.42,233.69,795.52,0,0,21.77,0,33.24,0,2.06,1.36,0.01,0,552.14,-11.11
2025-11-13T10:30:00Z,-126.75,0,662.3,0,42,41.34,0.11,0,1.66,292.13,236.67,796.88,38.48,24.5,21.7,0,38.24,0,2.02,1.38,0.01,0,803.85,-11.11
2025-11-13T10:35:00Z,-142.98,0,673.84,0,44,41.34,0.11,0,4.5,279.19,230.38,810.52,30.54,21.2,21.73,0,38.54,0,2.11,1.38,0.01,0,850.36,0
2025-11-13T10:40:00Z,-193.33,0,642.08,0,43,41.34,0.11,0,0.4,339.58,231.24,824.17,0,0.03,21.77,0,36.44,0,2.06,1.38,0.01,0,742.88,-10.1
2025-11-13T10:45:00Z,-147.38,0,769.05,0,43,40.67,0.11,0,5.84,256.27,187.94,837.82,66.71,0,21.8,0,42.83,0,2.06,1.36,0.01,0,1219.38,9.1
2025-11-13T10:50:00Z,-120.28,0,648.32,0,40,40.67,0.11,0,0,346.24,160.68,851.47,0,0,21.83,0,36.02,0,1.92,1.36,0.01,0,703.45,9.1
2025-11-13T10:55:00Z,-163.48,0,624.66,0,40,42.02,0.11,0,0,390.2,144.69,865.11,0,0,21.87,0,34.69,0,1.92,1.41,0.01,0,657.5,9.1
2025-11-13T11:00:00Z,-235.89,0,695.77,0,40,41.34,0.11,0,0,365.42,151.25,878.76,0,0,21.9,0,38.97,0,1.92,1.38,0.01,0,930.59,26.81
2025-11-13T11:05:00Z,-249.49,0,745.89,0,40,41.34,0.11,0,0,363.96,150.33,870.14,0,0,21.87,0,41.81,0,1.92,1.38,0.01,0,1150.76,0
2025-11-13T11:10:00Z,-145.65,0,626.39,0,41,42.02,0.11,0,1.41,444.72,152.52,861.52,35.66,0.15,21.83,0,35.39,0,1.97,1.41,0.01,0,603.25,0
2025-11-13T11:15:00Z,-256.75,0,646.29,0,40,40.67,0.11,0,0,487.04,163.06,852.9,0.11,0,21.8,0,35.99,0,1.92,1.36,0.01,0,692.42,-10
2025-11-13T11:20:00Z,-174.38,0,737.42,0,40,41.34,0.11,0,0,321.29,167,844.28,161.42,0.12,21.77,0,41.76,0,1.92,1.38,0.01,0,1076.96,0
2025-11-13T11:25:00Z,-309.89,0,643.83,0,41,41.34,0.11,0,0.81,509.76,192.37,835.66,3.62,0.02,21.73,0,36.64,0,1.97,1.38,0.01,0,719.23,-10
2025-11-13T11:30:00Z,-203.18,0,637.38,0,39,41.34,0.11,0,0,368.68,201.87,827.04,189.32,0.03,21.7,0,34.93,0,1.87,1.38,0.01,0,719.01,-10
2025-11-13T11:35:00Z,-299.74,0,725.67,0,42,40.67,0.28,0,0.04,393.65,224.51,841.35,153.94,0.14,21.9,0,39.66,0,2.02,1.36,0.02,0,999.33,-10
2025-11-13T11:40:00Z,-299.89,0,651.24,0,42,42.02,0.11,0,0,428.33,229.71,855.65,128.63,0,22.1,0,35.55,0,2.02,1.41,0.01,0,723.25,-10
2025-11-13T11:45:00Z,-291.21,0,641.24,0,43,41.34,0.11,0,0.04,387.65,251.95,869.95,187.49,1.24,22.3,0,34.86,0,2.06,1.38,0.01,0,694.92,-10
2025-11-13T11:50:00Z,-295.16,0,688.84,0,42,41.34,0.11,0,0,336.95,230.98,884.25,197.8,1.64,22.5,0,37.59,0,2.02,1.38,0.01,0,891.89,-11.66
2025-11-13T11:55:00Z,-126.19,0,512.66,0,45,41.34,0.11,0,3.76,268.19,197.64,898.55,275.75,55.75,22.7,0,28.17,0,2.16,1.38,0.01,0,466.59,-14
2025-11-13T12:00:00Z,-226.98,0,703.95,0,40,41.34,0.11,0,0,199.84,204.69,912.85,318.6,56.36,22.9,0,38.36,0,1.92,1.38,0.01,0,1068.8,-14
2025-11-13T12:05:00Z,-133.75,0,659.71,0,44,41.34,0.11,0,1.59,188.38,174.25,920.18,269.29,60.13,22.9,0,36.11,0,2.11,1.38,0.01,0,824.72,-11.11
2025-11-13T12:10:00Z,-261,0,624.73,0,44,42.02,0.11,0,0.35,334.12,252.93,927.52,144.26,0,22.9,0,34.33,0,2.11,1.41,0.01,0,635.07,-11.11
2025-11-13T12:15:00Z,-307.26,0,679.34,0,40,42.02,0.11,0,0,355.39,245.29,934.85,135.79,7.79,22.9,0,37.41,0,1.92,1.41,0.01,0,774.69,-11.79
2025-11-13T12:20:00Z,-192.97,0,670.59,0,40,42.02,0.11,0,0,309.6,176.29,942.18,252.63,61.99,22.9,0,36.66,0,1.92,1.41,0.01,0,742.25,-11.11
2025-11-13T12:25:00Z,-279.99,0,478.43,0,43,42.02,0.11,0,2.22,449.02,194.3,949.52,140.62,39.1,22.9,0,26.4,0,2.06,1.41,0.01,0,388.94,-11.66
2025-11-13T12:30:00Z,-343.72,0,565.99,0,40,42.02,0.11,0,0,441.84,176.5,956.85,245.83,60.73,22.9,0,30.97,0,1.92,1.41,0.01,0,550.63,-19.9
2025-11-13T12:35:00Z,-385.39,0,706.91,0,40,42.02,0.11,0,0,425.59,128.73,961.19,243.27,102.11,22.88,0,38.96,0,1.92,1.41,0.01,0,1004.36,-20
2025-11-13T12:40:00Z,-319.39,0,586.45,0,44,42.02,0.11,0,0.21,407.22,156.08,965.52,244.52,98.56,22.87,0,32.13,0,2.11,1.41,0.01,0,603.17,-32.66
2025-11-13T12:45:00Z,-286.7,0,566.37,0,43,42.02,0.11,0,0.17,378.79,217.4,969.85,224.08,102.17,22.85,0,31.21,0,2.06,1.41,0.01,0,521.43,-29.18
2025-11-13T12:50:00Z,-368.26,0,618.35,0,40,42.02,0.11,0,0,321.02,278.75,974.18,230.95,132.22,22.83,0,33.83,0,1.92,1.41,0.01,0,666.07,-32.79
2025-11-13T12:55:00Z,-324.3,0,672.29,0,42,41.34,0.11,0,0,272.63,255.15,978.52,205.14,159.82,22.82,0,37.27,0,2.02,1.38,0.01,0,822.99,-21.21
2025-11-13T13:00:00Z,-270.7,0,766.93,0,44,41.34,0.11,0,0.22,216.71,216.78,982.85,204.36,142.72,22.8,0,42.98,0,2.11,1.38,0.01,0,1201.22,-11.79
2025-11-13T13:05:00Z,-140.48,0,646.45,0,43,41.34,0.11,0,0.04,228.12,178.63,953.43,163.99,97.55,22.73,0,35.99,0,2.06,1.38,0.01,0,719.55,0
2025-11-13T13:10:00Z,-163.34,0,638.74,0,44,42.02,0.11,0,1.74,285.23,195.49,924.01,110.84,70.99,22.67,0,36.04,0,2.11,1.41,0.01,0,687.65,-11.66
2025-11-13T13:15:00Z,-184.62,0,639.35,0,40,42.02,0.11,0,0.01,311.82,236.95,894.59,112.45,54.74,22.6,0,36.4,0,1.92,1.41,0.01,0,679.69,-10
2025-11-13T13:20:00Z,-346.2,0,629.3,0,42,42.69,0.11,0,0.01,452.13,303.44,865.17,39.07,0,22.53,0,35.98,0,2.02,1.43,0.01,0,648.11,-10
2025-11-13T13:25:00Z,-263.61,0,625.46,0,40,42.02,0.11,0,0,381.02,271.08,835.75,95.14,12.4,22.47,0,35.67,0,1.92,1.41,0.01,0,687.36,-11.11
2025-11-13T13:30:00Z,-229.88,0,555.45,0,44,42.02,0.11,0,1.2,419.04,236.74,806.33,103.43,47.6,22.4,0,31.63,0,2.11,1.41,0.01,0,552.15,-11.11
2025-11-13T13:35:00Z,-240.87,0,591.07,0,45,42.02,0.11,0,3.82,429.36,253.41,777.89,119.44,72.06,22.18,0,33.99,0,2.16,1.41,0.01,0,626.43,-11.66
2025-11-13T13:40:00Z,-191.94,0,628.41,0,40,42.02,0.11,0,0,411.23,207.86,749.46,155.31,91.76,21.97,0,36.35,0,1.92,1.41,0.01,0,755.41,-11.11
2025-11-13T13:45:00Z,-214.71,0,701.23,0,46,42.02,0.11,0,9.29,404.2,180.17,721.03,131.1,127.51,21.75,0,39.48,0,2.21,1.41,0.01,0,1062.36,-10
2025-11-13T13:50:00Z,-199.49,0,594.75,0,45,42.02,0.11,0,12.75,449.77,247.36,692.6,58.41,68.23,21.53,0,34.9,0,2.16,1.41,0.01,0,663.87,-10
2025-11-13T13:55:00Z,-231.04,0,631.58,0,47,42.02,0.11,0,4.57,439.8,262.01,664.16,29.76,61.08,21.32,0,36.4,0,2.26,1.41,0.01,0,805.31,0
2025-11-13T14:00:00Z,-288.51,0,696.9,0,40,41.34,0.11,0,0.02,408.22,322.56,635.73,4.72,54.17,21.1,0,37.53,0,1.92,1.38,0.01,0,1059.5,-11.11
2025-11-13T14:05:00Z,-137.86,0,688.07,0,42,41.34,0.11,0,1.21,310.97,284.76,623.26,100.67,118.46,20.78,0,35.55,0,2.02,1.38,0.01,0,978.61,-10
2025-11-13T14:10:00Z,-168,0,717.73,0,40,41.34,0.11,0,0.02,290.31,353.04,610.79,39.16,138.54,20.47,0,39.48,0,1.92,1.38,0.01,0,1141.46,-11.11
2025-11-13T14:15:00Z,-80.7,0,671.68,0,44,41.34,0.11,0,6.16,242.06,318.58,598.32,48.89,92.25,20.15,0,37.64,0,2.11,1.38,0.01,0,991.01,-11.11
2025-11-13T14:20:00Z,-31.87,0,697.31,0,41,41.34,0.11,0,0.83,223.97,279.59,585.85,39.65,146.36,19.83,0,37.09,0,1.97,1.38,0.01,0,1094.56,0.64
2025-11-13T14:25:00Z,-33.57,0,593.52,0,45,42.02,0.11,0,17.03,236.39,342.33,573.37,0,75.71,19.52,0,30.97,0,2.16,1.41,0.01,0,658.77,-10
2025-11-13T14:30:00Z,-33.26,0,784.62,0,42,42.02,0.11,0,5.37,177.26,296.16,560.9,19.9,112.93,19.2,0,39.87,0,2.02,1.41,0.01,0,1698.2,145.6
2025-11-13T14:35:00Z,-14.03,0,697.34,0,39,42.02,26.27,0,62.9,206.32,209.78,550.44,0,83.29,19.02,0,35.46,0,1.87,1.41,1.6,0,1137.85,96
2025-11-13T14:40:00Z,-14.34,0,479.2,0,44,78.26,55.5,0,76.71,230.03,201.64,539.98,0,0,18.83,0,23.52,0,2.11,2.62,3.37,0,517.95,155.6
2025-11-13T14:45:00Z,-37.97,0,515.98,-0.1,40,136.64,60.56,0,104.59,214.89,191.88,529.51,14.07,0,18.65,0,25.44,0,1.92,4.58,3.68,0,590.23,90.44
2025-11-13T14:50:00Z,-16.57,0,372.24,0,45,89.66,43.51,0,222.68,249.8,158.68,519.05,9,0,18.47,0,18.64,0,2.16,3,2.64,0,337.78,98
2025-11-13T14:55:00Z,-5.65,0,444.44,0,41,140,58.92,0,83.14,277.88,156.81,508.59,0,0,18.28,0,22,0,1.97,4.69,3.58,0,473.85,170.44
2025-11-13T15:00:00Z,-18.43,0,367.69,0,40,165.5,60.01,0,146.6,277.93,132.41,498.12,0,0,18.1,0,18.68,0,1.92,5.54,3.65,0,382.56,215.33
2025-11-13T15:05:00Z,-145.12,0,414.68,0,44,213.82,60.4,0,227.85,269.9,113.23,505.18,0,0,18.28,0,21.13,0,2.11,7.16,3.67,0,467.54,148
2025-11-13T15:10:00Z,-0.65,0,126.45,0,45,180.26,60.34,0,408.59,242.52,109.89,512.23,0,0,18.47,0,6.41,0,2.16,6.04,3.67,0,153.1,161.7
2025-11-13T15:15:00Z,-5.93,0,57.14,0,47,166.84,61.17,0,451.58,281.78,88.06,519.28,0,0,18.65,0,2.85,0,2.26,5.59,3.72,0,111.35,148
2025-11-13T15:20:00Z,-7.45,0,283.09,0,40,148.72,60.78,0,211.26,313.88,84.18,526.34,0,0,18.83,0,13.75,0,1.92,4.98,3.69,0,266.88,215.04
2025-11-13T15:25:00Z,-1.27,0,169.71,0,42,206.44,63.8,0,229.16,295.59,86.27,533.39,0,0,19.02,0,7.74,0,2.02,6.91,3.8,0,191.04,215.04
2025-11-13T15:30:00Z,-0.54,0,120.87,0,41,224.56,99.47,0,222.99,280.03,92.01,540.44,0,0,19.2,0,5.45,0,1.97,7.52,5.32,0,176.28,215.04
2025-11-13T15:35:00Z,-0.52,0,112.46,0,40,226.57,100.44,0,192.37,277.87,127.4,543.52,0,0,19.33,0,5.44,0,1.92,7.59,5.37,0,174.81,-6.89
2025-11-13T15:40:00Z,-100.97,0,587.07,-0.1,40,171.54,104.48,0,28.92,249.01,147.64,546.6,0,0,19.47,0,26.01,0,1.92,5.74,5.62,0,785.82,0
2025-11-13T15:45:00Z,-109.1,0,616.74,-0.1,44,111.81,105.33,0,31.61,240.33,170.32,549.68,0,0,19.6,0,25.64,0,2.11,3.74,5.67,0,845.91,31.3
2025-11-13T15:50:00Z,-109.49,0,649.02,-0.1,42,67.52,142.94,0,18.87,242.82,178.05,552.76,0,0,19.73,0,26.48,0,2.02,2.26,7.27,0,938.29,26.81
2025-11-13T15:55:00Z,-108.8,0,673.97,-0.1,45,59.46,146.5,0,32.38,241.67,162.82,555.83,0,0,19.87,0,27.29,0,2.16,1.99,7.4,0,1011.28,117.16
2025-11-13T16:00:00Z,-94.22,0,612.98,-0.1,46,109.13,110.83,0,35.19,258.02,146.59,558.91,0,0,20,0,23.86,0,2.21,3.65,5.28,0,753.42,90.44
2025-11-13T16:05:00Z,-146.48,0,677.94,-0.1,46,78.26,109.83,0,90.78,252.13,138.86,529.23,0,0,19.9,0,26.04,0,2.21,2.62,5.21,0,1029.36,157.23
2025-11-13T16:10:00Z,-142.91,0,526.17,0,48,44.03,111.21,0,216.49,263.54,136.32,499.55,0,0,19.8,0,22.7,0,2.3,1.47,5.3,0,586.63,31.3
2025-11-13T16:15:00Z,-35.58,0,735.86,0,40,44.03,107,0,7.35,271.92,124.49,469.88,0,0,19.7,0,31.27,0,1.92,1.47,5.04,0,1625.22,31.3
2025-11-13T16:20:00Z,-16.83,0,743.01,0,43,41.34,109.98,0,0.14,303.13,112.93,440.2,0,0,19.6,0,31.27,0,2.06,1.38,5.22,0,1647.6,148
2025-11-13T16:25:00Z,-15.11,0,734.42,0,40,41.34,109.1,0,0,324.98,119.51,410.52,0,0,19.5,0,31.21,0,1.92,1.38,5.17,0,1609.14,-7.42
2025-11-13T16:30:00Z,-5.99,0,680.77,0,40,41.34,109.62,0,57.12,349.86,133.44,380.84,0,0,19.4,0,29.17,0,1.92,1.38,5.2,0,1062.55,58.58
2025-11-13T16:35:00Z,-56.45,0,636.83,0,44,41.34,111.1,0,130.3,365.66,150.37,356.85,0,0,19.28,0,28.31,0,2.11,1.38,5.29,0,879.06,60.08
2025-11-13T16:40:00Z,-17.65,0,679.72,0,43,40.67,104.45,0,43.55,354.66,135.53,332.86,0,0,19.17,0,28.18,0,2.06,1.36,4.88,0,1225.2,31.3
2025-11-13T16:45:00Z,-29.82,0,771.96,0,42,40.67,103.96,0,37.3,337.31,119.54,308.87,0,0,19.05,0,31.7,0,2.02,1.36,4.85,0,2550.18,79.05
2025-11-13T16:50:00Z,-5.18,0,697.86,0,44,40.67,105.23,0,80.49,318.72,137.3,284.88,0,0,18.93,0,29.33,0,2.11,1.36,4.93,0,1468.95,117.16
2025-11-13T16:55:00Z,-63.26,0,660.14,0,46,40.67,105.8,0,169.88,301.39,150.78,260.89,0,0,18.82,0,28.35,0,2.21,1.36,4.96,0,1257.06,342.53
2025-11-13T17:00:00Z,-114.76,0,606.85,0,42,41.34,104.38,0,224.89,317.63,159.02,236.9,0,0,18.7,0,26.88,0,2.02,1.38,4.87,0,1042.69,45.76
2025-11-13T17:05:00Z,-3.92,0,710.63,0,43,40.67,105.38,0,65.65,324.47,153.49,229.86,0,0,18.58,0,32.16,0,2.06,1.36,4.93,0,1960.73,148.21
2025-11-13T17:10:00Z,-4.32,0,657.08,0,40,40.67,110.52,0,118.76,331.72,136.81,222.82,0,0,18.47,0,29.99,0,1.92,1.36,5.24,0,1359.78,148.53
2025-11-13T17:15:00Z,-6.36,0,671.95,0,40,40.67,109.1,0,71.61,370.98,130.76,215.78,0,0,18.35,0,31.05,0,1.92,1.36,5.16,0,1576.69,148
2025-11-13T17:20:00Z,-2.15,0,616.67,0,40,40.67,111.03,0,58.4,413.11,155.23,208.74,0,0,18.23,0,28.96,0,1.92,1.36,5.28,0,1102.6,70.25
2025-11-13T17:25:00Z,-0.13,0,669.24,0,44,40.67,113.04,0,43.02,448.7,124.42,201.7,0,0,18.12,0,31.92,0,2.11,1.36,5.39,0,1413.86,180
2025-11-13T17:30:00Z,-0.51,0,540.58,0,40,41.34,105.77,0,35.86,503.42,108.86,194.66,0,0,18,0,26.35,0,1.92,1.38,4.95,0,849.41,69.59
2025-11-13T17:35:00Z,-0.31,0,621.29,0,41,40.67,111.36,0,4.54,557.3,152.35,197,0,0,17.88,0,30.71,0,1.97,1.36,5.29,0,977.94,74.43
2025-11-13T17:40:00Z,-0.36,0,500.69,0,41,40.67,100.42,73.67,6.44,625.91,79.78,199.34,0,0,17.77,0,25.04,0,1.97,1.36,4.62,3.62,659.46,76.98
2025-11-13T17:45:00Z,-1.81,0,459.88,0,40,40.67,100.24,78.83,0.12,674.54,69.54,201.68,0,0,17.65,0,23.29,0,1.92,1.36,4.61,3.87,565.39,75.87
2025-11-13T17:50:00Z,-5.13,0,382.27,-0.1,41,40.67,100.3,77.82,0.07,741.76,80.47,204.02,0,0,17.53,0,19.79,0,1.97,1.36,4.61,3.82,421.39,85.88
2025-11-13T17:55:00Z,-5.33,0,358.95,0,40,40.67,80.53,78.36,0.05,782.91,104.64,206.36,0,0,17.42,0,18.84,0,1.92,1.36,3.41,3.85,363.72,74.18
2025-11-13T18:00:00Z,-1.33,0,284.96,0,40,40.67,80.56,79.62,0.08,846.14,93.1,208.7,0,0,17.3,0,15.27,0,1.92,1.36,3.41,3.91,281.61,72.83
2025-11-13T18:05:00Z,-0.35,0,194.17,0,42,40.67,80.61,166.19,0.91,890.5,61.02,195.45,0,0,17.25,0,10.7,0,2.02,1.36,3.41,8.17,240,77.7
2025-11-13T18:10:00Z,-0.63,0,115.95,0,40,40.67,80.74,174.03,41.56,931.55,50.82,182.2,0,0,17.2,0,6.34,0,1.92,1.36,3.42,8.55,181.79,72.57
2025-11-13T18:15:00Z,-0.45,0,35.54,0,40,40.67,80.75,174.17,57.78,1007.95,54.29,168.96,0,0,17.15,0,2.03,0,1.92,1.36,3.42,8.56,130.59,74.83
2025-11-13T18:20:00Z,-1.14,0,5.91,0,41,38.66,80.89,175.07,65.8,1026.56,63.4,155.71,0,0,17.1,0,0.34,0,1.97,1.29,3.43,8.6,114.37,79.15
2025-11-13T18:25:00Z,-0.52,-35.33,0,0,40,40.67,80.95,173.86,55.79,1039.68,99.96,142.46,0,0,17.05,0.35,0,0,1.92,1.36,3.43,8.54,109.2,59.66
2025-11-13T18:30:00Z,-1.06,-19.29,0,0,40,40.67,80.98,174.84,76.96,1031.8,116.47,129.21,0,0,17,0.19,0,0,1.92,1.36,3.43,8.59,108.56,59.55
2025-11-13T18:35:00Z,-0.12,-51.03,0,0,42,40.67,81.07,175.92,114.84,1040.2,88.27,114.4,0,0,16.97,0.5,0,0,2.02,1.36,3.43,8.64,109.03,59.55
2025-11-13T18:40:00Z,-0.02,0,45.6,0,41,0,80.99,174.73,156.43,1048.31,46.24,99.6,0,0,16.93,0,2.52,0,1.97,0,3.43,8.59,123.66,79.87
2025-11-13T18:45:00Z,-6.28,-28.38,0,0,40,0,81.07,172.76,148.63,1126.25,21.76,0,0,0,16.9,0.25,0,0,1.92,0,3.43,8.49,104.86,59.55
2025-11-13T18:50:00Z,-0.01,-54.59,0,0,41,0,81.33,175.75,159.73,1135.75,22.54,0,0,0,16.87,0.47,0,0,1.97,0,3.45,8.64,104.35,59.55
2025-11-13T18:55:00Z,0,0,28.86,0,42,0,81.2,176.09,107.77,1122.16,21.66,0,0,0,16.83,0,1.6,0,2.02,0,3.44,8.65,123.84,59.55
2025-11-13T19:00:00Z,-0.41,-114.24,0,0,41,0,81.27,174.64,228.79,1149.68,18.09,40.36,0,0,16.8,0.94,0,0,1.97,0,3.44,8.58,96.69,94.98
2025-11-13T19:05:00Z,-3.44,-3.91,0,0,40,0,81.33,173.59,119.14,1147,11.87,34.3,0,0,16.77,0.03,0,0,1.92,0,3.44,8.53,103.95,11.57
2025-11-13T19:10:00Z,-39.58,-9.83,0,0,40,0,54.26,173.56,206.28,1138.89,5.78,28.24,0,0,16.73,0.08,0,0,1.92,0,2.3,8.53,95.16,78.88
2025-11-13T19:15:00Z,-0.01,-37.12,0,0,41,0,41.02,176.13,107.16,1239.94,3.2,22.18,0,0,16.7,0.29,0,0,1.97,0,1.74,8.66,90.94,73.03
2025-11-13T19:20:00Z,-6.91,-13.16,0,0,40,0,41.09,174.12,124.95,1208.89,1.54,16.13,0,0,16.67,0.1,0,0,1.92,0,1.74,8.56,91.63,59.55
2025-11-13T19:25:00Z,-0.01,-156.9,0,0,41,0,11.45,176.44,275.32,1232.63,0.49,10.07,0,0,16.63,1,0,0,1.97,0,0.49,8.67,76.35,77.75
2025-11-13T19:30:00Z,-1.84,-60.95,0,0,40,0,0.11,173.63,125.1,1292.61,0.2,4.01,0,0,16.6,0.39,0,0,1.92,0,0.01,8.53,76.81,75.72
2025-11-13T19:35:00Z,-1.35,-65.88,0,0,40,0,0.11,173.71,125.93,1296.27,0.04,3.34,0,0,16.53,0.42,0,0,1.92,0,0.01,8.54,76.64,88.42
2025-11-13T19:40:00Z,-3.43,0,71.36,0,40,0,0.11,80.46,97.8,1283.74,0.04,2.67,0,0,16.47,0,3.97,0,1.92,0,0.01,3.95,82.64,64.99
2025-11-13T19:45:00Z,-0.01,-156.29,0,0,44,0,0.11,83.42,327.42,1275.34,0,2,0,0,16.4,0.56,0,0,2.11,0,0.01,4.1,43.07,97.64
2025-11-13T19:50:00Z,-0.09,-22.19,0,0,43,0,0.11,83.89,92.42,1337.31,0,1.34,0,0,16.33,0.09,0,0,2.06,0,0.01,4.12,47.7,79.05
2025-11-13T19:55:00Z,-0.19,-217.83,0,0,43,0,0.11,84.64,273.9,1373.24,0,0.67,0,0,16.27,0.76,0,0,2.06,0,0.01,4.16,42.11,77.24
2025-11-13T20:00:00Z,-2.03,-225.74,0,0,40,0,0.28,79.62,297.5,1361.72,0,0,0,0,16.2,0.74,0,0,1.92,0,0.02,3.91,39.52,76.95
2025-11-13T20:05:00Z,-0.22,-107.45,0,0,43,0,0.11,82.75,143.13,1373.91,0,0,0,0,16.25,0.4,0,0,2.06,0,0.01,4.07,44.83,101.31
2025-11-13T20:10:00Z,-2.04,-69.62,0,0,40,0,0.11,78.84,104.11,1362.67,0,0,0,0,16.3,0.25,0,0,1.92,0,0.01,3.87,43.95,76.89
2025-11-13T20:15:00Z,-0.25,-235.24,0,0,42,0,0.11,82.03,275.54,1369.54,0,0,0,0,16.35,0.8,0,0,2.02,0,0.01,4.03,41.06,106.18
2025-11-13T20:20:00Z,-1.91,-53.13,0,0,40,0,0.11,81.45,83.47,1358.85,0,0,0,0,16.4,0.2,0,0,1.92,0,0.01,4,45.55,80.51
2025-11-13T20:25:00Z,-0.09,-255.71,0,0,41,0,0.11,81.77,282.44,1384.61,0,0,0,0,16.45,0.86,0,0,1.97,0,0.01,4.02,40.18,88.95
2025-11-13T20:30:00Z,-2.87,-100.12,0,0,40,0,0.11,80.95,82.32,1400.13,0,0,0,0,16.5,0.37,0,0,1.92,0,0.01,3.98,44.27,83.79
2025-11-13T20:35:00Z,-2.24,-79.88,0,0,40,0,0.11,79.58,80.81,1390.52,0,0,0,0,16.37,0.29,0,0,1.92,0,0.01,3.91,44.09,83.74
2025-11-13T20:40:00Z,-0.48,-127.35,0,0,43,0,0.11,82.31,133.35,1398.17,0,0,0,0,16.23,0.47,0,0,2.06,0,0.01,4.04,44.3,105.45
2025-11-13T20:45:00Z,-9.19,-83.81,0,0,40,0,0.11,78.29,79.33,1405.27,0,0,0,0,16.1,0.3,0,0,1.92,0,0.01,3.85,43.48,76.52
2025-11-13T20:50:00Z,-0.47,-258.68,0,0,42,0,0.11,80.83,253.3,1412.69,0,0,0,0,15.97,0.87,0,0,2.02,0,0.01,3.97,40.22,87.64
2025-11-13T20:55:00Z,-4.53,-81.85,0,0,40,0,0.11,79.73,77.63,1402.8,0,0,0,0,15.83,0.3,0,0,1.92,0,0.01,3.92,43.96,87.16
2025-11-13T21:00:00Z,-6.7,-90.76,0,0,40,0,0.11,79.5,77.9,1398.12,0,0,0,0,15.7,0.33,0,0,1.92,0,0.01,3.91,44.06,76.93
2025-11-13T21:05:00Z,-9.53,-91.57,0,0,40,0,0.11,80.77,75.42,1420.32,0,0,0,0,15.65,0.33,0,0,1.92,0,0.01,3.97,44.04,81.39
2025-11-13T21:10:00Z,-4.74,-90.49,0,0,40,0,0.11,80.71,19.45,1433.53,0,0,0,0,15.6,0.34,0,0,1.92,0,0.01,3.97,45.07,94.48
2025-11-13T21:15:00Z,-2.72,-132.09,0,0,40,0,0.11,81.07,1.72,1467.11,0,0,0,0,15.55,0.49,0,0,1.92,0,0.01,3.98,44.69,86.65
2025-11-13T21:20:00Z,-14.12,-113.68,0,0,40,0,0.11,78.78,0,1463.6,0,0,0,0,15.5,0.42,0,0,1.92,0,0.01,3.87,44.39,85.17
2025-11-13T21:25:00Z,-8.96,-105.13,0,0,40,0,0.11,79,0,1453.02,0,0,0,0,15.45,0.39,0,0,1.92,0,0.01,3.88,44.61,103.86
2025-11-13T21:30:00Z,-29.37,-66.82,0,0,40,0,0.11,78.36,0,1401.41,0,0,0,0,15.4,0.25,0,0,1.92,0,0.01,3.85,46.55,92.82
2025-11-13T21:35:00Z,-16.87,-50.68,0,0,40,0,0.28,79.96,0,1369.46,0,0,0,0,15.42,0.2,0,0,1.92,0,0.02,3.93,47.83,99.77
2025-11-13T21:40:00Z,-17.63,-60.41,0,0,40,0,0.28,79.32,3.15,1360.8,0,0,0,0,15.43,0.24,0,0,1.92,0,0.02,3.9,47.8,73.97
2025-11-13T21:45:00Z,-15.04,-201.35,0,0,40,0,0.11,79.91,147.72,1364.41,0,0,0,0,15.45,0.72,0,0,1.92,0,0.01,3.93,43.49,80.29
2025-11-13T21:50:00Z,-77.62,-7.98,0,0,40,0,0.28,81.12,0,1368.91,0,0,0,0,15.47,0.03,0,0,1.92,0,0.02,3.99,50.35,78.69
2025-11-13T21:55:00Z,-74.96,0,16.9,0,40,0,0.28,80.34,0,1357.75,0,0,0,0,15.48,0,1.12,0,1.92,0,0.02,3.95,60.65,77.76
2025-11-13T22:00:00Z,-28.82,-33.42,0,0,40,0,0.28,80.78,0.12,1345.81,0,0,0,0,15.5,0.13,0,0,1.92,0,0.02,3.97,49.32,78.44
2025-11-13T22:05:00Z,-45.09,-13.88,0,0,40,0,0.28,80.25,0.01,1335.25,0,0,0,0,15.47,0.06,0,0,1.92,0,0.02,3.94,50.05,114.14
2025-11-13T22:10:00Z,-2.43,-118.85,0,0,40,0,0.46,80.2,36.73,1327,0,0,0,0,15.43,0.47,0,0,1.92,0,0.03,3.94,47.72,116.24
2025-11-13T22:15:00Z,-4.58,-103.67,0,0,40,0,0.28,79.1,0,1331.38,0,0,0,0,15.4,0.42,0,0,1.92,0,0.02,3.89,48.35,118.86
2025-11-13T22:20:00Z,-1.25,-120.93,0,0,41,0,0.28,82.32,1.16,1328.41,0,0,0,0,15.37,0.5,0,0,1.97,0,0.02,4.05,49.86,108.15
2025-11-13T22:25:00Z,-1.23,-235.34,0,-0.1,40,0,0.28,81.25,163.27,1312.31,0,0,0,0,15.33,0.87,0,0,1.92,0,0.02,3.99,44.61,96.2
2025-11-13T22:30:00Z,-0.28,-269.01,0,0,42,0,0.28,82.64,205.53,1307.1,0,0,0,0,15.3,1,0,0,2.02,0,0.02,4.06,44.68,114.26
2025-11-13T22:35:00Z,-8.28,-230.83,0,0,40,0,0.28,78.66,149.43,1314.21,0,0,0,0,15.53,0.85,0,0,1.92,0,0.02,3.87,44.28,80.88
2025-11-13T22:40:00Z,-0.87,-253.11,0,0,43,0,0.28,82.6,150.87,1335.02,0,0,0,0,15.77,0.96,0,0,2.06,0,0.02,4.06,45.76,114.99
2025-11-13T22:45:00Z,-2.28,-138.51,0,0,41,0,0.28,80.92,2.39,1340.7,0,0,0,0,16,0.56,0,0,1.97,0,0.02,3.98,48.92,113.71
2025-11-13T22:50:00Z,-1.62,-159.76,0,0,42,0,0.46,79.71,0.09,1353.72,0,0,0,0,16.23,0.65,0,0,2.02,0,0.03,3.92,48.55,84.56
2025-11-13T22:55:00Z,-0.79,-154.92,0,0,44,0,0.28,81.83,0.64,1360.45,0,0,0,0,16.47,0.64,0,0,2.11,0,0.02,4.02,49.67,93.86
2025-11-13T23:00:00Z,-0.92,-163.8,0,0,40,0,0.28,81.33,1,1359.14,0,0,0,0,16.7,0.66,0,0,1.92,0,0.02,4,48.1,112.96
2025-11-13T23:05:00Z,-1.82,-169.69,0,0,40,0,0.28,81.5,0.16,1357.05,0,0,0,0,16.57,0.68,0,0,1.92,0,0.02,4,48.29,112.2
2025-11-13T23:10:00Z,-0.11,-219.42,0,0,44,0,0.28,82.48,24.57,1372.25,0,0,0,0,16.43,0.89,0,0,2.11,0,0.02,4.05,48.71,96.3
2025-11-13T23:15:00Z,-2.63,-187.98,0,0,40,0,0.28,79.59,0.12,1360.56,0,0,0,0,16.3,0.74,0,0,1.92,0,0.02,3.91,47.51,118.48
2025-11-13T23:20:00Z,-1.52,-241.01,0,0,40,0,0.28,81.61,0.11,1405.99,0,0,0,0,16.17,0.94,0,0,1.92,0,0.02,4.01,46.78,115.55
2025-11-13T23:25:00Z,-7.6,-255.74,0,0,40,0,0.11,79.65,30.67,1410.9,0,0,0,0,16.03,0.96,0,0,1.92,0,0.01,3.91,45.15,87.1
2025-11-13T23:30:00Z,-4.01,-261.1,0,0,41,0,0.11,79.96,0.41,1445.96,0,0,0,0,15.9,0.98,0,0,1.97,0,0.01,3.93,45.34,88.11
2025-11-13T23:35:00Z,-1.83,-242.96,0,0,41,0,0.11,81.88,0.63,1456.12,0,0,0,0,15.85,0.92,0,0,1.97,0,0.01,4.02,45.62,121.97
2025-11-13T23:40:00Z,-1.41,-163.06,0,0,42,0,0.11,17.65,1.84,1465.59,0,0,0,0,15.8,0.31,0,0,2.02,0,0.01,0.87,22.73,119.65
2025-11-13T23:45:00Z,-0.62,-273.7,0,0,41,0,0.11,10.91,114.86,1479.54,0,0,0,0,15.75,0.42,0,0,1.97,0,0.01,0.54,18.3,78.92
2025-11-13T23:50:00Z,-15.87,-296.1,0,0,42,0,0.11,10.12,148.69,1489.89,0,0,0,0,15.7,0.44,0,0,2.02,0,0.01,0.5,18.09,122.66
2025-11-13T23:55:00Z,-10.8,-144.19,0,0,41,0,0.11,0,0.34,1469.48,0,0,0,0,15.65,0.19,0,0,1.97,0,0.01,0,15.8,73.4
2025-11-14T00:00:00Z,-12.2,-248.96,0,0,43,0,0.11,0,121.06,1471.08,0,0,0,0,15.6,0.32,0,0,2.06,0,0.01,0,15.33,124.46
2025-11-14T00:05:00Z,-47.99,-108.16,0,0,40,0,0.11,0,0.37,1476.32,0,0,0,0,15.6,0.14,0,0,1.92,0,0.01,0,15.78,72.81
2025-11-14T00:10:00Z,-15.77,-303.16,0,0,40,0,0.11,0,165.4,1495.67,0,0,0,0,15.6,0.34,0,0,1.92,0,0.01,0,13.74,91.82
2025-11-14T00:15:00Z,-13.12,-160.87,0,0,42,0,0.11,0,3.35,1499.4,0,0,0,0,15.6,0.21,0,0,2.02,0,0.01,0,15.86,89.19
2025-11-14T00:20:00Z,-15.78,-136.88,0,0,42,0,0.11,0,2.49,1477.2,0,0,0,0,15.6,0.18,0,0,2.02,0,0.01,0,16.13,89.86
2025-11-14T00:25:00Z,-15.17,-125.07,0,0,41,0,0.11,0,3.21,1471.17,0,0,0,0,15.6,0.16,0,0,1.97,0,0.01,0,15.8,91.06
2025-11-14T00:30:00Z,-12.15,-113.91,0,0,43,0,0.11,0,10.17,1469,0,0,0,0,15.6,0.15,0,0,2.06,0,0.01,0,16.46,100.94
2025-11-14T00:35:00Z,-10.95,-128.7,0,0,41,0,0.11,0,0.04,1485.5,0,0,0,0,15.82,0.17,0,0,1.97,0,0.01,0,15.64,98.64
2025-11-14T00:40:00Z,-15.33,-180.55,0,0,42,0,0.11,0,50.82,1486.13,0,0,0,0,16.03,0.23,0,0,2.02,0,0.01,0,15.54,104.03
2025-11-14T00:45:00Z,-10.52,-130.61,0,0,41,0,0.11,0,3.01,1485.23,0,0,0,0,16.25,0.17,0,0,1.97,0,0.01,0,15.61,98.99
2025-11-14T00:50:00Z,-15.32,-162.04,0,0,41,0,0.11,0,50.07,1482.91,0,0,0,0,16.47,0.2,0,0,1.97,0,0.01,0,15.22,96.26
2025-11-14T00:55:00Z,-15.4,-139.4,0,0,40,0,0.11,0,50.23,1460.5,0,0,0,0,16.68,0.17,0,0,1.92,0,0.01,0,15.07,97.4
2025-11-14T01:00:00Z,-12.83,-120.81,0,0,43,0,0.11,0,59.44,1428.3,0,0,0,0,16.9,0.16,0,0,2.06,0,0.01,0,16.38,103.79
2025-11-14T01:05:00Z,-11.88,-41.22,0,-0.1,42,0,0.11,0,5.3,1404.58,0,0,0,0,16.8,0.06,0,0,2.02,0,0.01,0,16.86,98.75
2025-11-14T01:10:00Z,-15.13,-67.82,0,0,42,0,0.11,0,56.25,1374.95,0,0,0,0,16.7,0.09,0,0,2.02,0,0.01,0,16.65,98.52
2025-11-14T01:15:00Z,-13.98,-72.99,0,0,41,0,0.11,0,71.03,1363.57,0,0,0,0,16.6,0.1,0,0,1.97,0,0.01,0,16.22,99.79
2025-11-14T01:20:00Z,-10.87,-65.22,0,0,40,0,0.11,0,51.07,1370.19,0,0,0,0,16.5,0.09,0,0,1.92,0,0.01,0,15.94,90.28
2025-11-14T01:25:00Z,-17.44,-53.83,0,0,40,0,0.11,0,50.29,1350.81,0,0,0,0,16.4,0.07,0,0,1.92,0,0.01,0,16.24,93.39
2025-11-14T01:30:00Z,-15.31,0,10.57,0,40,0,0.28,0,1.36,1340.36,0,0,0,0,16.3,0,0.79,0,1.92,0,0.02,0,24.17,92.34
2025-11-14T01:35:00Z,-17.58,0,31.31,-0.1,40,0,0.11,0,0.17,1299.15,0,0,0,0,16.2,0,2.34,0,1.92,0,0.01,0,39.71,94.32
2025-11-14T01:40:00Z,-15.2,0,11.59,0,41,0,0.11,0,8.34,1305.06,0,0,0,0,16.1,0,0.87,0,1.97,0,0.01,0,25.72,99.83
2025-11-14T01:45:00Z,-10.68,0,24.89,0,40,0,0.28,0,1.55,1295.29,0,0,0,0,16,0,1.89,0,1.92,0,0.02,0,35.28,93.05
2025-11-14T01:50:00Z,-17.48,-14.26,0,0,40,0,0.28,0,2.04,1322.28,0,0,0,0,15.9,0.02,0,0,1.92,0,0.02,0,17.27,88.56
2025-11-14T01:55:00Z,-20.61,-18.87,0,0,41,0,0.28,0,0.23,1326.24,0,0,0,0,15.8,0.03,0,0,1.97,0,0.02,0,17.7,79.32
2025-11-14T02:00:00Z,-15.16,-16.47,0,-0.1,44,0,0.11,0,3.3,1328.9,0,0,0,0,15.7,0.03,0,0,2.11,0,0.01,0,18.68,83.66
2025-11-14T02:05:00Z,-16.49,-27.61,0,0,42,0,0.28,0,0.5,1338.63,0,0,0,0,15.63,0.04,0,0,2.02,0,0.02,0,17.89,83.7
2025-11-14T02:10:00Z,-27.02,-32.12,0,-0.1,44,0,0.28,0,4.46,1338.55,0,0,0,0,15.57,0.05,0,0,2.11,0,0.02,0,18.81,89.59
2025-11-14T02:15:00Z,-22.89,-61.69,0,0,42,0,0.11,0,0.58,1354.68,0,0,0,0,15.5,0.09,0,0,2.02,0,0.01,0,17.67,87.69
2025-11-14T02:20:00Z,-50.15,-55.83,0,-0.1,41,0,0.11,0,4.09,1365.85,0,0,0,0,15.43,0.08,0,0,1.97,0,0.01,0,17.44,81.4
2025-11-14T02:25:00Z,-47.2,-53.88,0,-0.1,42,0,0.11,0,2.05,1368.41,0,0,0,0,15.37,0.08,0,0,2.02,0,0.01,0,17.8,78.48
2025-11-14T02:30:00Z,-25.24,-77.31,0,0,43,0,0.11,0,1.75,1355.27,0,0,0,0,15.3,0.11,0,0,2.06,0,0.01,0,18.09,87.28
2025-11-14T02:35:00Z,-43.83,-50.3,0,0,42,0,0.11,0,7.08,1341.78,0,0,0,0,15.25,0.07,0,0,2.02,0,0.01,0,18.04,81.11
2025-11-14T02:40:00Z,-33.5,-74.11,0,0,42,0,0.11,0,0.9,1353.14,0,0,0,0,15.2,0.11,0,0,2.02,0,0.01,0,17.83,80.47
2025-11-14T02:45:00Z,-43.87,-78.16,0,0,43,0,0.11,0,9.06,1365.56,0,0,0,0,15.15,0.11,0,0,2.06,0,0.01,0,18.12,79.64
2025-11-14T02:50:00Z,-25.11,-82.96,0,0,41,0,0.11,0,0.24,1355.51,0,0,0,0,15.1,0.12,0,0,1.97,0,0.01,0,17.29,77.17
2025-11-14T02:55:00Z,-40.4,-100.83,0,0,42,0,0.11,0,1.39,1358.76,0,0,0,0,15.05,0.15,0,0,2.02,0,0.01,0,17.86,81.85
2025-11-14T03:00:00Z,-75.51,-62.3,0,0,44,0,0.11,0,5.76,1366.29,0,0,0,0,15,0.09,0,0,2.11,0,0.01,0,19.01,94.72
2025-11-14T03:05:00Z,-49.34,-92.8,0,0,40,0,0.11,0,0.43,1361.87,0,0,0,0,14.93,0.13,0,0,1.92,0,0.01,0,17.12,86.33
2025-11-14T03:10:00Z,-55.29,-68.47,0,0,40,0,0.11,0,0.28,1352.84,0,0,0,0,14.87,0.09,0,0,1.92,0,0.01,0,17.31,76.93
2025-11-14T03:15:00Z,-34.46,-93.51,0,0,42,0,0.11,0,2.05,1342.19,0,0,0,0,14.8,0.14,0,0,2.02,0,0.01,0,17.98,81.77
2025-11-14T03:20:00Z,-36.83,-117,0,0,43,0,0.11,0,6.05,1354.19,0,0,0,0,14.73,0.17,0,0,2.06,0,0.01,0,18.22,96.19
2025-11-14T03:25:00Z,-74.73,-81.14,0,0,41,0,0.11,0,0.15,1356.42,0,0,0,0,14.67,0.11,0,0,1.97,0,0.01,0,17.97,87.35
2025-11-14T03:30:00Z,-27.8,-115.06,0,-0.1,42,0,0.11,0,3.87,1331.14,0,0,0,0,14.6,0.17,0,0,2.02,0,0.01,0,18.02,94.9
2025-11-14T03:35:00Z,-38.66,-108.87,0,-0.2,41,0,0.1,0,0.84,1340.23,0,0,0,0,14.52,0.16,0,0,1.97,0,0.01,0,17.68,92.4
2025-11-14T03:40:00Z,-22.48,-133.88,0,-0.2,44,0,0.11,0,23.16,1324.24,0,0,0,0,14.43,0.2,0,0,2.11,0,0.01,0,18.6,97.95
2025-11-14T03:45:00Z,-21.21,-92.41,0,-0.2,41,0,0.1,0,4.85,1298.46,0,0,0,0,14.35,0.14,0,0,1.97,0,0.01,0,17.92,96.08
2025-11-14T03:50:00Z,-18.74,-155.88,0,-0.2,43,0,0.11,0,59.32,1295.07,0,0,0,0,14.27,0.23,0,0,2.06,0,0.01,0,18.05,98.15
2025-11-14T03:55:00Z,-18.19,-129.56,0,-0.2,43,0,0.1,0,54.4,1277.47,0,0,0,0,14.18,0.2,0,0,2.06,0,0.01,0,18.33,114.76
2025-11-14T04:00:00Z,-1.12,-113.48,0,-0.1,40,0,0.1,0,20.31,1272.03,0,0,0,0,14.1,0.16,0,0,1.92,0,0.01,0,17.36,100.83
2025-11-14T04:05:00Z,-2.38,-99.72,0,-0.1,40,0,0.11,0,4.09,1291.98,0,0,0,0,13.95,0.14,0,0,1.92,0,0.01,0,17.37,93.44
2025-11-14T04:10:00Z,0,-261.32,0,0,44,0,0.11,72.3,80.15,1291.02,0,0,0,0,13.8,0.68,0,0,2.11,0,0.01,3.55,48.8,110.88
2025-11-14T04:15:00Z,-0.82,-240.86,0,0,42,0,0.1,79.93,60.58,1272.96,0,0,0,0,13.65,0.66,0,0,2.02,0,0.01,3.93,52.26,112.2
2025-11-14T04:20:00Z,-0.04,-188.12,0,0,43,0,0.11,80.25,6.1,1272.63,0,0,0,0,13.5,0.53,0,0,2.06,0,0.01,3.94,54.2,119.76
2025-11-14T04:25:00Z,-1.06,-161.64,0,0,41,0,0.1,78.94,15.12,1254.02,0,0,0,0,13.35,0.45,0,0,1.97,0,0.01,3.88,52.87,97.31
2025-11-14T04:30:00Z,-4.75,-162.38,0,0,40,0,0.11,78.94,43.21,1239.97,0,0,0,0,13.2,0.45,0,0,1.92,0,0.01,3.88,52.06,113.39
2025-11-14T04:35:00Z,0,-127.71,0,0,44,0,0.11,81.01,13.85,1218.35,0,0,0,0,13.2,0.37,0,0,2.11,0,0.01,3.98,55.91,118.95
2025-11-14T04:40:00Z,-0.78,-118.73,0,0,42,0,0.1,78.31,34.56,1199.32,0,0,0,0,13.2,0.34,0,0,2.02,0,0.01,3.85,53.79,117.32
2025-11-14T04:45:00Z,-0.85,-124.64,0,0,41,0,0.1,79.58,59.55,1184.49,0,0,0,0,13.2,0.35,0,0,1.97,0,0.01,3.91,53.58,122.6
2025-11-14T04:50:00Z,-0.25,-176.93,0,-0.1,42,0,0.11,79.35,113.69,1199.46,0,0,0,0,13.2,0.49,0,0,2.02,0,0.01,3.9,51.86,134.18
2025-11-14T04:55:00Z,-1.23,-151.6,0,-0.1,40,0,0.28,78.52,61.24,1231.87,0,0,0,0,13.2,0.42,0,0,1.92,0,0.02,3.86,51.3,113.51
2025-11-14T05:00:00Z,-0.1,-189.34,0,-0.1,40,0,0.11,77.94,93.46,1233.53,0,0,0,0,13.2,0.51,0,0,1.92,0,0.01,3.83,50.15,120.53
2025-11-14T05:05:00Z,-1.44,-161.68,0,-0.1,43,0,0.11,80.48,64.92,1243.83,0,0,0,0,13.28,0.45,0,0,2.06,0,0.01,3.95,52.7,102.3
2025-11-14T05:10:00Z,-0.27,-380.91,0,-0.1,43,0,0.27,80.45,305.96,1255.88,0,0,0,0,13.37,0.97,0,0,2.06,0,0.02,3.95,46.61,107.38
2025-11-14T05:15:00Z,-0.09,-344.61,0,0,42,0,0.28,79.71,271.28,1235.17,0,0,0,0,13.45,0.88,0,0,2.02,0,0.02,3.92,47.37,121.01
2025-11-14T05:20:00Z,-0.43,-134.15,0,-0.2,42,0,0.28,79.76,89.35,1198.54,0,0,0,0,13.53,0.37,0,0,2.02,0,0.02,3.92,52.54,126.57
2025-11-14T05:25:00Z,-0.62,-161.98,0,0,40,0,0.28,79.12,125.94,1209.23,0,0,0,0,13.62,0.43,0,0,1.92,0,0.02,3.89,50.1,123.26
2025-11-14T05:30:00Z,-6.1,-132.31,0,0,40,0,0.28,78.52,65.52,1235.49,0,0,0,0,13.7,0.54,0,0,1.92,0,0.02,3.86,49.23,127.77
2025-11-14T05:35:00Z,-0.01,-123.21,0,0,40,0,0.28,79.36,70.08,1247.31,0,2.28,0,0,13.72,0.5,0,0,1.92,0,0.02,3.9,48.66,119.41
2025-11-14T05:40:00Z,-0.08,-102.62,0,0,41,0,0.28,80.14,61.88,1251.09,0.09,4.56,0,0,13.73,0.42,0,0,1.97,0,0.02,3.94,49.4,111.88
2025-11-14T05:45:00Z,-1.22,-169.46,0,0,40,0,0.28,78.95,146.79,1241.9,1.11,6.85,0,0,13.75,0.68,0,0,1.92,0,0.02,3.88,45.87,119.67
2025-11-14T05:50:00Z,-4,-176.72,0,0,40,0,0.28,78.14,150.55,1250.46,1.78,9.13,0,0,13.77,0.68,0,0,1.92,0,0.02,3.84,45.35,98.54
2025-11-14T05:55:00Z,0,-134.47,0,0,40,0,0.28,79.18,121.25,1241.14,5.04,11.41,0,0,13.78,0.52,0,0,1.92,0,0.02,3.89,46.75,115.25
2025-11-14T06:00:00Z,-0.23,-93.3,0,0,41,0,0.28,80.22,116.89,1218.6,9.47,13.69,0,0,13.8,0.37,0,0,1.97,0,0.02,3.94,48.09,100.38
2025-11-14T06:05:00Z,-0.54,-131.86,0,0,42,0,0.27,80.34,118.68,1228.7,17.67,24.15,0,0,14.15,0.53,0,0,2.02,0,0.02,3.95,47.42,114.01
2025-11-14T06:10:00Z,-0.3,-116.54,0,0,42,0,0.28,79.44,100.59,1221.25,28.44,34.61,0,0,14.5,0.47,0,0,2.02,0,0.02,3.9,47.23,112.09
2025-11-14T06:15:00Z,0,-96.28,0,0,40,0,0.28,78.63,87.61,1216.23,31.17,45.07,0,0,14.85,0.39,0,0,1.92,0,0.02,3.86,46.34,97.69
2025-11-14T06:20:00Z,-11.51,-86.61,0,-0.1,39,0,0.27,78.19,64.81,1224.96,40.92,55.53,0,0,15.2,0.35,0,0,1.87,0,0.02,3.84,45.98,99.07
2025-11-14T06:25:00Z,-0.1,-155.3,0,-0.1,40,0,0.28,78.92,55.89,1277.91,54.1,65.99,0,0,15.55,0.6,0,0,1.92,0,0.02,3.88,44.14,118.43
2025-11-14T06:30:00Z,-203.38,0,115.82,-0.2,40,0,0.28,78.89,1.41,1260.57,65.61,76.45,0,0,15.9,0,7.79,0,1.92,0,0.02,3.88,135.66,100.05
2025-11-14T06:35:00Z,-200.12,-31.95,0,0,40,0,0.28,79.04,93.73,1274.14,81.66,103.79,0,0,16.17,0.12,0,0,1.92,0,0.02,3.88,47.49,98.73
2025-11-14T06:40:00Z,-197.65,-133.16,0,0,44,0,0.28,80.92,167.34,1271.68,99.6,131.13,0,0,16.43,0.49,0,0,2.11,0,0.02,3.98,46.03,111.46
2025-11-14T06:45:00Z,-199.43,-190.37,0,0,40,0,0.28,78.25,160.52,1308.92,118.84,158.48,0,0,16.7,0.7,0,0,1.92,0,0.02,3.85,41.32,96.28
2025-11-14T06:50:00Z,-204.01,-176.26,0,0,40,0,0.28,78.05,119.38,1326.22,122.57,185.82,0,0,16.97,0.66,0,0,1.92,0,0.02,3.84,41.16,72.16
2025-11-14T06:55:00Z,-202.59,-169.11,0,0,40,0,0.28,78.28,104.85,1324.92,139.04,213.16,0,0,17.23,0.63,0,0,1.92,0,0.02,3.85,40.47,69.92
2025-11-14T07:00:00Z,-198.79,-242.35,0,-0.1,42,0,0.27,80.57,119.97,1324.95,150.45,240.5,0,0,17.5,0.91,0,0,2.02,0,0.02,3.96,40.21,72.62
2025-11-14T07:05:00Z,-165.07,-319.4,0,-0.1,43,0,0.28,79.96,95.07,1347.74,174.91,278.31,0,0,17.53,1.19,0,0,2.06,0,0.02,3.93,37.7,71.81
2025-11-14T07:10:00Z,-111.37,-308.18,0,0,42,0,0.28,10.27,64.35,1324.9,203.37,316.11,0,0,17.57,0.84,0,0,2.02,0,0.02,0.5,13.25,69
2025-11-14T07:15:00Z,-20.29,-423.41,0,-0.1,40,0,0.27,10.1,26.24,1310.64,245.21,353.91,0,0,17.6,1.15,0,0,1.92,0,0.02,0.5,9.98,3.91
2025-11-14T07:20:00Z,-23.46,-403.52,0,-0.1,40,0,0.28,0,0.95,1302.54,281.75,391.71,0,0,17.63,0.54,0,0,1.92,0,0.02,0,10.57,0
2025-11-14T07:25:00Z,-10.41,-445.06,0,-0.1,40,0,0.28,0,0.01,1329.67,280.98,429.51,0,0,17.67,0.59,0,0,1.92,0,0.02,0,9.97,-11.11
2025-11-14T07:30:00Z,-9.89,-329.06,0,0,43,0,0.28,0,0.97,1193.47,302.03,467.31,105.72,21.11,17.7,0.47,0,0,2.06,0,0.02,0,11.57,-10
2025-11-14T07:35:00Z,-1.74,-441.29,0,0,47,0,0.28,0,29.38,1226.96,312.18,510.33,27.53,0,17.85,0.63,0,0,2.26,0,0.02,0,11.73,3.38
2025-11-14T07:40:00Z,-4.65,-525.06,0,0,46,0,0.28,0,62.67,1220.96,320.81,553.36,9.96,0,18,0.73,0,0,2.21,0,0.02,0,10.72,-10
2025-11-14T07:45:00Z,-1.04,-555.59,0,0,45,0,0.28,0,60.41,1242.1,331.71,596.38,59.16,0.11,18.15,0.76,0,0,2.16,0,0.02,0,9.92,-11.11
2025-11-14T07:50:00Z,-5.44,-585.46,0,-0.1,46,0,0.28,0,61.28,1240.48,351.85,639.4,52.02,1.18,18.3,0.8,0,0,2.21,0,0.02,0,9.78,-9.66
2025-11-14T07:55:00Z,-33.85,-464.81,0,-0.1,40,0,0.28,0,0.73,1159.64,343.63,682.43,116.58,25.07,18.45,0.64,0,0,1.92,0,0.02,0,9.02,-11.66
2025-11-14T08:00:00Z,-16.73,-553.73,0,0,40,0,0.28,0,0.03,1220.29,364.05,725.45,123.66,58.9,18.6,0.74,0,0,1.92,0,0.02,0,8.08,-18.95
2025-11-14T08:05:00Z,-15.76,-504.38,0,0,44,0,0.28,0,24.77,1159.18,308.53,769.89,180.04,88.52,18.85,0.72,0,0,2.11,0,0.02,0,9.49,-11.8
2025-11-14T08:10:00Z,-6.81,-541.5,0,0,44,0,0.28,0,31.67,1140.92,315.34,814.32,151.99,88.88,19.1,0.8,0,0,2.11,0,0.02,0,8.91,-20
2025-11-14T08:15:00Z,-4.4,-555.94,0,0,44,0,0.27,0,38.76,1142.19,302.99,858.76,156.13,150.8,19.35,0.82,0,0,2.11,0,0.02,0,8.63,-15.08
2025-11-14T08:20:00Z,-57.65,-540.16,0,0,43,0,0.28,0,19.64,1153.94,304.88,903.19,123.1,164.7,19.6,0.8,0,0,2.06,0,0.02,0,8.43,-18.13
2025-11-14T08:25:00Z,-71.88,-461.2,0,0,42,0,0.28,0,0.11,1119.79,285.16,947.63,151.57,186.23,19.85,0.69,0,0,2.02,0,0.02,0,8.64,-20
2025-11-14T08:30:00Z,-76.62,-505.41,0,0,41,0,0.28,0,0.06,1118.64,284.64,992.06,195.89,189.53,20.1,0.75,0,0,1.97,0,0.02,0,7.97,-26.65
2025-11-14T08:35:00Z,-109.38,-406.96,0,-0.1,40,0,0.27,0,4.23,990.08,287.37,1035,323.34,192.84,20.4,0.6,0,0,1.92,0,0.02,0,8.75,-20
2025-11-14T08:40:00Z,-59.98,-329.51,0,0,40,6,0.28,0,0.02,800.11,295.48,1077.94,477.33,189.61,20.7,0.56,0,0,1.92,0.2,0.02,0,10.39,-11.66
2025-11-14T08:45:00Z,-111.55,-392.03,0,0,41,6,0.28,0,1.12,838.11,354.36,1120.88,394.38,134.24,21,0.69,0,0,1.97,0.2,0.02,0,9.65,-14
2025-11-14T08:50:00Z,-94.17,-458.99,0,0,41,40.67,0.28,0,0.75,807.13,362.57,1163.82,387.36,140.96,21.3,1.04,0,0,1.97,1.36,0.02,0,14.9,-11.66
2025-11-14T08:55:00Z,-112.07,-394.14,0,0,40,40.67,0.28,0,0.11,768.35,314.67,1206.76,393.25,198.94,21.6,0.94,0,0,1.92,1.36,0.02,0,15.19,-15.08
2025-11-14T09:00:00Z,-58.1,-418.4,0,0,45,70.2,0.28,0,5.87,709.01,262.33,1249.7,415.25,264.58,21.9,1.27,0,0,2.16,2.35,0.02,0,20.95,-11.11
2025-11-14T09:05:00Z,-35.74,-447.93,0,-0.1,41,70.2,0.28,0,2.21,708.83,236.47,1257.79,366.07,250.8,21.8,1.34,0,0,1.97,2.35,0.02,0,19.6,-10.1
2025-11-14T09:10:00Z,-97.82,-455.12,0,-0.1,40,70.2,0.28,0,0.11,695.28,285.6,1265.88,376.79,191.23,21.7,1.34,0,0,1.92,2.35,0.02,0,19.61,-11.66
2025-11-14T09:15:00Z,-72.99,-360.6,0,0,42,70.2,0.28,0,1.2,656.48,219.94,1273.97,381.56,321.69,21.6,1.13,0,0,2.02,2.35,0.02,0,21.32,-10
2025-11-14T09:20:00Z,-60.87,-351.61,0,0,43,70.2,0.28,0,4.09,650.98,274.08,1282.06,311.45,321.95,21.5,1.12,0,0,2.06,2.35,0.02,0,20.77,-11.11
2025-11-14T09:25:00Z,-161.3,-154.02,0,0,40,70.2,0.28,0,0.03,553.12,207.83,1290.15,357.83,390.38,21.4,0.52,0,0,1.92,2.35,0.02,0,24.5,-16.9
2025-11-14T09:30:00Z,-47.63,-9.28,0,0,45,70.2,0.28,0,7.25,426.44,128.36,1298.24,325.48,526.34,21.3,0.04,0,0,2.16,2.35,0.02,0,28.1,-11.11
2025-11-14T09:35:00Z,-124.69,-7.33,0,0,42,70.2,0.28,0,0.39,379.7,197.59,1315.97,360.57,339.07,21.45,0.03,0,0,2.02,2.35,0.02,0,27.9,-11.11
2025-11-14T09:40:00Z,-80.57,-49.42,0,0,41,129.93,0.28,0,0.1,371.23,156.41,1333.69,325.21,386.5,21.6,0.24,0,0,1.97,4.35,0.02,0,38.44,-10.36
2025-11-14T09:45:00Z,-187.53,-18.52,0,0,44,171.54,0.28,0,2.35,361.83,195.4,1351.42,249.8,342.49,21.75,0.1,0,0,2.11,5.74,0.02,0,48.55,-11.11
2025-11-14T09:50:00Z,-116.65,-54.73,0,0,44,172.88,0.28,0,5.97,337.34,153.69,1369.14,261.21,395.37,21.9,0.31,0,0,2.11,5.79,0.02,0,47.73,-10
2025-11-14T09:55:00Z,-142.6,-104.63,0,0,40,166.84,0.28,0,0.05,313.49,199.73,1386.87,128.29,345.87,22.05,0.58,0,0,1.92,5.59,0.02,0,44.81,-10
2025-11-14T10:00:00Z,-168.49,-140.75,0,0,40,162.81,0.28,0,0,308.61,195.05,1404.6,135.41,351.99,22.2,0.78,0,0,1.92,5.45,0.02,0,44.01,-10.1
2025-11-14T10:05:00Z,-269.64,-82.85,0,0,40,166.17,0.28,0,0,313.4,192.11,1404.93,105.18,353.32,22.13,0.46,0,0,1.92,5.56,0.02,0,47.93,-10.8
2025-11-14T10:10:00Z,-247.53,-45.65,0,0,45,172.21,0.28,0,5.19,303.95,185.7,1405.27,90,355.85,22.07,0.26,0,0,2.16,5.77,0.02,0,50.53,-8.5
2025-11-14T10:15:00Z,-140.86,-145.91,0,0,40,164.83,0.28,0,0,316.24,217.33,1405.61,60.61,320.14,22,0.79,0,0,1.92,5.52,0.02,0,43.1,-10.15
2025-11-14T10:20:00Z,-133.76,-122.27,0,-0.1,40,164.83,0.27,0,0,297.04,194.96,1405.94,130.84,340.66,21.93,0.66,0,0,1.92,5.52,0.02,0,44.18,-11.53
2025-11-14T10:25:00Z,-148.41,0,51.18,0,41,168.18,0.27,0,1.09,265.42,127.09,1406.28,104.06,417.67,21.87,0,3.96,0,1.97,5.63,0.02,0,76.74,-10.8
2025-11-14T10:30:00Z,-123.01,0,132.23,0,40,167.51,0.28,0,0,264.03,154.18,1406.62,92.47,286.75,21.8,0,10.16,0,1.92,5.61,0.02,0,119.54,-11.03
2025-11-14T10:35:00Z,-134.54,0,92.3,0,40,164.16,0.28,0,0,233.78,173.08,1425.43,141.84,296.37,21.93,0,7.09,0,1.92,5.5,0.02,0,96.32,-11.8
2025-11-14T10:40:00Z,-125.5,-25.11,0,0,40,165.5,0.28,0,0,210.01,121.99,1444.24,93.17,400.56,22.07,0.15,0,0,1.92,5.54,0.02,0,48,-17.09
2025-11-14T10:45:00Z,-111.06,0,60.7,0,44,172.21,0.28,0,8.07,169.11,37.57,1463.04,99.13,436.86,22.2,0,4.59,0,2.11,5.77,0.02,0,86.97,-10.1
2025-11-14T10:50:00Z,-152.64,-6.27,0,0,44,172.21,0.28,0,4.87,166.66,184.64,1481.85,62.83,347.04,22.33,0.04,0,0,2.11,5.77,0.02,0,49.76,-9.31
2025-11-14T10:55:00Z,-125.85,-109.3,0,0,43,170.87,0.27,0,2.34,205.99,189.42,1500.66,20.2,321.79,22.47,0.69,0,0,2.06,5.72,0.02,0,45.5,-10
2025-11-14T11:00:00Z,-110.93,-87.56,0,0,45,172.88,0.28,0,6.37,198.47,193.16,1519.47,28.19,347,22.6,0.54,0,0,2.16,5.79,0.02,0,46,0
2025-11-14T11:05:00Z,-96.69,-96.3,0,0,46,173.55,0.28,0,9.43,194.49,252.8,1502.48,11.73,262.67,22.63,0.58,0,0,2.21,5.81,0.02,0,45.08,7
2025-11-14T11:10:00Z,-123.89,0,1.54,0,42,138.65,0.28,0,30.82,185.92,256.38,1485.48,3.34,295.94,22.67,0,0.11,0,2.02,4.64,0.02,0,40.47,-6.12
2025-11-14T11:15:00Z,-164.05,0,148.42,0,42,76.24,0.28,0,0,164.8,236.94,1468.49,12.64,297,22.7,0,11.05,0,2.02,2.55,0.02,0,111.94,-9.39
2025-11-14T11:20:00Z,-110.44,0,193.46,0,45,41.34,0.28,0,3.64,145.64,165.32,1451.49,10.93,341.39,22.73,0,14.14,0,2.16,1.38,0.02,0,137.16,-10.88
2025-11-14T11:25:00Z,-122.46,0,210.95,0,39,40.67,0.28,0,0,129.53,192.68,1434.5,25.61,308.12,22.77,0,15.58,0,1.87,1.36,0.02,0,150.37,-11.11
2025-11-14T11:30:00Z,-109.48,0,259.6,0,41,40,0.28,0,0.01,130.31,119.47,1417.5,39.48,402.36,22.8,0,20.05,0,1.97,1.34,0.02,0,203.31,-11.66
2025-11-14T11:35:00Z,-102.65,0,311.13,0,40,40,0.28,0,0,130.97,80.64,1404.21,70.73,383.56,22.8,0,24.2,0,1.92,1.34,0.02,0,257.14,-10
2025-11-14T11:40:00Z,-176.65,0,226.86,0,40,40,0.28,0,0,139.36,161.45,1390.92,35.69,339.12,22.8,0,17.15,0,1.92,1.34,0.02,0,179.16,-11.79
2025-11-14T11:45:00Z,-184.11,0,302.86,0,41,39.33,0.11,0,0,120.52,107.98,1377.63,92.1,452.14,22.8,0,22.9,0,1.97,1.32,0.01,0,262.03,-11.41
2025-11-14T11:50:00Z,-197.1,0,324.88,0,40,40,0.28,0,0,109.17,97.97,1364.35,74.25,368.31,22.8,0,24.19,0,1.92,1.34,0.02,0,291.72,-10.56
2025-11-14T11:55:00Z,-90.21,0,154.72,0,40,40,0.11,0,0,130.27,152.75,1351.06,71.96,336.08,22.8,0,11.25,0,1.92,1.34,0.01,0,118.54,-11.66
2025-11-14T12:00:00Z,-98.94,0,424.33,0,39,39.33,0.11,0,0,119.33,94.35,1337.77,67.24,408.06,22.8,0,31.6,0,1.87,1.32,0.01,0,377.35,-11.47
2025-11-14T12:05:00Z,-90.6,0,546.96,0,40,40,0.11,0,0,119.93,102.58,1281.07,61.03,343.99,22.85,0,39.88,0,1.92,1.34,0.01,0,547.28,-8.5
2025-11-14T12:10:00Z,-83.77,0,429.52,0,44,40,0.11,0,3.13,149.77,194.54,1224.37,69.85,251.3,22.9,0,32.16,0,2.11,1.34,0.01,0,374.09,-1
2025-11-14T12:15:00Z,-100.69,0,437.84,0,40,40,0.11,0,0.01,171.7,189.88,1167.67,22.96,201.07,22.95,0,31.67,0,1.92,1.34,0.01,0,391.46,-1
2025-11-14T12:20:00Z,-97.09,0,466.04,0,40,40,0.11,0,0,163.34,176.52,1110.97,26.1,264.4,23,0,33.64,0,1.92,1.34,0.01,0,457.6,0
2025-11-14T12:25:00Z,-75.9,0,467.46,0,41,39.33,0.11,0,0.13,130.78,183.8,1054.27,7.14,254.57,23.05,0,34.35,0,1.97,1.32,0.01,0,498.5,9.1
2025-11-14T12:30:00Z,-32.38,0,503.49,0,41,40,0.11,0,2.85,96.23,159.96,997.57,0.69,249.01,23.1,0,36.03,0,1.97,1.34,0.01,0,588.87,198
2025-11-14T12:35:00Z,-6.07,0,403.67,0,40,39.33,0.11,0,55.79,95.96,144.58,992.51,0,258.02,23.12,0,28.79,0,1.92,1.32,0.01,0,400.99,35.95
2025-11-14T12:40:00Z,-0.58,0,399.74,0,45,39.33,0.11,0,68.89,118.34,174.89,987.45,0.4,180.56,23.13,0,28.76,0,2.16,1.32,0.01,0,374.29,148
2025-11-14T12:45:00Z,-0.68,0,290.97,0,44,38.66,0.11,0,92.18,143.6,163.9,982.39,0,171.3,23.15,0,21.24,0,2.11,1.29,0.01,0,252.17,38.52
2025-11-14T12:50:00Z,-9.18,0,306.61,0,40,39.33,0.11,0,11.95,153.42,193.53,977.34,1,273,23.17,0,21.91,0,1.92,1.32,0.01,0,274.39,-8.5
2025-11-14T12:55:00Z,-70.46,0,330.29,-0.1,44,39.33,0.11,0,14.19,131.16,206.66,972.28,14.9,273.41,23.18,0,23.31,0,2.11,1.32,0.01,0,318.81,-11.11
2025-11-14T13:00:00Z,-80.24,0,360.58,0,44,39.33,0.11,0,6.14,132.56,130.76,967.22,36.53,328.11,23.2,0,26.28,0,2.11,1.32,0.01,0,405.52,-11.66
2025-11-14T13:05:00Z,-69.38,0,393.2,0,43,38.66,0.11,0,15.19,169.95,81.96,961.25,22.34,272.48,23.1,0,28.6,0,2.06,1.29,0.01,0,452.57,-11.66
2025-11-14T13:10:00Z,-136.34,0,458.6,0,42,39.33,0.11,0,0.03,198.23,143.16,955.27,60.4,278.24,23,0,33.11,0,2.02,1.32,0.01,0,558.52,-10
2025-11-14T13:15:00Z,-144.5,0,329.98,0,42,39.33,0.11,0,4.18,262.53,243.2,949.3,41.55,183.36,22.9,0,24.1,0,2.02,1.32,0.01,0,308.85,-15.08
2025-11-14T13:20:00Z,-134.67,0,665.06,0,40,38.66,0.11,0,0,143.23,105.01,943.33,141.59,256.4,22.8,0,47.71,0,1.92,1.29,0.01,0,1298.58,-10
2025-11-14T13:25:00Z,-225.31,0,577.45,0,40,39.33,0.11,0,0,198.19,231.13,937.36,29.39,213.76,22.7,0,40.78,0,1.92,1.32,0.01,0,821.12,-11.66
2025-11-14T13:30:00Z,-127.4,0,586.04,0,44,40.67,0.11,0,0,200.99,198.9,931.39,83.63,265.18,22.6,0,41.29,0,2.11,1.36,0.01,0,764.62,-11.11
2025-11-14T13:35:00Z,-135.07,0,603.29,0,39,40.67,0.11,0,0.01,231.66,159.41,926.43,83.36,204.51,22.58,0,42.08,0,1.87,1.36,0.01,0,825.36,-10
2025-11-14T13:40:00Z,-126.21,0,388.61,0,40,40.67,0.11,0,4.46,272.97,238.79,921.47,50.71,113.92,22.57,0,28.08,0,1.92,1.36,0.01,0,374.99,-11.66
2025-11-14T13:45:00Z,-140.45,0,433.55,0,44,40.67,0.11,0,0.93,271.63,206.5,916.51,90.29,150.02,22.55,0,31.2,0,2.11,1.36,0.01,0,459.1,-11.66
2025-11-14T13:50:00Z,-198.43,0,559.7,0,40,40.67,0.11,0,0.02,239.62,159.91,911.55,157.81,244.81,22.53,0,39.91,0,1.92,1.36,0.01,0,817.91,-11.66
2025-11-14T13:55:00Z,-176.14,0,655.44,0,44,40.67,0.11,0,1.94,202.81,154.85,906.59,183.83,249.3,22.52,0,47.3,0,2.11,1.36,0.01,0,1173.13,-11.11
2025-11-14T14:00:00Z,-182.12,0,590.72,0,40,40.67,0.11,0,0.05,289.98,197.23,901.63,76.26,195.66,22.5,0,41.88,0,1.92,1.36,0.01,0,777.91,-8.5
2025-11-14T14:05:00Z,-236.59,0,573.12,0,43,40.67,0.11,0,0,368.11,222.01,899.74,59.63,170.26,22.48,0,40.79,0,2.06,1.36,0.01,0,694.59,-10.1
2025-11-14T14:10:00Z,-183.79,0,644.42,0,40,40.67,0.11,0,0,316.26,220.36,897.85,108.02,182.52,22.47,0,45.6,0,1.92,1.36,0.01,0,853.86,-10.1
2025-11-14T14:15:00Z,-150.49,0,497.68,0,42,40.67,0.11,0,0.02,328.57,217.92,895.96,93.77,182.61,22.45,0,35.52,0,2.02,1.36,0.01,0,532.27,-11.66
2025-11-14T14:20:00Z,-190.01,0,548.53,0,40,40.67,0.11,0,1.18,279.22,175.02,894.06,113.06,216.83,22.43,0,39.36,0,1.92,1.36,0.01,0,739.79,-11.11
2025-11-14T14:25:00Z,-220.62,0,509.66,0,42,40.67,0.11,0,1.76,298.87,178.61,892.17,173.63,200.55,22.42,0,36.51,0,2.02,1.36,0.01,0,661.25,-11.66
2025-11-14T14:30:00Z,-196.04,0,468.16,0,42,40.67,0.11,0,0.07,348.07,171.53,890.28,180.3,220.55,22.4,0,33.21,0,2.02,1.36,0.01,0,530,-11.66
2025-11-14T14:35:00Z,-190.22,0,461.93,0,43,40.67,0.11,0,1.77,329.62,158.05,891.23,196.14,197.36,22.55,0,32.74,0,2.06,1.36,0.01,0,534.39,-11.66
2025-11-14T14:40:00Z,-179.15,0,617.66,0,41,40.67,0.11,0,0.37,280.17,144.97,892.17,263.14,217.77,22.7,0,44.16,0,1.97,1.36,0.01,0,945.72,-10.8
2025-11-14T14:45:00Z,-234.08,0,580.68,0,42,40.67,0.11,0,2.89,358.83,186.36,893.12,180.88,168.7,22.85,0,39.5,0,2.02,1.36,0.01,0,725.67,-11.11
2025-11-14T14:50:00Z,-206.46,0,543.57,0,40,40.67,0.11,0,0,314.18,181.51,894.07,221.78,167.75,23,0,37,0,1.92,1.36,0.01,0,671.07,-11.66
2025-11-14T14:55:00Z,-151.74,0,497.71,0,44,40.67,0.11,0,2.1,323.94,164.99,895.01,307.69,168.66,23.15,0,33.74,0,2.11,1.36,0.01,0,543.78,-10
2025-11-14T15:00:00Z,-233.36,0,661.91,0,44,41.34,0.11,0,1.7,350.02,153.1,895.96,324.87,158.45,23.3,0,44.21,0,2.11,1.38,0.01,0,968.94,-10
2025-11-14T15:05:00Z,-261.55,0,624.55,0,40,40.67,0.11,0,0,442.74,197.77,874.21,251.28,143.81,23.3,0,41.88,0,1.92,1.36,0.01,0,763.98,-10
2025-11-14T15:10:00Z,-150.97,0,577.53,0,45,41.34,0.11,0,0,354.48,210.04,852.46,282.96,153.62,23.3,0,38.22,0,2.16,1.38,0.01,0,646.83,-10
2025-11-14T15:15:00Z,-271.07,0,569.38,0,40,41.34,0.11,0,0,457.63,204.01,830.7,132.36,135.28,23.3,0,36.97,0,1.92,1.38,0.01,0,659.1,-11.66
2025-11-14T15:20:00Z,-66.45,0,565.68,0,41,40.67,0.11,0,0,226.19,114.83,808.95,378.23,177.49,23.3,0,37.46,0,1.97,1.36,0.01,0,816.42,-10
2025-11-14T15:25:00Z,-240.97,0,605.41,0,40,41.34,0.11,0,0,334.49,176.85,787.2,202.96,165.24,23.3,0,39.57,0,1.92,1.38,0.01,0,964.31,-9.45
2025-11-14T15:30:00Z,-230.31,0,572.03,0,42,41.34,0.11,0,2.81,394.59,175.63,765.45,113.91,158.15,23.3,0,38.2,0,2.02,1.38,0.01,0,805.78,-8.5
2025-11-14T15:35:00Z,-153.58,0,442.44,0,49,41.34,0.11,0,5.57,421.72,186.4,771.64,122.84,159.07,23.26,0,28.12,0,2.35,1.38,0.01,0,434.61,-10
2025-11-14T15:40:00Z,-162.7,0,386.89,0,43,40.67,0.1,0,2.57,424.12,228.04,777.82,156.39,145.53,23.22,0,24.85,0,2.06,1.36,0.01,0,351.04,-11.66
2025-11-14T15:45:00Z,-54.28,0,362.52,0,42,40.67,0.11,0,0,313.72,224.13,784.01,345.82,182.3,23.18,0,23.06,0,2.02,1.36,0.01,0,321.19,-10
2025-11-14T15:50:00Z,-54.43,0,289.54,0,45,40.67,0.11,0,17,344.2,312.14,790.19,235.34,142.61,23.13,0,19.03,0,2.16,1.36,0.01,0,224.62,0
2025-11-14T15:55:00Z,-117.04,0,161.68,0,41,41.34,0.11,0,6.39,538.99,237.03,796.38,50.27,47.61,23.09,0,10.49,0,1.97,1.38,0.01,0,120.23,-11.11
2025-11-14T16:00:00Z,-33.98,0,181.35,0,42,40.67,0.11,0,7.55,414.89,228.9,802.57,260.86,53.67,23.05,0,11.56,0,2.02,1.36,0.01,0,135.71,-10
2025-11-14T16:05:00Z,-104.92,0,218.46,0,40,40.67,0.11,0,3.69,441.56,307.03,740.56,222.68,67.35,22.57,0,13.94,0,1.92,1.36,0.01,0,165.32,-11.66
2025-11-14T16:10:00Z,-70.17,0,411.95,0,45,40.67,0.11,0,15.61,420.19,172.49,678.56,369.02,130.13,22.1,0,27.18,0,2.16,1.36,0.01,0,413.84,-10
2025-11-14T16:15:00Z,-72.45,0,396.73,-0.1,45,41.34,0.11,0,14.54,533.67,189.06,616.56,162.54,0,21.62,0,26.63,0,2.16,1.38,0.01,0,373.02,-11.66
2025-11-14T16:20:00Z,-145.75,0,596.6,0,40,40.67,0.11,0,4.56,457.56,257.8,554.55,342.31,37.16,21.15,0,38.02,0,1.92,1.36,0.01,0,808.77,-11.66
2025-11-14T16:25:00Z,-79.94,0,603.81,0,49,41.34,0.11,0,23.11,436.98,262.66,492.55,352.67,46.39,20.67,0,38.87,0,2.35,1.38,0.01,0,822.05,19.84
2025-11-14T16:30:00Z,-1.93,0,338.04,0,49,40.67,0.11,0,39.62,685.64,221.59,430.55,31.29,0,20.2,0,22.34,0,2.35,1.36,0.01,0,277.38,20.39
2025-11-14T16:35:00Z,-0.55,0,187.76,0,51,40.67,0.1,0,48.04,766.27,231.25,434.52,0,0,20.07,0,12.54,0,2.45,1.36,0.01,0,141.9,9.41
2025-11-14T16:40:00Z,-26.35,0,94.13,0,43,59.46,0.11,0,16.09,837.97,200.9,438.49,0,0,19.93,0,6.33,0,2.06,1.99,0.01,0,84.5,-6.67
2025-11-14T16:45:00Z,-56.01,-2.32,0,0,46,59.46,0.11,0,82.26,759.41,312.21,442.46,110.05,0,19.8,0.01,0,0,2.21,1.99,0.01,0,30.63,3.01
2025-11-14T16:50:00Z,-54.58,0,112.06,0,46,59.46,0.11,0,21.8,759.31,230.08,446.44,29.49,0,19.67,0,7.54,0,2.21,1.99,0.01,0,100.96,1.99
2025-11-14T16:55:00Z,-13.64,-27.77,0,0,43,60.14,0.11,0,23.14,797.87,180.32,450.41,66.48,0,19.53,0.12,0,0,2.06,2.01,0.01,0,31.44,0.53
2025-11-14T17:00:00Z,-71.08,-112.47,0,0,47,59.46,0.11,0,23.26,857.48,254.62,454.38,79.71,0,19.4,0.45,0,0,2.26,1.99,0.01,0,30.14,-5.18
2025-11-14T17:05:00Z,-9.69,-64.9,0,0,47,59.46,0.11,0,25.61,732.32,287.96,467.98,176.48,0,19.52,0.28,0,0,2.26,1.99,0.01,0,30.84,-19.98
2025-11-14T17:10:00Z,-95.03,0,260.86,0,45,59.46,0.11,0,16.37,528.17,233.69,481.59,233.33,59.46,19.63,0,18.09,0,2.16,1.99,0.01,0,264.72,0
2025-11-14T17:15:00Z,-41.65,-62.86,0,0,41,60.14,0.11,0,10.91,775.28,265.39,495.19,0,0,19.75,0.26,0,0,1.97,2.01,0.01,0,29,1.1
2025-11-14T17:20:00Z,-104.68,0,22.58,0,43,60.14,0.11,0,1.6,783.01,273.32,508.79,0,0,19.87,0,1.56,0,2.06,2.01,0.01,0,43.93,17.27
2025-11-14T17:25:00Z,-2.55,-64.24,0,0,43,59.46,0.11,0,11.64,814.82,269.16,522.39,0,0,19.98,0.26,0,0,2.06,1.99,0.01,0,27.6,18.04
2025-11-14T17:30:00Z,-1.34,-84.25,0,0,45,59.46,0.11,0,73.23,851.24,235.35,536,0,0,20.1,0.33,0,0,2.16,1.99,0.01,0,26.77,104.44
2025-11-14T17:35:00Z,-7.45,0,12.91,0,41,97.72,0.11,0,38.92,782.93,244.63,489.04,0,0,20.08,0,0.9,0,1.97,3.27,0.01,0,44.05,93.91
2025-11-14T17:40:00Z,-0.62,0,68.65,0,42,60.14,0.11,0,2.84,842.08,225.55,442.09,0,0,20.07,0,4.79,0,2.02,2.01,0.01,0,68.52,111.84
2025-11-14T17:45:00Z,-2.4,0,57.7,0,40,113.82,0.1,0,1.65,850.06,225.35,395.13,0,0,20.05,0,3.99,0,1.92,3.81,0.01,0,74.51,81.87
2025-11-14T17:50:00Z,-0.46,0,112.63,0,42,72.22,0.11,0,64.13,837.31,212.32,348.18,0,0,20.03,0,7.74,0,2.02,2.42,0.01,0,99.86,111.24
2025-11-14T17:55:00Z,-0.62,0,119.41,0,41,119.19,0.11,0,11.72,882.3,189.93,301.23,0,0,20.02,0,8.05,0,1.97,3.99,0.01,0,117.95,119.13
2025-11-14T18:00:00Z,-2.12,0,74.23,0,40,139.33,0.11,0,57.38,851.76,166.23,254.27,0,0,20,0,5.03,0,1.92,4.67,0.01,0,97.34,116.41
2025-11-14T18:05:00Z,-0.6,0,0.3,0,41,140,0.11,0,110.45,844.17,153.69,248.51,0,0,20.02,0,0.02,0,1.97,4.69,0.01,0,52.17,117.47
2025-11-14T18:10:00Z,-1.33,-50.17,0,0,40,140,0.11,0,104.25,880.12,152.33,242.74,0,0,20.03,0.22,0,0,1.92,4.69,0.01,0,50.87,104.48
2025-11-14T18:15:00Z,-0.95,-32.28,0,0,40,139.33,0.11,0,207.67,833.36,105.5,236.98,0,0,20.05,0.14,0,0,1.92,4.67,0.01,0,50.6,113.24
2025-11-14T18:20:00Z,-1.12,-72.82,0,0,40,139.33,0.11,0,186.7,910.78,125.63,231.21,0,0,20.07,0.31,0,0,1.92,4.67,0.01,0,48.32,119.93
2025-11-14T18:25:00Z,-2.72,0,46.87,0,40,139.33,0.11,0,76.57,921.1,115.63,225.44,0,0,20.08,0,3.12,0,1.92,4.67,0.01,0,79.38,116.4
2025-11-14T18:30:00Z,-1.09,-3.52,0,0,40,140,0.11,0,129.89,974.71,94.27,219.68,0,0,20.1,0.02,0,0,1.92,4.69,0.01,0,49.68,104.01
2025-11-14T18:35:00Z,-0.65,0,4.24,0,41,91.01,0.11,0,170.31,1017.62,72.88,194.49,0,0,19.97,0,0.28,0,1.97,3.05,0.01,0,40.22,126.22
2025-11-14T18:40:00Z,-7.92,-20.81,0,0,40,131.94,0.1,0,128.22,1052.16,69.14,169.31,0,0,19.83,0.09,0,0,1.92,4.42,0.01,0,48.07,113.7
2025-11-14T18:45:00Z,-0.6,-84.04,0,0,40,139.33,0.11,0,219.37,1042.95,61.04,144.12,0,0,19.7,0.34,0,0,1.92,4.67,0.01,0,47.99,115.49
2025-11-14T18:50:00Z,-1.73,-9.93,0,0,40,139.33,0.11,0,191.37,1017.03,51.42,118.94,0,0,19.57,0.04,0,0,1.92,4.67,0.01,0,50.82,117.03
2025-11-14T18:55:00Z,-0.48,0,59.95,0,40,138.65,0.11,0,204.08,959.67,39.1,93.75,0,0,19.43,0,3.91,0,1.92,4.64,0.01,0,88.84,124.65
2025-11-14T19:00:00Z,-1.85,0,78.12,0,40,138.65,0.11,0,199.49,946.56,25.36,68.57,0,0,19.3,0,5.07,0,1.92,4.64,0.01,0,104.31,118.89
2025-11-14T19:05:00Z,-0.74,0,58.36,0,40,137.98,0.11,0,222.54,954.06,15.6,58.73,0,0,19.17,0,3.89,0,1.92,4.62,0.01,0,91.45,120.48
2025-11-14T19:10:00Z,-1.21,0,109.69,0,40,138.65,0.11,0,177.34,946.5,12.27,48.89,0,0,19.03,0,7.3,0,1.92,4.64,0.01,0,132.83,109.95
2025-11-14T19:15:00Z,-0.99,0,99.37,0,40,138.65,0.11,0,201.82,971.25,6.14,39.06,0,0,18.9,0,6.64,0,1.92,4.64,0.01,0,122.22,118.47
2025-11-14T19:20:00Z,-0.46,0,36.5,0,40,139.33,0.11,0,250.11,968.05,3.82,29.22,0,0,18.77,0,2.45,0,1.92,4.67,0.01,0,77.83,120.11
2025-11-14T19:25:00Z,-1.81,0,94.77,0,40,139.33,0.11,0,196.43,962.72,1.92,19.38,0,0,18.63,0,6.26,0,1.92,4.67,0.01,0,122.03,104.44
2025-11-14T19:30:00Z,-0.8,0,75.36,0,40,88.32,0.11,0,228.97,1031.89,0.74,9.54,0,0,18.5,0,5.13,0,1.92,2.96,0.01,0,90.76,120.17
2025-11-14T19:35:00Z,-2.35,0,93.41,0,40,134.63,0.11,0,100.17,1084.11,0.14,7.95,0,0,18.57,0,6.27,0,1.92,4.51,0.01,0,119.95,98
2025-11-14T19:40:00Z,-0.86,0,94.8,0,40,81.61,0.11,0,178.31,1081.73,0.03,6.36,0,0,18.63,0,6.31,0,1.92,2.73,0.01,0,101.86,99.22
2025-11-14T19:45:00Z,-0.63,0,105.73,0,40,60.81,0.11,0,199.15,1072.79,0,4.77,0,0,18.7,0,6.97,0,1.92,2.04,0.01,0,103.16,99.91
2025-11-14T19:50:00Z,-0.6,0,104.71,0,40,60.14,0.11,0,219.73,1050.29,0,3.18,0,0,18.77,0,6.91,0,1.92,2.01,0.01,0,102.64,103.39
2025-11-14T19:55:00Z,-1.51,0,170.83,0,40,107.78,0.1,0,136.25,1014.47,0,1.59,0,0,18.83,0,11.31,0,1.92,3.61,0.01,0,179.24,81.51
2025-11-14T20:00:00Z,-0.74,0,166.63,0,40,78.93,0.11,0,165.92,1013.72,0,0,0,0,18.9,0,10.92,0,1.92,2.64,0.01,0,164.25,98
2025-11-14T20:05:00Z,-0.69,0,138.38,0,41,109.8,0.11,0,205.44,977.21,0,0,0,0,18.73,0,9.17,0,1.97,3.68,0.01,0,148.89,105.79
2025-11-14T20:10:00Z,-2.82,0,136.84,0,40,150.06,0.11,0,194.72,945.79,0,0,0,0,18.57,0,9.16,0,1.92,5.02,0.01,0,162.33,101.09
2025-11-14T20:15:00Z,-0.65,0,248.93,0,40,109.8,0.1,0,164.76,909.47,0,0,0,0,18.4,0,16.51,0,1.92,3.68,0.01,0,272.31,119.51
2025-11-14T20:20:00Z,-0.74,0,350.5,0,41,150.06,0.11,0,90.08,820.56,0,0,0,0,18.23,0,23.51,0,1.97,5.02,0.01,0,487.74,106.78
2025-11-14T20:25:00Z,-0.48,0,344.01,0,40,149.39,0.11,0,180.93,747.42,0,0,0,0,18.07,0,22.94,0,1.92,5,0.01,0,463.41,110.52
2025-11-14T20:30:00Z,-0.63,0,427.25,0,41,149.39,0.11,0,141.48,693.84,0,0,0,0,17.9,0,28.45,0,1.97,5,0.01,0,710.88,104.44
2025-11-14T20:35:00Z,-0.43,0,442.97,0,42,109.13,0.11,0,225.61,628.4,0,0,0,0,17.62,0,29.54,0,2.02,3.65,0.01,0,752.15,115.19
2025-11-14T20:40:00Z,-0.53,0,415.07,0,41,148.72,0.11,0,282.78,576.18,0,0,0,0,17.33,0,27.84,0,1.97,4.98,0.01,0,659.32,119.22
2025-11-14T20:45:00Z,-0.43,0,494,0,40,148.72,0.11,0,239.06,517.35,0,0,0,0,17.05,0,33.16,0,1.92,4.98,0.01,0,1066.61,123.14
2025-11-14T20:50:00Z,-0.43,0,557.75,0,41,148.72,0.11,0,219.41,474.25,0,0,0,0,16.77,0,37.34,0,1.97,4.98,0.01,0,1633.91,124.11
2025-11-14T20:55:00Z,-0.73,0,596.41,0,40,148.72,0.11,0,220.24,441.16,0,0,0,0,16.48,0,38.02,0,1.92,4.98,0.01,0,2130.22,123.45
2025-11-14T21:00:00Z,-0.52,0,660.67,0,40,148.72,0.11,0,179.15,414.55,0,0,0,0,16.2,0,42.13,0,1.92,4.98,0.01,0,4850.27,148.14
2025-11-14T21:05:00Z,-4.22,0,694.97,0,40,148.72,0.11,0,142.84,388.46,0,0,0,0,16.05,0,44.45,0,1.92,4.98,0.01,0,29429.75,120.43
2025-11-14T21:10:00Z,-1.72,0,697.22,0,40,148.72,0.11,0,178.21,369.42,0,0,0,0,15.9,0,43.52,0,1.92,4.98,0.01,0,16132.84,148.15
2025-11-14T21:15:00Z,-0.42,0,675.4,0,41,148.72,0.11,0,196.03,334.86,0,0,0,0,15.75,0,42.41,0,1.97,4.98,0.01,0,13193.91,170.44
2025-11-14T21:20:00Z,-1.93,0,672.83,0,40,193.69,0.11,0,164.25,327.45,0,0,0,0,15.6,0,42.8,0,1.92,6.49,0.01,0,12113.56,138
2025-11-14T21:25:00Z,-0.74,0,674.02,0,41,149.39,0.11,137.36,83.3,325.19,0,0,0,0,15.45,0,42.98,0,1.97,5,0.01,6.75,11047.07,138
2025-11-14T21:30:00Z,-1.14,0,695.67,0,40,149.39,0.11,124.99,67.91,321.67,0,0,0,0,15.3,0,44.67,0,1.92,5,0.01,6.14,95428.49,138
2025-11-14T21:35:00Z,-2.06,0,746.92,0,40,149.39,0.11,83.21,61.06,325.13,0,0,0,0,15.22,0,48.63,0,1.92,5,0.01,4.09,7946.38,138
2025-11-14T21:40:00Z,-0.88,0,701.2,0,40,150.06,0.11,82.69,106.43,316.45,0,0,0,0,15.13,0,45.36,0,1.92,5.02,0.01,4.06,106721.48,138
2025-11-14T21:45:00Z,-2.23,0,676.55,0,40,149.39,0.11,154.83,57.37,316.31,0,0,0,0,15.05,0,45.28,0,1.92,5,0.01,7.61,18297.88,138
2025-11-14T21:50:00Z,-2.66,0,692.33,0,40,150.06,0.11,110.48,66.06,320.13,0,0,0,0,14.97,0,45.66,0,1.92,5.02,0.01,5.43,85328.19,129.56
2025-11-14T21:55:00Z,-1.52,0,756.96,0,40,149.39,0.11,81.24,59.94,319.82,0,0,0,0,14.88,0,50.07,0,1.92,5,0.01,3.99,6777.2,138
2025-11-14T22:00:00Z,-0.64,0,748.52,0,40,149.39,0.11,81.41,70.72,302.01,0,0,0,0,14.8,0,49.51,0,1.92,5,0.01,4,6872.84,170.44
2025-11-14T22:05:00Z,-0.82,0,681.84,0,40,176.91,0.11,158.72,5.8,302.43,0,0,0,0,14.78,0,45.25,0,1.92,5.92,0.01,7.8,558147.55,138
2025-11-14T22:10:00Z,-1.29,0,707.68,0.35,40,150.73,0.11,120,46.61,304.36,0,0,0,0,14.77,0,47.83,0.03,1.92,5.05,0.01,5.9,15572.05,125
2025-11-14T22:15:00Z,-0.68,0,731.41,0,42,149.39,0.11,82.03,75.42,299.18,0,0,0,0,14.75,0,49.16,0,2.02,5,0.01,4.03,8605.86,138
2025-11-14T22:20:00Z,-0.93,0,729.63,0,40,150.06,0.11,112.41,23.36,298.7,0,0,0,0,14.73,0,49.72,0,1.92,5.02,0.01,5.52,7045.66,138
2025-11-14T22:25:00Z,-0.73,0,703.87,0,42,149.39,0.11,88.94,70.54,299.68,0,0,0,0,14.72,0,47.69,0,2.02,5,0.01,4.37,13145.63,138
2025-11-14T22:30:00Z,-0.71,0,690.17,0,40,150.73,0.11,115.08,51.38,298.47,0,0,0,0,14.7,0,47.13,0,1.92,5.05,0.01,5.66,20428.19,138
2025-11-14T22:35:00Z,-0.7,0,717.38,0,43,149.39,0.11,117.51,22.47,289.87,0,0,0,0,14.7,0,48.85,0,2.06,5,0.01,5.77,7732.51,138
2025-11-14T22:40:00Z,-0.52,0,758.87,0,42,150.06,0.11,83.92,27.19,282.08,0,0,0,0,14.7,0,52.6,0,2.02,5.02,0.01,4.12,4397.13,138
2025-11-14T22:45:00Z,-1.01,0,764.08,0,42,149.39,0.11,84.21,27.19,263.43,0,0,0,0,14.7,0,52.02,0,2.02,5,0.01,4.14,3814.34,138
2025-11-14T22:50:00Z,-1.52,0,710.42,0,40,150.06,0.11,158.39,15.83,255.3,0,0,0,0,14.7,0,49.02,0,1.92,5.02,0.01,7.78,8293.42,138
2025-11-14T22:55:00Z,-0.64,0,706.68,0,41,150.06,0.11,159.82,20.83,248.42,0,0,0,0,14.7,0,48.84,0,1.97,5.02,0.01,7.85,8775.96,165.7
2025-11-14T23:00:00Z,-2.08,0,725.13,0,40,150.06,0.1,160.34,9.92,233.17,0,0,0,0,14.7,0,50.09,0,1.92,5.02,0.01,7.88,5829.99,138
2025-11-14T23:05:00Z,-0.61,0,738.75,-0.1,41,150.06,0.11,102.49,56.74,233.17,0,0,0,0,14.93,0,50.83,0,1.97,5.02,0.01,5.04,4838.89,143.53
2025-11-14T23:10:00Z,-2.33,0,733.34,0,40,150.06,0.11,157.44,0.14,237.16,0,0,0,0,15.17,0,50.71,0,1.92,5.02,0.01,7.74,5205.43,138
2025-11-14T23:15:00Z,-0.99,0,669.66,0,42,149.39,0.11,145.69,61.43,235.64,0,0,0,0,15.4,0,45.98,0,2.02,5,0.01,7.16,19837.34,148
2025-11-14T23:20:00Z,-3.5,0,694.08,0,41,149.39,0.11,158.08,26,225.68,0,0,0,0,15.63,0,47.83,0,1.97,5,0.01,7.77,7715.24,147.6
2025-11-14T23:25:00Z,-2.14,0,720.5,0,43,150.06,0.11,160.34,0.33,217.96,0,0,0,0,15.87,0,49.6,0,2.06,5.02,0.01,7.88,5137.05,147.59
2025-11-14T23:30:00Z,-10.18,0,738.75,0,40,150.06,0.11,169.1,0.08,213.45,0,0,0,0,16.1,0,50.96,0,1.92,5.02,0.01,8.31,4511.3,148
2025-11-14T23:35:00Z,-0.59,0,702.4,0,43,150.06,0.11,172.92,28.33,205.41,0,0,0,0,16.07,0,47.91,0,2.06,5.02,0.01,8.5,7386.25,148
2025-11-14T23:40:00Z,-1.46,0,697.53,0,40,149.39,0.11,168.34,72.83,207,0,0,0,0,16.03,0,47.8,0,1.92,5,0.01,8.27,12326.67,170.44
2025-11-14T23:45:00Z,-0.76,0,722.84,0,42,201.07,0.11,170.92,10.03,192.09,0,0,0,0,16,0,49.33,0,2.02,6.73,0.01,8.4,7429.25,167.71
2025-11-14T23:50:00Z,-1.48,0,726.48,0,41,150.06,0.11,168.51,57.85,190.34,0,0,0,0,15.97,0,50.41,0,1.97,5.02,0.01,8.28,6563.93,156.88
2025-11-14T23:55:00Z,-3.04,0,748.49,0,40,149.39,0.11,167.35,48.71,183.13,0,0,0,0,15.93,0,52.56,0,1.92,5,0.01,8.22,4989.67,170.44
2025-11-15T00:00:00Z,-21.1,0,736.03,0,40,162.81,0.11,170.76,49.27,177.89,0,0,0,0,15.9,0,51.89,0,1.92,5.45,0.01,8.39,5194.92,170.44
2025-11-15T00:05:00Z,-24.63,0,719.39,0,40,183.62,0.11,169.74,50.33,171.45,0,0,0,0,15.83,0,50.82,0,1.92,6.15,0.01,8.34,6265.83,170.44
2025-11-15T00:10:00Z,-15.81,0,720.1,0,40,186.97,0.11,168.73,50.63,168.39,0,0,0,0,15.77,0,49.88,0,1.92,6.26,0.01,8.29,6576.88,138
2025-11-15T00:15:00Z,-3.09,0,765.03,0,40,150.06,0.11,169.15,50.88,160.52,0,0,0,0,15.7,0,54.43,0,1.92,5.02,0.01,8.31,4236.19,170.44
2025-11-15T00:20:00Z,-3.44,0,788.29,0,40,189.66,0.11,169.41,0.2,158.09,0,0,0,0,15.63,0,56.17,0,1.92,6.35,0.01,8.33,3727.74,170.44
2025-11-15T00:25:00Z,-4.26,0,762.17,-0.2,40,180.93,0.11,168.2,49.33,154.92,0,0,0,0,15.57,0,54.26,0,1.92,6.06,0.01,8.27,4887.25,198
2025-11-15T00:30:00Z,-4.62,0,765.6,0,40,207.11,0.11,175.13,37.44,149.99,0,0,0,0,15.5,0,54.67,0,1.92,6.93,0.01,8.61,5395.65,182.6
2025-11-15T00:35:00Z,-0.57,0,727.54,-0.1,44,211.81,0.11,175.13,73.75,139.31,0,0,0,0,15.48,0,51.57,0,2.11,7.09,0.01,8.61,9897.83,170.44
2025-11-15T00:40:00Z,-0.61,0,762.21,0,40,202.41,0.11,170.31,62.7,135.29,0,0,0,0,15.47,0,54.28,0,1.92,6.78,0.01,8.37,5632.45,170.44
2025-11-15T00:45:00Z,-0.77,0,773.09,0,40,200.4,0.11,170.43,55.17,134.5,0,0,0,0,15.45,0,55.02,0,1.92,6.71,0.01,8.38,4988.7,198
2025-11-15T00:50:00Z,-0.92,0,755.75,0,40,205.77,0.11,173.62,67.21,133.07,0,0,0,0,15.43,0,54.04,0,1.92,6.89,0.01,8.53,6257.43,198
2025-11-15T00:55:00Z,-0.95,0,743.68,0,40,207.11,0.11,173.88,75.79,138.05,0,0,0,0,15.42,0,53.18,0,1.92,6.93,0.01,8.54,7721.62,198
2025-11-15T01:00:00Z,-0.78,0,706.2,0,42,209.12,0.11,175.75,97.88,145.76,0,0,0,0,15.4,0,50.74,0,2.02,7,0.01,8.64,22571.44,170.44
2025-11-15T01:05:00Z,-0.9,0,781.88,0,40,191.67,0.11,172.5,60.3,143.29,0,0,0,0,15.18,0,56.05,0,1.92,6.42,0.01,8.48,4999.69,170.44
2025-11-15T01:10:00Z,-1.31,0,792.4,0,41,200.4,0.11,170.5,51.31,136.58,0,0,0,0,14.97,0,56.36,0,1.97,6.71,0.01,8.38,4545.73,198
2025-11-15T01:15:00Z,-0.85,0,739.04,0,40,209.12,0.11,174.49,92.65,125.44,0,0,0,0,14.75,0,52.73,0,1.92,7,0.01,8.57,8592.55,360.55
2025-11-15T01:20:00Z,-0.88,0,708.41,0,40,228.58,0.1,175.07,78.01,127.07,0,0,0,0,14.53,0,50.17,0,1.92,7.65,0.01,8.6,13564.78,299.44
2025-11-15T01:25:00Z,-2.56,0,723.27,0,40,207.78,0.1,171.95,83.98,127.29,0,0,0,0,14.32,0,51.73,0,1.92,6.96,0.01,8.45,8748.64,170.44
2025-11-15T01:30:00Z,-1.03,0,759.57,0,42,197.04,0.11,168.38,55.76,117.4,0,0,0,0,14.1,0,53.93,0,2.02,6.6,0.01,8.27,4723.7,179.31
2025-11-15T01:35:00Z,-22.98,0,772.69,0,40,207.11,0.11,175.16,53.82,111.75,0,0,0,0,14.07,0,55.16,0,1.92,6.93,0.01,8.61,4195.75,175.97
2025-11-15T01:40:00Z,-3.38,0,768.1,0,40,206.44,0.11,169.8,50.18,110.07,0,0,0,0,14.03,0,54.9,0,1.92,6.91,0.01,8.34,4437.94,262
2025-11-15T01:45:00Z,-1.25,0,721.22,0,41,210.46,0.11,174.64,82.58,100.78,0,0,0,0,14,0,51.04,0,1.97,7.05,0.01,8.58,7296.15,262
2025-11-15T01:50:00Z,-0.8,0,760.05,0,41,207.78,0.11,174.67,60.69,94.82,0,0,0,0,13.97,0,54.04,0,1.97,6.96,0.01,8.58,4723.89,262
2025-11-15T01:55:00Z,-1.45,0,775.51,0,41,207.11,0.11,173.51,39.54,94.64,0,0,0,0,13.93,0,55.96,0,1.97,6.93,0.01,8.53,3984.48,262
2025-11-15T02:00:00Z,-2.13,0,783.83,0,40,208.45,0.11,175.2,25.75,92.89,0,0,0,0,13.9,0,56.08,0,1.92,6.98,0.01,8.61,3626.26,262
2025-11-15T02:05:00Z,-1.81,0,786.19,0,41,207.11,0.11,173.92,21.73,91.17,0,0,0,0,13.75,0,56.01,0,1.97,6.93,0.01,8.55,3485.1,262
2025-11-15T02:10:00Z,-0.9,0,755.27,0,43,210.46,0.11,175.07,42.53,86.8,0,0,0,0,13.6,0,53.26,0,2.06,7.05,0.01,8.6,4297.57,262
2025-11-15T02:15:00Z,-0.82,0,733.19,0,43,211.13,0.11,173.66,42.86,96.71,0,0,0,0,13.45,0,52.18,0,2.06,7.07,0.01,8.53,5033.04,240.01
2025-11-15T02:20:00Z,-5.42,0,786.33,0,40,206.44,0.11,172.81,4.04,97.1,0,0,0,0,13.3,0,55.87,0,1.92,6.91,0.01,8.49,3238.16,170.44
2025-11-15T02:25:00Z,-1.13,0,780.33,0,40,209.12,0.11,161.47,0.62,106.36,0,0,0,0,13.15,0,55.92,0,1.92,7,0.01,7.93,3311.06,299.44
2025-11-15T02:30:00Z,-0.73,0,732.46,0,44,219.19,0.11,175.08,11.68,116.29,0,0,0,0,13,0,52.77,0,2.11,7.34,0.01,8.6,5094.56,227.32
2025-11-15T02:35:00Z,-3.94,0,756.85,-0.1,40,209.79,0.11,175.88,3.49,121.75,0,0,0,0,12.9,0,54.92,0,1.92,7.02,0.01,8.64,4146.12,175.97
2025-11-15T02:40:00Z,-41.69,0,791.11,-0.1,40,207.11,0.11,172.96,0,134.72,0,0,0,0,12.8,0,56.74,0,1.92,6.93,0.01,8.5,3198.48,170.44
2025-11-15T02:45:00Z,-18.2,0,771,0,40,186.3,0.11,151.02,0.9,146.5,0,0,0,0,12.7,0,54.72,0,1.92,6.24,0.01,7.42,3191.31,175.97
2025-11-15T02:50:00Z,-45.35,0,757.29,0,42,210.46,0.11,154.09,9.41,152.63,0,0,0,0,12.6,0,53.66,0,2.02,7.05,0.01,7.57,3606.03,175.97
2025-11-15T02:55:00Z,-57.77,0,762.36,0,42,209.12,0.11,174.33,3.35,154.14,0,0,0,0,12.5,0,54.21,0,2.02,7,0.01,8.57,3634.38,170.44
2025-11-15T03:00:00Z,-46.48,0,767.65,0,41,200.4,0.11,150.88,7.62,154.53,0,0,0,0,12.4,0,54.89,0,1.97,6.71,0.01,7.41,3281.47,170.44
2025-11-15T03:05:00Z,-59.65,0,800.42,0,41,193.69,0.11,151.43,2.85,153.73,0,0,0,0,12.38,0,58.29,0,1.97,6.49,0.01,7.44,2806.12,170.44
2025-11-15T03:10:00Z,-21.83,0,763.63,0,40,193.01,0.11,149.92,0.17,152.01,0,0,0,0,12.37,0,55.66,0,1.92,6.46,0.01,7.37,3424.95,170.44
2025-11-15T03:15:00Z,-14.52,0,735.41,0,40,195.03,0.11,149.74,0,161.47,0,0,0,0,12.35,0,53.85,0,1.92,6.53,0.01,7.36,4106.32,170.44
2025-11-15T03:20:00Z,-1.45,0,694.46,0,44,189.66,0.11,152.51,4.51,169.16,0,0,0,0,12.33,0,50.6,0,2.11,6.35,0.01,7.49,5875.1,150.22
2025-11-15T03:25:00Z,-2.72,0,776.07,0,40,150.73,0.1,150.29,0.96,164.06,0,0,0,0,12.32,0,56.61,0,1.92,5.05,0.01,7.39,3123.25,143.86
2025-11-15T03:30:00Z,-3.13,0,761.62,0,40,150.06,0.11,149.75,0.19,165.21,0,0,0,0,12.3,0,54.96,0,1.92,5.02,0.01,7.36,3204.08,170.44
2025-11-15T03:35:00Z,-3.95,0,710.41,0,40,181.61,0.11,150.87,0.16,175.81,0,0,0,0,12.53,0,51.08,0,1.92,6.08,0.01,7.41,4812.85,170.44
2025-11-15T03:40:00Z,-1.46,0,726.29,0,40,199.73,0.11,119.91,0.69,178.75,0,0,0,0,12.77,0,52.08,0,1.92,6.69,0.01,5.89,4237.07,168.6
2025-11-15T03:45:00Z,-2.86,0,745.49,0,43,148.72,0.11,124.24,1.51,187.89,0,0,0,0,13,0,53.57,0,2.06,4.98,0.01,6.11,3296.91,158.16
2025-11-15T03:50:00Z,-2.59,0,729.11,0,45,149.39,0.11,123.81,7.79,196.96,0,0,0,0,13.23,0,52.86,0,2.16,5,0.01,6.08,3802.73,170.44
2025-11-15T03:55:00Z,-10.07,0,698.22,0,40,156.1,0.11,121.13,0.18,218.79,0,0,0,0,13.47,0,51.32,0,1.92,5.23,0.01,5.95,4495.02,138
2025-11-15T04:00:00Z,-4.78,0,729.78,0,42,150.06,0.11,86,1.28,228.61,0,0,0,0,13.7,0,53.3,0,2.02,5.02,0.01,4.23,3421.05,138
2025-11-15T04:05:00Z,-2.57,0,693.68,-0.1,42,150.06,0.1,117.42,3.76,230.81,0,0,0,0,13.67,0,51.17,0,2.02,5.02,0.01,5.77,5045.27,157.55
2025-11-15T04:10:00Z,-36.03,0,692.65,0,40,166.17,0.11,118.2,0,244.33,0,0,0,0,13.63,0,50.95,0,1.92,5.56,0.01,5.81,4822.32,138.14
2025-11-15T04:15:00Z,-52.73,0,696.82,0,42,170.2,0.11,121.08,0.25,251.04,0,0,0,0,13.6,0,51.23,0,2.02,5.7,0.01,5.95,4723.6,129.5
2025-11-15T04:20:00Z,-3.61,0,684.32,0,43,172.88,0.11,83.04,4,252.33,0,0,0,0,13.57,0,50.57,0,2.06,5.79,0.01,4.08,5658.38,138
2025-11-15T04:25:00Z,-4.43,0,688.26,-0.1,41,168.85,0.1,102.2,0.06,237.73,0,0,0,0,13.53,0,50.6,0,1.97,5.65,0.01,5.02,5313.52,138
2025-11-15T04:30:00Z,-3.95,0,670.94,0,44,171.54,0.1,95.66,1.81,248.46,0,0,0,0,13.5,0,49.67,0,2.11,5.74,0.01,4.7,6589.76,149.18
2025-11-15T04:35:00Z,-3.78,0,647.67,0,42,168.18,0.11,118.26,0.16,246.58,0,0,0,0,13.43,0,47.65,0,2.02,5.63,0.01,5.81,9628.85,138
2025-11-15T04:40:00Z,-4.3,0,683.28,0,40,168.18,0.1,100.11,0.17,245.28,0,0,0,0,13.37,0,50.46,0,1.92,5.63,0.01,4.92,5647.03,150.24
2025-11-15T04:45:00Z,-5.33,0,674.26,-0.1,40,167.51,0.11,120.16,0.16,221.91,0,0,0,0,13.3,0,49.75,0,1.92,5.61,0.01,5.9,5840.39,138
2025-11-15T04:50:00Z,-2.96,0,655.46,0,43,171.54,0.1,95.95,57.26,213.75,0,0,0,0,13.23,0,48.9,0,2.06,5.74,0.01,4.72,9594.9,170.44
2025-11-15T04:55:00Z,-10.93,0,657.7,0,40,216.5,0.1,119.04,0.09,209.88,0,0,0,0,13.17,0,49.22,0,1.92,7.25,0.01,5.85,9286.35,164.52
2025-11-15T05:00:00Z,-24.77,0,685.65,0,43,176.91,0.11,120.85,10.17,218.41,0,0,0,0,13.1,0,51.17,0,2.06,5.92,0.01,5.94,5541.3,162.34
2025-11-15T05:05:00Z,-3.32,0,683.94,0,43,172.21,0.11,120.48,8.06,207.99,0,0,0,0,13.08,0,50.76,0,2.06,5.77,0.01,5.92,5717.17,148
2025-11-15T05:10:00Z,-2.84,0,610.88,0,43,172.88,0.11,120.68,89.3,202.95,0,0,0,0,13.07,0,45.24,0,2.06,5.79,0.01,5.93,46624.2,170.44
2025-11-15T05:15:00Z,-19.42,0,677.71,0,43,225.9,0.11,120.12,2.02,196.58,0,0,0,0,13.05,0,50.16,0,2.06,7.56,0.01,5.9,7205.49,170.44
2025-11-15T05:20:00Z,-3.03,0,686.26,0,41,172.21,0.1,159.52,1.78,190.66,0,0,0,0,13.03,0,50.83,0,1.97,5.77,0.01,7.84,6425.59,162.66
2025-11-15T05:25:00Z,-13.78,0,719.64,0,40,167.51,0.1,158.13,1.23,177.21,0,0,0,0,13.02,0,53.6,0,1.92,5.61,0.01,7.77,4369.25,170.44
2025-11-15T05:30:00Z,-54.94,0,705.23,0,40,216.5,0.11,159.49,0.14,176.48,0.05,0,0,0,13,0,53.7,0,1.92,7.25,0.01,7.84,5068.94,189.38
2025-11-15T05:35:00Z,-58.37,0,695.18,0,40,225.9,0.11,173.05,0.07,161.09,0.03,2.7,0,0,13.02,0,53.22,0,1.92,7.56,0.01,8.5,5673.84,170.44
2025-11-15T05:40:00Z,-2.84,0,653.08,0,42,220.53,0.11,161.81,4.69,157.66,0.5,5.4,0,0,13.03,0,50.94,0,2.02,7.38,0.01,7.95,12964.83,170.44
2025-11-15T05:45:00Z,-3.45,0,671.68,0,40,211.81,0.11,160.28,1.4,157.45,0.38,8.1,0,0,13.05,0,52.44,0,1.92,7.09,0.01,7.88,8702.2,198.21
2025-11-15T05:50:00Z,-7.43,0,566.79,-0.1,40,225.9,0.1,171.28,78.8,156.97,1.28,10.8,0,0,13.07,0,45.2,0,1.92,7.56,0.01,8.42,6833.53,184.61
2025-11-15T05:55:00Z,-6.45,0,581.96,-0.1,40,226.57,0.11,173.85,49.98,167.93,4.71,13.51,0,0,13.08,0,47.29,0,1.92,7.59,0.01,8.54,8897.34,170.44
2025-11-15T06:00:00Z,-9.13,0,722.65,-0.1,40,180.93,0.11,138.17,0.24,163.4,8.06,16.21,0,0,13.1,0,56.04,0,1.92,6.06,0.01,6.79,4599,140.85
2025-11-15T06:05:00Z,-3.1,0,712.24,-0.1,43,172.88,0.11,142.49,0.75,155.3,10.7,31.94,0,0,13.15,0,55.6,0,2.06,5.79,0.01,7,5342.54,104.44
2025-11-15T06:10:00Z,-13.69,0,790.19,0,40,146.71,0.1,76.78,28,152.75,16,47.67,0,0,13.2,0,59.73,0,1.92,4.91,0.01,3.77,2852.95,104.44
2025-11-15T06:15:00Z,-14.46,0,780.97,-0.1,40,155.43,0.11,78.89,1.8,153.43,20.14,63.4,0,0,13.25,0,61.02,0,1.92,5.2,0.01,3.88,3061.42,104.44
2025-11-15T06:20:00Z,-27.6,0,794.17,-0.1,40,154.09,0.11,79.8,0.33,148.89,25.53,79.13,0,0,13.3,0,63.57,0,1.92,5.16,0.01,3.92,3044.11,138
2025-11-15T06:25:00Z,-2.5,0,706.06,-0.1,42,170.2,0.11,103.67,5.32,157.83,30.92,94.86,0,0,13.35,0,55.82,0,2.02,5.7,0.01,5.09,7938.14,104.44
2025-11-15T06:30:00Z,-18.95,0,771.01,0,40,145.37,0.11,81.54,0.13,159.32,35.66,110.59,0,0,13.4,0,60.93,0,1.92,4.87,0.01,4.01,3961.68,104.44
2025-11-15T06:35:00Z,-55.41,0,847.73,0,39,103.76,0.11,77.85,4.12,155.93,38.52,123.9,0,0,13.48,0,66.66,0,1.87,3.47,0.01,3.83,2528.07,104.44
2025-11-15T06:40:00Z,-0.86,0,738.49,0,44,105.1,0.1,82.83,18.38,169.22,44.33,137.2,0,0,13.57,0,58.4,0,2.11,3.52,0.01,4.07,5914,90.44
2025-11-15T06:45:00Z,-2.1,0,749.8,0,41,66.85,0.1,79.99,54.4,168.59,51.31,150.51,0,0,13.65,0,59.35,0,1.97,2.24,0.01,3.93,5820.5,104.44
2025-11-15T06:50:00Z,-12.6,0,743,0,40,113.82,0.11,79.77,0.13,175.84,54.72,163.82,0,0,13.73,0,58.06,0,1.92,3.81,0.01,3.92,6377.96,90.44
2025-11-15T06:55:00Z,-18.82,0,744.86,0,44,82.95,0.11,82.98,24.51,187.78,55.95,177.13,0,0,13.82,0,58.54,0,2.11,2.78,0.01,4.08,7482.25,90.44
2025-11-15T07:00:00Z,-3.1,0,727.48,0,42,68.86,0.11,81.59,33.78,179.81,65.33,190.43,0,0,13.9,0,57.16,0,2.02,2.31,0.01,4.01,11444.68,90.44
2025-11-15T07:05:00Z,-4.31,0,723.21,0,44,80.94,0.1,83.41,6.28,177.74,69.2,210.1,0,0,14,0,57.93,0,2.11,2.71,0.01,4.1,14391.02,198
2025-11-15T07:10:00Z,-24.09,0,667.18,0,45,133.96,0.11,16.91,21.33,184.11,76.67,229.78,0,0,14.1,0,52.3,0,2.16,4.49,0.01,0.83,43254.57,104.44
2025-11-15T07:15:00Z,-42.24,0,718.24,-0.1,41,113.82,0.11,11.78,0.03,183.44,90.48,249.45,0,0,14.2,0,56.62,0,1.97,3.81,0.01,0.58,10724.87,90.44
2025-11-15T07:20:00Z,-28.12,0,694.37,0,46,82.95,0.11,9.29,9.25,193.58,98.59,269.12,0,0,14.3,0,54.25,0,2.21,2.78,0.01,0.46,52665.58,90.44
2025-11-15T07:25:00Z,-28.41,0,730.16,0,40,84.3,0.11,0,0.95,177.39,96.5,288.79,0,0,14.4,0,58.51,0,1.92,2.82,0.01,0,10763.06,65.73
2025-11-15T07:30:00Z,-21.16,0,726.58,0,40,60.81,0.11,0,15.12,177.12,106.61,308.46,0,0,14.5,0,56.33,0,1.92,2.04,0.01,0,18311.99,68.94
2025-11-15T07:35:00Z,-5.35,0,622.05,0,44,60.81,0.11,0,25.16,201.14,128.39,323.72,0,0,14.52,0,48.17,0,2.11,2.04,0.01,0,4026.46,1.35
2025-11-15T07:40:00Z,-4.48,0,651.48,0,45,60.14,0.11,0,14.45,196.64,120.27,338.98,0,0,14.53,0,49.97,0,2.16,2.01,0.01,0,5431.86,25.43
2025-11-15T07:45:00Z,-2.6,0,575.52,0,44,60.14,0.11,0,21.33,207.08,144.33,354.23,0,0,14.55,0,44.41,0,2.11,2.01,0.01,0,2301.47,9.82
2025-11-15T07:50:00Z,-3.8,0,613.29,0,46,59.46,0.1,0,21.61,211.17,131.27,369.49,0,0,14.57,0,47.22,0,2.21,1.99,0.01,0,2779.45,12.89
2025-11-15T07:55:00Z,-6.7,0,625.02,0,42,60.14,0.11,0,0.93,214.43,142.3,384.75,0,0,14.58,0,48.28,0,2.02,2.01,0.01,0,2948.31,36.88
2025-11-15T08:00:00Z,-6.01,0,606.87,0,40,60.14,0.11,0,0.03,203.88,149.09,400,0,0,14.6,0,47.51,0,1.92,2.01,0.01,0,2568.73,42.58
2025-11-15T08:05:00Z,-12.35,0,607.78,0,41,60.14,0.11,0,0,201.33,156.88,418.58,0,0,14.7,0,47.16,0,1.97,2.01,0.01,0,2379.63,25.38
2025-11-15T08:10:00Z,-11.73,0,615.78,0,40,45.37,0.11,0,0,197.33,167.57,437.16,0,0,14.8,0,47.38,0,1.92,1.52,0.01,0,2345.36,25.7
2025-11-15T08:15:00Z,-3.27,0,545.23,0,40,44.7,0.11,0,0.17,191.39,190.84,455.74,0,0,14.9,0,41.66,0,1.92,1.5,0.01,0,1444.8,22.97
2025-11-15T08:20:00Z,-2.47,0,506.51,0,44,44.03,0.11,0,19.04,191.75,192.72,474.32,0,0,15,0,37.6,0,2.11,1.47,0.01,0,1081.77,22.65
2025-11-15T08:25:00Z,-41.91,0,542.2,0,40,44.03,0.11,0,0,241.6,177.3,492.9,0,0,15.1,0,40.94,0,1.92,1.47,0.01,0,1292.03,0.45
2025-11-15T08:30:00Z,-7.39,0,384.75,0,40,43.36,0.1,0,0.04,326.37,187.88,511.49,0,0,15.2,0,28.98,0,1.92,1.45,0.01,0,541.47,-10
2025-11-15T08:35:00Z,-0.97,0,356.96,0,41,44.03,0.11,0,5.27,344.44,179.41,545.01,11.41,0.46,15.37,0,26.66,0,1.97,1.47,0.01,0,450.82,-4.46
2025-11-15T08:40:00Z,-14.05,0,283.39,0,44,44.03,0.1,0,6.17,396.69,199.8,578.53,0,0,15.53,0,21.26,0,2.11,1.47,0.01,0,306.84,-10
2025-11-15T08:45:00Z,-46.16,0,291.4,0,44,43.36,0.11,0,10.69,396.62,198.65,612.05,6.5,0.48,15.7,0,21.9,0,2.11,1.45,0.01,0,315.74,9.05
2025-11-15T08:50:00Z,-69.22,0,261.17,0,40,43.36,0.11,0,6.21,402.98,186.48,645.57,0,0,15.87,0,19.73,0,1.92,1.45,0.01,0,278.85,-11.41
2025-11-15T08:55:00Z,-5.25,0,291.1,0,44,44.03,0.11,0,5.33,332.79,169.72,679.1,75.06,30.79,16.03,0,23.04,0,2.11,1.47,0.01,0,326.52,-12.74
2025-11-15T09:00:00Z,-2.42,0,306,0,44,43.36,0.11,0,11.38,295.92,141.36,712.62,82.16,47.93,16.2,0,24.24,0,2.11,1.45,0.01,0,354.89,-12.74
2025-11-15T09:05:00Z,-2.44,0,339.76,0,45,43.36,0.11,0,35.23,256.43,135.23,743.65,87.83,47.57,16.32,0,26.76,0,2.16,1.45,0.01,0,397.57,-10
2025-11-15T09:10:00Z,-89.59,0,331.61,0,42,43.36,0.11,0,0.81,319.8,199.43,774.68,38.07,0,16.43,0,24.51,0,2.02,1.45,0.01,0,350.2,-10.78
2025-11-15T09:15:00Z,-102.97,0,230.44,0,40,43.36,0.11,0,0.03,407.86,229.29,805.72,64.36,0.65,16.55,0,17.14,0,1.92,1.45,0.01,0,206.34,-10.75
2025-11-15T09:20:00Z,-41.87,0,45.11,0,42,43.36,0.11,0,1,452.47,218,836.75,47.33,0,16.67,0,3.25,0,2.02,1.45,0.01,0,53.54,-12.47
2025-11-15T09:25:00Z,-49.19,0,87.17,0,40,44.03,0.27,0,0,416.11,184.31,867.78,82.76,68.72,16.78,0,6.55,0,1.92,1.47,0.02,0,84.44,-12.63
2025-11-15T09:30:00Z,-47.46,0,81.46,0,44,44.03,0.11,0,10.8,402.01,163.73,898.82,96.65,64.93,16.9,0,6.54,0,2.11,1.47,0.01,0,84.73,-12.39
2025-11-15T09:35:00Z,-103.19,0,45.09,0,40,44.03,0.28,0,0,411.94,159.21,942.73,75.08,57.29,17.08,0,3.35,0,1.92,1.47,0.02,0,55.98,-14
2025-11-15T09:40:00Z,-16.14,-5.11,0,0,40,44.03,0.28,0,0.07,323.11,160.98,986.64,222.9,71.65,17.27,0.03,0,0,1.92,1.47,0.02,0,26.46,-10.19
2025-11-15T09:45:00Z,-3.83,-123.03,0,0,42,44.03,0.28,0,6.87,323.96,255.7,1030.56,201.88,3.94,17.45,0.64,0,0,2.02,1.47,0.02,0,21.83,-10.8
2025-11-15T09:50:00Z,-10.73,-101.9,0,-0.1,43,44.03,0.28,0,6.03,331.53,214.29,1074.47,196.55,59.24,17.63,0.57,0,0,2.06,1.47,0.02,0,22.41,-13.85
2025-11-15T09:55:00Z,-69.22,-36.15,0,-0.1,40,44.03,0.28,0,0.08,358.11,155.06,1118.38,188.26,139.2,17.82,0.21,0,0,1.92,1.47,0.02,0,23.89,-11.11
2025-11-15T10:00:00Z,-90.01,-178.71,0,0,41,44.03,0.28,0,0.22,389.62,248.85,1162.29,175.46,47.39,18,0.85,0,0,1.97,1.47,0.02,0,19.34,-11.26
2025-11-15T10:05:00Z,-123.3,-63.54,0,0,41,44.03,0.28,0,0.39,392.72,163.4,1179.73,188.7,161.08,18.18,0.34,0,0,1.97,1.47,0.02,0,22.89,-12.73
2025-11-15T10:10:00Z,-126.97,0,1.06,0,39,43.36,0.28,0,0.03,412.47,119.79,1197.16,220.15,193.41,18.37,0,0.08,0,1.87,1.45,0.02,0,24.4,-15.6
2025-11-15T10:15:00Z,-78.76,-9.59,0,0,40,43.36,0.28,0,0.08,434.58,63.59,1214.6,223.78,285.21,18.55,0.06,0,0,1.92,1.45,0.02,0,23.43,-10.39
2025-11-15T10:20:00Z,-32.78,-253.3,0,0,41,42.69,0.28,0,0.25,469.18,197.48,1232.03,232.1,129.71,18.73,1.15,0,0,1.97,1.43,0.02,0,16.01,-12.85
2025-11-15T10:25:00Z,-14.05,-194.86,0,0,43,43.36,0.28,0,3.84,477.9,140,1249.47,271.71,229.16,18.92,0.97,0,0,2.06,1.45,0.02,0,17.58,-13.13
2025-11-15T10:30:00Z,-75.73,-150.38,0,0,40,43.36,0.28,0,0.06,491.89,117.04,1266.9,237.29,221.17,19.1,0.74,0,0,1.92,1.45,0.02,0,18.38,-15.08
2025-11-15T10:35:00Z,-57.05,-135.88,0,0,40,43.36,0.28,0,0.22,534.92,74.98,1281.2,267.72,304.08,19.23,0.66,0,0,1.92,1.45,0.02,0,18.36,-12.45
2025-11-15T10:40:00Z,-52.26,-229.65,0,0,44,42.69,0.28,0,2.86,533.43,84.55,1295.5,268.21,238.29,19.37,1.16,0,0,2.11,1.43,0.02,0,16.77,-11.11
2025-11-15T10:45:00Z,-52.28,-327.33,0,0,43,43.36,0.28,0,2.96,545.47,145.83,1309.8,282.45,248.53,19.5,1.48,0,0,2.06,1.45,0.02,0,14.4,-11.11
2025-11-15T10:50:00Z,-51.24,-339.07,0,0,43,43.36,0.28,0,2.5,555.1,138.98,1324.1,334.16,242.94,19.63,1.53,0,0,2.06,1.45,0.02,0,14.01,-11.13
2025-11-15T10:55:00Z,-52.03,-350.19,0,0,43,42.69,0.28,0,3.13,554.95,145.84,1338.4,284,191.75,19.77,1.56,0,0,2.06,1.43,0.02,0,13.59,-11.58
2025-11-15T11:00:00Z,-23.69,-345.02,0,0,40,43.36,0.28,0,0.04,549.34,108.26,1352.7,278.97,262.77,19.9,1.58,0,0,1.92,1.45,0.02,0,12.61,-15.08
2025-11-15T11:05:00Z,-16.99,-332.48,0,0,43,43.36,0.28,0,0.54,563.21,47.57,1371.07,351.14,418.24,19.83,1.68,0,0,2.06,1.45,0.02,0,12.92,-14.81
2025-11-15T11:10:00Z,-49.02,-306,0,0,43,43.36,0.28,0,0.93,551.95,49.24,1389.43,369.95,402.1,19.77,1.57,0,0,2.06,1.45,0.02,0,13.68,-15.36
2025-11-15T11:15:00Z,-17.81,-338.58,0,0,40,42.69,0.28,0,0.07,542.7,22.68,1407.8,314.46,488.09,19.7,1.76,0,0,1.92,1.43,0.02,0,11.36,-15.11
2025-11-15T11:20:00Z,-65.01,-306.59,0,0,40,44.03,0.28,0,0.22,580.25,19.39,1426.16,349.91,445.03,19.63,1.53,0,0,1.92,1.47,0.02,0,13,-16.23
2025-11-15T11:25:00Z,-64.06,-311.48,0,0,40,42.69,0.28,0,0.17,574.95,18.6,1444.53,379.12,489.54,19.57,1.55,0,0,1.92,1.43,0.02,0,12.5,-13.92
2025-11-15T11:30:00Z,-81.96,-359.87,0,0,40,43.36,0.28,0,0.04,588.02,64.67,1462.89,361.09,388.67,19.5,1.66,0,0,1.92,1.45,0.02,0,11.84,-21.4
2025-11-15T11:35:00Z,-72.51,-200.16,0,0,41,43.36,0.28,0,0.62,450.14,25.55,1468.53,540.51,510.34,19.4,1.23,0,0,1.97,1.45,0.02,0,15.11,-20
2025-11-15T11:40:00Z,-53.74,-201.08,0,0,44,43.36,0.28,0,0.8,462.23,22.95,1474.16,476.24,400.44,19.3,1.26,0,0,2.11,1.45,0.02,0,15.57,-14.78
2025-11-15T11:45:00Z,-123,-268.53,0,0,40,43.36,0.28,0,0,576.27,42.89,1479.8,389.63,434.03,19.2,1.3,0,0,1.92,1.45,0.02,0,14.04,-15.08
2025-11-15T11:50:00Z,-46.64,-359.79,0,0,46,43.36,0.28,0,12.32,574.55,39.5,1485.43,390.26,379.38,19.1,1.85,0,0,2.21,1.45,0.02,0,12.23,-14.22
2025-11-15T11:55:00Z,-114.65,-264.63,0,0,43,42.69,0.28,0,0.31,557.47,28.8,1491.06,377.11,408.27,19,1.38,0,0,2.06,1.43,0.02,0,14.33,-12.19
2025-11-15T12:00:00Z,-100.81,-340.08,0,0,45,43.36,0.28,0,3.06,576.21,62.41,1496.7,355.32,365.38,18.9,1.69,0,0,2.16,1.45,0.02,0,13.03,-11.36
2025-11-15T12:05:00Z,-67.75,-439.42,0,0,40,42.69,0.28,0,0.03,620.82,89.58,1490.8,378.56,391.23,18.95,1.87,0,0,1.92,1.43,0.02,0,10.15,-11.82
2025-11-15T12:10:00Z,-118.63,-336.48,0,0,40,43.36,0.28,0,0.11,555.46,76.08,1484.9,417.53,350.8,19,1.59,0,0,1.92,1.45,0.02,0,12.35,-11.71
2025-11-15T12:15:00Z,-100.03,-372.41,0,0,44,43.36,0.28,0,0.74,587.91,81.24,1478.99,396.75,385.4,19.05,1.76,0,0,2.11,1.45,0.02,0,12.39,-11.11
2025-11-15T12:20:00Z,-100.93,-492.62,0,0,45,43.36,0.28,0,2.51,623.86,145.28,1473.09,343.83,247.73,19.1,2.08,0,0,2.16,1.45,0.02,0,10.7,-11.11
2025-11-15T12:25:00Z,-121.67,-511.79,0,0,39,43.36,0.28,0,0,666.72,147.11,1467.19,382.97,289.33,19.15,1.91,0,0,1.87,1.45,0.02,0,9.95,-11.66
2025-11-15T12:30:00Z,-114.11,-511.74,0,0,42,43.36,0.28,0,0.13,690.51,103.72,1461.29,367.94,302.6,19.2,2.03,0,0,2.02,1.45,0.02,0,10.21,-11.66
2025-11-15T12:35:00Z,-87.42,-564.12,0,0,47,43.36,0.28,0,16.61,694.29,101.17,1484.81,484.76,328.03,19.42,2.33,0,0,2.26,1.45,0.02,0,9.66,-14
2025-11-15T12:40:00Z,-51.43,-561.29,0,0,47,43.36,0.28,0,22.78,659.92,65.48,1508.34,468.92,455.05,19.63,2.49,0,0,2.26,1.45,0.02,0,8.53,-12.95
2025-11-15T12:45:00Z,-78.07,-578.63,0,0,40,43.36,0.28,0,0,679.66,85.7,1531.86,453.63,389.85,19.85,2.31,0,0,1.92,1.45,0.02,0,7.52,-14.27
2025-11-15T12:50:00Z,-115.79,-519.23,0,0,40,43.36,0.28,0,0,648.73,43.2,1555.39,498.89,437.41,20.07,2.27,0,0,1.92,1.45,0.02,0,7.93,-11.66
2025-11-15T12:55:00Z,-118.22,-668.63,0,0,47,43.36,0.28,0,5.73,720.81,83.73,1578.91,410.78,366.57,20.28,2.77,0,0,2.26,1.45,0.02,0,6.81,-14
2025-11-15T13:00:00Z,-118.07,-615.54,0,0,39,43.36,0.28,0,0.07,711.33,58.83,1602.43,493.12,425.15,20.5,2.41,0,0,1.87,1.45,0.02,0,6.48,-15.08
2025-11-15T13:05:00Z,-124.08,-620.87,0,0,40,43.36,0.28,0,0.16,753.19,28.24,1612.78,498.58,490.36,20.43,2.43,0,0,1.92,1.45,0.02,0,6.63,-18.16
2025-11-15T13:10:00Z,-139.71,-576.61,0,0,42,43.36,0.28,0,0.65,718.16,19.15,1623.13,537.65,519.2,20.37,2.44,0,0,2.02,1.45,0.02,0,7.25,-11.66
2025-11-15T13:15:00Z,-131.26,-639.4,0,0,44,43.36,0.28,0,2.8,714.6,62.51,1633.48,521.57,454.46,20.3,2.64,0,0,2.11,1.45,0.02,0,6.53,-11.66
2025-11-15T13:20:00Z,-118.31,-742.56,0,0,45,43.36,0.28,0,8.11,749.62,93.58,1643.83,447.13,474.44,20.23,2.87,0,0,2.16,1.45,0.02,0,5.31,-15.08
2025-11-15T13:25:00Z,-116.55,-678.21,0,0,45,43.36,0.28,0,12.59,729.96,43.95,1654.18,476.6,532.72,20.17,2.81,0,0,2.16,1.45,0.02,0,5.65,-11.11
2025-11-15T13:30:00Z,-203.88,-691.44,0,0,43,43.36,0.28,0,0.82,767.24,86.41,1664.53,474.62,441.83,20.1,2.6,0,0,2.06,1.45,0.02,0,6.58,-11.66
2025-11-15T13:35:00Z,-156.69,-738.64,0,0,46,43.36,0.28,0,0.66,750.07,96.44,1666.93,469.14,454.32,20.22,2.9,0,0,2.21,1.45,0.02,0,5.47,-11.66
2025-11-15T13:40:00Z,-187.23,-666.35,0,0,44,42.69,0.28,0,1.06,708.42,95.33,1669.34,473.06,472.97,20.33,2.66,0,0,2.11,1.43,0.02,0,6.32,-14
2025-11-15T13:45:00Z,-151.47,-709.05,0,0,44,43.36,0.28,0,1.66,724.66,82.94,1671.75,435.44,479.65,20.45,2.83,0,0,2.11,1.45,0.02,0,5.27,-14
2025-11-15T13:50:00Z,-129.72,-717.91,0,0,51,43.36,0.28,0,3.75,691.49,78.46,1674.16,528.02,481.1,20.57,3.24,0,0,2.45,1.45,0.02,0,4.81,-11.11
2025-11-15T13:55:00Z,-112.54,-829.67,0,0,54,43.36,0.28,0,25.5,730.29,136.75,1676.57,485.3,427.97,20.68,3.4,0,0,2.59,1.45,0.02,0,4.58,-11.66
2025-11-15T14:00:00Z,-161.48,-650.01,0,0,49,43.36,0.28,0,7.55,667.14,80.3,1678.97,415.72,474.78,20.8,2.93,0,0,2.35,1.45,0.02,0,6.24,-11.11
2025-11-15T14:05:00Z,-132.24,-692.47,0,0,45,43.36,0.28,0,9.71,702.03,100.63,1667.93,440.3,412.72,20.8,2.79,0,0,2.16,1.45,0.02,0,5.78,-11.11
2025-11-15T14:10:00Z,-145.29,-725.02,0,0,46,43.36,0.28,0,3.99,729.69,148.47,1656.88,391.19,346.47,20.8,2.74,0,0,2.21,1.45,0.02,0,6.37,-11.66
2025-11-15T14:15:00Z,-151.85,-616.92,0,0,46,42.69,0.28,0,2.37,710.34,97.34,1645.83,433.16,445.41,20.8,2.51,0,0,2.21,1.43,0.02,0,7.75,-10.8
2025-11-15T14:20:00Z,-202.81,-673.5,0,0,42,42.69,0.28,0,0,770.71,160.23,1634.79,387.38,360.59,20.8,2.3,0,0,2.02,1.43,0.02,0,7.9,-11.11
2025-11-15T14:25:00Z,-252.11,-533.54,0,0,42,43.36,0.28,0,0,742.58,119.39,1623.74,411.1,430.29,20.8,1.96,0,0,2.02,1.45,0.02,0,10.24,-11.11
2025-11-15T14:30:00Z,-191.94,-634.03,0,0,44,43.36,0.28,0,0,712.49,174.39,1612.69,397.08,360.37,20.8,2.33,0,0,2.11,1.45,0.02,0,8.53,-11.11
2025-11-15T14:35:00Z,-106.8,-717.26,0,0,45,43.36,0.28,0,8.91,701.47,193.44,1594.83,411.64,360.41,21.02,2.62,0,0,2.16,1.45,0.02,0,6.85,-10.85
2025-11-15T14:40:00Z,-214.96,-603.67,0,0,40,43.36,0.28,0,0,712.32,197.05,1576.96,334.19,361.59,21.23,2.06,0,0,1.92,1.45,0.02,0,9.11,-10.8
2025-11-15T14:45:00Z,-132.85,-689.05,0,0,48,43.36,0.28,0,7,731.32,168.24,1559.1,313.33,361.17,21.45,2.61,0,0,2.3,1.45,0.02,0,8.08,-10.9
2025-11-15T14:50:00Z,-164.96,-666.89,0,0,46,43.36,0.28,0,5.29,758.94,175.05,1541.23,304.48,361.4,21.67,2.38,0,0,2.21,1.45,0.02,0,8.93,-8.5
2025-11-15T14:55:00Z,-241.65,-664.05,0,0,40,43.36,0.28,0,0,851.17,175.55,1523.37,167.52,360.47,21.88,2.03,0,0,1.92,1.45,0.02,0,9.46,-10.6
2025-11-15T15:00:00Z,-201.84,-612.17,0,0,44,43.36,0.28,0,1.7,768.67,177.93,1505.51,311.12,360.85,22.1,2.12,0,0,2.11,1.45,0.02,0,10.18,-10
2025-11-15T15:05:00Z,-239.88,-625.82,0,0,40,43.36,0.28,0,0,892.12,181.57,1477.5,228.16,357.72,21.78,1.83,0,0,1.92,1.45,0.02,0,10.56,-2.48
2025-11-15T15:10:00Z,-284.7,-663.77,0,0,44,43.36,0.28,0,0,936.82,218.65,1449.5,239.85,314.2,21.47,1.91,0,0,2.11,1.45,0.02,0,11.49,-2.06
2025-11-15T15:15:00Z,-307.34,-618.13,0,0,40,44.03,0.11,0,0,936.75,202.73,1421.5,206.28,306.53,21.15,1.72,0,0,1.92,1.47,0.01,0,11.74,-8.5
2025-11-15T15:20:00Z,-227.74,-678.71,0,0,40,43.36,0.28,0,0.11,986.35,149.65,1393.5,196.13,321.53,20.83,1.89,0,0,1.92,1.45,0.02,0,10.57,-9.23
2025-11-15T15:25:00Z,-226.32,-698.51,0,0,44,43.36,0.28,0,2.42,949.33,173.26,1365.5,226.93,321.64,20.52,2.06,0,0,2.11,1.45,0.02,0,11.03,-10
2025-11-15T15:30:00Z,-235.36,-645.37,0,0,40,43.36,0.28,0,0.03,931.67,165.88,1337.5,263.06,339.96,20.2,1.85,0,0,1.92,1.45,0.02,0,11.27,-10.19
2025-11-15T15:35:00Z,-257.16,-578.69,0,0,40,44.03,0.28,0,0.12,904.24,167.32,1318.4,342.66,333.41,20.25,1.71,0,0,1.92,1.47,0.02,0,12.48,-10
2025-11-15T15:40:00Z,-203.95,-634.72,0,0,44,44.03,0.11,0,2.16,905.49,171.48,1299.3,409.62,316.26,20.3,1.95,0,0,2.11,1.47,0.01,0,12.08,-10
2025-11-15T15:45:00Z,-236.35,-627.63,0,0,45,43.36,0.11,0,3.18,1016.15,130,1280.21,229.68,293.16,20.35,1.83,0,0,2.16,1.45,0.01,0,12.94,-10
2025-11-15T15:50:00Z,-119.07,-732.83,0,0,44,43.36,0.11,0,1.53,1023.61,163.34,1261.11,284.99,303.02,20.4,2.05,0,0,2.11,1.45,0.01,0,10.82,-10
2025-11-15T15:55:00Z,-109.04,-739.36,0,0,43,43.36,0.28,0,1.39,1076.7,142.09,1242.01,190.91,324.03,20.45,2,0,0,2.06,1.45,0.02,0,10.83,-10.8
2025-11-15T16:00:00Z,-91.92,-701.13,0,0,44,42.69,0.11,0,1.47,1019.79,162.9,1222.91,340.25,311.5,20.5,1.96,0,0,2.11,1.43,0.01,0,11.22,-10
2025-11-15T16:05:00Z,-94.96,-734.97,0,0,44,43.36,0.1,0,27.84,1024.5,181.91,1186.03,307.41,318.44,20.42,1.99,0,0,2.11,1.45,0.01,0,11.33,-11.11
2025-11-15T16:10:00Z,-172.34,-628.34,0,0,40,43.36,0.11,0,0.1,1026.09,206.62,1149.15,151.65,278.72,20.33,1.61,0,0,1.92,1.45,0.01,0,12.73,-10
2025-11-15T16:15:00Z,-136.33,-679.28,0,0,40,43.36,0.11,0,0,1044.03,208.63,1112.27,248.39,227.66,20.25,1.72,0,0,1.92,1.45,0.01,0,12.2,-10.8
2025-11-15T16:20:00Z,-127.44,-672.1,0,0,42,43.36,0.11,0,1.92,1091.34,187.78,1075.39,283.06,225.06,20.17,1.71,0,0,2.02,1.45,0.01,0,12.9,-10
2025-11-15T16:25:00Z,-138.85,-710.2,0,0,40,43.36,0.11,0,0.12,1200.61,192.01,1038.51,206.32,211.65,20.08,1.63,0,0,1.92,1.45,0.01,0,12.63,-10
2025-11-15T16:30:00Z,-136.26,-746.5,0,0,41,43.36,0.11,0,0.15,1266.34,222.36,1001.63,150.88,233.18,20,1.63,0,0,1.97,1.45,0.01,0,12.77,-10.85
2025-11-15T16:35:00Z,-187.49,-650.67,0,0,40,43.36,0.11,0,0.06,1206.57,237.11,971.49,192.27,226.4,19.88,1.44,0,0,1.92,1.45,0.01,0,14.01,-10.1
2025-11-15T16:40:00Z,-126.78,-757.31,0,0,40,43.36,0.11,0,0.13,1210.48,235.35,941.36,232.73,126.59,19.77,1.67,0,0,1.92,1.45,0.01,0,12.9,-20
2025-11-15T16:45:00Z,-148.88,-386.74,0,0,40,43.36,0.11,0,5.11,979.91,198.15,911.23,495.51,203.4,19.65,1.03,0,0,1.92,1.45,0.01,0,17.15,-14
2025-11-15T16:50:00Z,-67.26,-520.45,0,0,42,43.36,0.11,0,4.37,1076.05,214.68,881.09,371.63,230.16,19.53,1.31,0,0,2.02,1.45,0.01,0,15.52,-11.11
2025-11-15T16:55:00Z,-103.47,-474.41,0,0,40,42.69,0.11,0,2.95,1094.36,224.48,850.96,326.72,232.53,19.42,1.13,0,0,1.92,1.43,0.01,0,15.89,-11.11
2025-11-15T17:00:00Z,-47.9,-580.4,0,0,40,42.69,0.11,0,0.44,1155.46,222.34,820.82,342.67,209.73,19.3,1.33,0,0,1.92,1.43,0.01,0,14.68,-11.11
2025-11-15T17:05:00Z,-48.22,-559.73,0,0,47,43.36,0.11,0,26.56,1117.52,243.7,785.4,335.56,206.36,19.22,1.41,0,0,2.26,1.45,0.01,0,16.72,-11.11
2025-11-15T17:10:00Z,-29.42,-626.47,0,0,40,44.03,0.11,0,4.61,1173.57,344.56,749.98,240.44,84.81,19.13,1.33,0,0,1.92,1.47,0.01,0,14.64,-10.8
2025-11-15T17:15:00Z,-102.17,-602.52,0,0,41,43.36,0.11,0,0.21,1221.81,342.88,714.56,123.49,2.42,19.05,1.25,0,0,1.97,1.45,0.01,0,15.73,-10
2025-11-15T17:20:00Z,-57.34,-747.49,0,0,41,42.69,0.11,0,0.19,1279.16,395.23,679.14,77.64,0,18.97,1.45,0,0,1.97,1.43,0.01,0,14.38,-11.11
2025-11-15T17:25:00Z,-48.39,-831.92,0,0,44,42.69,0.11,0,20.69,1420.52,396.66,643.72,86.21,9.52,18.88,1.53,0,0,2.11,1.43,0.01,0,14.32,-10
2025-11-15T17:30:00Z,-67.92,-603.71,0,0,40,42.02,0.11,0,0.12,1248.05,364.98,608.3,108.32,0,18.8,1.19,0,0,1.92,1.41,0.01,0,15.78,31.3
2025-11-15T17:35:00Z,-38.07,-726.98,0,0,40,42.69,0.11,0,0.11,1380.54,367.56,578.49,7.82,0,18.68,1.33,0,0,1.92,1.43,0.01,0,14.76,52.77
2025-11-15T17:40:00Z,-51.33,-557.23,0,0,43,0,0.11,0,1.75,1370.24,275.19,548.68,14.66,0,18.57,0.68,0,0,2.06,0,0.01,0,10.21,64.77
2025-11-15T17:45:00Z,-12.34,-580.42,0,0,40,0,0.11,0,2.89,1371.75,256.86,518.87,13.79,0,18.45,0.67,0,0,1.92,0,0.01,0,9.44,54.37
2025-11-15T17:50:00Z,-2.47,-536.66,0,0,40,0,0.11,0,10.09,1301.19,297.22,489.06,12.25,0,18.33,0.63,0,0,1.92,0,0.01,0,9.75,59.66
2025-11-15T17:55:00Z,-4.46,-469.31,0,0,40,0,0.11,0,0.29,1300.98,289.96,459.25,11.24,0,18.22,0.55,0,0,1.92,0,0.01,0,10.18,70.59
2025-11-15T18:00:00Z,-4.44,-392.15,0,0,40,0,0.11,0,24.26,1256.62,238.44,429.44,0,0,18.1,0.48,0,0,1.92,0,0.01,0,10.87,68.89
2025-11-15T18:05:00Z,-0.52,-312.48,0,0,42,0,0.11,0,22.63,1249.69,172.19,399.09,1.62,0,18.07,0.43,0,0,2.02,0,0.01,0,12.19,72.6
2025-11-15T18:10:00Z,-1.48,-278.98,0,0,41,0,0.11,0,36.89,1237.98,185.1,368.73,0,0,18.03,0.37,0,0,1.97,0,0.01,0,12.14,65.91
2025-11-15T18:15:00Z,-1.14,-265.99,0,0,41,0,0.11,0,40.82,1248.71,179.5,338.38,0,0,18,0.35,0,0,1.97,0,0.01,0,12.34,67.85
2025-11-15T18:20:00Z,-1.05,-254.72,0,0,40,0,0.11,0,45.58,1258.1,154.33,308.03,0,0,17.97,0.33,0,0,1.92,0,0.01,0,12.37,68.56
2025-11-15T18:25:00Z,-0.78,-192.38,0,0,42,0,0.11,0,69.28,1184.47,163.87,277.67,0,0,17.93,0.27,0,0,2.02,0,0.01,0,13.64,78.96
2025-11-15T18:30:00Z,-2.27,-125.44,0,0,40,0,0.11,0,49.42,1165.65,147.79,247.32,0,0,17.9,0.17,0,0,1.92,0,0.01,0,13.82,62.17
2025-11-15T18:35:00Z,-0.65,-166.03,0,0,40,0,0.11,0,160.35,1156.54,113.25,225.37,0,0,17.82,0.22,0,0,1.92,0,0.01,0,13.41,77.08
2025-11-15T18:40:00Z,-4.66,-80.61,0,0,40,0,0.11,0,117.38,1141.17,84.97,203.43,0,0,17.73,0.11,0,0,1.92,0,0.01,0,14.49,75.4
2025-11-15T18:45:00Z,-3.8,-75.45,0,0,40,0,0.11,0,134.44,1161.67,72.52,181.48,0,0,17.65,0.1,0,0,1.92,0,0.01,0,14.48,77.85
2025-11-15T18:50:00Z,-2.36,-64.88,0,0,40,0,0.11,0,135.97,1167.13,60.38,159.54,0,0,17.57,0.09,0,0,1.92,0,0.01,0,14.74,77.83
2025-11-15T18:55:00Z,-1.58,-90.21,0,0,40,0,0.11,0,156.96,1192.03,44.96,137.59,0,0,17.48,0.12,0,0,1.92,0,0.01,0,14.64,71.81
2025-11-15T19:00:00Z,-0.68,-80.12,0,0,40,0,0.11,0,167.12,1201.83,35.08,115.65,0,0,17.4,0.11,0,0,1.92,0,0.01,0,14.76,69.18
2025-11-15T19:05:00Z,-0.68,-93.93,0,0,40,0,0.11,0,200.31,1209.7,24.59,99.17,0,0,17.25,0.12,0,0,1.92,0,0.01,0,14.63,82.35
2025-11-15T19:10:00Z,-2.57,-34.6,0,0,40,0,0.1,0,141.95,1207.22,13.64,82.69,0,0,17.1,0.05,0,0,1.92,0,0.01,0,15.56,66.6
2025-11-15T19:15:00Z,-0.64,-76.79,0,0,40,0,0.11,0,218.51,1203.75,9.75,66.22,0,0,16.95,0.1,0,0,1.92,0,0.01,0,15,66.43
2025-11-15T19:20:00Z,-0.76,-96.34,0,0,40,0,0.11,0,280.4,1185.43,5.6,49.74,0,0,16.8,0.12,0,0,1.92,0,0.01,0,14.78,91.03
2025-11-15T19:25:00Z,-1.08,0,49.32,0,41,0,0.11,0,139.31,1156.34,2.25,33.26,0,0,16.65,0,3.41,0,1.97,0,0.01,0,48.85,90.45
2025-11-15T19:30:00Z,-1.73,0,50.51,0,40,0,0.1,0,135.6,1164.88,0.88,16.78,0,0,16.5,0,3.48,0,1.92,0,0.01,0,49.66,65.5
2025-11-15T19:35:00Z,-0.65,-89.3,0,0,40,0,0.11,0,294.7,1179.62,0.21,13.98,0,0,16.42,0.11,0,0,1.92,0,0.01,0,15.12,68.24
2025-11-15T19:40:00Z,-0.65,-6.46,0,0,40,0,0.11,0,205.98,1185.68,0.04,11.19,0,0,16.33,0.01,0,0,1.92,0,0.01,0,16.02,75.33
2025-11-15T19:45:00Z,-3.08,0,7.99,0,40,0,0.11,0,156.06,1214.18,0,8.39,0,0,16.25,0,0.54,0,1.92,0,0.01,0,21.04,67.23
2025-11-15T19:50:00Z,-0.61,-93.82,0,0,40,0,0.11,0,227.89,1261.72,0,5.59,0,0,16.17,0.12,0,0,1.92,0,0.01,0,15.06,70.58
2025-11-15T19:55:00Z,-4.25,0,20,0,40,0,0.11,0,128.62,1262.5,0,2.8,0,0,16.08,0,1.39,0,1.92,0,0.01,0,28.19,62.88
2025-11-15T20:00:00Z,-0.88,-104.85,0,0,40,0,0.11,0,240.34,1270,0,0,0,0,16,0.13,0,0,1.92,0,0.01,0,14.92,70.87
2025-11-15T20:05:00Z,-0.57,0,1.16,0,42,0,0.11,0,126.79,1265.38,0,0,0,0,16.07,0,0.08,0,2.02,0,0.01,0,17.62,79.08
2025-11-15T20:10:00Z,-3.48,-12.13,0,0,40,0,0.11,0,124.79,1261.26,0,0,0,0,16.13,0.02,0,0,1.92,0,0.01,0,16.25,67.6
2025-11-15T20:15:00Z,-0.72,-95.34,0,0,41,0,0.11,0,202.7,1268.88,0,0,0,0,16.2,0.12,0,0,1.97,0,0.01,0,15.67,72.58
2025-11-15T20:20:00Z,-1.31,-7.57,0,0,40,0,0.11,0,149.92,1233.8,0,0,0,0,16.27,0.01,0,0,1.92,0,0.01,0,16.25,75.9
2025-11-15T20:25:00Z,-0.6,0,56.42,0,42,0,0.11,0,93.13,1230.7,0,0,0,0,16.33,0,4.05,0,2.02,0,0.01,0,55.67,75.19
2025-11-15T20:30:00Z,-1.24,0,5.89,-0.1,40,0,0.11,0,146.38,1214.19,0,0,0,0,16.4,0,0.42,0,1.92,0,0.01,0,20.23,69.11
2025-11-15T20:35:00Z,-0.89,-21.38,0,0,40,0,0.11,0,184.4,1206.77,0,0,0,0,16.33,0.03,0,0,1.92,0,0.01,0,16.16,78.31
2025-11-15T20:40:00Z,-3.99,-3.25,0,0,41,0,0.11,0,182.78,1210.12,0,0,0,0,16.27,0,0,0,1.97,0,0.01,0,16.57,75.25
2025-11-15T20:45:00Z,-0.85,-0.96,0,0,40,0,0.11,0,194.64,1184.48,0,0,0,0,16.2,0,0,0,1.92,0,0.01,0,16.3,68.87
2025-11-15T20:50:00Z,-0.65,0,19.86,0,40,0,0.11,0,208.81,1147.63,0,0,0,0,16.13,0,1.4,0,1.92,0,0.01,0,29.02,96.36
2025-11-15T20:55:00Z,-6.92,0,149.43,0,40,0,0.11,0,78.14,1140.01,0,0,0,0,16.07,0,10.42,0,1.92,0,0.01,0,134.43,63.97
2025-11-15T21:00:00Z,-0.77,0,34.61,0,40,0,0.11,0,232.58,1105.97,0,0,0,0,16,0,2.45,0,1.92,0,0.01,0,39.09,76.49
2025-11-15T21:05:00Z,-3.83,0,201.79,0,40,0,0.11,0,94.44,1072.78,0,0,0,0,15.95,0,13.92,0,1.92,0,0.01,0,189.83,76.42
2025-11-15T21:10:00Z,-2.39,0,232.2,0,40,0,0.11,0,91.97,1023.98,0,0,0,0,15.9,0,16.02,0,1.92,0,0.01,0,233.67,76.74
2025-11-15T21:15:00Z,-2.51,0,209.88,0,40,0,0.11,0,124.14,1015.18,0,0,0,0,15.85,0,14.72,0,1.92,0,0.01,0,206.56,66.27
2025-11-15T21:20:00Z,-0.8,0,130.02,0,40,0,0.11,0,232.9,974.73,0,0,0,0,15.8,0,9.35,0,1.92,0,0.01,0,121.17,77.33
2025-11-15T21:25:00Z,-0.67,0,299.97,0,42,0,0.11,0,101.41,946.25,0,0,0,0,15.75,0,21.6,0,2.02,0,0.01,0,359.23,86.29
2025-11-15T21:30:00Z,-0.83,0,326.69,0,42,0,0.11,0,53.37,934.09,0,0,0,0,15.7,0,23.49,0,2.02,0,0.01,0,436.08,77.04
2025-11-15T21:35:00Z,-1.32,0,272.63,0,40,0,0.11,0,146,900.81,0,0,0,0,15.72,0,20.27,0,1.92,0,0.01,0,327.57,106.63
2025-11-15T21:40:00Z,-0.73,0,253.58,0,40,0,0.11,0,163.5,865.51,0,0,0,0,15.73,0,18.59,0,1.92,0,0.01,0,302.22,85.98
2025-11-15T21:45:00Z,-0.52,0,374.4,0,42,0,0.11,0,71.49,833.88,0,0,0,0,15.75,0,28.03,0,2.02,0,0.01,0,629.87,86.83
2025-11-15T21:50:00Z,-0.55,0,415.56,0,41,0,0.11,0,58.47,799.68,0,0,0,0,15.77,0,29.96,0,1.97,0,0.01,0,793.25,116.09
2025-11-15T21:55:00Z,-0.54,0,435.08,0,40,0,0.1,0,60.02,778.11,0,0,0,0,15.78,0,32.23,0,1.92,0,0.01,0,926.02,87.67
2025-11-15T22:00:00Z,-0.93,0,455.98,0,40,0,0.11,0,60.5,767.12,0,0,0,0,15.8,0,33.96,0,1.92,0,0.01,0,1048.2,80.89
2025-11-15T22:05:00Z,-0.76,0,415.79,0,41,0,0.11,0,91.05,783.15,0,0,0,0,15.78,0,30.72,0,1.97,0,0.01,0,786.72,106.32
2025-11-15T22:10:00Z,-0.74,0,387.89,0,39,0,0.11,0,63.27,793.46,0,0,0,0,15.77,0,27.05,0,1.87,0,0.01,0,684.37,97.85
2025-11-15T22:15:00Z,-0.84,0,373.19,0,40,0,0.11,0,76.28,796.55,0,0,0,0,15.75,0,25.97,0,1.92,0,0.01,0,621.23,98.48
2025-11-15T22:20:00Z,-1.54,0,350.15,0,40,0,0.11,0,83.63,808.7,0,0,0,0,15.73,0,24.22,0,1.92,0,0.01,0,540.26,113.17
2025-11-15T22:25:00Z,-0.82,0,368.29,0,40,0,0.1,0,76.13,788.75,0,0,0,0,15.72,0,25.61,0,1.92,0,0.01,0,616.58,101.56
2025-11-15T22:30:00Z,-0.91,0,326.72,0,40,0,0.11,0,105.21,793.42,0,0,0,0,15.7,0,22.77,0,1.92,0,0.01,0,485.02,98
2025-11-15T22:35:00Z,-4.23,0,324.16,0,40,0,0.11,0,80.52,823.88,0,0,0,0,15.67,0,23.1,0,1.92,0,0.01,0,487.42,95.44
2025-11-15T22:40:00Z,-0.82,0,325.46,0,40,0,0.11,0,53.83,850.94,0,0,0,0,15.63,0,23.46,0,1.92,0,0.01,0,492.42,92.75
2025-11-15T22:45:00Z,-0.62,0,268.69,0,45,0,0.11,0,78.26,871.19,0,0,0,0,15.6,0,19.07,0,2.16,0,0.01,0,351.3,98
2025-11-15T22:50:00Z,-0.62,0,216.49,0,40,0,0.11,0,126.97,870.36,0,0,0,0,15.57,0,15.46,0,1.92,0,0.01,0,254.38,83.27
2025-11-15T22:55:00Z,-0.66,0,255.42,-0.1,43,0,0.11,0,84.39,880.45,0,0,0,0,15.53,0,17.85,0,2.06,0,0.01,0,318.02,86.6
2025-11-15T23:00:00Z,-1.14,0,283.53,0,40,0,0.11,0,65.46,881.19,0,0,0,0,15.5,0,19.48,0,1.92,0,0.01,0,365.82,103.23
2025-11-15T23:05:00Z,-2.73,0,305.24,0,40,0,0.11,0,0.29,914.76,0,0,0,0,15.58,0,22.12,0,1.92,0,0.01,0,445.88,97.37
2025-11-15T23:10:00Z,-1.24,0,196.26,0,41,0,0.11,0,68.71,946.75,0,0,0,0,15.67,0,14.38,0,1.97,0,0.01,0,228.41,92.72
2025-11-15T23:15:00Z,-9.09,0,199.48,0,40,0,0.11,0,68.07,946.49,0,0,0,0,15.75,0,14.43,0,1.92,0,0.01,0,231.91,81.55
2025-11-15T23:20:00Z,-1.47,0,136.29,0,40,0,0.11,0,71.34,1009.61,0,0,0,0,15.83,0,10.15,0,1.92,0,0.01,0,147.4,92.73
2025-11-15T23:25:00Z,-15.63,0,142.54,0,40,0,0.11,0,51.34,1028.42,0,0,0,0,15.92,0,10.66,0,1.92,0,0.01,0,157.09,80.86
2025-11-15T23:30:00Z,-16.01,0,117.76,0,40,0,0.11,0,56.49,1047.34,0,0,0,0,16,0,8.93,0,1.92,0,0.01,0,128.95,80.82
2025-11-15T23:35:00Z,-15.95,0,113.77,0,40,0,0.11,0,49.56,1091.66,0,0,0,0,16.02,0,8.73,0,1.92,0,0.01,0,121.55,94.82
2025-11-15T23:40:00Z,-11.62,0,116.28,0,40,0,0.11,0,54.17,1107.6,0,0,0,0,16.03,0,9.02,0,1.92,0,0.01,0,122.26,93.46
2025-11-15T23:45:00Z,-9.13,0,111.35,0,41,0,0.11,0,63.07,1096.79,0,0,0,0,16.05,0,8.61,0,1.97,0,0.01,0,117.53,94.03
2025-11-15T23:50:00Z,-5.8,0,93.72,0,41,0,0.11,0,54.37,1115.75,0,0,0,0,16.07,0,7.28,0,1.97,0,0.01,0,99.88,90.39
2025-11-15T23:55:00Z,-11.63,0,94.98,0,40,0,0.11,0,50.25,1122.9,0,0,0,0,16.08,0,7.41,0,1.92,0,0.01,0,101.21,79.72
2025-11-16T00:00:00Z,-5.87,0,28.46,0,40,0,0.11,0,51.46,1178.6,0,0,0,0,16.1,0,2.28,0,1.92,0,0.01,0,40.87,78.66
2025-11-16T00:05:00Z,-6.01,-13.45,0,0,41,0,0.11,0,50.77,1230.42,0,0,0,0,16.15,0.02,0,0,1.97,0,0.01,0,18,79.06
2025-11-16T00:10:00Z,-6.54,0,23.44,0,40,0,0.11,0,2.45,1248.95,0,0,0,0,16.2,0,1.84,0,1.92,0,0.01,0,35.82,78.81
2025-11-16T00:15:00Z,-9.27,0,14.4,0,40,0,0.11,0,1.54,1267.09,0,0,0,0,16.25,0,1.13,0,1.92,0,0.01,0,28.54,78.47
2025-11-16T00:20:00Z,-13.43,-8.15,0,0,40,0,0.11,0,0.37,1307.77,0,0,0,0,16.3,0.01,0,0,1.92,0,0.01,0,17.32,77.82
2025-11-16T00:25:00Z,-3.89,-21.45,0,-0.1,42,0,0.11,0,2.54,1327.13,0,0,0,0,16.35,0.03,0,0,2.02,0,0.01,0,17.74,78.32
2025-11-16T00:30:00Z,-7.2,-34.94,0,0,40,0,0.1,0,0.41,1349.78,0,0,0,0,16.4,0.05,0,0,1.92,0,0.01,0,16.71,75.14
2025-11-16T00:35:00Z,-15.77,-65.62,0,0,40,0,0.11,0,0.24,1398.72,0,0,0,0,16.28,0.09,0,0,1.92,0,0.01,0,16.25,70.96
2025-11-16T00:40:00Z,-1.12,-124.58,0,0,44,0,0.11,0,20.94,1450.1,0,0,0,0,16.17,0.17,0,0,2.11,0,0.01,0,16.79,83.56
2025-11-16T00:45:00Z,-13.61,-101.5,0,0,40,0,0.11,0,0.31,1445.87,0,0,0,0,16.05,0.13,0,0,1.92,0,0.01,0,15.71,68.89
2025-11-16T00:50:00Z,-9,-183.05,0,0,41,0,0.11,0,53.54,1465.07,0,0,0,0,15.93,0.23,0,0,1.97,0,0.01,0,15.29,75.94
2025-11-16T00:55:00Z,-3.13,-180.92,0,0,43,0,0.11,0,14.75,1500.32,0,0,0,0,15.82,0.24,0,0,2.06,0,0.01,0,15.98,75.97
2025-11-16T01:00:00Z,-6.73,-190.21,0,0,41,0,0.11,0,0.69,1524.24,0,0,0,0,15.7,0.24,0,0,1.97,0,0.01,0,15.2,73.88
2025-11-16T01:05:00Z,-5.61,-235.9,0,0,40,0,0.11,0,63.16,1533.36,0,0,0,0,15.65,0.28,0,0,1.92,0,0.01,0,14.18,77.07
2025-11-16T01:10:00Z,-6.02,-177.89,0,0,41,0,0.11,0,3.96,1516.07,0,0,0,0,15.6,0.23,0,0,1.97,0,0.01,0,15.24,76.43
2025-11-16T01:15:00Z,-7.36,-227.34,0,0,40,0,0.11,0,35.52,1535.7,0,0,0,0,15.55,0.27,0,0,1.92,0,0.01,0,14.42,73.65
2025-11-16T01:20:00Z,-8.42,-320.91,0,0,40,0,0.11,0,87.8,1576.36,0,0,0,0,15.5,0.36,0,0,1.92,0,0.01,0,13.65,72.56
2025-11-16T01:25:00Z,-9.22,-337.9,0,0,40,0,0.11,0,81.31,1582.71,0,0,0,0,15.45,0.38,0,0,1.92,0,0.01,0,13.66,73.57
2025-11-16T01:30:00Z,-6.27,-264.87,0,0,41,0,0.11,0,3.72,1594.89,0,0,0,0,15.4,0.32,0,0,1.97,0,0.01,0,14.51,67.22
2025-11-16T01:35:00Z,-6.57,-313.13,0,0,41,0,0.11,0,0.27,1627.48,0,0,0,0,15.37,0.37,0,0,1.97,0,0.01,0,14.27,63.19
2025-11-16T01:40:00Z,-5.91,-360.03,0,0,41,0,0.11,0,49.88,1645.8,0,0,0,0,15.33,0.41,0,0,1.97,0,0.01,0,13.7,66.88
2025-11-16T01:45:00Z,-10.22,-393.41,0,-0.1,40,0,0.11,0,49.76,1665.52,0,0,0,0,15.3,0.43,0,0,1.92,0,0.01,0,13.27,66.69
2025-11-16T01:50:00Z,-23.22,-345.61,0,-0.1,40,0,0.11,0,0.41,1682.06,0,0,0,0,15.27,0.39,0,0,1.92,0,0.01,0,13.65,61.36
2025-11-16T01:55:00Z,-7.35,-334.96,0,-0.1,40,0,0.11,0,0.3,1653.33,0,0,0,0,15.23,0.38,0,0,1.92,0,0.01,0,13.72,59.01
2025-11-16T02:00:00Z,-2.76,-392.33,0,0,43,0,0.11,0,11.88,1688.4,0,0,0,0,15.2,0.47,0,0,2.06,0,0.01,0,14.28,59.43
2025-11-16T02:05:00Z,-17.9,-406.42,0,0,40,0,0.11,0,0.43,1724.31,0,0,0,0,15.23,0.44,0,0,1.92,0,0.01,0,13.27,49.65
2025-11-16T02:10:00Z,-9.31,-447.79,0,0,42,0,0.11,0,24.72,1742,0,0,0,0,15.27,0.5,0,0,2.02,0,0.01,0,13.51,62.77
2025-11-16T02:15:00Z,-18.77,-450.5,0,0,40,0,0.11,0,0.43,1769.31,0,0,0,0,15.3,0.48,0,0,1.92,0,0.01,0,12.95,56.59
2025-11-16T02:20:00Z,-31.95,-461.36,0,0,41,0,0.11,0,14.89,1769.89,0,0,0,0,15.33,0.5,0,0,1.97,0,0.01,0,13.29,47.49
2025-11-16T02:25:00Z,-6.6,-465.73,0,0,41,0,0.11,0,2.56,1759.83,0,0,0,0,15.37,0.51,0,0,1.97,0,0.01,0,13.2,49.03
2025-11-16T02:30:00Z,-8.8,-453.36,0,0,41,0,0.11,0,1.37,1728.27,0,0,1.95,0,15.4,0.51,0,0,1.97,0,0.01,0,13.47,49.42
2025-11-16T02:35:00Z,-9.86,-422.16,0,0,41,0,0.11,0,0.43,1698.3,0,0,0.5,0,15.35,0.48,0,0,1.97,0,0.01,0,13.72,58.74
2025-11-16T02:40:00Z,-10.62,-417.86,0,0,42,0,0.11,0,9.16,1666.94,0,0,3.59,0,15.3,0.49,0,0,2.02,0,0.01,0,14.24,60.06
2025-11-16T02:45:00Z,-8.99,-413.39,0,0,44,0,0.11,0,3.44,1669.94,0,0,6.63,0,15.25,0.51,0,0,2.11,0,0.01,0,14.9,61.27
2025-11-16T02:50:00Z,-9.51,-384.1,0,0,41,0,0.11,0,1.52,1650.15,0,0,0,0,15.2,0.45,0,0,1.97,0,0.01,0,14.1,60.3
2025-11-16T02:55:00Z,-11.14,-383.41,0,0,42,0,0.11,0,6.1,1635.23,0,0,0,0,15.15,0.46,0,0,2.02,0,0.01,0,14.54,59.81
2025-11-16T03:00:00Z,-18.21,-388.66,0,0,42,0,0.11,0,2.57,1650.23,0,0,0,0,15.1,0.46,0,0,2.02,0,0.01,0,14.52,59.95
2025-11-16T03:05:00Z,-10.5,-427.44,0,0,40,0,0.11,0,1.25,1678.38,0,0,0,0,15.1,0.48,0,0,1.92,0,0.01,0,13.55,62.2
2025-11-16T03:10:00Z,-15.28,-452.54,0,0,40,0,0.11,0,0.14,1692.63,0,0,0,0,15.1,0.5,0,0,1.92,0,0.01,0,13.5,48.57
2025-11-16T03:15:00Z,-7.41,-478.89,0,0,43,0,0.11,0,4.45,1705.66,0,0,0,0,15.1,0.57,0,0,2.06,0,0.01,0,14.25,58.47
2025-11-16T03:20:00Z,-11.43,-475.03,0,0,40,0,0.11,0,0.42,1713.89,0,0,1.24,0,15.1,0.52,0,0,1.92,0,0.01,0,13.29,48.01
2025-11-16T03:25:00Z,-12.82,-460.85,0,-0.1,42,0,0.11,0,5.48,1702.56,0,0,4.63,0,15.1,0.53,0,0,2.02,0,0.01,0,14.01,49.42
2025-11-16T03:30:00Z,-6.31,-441.69,0,0,42,0,0.11,0,6.6,1675.54,0,0,0.08,0,15.1,0.52,0,0,2.02,0,0.01,0,14.14,61.97
2025-11-16T03:35:00Z,-17.32,-438.95,0,0,40,0,0.11,0,0.32,1667.56,0,0,0,0,15.03,0.49,0,0,1.92,0,0.01,0,13.72,58.11
2025-11-16T03:40:00Z,-12.5,-468.52,0,0,43,0,0.11,0,10.74,1678.08,0,0,0,0,14.97,0.56,0,0,2.06,0,0.01,0,14.49,58.53
2025-11-16T03:45:00Z,-22.7,-427.42,0,0,40,0,0.11,0,0.25,1671.73,0,0,0,0,14.9,0.54,0,0,1.92,0,0.01,0,13.19,57
2025-11-16T03:50:00Z,-15.22,-488.33,0,-0.1,40,0,0.11,0,0.24,1708.07,0,0,0,0,14.83,0.54,0,0,1.92,0,0.01,0,13.38,41.17
2025-11-16T03:55:00Z,-11.64,-497.63,0,0,40,0,0.11,0,0.14,1730.67,0,0,0,0,14.77,0.54,0,0,1.92,0,0.01,0,13.17,46.9
2025-11-16T04:00:00Z,-11.12,-527.4,0,-0.1,41,0,0.11,0,0.84,1746.63,0,0,0,0,14.7,0.58,0,0,1.97,0,0.01,0,13.36,41.42
2025-11-16T04:05:00Z,-17.36,-553.19,0,-0.1,40,0,0.11,0,0.23,1777.36,0,0,0,0,14.68,0.6,0,0,1.92,0,0.01,0,12.73,38.09
2025-11-16T04:10:00Z,-0.72,-574.34,0,-0.1,42,0,0.11,0,7.45,1776.54,0,0,0,0,14.67,0.64,0,0,2.02,0,0.01,0,13.3,38.16
2025-11-16T04:15:00Z,-0.93,-554.91,0,-0.1,40,0,0.11,0,1.46,1782.06,0,0,0,0,14.65,0.6,0,0,1.92,0,0.01,0,12.52,41.4
2025-11-16T04:20:00Z,-4.99,-568.7,0,-0.1,42,0,0.11,0,2.77,1773.41,0,0,0,0,14.63,0.64,0,0,2.02,0,0.01,0,13.37,42.79
2025-11-16T04:25:00Z,-3.12,-594.77,0,0,40,0,0.11,0,0.38,1807.23,0,0,0,0,14.62,0.64,0,0,1.92,0,0.01,0,12.31,27.35
2025-11-16T04:30:00Z,-8.39,-639.17,0,0,40,0,0.11,0,0.44,1860.98,0,0,0,0,14.6,0.66,0,0,1.92,0,0.01,0,12.15,28.84
2025-11-16T04:35:00Z,-0.78,-665.24,0,0,42,0,0.11,0,9.07,1877.92,0,0,0,0,14.6,0.72,0,0,2.02,0,0.01,0,12.42,30.15
2025-11-16T04:40:00Z,-3.69,-644.78,0,-0.1,42,0,0.11,0,0.43,1891.14,0,0,0,0,14.6,0.68,0,0,2.02,0,0.01,0,12.57,27.15
2025-11-16T04:45:00Z,-8.18,-687.84,0,-0.1,40,0,0.11,0,1.05,1927.27,0,0,0,0,14.6,0.72,0,0,1.92,0,0.01,0,11.38,27.6
2025-11-16T04:50:00Z,-5.6,-678.24,0,0,42,0,0.11,0,0.54,1925.44,0,0,0,0,14.6,0.73,0,0,2.02,0,0.01,0,12.1,27.64
2025-11-16T04:55:00Z,-10.76,-707.72,0,0,41,0,0.11,0,0.46,1943.63,0,0,0,0,14.6,0.75,0,0,1.97,0,0.01,0,11.63,25.26
2025-11-16T05:00:00Z,-4.41,-729.09,0,0,44,0,0.11,0,6.1,1946.35,0,0,0,0,14.6,0.79,0,0,2.11,0,0.01,0,12.58,27.65
2025-11-16T05:05:00Z,-10.82,-738.16,0,0,41,0,0.11,0,3.12,1982.71,0,0,0,0,14.57,0.77,0,0,1.97,0,0.01,0,11.31,24.73
2025-11-16T05:10:00Z,-12.57,-709.46,0,0,43,0,0.11,0,3.17,1964.72,0,0,0,0,14.53,0.76,0,0,2.06,0,0.01,0,12.19,25.48
2025-11-16T05:15:00Z,-3.07,-704.43,0,0,44,0,0.11,0,7.9,1943,0,0,0,0,14.5,0.77,0,0,2.11,0,0.01,0,12.6,27.63
2025-11-16T05:20:00Z,-8.74,-744.99,0,0,43,0,0.11,0,12.16,1961.35,0,0,0,0,14.47,0.8,0,0,2.06,0,0.01,0,12.09,26.92
2025-11-16T05:25:00Z,-10.71,-763.53,0,0,42,0,0.11,0,20.9,1981.42,0,0,0,0,14.43,0.8,0,0,2.02,0,0.01,0,11.52,24.67
2025-11-16T05:30:00Z,-2.9,-776.68,0,0,43,0,0.11,0,8.74,2005.34,0,0,1.44,0,14.4,0.78,0,0,2.06,0,0.01,0,12.1,-6.86
2025-11-16T05:35:00Z,-11.21,-748.04,0,-0.1,43,0,0.11,0,9.02,1992.2,0.03,1.91,15.02,0,14.35,0.75,0,0,2.06,0,0.01,0,12.27,-6.89
2025-11-16T05:40:00Z,-3.8,-758.35,0,-0.1,45,0,0.11,0,25.53,1986.53,0.1,3.82,23.3,0,14.3,0.78,0,0,2.16,0,0.01,0,12.81,-7.87
2025-11-16T05:45:00Z,-10.07,-727.69,0,-0.1,40,0,0.11,0,9.6,2001.42,0.81,5.73,6.44,0,14.25,0.71,0,0,1.92,0,0.01,0,11.08,-10
2025-11-16T05:50:00Z,-3.12,-529.49,0,-0.1,45,0,0.11,0,29.82,1734.78,1.53,7.64,251.54,0,14.2,0.58,0,0,2.16,0,0.01,0,14.81,-10
2025-11-16T05:55:00Z,-2.12,-481.59,0,0,44,0,0.11,0,4.55,1701.59,3.68,9.55,261.73,0,14.15,0.58,0,0,2.11,0,0.01,0,14.43,-10
2025-11-16T06:00:00Z,-13.37,-572.91,0,0,43,0,0.11,0,0.67,1782.18,11.71,11.46,157.17,0,14.1,0.61,0,0,2.06,0,0.01,0,13.88,-12.57
2025-11-16T06:05:00Z,-26.28,-352.14,0,0,43,0,0.1,0,1.23,1537.85,17.91,24.46,439.51,9.39,14.13,0.41,0,0,2.06,0,0.01,0,16,-14.3
2025-11-16T06:10:00Z,-16.79,-342.52,0,0,44,0,0.11,0,6.31,1535.29,14.2,37.46,426.14,14.13,14.17,0.45,0,0,2.11,0,0.01,0,15.67,-12.3
2025-11-16T06:15:00Z,-30.66,-328.84,0,0,41,0,0.11,0,0.38,1530.07,24.81,50.46,445.08,13.29,14.2,0.4,0,0,1.97,0,0.01,0,14.72,-20
2025-11-16T06:20:00Z,-0.74,-288.65,0,-0.1,44,0,0.11,0,15.4,1408.87,33.12,63.46,549.08,9.73,14.23,0.35,0,0,2.11,0,0.01,0,16.64,-20
2025-11-16T06:25:00Z,-0.7,-229.33,0,-0.1,45,0,0.11,0,50.12,1295.75,36.61,76.46,641.73,17.42,14.27,0.31,0,0,2.16,0,0.01,0,17.53,-20
2025-11-16T06:30:00Z,-8.59,-194.37,0,0,45,0,0.11,0,27.24,1273.08,44.22,89.46,696.62,15.72,14.3,0.26,0,0,2.16,0,0.01,0,17.91,-31.75
2025-11-16T06:35:00Z,-55.5,-93.44,0,0,42,0,0.11,0,3.27,1215.08,55.06,107.61,795,22.83,14.37,0.13,0,0,2.02,0,0.01,0,17.85,-21.21
2025-11-16T06:40:00Z,-14.82,0,73.93,0,42,0,0.11,0,5.66,1004.47,61.12,125.76,991.9,41.33,14.43,0,5.43,0,2.02,0,0.01,0,77.75,-20
2025-11-16T06:45:00Z,-2.61,0,23.75,0,41,0,0.11,0,1.92,1016.44,88.88,143.91,964.81,39.17,14.5,0,1.49,0,1.97,0,0.01,0,32.86,-20
2025-11-16T06:50:00Z,-26.24,0,75.35,0,40,0,0.11,0,0.11,985.17,99.28,162.05,938.87,54.48,14.57,0,5.45,0,1.92,0,0.01,0,74.71,-21.21
2025-11-16T06:55:00Z,-15.37,0,89.17,0,44,0,0.11,0,20.22,900.28,113.82,180.2,1055.45,42.69,14.63,0,5.34,0,2.11,0,0.01,0,77.6,-21
2025-11-16T07:00:00Z,-48.52,0,105.27,-0.1,43,0,0.11,0,20.22,908.44,124.6,198.35,1033.88,57.63,14.7,0,6.28,0,2.06,0,0.01,0,87.87,-21.21
2025-11-16T07:05:00Z,-34.43,0,41.1,-0.1,44,0,0.11,0,27.91,903.36,136.37,227.41,1007.4,79.3,14.73,0,2.4,0,2.11,0,0.01,0,42.95,-20
2025-11-16T07:10:00Z,-6.81,0,21.52,-0.1,40,0,0.11,0,3.66,888.59,141.78,256.47,1026.89,69.37,14.77,0,1.27,0,1.92,0,0.01,0,29.42,-21.21
2025-11-16T07:15:00Z,-48.88,0,46.1,0,43,0,0.11,0,12.23,865.93,145.43,285.52,1067.32,90,14.8,0,2.7,0,2.06,0,0.01,0,45.54,-19.98
2025-11-16T07:20:00Z,-0.78,-151.79,0,0,44,0,0.11,0,46.4,1088.62,77.16,314.58,862.42,242.41,14.83,0.27,0,0,2.11,0,0.01,0,15.61,-18.14
2025-11-16T07:25:00Z,-2.63,-174.93,0,0,40,0,0.11,0,7.6,1135.62,8.17,343.64,874.28,224.3,14.87,0.29,0,0,1.92,0,0.01,0,14.47,-20
2025-11-16T07:30:00Z,-0.86,-96.27,0,0,42,0,0.11,0,10.85,1016.55,8.98,372.7,994.93,227.22,14.9,0.19,0,0,2.02,0,0.01,0,16.27,-20
2025-11-16T07:35:00Z,-0.81,-141.13,0,0,44,0,0.11,0,16.54,1037.02,9.45,402.27,962.22,230.46,15,0.27,0,0,2.11,0,0.01,0,16.22,-20
2025-11-16T07:40:00Z,-4.04,-136.83,0,0,40,0,0.11,0,13.2,1045.83,12.02,431.85,941.71,250.45,15.1,0.23,0,0,1.92,0,0.01,0,14.47,-19.98
2025-11-16T07:45:00Z,-5.87,-195.78,0,0,40,0,0.11,0,12.08,1086.81,9.42,461.42,870.96,205.08,15.2,0.33,0,0,1.92,0,0.01,0,13.57,-20.57
2025-11-16T07:50:00Z,-3.79,-19.99,0,-0.1,42,0,0.11,0,0.3,892.27,13.81,490.99,1025.97,158.16,15.3,0.04,0,0,2.02,0,0.01,0,16.8,-21.21
2025-11-16T07:55:00Z,-35.46,0,11.87,-0.1,43,0,0.11,0,0.68,886.66,17.65,520.57,1064.95,214.05,15.4,0,0.71,0,2.06,0,0.01,0,23.51,-30.56
2025-11-16T08:00:00Z,-52.68,0,20.78,0,40,0,0.11,0,0.28,867.31,11.23,550.14,1045.88,228.22,15.5,0,1.35,0,1.92,0,0.01,0,28.17,-31.19
2025-11-16T08:05:00Z,-53.81,0,21.81,-0.1,44,0,0.11,0,6.9,863.25,10.1,578.79,1067.07,241.88,15.6,0,1.32,0,2.11,0,0.01,0,28.9,-21.21
2025-11-16T08:10:00Z,-49.43,-18.67,0,-0.1,44,0,0.11,0,22.41,878.06,13.26,607.44,1025.86,187.69,15.7,0.04,0,0,2.11,0,0.01,0,16.65,-31.12
2025-11-16T08:15:00Z,-31.06,-53.96,0,0,40,0,0.11,0,7.42,877.74,11.02,636.08,1045.1,161.51,15.8,0.12,0,0,1.92,0,0.01,0,14.59,-45.56
2025-11-16T08:20:00Z,-37.9,-29,0,0,42,0,0.11,0,1.58,868.24,10.26,664.73,1074.17,280.02,15.9,0.06,0,0,2.02,0,0.01,0,15.48,-46.6
2025-11-16T08:25:00Z,-92.43,0,42.93,-0.1,43,0,0.11,0,1,845.5,15.5,693.38,1058.09,145.52,16,0,2.68,0,2.06,0,0.01,0,38.97,-46.8
2025-11-16T08:30:00Z,-96.67,0,10.2,0,42,0,0.11,0,2.77,873.58,11.13,722.02,1076.8,148.77,16.1,0,0.64,0,2.02,0,0.01,0,20.66,-33.43
2025-11-16T08:35:00Z,-115.31,0,41.86,0,40,0,0.11,0,0,863.25,16.93,736.94,1071.72,132.04,16.18,0,2.58,0,1.92,0,0.01,0,36.05,-46.7
2025-11-16T08:40:00Z,-118.82,0,77.27,0,43,0,0.11,0,2.59,864.2,7.99,751.86,1106.24,123.85,16.27,0,4.81,0,2.06,0,0.01,0,56.01,-23.55
2025-11-16T08:45:00Z,-118.5,0,39.2,0,42,0,0.11,0,2.6,860.68,19.93,766.78,1068.16,146.04,16.35,0,2.39,0,2.02,0,0.01,0,34.54,-31.09
2025-11-16T08:50:00Z,-127.73,0,32.07,-0.1,40,0,0.11,0,7.97,851.53,12.36,781.7,1063.88,162.02,16.43,0,1.9,0,1.92,0,0.01,0,29.93,-32.86
2025-11-16T08:55:00Z,-107.77,-4.47,0,0,43,0,0.1,0,7.91,855.73,10.92,796.62,1083.17,163.47,16.52,0.01,0,0,2.06,0,0.01,0,15.43,-32.47
2025-11-16T09:00:00Z,-91.67,-93.12,0,0,41,0,0.11,0,17.32,837.78,10.61,811.54,1035.01,196.19,16.6,0.2,0,0,1.97,0,0.01,0,13.89,-27.48
2025-11-16T09:05:00Z,-91.92,-130.75,0,0,49,0,0.11,0,1.6,825.38,11.8,861.25,1016.44,241.34,16.72,0.32,0,0,2.35,0,0.01,0,16.04,-21
2025-11-16T09:10:00Z,-47.13,-210.82,0,0,47,0,0.11,0,1.75,816.3,16.84,910.96,1023.33,235.33,16.83,0.47,0,0,2.26,0,0.01,0,13.98,-28.38
2025-11-16T09:15:00Z,-87.37,-185.45,0,0,48,0,0.11,0,2,789.18,13.98,960.66,1012.45,275.13,16.95,0.5,0,0,2.3,0,0.01,0,14.11,-21
2025-11-16T09:20:00Z,-99.42,-254.3,0,0,51,0,0.11,0,4.71,810.86,21.89,1010.37,1000.67,259.26,17.07,0.7,0,0,2.45,0,0.01,0,13.65,-21.21
2025-11-16T09:25:00Z,-83.75,-314.02,0,0,59,0,0.11,0,8.57,815.53,18.95,1060.08,1028.27,289.98,17.18,0.85,0,0,2.83,0,0.01,0,15.25,-27.1
2025-11-16T09:30:00Z,-108.73,-303.49,0,0,53,0,0.11,0,4.23,812.33,12.32,1109.78,1053.12,300.3,17.3,0.86,0,0,2.54,0,0.01,0,12.86,-27.98
2025-11-16T09:35:00Z,-136.15,-339.72,0,0,60,0,0.11,0,0.37,843.25,10.58,1146.31,1070,372.55,17.32,1.03,0,0,2.88,0,0.01,0,14.06,-27.49
2025-11-16T09:40:00Z,-151.77,-315.97,0,0,60,0,0.11,0,0.15,836,11.12,1182.83,1070.02,357.75,17.33,1,0,0,2.88,0,0.01,0,13.91,-27.38
2025-11-16T09:45:00Z,-144.34,-334.52,0,0,65,0,0.11,0,0.21,838.52,11.78,1219.35,1099.84,415.75,17.35,1.14,0,0,3.12,0,0.01,0,14.37,-27.54
2025-11-16T09:50:00Z,-137.17,-356.24,0,0,69,0,0.11,0,1.15,836.44,12.52,1255.87,1056.9,399.96,17.37,1.29,0,0,3.31,0,0.01,0,14.5,-40.73
2025-11-16T09:55:00Z,-128.46,-385.04,0,0,76,0,0.11,0,14.22,841.94,13.68,1292.4,1095.24,434.72,17.38,1.49,0,0,3.65,0,0.01,0,15.07,-40.09
2025-11-16T10:00:00Z,-69.81,-418.27,0,0,74,0,0.11,0,4.61,847.42,12.61,1328.92,1137.27,426.01,17.4,1.59,0,0,3.55,0,0.01,0,13.3,-27.47
2025-11-16T10:05:00Z,-98.48,-428.44,0,0,81,0,0.11,0,11.95,846.33,14.34,1331.52,1101.16,375.12,17.6,1.75,0,0,3.89,0,0.01,0,14.64,-26.8
2025-11-16T10:10:00Z,-83.68,-382.86,0,0,75,0,0.11,0,0.14,827.81,18.66,1334.12,1129.12,320.69,17.8,1.5,0,0,3.6,0,0.01,0,14.14,-31.3
2025-11-16T10:15:00Z,-23.45,-492.26,0,0,81,0,0.11,0,1.59,851.14,12.57,1336.72,1107.37,425.93,18,2.03,0,0,3.89,0,0.01,0,12.69,-27.55
2025-11-16T10:20:00Z,-80.11,-407.05,0,0,80,0,0.11,0,0.21,861.03,10.22,1339.32,1101.35,426.92,18.2,1.65,0,0,3.84,0,0.01,0,14.64,-26.8
2025-11-16T10:25:00Z,-79.67,-392.39,0,0,80,0.41,0.11,0,0.13,838.9,9.27,1341.92,1182.9,461.99,18.4,1.63,0,0,3.84,0.01,0.01,0,14.87,-40
2025-11-16T10:30:00Z,-76.81,-426.79,0,0,82,0,0.11,0,0.47,848.56,11.2,1344.52,1130.53,456.95,18.6,1.79,0,0,3.93,0,0.01,0,14.51,-26.92
2025-11-16T10:35:00Z,-78.2,-469.05,0,0,81,0,0.11,0,0.1,856.29,11.17,1343.92,1189.04,429.57,18.47,1.93,0,0,3.89,0,0.01,0,13.53,-25.93
2025-11-16T10:40:00Z,-113.33,-412.72,0,0,80,0,0.11,0,0,833.65,10.67,1343.32,1152.86,430.9,18.33,1.72,0,0,3.84,0,0.01,0,14.67,-26.09
2025-11-16T10:45:00Z,-98.96,-368.19,0,0,86,0,0.11,0,0.61,828.17,11,1342.72,1127.2,505.32,18.2,1.64,0,0,4.13,0,0.01,0,16.59,-29.05
2025-11-16T10:50:00Z,-97.88,-354.74,0,0,79,0,0.11,0,0.23,830.26,10.74,1342.13,1204.16,502.51,18.07,1.46,0,0,3.79,0,0.01,0,15.47,-40.84
2025-11-16T10:55:00Z,-101.82,-333.71,0,0,80,0,0.11,0,0.09,835.73,10.37,1341.53,1220.56,540.07,17.93,1.39,0,0,3.84,0,0.01,0,16.11,-31.63
2025-11-16T11:00:00Z,-125.18,-270.81,0,0,80,0,0.11,0,0.24,823.97,10.3,1340.93,1238.06,418.99,17.8,1.17,0,0,3.84,0,0.01,0,17.23,-28.34
2025-11-16T11:05:00Z,-122.37,-195.22,0,0,81,0,0.11,0,0.34,830.17,9.32,1283.53,1233.49,432.2,17.73,0.83,0,0,3.89,0,0.01,0,19.51,-28.1
2025-11-16T11:10:00Z,-52.9,-240.69,0,0,85,0,0.11,0,0.34,833.1,11.48,1226.12,1252.25,420.51,17.67,1.04,0,0,4.08,0,0.01,0,19.64,-31.12
2025-11-16T11:15:00Z,-42.42,-225.79,0,0,85,0,0.11,0,5.58,833.79,20.56,1168.71,1234.88,445.13,17.6,0.96,0,0,4.08,0,0.01,0,20.31,-29.97
2025-11-16T11:20:00Z,-110.05,-110.24,0,0,80,0,0.11,0,0.3,838.26,11.97,1111.31,1244.85,439.4,17.53,0.47,0,0,3.84,0,0.01,0,22.24,-30.49
2025-11-16T11:25:00Z,-127.32,0,13.09,0,86,0,0.11,0,2.05,817.44,12.74,1053.9,1232.04,437.6,17.47,0,0.7,0,4.13,0,0.01,0,31.63,-31.87
2025-11-16T11:30:00Z,-142.87,0,92.58,0,80,0,0.11,0,0.3,815.36,11.19,996.49,1266.19,455.89,17.4,0,4.93,0,3.84,0,0.01,0,63.16,-34.42
2025-11-16T11:35:00Z,-177.57,0,131.58,0,80,0,0.11,0,0,811.55,10.84,1010.49,1244.23,422.43,17.66,0,6.94,0,3.84,0,0.01,0,80.72,-48.17
2025-11-16T11:40:00Z,-160.9,0,125.41,0,80,0,0.11,0,0.24,814.11,9.48,1024.49,1263.26,402.9,17.92,0,6.63,0,3.84,0,0.01,0,76.54,-24.56
2025-11-16T11:45:00Z,-179.23,0,64.08,0,79,0,0.11,0,0.25,807.42,11.05,1038.49,1241.99,444.21,18.17,0,3.35,0,3.79,0,0.01,0,50.69,-23.87
2025-11-16T11:50:00Z,-190.04,-36.12,0,0,80,0,0.11,0,0.25,818.05,21.95,1052.49,1235.92,376.03,18.43,0.15,0,0,3.84,0,0.01,0,25.37,-21
2025-11-16T11:55:00Z,-137.01,-195.51,0,0,80,0,0.11,0,0.28,857.8,15.72,1066.49,1175.42,394.14,18.69,0.8,0,0,3.84,0,0.01,0,21.64,-20
2025-11-16T12:00:00Z,-95.76,-405.92,0,0,79,0,0.11,0,0.3,941.87,11.05,1080.49,1118.29,419.17,18.95,1.6,0,0,3.79,0,0.01,0,16.39,-28.06
2025-11-16T12:05:00Z,-163.08,-242.86,0,0,82,0,0.11,0,0.94,830.8,8.8,1071.29,1258.49,384.89,18.76,1.02,0,0,3.93,0,0.01,0,22.06,-21.21
2025-11-16T12:10:00Z,-141.64,-198.17,0,0,86,0,0.11,0,1.51,847.52,12.1,1062.1,1283.25,402.66,18.57,0.86,0,0,4.13,0,0.01,0,23.54,-19.74
2025-11-16T12:15:00Z,-146.6,-324.68,0,0,80,0,0.11,0,0.26,1066.25,9.6,1052.9,1043.88,447.63,18.38,1.13,0,0,3.84,0,0.01,0,18.72,-20
2025-11-16T12:20:00Z,-147.61,-204.94,0,0,80,0,0.11,0,0.22,1031.15,15.5,1043.7,1057.67,468.99,18.18,0.79,0,0,3.84,0,0.01,0,20.17,-20
2025-11-16T12:25:00Z,-133.93,-132.63,0,0,80,0,0.11,0,0.25,924.07,13.72,1034.5,1196.64,436.04,17.99,0.48,0,0,3.84,0,0.01,0,22.63,-20.01
2025-11-16T12:30:00Z,-163.83,-79.29,0,0,80,0,0.11,0,0.26,896.52,12.64,1025.3,1189.25,474.12,17.8,0.29,0,0,3.84,0,0.01,0,24.11,-28.05
2025-11-16T12:35:00Z,-161.42,-116.8,0,0,85,0,0.11,0,0.51,905.21,13.44,1028.54,1279.43,503.6,17.57,0.46,0,0,4.08,0,0.01,0,24.81,-31.42
2025-11-16T12:40:00Z,-178.33,-25.7,0,0,80,0,0.11,0,0.29,834.61,11.06,1031.78,1259.92,411.26,17.33,0.11,0,0,3.84,0,0.01,0,25.59,-19.98
2025-11-16T12:45:00Z,-116.29,-254,0,0,88,0,0.11,0,5.85,987.66,13.32,1035.02,1047.63,391.68,17.1,0.98,0,0,4.22,0,0.01,0,22.14,-20
2025-11-16T12:50:00Z,-127.22,-176.86,0,0,80,0,0.11,0,0.61,903.32,12.54,1038.26,1194.2,362.02,16.87,0.71,0,0,3.84,0,0.01,0,21.77,-21.11
2025-11-16T12:55:00Z,-170.96,-82.37,0,0,80,0,0.11,0,0.29,822.72,17.19,1041.5,1279.76,423.76,16.63,0.33,0,0,3.84,0,0.01,0,24.69,-20.24
2025-11-16T13:00:00Z,-114.53,-183.19,0,0,87,0,0.11,0,12.07,886.13,12.51,1044.74,1179.7,406.15,16.4,0.74,0,0,4.17,0,0.01,0,23.69,-16.9
2025-11-16T13:05:00Z,-135.55,-227.72,0,0,79,0,0.11,0,0.26,1095.94,9.1,1004.99,944.13,360.19,16.27,0.83,0,0,3.79,0,0.01,0,19.51,-18.34
2025-11-16T13:10:00Z,-102.27,-205.48,0,0,80,0,0.11,0,1.08,1127.11,13.41,965.23,976.31,370.83,16.13,0.65,0,0,3.84,0,0.01,0,20.39,-18.01
2025-11-16T13:15:00Z,-91.98,-176.9,0,0,80,0,0.11,0,0.27,1134.71,13.57,925.47,960.44,348.41,16,0.64,0,0,3.84,0,0.01,0,20.4,-16.84
2025-11-16T13:20:00Z,-118.32,-176.11,0,0,80,0,0.11,0,0.25,1141.25,9.84,885.71,958.79,387.9,15.87,0.55,0,0,3.84,0,0.01,0,21.68,-18.74
2025-11-16T13:25:00Z,-126.12,-170.75,0,-0.1,80,0,0.11,0,0.28,1107.41,11.28,845.95,974.3,388.64,15.73,0.54,0,0,3.84,0,0.01,0,22.69,-20
2025-11-16T13:30:00Z,-91,-62.91,0,0,80,0,0.11,0,0.5,933.23,14.13,806.19,1102,383.72,15.6,0.21,0,0,3.84,0,0.01,0,25.94,-20
2025-11-16T13:35:00Z,-149.49,-37.95,0,0,81,0,0.11,0,1.97,995.01,15.28,789.62,998.07,357.8,15.48,0.13,0,0,3.89,0,0.01,0,26.62,-19.02
2025-11-16T13:40:00Z,-154.58,-136.68,0,0,80,0,0.11,0,0.28,1117.76,13.21,773.05,884.12,380.67,15.37,0.46,0,0,3.84,0,0.01,0,24,-23.48
2025-11-16T13:45:00Z,-149.06,0,163.32,0,85,0,0.11,0,2.16,834.33,9.67,756.48,1222.35,367.68,15.25,0,8.99,0,4.08,0,0.01,0,114.08,-19.39
2025-11-16T13:50:00Z,-138.65,-61.09,0,0,88,0,0.11,0,3.15,1112.58,10.19,739.91,910.14,413.45,15.13,0.2,0,0,4.22,0,0.01,0,27.54,-22.66
2025-11-16T13:55:00Z,-167.73,0,235.16,0,80,0,0.11,0,3.29,855.53,11.21,723.34,1246.03,399.13,15.02,0,13.39,0,3.84,0,0.01,0,162.79,-19.52
2025-11-16T14:00:00Z,-155.87,-14.36,0,0,82,0,0.11,0,0.33,1131.8,18.56,706.77,948.61,408.02,14.9,0.05,0,0,3.93,0,0.01,0,26.38,-19.58
2025-11-16T14:05:00Z,-110.1,-49.76,0,0,81,0,0.11,0,4.53,1164.22,14.52,691.73,920.03,358.95,14.96,0.15,0,0,3.89,0,0.01,0,24.99,-19.08
2025-11-16T14:10:00Z,-154.93,0,14.15,0,83,0,0.11,0,1.21,1167.7,12.88,676.7,958.52,255.6,15.02,0,0.79,0,3.98,0,0.01,0,32.38,-18.05
2025-11-16T14:15:00Z,-157.5,-8.27,0,-0.1,82,0,0.11,0,0.54,1175.7,12.54,661.66,954.98,356.65,15.08,0.03,0,0,3.93,0,0.01,0,26.6,-17.93
2025-11-16T14:20:00Z,-165.16,-11.9,0,-0.1,85,0,0.11,0,0.03,1171.06,12.12,646.63,933.91,334.26,15.13,0.04,0,0,4.08,0,0.01,0,27.95,-17.62
2025-11-16T14:25:00Z,-128.59,-45.61,0,-0.1,81,0,0.11,0,0.51,1163.49,11.06,631.59,957.51,351.89,15.19,0.14,0,0,3.89,0,0.01,0,26.26,-16.07
2025-11-16T14:30:00Z,-156.19,-70.62,0,0,80,0,0.11,0,0,1171.68,9.29,616.55,966.75,366.42,15.25,0.22,0,0,3.84,0,0.01,0,26.37,-12.81
2025-11-16T14:35:00Z,-127.2,-157.55,0,0,82,0,0.11,0,2.46,1168.67,50.66,619.45,980.86,321.77,15.31,0.48,0,0,3.93,0,0.01,0,25.36,-17.1
2025-11-16T14:40:00Z,-116.16,-163.72,0,0,79,0,0.11,0,0.1,1165.75,15.18,622.34,986.04,380.36,15.37,0.5,0,0,3.79,0,0.01,0,24.72,-16.8
2025-11-16T14:45:00Z,-107.27,-163.69,0,0,89,0,0.11,0,5.43,1164.06,18.68,625.24,966.97,395.81,15.43,0.53,0,0,4.27,0,0.01,0,27.59,-12.18
2025-11-16T14:50:00Z,-92.34,-197.83,0,0,87,0,0.11,0,4.06,1163.13,52.72,628.13,976.53,404.79,15.48,0.62,0,0,4.17,0,0.01,0,25.97,-10.8
2025-11-16T14:55:00Z,-68.21,-292.46,0,0,81,0,0.11,0,0,1261.49,94.76,631.03,806.34,298.05,15.54,0.84,0,0,3.89,0,0.01,0,21.43,-11.3
2025-11-16T15:00:00Z,-56.69,-294.1,0,0,88,0,0.11,0,11.7,1285.63,72.2,633.92,823.13,319.32,15.6,0.88,0,0,4.22,0,0.01,0,23.11,-10.43
2025-11-16T15:05:00Z,-109.07,-142.32,0,0,85,0,0.11,0,3.03,1276.77,58.71,598.85,758.33,285.1,15.49,0.42,0,0,4.08,0,0.01,0,24.82,-17.92
2025-11-16T15:10:00Z,-79.78,0,21.49,0,45,0,0.11,0,12.73,1165.83,23.48,563.77,929.72,299.83,15.38,0,1.13,0,2.16,0,0.01,0,23.14,-11.12
2025-11-16T15:15:00Z,-120.76,-49.55,0,0,40,0,0.11,0,0,1281.2,49.88,528.69,802.33,266.15,15.27,0.08,0,0,1.92,0,0.01,0,12.82,-18.33
2025-11-16T15:20:00Z,-94.51,0,76.49,0,40,0,0.1,0,0.09,1175.26,15.67,493.62,971.68,323.6,15.16,0,3.73,0,1.92,0,0.01,0,43.7,-18.8
2025-11-16T15:25:00Z,-151.12,0,160.07,0,43,0,0.11,0,3.55,1159.19,14.92,458.54,960.24,296.94,15.04,0,7.61,0,2.06,0,0.01,0,84.86,-18.33
2025-11-16T15:30:00Z,-171.87,0,202.64,0,44,0,0.11,0,0.1,1154.58,11.05,423.47,963.18,273.74,14.93,0,9.73,0,2.11,0,0.01,0,113,-19.98
2025-11-16T15:35:00Z,-138.94,0,227.92,0,46,0,0.11,0,1.23,1108.35,11.26,424.03,1015.21,347.51,14.94,0,12.26,0,2.21,0,0.01,0,141.9,-18.36
2025-11-16T15:40:00Z,-161.37,0,211.37,0,40,0,0.11,0,0,1146.17,8.59,424.6,969.14,334.65,14.96,0,10.2,0,1.92,0,0.01,0,116.76,-18.83
2025-11-16T15:45:00Z,-132.3,0,104.13,0,44,0,0.11,0,6.9,1196.97,8.93,425.16,939.21,314.73,14.97,0,5.01,0,2.11,0,0.01,0,59.14,-19.9
2025-11-16T15:50:00Z,-134.96,0,103.45,0,47,0,0.11,0,7.65,1157.53,8.94,425.73,976.44,304.08,14.98,0,5.58,0,2.26,0,0.01,0,66.78,-11.2
2025-11-16T15:55:00Z,-154.1,0,3.41,-0.1,39,0,0.1,0,0.27,1218.79,61.44,426.3,802.39,275.26,14.99,0,0.17,0,1.87,0,0.01,0,15.44,-20.49
2025-11-16T16:00:00Z,-82.63,0,192.56,-0.1,46,0,0.1,0,17.74,948.03,24.46,426.86,1186.18,343.38,15,0,9.84,0,2.21,0,0.01,0,121.81,-20
2025-11-16T16:05:00Z,-12.51,0,39.58,0,47,0,0.11,0,29.22,1031.15,11.11,434.53,1059.01,271.91,15.08,0,2.1,0,2.26,0,0.01,0,34.9,-18.56
2025-11-16T16:10:00Z,-19.68,-45.44,0,0,41,0,0.11,0,12.14,1157.84,7.75,442.2,914.92,224.56,15.17,0.07,0,0,1.97,0,0.01,0,14.29,-17.71
2025-11-16T16:15:00Z,-73.34,-5.2,0,0,44,0,0.11,0,10.32,1190.44,9.85,449.86,938.92,341.29,15.25,0.01,0,0,2.11,0,0.01,0,15.56,-11.66
2025-11-16T16:20:00Z,-31.61,-271.05,0,0,43,0,0.11,0,12.87,1350.29,59.39,457.53,826.58,275.39,15.33,0.41,0,0,2.06,0,0.01,0,12.31,-10
2025-11-16T16:25:00Z,-17.39,-488.88,0,0,45,0,0.11,0,56.47,1474.32,104.19,465.2,676.86,277.99,15.42,0.7,0,0,2.16,0,0.01,0,10.76,-10
2025-11-16T16:30:00Z,-32.99,-544.17,0,0,42,0,0.11,0,14.18,1573.83,109.58,472.87,614.78,236.53,15.5,0.73,0,0,2.02,0,0.01,0,9.45,-10
2025-11-16T16:35:00Z,-14.18,-613.29,0,0,43,0,0.11,0,26.25,1595.68,102.68,484.81,574.98,222.96,15.53,0.83,0,0,2.06,0,0.01,0,9.15,-10
2025-11-16T16:40:00Z,-0.52,-742.92,0,-0.1,45,0,0.11,0,44.32,1688.52,87.14,496.76,523.64,187.42,15.57,0.86,0,0,2.16,0,0.01,0,9.69,-10
2025-11-16T16:45:00Z,-0.57,-757.63,0,0,41,0,0.11,0,3.63,1726.04,104.88,508.7,484.23,189.76,15.6,0.96,0,0,1.97,0,0.01,0,7.48,-8.5
2025-11-16T16:50:00Z,-2.3,-754.52,0,0,41,0,0.11,0,5.81,1743.57,98.19,520.65,457.4,203.4,15.63,0.96,0,0,1.97,0,0.01,0,7.4,-7.62
2025-11-16T16:55:00Z,-0.51,-778.19,0,0,41,0,0.11,0,13.48,1767.22,121.98,532.6,465.62,213.55,15.67,0.97,0,0,1.97,0,0.01,0,7.13,-7.59
2025-11-16T17:00:00Z,-9.93,-843.03,0,-0.1,48,0,0.11,0,51.96,1803.96,115.61,544.54,429.96,165.35,15.7,0.91,0,0,2.3,0,0.01,0,9.81,-7.54
2025-11-16T17:05:00Z,-11.71,-829.55,0,-0.1,45,0,0.11,0,33.08,1799.46,95,546.59,435.28,195.49,15.95,0.89,0,0,2.16,0,0.01,0,9.14,-10.1
2025-11-16T17:10:00Z,-39.35,-859.49,0,-0.1,42,0,0.11,0,22.79,1647.13,211.13,548.64,609.11,25.05,16.2,0.91,0,0,2.02,0,0.01,0,8.51,-10
2025-11-16T17:15:00Z,-33.78,-774.53,0,-0.1,43,0,0.11,0,42.58,1508.21,323.89,550.68,739.78,37.19,16.45,0.83,0,0,2.06,0,0.01,0,8.99,-10
2025-11-16T17:20:00Z,-34.86,-826.13,0,0,44,0,0.11,0,34.08,1594.44,308,552.73,654.73,21.84,16.7,0.88,0,0,2.11,0,0.01,0,8.9,-10
2025-11-16T17:25:00Z,-34.57,-838.12,0,0,44,0,0.11,0,48.41,1613.69,291.31,554.78,615.34,16.53,16.95,0.9,0,0,2.11,0,0.01,0,8.73,-10
2025-11-16T17:30:00Z,-18.1,-807.3,0,0,45,0,0.11,0,46.57,1657.35,238.98,556.83,568.43,14.81,17.2,0.87,0,0,2.16,0,0.01,0,9.06,-10
2025-11-16T17:35:00Z,-25.27,-722.07,0,0,41,0,0.11,0,13.61,1675.32,207.58,530.27,504.2,8.25,17.02,0.75,0,0,1.97,0,0.01,0,8.54,-10
2025-11-16T17:40:00Z,-24.33,-613.27,0,0,45,0,0.11,0,28.12,1557.14,216.18,503.71,396.96,4.15,16.83,0.68,0,0,2.16,0,0.01,0,10.4,-10
2025-11-16T17:45:00Z,-24.95,-684.75,0,0,44,0,0.11,0,7.98,1773.12,173.27,477.15,334.39,3.54,16.65,0.72,0,0,2.11,0,0.01,0,9.47,-10
2025-11-16T17:50:00Z,-22.21,-776.24,0,0,43,0,0.11,0,4.94,1941.3,149.84,450.59,155.44,0.3,16.47,0.79,0,0,2.06,0,0.01,0,8.59,-5.3
2025-11-16T17:55:00Z,-18.44,-800.27,0,0,46,0,0.11,0,27.01,2011.45,90.33,424.03,104.25,0.3,16.28,0.83,0,0,2.21,0,0.01,0,9.34,-5.32
2025-11-16T18:00:00Z,-18.87,-784.59,0,0,45,0,0.11,0,37.12,1977.41,100.61,397.47,155.91,2.43,16.1,0.81,0,0,2.16,0,0.01,0,9.31,-5.35
2025-11-16T18:05:00Z,-20.47,-654.16,0,0,41,0,0.11,0,10.6,1938.4,104.47,364.13,206.89,10.17,15.82,0.65,0,0,1.97,0,0.01,0,8.89,-5.39
2025-11-16T18:10:00Z,-1.44,-761,0,0,41,0,0.11,0,15.77,2021.76,101.03,330.78,181.1,10.7,15.53,0.74,0,0,1.97,0,0.01,0,8.45,-5.42
2025-11-16T18:15:00Z,-1.66,-748.94,0,0,40,0,0.11,0,14.28,2040.68,54.87,297.44,196.57,8.8,15.25,0.73,0,0,1.92,0,0.01,0,8.47,-5.36
2025-11-16T18:20:00Z,-4.1,-753.39,0,-0.1,41,0,0.11,0,16.37,2056.66,65.72,264.09,200.41,4.36,14.97,0.74,0,0,1.97,0,0.01,0,8.81,-5.39
2025-11-16T18:25:00Z,-3.12,-736.96,0,0,40,0,0.11,0,29.49,2019.18,97.44,230.75,228.57,7.8,14.68,0.67,0,0,1.92,0,0.01,0,8.98,-5.43
2025-11-16T18:30:00Z,-5.37,-712.53,0,-0.1,40,0,0.11,0,10.14,2032.34,103.54,197.41,243.84,8.66,14.4,0.63,0,0,1.92,0,0.01,0,9.35,-5.43
2025-11-16T18:35:00Z,-1.39,-717.34,0,0,40,0,0.11,0,15.32,2062.62,67.13,184.89,197.83,7.46,14.53,0.69,0,0,1.92,0,0.01,0,8.97,-5.46
2025-11-16T18:40:00Z,-4.93,-695.39,0,0,40,0,0.11,0,15.71,2052.48,57.87,172.38,199.52,6.18,14.67,0.67,0,0,1.92,0,0.01,0,9.18,-5.43
2025-11-16T18:45:00Z,-4.6,-706.61,0,0,40,0,0.11,0,17.07,2072.48,55.95,159.86,167.04,4.75,14.8,0.68,0,0,1.92,0,0.01,0,9.15,-7.27
2025-11-16T18:50:00Z,-9.54,-689.68,0,0,39,0,0.11,0,8.48,2082.26,50.68,147.35,141.61,4.45,14.93,0.6,0,0,1.87,0,0.01,0,9.41,-5.43
2025-11-16T18:55:00Z,-0.61,-732.36,0,0,43,0,0.11,0,42.63,2105.97,44.1,134.83,113.16,2.05,15.07,0.66,0,0,2.06,0,0.01,0,10.3,-5.52
2025-11-16T19:00:00Z,-3.02,-669.26,0,0,40,0,0.11,0,10.59,2097.47,33.88,122.32,127.51,2.42,15.2,0.65,0,0,1.92,0,0.01,0,9.41,-5.52
2025-11-16T19:05:00Z,-0.65,-667.99,0,0,41,0,0.11,0,20.47,2111.03,20.38,105.29,95.53,1.45,15.12,0.65,0,0,1.97,0,0.01,0,9.75,-5.56
2025-11-16T19:10:00Z,-2.92,-639.67,0,0,40,0,0.11,0,16.82,2113.02,13.04,88.27,69.26,0,15.03,0.62,0,0,1.92,0,0.01,0,9.65,-5.56
2025-11-16T19:15:00Z,-3.35,-649.41,0,0,40,0,0.1,0,28.43,2126.73,8.51,71.24,57.89,0,14.95,0.62,0,0,1.92,0,0.01,0,9.63,-5.59
2025-11-16T19:20:00Z,-4.08,-640.93,0,0,40,0,0.11,0,20.94,2131.63,6.36,54.21,66.89,0,14.87,0.62,0,0,1.92,0,0.01,0,9.77,-5.63
2025-11-16T19:25:00Z,-0.71,-613.5,0,0,42,0,0.11,0,38.48,2120.58,4.23,37.19,121.67,0,14.78,0.6,0,0,2.02,0,0.01,0,10.46,-5.7
2025-11-16T19:30:00Z,-0.95,-561.11,0,0,41,0,0.11,0,13.52,2107.72,1.38,20.16,168.75,0,14.7,0.55,0,0,1.97,0,0.01,0,10.54,-5.73
2025-11-16T19:35:00Z,-1.52,-562.01,0,0,40,0,0.11,0,33.48,2075.55,0.2,16.8,169.14,0,14.7,0.56,0,0,1.92,0,0.01,0,10.26,-5.7
2025-11-16T19:40:00Z,-6.54,-538.51,0,0,40,0,0.11,0,13.64,2077.77,0.01,13.44,150.73,0,14.7,0.49,0,0,1.92,0,0.01,0,10.78,-5.68
2025-11-16T19:45:00Z,-0.78,-646.43,0,0,44,0,0.11,0,68.75,2131.54,0,10.08,100.18,0,14.7,0.67,0,0,2.11,0,0.01,0,10.8,-5.7
2025-11-16T19:50:00Z,-6.67,-568.94,0,0,40,0,0.11,0,20.9,2104.04,0,6.72,105.34,0,14.7,0.58,0,0,1.92,0,0.01,0,10.15,-5.67
2025-11-16T19:55:00Z,-1.73,-540.66,0,0,40,0,0.11,0,21.28,2094.62,0,3.36,93.76,0,14.7,0.55,0,0,1.92,0,0.01,0,10.22,-5.8
2025-11-16T20:00:00Z,-4.34,-529.9,0,0,40,0,0.11,0,16.63,2077.81,0,0,84.4,0,14.7,0.54,0,0,1.92,0,0.01,0,10.39,-5.76
2025-11-16T20:05:00Z,-1.13,-579.37,0,0,42,0,0.11,0,28.69,2109.24,0,0,88.58,0,14.77,0.53,0,0,2.02,0,0.01,0,11.16,-5.76
2025-11-16T20:10:00Z,-4.29,-559.98,0,0,40,0,0.11,0,8.27,2087.14,0,0,101.84,0,14.83,0.51,0,0,1.92,0,0.01,0,10.81,-5.73
2025-11-16T20:15:00Z,-3.51,-560.73,0,0,40,0,0.11,0,17.48,2092.63,0,0,99.12,0,14.9,0.51,0,0,1.92,0,0.01,0,10.69,-5.74
2025-11-16T20:20:00Z,-6.46,-554.92,0,0,40,0,0.11,0,13.87,2076.31,0,0,86.3,0,14.97,0.51,0,0,1.92,0,0.01,0,10.86,-7.64
2025-11-16T20:25:00Z,-1.13,-580.67,0,-0.1,41,0,0.11,0,20.76,2113.12,0,0,72.66,0,15.03,0.53,0,0,1.97,0,0.01,0,10.91,-5.74
2025-11-16T20:30:00Z,-8.62,-556.81,0,0,40,0,0.11,0,5.48,2085.72,0,0,74.44,0,15.1,0.5,0,0,1.92,0,0.01,0,10.91,-7.98
2025-11-16T20:35:00Z,-3.33,-552.56,0,0,40,0,0.11,0,16.88,2057.8,0,0,89.39,0,15.05,0.51,0,0,1.92,0,0.01,0,10.94,-7.98
2025-11-16T20:40:00Z,-1.44,-573.01,0,0,41,0,0.11,0,40.64,2072.9,0,0,56.3,0,15,0.52,0,0,1.97,0,0.01,0,11.02,-5.74
2025-11-16T20:45:00Z,-2.84,-552.52,0,0,40,0,0.11,0,11.23,2073.66,0,0,48.01,0,14.95,0.51,0,0,1.92,0,0.01,0,10.85,-5.71
2025-11-16T20:50:00Z,-10.9,-549.59,0,0,40,0,0.11,0,6,2081.62,0,0,54.83,0,14.9,0.5,0,0,1.92,0,0.01,0,10.91,-5.74
2025-11-16T20:55:00Z,-10.46,-561.4,0,0,40,0,0.11,0,11.41,2096.58,0,0,42.94,0,14.85,0.51,0,0,1.92,0,0.01,0,10.82,-5.75
2025-11-16T21:00:00Z,-10.62,-572,0,0,40,0,0.11,0,14.93,2086.09,0,0,24.46,0,14.8,0.52,0,0,1.92,0,0.01,0,10.83,-5.75
2025-11-16T21:05:00Z,-13.55,-569.38,0,0,40,0,0.11,0,12.33,2082.38,0,0,28.39,0,14.8,0.52,0,0,1.92,0,0.01,0,10.89,-5.72
2025-11-16T21:10:00Z,-5.01,-587.61,0,0,43,0,0.11,0,30.52,2057.63,0,0,31.21,0,14.8,0.55,0,0,2.06,0,0.01,0,11.82,-5.83
2025-11-16T21:15:00Z,-8.4,-536.28,0,0,41,0,0.11,0,13.9,2019.09,0,0,30.29,0,14.8,0.52,0,0,1.97,0,0.01,0,11.44,-5.89
2025-11-16T21:20:00Z,-10.34,-508.48,0,0,40,0,0.1,0,13.01,1973.99,0,0,21.92,0,14.8,0.47,0,0,1.92,0,0.01,0,11.55,-5.89
2025-11-16T21:25:00Z,-7.97,-542.44,0,0,40,0,0.11,0,14.94,1994.39,0,0,12.03,0,14.8,0.5,0,0,1.92,0,0.01,0,11.39,-6.72
2025-11-16T21:30:00Z,-10.78,-549.46,0,0,40,0,0.11,0,15.98,2000.26,0,0,2.77,0,14.8,0.51,0,0,1.92,0,0.01,0,11.37,-5.8
2025-11-16T21:35:00Z,-9.04,-559.78,0,0,40,0,0.11,0,19.22,1989.68,0,0,0,0,14.78,0.52,0,0,1.92,0,0.01,0,11.41,-5.77
2025-11-16T21:40:00Z,-8.02,-562.63,0,0,40,0,0.11,0,6.12,2009.7,0,0,0.15,0,14.77,0.53,0,0,1.92,0,0.01,0,11.3,-5.78
2025-11-16T21:45:00Z,-11.64,-567.05,0,0,40,0,0.11,0,6.32,2000.32,0,0,0,0,14.75,0.53,0,0,1.92,0,0.01,0,11.43,-5.75
2025-11-16T21:50:00Z,-7.2,-576.29,0,0,42,0,0.1,0,12.74,1987.95,0,0,0,0,14.73,0.56,0,0,2.02,0,0.01,0,12.05,-5.77
2025-11-16T21:55:00Z,-10.13,-599.06,0,0,40,0,0.11,0,5.5,2009.59,0,0,0,0,14.72,0.56,0,0,1.92,0,0.01,0,11.33,-5.66
2025-11-16T22:00:00Z,-7.35,-613.39,0,0,40,0,0.11,0,7.51,2031.28,0,0,0,0,14.7,0.57,0,0,1.92,0,0.01,0,11.15,-5.66
2025-11-16T22:05:00Z,-11.73,-624.62,0,0,39,0,0.11,0,8.03,2025.36,0,0,0,0,14.67,0.58,0,0,1.87,0,0.01,0,10.88,-5.63
2025-11-16T22:10:00Z,-1.58,-633.64,0,0,41,0,0.11,0,4.28,2023.78,0,0,0,0,14.63,0.6,0,0,1.97,0,0.01,0,11.47,-5.66
2025-11-16T22:15:00Z,-6.02,-611.77,0,0,40,0,0.11,0,0.41,1992.67,0,0,0,0,14.6,0.58,0,0,1.92,0,0.01,0,11.39,-5.65
2025-11-16T22:20:00Z,-7.24,-616.83,0,0,40,0,0.11,0,2.01,1986.62,0,0,0,0,14.57,0.58,0,0,1.92,0,0.01,0,11.46,-5.65
2025-11-16T22:25:00Z,-4.76,-631.32,0,0,40,0,0.11,0,3.07,1996.55,0,0,0,0,14.53,0.59,0,0,1.92,0,0.01,0,11.44,-5.65
2025-11-16T22:30:00Z,-2.3,-656.24,0,0,43,0,0.11,0,10.67,2019.17,0,0,0,0,14.5,0.64,0,0,2.06,0,0.01,0,12.17,-5.65
2025-11-16T22:35:00Z,-6.76,-626.41,0,0,40,0,0.11,0,1.52,1972.96,0,0,0,0,14.53,0.59,0,0,1.92,0,0.01,0,11.63,-5.56
2025-11-16T22:40:00Z,-10.21,-628.3,0,-0.1,40,0,0.11,0,46.95,1936.07,0,0,0,0,14.57,0.6,0,0,1.92,0,0.01,0,11.5,-5.59
2025-11-16T22:45:00Z,-4.13,-653.41,0,0,42,0,0.11,0,56.38,1947.44,0,0,0,0,14.6,0.63,0,0,2.02,0,0.01,0,12.06,-5.62
2025-11-16T22:50:00Z,-8.41,-647.4,0,0,39,0,0.11,0,48.01,1939.13,0,0,0,0,14.63,0.62,0,0,1.87,0,0.01,0,11.01,-5.59
2025-11-16T22:55:00Z,-6.94,-663.6,0,0,40,0,0.11,0,50.58,1939.53,0,0,0,0,14.67,0.62,0,0,1.92,0,0.01,0,11.51,-5.55
2025-11-16T23:00:00Z,-7.6,-669.7,0,0,40,0,0.11,0,49.03,1945.34,0,0,4.16,0,14.7,0.63,0,0,1.92,0,0.01,0,11.45,-5.52
2025-11-16T23:05:00Z,-4.23,-682.39,0,0,40,0,0.11,0,52.55,1964.99,0,0,2.06,0,14.42,0.64,0,0,1.92,0,0.01,0,11.26,-5.52
2025-11-16T23:10:00Z,-1.61,-692.01,0,0,41,0,0.11,0,57.11,1932.37,0,0,3.82,0,14.13,0.68,0,0,1.97,0,0.01,0,11.62,-5.5
2025-11-16T23:15:00Z,-4.32,-706.76,0,0,40,0,0.1,0,52.04,1955.74,0,0,19.92,0,13.85,0.68,0,0,1.92,0,0.01,0,11.15,-5.43
2025-11-16T23:20:00Z,-5.77,-721.02,0,0,40,0,0.11,0,51.55,1967.53,0,0,17.12,0,13.57,0.68,0,0,1.92,0,0.01,0,11.26,-2.98
2025-11-16T23:25:00Z,-2.53,-724.12,0,0,40,0,0.1,0,55.9,1976.67,0,0,21.44,0,13.28,0.7,0,0,1.92,0,0.01,0,10.96,-2.98
2025-11-16T23:30:00Z,-0.96,-738.23,0,0,42,0,0.11,0,65.05,1973.4,0,0,21.58,0,13,0.73,0,0,2.02,0,0.01,0,11.6,-5.47
2025-11-16T23:35:00Z,-1.42,-716.79,0,0,41,0,0.1,0,63.21,1972.09,0,0,16.19,0,13.12,0.67,0,0,1.97,0,0.01,0,11.49,-3.04
2025-11-16T23:40:00Z,-3.33,-674.41,0,0,40,0,0.11,0,48.91,1987.06,0,0,3.02,0,13.23,0.63,0,0,1.92,0,0.01,0,11.08,-5.59
2025-11-16T23:45:00Z,-1.01,-699.33,0,-0.1,40,0,0.11,0,53.61,2009.83,0,0,1.62,0,13.35,0.64,0,0,1.92,0,0.01,0,10.97,-5.53
2025-11-16T23:50:00Z,-0.98,-697.79,0,-0.1,43,0,0.11,0,63.08,1987.9,0,0,0,0,13.47,0.69,0,0,2.06,0,0.01,0,11.86,-0.2
2025-11-16T23:55:00Z,-3.01,-670.05,0,-0.1,40,0,0.1,0,50.66,1977.99,0,0,0,0,13.58,0.64,0,0,1.92,0,0.01,0,11.02,-3.06
2025-11-17T00:00:00Z,-1.21,-660.75,0,0,41,0,0.11,0,50.71,1954.49,0,0,16.91,0,13.7,0.65,0,0,1.97,0,0.01,0,11.52,-3.07
2025-11-17T00:05:00Z,-11.52,-655.12,0,0,40,0,0.11,0,48.64,1958.66,0,0,22.33,0,13.7,0.64,0,0,1.92,0,0.01,0,11.22,-3.06
2025-11-17T00:10:00Z,-5.35,-646.19,0,0,41,0,0.1,0,52.49,1953.46,0,0,15.39,0,13.7,0.61,0,0,1.97,0,0.01,0,11.69,-3.05
2025-11-17T00:15:00Z,-12,-616.21,0,0,40,0,0.11,0,48.14,1941.33,0,0,19.81,0,13.7,0.59,0,0,1.92,0,0.01,0,11.41,-5.62
2025-11-17T00:20:00Z,-2.54,-574.05,0,-0.1,40,0,0.1,0,50.06,1897.89,0,0,13.14,0,13.7,0.56,0,0,1.92,0,0.01,0,11.63,-5.74
2025-11-17T00:25:00Z,-9.17,-541.69,0,-0.1,40,0,0.11,0,48.74,1862.24,0,0,4.14,0,13.7,0.53,0,0,1.92,0,0.01,0,11.95,-5.77
2025-11-17T00:30:00Z,-1.05,-514.59,0,-0.1,40,0,0.11,0,49.95,1838.93,0,0,0,0,13.7,0.5,0,0,1.92,0,0.01,0,12.11,-5.86
2025-11-17T00:35:00Z,-0.95,-489.07,0,0,42,0,0.11,0,63.21,1790.3,0,0,0,0,13.7,0.5,0,0,2.02,0,0.01,0,12.95,-5.94
2025-11-17T00:40:00Z,-1,-445.78,0,0,42,0,0.11,0,68.34,1757.99,0,0,0,0,13.7,0.46,0,0,2.02,0,0.01,0,13.21,-6.04
2025-11-17T00:45:00Z,-1.25,-412.37,0,0,41,0,0.11,0,56.36,1743.72,0,0,0,0,13.7,0.44,0,0,1.97,0,0.01,0,12.89,-6.1
2025-11-17T00:50:00Z,-11.74,-476.02,0,0,40,0,0.11,0,47.94,1828.28,0,0,0,0,13.7,0.49,0,0,1.92,0,0.01,0,12.02,-5.87
2025-11-17T00:55:00Z,-3.57,-508.74,0,-0.1,41,0,0.11,0,51.4,1867.8,0,0,0,0,13.7,0.5,0,0,1.97,0,0.01,0,12.19,-5.87
2025-11-17T01:00:00Z,-3.14,-519.22,0,0,40,0,0.11,0,48.98,1870.54,0,0,0,0,13.7,0.52,0,0,1.92,0,0.01,0,11.77,-5.82
2025-11-17T01:05:00Z,-0.96,-501.59,0,-0.1,43,0,0.11,0,56.54,1852.34,0,0,0,0,13.7,0.51,0,0,2.06,0,0.01,0,12.93,-5.88
2025-11-17T01:10:00Z,-1.86,-509.4,0,-0.1,40,0,0.11,0,51.66,1858.02,0,0,0,0,13.7,0.5,0,0,1.92,0,0.01,0,11.9,-5.85
2025-11-17T01:15:00Z,-0.89,-494.85,0,0,41,0,0.11,0,57.67,1828.55,0,0,0,0,13.7,0.52,0,0,1.97,0,0.01,0,12.18,-5.9
2025-11-17T01:20:00Z,-1,-487.29,0,0,43,0,0.11,0,66.79,1794.72,0,0,0,0,13.7,0.5,0,0,2.06,0,0.01,0,13.29,-5.93
2025-11-17T01:25:00Z,-5.01,-440.46,0,0,40,0,0.11,0,49.25,1771.48,0,0,0,0,13.7,0.45,0,0,1.92,0,0.01,0,12.52,-5.96
2025-11-17T01:30:00Z,-18.69,-428.24,0,0,40,0,0.11,0,48.2,1774.33,0,0,0,0,13.7,0.43,0,0,1.92,0,0.01,0,12.68,-5.96
2025-11-17T01:35:00Z,-7.9,-465.44,0,-0.2,40,0,0.11,0,50.61,1799.66,0,0,0,0,13.73,0.48,0,0,1.92,0,0.01,0,12.27,-5.93
2025-11-17T01:40:00Z,-1.56,-516.36,0,-0.2,41,0,0.1,0,52.79,1842.79,0,0,0,0,13.77,0.51,0,0,1.97,0,0.01,0,12.34,-5.82
2025-11-17T01:45:00Z,-0.9,-531.68,0,-0.1,42,0,0.11,0,78.24,1823.97,0,0,0,0,13.8,0.54,0,0,2.02,0,0.01,0,12.64,-7.82
2025-11-17T01:50:00Z,-0.99,-521.57,0,-0.1,41,0,0.1,0,52.59,1829.49,0,0,0,0,13.83,0.52,0,0,1.97,0,0.01,0,12.44,-5.81
2025-11-17T01:55:00Z,-3.42,-521.66,0,-0.1,40,0,0.11,0,50.12,1838.65,0,0,0,0,13.87,0.53,0,0,1.92,0,0.01,0,11.95,-5.81
2025-11-17T02:00:00Z,-1,-531,0,-0.1,40,0,0.11,0,51.11,1838.02,0,0,0,0,13.9,0.52,0,0,1.92,0,0.01,0,12.04,-7.82
2025-11-17T02:05:00Z,-1.47,-533.82,0,-0.1,41,0,0.11,0,51.41,1826.28,0,0,0,0,13.92,0.55,0,0,1.97,0,0.01,0,12.38,-5.78
2025-11-17T02:10:00Z,-1.11,-558.32,0,-0.1,43,0,0.1,0,65.55,1833.49,0,0,0,0,13.93,0.58,0,0,2.06,0,0.01,0,12.96,-5.78
2025-11-17T02:15:00Z,-4.51,-555.48,0,0,40,0,0.11,0,49.18,1839.01,0,0,0,0,13.95,0.56,0,0,1.92,0,0.01,0,12.03,-7.7
2025-11-17T02:20:00Z,-1.17,-576.58,0,0,41,0,0.11,0,52.12,1850.8,0,0,0,0,13.97,0.58,0,0,1.97,0,0.01,0,12.24,-7.66
2025-11-17T02:25:00Z,-2.55,-587.66,0,0,40,0,0.11,0,50.05,1863.49,0,0,0,0,13.98,0.58,0,0,1.92,0,0.01,0,11.82,-8
2025-11-17T02:30:00Z,-16.66,-575.19,0,0,40,0,0.11,0,48.33,1844.77,0,0,39.68,0,14,0.58,0,0,1.92,0,0.01,0,12.05,-10
2025-11-17T02:35:00Z,-0.92,-435.57,0,0,43,0,0.1,0,69.13,1662.72,0,0,223.57,0,13.84,0.47,0,0,2.06,0,0.01,0,14.35,-10
2025-11-17T02:40:00Z,-0.88,-393.21,0,0,43,0,0.11,0,66.37,1631.52,0,0,215.19,0,13.68,0.43,0,0,2.06,0,0.01,0,14.65,-10
2025-11-17T02:45:00Z,-0.98,-424.08,0,0,42,0,0.11,0,55.44,1658.35,0,0,185.21,0,13.52,0.45,0,0,2.02,0,0.01,0,14.14,-10
2025-11-17T02:50:00Z,-0.9,-482.61,0,0,41,0,0.1,0,62.77,1701.79,0,0,175.57,0,13.36,0.5,0,0,1.97,0,0.01,0,13.34,-7.53
2025-11-17T02:55:00Z,-2.44,-637.27,0,0,41,0,0.11,0,51.83,1880.98,0,0,0,0,13.19,0.67,0,0,1.97,0,0.01,0,11.76,-7.97
2025-11-17T03:00:00Z,-1.22,-648.09,0,0,40,0,0.11,0,51.09,1897.98,0,0,0.57,0,13.03,0.68,0,0,1.92,0,0.01,0,11.13,-7.45
2025-11-17T03:05:00Z,-1.58,-656.25,0,-0.1,41,0,0.11,0,50.61,1920.37,0,0,0,0,13.03,0.65,0,0,1.97,0,0.01,0,11.74,-7.46
2025-11-17T03:10:00Z,-5.53,-685.68,0,-0.1,42,0,0.11,0,61.36,1941.05,0,0,0,0,13.02,0.68,0,0,2.02,0,0.01,0,11.89,-7.42
2025-11-17T03:15:00Z,-15.96,-648.95,0,-0.1,40,0,0.1,0,49.2,1924.53,0,0,0,0,13.02,0.63,0,0,1.92,0,0.01,0,11.49,-7.46
2025-11-17T03:20:00Z,-1.69,-661.76,0,-0.1,41,0,0.11,0,54.51,1906.78,0,0,0,0,13.01,0.65,0,0,1.97,0,0.01,0,11.84,-7.45
2025-11-17T03:25:00Z,-3.65,-656.55,0,-0.1,40,0,0.11,0,50.35,1893.84,0,0,0,0,13.01,0.65,0,0,1.92,0,0.01,0,11.6,-7.48
2025-11-17T03:30:00Z,-5.6,-662.5,0,-0.1,40,0,0.11,0,49.57,1902.84,0,0,0,0,13,0.64,0,0,1.92,0,0.01,0,11.64,-7.44
2025-11-17T03:35:00Z,-1.55,-664.48,0,-0.1,40,0,0.11,0,50.66,1892.78,0,0,0,0,13.07,0.65,0,0,1.92,0,0.01,0,11.59,-7.48
2025-11-17T03:40:00Z,-3.49,-655.34,0,-0.1,41,0,0.11,0,59.22,1884.18,0,0,0,0,13.13,0.65,0,0,1.97,0,0.01,0,11.96,-5.62
2025-11-17T03:45:00Z,-0.98,-657.78,0,0,41,0,0.11,0,52.2,1875.28,0,0,0,0,13.2,0.65,0,0,1.97,0,0.01,0,12.15,-5.58
2025-11-17T03:50:00Z,-7.58,-647.99,0,0,40,0,0.11,0,49.5,1878.54,0,0,0,0,13.27,0.64,0,0,1.92,0,0.01,0,11.76,-5.59
2025-11-17T03:55:00Z,-8.4,-650.6,0,0,40,0,0.11,0,50.1,1858.45,0,0,0,0,13.33,0.65,0,0,1.92,0,0.01,0,11.89,-5.55
2025-11-17T04:00:00Z,-1.01,-654.17,0,0,42,0,0.11,0,58.52,1845.82,0,0,0,0,13.4,0.66,0,0,2.02,0,0.01,0,12.63,-5.6
2025-11-17T04:05:00Z,-0.96,-643.71,0,0,42,0,0.1,0,56.55,1838.8,0,0,0,0,13.43,0.65,0,0,2.02,0,0.01,0,12.74,-5.6
2025-11-17T04:10:00Z,-0.97,-668.26,0,-0.1,42,0,0.11,0,65.66,1849.28,0,0,0,0,13.47,0.69,0,0,2.02,0,0.01,0,12.39,-5.57
2025-11-17T04:15:00Z,-0.89,-672.69,0,-0.1,43,0,0.1,0,66.76,1873.77,0,0,0,0,13.5,0.7,0,0,2.06,0,0.01,0,12.53,-5.57
2025-11-17T04:20:00Z,-1.79,-656.37,0,-0.1,41,0,0.1,0,54.37,1864.16,0,0,0,0,13.53,0.66,0,0,1.97,0,0.01,0,12.14,-5.56
2025-11-17T04:25:00Z,-4.68,-625.18,0,0,40,0,0.11,0,49.75,1839.56,0,0,0,0,13.57,0.62,0,0,1.92,0,0.01,0,12.02,-5.59
2025-11-17T04:30:00Z,-2.29,-609.51,0,0,41,0,0.11,0,50.17,1820.52,0,0,0,0,13.6,0.62,0,0,1.97,0,0.01,0,12.51,-5.73
2025-11-17T04:35:00Z,-1.09,-575.6,0,-0.1,41,0,0.11,0,3.92,1826.35,0,0,0,0,13.57,0.6,0,0,1.97,0,0.01,0,12.74,-5.73
2025-11-17T04:40:00Z,-0.81,-622.51,0,-0.1,42,0,0.11,0,21.03,1866.44,0,0,0,0,13.53,0.64,0,0,2.02,0,0.01,0,12.74,-5.66
2025-11-17T04:45:00Z,-1.82,-583.19,0,-0.1,40,0,0.11,0,1.34,1866.1,0,0,0,0,13.5,0.59,0,0,1.92,0,0.01,0,12.1,-5.69
2025-11-17T04:50:00Z,-1.28,-571.2,0,-0.1,41,0,0.11,0,8.24,1865.71,0,0,0,0,13.47,0.59,0,0,1.97,0,0.01,0,12.41,-5.73
2025-11-17T04:55:00Z,-5.85,-568.13,0,0,40,0,0.11,0,0.38,1879.34,0,0,0,0,13.43,0.59,0,0,1.92,0,0.01,0,11.95,-5.7
2025-11-17T05:00:00Z,-7.39,-525.12,0,0,40,0,0.11,0,0.27,1850.01,0,0,0,0,13.4,0.53,0,0,1.92,0,0.01,0,12.33,-5.76
2025-11-17T05:05:00Z,-2.32,-559.89,0,0,42,0,0.11,0,0.95,1863.98,0,0,0,0,13.38,0.59,0,0,2.02,0,0.01,0,12.76,-3.15
2025-11-17T05:10:00Z,-6.71,-517.84,0,0,45,0,0.11,0,13.19,1847.81,0,0,0,0,13.37,0.56,0,0,2.16,0,0.01,0,13.97,0.01
2025-11-17T05:15:00Z,-10.99,-504.17,0,0,41,0,0.11,0,6.08,1831.68,0,0,0,0,13.35,0.52,0,0,1.97,0,0.01,0,12.79,8.51
2025-11-17T05:20:00Z,-17.25,-518.46,0,0,40,0,0.11,0,42.34,1816.52,0,0,0,0,13.33,0.54,0,0,1.92,0,0.01,0,12.22,8.05
2025-11-17T05:25:00Z,-9.99,-483.01,0,0,43,0,0.11,0,15.35,1795.01,0.01,0,0,0,13.32,0.52,0,0,2.06,0,0.01,0,13.64,8.51
2025-11-17T05:30:00Z,-9.89,-526.65,0,0,44,0,0.11,0,84.21,1778.09,0.03,0,0,0,13.3,0.56,0,0,2.11,0,0.01,0,13.64,11.24
2025-11-17T05:35:00Z,-11.75,-551.76,0,-0.1,41,0,0.11,0,109.68,1779.95,0.16,2.45,0,0,13.35,0.56,0,0,1.97,0,0.01,0,12.36,11.17
2025-11-17T05:40:00Z,-11.53,-545.55,0,-0.1,40,0,0.11,0,99.66,1814.37,0.29,4.9,0,0,13.4,0.55,0,0,1.92,0,0.01,0,11.81,8.51
2025-11-17T05:45:00Z,-13.13,-535.12,0,0,40,0,0.1,0,61.06,1831.7,0.68,7.34,0,0,13.45,0.56,0,0,1.92,0,0.01,0,11.8,1.41
2025-11-17T05:50:00Z,-30.69,-544.08,0,0,40,0,0.11,0,58.25,1868.69,1.35,9.79,0,0,13.5,0.57,0,0,1.92,0,0.01,0,11.59,0.33
2025-11-17T05:55:00Z,-9.41,-538.47,0,0,41,0,0.1,0,58.21,1864.23,4.01,12.24,0,0,13.55,0.54,0,0,1.97,0,0.01,0,11.98,8.51
2025-11-17T06:00:00Z,-11.16,-516.03,0,-0.1,40,0,0.11,0,54.77,1838.07,7.68,14.69,0,0,13.6,0.52,0,0,1.92,0,0.01,0,11.83,0.01
2025-11-17T06:05:00Z,-20.71,-486.28,0,-0.1,43,0,0.11,0,72.55,1818.35,14.06,24.64,0,0,13.65,0.5,0,0,2.06,0,0.01,0,12.87,3.04
2025-11-17T06:10:00Z,-20.93,-510.31,0,0,42,0,0.11,0,66.42,1846.49,17.9,34.6,0,0,13.7,0.52,0,0,2.02,0,0.01,0,12.19,0.35
2025-11-17T06:15:00Z,-18.11,-567.14,0,0,45,0,0.11,0,73.51,1889.41,29.79,44.55,0,0,13.75,0.59,0,0,2.16,0,0.01,0,12.63,5.64
2025-11-17T06:20:00Z,-20.85,-588.89,0,0,41,0,0.11,0,65.35,1917.54,40.37,54.51,0,0,13.8,0.58,0,0,1.97,0,0.01,0,11.08,0.01
2025-11-17T06:25:00Z,-23.02,-610.63,0,0,40,0,0.1,0,60.67,1954.44,50.12,64.47,0,0,13.85,0.57,0,0,1.92,0,0.01,0,10.58,0
2025-11-17T06:30:00Z,-3.7,-627.11,0,0,42,0,0.1,0,61.5,1919.41,70.34,74.42,1.27,0,13.9,0.62,0,0,2.02,0,0.01,0,10.92,-2.98
2025-11-17T06:35:00Z,-37.26,-551.65,0,0,40,0,0.11,0,59.22,1896.09,75.95,97.23,5.66,0,14.03,0.54,0,0,1.92,0,0.01,0,10.55,-5.63
2025-11-17T06:40:00Z,-5.4,-570.17,0,0,46,0,0.11,0,29.81,1911.34,91.88,120.03,0,0,14.17,0.58,0,0,2.21,0,0.01,0,12.09,-7.97
2025-11-17T06:45:00Z,-0.8,-572.72,0,0,45,0,0.11,0,48.29,1913.89,93.99,142.84,7.84,0,14.3,0.6,0,0,2.16,0,0.01,0,11.25,-6.94
2025-11-17T06:50:00Z,-29.43,-389.67,0,0,40,0,0.1,0,0,1810.48,75.01,165.64,46.16,0,14.43,0.4,0,0,1.92,0,0.01,0,10.94,-9.85
2025-11-17T06:55:00Z,-0.79,-409.03,0,0,47,0,0.11,0,31.05,1770.88,86.66,188.45,77.06,0,14.57,0.44,0,0,2.26,0,0.01,0,12.77,-9.21
2025-11-17T07:00:00Z,-3.44,-419.9,0,-0.1,46,0,0.1,0,42.19,1719.22,102.16,211.26,137.68,0,14.7,0.45,0,0,2.21,0,0.01,0,12.46,-2.55
2025-11-17T07:05:00Z,-21.82,-249.04,0,-0.1,40,0,0.11,0,0.34,1576.76,148.85,226.58,241.23,1.59,14.68,0.26,0,0,1.92,0,0.01,0,11.59,-8.39
2025-11-17T07:10:00Z,-19.51,-175.81,0,0,43,0,0.11,0,2.36,1425,174.69,241.9,384.03,0,14.67,0.2,0,0,2.06,0,0.01,0,13.26,-7.71
2025-11-17T07:15:00Z,-18.99,-53.11,0,0,44,0,0.1,0,2.87,1357.54,161.67,257.22,374.92,0,14.65,0.07,0,0,2.11,0,0.01,0,14.04,-8.9
2025-11-17T07:20:00Z,-5.24,-68.69,0,0,41,0,0.11,0,0.72,1373.14,126.2,272.54,302.74,0,14.63,0.09,0,0,1.97,0,0.01,0,13,-9.89
2025-11-17T07:25:00Z,-0.74,-84.1,0,0,45,0,0.11,0,27.37,1337.22,144.62,287.86,344.99,0,14.62,0.12,0,0,2.16,0,0.01,0,13.99,-9.53
2025-11-17T07:30:00Z,-30.95,-62.99,0,0,40,0,0.11,0,0.42,1281.28,195.56,303.19,383.96,0,14.6,0.08,0,0,1.92,0,0.01,0,12.8,-10.75
2025-11-17T07:35:00Z,-11.59,-106.31,0,-0.1,42,0,0.11,0,2.84,1270.72,227.09,320.51,428.67,0,14.62,0.14,0,0,2.02,0,0.01,0,12.91,-9.69
2025-11-17T07:40:00Z,-15.08,-51.29,0,-0.1,40,0,0.1,0,0.06,1189.75,253.57,337.83,425.69,0,14.63,0.07,0,0,1.92,0,0.01,0,12.69,-10
2025-11-17T07:45:00Z,-10.96,-155.75,0,-0.1,40,0,0.11,0,0.36,1226.22,303.2,355.15,472.4,1.91,14.65,0.21,0,0,1.92,0,0.01,0,11.68,-10
2025-11-17T07:50:00Z,-8.95,-60.47,0,0,41,0,0.11,0,2.19,1136.43,298.23,372.47,569.62,6.76,14.67,0.09,0,0,1.97,0,0.01,0,12.72,-10
2025-11-17T07:55:00Z,-20.59,-85.95,0,0,41,0,0.1,0,0.54,1164.92,292.43,389.8,523.01,1.94,14.68,0.12,0,0,1.97,0,0.01,0,12.46,-11.66
2025-11-17T08:00:00Z,-8.54,0,99.36,-0.1,44,0,0.11,0,6.18,1019.79,280.87,407.12,710.59,37.92,14.7,0,4.76,0,2.11,0,0.01,0,50.02,-10.8
2025-11-17T08:05:00Z,-8.69,0,72.67,-0.1,40,0,0.11,0,1.2,1058.14,287.25,398.75,651.51,8.01,14.73,0,3.48,0,1.92,0,0.01,0,38.05,-9.58
2025-11-17T08:10:00Z,-3.54,0,93.67,-0.1,43,0,0.11,0,5.15,1056.98,281.66,390.38,664.56,19.29,14.77,0,4.54,0,2.06,0,0.01,0,47.18,-9.64
2025-11-17T08:15:00Z,-0.75,0,31.73,0,45,0,0.11,0,14.9,1095.46,285.49,382.01,648.64,14.2,14.8,0,1.55,0,2.16,0,0.01,0,24.94,-10.49
2025-11-17T08:20:00Z,-0.67,-23.77,0,0,47,0,0.11,0,78.39,1096.94,302.4,373.64,673.96,11.77,14.83,0.04,0,0,2.26,0,0.01,0,14.25,-10.29
2025-11-17T08:25:00Z,-5.93,0,10.45,0,40,0,0.11,0,0.42,1127.64,276.51,365.27,601.31,1.34,14.87,0,0.53,0,1.92,0,0.01,0,16.45,-10
2025-11-17T08:30:00Z,-1.46,-39.98,0,0,43,0,0.11,0,0.83,1159.19,307.12,356.9,606.92,7.4,14.9,0.06,0,0,2.06,0,0.01,0,13.22,-10.17
2025-11-17T08:35:00Z,-32.17,0,16.54,0,40,0,0.11,0,0.34,1176.2,277.91,375.61,611.07,20.7,14.88,0,0.82,0,1.92,0,0.01,0,18.07,-9.78
2025-11-17T08:40:00Z,-5.49,-148.05,0,0,46,0,0.11,0,13.01,1309.47,251.89,394.32,454.26,19.71,14.87,0.22,0,0,2.21,0,0.01,0,12.88,-9.49
2025-11-17T08:45:00Z,-18.22,-341.91,0,0,40,0,0.11,0,0.08,1465.07,325.29,413.03,338.48,20.39,14.85,0.44,0,0,1.92,0,0.01,0,9.48,-10
2025-11-17T08:50:00Z,-17.79,-228.88,0,0,40,0,0.11,0,0.44,1318.29,316.96,431.74,509.33,20.97,14.83,0.31,0,0,1.92,0,0.01,0,10.43,-10
2025-11-17T08:55:00Z,-0.9,-276.7,0,0,45,0,0.11,0,6.56,1344.59,291.1,450.45,509.81,11.94,14.82,0.39,0,0,2.16,0,0.01,0,11.44,-10
2025-11-17T09:00:00Z,-9.53,-325.38,0,0,40,0,0.11,0,0.26,1323.8,346.18,469.16,512.29,24.32,14.8,0.43,0,0,1.92,0,0.01,0,9.71,-10
2025-11-17T09:05:00Z,-11.15,-307.81,0,0,40,0,0.11,0,0.51,1277.66,340.75,507.7,544.76,28.41,14.97,0.42,0,0,1.92,0,0.01,0,9.8,-9.87
2025-11-17T09:10:00Z,-2.66,-465.25,0,0,43,0,0.11,0,3.52,1388.96,331.64,546.23,442.84,30.39,15.13,0.63,0,0,2.06,0,0.01,0,9.37,-9.77
2025-11-17T09:15:00Z,-7.77,-422.23,0,0,44,0,0.11,0,6.59,1360.29,293.28,584.76,491.53,30.24,15.3,0.5,0,0,2.11,0,0.01,0,10.45,-10
2025-11-17T09:20:00Z,-27.72,-458.75,0,0,41,0,0.11,0,0.87,1383.4,283.39,623.29,462.81,36.94,15.47,0.62,0,0,1.97,0,0.01,0,8.81,-10
2025-11-17T09:25:00Z,-49.47,-368.52,0,0,40,0,0.11,0,0.39,1321.64,290.24,661.83,469.29,39.52,15.63,0.43,0,0,1.92,0,0.01,0,9.48,-10
2025-11-17T09:30:00Z,-45.49,-395.98,0,0,40,0,0.11,0,0.46,1242.94,359.55,700.36,474.85,39.1,15.8,0.54,0,0,1.92,0,0.01,0,8.75,-10
2025-11-17T09:35:00Z,-63.52,-342.1,0,0,40,0,0.11,0,0.27,1218.53,340,717.03,476.78,22.08,15.9,0.47,0,0,1.92,0,0.01,0,9.13,-11.11
2025-11-17T09:40:00Z,-40.76,-257.27,0,0,42,0,0.11,0,1.65,1095.35,323.02,733.7,636.1,53.98,16,0.34,0,0,2.02,0,0.01,0,10.66,-10
2025-11-17T09:45:00Z,-87.01,-354.88,0,0,40,0,0.1,0,0.28,1213.37,350.83,750.38,472.33,39.06,16.1,0.49,0,0,1.92,0,0.01,0,9.01,-11.66
2025-11-17T09:50:00Z,-90.52,-223.38,0,-0.1,40,0,0.11,0,0.4,1031.38,342.39,767.05,684.07,81.33,16.2,0.34,0,0,1.92,0,0.01,0,10.22,-13.46
2025-11-17T09:55:00Z,-92.64,-132.21,0,0,40,0,0.11,0,0.48,982.56,336.3,783.72,706.07,76.55,16.3,0.2,0,0,1.92,0,0.01,0,10.78,-10
2025-11-17T10:00:00Z,-68.51,-233.01,0,0,40,0,0.11,0,0.26,1071.95,349.44,800.39,570.04,30.19,16.4,0.31,0,0,1.92,0,0.01,0,9.88,-13.65
2025-11-17T10:05:00Z,-76.78,-122.29,0,0,42,0,0.11,0,1.69,990.76,295.36,812.76,685.74,109.97,16.47,0.17,0,0,2.02,0,0.01,0,11.42,-11.11
2025-11-17T10:10:00Z,-10.14,-266.04,0,0,48,0,0.11,0,25.95,1060.8,339.92,825.13,609.03,57.57,16.53,0.43,0,0,2.3,0,0.01,0,11.17,-10
2025-11-17T10:15:00Z,-27.88,-322.33,0,0,42,0,0.11,0,0.28,1200.8,307.56,837.5,362.85,86.03,16.6,0.47,0,0,2.02,0,0.01,0,9.14,-6.97
2025-11-17T10:20:00Z,-121.38,-362.18,0,0,44,0,0.11,0,2.46,1202.97,394.75,849.87,391.03,44.73,16.67,0.47,0,0,2.11,0,0.01,0,9.86,-6.88
2025-11-17T10:25:00Z,-128.22,-495.56,0,0,44,0,0.11,0,3.07,1236.35,413.23,862.24,355.94,62.29,16.73,0.63,0,0,2.11,0,0.01,0,9.24,-8.83
2025-11-17T10:30:00Z,-133.32,-585.85,0,0,41,0,0.11,0,0.04,1338.32,386.67,874.6,337.52,125.36,16.8,0.69,0,0,1.97,0,0.01,0,8,-13.59
2025-11-17T10:35:00Z,-105.3,-169.65,0,0,45,0,0.11,0,4.63,1025.58,260.73,880.07,657.68,249.67,16.58,0.24,0,0,2.16,0,0.01,0,11.9,-10
2025-11-17T10:40:00Z,-114.42,-307.26,0,0,43,0,0.11,0,0.52,1126.04,345.37,885.54,527.64,113.72,16.37,0.41,0,0,2.06,0,0.01,0,10.08,-8.91
2025-11-17T10:45:00Z,-147.13,-244.58,0,0,40,0,0.11,0,0.26,1138.39,325.23,891.01,540.44,112.69,16.15,0.32,0,0,1.92,0,0.01,0,9.6,-10
2025-11-17T10:50:00Z,-103.85,-286.04,0,0,46,0,0.11,0,6.79,1143.93,313.3,896.47,471.31,100.25,15.93,0.39,0,0,2.21,0,0.01,0,10.84,-9.21
2025-11-17T10:55:00Z,-100.98,-242.29,0,0,44,0,0.11,0,2.73,1118.03,304.01,901.94,528.05,107.89,15.72,0.35,0,0,2.11,0,0.01,0,10.45,-10
2025-11-17T11:00:00Z,-145.59,-223.07,0,-0.1,39,0,0.11,0,0.28,1118.04,320.89,907.41,547.2,95.63,15.5,0.3,0,0,1.87,0,0.01,0,9.37,-7.91
2025-11-17T11:05:00Z,-147.6,-361.35,0,0,40,0,0.11,0,0.25,1217.99,306.07,935.37,379.11,83.94,15.82,0.46,0,0,1.92,0,0.01,0,8.86,-7.98
2025-11-17T11:10:00Z,-146.69,-502.83,0,0,40,0,0.11,0,0.19,1290.4,345.39,963.34,290.27,78.61,16.13,0.61,0,0,1.92,0,0.01,0,7.92,-11.66
2025-11-17T11:15:00Z,-165.83,-250.53,0,0,42,0,0.11,0,1.38,1028.79,291.96,991.3,671.06,119.37,16.45,0.34,0,0,2.02,0,0.01,0,10.39,-16.85
2025-11-17T11:20:00Z,-139.25,-155.38,0,-0.1,47,0,0.11,0,16.48,937.21,247.41,1019.27,691.96,137.54,16.77,0.24,0,0,2.26,0,0.01,0,12.3,-10
2025-11-17T11:25:00Z,-110.17,-456.19,0,-0.1,45,0,0.1,0,7.48,1114.3,331.48,1047.24,472.07,69.92,17.08,0.63,0,0,2.16,0,0.01,0,9.31,-10
2025-11-17T11:30:00Z,-114.21,-489.34,0,-0.1,43,0,0.11,0,0.38,1126.43,349.45,1075.2,487.06,100.56,17.4,0.77,0,0,2.06,0,0.01,0,7.84,-10
2025-11-17T11:35:00Z,-106.74,-434.48,0,-0.1,44,0,0.11,0,4.12,1122.56,323.53,1068.25,517.95,77.01,17.28,0.6,0,0,2.11,0,0.01,0,9.04,-10
2025-11-17T11:40:00Z,-99.69,-480.4,0,0,43,0,0.1,0,3.33,1189.91,315.29,1061.3,493.47,74.28,17.17,0.65,0,0,2.06,0,0.01,0,8.41,-10
2025-11-17T11:45:00Z,-126.71,-428.78,0,0,40,0,0.11,0,0.32,1180.53,320.35,1054.35,487.71,61.4,17.05,0.55,0,0,1.92,0,0.01,0,8.07,-10
2025-11-17T11:50:00Z,-112.58,-468.9,0,0,43,0,0.11,0,3.74,1233.32,319.91,1047.4,517.75,103.62,16.93,0.62,0,0,2.06,0,0.01,0,8.44,-10
2025-11-17T11:55:00Z,-115.15,-480.85,0,0,42,0,0.11,0,0.31,1251.22,352.03,1040.45,499.28,96.36,16.82,0.61,0,0,2.02,0,0.01,0,8.12,-11.01
2025-11-17T12:00:00Z,-134.78,-307.95,0,0,41,0,0.11,0,0.34,1096,334.35,1033.5,639.95,95.1,16.7,0.43,0,0,1.97,0,0.01,0,8.99,-10
2025-11-17T12:05:00Z,-128.59,-393.54,0,0,42,0,0.11,0,2.34,1182.4,333.48,1023.36,534.06,94.71,16.78,0.5,0,0,2.02,0,0.01,0,8.88,-10
2025-11-17T12:10:00Z,-178.7,-479.07,0,0,40,0,0.11,0,0.3,1317.28,345.17,1013.22,466.14,96.34,16.87,0.58,0,0,1.92,0,0.01,0,7.85,-10.09
2025-11-17T12:15:00Z,-177.34,-370,0,0,42,0,0.11,0,0.38,1157.34,346.13,1003.08,623.08,99.84,16.95,0.45,0,0,2.02,0,0.01,0,9.43,-10
2025-11-17T12:20:00Z,-166.62,-524.29,0,0,44,0,0.11,0,0.89,1282.14,349.61,992.94,530.58,109.76,17.03,0.67,0,0,2.11,0,0.01,0,8.77,-10
2025-11-17T12:25:00Z,-174.72,-455.82,0,0,40,0,0.11,0,0.27,1232.06,357.25,982.8,521.86,106.31,17.12,0.56,0,0,1.92,0,0.01,0,8.29,-10
2025-11-17T12:30:00Z,-173.99,-488.78,0,0,40,0,0.11,0,0.27,1303.58,350.88,972.66,531.26,117.76,17.2,0.6,0,0,1.92,0,0.01,0,7.92,-10.46
2025-11-17T12:35:00Z,-167.64,-380.22,0,0,44,0,0.11,0,0.66,1206.8,337.86,959.22,649.31,107.37,17.07,0.47,0,0,2.11,0,0.01,0,9.9,-9.71
2025-11-17T12:40:00Z,-150.44,-427.73,0,0,43,0,0.11,0,2.01,1264.49,340.97,945.79,584.62,64.15,16.93,0.55,0,0,2.06,0,0.01,0,9.02,-9.67
2025-11-17T12:45:00Z,-153.62,-419.77,0,0,42,0,0.11,0,1.19,1242.39,358.06,932.35,584.3,99.33,16.8,0.54,0,0,2.02,0,0.01,0,8.9,-10
2025-11-17T12:50:00Z,-170.06,-452.33,0,0,40,0,0.11,0,0.31,1320.43,345.9,918.91,555.62,126.35,16.67,0.51,0,0,1.92,0,0.01,0,8.48,-9.71
2025-11-17T12:55:00Z,-151.75,-464.98,0,-0.1,43,0,0.11,0,2.27,1295.21,349.71,905.47,528.08,113.59,16.53,0.59,0,0,2.06,0,0.01,0,8.95,-9.64
2025-11-17T13:00:00Z,-180.42,-416.94,0,-0.1,40,0,0.11,0,0.25,1265.67,342.3,892.03,568.05,121.81,16.4,0.5,0,0,1.92,0,0.01,0,8.81,-11.01
2025-11-17T13:05:00Z,-243.33,-390.39,0,-0.1,39,0,0.11,0,0.27,1254.9,370.33,899.46,619.89,101.51,16.57,0.44,0,0,1.87,0,0.01,0,8.94,-10.63
2025-11-17T13:10:00Z,-208.33,-417.17,0,-0.1,40,0,0.11,0,0.26,1201.32,372.5,906.88,669,129.97,16.73,0.49,0,0,1.92,0,0.01,0,9.08,-12.96
2025-11-17T13:15:00Z,-206.78,-376.11,0,-0.1,43,0,0.11,0,1.49,1199.88,289.51,914.31,674.56,246.91,16.9,0.46,0,0,2.06,0,0.01,0,10.34,-11.01
2025-11-17T13:20:00Z,-213.44,-451,0,-0.1,43,0,0.11,0,0.37,1230.49,354.13,921.74,697.17,122.97,17.07,0.54,0,0,2.06,0,0.01,0,9.74,-10.8
2025-11-17T13:25:00Z,-211.69,-356.5,0,-0.1,41,0,0.11,0,0.04,1169.94,334.02,929.16,733.08,115,17.23,0.45,0,0,1.97,0,0.01,0,9.57,-11.01
2025-11-17T13:30:00Z,-308.17,-224.3,0,0,40,0,0.11,0,0,1152.82,323.69,936.59,763.31,92.41,17.4,0.3,0,0,1.92,0,0.01,0,10.17,-13.32
2025-11-17T13:35:00Z,-258.33,-222.33,0,0,40,0,0.11,0,0,1128.61,280.21,941.78,745.48,140.12,17.37,0.28,0,0,1.92,0,0.01,0,10.36,-14.42
2025-11-17T13:40:00Z,-220,-264.07,0,0,40,0,0.11,0,0,1158.09,258.65,946.98,742.38,157.67,17.33,0.34,0,0,1.92,0,0.01,0,9.94,-16.94
2025-11-17T13:45:00Z,-168.71,-305.94,0,0,44,0,0.11,0,0.29,1174.65,243.05,952.17,797.02,164.81,17.3,0.4,0,0,2.11,0,0.01,0,10.63,-12.25
2025-11-17T13:50:00Z,-115.56,-388.26,0,0,43,0,0.11,0,0.12,1162.14,284.28,957.36,793.74,126.37,17.27,0.51,0,0,2.06,0,0.01,0,9.65,-12.16
2025-11-17T13:55:00Z,-114.82,-366.04,0,0,45,0,0.11,0,0.31,1157.22,283.24,962.56,813.81,132.24,17.23,0.48,0,0,2.16,0,0.01,0,10.28,-12.33
2025-11-17T14:00:00Z,-146.28,-317.38,0,0,42,0,0.11,0,0.14,1151.44,281.49,967.75,810.28,156.86,17.2,0.44,0,0,2.02,0,0.01,0,9.6,-13.09
2025-11-17T14:05:00Z,-101.75,-369.77,0,0,44,0,0.11,0,0.33,1156.44,284.11,949.66,807.46,154.55,17.27,0.48,0,0,2.11,0,0.01,0,10.02,-11
2025-11-17T14:10:00Z,-120.23,-408.49,0,0,44,0,0.11,0,0,1182.82,319.88,931.57,768.29,74.29,17.33,0.57,0,0,2.11,0,0.01,0,9.52,-12.44
2025-11-17T14:15:00Z,-130.42,-305.45,0,0,40,0,0.11,0,0,1143.26,293.49,913.48,795.06,144.11,17.4,0.41,0,0,1.92,0,0.01,0,9.32,-11.66
2025-11-17T14:20:00Z,-100.56,-353.79,0,0,42,0,0.11,0,0,1157.13,281.27,895.39,805.55,100.79,17.47,0.47,0,0,2.02,0,0.01,0,9.66,-10.04
2025-11-17T14:25:00Z,-97.88,-401.83,0,0,44,0,0.11,0,0.1,1170.19,319.14,877.3,753.82,66.48,17.53,0.55,0,0,2.11,0,0.01,0,9.83,-10
2025-11-17T14:30:00Z,-135.19,-381.15,0,0,40,0,0.11,0,0,1238.62,310.11,859.22,680.75,68.31,17.6,0.45,0,0,1.92,0,0.01,0,9.2,-10.1
2025-11-17T14:35:00Z,-57.94,-488.18,0,0,40,0,0.11,0,0,1283.32,319.18,833.15,717.41,65.97,17.58,0.56,0,0,1.92,0,0.01,0,8.49,-10.8
2025-11-17T14:40:00Z,-95.85,-423.83,0,0,41,0,0.11,0,0.1,1230.49,359.33,807.08,822.47,80.49,17.57,0.5,0,0,1.97,0,0.01,0,9.25,-10.1
2025-11-17T14:45:00Z,-74.07,-448.94,0,0,43,0,0.11,0,1.75,1284.03,340.58,781.02,730.33,109.35,17.55,0.55,0,0,2.06,0,0.01,0,9.45,-10.63
2025-11-17T14:50:00Z,-49.27,-450.52,0,0,43,0,0.11,0,0.04,1286.61,325.66,754.95,718.5,110.75,17.53,0.54,0,0,2.06,0,0.01,0,9.64,-11.46
2025-11-17T14:55:00Z,-35.46,-456.31,0,0,44,0,0.11,0,3.17,1336.37,290.74,728.89,648.13,157.3,17.52,0.57,0,0,2.11,0,0.01,0,9.7,-11.11
2025-11-17T15:00:00Z,-36.55,-444.65,0,0,42,0,0.11,0,0.86,1372.92,292.57,702.82,649.29,114.4,17.5,0.54,0,0,2.02,0,0.01,0,9.19,-8.72
2025-11-17T15:05:00Z,-104.48,-411.04,0,0,40,0,0.11,0,0.25,1381.15,306.09,690.56,648.92,102.53,17.42,0.47,0,0,1.92,0,0.01,0,9.17,-8.25
2025-11-17T15:10:00Z,-48.99,-460.79,0,-0.1,40,0,0.11,0,0.38,1372.75,302.26,678.31,674.13,104.12,17.33,0.52,0,0,1.92,0,0.01,0,8.97,-11.32
2025-11-17T15:15:00Z,-30.15,-483.48,0,0,44,0,0.11,0,0.46,1377.69,295.89,666.05,657.86,100.3,17.25,0.57,0,0,2.11,0,0.01,0,9.93,-11.11
2025-11-17T15:20:00Z,-21.05,-447.96,0,0,43,0,0.11,0,2.15,1352.85,286.04,653.79,659.05,95.87,17.17,0.53,0,0,2.06,0,0.01,0,9.91,-13.8
2025-11-17T15:25:00Z,-38.41,-399.02,0,0,44,0,0.11,0,0.83,1364.47,267.97,641.53,668.37,103.82,17.08,0.48,0,0,2.11,0,0.01,0,10.47,-8.35
2025-11-17T15:30:00Z,-13.12,-457.41,0,0,43,0,0.11,0,4.97,1377.1,290.45,629.27,686.62,83.02,17,0.55,0,0,2.06,0,0.01,0,9.72,-11.08
2025-11-17T15:35:00Z,-20.16,-456.32,0,0,46,0,0.11,0,17.37,1380.84,284.26,612.45,683.56,53.09,17,0.57,0,0,2.21,0,0.01,0,10.56,-7.98
2025-11-17T15:40:00Z,-8.56,-587.01,0,-0.1,44,0,0.11,0,10.86,1502.11,284.17,595.62,512.4,43.41,17,0.71,0,0,2.11,0,0.01,0,9.16,-7.97
2025-11-17T15:45:00Z,-49.89,-689.11,0,-0.2,40,0,0.11,0,0,1654.57,299.06,578.8,389.96,39.66,17,0.72,0,0,1.92,0,0.01,0,7.91,-6.97
2025-11-17T15:50:00Z,-18.06,-749.64,0,0,44,0,0.11,0,3.64,1685.4,301.46,561.98,408.69,42.06,17,0.75,0,0,2.11,0,0.01,0,8.96,-5.43
2025-11-17T15:55:00Z,-28.07,-689.09,0,0,43,0,0.11,0,1.11,1661.52,295.8,545.15,398.46,46.67,17,0.77,0,0,2.06,0,0.01,0,8.54,-5.46
2025-11-17T16:00:00Z,-21.48,-667.75,0,0,43,0,0.11,0,1.35,1669.92,301.71,528.33,388.31,39.86,17,0.69,0,0,2.06,0,0.01,0,8.94,-3.03
2025-11-17T16:05:00Z,-30.9,-688.38,0,0,41,0,0.11,0,0.32,1703.61,301.72,509.85,404.72,44.99,16.98,0.69,0,0,1.97,0,0.01,0,8.42,-7.36
2025-11-17T16:10:00Z,-26.26,-729.5,0,0,48,0,0.11,0,10.96,1701.43,326.27,491.37,357.97,25.27,16.95,0.76,0,0,2.3,0,0.01,0,10.23,-7.98
2025-11-17T16:15:00Z,-86.86,-603.1,0,0,41,0,0.11,0,2.49,1684.05,315.48,472.89,448.02,24.3,16.93,0.63,0,0,1.97,0,0.01,0,8.86,-7.22
2025-11-17T16:20:00Z,-77.35,-588.59,0,0,43,0,0.11,0,2.61,1680.14,299.98,454.42,421.33,22.29,16.9,0.65,0,0,2.06,0,0.01,0,9.38,-5.6
2025-11-17T16:25:00Z,-67.96,-634.91,0,0,44,0,0.11,0,1.79,1717.66,296.89,435.94,418.47,20.7,16.88,0.7,0,0,2.11,0,0.01,0,9.46,-5.63
2025-11-17T16:30:00Z,-72.92,-587.01,0,0,44,0,0.11,0,5.58,1664.88,305.04,417.46,444.72,18.81,16.85,0.61,0,0,2.11,0,0.01,0,10.19,-1.99
2025-11-17T16:35:00Z,-42.09,-664.94,0,0,43,0,0.11,0,2.89,1720.82,314.04,408.2,353,0,16.84,0.73,0,0,2.06,0,0.01,0,9.05,-6.81
2025-11-17T16:40:00Z,-26.66,-599.57,0,-0.1,47,0,0.11,0,11.03,1661.97,283.9,398.95,288.11,18.36,16.83,0.7,0,0,2.26,0,0.01,0,10.56,-5.98
2025-11-17T16:45:00Z,-39.8,-658.44,0,0,40,0,0.11,0,22.69,1772.71,288.69,389.69,241.6,11.69,16.83,0.67,0,0,1.92,0,0.01,0,8.31,-7.06
2025-11-17T16:50:00Z,-15.19,-664.3,0,0,46,0,0.11,0,19.78,1744.42,285.98,380.43,250.69,11.7,16.82,0.75,0,0,2.21,0,0.01,0,9.8,-7.98
2025-11-17T16:55:00Z,-12.12,-650.13,0,0,44,0,0.1,0,8.54,1764.03,283.41,371.17,245.24,9.66,16.81,0.71,0,0,2.11,0,0.01,0,9.31,-7.97
2025-11-17T17:00:00Z,-39.32,-657.14,0,0,46,0,0.11,0,20.07,1796.88,289.82,361.91,223.6,8.06,16.8,0.67,0,0,2.21,0,0.01,0,10.19,-7.98
2025-11-17T17:05:00Z,-9.33,-635.23,0,-0.1,45,0,0.11,0,12.24,1788.27,284.07,353.75,217.03,6.26,16.78,0.66,0,0,2.16,0,0.01,0,9.84,-7.17
2025-11-17T17:10:00Z,-13.08,-657.78,0,-0.1,41,0,0.11,0,27.9,1791.8,287.47,345.59,197.73,4.51,16.77,0.64,0,0,1.97,0,0.01,0,8.77,-9.72
2025-11-17T17:15:00Z,-33.88,-573.97,0,0,42,0,0.11,0,8.94,1777.73,273.75,337.43,228.5,2.57,16.75,0.62,0,0,2.02,0,0.01,0,9.21,-10.42
2025-11-17T17:20:00Z,-45.47,-448.83,0,0,45,0,0.11,0,6.66,1692.55,270.05,329.27,348.09,0.63,16.73,0.47,0,0,2.16,0,0.01,0,10.99,-7.98
2025-11-17T17:25:00Z,-39.86,-538.44,0,0,45,0,0.11,0,35.68,1773.75,262.34,321.11,192.39,0,16.72,0.59,0,0,2.16,0,0.01,0,10.14,-5.72
2025-11-17T17:30:00Z,-55.36,-579.96,0,0,40,0,0.11,0,14.73,1851.82,258.65,312.95,142.55,0,16.7,0.55,0,0,1.92,0,0.01,0,8.93,-9.1
2025-11-17T17:35:00Z,-30.66,-505.19,0,0,41,0,0.11,0,26.55,1764.91,251.26,297.78,266.62,0,16.7,0.46,0,0,1.97,0,0.01,0,9.82,-10
2025-11-17T17:40:00Z,-4.27,-525.83,0,0,41,0,0.11,0,20.19,1798.08,237.45,282.61,240.02,0,16.7,0.56,0,0,1.97,0,0.01,0,9.19,-12.41
2025-11-17T17:45:00Z,-74.51,-329.52,0,0,41,0,0.11,0,20.97,1682.93,222.21,267.44,327.7,27.35,16.7,0.36,0,0,1.97,0,0.01,0,10.57,-11.66
2025-11-17T17:50:00Z,-75.2,-315.01,0,0,42,0,0.11,0,20.79,1692.97,210.54,252.27,352.35,7.17,16.7,0.35,0,0,2.02,0,0.01,0,10.97,-17.88
2025-11-17T17:55:00Z,-75.33,-227.3,0,0,40,0,0.11,0,20.16,1669.83,186.87,237.1,340.42,32.65,16.7,0.23,0,0,1.92,0,0.01,0,10.99,-17.94
2025-11-17T18:00:00Z,-7.2,-286.66,0,0,43,0,0.11,0,20.8,1669.58,173.79,221.93,305.45,22.78,16.7,0.33,0,0,2.06,0,0.01,0,11.39,-10.8
2025-11-17T18:05:00Z,-4.81,-187.55,0,0,40,0,0.1,0,23.74,1564.16,173.46,207.95,380.45,0,16.68,0.2,0,0,1.92,0,0.01,0,11.38,-18.68
2025-11-17T18:10:00Z,-1.25,-171.96,0,0,40,0,0.11,0,23.54,1562,156.07,193.97,383.71,21.96,16.67,0.2,0,0,1.92,0,0.01,0,11.48,-18.25
2025-11-17T18:15:00Z,-1.45,-133.06,0,0,40,0,0.11,0,25.36,1550.9,137.11,179.99,327.13,15.41,16.65,0.14,0,0,1.92,0,0.01,0,11.88,-15.08
2025-11-17T18:20:00Z,-42.65,-77.6,0,0,40,0,0.11,0,5.39,1565.58,128.69,166.01,385.07,19.81,16.63,0.09,0,0,1.92,0,0.01,0,12.37,-18.86
2025-11-17T18:25:00Z,-17.03,-72.57,0,0,43,0,0.11,0,7.92,1562.72,114.87,152.03,381.09,13.08,16.62,0.09,0,0,2.06,0,0.01,0,13.29,-10
2025-11-17T18:30:00Z,-1.27,-118.69,0,0,41,0,0.11,0,8.64,1601.71,108.05,138.04,278.17,0,16.6,0.14,0,0,1.97,0,0.01,0,12.4,-8.5
2025-11-17T18:35:00Z,-9.91,-239.59,0,0,42,0,0.11,0,5.43,1760,94.26,125.6,136.81,0,16.57,0.26,0,0,2.02,0,0.01,0,11.88,-6.13
2025-11-17T18:40:00Z,-19.46,-305.47,0,0,40,0,0.11,0,5.37,1852.51,75.17,113.16,0,0,16.53,0.31,0,0,1.92,0,0.01,0,11,-6.1
2025-11-17T18:45:00Z,-16.96,-361.5,0,0,40,0,0.11,0,5.28,1920.76,66.35,100.71,0,0,16.5,0.35,0,0,1.92,0,0.01,0,10.79,-6.07
2025-11-17T18:50:00Z,-5.34,-321.76,0,0,41,0,0.11,0,5.32,1891.32,49.04,88.27,0,0,16.47,0.31,0,0,1.97,0,0.01,0,11.41,-6.13
2025-11-17T18:55:00Z,-3.74,-245.07,0,0,40,0,0.11,0,5.36,1840.04,38.45,75.83,0,0,16.43,0.24,0,0,1.92,0,0.01,0,11.53,-6.31
2025-11-17T19:00:00Z,-1.22,-170.45,0,0,40,0,0.11,0,9.51,1782.35,27.3,63.38,0,0,16.4,0.17,0,0,1.92,0,0.01,0,12.01,-3.49
2025-11-17T19:05:00Z,-0.94,-208.83,0,0,40,0,0.11,0,10.71,1808.84,19.58,54.27,0,0,16.35,0.22,0,0,1.92,0,0.01,0,11.91,-6.36
2025-11-17T19:10:00Z,-1.02,-131.32,0,0,41,0,0.11,0,5.71,1762.31,16.07,45.16,0,0,16.31,0.15,0,0,1.97,0,0.01,0,12.6,-6.52
2025-11-17T19:15:00Z,-1.83,-134.4,0,0,40,0,0.11,0,13.77,1751.25,7.93,36.05,0,0,16.26,0.15,0,0,1.92,0,0.01,0,12.43,-3.55
2025-11-17T19:20:00Z,-1.7,-129.7,0,0,40,0,0.11,0,5.71,1749.8,4.43,26.94,0,0,16.22,0.15,0,0,1.92,0,0.01,0,12.59,-3.53
2025-11-17T19:25:00Z,-5.92,-104.27,0,0,40,0,0.11,0,5.39,1746.74,2.39,17.83,0,0,16.17,0.12,0,0,1.92,0,0.01,0,12.74,-3.55
2025-11-17T19:30:00Z,-4.23,-49.49,0,0,40,0,0.11,0,5.73,1705.79,1,8.71,0,0,16.13,0.05,0,0,1.92,0,0.01,0,13.16,-3.63
2025-11-17T19:35:00Z,-6.63,-69.37,0,-0.1,40,0,0.11,0,5.93,1722.5,0.13,7.26,5.56,0,16.12,0.07,0,0,1.92,0,0.01,0,13.07,-6.55
2025-11-17T19:40:00Z,-0.9,-94.21,0,0,41,0,0.11,0,14.66,1754.14,0,5.81,1.35,0,16.12,0.1,0,0,1.97,0,0.01,0,13.05,-6.56
2025-11-17T19:45:00Z,-3.26,-102.52,0,0,40,0,0.11,0,5.24,1762.55,0,4.36,1.27,0,16.11,0.11,0,0,1.92,0,0.01,0,12.77,-6.49
2025-11-17T19:50:00Z,-11.74,-73.18,0,0,40,0,0.1,0,8.48,1745.17,0,2.9,3.85,0,16.11,0.09,0,0,1.92,0,0.01,0,12.9,-6.56
2025-11-17T19:55:00Z,-5.53,-40.26,0,0,40,0,0.11,0,6.79,1693.82,0,1.45,0,0,16.1,0.05,0,0,1.92,0,0.01,0,13.29,-6.64
2025-11-17T20:00:00Z,-1.28,-54.77,0,0,41,0,0.11,0,10.72,1702.09,0,0,0,0,16.1,0.07,0,0,1.97,0,0.01,0,13.49,-6.68
2025-11-17T20:05:00Z,-25.19,-43.83,0,0,40,0,0.11,0,5.33,1701.43,0,0,0,0,16.08,0.05,0,0,1.92,0,0.01,0,13.44,-6.55
2025-11-17T20:10:00Z,-8.29,-27.61,0,0,40,0,0.11,0,9.05,1686.63,0,0,0,0,16.05,0.03,0,0,1.92,0,0.01,0,13.37,-3.61
2025-11-17T20:15:00Z,-11.77,-37.06,0,0,40,0,0.11,0,10.63,1674.65,0,0,0.04,0,16.03,0.04,0,0,1.92,0,0.01,0,13.49,-3.61
2025-11-17T20:20:00Z,-7.02,-76.75,0,0,40,0,0.11,0,11.28,1711.88,0,0,0,0,16,0.09,0,0,1.92,0,0.01,0,13.15,-3.57
2025-11-17T20:25:00Z,-5.71,-99.05,0,0,41,0,0.11,0,17.88,1711.74,0,0,0,0,15.97,0.11,0,0,1.97,0,0.01,0,13.43,0
2025-11-17T20:30:00Z,-2.9,-96.64,0,-0.1,40,0,0.11,0,14.52,1686.32,0,0,0,0,15.95,0.11,0,0,1.92,0,0.01,0,13.3,0
2025-11-17T20:35:00Z,-1.65,-111.11,0,0,42,0,0.11,0,22.61,1670.26,0,0,0,0,15.94,0.13,0,0,2.02,0,0.01,0,14.03,2.88
2025-11-17T20:40:00Z,-1.17,-92.12,0,0,42,0,0.11,0,41.35,1654.83,0,0,0,0,15.93,0.1,0,0,2.02,0,0.01,0,13.99,8.45
2025-11-17T20:45:00Z,-3.51,-122.96,0,0,40,0,0.11,0,30.16,1675.56,0,0,0,0,15.92,0.15,0,0,1.92,0,0.01,0,13.19,8.28
2025-11-17T20:50:00Z,-1.06,-124.33,0,-0.1,41,0,0.11,0,33.07,1657.22,0,0,0,0,15.92,0.14,0,0,1.97,0,0.01,0,13.68,8.57
2025-11-17T20:55:00Z,-1.32,-103.13,0,-0.1,40,0,0.11,0,34.46,1634.41,0,0,0,0,15.91,0.12,0,0,1.92,0,0.01,0,13.52,12.31
2025-11-17T21:00:00Z,-2.43,-74.33,0,0,40,0,0.1,0,29.64,1578.96,0,0,0,0,15.9,0.09,0,0,1.92,0,0.01,0,14.05,12.51
2025-11-17T21:05:00Z,-4.07,-55.2,0,-0.1,40,0,0.11,0,18.26,1572.72,0,0,0,0,15.91,0.06,0,0,1.92,0,0.01,0,14.22,8.63
2025-11-17T21:10:00Z,-1.2,-7.72,0,0,42,0,0.11,0,33.14,1506.31,0,0,0,0,15.91,0.01,0,0,2.02,0,0.01,0,15.36,2.04
2025-11-17T21:15:00Z,-1.02,0,4.81,0,41,0,0.11,0,29.07,1497.99,0,0,0,0,15.92,0,0.22,0,1.97,0,0.01,0,16.86,8.92
2025-11-17T21:20:00Z,-2.97,-38.01,0,0,40,0,0.11,0,19.78,1556.93,0,0,0,0,15.92,0.04,0,0,1.92,0,0.01,0,14.34,0.01
2025-11-17T21:25:00Z,-1.05,-55.55,0,-0.1,41,0,0.11,0,12.79,1553.89,0,0,0,0,15.93,0.07,0,0,1.97,0,0.01,0,14.74,8.68
2025-11-17T21:30:00Z,-3.33,-59.42,0,0,40,0,0.11,0,15.57,1548.04,0,0,0,0,15.93,0.07,0,0,1.92,0,0.01,0,14.43,0.01
2025-11-17T21:35:00Z,-1.1,-70.46,0,0,40,0,0.11,0,12.72,1550.34,0,0,0,0,15.93,0.09,0,0,1.92,0,0.01,0,14.41,0.01
2025-11-17T21:40:00Z,-3.51,-97.17,0,0,40,0,0.11,0,11.77,1570.03,0,0,0,0,15.93,0.12,0,0,1.92,0,0.01,0,14.25,3.44
2025-11-17T21:45:00Z,-2.4,-92.09,0,-0.1,40,0,0.11,0,15.7,1556.01,0,0,0,0,15.93,0.11,0,0,1.92,0,0.01,0,14.37,0.01
2025-11-17T21:50:00Z,-41.38,-68.06,0,-0.1,40,0,0.11,0,5.33,1561.55,0,0,0,0,15.93,0.08,0,0,1.92,0,0.01,0,14.77,0.01
2025-11-17T21:55:00Z,-55.6,-30.07,0,-0.1,40,0,0.11,0,5.32,1549.83,0,0,0,0,15.93,0.04,0,0,1.92,0,0.01,0,15.02,0.01
2025-11-17T22:00:00Z,-53.86,-96.91,0,0,40,0,0.11,0,5.25,1599.9,0,0,0,0,15.93,0.12,0,0,1.92,0,0.01,0,14.51,0.01
2025-11-17T22:05:00Z,-60.11,-95.44,0,0,40,0,0.11,0,5.32,1604.13,0,0,0,0,15.91,0.12,0,0,1.92,0,0.01,0,14.54,0
2025-11-17T22:10:00Z,-62.36,-100.81,0,0,41,0,0.11,0,5.35,1595.89,0,0,0,0,15.89,0.12,0,0,1.97,0,0.01,0,15,0
2025-11-17T22:15:00Z,-41.88,-155.09,0,0,40,0,0.11,0,5,1631.86,0,0,0,0,15.87,0.19,0,0,1.92,0,0.01,0,14.1,-3.47
2025-11-17T22:20:00Z,-7.47,-200.15,0,0,40,0,0.1,0,25.2,1606.67,0,0,8.2,0,15.84,0.24,0,0,1.92,0,0.01,0,13.8,-6.33
2025-11-17T22:25:00Z,-5.64,-225.71,0,0,43,0,0.11,0,29.42,1597.49,0,0,0,0,15.82,0.27,0,0,2.06,0,0.01,0,15.02,0
2025-11-17T22:30:00Z,-19.99,-171.04,0,0,40,0,0.11,0,24.4,1574.1,0,0,0,0,15.8,0.21,0,0,1.92,0,0.01,0,14.24,-3.45
2025-11-17T22:35:00Z,-9.72,-158.24,0,0,40,0,0.11,0,23.11,1526.22,0,0,0,0,15.8,0.2,0,0,1.92,0,0.01,0,14.6,0
2025-11-17T22:40:00Z,-5.79,-87.96,0,0,40,0,0.11,0,23.6,1445.13,0,0,0,0,15.8,0.11,0,0,1.92,0,0.01,0,15.39,0
2025-11-17T22:45:00Z,-25.3,-68.46,0,0,43,0,0.11,0,28.71,1422.03,0,0,0,0,15.8,0.09,0,0,2.06,0,0.01,0,17,0.01
2025-11-17T22:50:00Z,-17.11,-71.59,0,-0.1,41,0,0.11,0,25.01,1423.09,0,0,0,0,15.8,0.09,0,0,1.97,0,0.01,0,16.14,8.94
2025-11-17T22:55:00Z,-4.32,-60.8,0,0,40,0,0.11,0,45.23,1374.46,0,0,0,0,15.8,0.08,0,0,1.92,0,0.01,0,15.87,8.98
2025-11-17T23:00:00Z,-0.92,-82.72,0,-0.1,42,0,0.11,0,50.31,1369.6,0,0,0,0,15.8,0.11,0,0,2.02,0,0.01,0,16.65,12.79
2025-11-17T23:05:00Z,-1.54,-110.41,0,0,40,0,0.11,0,56.28,1377.81,0,0,0,0,15.77,0.15,0,0,1.92,0,0.01,0,15.66,8.87
2025-11-17T23:10:00Z,-0.88,-126.64,0,0,42,0,0.11,0,68.08,1388.64,0,0,0,0,15.74,0.17,0,0,2.02,0,0.01,0,16.22,12.46
2025-11-17T23:15:00Z,-2.83,-135.66,0,0,40,0,0.11,0,67.1,1386.71,0,0,0,0,15.72,0.18,0,0,1.92,0,0.01,0,15.47,12.62
2025-11-17T23:20:00Z,-3.48,-86.67,0,0,40,0,0.11,0,48.78,1370.22,0,0,0,0,15.69,0.11,0,0,1.92,0,0.01,0,15.89,0.52
2025-11-17T23:25:00Z,-5.46,-41.46,0,0,40,0,0.11,0,34.11,1322.6,0,0,0,0,15.66,0.06,0,0,1.92,0,0.01,0,16.63,8.64
2025-11-17T23:30:00Z,-4.91,-8.27,0,0,41,0,0.11,0,42.2,1282.22,0,0,0,0,15.63,0.01,0,0,1.97,0,0.01,0,17.41,12.51
2025-11-17T23:35:00Z,-1.48,-16.84,0,0,42,0,0.11,0,61.49,1258.7,0,0,0,0,15.63,0.02,0,0,2.02,0,0.01,0,17.85,8.9
2025-11-17T23:40:00Z,-0.88,0,29.37,0,43,0,0.11,0,60.4,1247.09,0,0,0,0,15.62,0,1.44,0,2.06,0,0.01,0,31.91,12.77
2025-11-17T23:45:00Z,-0.88,0,36.63,0,43,0,0.11,0,58.64,1243.61,0,0,0,0,15.62,0,1.86,0,2.06,0,0.01,0,36.05,8.94
2025-11-17T23:50:00Z,-1.08,0,71.08,0,41,0,0.11,0,51.29,1224.41,0,0,0,0,15.61,0,3.64,0,1.97,0,0.01,0,54.1,9.19
2025-11-17T23:55:00Z,-1.08,0,135.99,0,41,0,0.11,0,47.66,1186.05,0,0,0,0,15.61,0,6.94,0,1.97,0,0.01,0,94.07,11.36
2025-11-18T00:00:00Z,-1.38,0,118.04,0,40,0,0.11,0,45.13,1186.6,0,0,0,0,15.6,0,5.91,0,1.92,0,0.01,0,81.57,0.01
2025-11-18T00:05:00Z,-2.17,0,171.92,0,40,0,0.11,0,23.76,1151.03,0,0,0,0,15.6,0,8.56,0,1.92,0,0.01,0,120.93,0.52
2025-11-18T00:10:00Z,-0.93,0,118.85,0,44,0,0.11,0,55.13,1147.02,0,0,0,0,15.6,0,6.1,0,2.11,0,0.01,0,87.59,9.12
2025-11-18T00:15:00Z,-1.85,0,161.53,0,41,0,0.11,0,69.49,1120.3,0,0,0,0,15.6,0,8.01,0,1.97,0,0.01,0,112.21,9.25
2025-11-18T00:20:00Z,-1.44,0,196.45,-0.1,40,0,0.11,0,58.02,1103.1,0,0,0,0,15.6,0,9.89,0,1.92,0,0.01,0,141.39,9.26
2025-11-18T00:25:00Z,-1.05,0,259.13,0,41,0,0.11,0,68.04,1059.58,0,0,0,0,15.6,0,13.12,0,1.97,0,0.01,0,199.32,27.07
2025-11-18T00:30:00Z,-1.75,0,314.02,0,40,0,0.11,0,64,1013.83,0,0,0,0,15.6,0,16.01,0,1.92,0,0.01,0,268.3,9.61
2025-11-18T00:35:00Z,-1.04,0,336.97,0,41,0,0.11,0,63.46,1008.42,0,0,0,0,15.58,0,17.13,0,1.97,0,0.01,0,295.85,9.7
2025-11-18T00:40:00Z,-3.79,0,328.14,0,40,0,0.11,0,39.45,1028.78,0,0,0,0,15.57,0,16.43,0,1.92,0,0.01,0,283.67,0.01
2025-11-18T00:45:00Z,-1.75,0,304.76,-0.1,40,0,0.11,0,32.15,1064.8,0,0,0,0,15.55,0,14.97,0,1.92,0,0.01,0,244.17,0.01
2025-11-18T00:50:00Z,-8.21,0,295.03,0,40,0,0.11,0,24,1090.51,0,0,0,0,15.53,0,14.36,0,1.92,0,0.01,0,229.62,9.59
2025-11-18T00:55:00Z,-7.89,0,283.05,-0.1,40,0,0.11,0,31.9,1097.04,0,0,0,0,15.52,0,13.65,0,1.92,0,0.01,0,212.93,0.01
2025-11-18T01:00:00Z,-5.84,0,291.56,0,41,0,0.11,0,32.95,1106.99,0,0,0,0,15.5,0,13.85,0,1.97,0,0.01,0,214.83,9.8
2025-11-18T01:05:00Z,-1.05,0,286.18,0,41,0,0.11,0,39.25,1101.85,0,0,0,0,15.48,0,13.61,0,1.97,0,0.01,0,208.9,9.89
2025-11-18T01:10:00Z,-1.54,0,297.46,0,40,0,0.1,0,24.71,1098.56,0,0,0,0,15.47,0,14.07,0,1.92,0,0.01,0,222.09,9.84
2025-11-18T01:15:00Z,-1.07,0,319.8,0,40,0,0.11,0,29.77,1059.74,0,0,0,0,15.45,0,15.16,0,1.92,0,0.01,0,253.47,18.8
2025-11-18T01:20:00Z,-0.85,0,340.57,0,43,0,0.11,0,48.8,1023.48,0,0,0,0,15.43,0,16.21,0,2.06,0,0.01,0,283.36,20.94
2025-11-18T01:25:00Z,-1.16,0,377.72,0,41,0,0.11,0,33.75,982.15,0,0,0,0,15.42,0,18.25,0,1.97,0,0.01,0,357.82,21.38
2025-11-18T01:30:00Z,-0.91,0,367.25,0,41,0,0.11,0,27.45,983.98,0,0,0,0,15.4,0,17.9,0,1.97,0,0.01,0,348.54,20.43
2025-11-18T01:35:00Z,-3.4,0,395.37,0,40,0,0.11,0,24.78,965.95,0,0,0,0,15.37,0,19.4,0,1.92,0,0.01,0,404.84,18.8
2025-11-18T01:40:00Z,-1.15,0,393.6,0,41,0,0.1,0,26.03,965.53,0,0,0,0,15.33,0,19.33,0,1.97,0,0.01,0,400.76,21.26
2025-11-18T01:45:00Z,-6.24,0,389.06,-0.1,43,0,0.11,0,34.02,949.6,0,0,0,0,15.3,0,19.19,0,2.06,0,0.01,0,404.04,20.98
2025-11-18T01:50:00Z,-1.81,0,421.86,0,41,0,0.11,0,35.35,930.82,0,0,0,0,15.27,0,20.87,0,1.97,0,0.01,0,469.68,22.09
2025-11-18T01:55:00Z,-1.43,0,426.07,0,43,0,0.11,0,31.72,922.3,0,0,0,0,15.23,0,21.4,0,2.06,0,0.01,0,494.48,47.23
2025-11-18T02:00:00Z,-1.33,0,415.63,0,40,0,0.1,0,25.66,929.26,0,0,0,0,15.2,0,21.32,0,1.92,0,0.01,0,482.54,46.01
2025-11-18T02:05:00Z,-1.75,0,404.67,-0.1,40,0,0.11,0,24.8,920.06,0,0,0,0,15.2,0,20.94,0,1.92,0,0.01,0,474.41,21.18
2025-11-18T02:10:00Z,-1.26,0,431.25,0,42,0,0.1,0,31.77,897.01,0,0,0,0,15.2,0,22.28,0,2.02,0,0.01,0,541.77,44.51
2025-11-18T02:15:00Z,-1.04,0,412.76,0,40,0,0.11,0,26.45,874.73,0,0,0,0,15.2,0,21.54,0,1.92,0,0.01,0,533.81,45.24
2025-11-18T02:20:00Z,-1.92,0,442.17,0,40,0,0.11,0,25.36,866.59,0,0,0,0,15.2,0,23.15,0,1.92,0,0.01,0,616.75,43.59
2025-11-18T02:25:00Z,-9.57,0,451.7,0,40,0,0.11,0,23.61,840.5,0,0,0,0,15.2,0,23.54,0,1.92,0,0.01,0,689.99,41.6
2025-11-18T02:30:00Z,-0.85,0,482.48,-0.1,41,0,0.11,0,26.08,799.22,0,0,0,0,15.2,0,25.59,0,1.97,0,0.01,0,863.61,41.21
2025-11-18T02:35:00Z,-1.86,0,476.95,-0.1,43,0,0.11,0,33.65,776.73,0,0,0,0,15.22,0,25.42,0,2.06,0,0.01,0,880.57,48.04
2025-11-18T02:40:00Z,-6.35,0,479.86,0,43,0,0.11,0,33.84,768.3,0,0,0,0,15.23,0,26.01,0,2.06,0,0.01,0,938.6,48.21
2025-11-18T02:45:00Z,-6.23,0,480.14,0,44,0,0.11,0,33.43,762.89,0,0,0,0,15.25,0,26.16,0,2.11,0,0.01,0,958.59,50.22
2025-11-18T02:50:00Z,-2.62,0,486.43,0,40,0,0.11,0,25.3,760.93,0,0,0,0,15.27,0,26.49,0,1.92,0,0.01,0,1010.91,49.54
2025-11-18T02:55:00Z,-1.94,0,518.35,-0.1,42,0,0.11,0,29.42,730.86,0,0,0,0,15.28,0,28.42,0,2.02,0,0.01,0,1295.27,47.44
2025-11-18T03:00:00Z,-2.53,0,532.38,-0.1,40,0,0.11,0,25.36,732.5,0,0,0,0,15.3,0,29.2,0,1.92,0,0.01,0,1420.56,50.81
2025-11-18T03:05:00Z,-7.53,0,545.19,-0.1,40,0,0.11,0,24.8,717.35,0,0,0,0,15.28,0,29.88,0,1.92,0,0.01,0,1663.69,50.42
2025-11-18T03:10:00Z,-16.22,0,579.83,-0.1,42,0,0.11,0,27.82,686.24,0,0,0,0,15.27,0,31.97,0,2.02,0,0.01,0,2549.16,49.05
2025-11-18T03:15:00Z,-21.98,0,602.22,-0.1,40,0,0.11,0,25.74,666.33,0,0,0,0,15.25,0,33.47,0,1.92,0,0.01,0,3938.02,99.45
2025-11-18T03:20:00Z,-12.34,0,580.32,-0.1,40,0,0.1,0,26.22,671.58,0,0,0,0,15.23,0,32.61,0,1.92,0,0.01,0,2855.6,99.45
2025-11-18T03:25:00Z,-20.24,0,622.89,-0.1,43,0,0.11,0,31.98,626.9,0,0,0,0,15.22,0,35.13,0,2.06,0,0.01,0,7597.92,148.18
2025-11-18T03:30:00Z,-5.76,0,536.73,0,40,0,0.1,0,59.72,626.64,0,0,0,0,15.2,0,30.49,0,1.92,0,0.01,0,2114.25,99.45
2025-11-18T03:35:00Z,-11.84,0,597.53,0,41,0,0.11,0,30.88,622.14,0,0,0,0,15.2,0,34.27,0,1.97,0,0.01,0,5131.86,99.45
2025-11-18T03:40:00Z,-11.61,0,653.68,0,41,0,0.11,0,34.8,563.21,0,0,0,0,15.2,0,37.68,0,1.97,0,0.01,0,18181.39,148
2025-11-18T03:45:00Z,-3.02,0,603.11,0,40,0,0.11,0,84.1,526.49,0,0,0,0,15.2,0,34.86,0,1.92,0,0.01,0,9907.16,148.49
2025-11-18T03:50:00Z,-0.99,0,570.75,-0.1,41,0,0.11,0,108.05,518.03,0,0,0,0,15.2,0,32.95,0,1.97,0,0.01,0,4395.12,148.1
2025-11-18T03:55:00Z,-1.38,0,572.42,-0.1,42,0,0.11,0,108.77,503.85,0,0,0,0,15.2,0,33.41,0,2.02,0,0.01,0,5260.11,148.24
2025-11-18T04:00:00Z,-0.94,0,605.8,0,42,0,0.11,0,109.82,478.11,0,0,0,0,15.2,0,35.72,0,2.02,0,0.01,0,19440.89,148
2025-11-18T04:05:00Z,-2.19,0,591.06,0,40,0,0.11,0,134.79,470.06,0,0,0,0,15.18,0,35.02,0,1.92,0,0.01,0,8574.67,125
2025-11-18T04:10:00Z,-0.89,0,594.48,-0.1,43,0,0.11,0,147.95,458.32,0,0,0,0,15.17,0,35.21,0,2.06,0,0.01,0,8298.29,125
2025-11-18T04:15:00Z,-0.74,0,585.81,0,44,0,0.11,0,156.81,457.04,0,0,0,0,15.15,0,34.94,0,2.11,0,0.01,0,6228.23,148
2025-11-18T04:20:00Z,-5.8,0,591.48,-0.1,43,0,0.11,0,164.31,424.26,0,0,0,0,15.13,0,35.35,0,2.06,0,0.01,0,13093.75,175.97
2025-11-18T04:25:00Z,-0.79,0,618.13,0,43,0,0.11,58.44,102.76,387.11,0,0,0,0,15.12,0,36.9,0,2.06,0,0.01,2.87,18253.72,162.32
2025-11-18T04:30:00Z,-0.96,0,598.99,0,40,0,0.11,79.91,121.48,387.32,0,0,0,0,15.1,0,36.39,0,1.92,0,0.01,3.93,17564.13,129.99
2025-11-18T04:35:00Z,-0.94,0,625.03,0,41,0,0.11,60.52,151.57,379.68,0,0,0,0,15.04,0,37.58,0,1.97,0,0.01,2.97,73899.6,138
2025-11-18T04:40:00Z,-0.68,0,601.13,0,45,0,0.11,62.55,202.46,375.55,0,0,0,0,14.98,0,37.29,0,2.16,0,0.01,3.07,6086.7,175.97
2025-11-18T04:45:00Z,-1.43,0,598.6,0,40,0,0.11,89.48,183.54,349.79,0,0,0,0,14.93,0,37.02,0,1.92,0,0.01,4.4,8271.11,162.32
2025-11-18T04:50:00Z,-0.83,0,623.62,0,41,0,0.11,80.74,193.95,333.36,0,0,0,0,14.87,0,39.12,0,1.97,0,0.01,3.97,21899.33,198
2025-11-18T04:55:00Z,-0.89,0,598.07,0,41,0,0.11,118.79,203.62,305.75,0,0,0,0,14.81,0,36.98,0,1.97,0,0.01,5.84,7645.25,210.33
2025-11-18T05:00:00Z,-0.95,0,579.84,0,41,0,0.11,119.51,217.68,301.23,0,0,0,0,14.75,0,35.94,0,1.97,0,0.01,5.87,5321.57,175.97
2025-11-18T05:05:00Z,-0.68,0,623.9,0,42,0,0.1,112.14,215.56,286.24,0,0,0,0,14.71,0,38.9,0,2.02,0,0.01,5.51,17716.81,198.67
2025-11-18T05:10:00Z,-0.68,0,563.19,0,43,0,31.8,121.81,224.9,291.42,0,0,0,0,14.67,0,35.07,0,2.06,0,1.35,5.99,3579.96,175.97
2025-11-18T05:15:00Z,-0.73,0,646.54,0,43,0,41.29,85.92,229.89,274.47,0,0,0,0,14.63,0,39.48,0,2.06,0,1.75,4.22,20895.2,215.04
2025-11-18T05:20:00Z,-1.53,0,604.72,0,40,0,41.46,118.96,250.2,251.35,0,0,0,0,14.58,0,37.17,0,1.92,0,1.76,5.85,5854.41,215.04
2025-11-18T05:25:00Z,-0.83,0,613.48,0,40,0,41.52,119.29,252.72,251.29,0,0,0,0,14.54,0,38.27,0,1.92,0,1.76,5.86,6340.2,215.04
2025-11-18T05:30:00Z,-0.7,0,583.45,0,40,0,41.54,119.81,256.99,244.04,0.02,0,0,0,14.5,0,35.46,0,1.92,0,1.76,5.89,4569.93,215.04
2025-11-18T05:35:00Z,-0.7,0,623.84,0,40,0,41.57,118.91,230.94,242.77,0.09,1.36,0,0,14.53,0,37.74,0,1.92,0,1.76,5.84,11099.97,215.04
2025-11-18T05:40:00Z,-0.83,0,657.28,0,40,0,41.58,118.07,232.01,229.17,0.28,2.72,0,0,14.55,0,38.9,0,1.92,0,1.76,5.8,101671.03,262
2025-11-18T05:45:00Z,-22.71,0,641.16,0,41,0,41.54,139.97,265.96,226.24,1.31,4.07,0,0,14.57,0,38.46,0,1.97,0,1.76,6.88,10474.24,305
2025-11-18T05:50:00Z,-19.94,0,653.86,0,40,0,71.53,139.99,251.32,212.89,1.83,5.43,0,0,14.6,0,39.31,0,1.92,0,3.75,6.88,12651.87,305.55
2025-11-18T05:55:00Z,-21.61,0,632.71,0,40,0,73.39,139.06,287.66,213.82,5.51,6.79,0,0,14.62,0,38.29,0,1.92,0,3.88,6.83,5460.94,265.12
2025-11-18T06:00:00Z,-0.69,0,657.71,23.4,40,0,171.82,137.3,146.29,213.64,8.8,8.15,0,0,14.65,0,39.27,2.92,1.92,0,9.91,6.75,8013.97,241
2025-11-18T06:05:00Z,-1.1,0,656.5,23.7,40,0,202.53,134.81,140.76,204.27,14.95,16.48,0,0,14.71,0,39.33,2.96,1.92,0,11.95,6.62,6283.26,270
2025-11-18T06:10:00Z,-1.31,0,657.65,-0.1,40,0,216.29,139.77,145.51,214.4,20.92,24.81,0,0,14.77,0,39.2,0,1.92,0,12.79,6.87,5112.99,240.01
2025-11-18T06:15:00Z,-3.46,0,635.01,0,40,0,216.66,137.9,139.23,217.33,34.76,33.14,0,0,14.82,0,37.33,0,1.92,0,12.81,6.78,3910.21,215.04
2025-11-18T06:20:00Z,-3.97,0,658.18,0,40,0,180.24,119.92,158.92,215.24,53.26,41.47,0,0,14.88,0,38.18,0,1.92,0,10.58,5.89,4621.15,215.04
2025-11-18T06:25:00Z,-18.48,0,709.59,0,40,0,177.16,119.89,124.08,206.84,68.64,49.8,0,0,14.94,0,39.99,0,1.92,0,10.38,5.89,11968.22,215.04
2025-11-18T06:30:00Z,-18.73,0,674.48,0,40,0,178.53,120.15,115.89,200.05,81.58,58.13,0,0,15,0,39.16,0,1.92,0,10.47,5.9,6817.65,177.77
2025-11-18T06:35:00Z,-0.59,0,660.92,0,44,0,129.03,123.61,141.88,194.13,100.31,68.01,0,0,15,0,37.75,0,2.11,0,7.17,6.07,4570.25,175.97
2025-11-18T06:40:00Z,-0.59,0,685.16,0,43,0,99.05,97.86,198.07,184.55,118.35,77.89,0,0,15,0,38.52,0,2.06,0,5.31,4.81,4573.53,175.97
2025-11-18T06:45:00Z,-0.65,0,662.41,0,44,0,99.06,91.2,216.6,182.98,137.62,87.77,0,0,15,0,38.45,0,2.11,0,5.31,4.48,3080.02,175.97
2025-11-18T06:50:00Z,-0.65,0,671.99,0,42,0,97.58,98.05,200.64,181.91,158.17,97.65,0,0,15,0,38.34,0,2.02,0,5.22,4.82,2973.57,175.97
2025-11-18T06:55:00Z,-1,0,669.67,0,40,0,103.84,102.07,171.63,174.97,182.08,107.53,0,0,15,0,38.48,0,1.92,0,5.72,5.02,2901.89,229.98
2025-11-18T07:00:00Z,-2.4,0,671.39,0,40,0,137.45,122.33,99.95,157.79,205.22,117.41,0,0,15,0,38.07,0,1.92,0,7.95,6.01,3137.58,198
2025-11-18T07:05:00Z,-0.66,0,653.99,0,42,0,139.11,121.48,94.15,149.99,226.52,131.5,0,0,15.07,0,36.11,0,2.02,0,8.05,5.97,2502.28,198
2025-11-18T07:10:00Z,-0.77,0,610.77,0,41,0,105.43,139.12,104.37,137.38,248.96,145.6,0,0,15.15,0,33.15,0,1.97,0,6.58,6.84,1877.04,177.77
2025-11-18T07:15:00Z,-31.32,0,662.4,0,41,0,90.1,138.17,65.43,155.35,265.73,159.69,0,0,15.22,0,35.59,0,1.97,0,5.81,6.79,2714.07,175.97
2025-11-18T07:20:00Z,-0.54,0,665.11,0,41,0,61.58,115.24,61.74,149.58,291.77,173.79,0,0,15.3,0,35.71,0,1.97,0,3.91,5.66,2475.6,175.97
2025-11-18T07:25:00Z,-5.21,0,652.14,0,42,0,61.62,105.9,57.78,142.73,306.54,187.88,0,0,15.38,0,33.94,0,2.02,0,3.91,5.2,2188.99,175.97
2025-11-18T07:30:00Z,-8.02,0,642.56,0,42,0,62.33,96.18,56.9,143.34,330.25,201.97,0,0,15.45,0,33.33,0,2.02,0,3.96,4.73,1871.03,175.97
2025-11-18T07:35:00Z,-1.17,0,608.72,0,43,0,40.01,83.38,66.79,155.8,352.97,218.33,0,0,15.49,0,31.05,0,2.06,0,2.47,4.1,1359.02,175.97
2025-11-18T07:40:00Z,-0.63,0,627.6,-0.1,43,0,32.26,74.86,38.31,163.28,373.44,234.69,0,0,15.53,0,31.48,0,2.06,0,1.96,3.68,1418.32,65.73
2025-11-18T07:45:00Z,-33.04,0,676.34,-0.1,43,0,32.3,66.35,33.04,149.7,392.86,251.04,0,0,15.58,0,33.17,0,2.06,0,1.96,3.26,1875.68,230
2025-11-18T07:50:00Z,-0.66,0,656.69,0,44,0,32.62,12.51,46.45,141.78,404.83,267.4,0,0,15.62,0,32.37,0,2.11,0,1.98,0.61,1522.64,65.73
2025-11-18T07:55:00Z,-7.69,0,568.41,0,44,0,30.68,10.3,126.46,141.58,415.64,283.76,0,0,15.66,0,27.56,0,2.11,0,1.86,0.51,807.22,125
2025-11-18T08:00:00Z,-9.46,0,544.02,0,44,0,30.63,0,127.29,138.66,424.95,300.11,0,0,15.7,0,26.98,0,2.11,0,1.86,0,725.3,65.73
2025-11-18T08:05:00Z,-28.39,0,539.16,0,45,0,30.89,0,105.78,143.25,431.23,322.68,0,0,15.7,0,26.02,0,2.16,0,1.88,0,705.32,0
2025-11-18T08:10:00Z,-8.78,0,528.56,0,42,0,30.44,0,100.14,139,437.32,345.24,0,0,15.7,0,25.16,0,2.02,0,1.85,0,625.47,-3.8
2025-11-18T08:15:00Z,-34.18,0,571.9,0,44,0,30.39,0,59.74,140.76,441.32,367.81,0,0,15.7,0,28.17,0,2.11,0,1.85,0,806.76,10.9
2025-11-18T08:20:00Z,-4.33,0,542.72,0,43,0,30.16,0,39.23,149.41,448.14,390.37,0,0,15.7,0,26.94,0,2.06,0,1.83,0,668.72,0
2025-11-18T08:25:00Z,-1.73,0,549.8,0,42,0,30.69,0,11.41,151.47,453.05,412.94,0,0,15.7,0,26.74,0,2.02,0,1.87,0,667.97,0
2025-11-18T08:30:00Z,-28.76,0,560.8,0,40,0,15.91,0,10.21,148.27,456.44,435.5,0,0,15.7,0,26.41,0,1.92,0,0.97,0,680.3,-6.96
2025-11-18T08:35:00Z,-10.06,0,513.61,0,45,0,16.3,0,14.25,162.85,462.84,452.12,0,0,15.74,0,25.32,0,2.16,0,0.99,0,542.46,0
2025-11-18T08:40:00Z,-24.54,0,539.22,0,40,0,0.11,0,10.08,162.49,466.28,468.74,0,0,15.78,0,25.36,0,1.92,0,0.01,0,560.71,0
2025-11-18T08:45:00Z,-32.78,0,526,0,40,0,0.11,0,10.21,173.38,470.71,485.36,0,0,15.82,0,24.12,0,1.92,0,0.01,0,503.23,-6.84
2025-11-18T08:50:00Z,-18.93,0,475.46,0,43,0,0.11,0,13.31,186.69,479.67,501.98,0,0,15.87,0,23.25,0,2.06,0,0.01,0,415.95,-6.81
2025-11-18T08:55:00Z,-0.46,0,404.95,0,46,0,0.11,0,28.28,212.12,482.9,518.61,0,0,15.91,0,20.6,0,2.21,0,0.01,0,310.15,-6.75
2025-11-18T09:00:00Z,-2.64,0,378.85,0,41,0,0.11,0,10.28,217.97,489.96,535.23,0,0,15.95,0,18.89,0,1.97,0,0.01,0,274.28,-6.68
2025-11-18T09:05:00Z,-14.23,0,399.01,0,43,0,0.11,0,8.7,206.02,494.34,549.91,0,0,15.89,0,20.14,0,2.06,0,0.01,0,299.82,-1.49
2025-11-18T09:10:00Z,-69.97,0,429.87,0,44,0,0.11,0,4.04,208.53,497.54,564.59,0,0,15.83,0,21.63,0,2.11,0,0.01,0,347.94,0
2025-11-18T09:15:00Z,-31.37,0,372.09,0,40,0,0.11,0,0.37,222.89,504.42,579.28,0,0,15.77,0,18.86,0,1.92,0,0.01,0,264.4,0
2025-11-18T09:20:00Z,-46.6,0,330.16,0,42,0,0.11,0,2.15,239.67,510.52,593.96,0,0,15.72,0,17.01,0,2.02,0,0.01,0,225.79,0
2025-11-18T09:25:00Z,-51.59,0,295.72,0,47,0,0.11,0,15.95,247.75,510.19,608.65,0,0,15.66,0,15.68,0,2.26,0,0.01,0,198.89,-7.97
2025-11-18T09:30:00Z,-80.37,0,309.29,0,42,0,0.11,0,1.31,254.24,517.72,623.33,20.1,0,15.6,0,15.67,0,2.02,0,0.01,0,202.35,-10.61
2025-11-18T09:35:00Z,-49.15,0,337.85,0,42,0,0.11,0,2.61,248.16,483.94,644,27.13,35.04,15.66,0,16.3,0,2.02,0,0.01,0,212.68,-10.52
2025-11-18T09:40:00Z,-17.57,0,322.48,0,41,6,0.11,0,0,253.91,477.5,664.66,32.51,35.49,15.72,0,15.58,0,1.97,0.2,0.01,0,193.12,-11.01
2025-11-18T09:45:00Z,-8.6,0,306.07,0,42,6,0.11,0,0.25,255.13,486.42,685.33,34.25,35.23,15.77,0,14.28,0,2.02,0.2,0.01,0,170.65,-11.02
2025-11-18T09:50:00Z,-15.93,0,286.06,0,41,5.78,0.11,0,0.14,245.48,487.74,706,34.7,43.74,15.83,0,13.08,0,1.97,0.19,0.01,0,154.51,-10.85
2025-11-18T09:55:00Z,-5.97,0,215.45,0,43,30.61,0.11,0,6.53,251.12,491.37,726.67,33.07,38.29,15.89,0,10.21,0,2.06,1.02,0.01,0,120.23,-8.42
2025-11-18T10:00:00Z,-4.71,0,128.36,0,41,40,0.11,0,0,258.82,532.29,747.34,34.54,0,15.95,0,6.05,0,1.97,1.34,0.01,0,75.56,-10.64
2025-11-18T10:05:00Z,-7.95,0,132.53,0,40,39.33,0.11,0,0.34,286.26,492.49,768.35,44.87,36.66,16.09,0,6.42,0,1.92,1.32,0.01,0,77.98,-10.99
2025-11-18T10:10:00Z,-2.08,0,165.17,0,44,42.02,0.11,0,2.91,278.4,498,789.37,53.44,41.04,16.23,0,8.05,0,2.11,1.41,0.01,0,93.37,-11.39
2025-11-18T10:15:00Z,-17.04,0,239.38,0,42,41.34,0.11,0,3.28,290.65,417.1,810.39,44.25,127.97,16.37,0,11.74,0,2.02,1.38,0.01,0,134.81,-11.67
2025-11-18T10:20:00Z,-49.81,0,272.54,0,43,41.34,0.11,0,0.11,293.61,417.75,831.41,59.01,128.54,16.52,0,13.03,0,2.06,1.38,0.01,0,151.63,-12.63
2025-11-18T10:25:00Z,-38.06,0,317.39,0,40,41.34,0.11,0,0,234.98,412.12,852.42,120.95,128.14,16.66,0,15.21,0,1.92,1.38,0.01,0,181.34,-13.17
2025-11-18T10:30:00Z,-14.06,0,282.57,0,41,68.86,0.11,0,0.27,205.41,413.16,873.44,157.1,132.77,16.8,0,13.86,0,1.97,2.31,0.01,0,166.76,-12.57
2025-11-18T10:35:00Z,-21.23,0,273.03,0,43,69.53,0.11,0,0.3,201.06,399.83,889.13,155.72,129.28,16.83,0,13.47,0,2.06,2.33,0.01,0,163.88,-14
2025-11-18T10:40:00Z,-34.11,0,300.65,-0.1,24,71.54,0.11,0,1.12,203.31,399.89,904.82,151.5,122.53,16.87,0,14.79,0,1.15,2.4,0.01,0,173.31,-11.93
2025-11-18T10:45:00Z,-74.91,0,341.32,-0.1,0,71.54,0.1,0,0.33,218.38,405.31,920.51,144.42,130.08,16.9,0,16.63,0,0,2.4,0.01,0,190.34,-10
2025-11-18T10:50:00Z,-51.07,0,142.26,0,0,71.54,0.11,0,0.25,284.36,483.9,936.2,84.78,43.5,16.93,0,6.5,0,0,2.4,0.01,0,67.5,-11.11
2025-11-18T10:55:00Z,-34.12,0,180,0,0,71.54,0.11,0,2.24,274.46,436.05,951.89,117.02,118.46,16.97,0,8.58,0,0,2.4,0.01,0,86.55,-11.11
2025-11-18T11:00:00Z,-40.46,0,178.41,0,0,71.54,0.11,0,0.36,279.61,436.07,967.58,131.54,107.76,17,0,8.6,0,0,2.4,0.01,0,85.91,-11.11
2025-11-18T11:05:00Z,-43.39,0,114.99,0,0,71.54,0.11,0,1.03,281.27,482.59,980.94,123.06,58.78,17.08,0,5.54,0,0,2.4,0.01,0,57.45,-10.45
2025-11-18T11:10:00Z,-39.65,0,75.41,0,0,71.54,0.11,0,0.37,285.4,502.92,994.3,107.62,42.75,17.17,0,3.52,0,0,2.4,0.01,0,40.88,-10.66
2025-11-18T11:15:00Z,-68.03,0,90.62,0,0,71.54,0.11,0,0.7,295.13,504.59,1007.66,128.51,42.77,17.25,0,4.25,0,0,2.4,0.01,0,46.41,-9.77
2025-11-18T11:20:00Z,-136.48,0,141.94,0,0,71.54,0.11,0,0.34,320.42,455.65,1021.01,109.83,43.15,17.33,0,6.42,0,0,2.4,0.01,0,66.57,-11.11
2025-11-18T11:25:00Z,-184.88,0,212.98,0,0,97.72,0.11,0,0.26,306.73,420.92,1034.37,130.22,108.99,17.42,0,9.62,0,0,3.27,0.01,0,105.85,-12.54
2025-11-18T11:30:00Z,-218.71,0,207.73,0,0,107.11,0.1,0,0.17,307.41,418.06,1047.73,223.7,129.66,17.5,0,9.36,0,0,3.59,0.01,0,106.91,-12.25
2025-11-18T11:35:00Z,-209.88,0,219.11,0,0,110.47,0.11,0,0.24,246.99,417.78,1086.26,218.74,130.17,17.77,0,9.8,0,0,3.7,0.01,0,113.13,-14
2025-11-18T11:40:00Z,-181.34,0,313.11,0,0,111.14,0.11,0,1.7,237.29,290.44,1124.79,242.62,152.45,18.03,0,14.14,0,0,3.72,0.01,0,168.71,-12.02
2025-11-18T11:45:00Z,-189.64,0,210.3,0,0,155.43,0.11,0,0.29,250.98,308.71,1163.32,268.28,129.8,18.3,0,9.42,0,0,5.2,0.01,0,118.7,-10
2025-11-18T11:50:00Z,-140.37,-64.4,0,0,0,168.18,0.11,0,0.22,335.83,381.98,1201.85,158.46,42.61,18.57,0.41,0,0,0,5.63,0.01,0,33.31,-10.5
2025-11-18T11:55:00Z,-195.21,-90.63,0,0,0,168.85,0.11,0,0.73,343.36,404.81,1240.39,164.89,42.74,18.83,0.56,0,0,0,5.65,0.01,0,32.7,-11.11
2025-11-18T12:00:00Z,-248.34,-35.61,0,-0.1,0,170.2,0.11,0,0.22,333.03,365.17,1278.92,235.47,78.79,19.1,0.23,0,0,0,5.7,0.01,0,35.23,-11.34
2025-11-18T12:05:00Z,-255.41,-0.14,0,-0.1,0,165.5,0.11,0,0,324.92,305.65,1318.26,222.58,105.34,19.32,0,0,0,0,5.54,0.01,0,35.81,-11.92
2025-11-18T12:10:00Z,-293.61,0,80.94,-0.1,0,168.18,0.11,0,1.06,284.64,272.17,1357.61,279.6,109.75,19.53,0,3.61,0,0,5.63,0.01,0,64.95,-11.79
2025-11-18T12:15:00Z,-311.39,-3.01,0,-0.1,0,166.17,0.11,0,0,295.5,311.65,1396.96,246.95,91.26,19.75,0.02,0,0,0,5.56,0.01,0,35.88,-10.1
2025-11-18T12:20:00Z,-293.06,-136.19,0,0,0,164.83,0.11,0,0,346.35,340.34,1436.31,220.34,39.18,19.97,0.88,0,0,0,5.52,0.01,0,29.97,-11.93
2025-11-18T12:25:00Z,-300.16,-124.4,0,0,0,168.85,0.1,29.97,0,284.67,322.29,1475.65,282.02,91.07,20.18,1.1,0,0,0,5.65,0.01,1.47,38.98,-14.55
2025-11-18T12:30:00Z,-219.26,-204.12,0,0,0,166.17,0.11,35.03,0,290.42,282.9,1515,359.33,171.14,20.4,1.92,0,0,0,5.56,0.01,1.72,34.53,-11.11
2025-11-18T12:35:00Z,-306.5,-294.27,0,0,0,168.85,0.11,35.39,0,380.35,333.37,1541.27,243.71,107.66,20.5,2.37,0,0,0,5.65,0.01,1.74,32.46,-12.84
2025-11-18T12:40:00Z,-282.9,-229.94,0,0,0,170.87,0.11,35.95,0.38,300.47,323.73,1567.54,304.73,129.41,20.6,2.07,0,0,0,5.72,0.01,1.77,34.5,-15.08
2025-11-18T12:45:00Z,-281.67,-213.29,0,0,0,170.2,0.11,36.77,2.1,309.23,281.28,1593.81,345.54,175.03,20.7,2,0,0,0,5.7,0.01,1.81,34.82,-13.25
2025-11-18T12:50:00Z,-291.26,-281.08,0,0,0,166.84,0.11,34.26,1.3,311.85,314.67,1620.08,304.27,131.92,20.8,2.47,0,0,0,5.59,0.01,1.68,30.75,-19.9
2025-11-18T12:55:00Z,-287.68,-235.41,0,0,0,168.18,0.11,34.99,0.58,294.12,258.19,1646.35,353.62,199.5,20.9,2.29,0,0,0,5.63,0.01,1.72,32.35,-19.9
2025-11-18T13:00:00Z,-300.8,-233.65,0,0,0,166.17,0.11,35.17,0,339.57,245.6,1672.62,371.48,201.4,21,2.17,0,0,0,5.56,0.01,1.73,31.99,-20
2025-11-18T13:05:00Z,-297.27,-171.32,0,0,0,170.87,0.11,35.43,0.02,219.98,247.53,1683.22,482.05,191.94,21.05,1.9,0,0,0,5.72,0.01,1.74,35.4,-20.01
2025-11-18T13:10:00Z,-250.02,-126.96,0,0,0,124.56,0.11,36.48,2.5,191.71,250.22,1693.81,474.71,193.46,21.1,1.25,0,0,0,4.17,0.01,1.79,29.45,-19.98
2025-11-18T13:15:00Z,-256.49,-122.71,0,0,0,68.86,0.11,34.97,0,252.7,245.74,1704.4,398.7,191.7,21.15,0.82,0,0,0,2.31,0.01,1.72,19.98,-20.1
2025-11-18T13:20:00Z,-259.78,-99.12,0,0,0,58.12,0.11,35.63,0.31,210.56,259.78,1714.99,474.84,178.94,21.2,0.65,0,0,0,1.95,0.01,1.75,19.08,-19.98
2025-11-18T13:25:00Z,-246.39,-147.2,0,0,0,58.12,0.11,35.46,0.02,291.99,202.03,1725.59,429.54,264.18,21.25,0.93,0,0,0,1.95,0.01,1.74,17.31,-20
2025-11-18T13:30:00Z,-234.46,-79.12,0,0,0,44.7,0.11,35.52,0.38,241.2,171.23,1736.18,495.09,266.57,21.3,0.52,0,0,0,1.5,0.01,1.75,17.09,-20.46
2025-11-18T13:35:00Z,-254.32,-66.5,0,0,0,43.36,0.11,36.58,0.96,270.94,152.02,1731.36,572.79,286.14,21.22,0.43,0,0,0,1.45,0.01,1.8,17.72,-19.98
2025-11-18T13:40:00Z,-244.37,-158.12,0,0,0,43.36,0.11,34.49,0,355.55,164.49,1726.53,480.27,267.14,21.13,0.83,0,0,0,1.45,0.01,1.69,14.48,-20.7
2025-11-18T13:45:00Z,-280.63,-38.51,0,0,0,43.36,0.11,36.12,0.19,264.25,150.4,1721.7,525.62,246.54,21.05,0.25,0,0,0,1.45,0.01,1.77,18.86,-30.81
2025-11-18T13:50:00Z,-269.23,-43.51,0,0,0,43.36,0.11,35.34,0.21,276.9,137.65,1716.88,559.04,290.14,20.97,0.28,0,0,0,1.45,0.01,1.74,18.42,-20
2025-11-18T13:55:00Z,-266.95,-97.35,0,0,0,43.36,0.11,36.48,0.28,313.87,164.03,1712.05,510.79,263.44,20.88,0.57,0,0,0,1.45,0.01,1.79,16.9,-214.42
2025-11-18T14:00:00Z,-369.09,0,261.93,0,0,42.69,0.11,36.58,0,106.87,114.93,1707.22,750.67,334.54,20.8,0,12.4,0,0,1.43,0.01,1.8,136.22,-20
2025-11-18T14:05:00Z,-237.51,-101.61,0,0,0,42.69,0.11,35.9,0.31,290.01,162.74,1694.5,543.67,281.6,20.85,0.61,0,0,0,1.43,0.01,1.76,16.46,-66.5
2025-11-18T14:10:00Z,-297.82,-52.44,0,0,0,42.69,0.11,34.97,0,342.34,136.43,1681.78,587.96,309.54,20.9,0.3,0,0,0,1.43,0.01,1.72,18.16,-63.66
2025-11-18T14:15:00Z,-317.8,-49.53,0,0,0,42.69,0.11,35.61,0,357.14,137.29,1669.05,667.86,310.85,20.95,0.28,0,0,0,1.43,0.01,1.75,18.63,-200
2025-11-18T14:20:00Z,-379.01,0,237.02,0,0,42.69,0.11,36.35,0.23,180.6,112.16,1656.33,811.19,345.23,21,0,11.53,0,0,1.43,0.01,1.79,125.36,-20.1
2025-11-18T14:25:00Z,-265.63,-51.19,0,0,0,42.69,0.11,34.23,0.31,302.38,156.54,1643.6,634.88,277.95,21.05,0.3,0,0,0,1.43,0.01,1.68,18.17,-213.76
2025-11-18T14:30:00Z,-340.17,0,210.2,0,0,42.69,0.11,34.91,0.28,178.82,113.71,1630.88,823.13,341.18,21.1,0,10.07,0,0,1.43,0.01,1.72,109.31,-231.48
2025-11-18T14:35:00Z,-395.98,0,285.72,0,0,42.69,0.11,35.17,0.28,168.7,110.41,1618.48,894.12,340.9,21.07,0,12.73,0,0,1.43,0.01,1.73,147.37,-228.84
2025-11-18T14:40:00Z,-326.78,0,248.35,0,0,42.69,0.11,36.03,0.28,141.71,111.05,1606.08,912.96,341.47,21.03,0,11.74,0,0,1.43,0.01,1.77,131.59,-275.78
2025-11-18T14:45:00Z,-335.11,0,253.96,0,0,42.69,0.11,36.29,0.24,166.15,110.41,1593.67,950.34,326.43,21,0,11.51,0,0,1.43,0.01,1.78,129.88,-230.1
2025-11-18T14:50:00Z,-302.85,0,249.46,0,0,42.69,0.11,34.62,0,150.65,110.37,1581.27,1010.4,337.22,20.97,0,10.98,0,0,1.43,0.01,1.7,123.93,-228.87
2025-11-18T14:55:00Z,-173.33,0,174.26,0,0,42.69,0.11,34.32,0.02,162.76,97.68,1568.87,909.26,400.95,20.93,0,7.86,0,0,1.43,0.01,1.69,84.55,-231.47
2025-11-18T15:00:00Z,-203.2,0,216.49,0,0,42.69,0.11,35.54,0.86,166.73,0.42,1556.46,985.28,420.47,20.9,0,9.54,0,0,1.43,0.01,1.75,110.37,-20.57
2025-11-18T15:05:00Z,-91.97,-54.97,0,0,0,42.69,0.11,36.15,14.93,306.39,15.68,1540.33,810.56,432.66,20.92,0.42,0,0,0,1.43,0.01,1.78,18.49,-260.15
2025-11-18T15:10:00Z,-146.9,0,182.63,0,0,42.69,0.11,36.73,2.77,169.59,6.9,1524.2,1000.76,435.71,20.93,0,8.72,0,0,1.43,0.01,1.8,98.73,-277.68
2025-11-18T15:15:00Z,-176.76,0,253.03,0,0,42.69,0.11,34.9,0.02,154.75,0.38,1508.07,967.32,439.89,20.95,0,10.8,0,0,1.43,0.01,1.72,127.73,-228.29
2025-11-18T15:20:00Z,-154.63,0,242.8,0,0,42.69,0.11,36.3,15.47,145.44,0.87,1491.94,949.43,449.63,20.97,0,10.77,0,0,1.43,0.01,1.78,125.68,-229.03
2025-11-18T15:25:00Z,-195.37,0,327.73,0,0,42.69,0.11,34.15,0.11,138.7,0.35,1475.8,1016.93,424.5,20.98,0,13.62,0,0,1.43,0.01,1.68,171.79,-230.2
2025-11-18T15:30:00Z,-92.43,0,215.46,0,0,42.69,5.28,36.76,1.58,158.19,0.9,1459.67,954.39,429.26,21,0,9.21,0,0,1.43,0.32,1.81,109.66,-165.49
2025-11-18T15:35:00Z,-53.41,0,182.28,0,0,42.69,2.05,34.73,0.79,188.41,0.47,1437.81,960.32,434.57,21.07,0,8.05,0,0,1.43,0.13,1.71,92.29,-227.53
2025-11-18T15:40:00Z,-57.69,0,231.32,0,0,42.69,0.11,35.61,0.22,153.64,0.32,1415.94,1033.07,428.25,21.13,0,9.71,0,0,1.43,0.01,1.75,113.84,-275.27
2025-11-18T15:45:00Z,-22.75,0,212.21,0,0,42.69,0.11,35.31,3.28,147.76,0.95,1394.08,1045.56,415.46,21.2,0,9.62,0,0,1.43,0.01,1.74,110.5,-230.52
2025-11-18T15:50:00Z,-44.94,0,278.1,0,0,42.69,0.11,33.77,0.27,150.09,0.31,1372.21,1096.04,424.81,21.27,0,11.13,0,0,1.43,0.01,1.66,133.76,-228.14
2025-11-18T15:55:00Z,-8.71,0,252.88,0,0,42.69,0.11,36.9,0.01,155.83,0.68,1350.34,1064.59,399.6,21.33,0,11.36,0,0,1.43,0.01,1.81,132.28,-200
2025-11-18T16:00:00Z,-1.91,0,229.91,0,0,42.69,0.11,36.91,27.04,171.37,2.7,1328.48,1032.86,408.17,21.4,0,10.16,0,0,1.43,0.01,1.81,116.83,-102
2025-11-18T16:05:00Z,-3.87,0,207.89,0,0,42.69,0.11,34.38,12.48,246.31,0.74,1298.36,899.92,412.67,21.38,0,8.72,0,0,1.43,0.01,1.69,99.86,-200
2025-11-18T16:10:00Z,-4.91,0,287.13,0,0,42.69,0.11,36.7,6.18,199.41,1.86,1268.25,922.66,406.55,21.37,0,12.41,0,0,1.43,0.01,1.8,148.64,-200
2025-11-18T16:15:00Z,-12.39,0,337.52,0,0,42.69,0.11,34.73,0.76,179.56,22.54,1238.13,976.87,402.28,21.35,0,13.34,0,0,1.43,0.01,1.71,169.23,-20
2025-11-18T16:20:00Z,-7.2,0,135.22,0,0,42.69,0.11,36.15,5.63,350.84,46.5,1208.01,737.8,356.78,21.33,0,5.67,0,0,1.43,0.01,1.78,68.87,-20
2025-11-18T16:25:00Z,-19.79,0,33.34,0,0,42.69,0.1,34.91,2.5,426.48,36.52,1177.9,782.58,330.04,21.32,0,1.38,0,0,1.43,0.01,1.72,32.61,-80
2025-11-18T16:30:00Z,-5.67,0,124.46,0,0,42.69,0.11,36.39,10.65,362.62,115.62,1147.78,803.19,361.69,21.3,0,5.53,0,0,1.43,0.01,1.79,66.24,-20
2025-11-18T16:35:00Z,-13.45,0,65.22,0,0,42.69,0.11,36.36,5.58,443.48,150.12,1109.69,780.11,318.9,21.12,0,2.77,0,0,1.43,0.01,1.79,42.09,-155.84
2025-11-18T16:40:00Z,-13.32,0,202.84,0,0,42.69,0.11,35.46,9.24,297.63,213.38,1071.6,937.34,252.22,20.93,0,8.47,0,0,1.43,0.01,1.74,96.15,-43.76
2025-11-18T16:45:00Z,-28.71,0,91.21,0,0,42.69,0.11,35.78,0.56,465.61,216.45,1033.51,717.67,224.15,20.75,0,3.99,0,0,1.43,0.01,1.76,51.48,-19.98
2025-11-18T16:50:00Z,-50.51,-30.02,0,0,0,42.69,0.11,36.15,8.8,601.38,250.02,995.42,598.42,193.81,20.57,0.1,0,0,0,1.43,0.01,1.78,20.13,-20
2025-11-18T16:55:00Z,-13.98,0,113.36,0,0,42.69,0.11,0,23.16,475.1,251.62,957.33,720.28,200.31,20.38,0,4.99,0,0,1.43,0.01,0,47.5,-14
2025-11-18T17:00:00Z,-0.84,-25.44,0,0,0,42.69,0.11,0,27.92,612.33,282.26,919.24,507.51,162.02,20.2,0.04,0,0,0,1.43,0.01,0,9.03,-19.9
2025-11-18T17:05:00Z,-0.84,-17.61,0,0,0,42.69,0.11,0,28.42,673.91,248.8,876.44,574.81,187.43,20.07,0.03,0,0,0,1.43,0.01,0,9.14,-14.8
2025-11-18T17:10:00Z,-4.95,-69.83,0,0,0,42.69,0.11,0,37.46,744.22,273.41,833.65,375.33,157.95,19.93,0.09,0,0,0,1.43,0.01,0,8.69,-14
2025-11-18T17:15:00Z,-11.28,-68.53,0,0,0,42.69,0.11,0,18.02,809.91,277.82,790.86,401.68,140.22,19.8,0.09,0,0,0,1.43,0.01,0,8.71,-11.35
2025-11-18T17:20:00Z,-8.96,-159.74,0,0,0,42.69,0.11,0,18.85,942.57,268.21,748.07,321.55,126.42,19.67,0.18,0,0,0,1.43,0.01,0,8.14,-17.24
2025-11-18T17:25:00Z,-11.56,-101.82,0,0,0,43.36,0.11,0,13.83,963.55,223.04,705.28,429.76,161.01,19.53,0.12,0,0,0,1.45,0.01,0,8.75,-17.18
2025-11-18T17:30:00Z,-14.19,-54.7,0,0,0,42.69,0.11,0,25.92,941.39,220.87,662.49,434.35,159.16,19.4,0.06,0,0,0,1.43,0.01,0,9.03,-12.17
2025-11-18T17:35:00Z,-5.92,-74.31,0,0,0,42.69,0.11,0,14.27,960.1,247.84,622.97,452.02,108.16,19.18,0.08,0,0,0,1.43,0.01,0,8.97,-17.22
2025-11-18T17:40:00Z,-0.62,-100.71,0,0,0,42.69,0.11,0,5.82,1017.2,241.99,583.44,407.16,103.85,18.97,0.11,0,0,0,1.43,0.01,0,8.89,-17.21
2025-11-18T17:45:00Z,-5.09,0,24.29,0,0,42.69,0.11,0,11.33,963.01,223.57,543.92,400.54,112.28,18.75,0,1.13,0,0,1.43,0.01,0,17.51,-20
2025-11-18T17:50:00Z,-5.69,0,167.03,0,0,42.69,0.11,0,16.46,857.78,219.8,504.39,549.37,102.72,18.53,0,7.93,0,0,1.43,0.01,0,76.52,-19.9
2025-11-18T17:55:00Z,-6.78,0,150.53,0,0,42.69,0.11,0,19.22,938.1,206.74,464.87,449.88,101.03,18.32,0,7.29,0,0,1.43,0.01,0,69.18,-20
2025-11-18T18:00:00Z,-18.4,0,285.59,0,0,42.69,0.11,0,17.86,847.87,187.57,425.34,568.47,91.88,18.1,0,13.83,0,0,1.43,0.01,0,150.45,-18.71
2025-11-18T18:05:00Z,-2.51,0,282.28,0,0,43.36,0.11,0,15.61,883.58,177.72,389.1,433.63,83.85,18,0,13.59,0,0,1.45,0.01,0,147.49,-18.63
2025-11-18T18:10:00Z,-5.44,0,213.42,0,0,58.79,0.11,0,13.33,985.29,156.34,352.85,436.17,85.19,17.9,0,10.06,0,0,1.97,0.01,0,107.19,-11.9
2025-11-18T18:15:00Z,-2.72,0,222.39,0,0,59.46,0.11,0,13.47,993.43,156.34,316.6,457.19,46.45,17.8,0,10.37,0,0,1.99,0.01,0,112.96,-9.84
2025-11-18T18:20:00Z,-0.49,0,172.57,0,0,59.46,0.11,0,26.41,1019.33,182.65,280.36,380.39,0,17.7,0,8.09,0,0,1.99,0.01,0,86.79,-9.36
2025-11-18T18:25:00Z,-0.44,0,195.31,0,0,58.79,0.11,0,51.29,1047.65,150.88,244.11,277.77,0,17.6,0,9.36,0,0,1.97,0.01,0,100.27,-8.58
2025-11-18T18:30:00Z,-1.04,0,91.67,0,0,58.79,0.11,0,49.03,1193.88,125.64,207.86,163.54,0,17.5,0,4.34,0,0,1.97,0.01,0,49.16,-8.27
2025-11-18T18:35:00Z,-8.06,0,116.41,0,0,58.79,0.11,0,17.78,1235.53,105.2,187.39,143.34,0,17.47,0,5.32,0,0,1.97,0.01,0,59.1,-9.4
2025-11-18T18:40:00Z,-8.62,0,120.32,0,0,59.46,0.11,0,11.31,1251.03,85.25,166.92,181.45,0,17.43,0,5.24,0,0,1.99,0.01,0,60.08,-9.38
2025-11-18T18:45:00Z,-2.3,0,130.72,0,0,58.79,0.11,0,29.65,1268.36,73.46,146.45,172.55,0,17.4,0,5.67,0,0,1.97,0.01,0,63.54,-7.94
2025-11-18T18:50:00Z,-1.73,0,63.99,0,0,59.46,0.11,0,22.98,1347.56,35.42,125.98,72.2,0,17.37,0,2.8,0,0,1.99,0.01,0,37.74,-2.03
2025-11-18T18:55:00Z,-6.86,0,84.23,0,0,59.46,0.11,0,8.14,1373.67,26.23,105.51,29.81,0,17.33,0,3.55,0,0,1.99,0.01,0,44.9,0
2025-11-18T19:00:00Z,-4.5,0,76.84,0,0,59.46,0.11,0,22.01,1378.17,19.63,85.05,0,0,17.3,0,3.27,0,0,1.99,0.01,0,42.62,0
2025-11-18T19:05:00Z,-9.9,0,131.08,0,0,59.46,0.11,0,29.56,1348.56,13.42,73.65,0,0,17.23,0,5.65,0,0,1.99,0.01,0,66.32,0
2025-11-18T19:10:00Z,-9.44,0,160.76,0,0,58.79,0.11,0,8.42,1342.06,8.49,62.25,0,0,17.17,0,6.7,0,0,1.97,0.01,0,79.49,-0.22
2025-11-18T19:15:00Z,-5.16,0,183.04,0,0,59.46,0.11,0,9.93,1337.24,5.99,50.85,0,0,17.1,0,7.58,0,0,1.99,0.01,0,90.12,0
2025-11-18T19:20:00Z,-1.07,0,138.72,0,0,59.46,0.11,0,14.34,1360.51,3.91,39.45,0,0,17.03,0,5.87,0,0,1.99,0.01,0,70.57,3.47
2025-11-18T19:25:00Z,-2.05,0,202.16,0,0,59.46,0.11,0,28.94,1310.54,2.35,28.05,0,0,16.97,0,8.79,0,0,1.99,0.01,0,105.61,20.93
2025-11-18T19:30:00Z,-0.43,0,257.99,0,0,60.14,0.11,0,20.45,1240.43,1.52,16.65,0,0,16.9,0,11.63,0,0,2.01,0.01,0,151.53,59.55
2025-11-18T19:35:00Z,-1.24,0,266.3,0,0,58.79,0.11,0,71.88,1188.51,0.44,13.87,0,0,16.88,0,12.5,0,0,1.97,0.01,0,162.95,90.44
2025-11-18T19:40:00Z,-1.54,0,270.43,0,0,66.85,0.11,0,70.61,1164.88,0.11,11.1,0,0,16.87,0,12.82,0,0,2.24,0.01,0,173.6,96.95
2025-11-18T19:45:00Z,-1.43,0,277.87,0,0,88.32,0.11,0,65.69,1130.34,0,8.32,0,0,16.85,0,13.51,0,0,2.96,0.01,0,195.08,39.93
2025-11-18T19:50:00Z,-0.64,0,347.93,0,0,58.79,0.11,0,41.83,1120.08,0,5.55,0,0,16.83,0,16.97,0,0,1.97,0.01,0,258.93,67.41
2025-11-18T19:55:00Z,-1.13,0,367.64,0,0,60.14,0.11,0,64.64,1093.06,0,2.77,0,0,16.82,0,18.24,0,0,2.01,0.01,0,285.42,79.52
2025-11-18T20:00:00Z,-3.88,0,379.77,0,0,60.14,0.11,0,70.67,1049.98,0,0,0,0,16.8,0,19.72,0,0,2.01,0.01,0,327.19,59.55
2025-11-18T20:05:00Z,-1.34,0,408.15,0,0,60.14,0.11,0,52.85,1041.23,0,0,0,0,16.78,0,20.97,0,0,2.01,0.01,0,370.34,40.14
2025-11-18T20:10:00Z,-0.63,0,377.75,0,0,59.46,0.11,0,70.81,1037.69,0,0,0,0,16.77,0,19.29,0,0,1.99,0.01,0,323.54,75.36
2025-11-18T20:15:00Z,-7.11,0,400.56,0,0,59.46,0.11,0,65.74,1017.99,0,0,0,0,16.75,0,20.64,0,0,1.99,0.01,0,369.28,73.59
2025-11-18T20:20:00Z,-6.32,0,438.08,0,0,60.14,0.11,0,62.51,991.99,0,0,0,0,16.73,0,22.88,0,0,2.01,0.01,0,445.76,72.65
2025-11-18T20:25:00Z,-5.95,0,447.91,0,0,60.14,0.11,0,67.16,968.18,0,0,0,0,16.72,0,23.49,0,0,2.01,0.01,0,477.13,73.4
2025-11-18T20:30:00Z,-5.48,0,485.18,0,0,59.46,0.11,0,68.26,926.72,0,0,0,0,16.7,0,25.5,0,0,2,0.01,0,585.44,78.81
2025-11-18T20:35:00Z,-6.16,0,542.74,0,0,60.14,0.11,0,62.65,864.38,0,0,0,0,16.7,0,28.74,0,0,2.01,0.01,0,842.07,88.78
2025-11-18T20:40:00Z,-5.43,0,562.39,0,0,59.46,0.11,0,75.51,847.61,0,0,0,0,16.7,0,29.95,0,0,1.99,0.01,0,923.97,90.44
2025-11-18T20:45:00Z,-5.93,0,562.43,0,0,86.31,0.11,0,65.76,821.21,0,0,0,0,16.7,0,29.68,0,0,2.44,0.01,0,951.81,90.53
2025-11-18T20:50:00Z,-8.35,0,595.25,0,0,89.66,0.11,0,61.77,792.68,0,0,0,0,16.7,0,31.3,0,0,2.51,0.01,0,1191.35,90.61
2025-11-18T20:55:00Z,-5.49,0,582.09,0,0,88.32,0.11,0,67.35,793.41,0,0,0,0,16.7,0,30.6,0,0,2.49,0.01,0,1098.08,90.92
2025-11-18T21:00:00Z,-5.73,0,579.63,0,0,88.99,0.11,0,64.64,792.38,0,0,0,0,16.7,0,30.35,0,0,2.5,0.01,0,1092.98,90.44
2025-11-18T21:05:00Z,-1.3,0,596.56,0,0,80.27,0.11,0,65.79,771.4,0,0,0,0,16.67,0,32.27,0,0,2.85,0.01,0,1318.21,79.2
2025-11-18T21:10:00Z,-1.35,0,557.57,0,0,60.81,0.11,0,107.98,763.48,0,0,0,0,16.63,0,29.8,0,0,2.02,0.01,0,1022.94,78.8
2025-11-18T21:15:00Z,-1.91,0,563.46,0,0,60.14,0.11,0,90.68,767.71,0,0,0,0,16.6,0,31.33,0,0,2.02,0.01,0,1133.18,80.04
2025-11-18T21:20:00Z,-0.65,0,548.42,0,0,60.14,0.11,0,101.95,763.64,0,0,0,0,16.57,0,30.56,0,0,2.01,0.01,0,1037.59,90.44
2025-11-18T21:25:00Z,-2.54,0,548.87,0,0,64.83,0.11,0,93.14,759.37,0,0,0,0,16.53,0,29.93,0,0,2.09,0.01,0,1050.05,87.84
2025-11-18T21:30:00Z,-2.59,0,557.43,0,0,60.81,0.11,0,83.59,775.94,0,0,0,0,16.5,0,31.08,0,0,2.1,0.01,0,1104.92,76.57
2025-11-18T21:35:00Z,-0.78,0,515.46,0,0,60.14,0.11,0,116.62,767.65,0,0,0,0,16.43,0,27.68,0,0,2.01,0.01,0,832.3,89.68
2025-11-18T21:40:00Z,-0.68,0,508.25,0,0,60.81,0.11,0,93.81,795.08,0,0,0,0,16.37,0,29,0,0,2.02,0.01,0,844.61,90.44
2025-11-18T21:45:00Z,-5.09,0,472.72,0,0,72.89,0.11,0,81.29,821.37,0,0,0,0,16.3,0,25.44,0,0,2.23,0.01,0,667.02,87.86
2025-11-18T21:50:00Z,-0.64,0,433.23,0,0,60.14,0.11,0,99.01,840.05,0,0,0,0,16.23,0,23.96,0,0,2.01,0.01,0,551.46,87.01
2025-11-18T21:55:00Z,-0.65,0,424.84,0,0,60.14,0.11,0,118.68,822.98,0,0,0,0,16.17,0,23.92,0,0,2.01,0.01,0,540.09,87.44
2025-11-18T22:00:00Z,-0.71,0,444.64,0,0,60.14,0.11,0,105.4,799.5,0,0,0,0,16.1,0,25.13,0,0,2.01,0.01,0,626.71,88.22
2025-11-18T22:05:00Z,-1.92,0,475.96,0,0,60.81,0.11,0,100.77,776.36,0,0,0,0,15.97,0,29.08,0,0,2.02,0.01,0,811.25,72.82
2025-11-18T22:10:00Z,-2.23,0,516.1,0,0,60.81,0.11,0,84.34,751.28,0,0,0,0,15.83,0,30.06,0,0,2.24,0.01,0,1025.1,88.96
2025-11-18T22:15:00Z,-1.08,0,515.08,0,0,60.14,0.11,0,87.53,742.39,0,0,0,0,15.7,0,28.91,0,0,2.01,0.01,0,992.26,89.44
2025-11-18T22:20:00Z,-0.87,0,520.06,0,0,60.81,0.11,0,88.29,724.82,0,0,0,0,15.57,0,29.07,0,0,2.02,0.01,0,1056.84,90.44
2025-11-18T22:25:00Z,-0.59,0,484.86,0,0,61.48,0.11,0,106.19,727.44,0,0,0,0,15.43,0,26.76,0,0,2.04,0.01,0,843.57,91.38
2025-11-18T22:30:00Z,-1.36,0,450.45,0,0,90.34,0.11,0,93.35,747.87,0,0,0,0,15.3,0,27.3,0,0,2.52,0.01,0,745.93,94.33
2025-11-18T22:35:00Z,-3.03,0,469.28,0,0,89.66,0.11,0,80.22,735.39,0,0,0,0,15.25,0,28.39,0,0,2.52,0.01,0,856.57,90.44
2025-11-18T22:40:00Z,-0.71,0,476.53,0,0,71.54,0.11,0,78.99,747.9,0,0,0,0,15.2,0,26.64,0,0,2.2,0.01,0,821.65,94.98
2025-11-18T22:45:00Z,-0.68,0,490.03,0,0,88.32,0.11,0,80.38,713.51,0,0,0,0,15.15,0,27.52,0,0,2.49,0.01,0,919.71,98.15
2025-11-18T22:50:00Z,-2.81,0,523.02,0,0,88.32,0.11,0,75.39,672.65,0,0,0,0,15.1,0,29.57,0,0,2.49,0.01,0,1238.57,96.84
2025-11-18T22:55:00Z,-0.75,0,541.63,0,0,88.32,0.11,0,75.88,650.89,0,0,0,0,15.05,0,33.01,0,0,2.96,0.01,0,1582.41,104.42
2025-11-18T23:00:00Z,-5.84,0,582.15,0,0,88.99,0.11,0,34.65,635.8,0,0,0,0,15,0,32.97,0,0,2.5,0.01,0,2481.28,90.44
2025-11-18T23:05:00Z,-2.04,0,630.6,0,0,64.16,0.11,0,25.35,616.26,0,0,0,0,15.07,0,38.17,0,0,2.55,0.01,0,6673.44,117.97
2025-11-18T23:10:00Z,-0.78,0,567.34,0,0,117.85,0.11,0,42.46,608.2,0,0,0,0,15.13,0,31.55,0,0,2.98,0.01,0,2067.18,108.44
2025-11-18T23:15:00Z,-1.14,0,524.7,0,0,139.33,0.11,0,68.63,581.86,0,0,0,0,15.2,0,31.65,0,0,4.31,0.01,0,1634.05,101.98
2025-11-18T23:20:00Z,-0.77,0,598.52,0,0,89.66,0.11,0,68.17,563.87,0,0,0,0,15.27,0,36.24,0,0,3.83,0.01,0,3925.97,116.55
2025-11-18T23:25:00Z,-1.61,0,556.78,0,0,148.05,0.11,0,59.64,545.46,0,0,0,0,15.33,0,34.11,0,0,3.98,0.01,0,2345.93,108.44
2025-11-18T23:30:00Z,-0.7,0,594.42,0,0,109.8,0.11,0,87.27,522.29,0,0,0,0,15.4,0,37.18,0,0,3.68,0.01,0,3944.33,108.44
2025-11-18T23:35:00Z,-1.21,0,627.07,0,0,125.23,0.11,0,61.58,520.33,0,0,0,0,15.48,0,38.67,0,0,3.93,0.01,0,6475.49,118.87
2025-11-18T23:40:00Z,-0.6,0,625.12,0,0,148.72,0.11,0,67.81,527.95,0,0,0,0,15.57,0,38.52,0,0,4.59,0.01,0,4351.86,123.93
2025-11-18T23:45:00Z,-2.05,0,646.32,0,0,148.05,0.11,0,62.21,522.38,0,0,0,0,15.65,0,39.26,0,0,4.97,0.01,0,6291.66,108.44
2025-11-18T23:50:00Z,-2.99,0,651.3,0,0,140,0.11,0,67.02,522.16,0,0,0,0,15.73,0,40.24,0,0,4.18,0.01,0,7109.32,108.79
2025-11-18T23:55:00Z,-1.23,0,622.7,0,0,149.39,0.11,0,71.59,533.88,0,0,0,0,15.82,0,39.11,0,0,4.34,0.01,0,3979.55,108.44
2025-11-19T00:00:00Z,-2.59,0,630.67,0,0,113.15,0.11,0,71.99,553.89,0,0,0,0,15.9,0,39.05,0,0,3.73,0.01,0,4849.92,108.44
2025-11-19T00:05:00Z,-0.81,0,632.1,0,0,95.03,0.11,0,76.46,561.9,0,0,0,0,15.9,0,39.25,0,0,3.43,0.01,0,5091.91,108.45
2025-11-19T00:10:00Z,-0.8,0,603.72,0,0,148.72,0.1,0,63.13,556.08,0,0,0,0,15.9,0,37.84,0,0,4.33,0.01,0,3095.41,108.44
2025-11-19T00:15:00Z,-1.85,0,661.98,0,0,140.67,0.11,0,42.34,536.48,0,0,0,0,15.9,0,41.94,0,0,4.86,0.01,0,10074.1,110.15
2025-11-19T00:20:00Z,-1.65,0,652.86,0,0,148.72,0.11,0,42.69,537.92,0,0,0,0,15.9,0,41.61,0,0,4.84,0.01,0,7441.56,114.6
2025-11-19T00:25:00Z,-1.81,0,666.01,0,0,149.39,0.11,0,31.13,548.96,0,0,0,0,15.9,0,42.9,0,0,5,0.01,0,9308.12,108.44
2025-11-19T00:30:00Z,-1,0,743.36,0,0,99.73,0.11,0,44.08,533.37,0,0,0,0,15.9,0,47.42,0,0,3.34,0.01,0,9081.31,108.44
2025-11-19T00:35:00Z,-5.07,0,740.94,0,0,142.68,0.11,0,31.43,508.92,0,0,0,0,15.89,0,47.38,0,0,4.78,0.01,0,9954.72,125
2025-11-19T00:40:00Z,-1.06,0,702.44,0,0,149.39,0.11,0,59.37,512.87,0,0,0,0,15.88,0,46.81,0,0,5,0.01,0,34098.35,146.9
2025-11-19T00:45:00Z,-1.61,0,655.18,0,0,148.72,0.11,0,56.39,520.3,0,0,0,0,15.88,0,44.46,0,0,4.98,0.01,0,8634.14,108.44
2025-11-19T00:50:00Z,-1.21,0,705.41,0,0,129.26,0.1,0,47.71,527.15,0,0,0,0,15.87,0,48.04,0,0,4.33,0.01,0,261625.78,108.44
2025-11-19T00:55:00Z,-0.53,0,698.71,0,0,131.94,0.11,0,67.93,517.26,0,0,0,0,15.86,0,47.54,0,0,4.42,0.01,0,34647.54,129.45
2025-11-19T01:00:00Z,-0.91,0,662.89,0,0,148.05,0.11,0,70.89,524.06,0,0,0,0,15.85,0,45.74,0,0,4.96,0.01,0,7672.44,108.44
2025-11-19T01:05:00Z,-0.59,0,696.99,0,0,129.93,0.11,0,70.08,532.49,0,0,0,0,15.78,0,48.85,0,0,4.35,0.01,0,18222.07,108.44
2025-11-19T01:10:00Z,-1.61,0,748.42,0,0,130.6,0.11,0,30.24,530.41,0,0,0,0,15.7,0,50.86,0,0,4.37,0.01,0,11296.13,113.3
2025-11-19T01:15:00Z,-1.59,0,711.99,0,0,148.72,0.11,0,39.17,522.79,0,0,0,0,15.63,0,49.87,0,0,4.98,0.01,0,235606.3,133.25
2025-11-19T01:20:00Z,-2.37,0,677.25,0,0,149.39,0.11,0,41.24,533.03,0,0,0,0,15.55,0,47.75,0,0,5,0.01,0,14343.47,119.67
2025-11-19T01:25:00Z,-10.31,0,692.34,0,0,149.39,0.11,0,26.3,543.52,0,0,0,0,15.48,0,48.86,0,0,5,0.01,0,38789.94,108.44
2025-11-19T01:30:00Z,-4.95,0,701.55,0,0,97.05,0.11,0,25.6,575.18,0,0,0,0,15.4,0,49.64,0,0,3.25,0.01,0,74022.78,112.16
2025-11-19T01:35:00Z,-3.88,0,614.97,0,0,148.05,0.11,0,25.57,592.94,0,0,0,0,15.37,0,43.33,0,0,4.96,0.01,0,3920.49,84.55
2025-11-19T01:40:00Z,-2.13,0,581.45,0,0,91.68,0.11,94.9,25.07,588.9,0,0,0,0,15.33,0,42.4,0,0,3.07,0.01,4.66,2771.47,90.44
2025-11-19T01:45:00Z,-1.86,0,593.07,0,0,64.16,0.11,100.25,25.2,595.11,0,0,0,0,15.3,0,42.66,0,0,2.15,0.01,4.93,3143.53,90.44
2025-11-19T01:50:00Z,-2.78,0,522.39,0,0,87.65,0.11,99.67,24.92,629.07,0,0,0,0,15.27,0,37.54,0,0,2.93,0.01,4.9,1721.81,75.95
2025-11-19T01:55:00Z,-1.94,0,534.06,0,0,60.14,0.11,99.34,25.73,638.93,0,0,0,0,15.23,0,38.82,0,0,2.01,0.01,4.88,1903.55,74.22
2025-11-19T02:00:00Z,-1.47,0,507.5,0,0,60.81,0.11,100.63,29.29,641.08,0,0,0,0,15.2,0,36.65,0,0,2.04,0.01,4.95,1621.38,71.75
2025-11-19T02:05:00Z,-1.72,0,523.03,0,0,60.14,0.11,100.01,30.67,631.72,0,0,0,0,15.17,0,37.57,0,0,2.01,0.01,4.91,1792.89,64.06
2025-11-19T02:10:00Z,-2,0,533.49,0,0,60.14,0.11,99.2,34.14,623.01,0,0,0,0,15.13,0,37.79,0,0,2.01,0.01,4.87,1907.57,62.76
2025-11-19T02:15:00Z,-1.7,0,513.03,0,0,60.14,0.11,100.11,54.66,615.93,0,0,0,0,15.1,0,36.17,0,0,2.01,0.01,4.92,1635.93,63.39
2025-11-19T02:20:00Z,-1.82,0,552.27,0,0,60.14,0.11,98.47,25.89,603.69,0,0,0,0,15.07,0,38.27,0,0,2.01,0.01,4.84,2312.48,62.96
2025-11-19T02:25:00Z,-1.69,0,523.87,0,0,60.14,0.11,102.53,27,612.89,0,0,0,0,15.03,0,36.27,0,0,2.01,0.01,5.04,1876.19,62.4
2025-11-19T02:30:00Z,-6.98,0,528.14,0,0,60.81,0.11,99.26,25.11,608.53,0,0,0,0,15,0,36.41,0,0,2.04,0.01,4.88,2010.21,57.67
2025-11-19T02:35:00Z,-1.72,0,508.7,0,0,60.14,0.11,101.91,27.73,627.38,0,0,0,0,14.92,0,35.17,0,0,2.01,0.01,5.01,1650.21,63.02
2025-11-19T02:40:00Z,-1.51,0,483.63,0,0,60.81,0.11,101.67,40.52,629.21,0,0,0,0,14.83,0,33.87,0,0,2.04,0.01,5,1414.08,81.17
2025-11-19T02:45:00Z,-1.7,0,506.47,0,0,60.81,0.11,100.07,31.39,606.06,0,0,0,0,14.75,0,34.91,0,0,2.04,0.01,4.92,1731.08,62.89
2025-11-19T02:50:00Z,-4.77,0,499.12,0,0,61.48,0.11,99.15,30.34,619.02,0,0,0,0,14.67,0,34.95,0,0,2.06,0.01,4.87,1641.42,62.92
2025-11-19T02:55:00Z,-2.32,0,468.2,0,0,60.14,0.11,99.52,33.82,636.23,0,0,0,0,14.58,0,32.83,0,0,2.01,0.01,4.89,1327.48,63.17
2025-11-19T03:00:00Z,-52.23,0,470.62,0,0,60.14,0.11,100.24,29.25,677.13,0,0,0,0,14.5,0,33.13,0,0,2.01,0.01,4.93,1398.04,61.8
2025-11-19T03:05:00Z,-49.68,0,434.24,0,0,60.81,0.11,100.6,50.37,696.57,0,0,0,0,14.45,0,30.62,0,0,2.04,0.01,4.94,1063.11,61.2
2025-11-19T03:10:00Z,-56.9,0,428.8,0,0,60.81,0.11,100.19,40,712.31,0,0,0,0,14.4,0,30.44,0,0,2.04,0.01,4.92,1049.52,61.58
2025-11-19T03:15:00Z,-50.37,0,369.94,0,0,60.81,0.1,100.43,44.36,747.37,0,0,0,0,14.35,0,26.36,0,0,2.04,0.01,4.94,750.87,60.75
2025-11-19T03:20:00Z,-53.71,0,377.7,-0.1,0,60.81,0.1,99.14,33.22,749.26,0,0,0,0,14.3,0,27.09,0,0,2.04,0.01,4.87,798.47,65.45
2025-11-19T03:25:00Z,-51.45,0,357.76,-0.1,0,60.81,0.11,101.67,26.13,771.83,0,0,0,0,14.25,0,25.54,0,0,2.04,0.01,5,709.27,60.45
2025-11-19T03:30:00Z,-51.64,0,311.47,-0.1,0,60.14,0.11,100.82,27.21,815.02,0,0,0,0,14.2,0,22.25,0,0,2.01,0.01,4.95,547.97,59.66
2025-11-19T03:35:00Z,-50.93,0,296.4,-0.1,0,60.81,0.11,100.56,26.14,826.61,0,0,0,0,14.14,0,21.32,0,0,2.04,0.01,4.94,509.39,61.52
2025-11-19T03:40:00Z,-6.92,0,235.74,0,0,60.14,0.11,99.24,25.77,845.44,0,0,0,0,14.08,0,16.95,0,0,2.01,0.01,4.88,363.07,57.08
2025-11-19T03:45:00Z,-1.56,0,201.76,0,0,60.81,0.11,100.76,30.06,861.53,0,0,0,0,14.02,0,14.66,0,0,2.04,0.01,4.95,305.7,58.04
2025-11-19T03:50:00Z,-2.15,0,193.76,0,0,60.14,0.11,100.01,25.37,871.91,0,0,0,0,13.97,0,14.09,0,0,2.01,0.01,4.91,292.85,57.77
2025-11-19T03:55:00Z,-0.83,0,165.03,0,0,61.48,0.11,102.13,31.27,891.8,0,0,0,0,13.91,0,12.06,0,0,2.06,0.01,5.02,249.47,59.54
2025-11-19T04:00:00Z,-4.22,0,154.84,0,0,60.14,0.11,100.4,25.32,916.66,0,0,0,0,13.85,0,11.32,0,0,2.01,0.01,4.93,232.43,59.4
2025-11-19T04:05:00Z,-0.81,0,151.51,0,0,60.14,0.11,101.84,27.14,925.12,0,0,0,0,13.81,0,11.11,0,0,2.01,0.01,5,226.24,56.43
2025-11-19T04:10:00Z,-0.64,0,135.21,0,0,60.14,0.11,103.76,53.09,912.85,0,0,0,0,13.77,0,9.96,0,0,2.01,0.01,5.1,206.22,80.14
2025-11-19T04:15:00Z,-0.61,0,116.29,0,0,60.81,0.11,102.07,69.69,896.73,0,0,0,0,13.72,0,8.59,0,0,2.04,0.01,5.02,185.49,65.88
2025-11-19T04:20:00Z,-0.82,0,172,0,0,60.14,0.11,102.53,37.33,872.74,0,0,0,0,13.68,0,12.24,0,0,2.01,0.01,5.04,257.38,81
2025-11-19T04:25:00Z,-0.72,0,193.48,0,0,60.14,0.11,102.8,59.95,826.02,0,0,0,0,13.64,0,14.17,0,0,2.01,0.01,5.05,298.26,76.67
2025-11-19T04:30:00Z,-0.76,0,227.01,0,0,60.81,0.11,101.46,50.9,798.17,0,0,0,0,13.6,0,15.89,0,0,2.04,0.01,4.99,350.89,83.76
2025-11-19T04:35:00Z,-0.93,0,276.28,0,0,60.81,0.11,101.14,39.02,777.63,0,0,0,0,13.57,0,19.03,0,0,2.04,0.01,4.97,445.58,83.41
2025-11-19T04:40:00Z,-0.92,0,228.17,-0.1,0,60.81,0.1,100.25,115.75,745.07,0,0,0,0,13.53,0,15.8,0,0,2.04,0.01,4.93,344.65,84.07
2025-11-19T04:45:00Z,-1.28,0,283.84,-0.1,0,60.14,0.11,99.4,78.89,728.38,0,0,0,0,13.5,0,19,0,0,2.01,0.01,4.88,456.01,86.65
2025-11-19T04:50:00Z,-0.92,0,268.11,-0.1,0,60.14,0.1,101.26,100.33,718.13,0,0,0,0,13.47,0,18.15,0,0,2.01,0.01,4.98,424.55,97.77
2025-11-19T04:55:00Z,-0.87,0,252.48,-0.1,0,89.66,0.11,99.32,91.13,713.4,0,0,0,0,13.43,0,17.71,0,0,3,0.01,4.88,415.05,94.21
2025-11-19T05:00:00Z,-0.8,0,245.55,-0.1,0,89.66,0.11,101.81,112.87,704.57,0,0,0,0,13.4,0,16.84,0,0,3,0.01,5,391.14,98
2025-11-19T05:05:00Z,-0.71,0,220.67,0,0,89.66,0.11,101.55,126.42,716.25,0,0,0,0,13.35,0,15.1,0,0,3,0.01,4.99,341.12,105.67
2025-11-19T05:10:00Z,-1.34,0,201.12,0,0,90.34,0.1,63.49,162.84,741.4,0,0,0,0,13.3,0,13.86,0,0,3.02,0.01,3.12,280.63,97.05
2025-11-19T05:15:00Z,-1.34,0,259.94,0,0,89.66,0.11,62.85,113.13,754.57,0,0,0,0,13.25,0,17.58,0,0,3,0.01,3.09,374.36,98.18
2025-11-19T05:20:00Z,-1.05,0,270.77,0,0,89.66,0.1,63.43,147.43,703.74,0,0,0,0,13.2,0,18.14,0,0,3,0.01,3.12,397.58,98
2025-11-19T05:25:00Z,-0.8,0,306.18,0,0,89.66,0.11,66.1,156.34,669.76,0,0,0,0,13.15,0,20.48,0,0,3,0.01,3.25,475.35,101.54
2025-11-19T05:30:00Z,-3.62,0,342.26,0,0,88.99,0.11,62.76,175.2,630.28,0,0,0,0,13.1,0,23.02,0,0,2.98,0.01,3.08,570.88,93.52
2025-11-19T05:35:00Z,-0.93,0,445.56,0,0,89.66,0.11,64.06,142.07,562.48,0.47,2.54,0,0,13.08,0,29.6,0,0,3,0.01,3.15,1034.15,98
2025-11-19T05:40:00Z,-0.8,0,437.27,0,0,89.66,0.11,63.84,191.11,533,1.08,5.08,0,0,13.07,0,29.92,0,0,3,0.01,3.14,970.87,90.44
2025-11-19T05:45:00Z,-0.78,0,536.43,0,0,67.52,0.11,63.17,159.48,500.24,1.8,7.62,0,0,13.05,0,36.32,0,0,2.26,0.01,3.1,1904.46,89.95
2025-11-19T05:50:00Z,-0.85,0,593,0,0,60.14,0.11,63.83,143.84,468.3,2.17,10.16,0,0,13.03,0,41.08,0,0,2.01,0.01,3.14,3586.98,88.06
2025-11-19T05:55:00Z,-1.25,0,634.06,0,0,59.46,0.11,63.34,141.56,450.16,5.19,12.7,0,0,13.02,0,45.28,0,0,1.99,0.01,3.11,6221.1,82.61
2025-11-19T06:00:00Z,-2.29,0,622.48,0,0,59.46,0.11,63.87,112.86,474.67,9.39,15.24,0,0,13,0,44.62,0,0,1.99,0.01,3.14,5387.08,55.5
2025-11-19T06:05:00Z,-0.76,0,657.43,0,0,59.46,0.1,65.77,83.9,479.65,16.49,28.66,0,0,13.13,0,47.2,0,0,1.99,0.01,3.23,8295.97,51.97
2025-11-19T06:10:00Z,-0.92,0,651.15,0,0,59.46,0.11,63.97,76.22,486.45,23.2,42.08,0,0,13.27,0,45.53,0,0,1.99,0.01,3.14,6115.99,56.2
2025-11-19T06:15:00Z,-1.14,0,676.6,-0.1,0,60.14,0.11,63.08,66.93,478.54,24.33,55.51,0,0,13.4,0,46.84,0,0,2.01,0.01,3.1,8807.94,56.2
2025-11-19T06:20:00Z,-0.78,0,616.58,-0.1,0,59.46,0.11,63.77,158.78,424.86,30.55,68.93,0,0,13.53,0,43.12,0,0,1.99,0.01,3.13,3063.38,17.06
2025-11-19T06:25:00Z,-0.78,0,767.99,-0.1,0,60.14,0.11,65.23,43.1,382.82,37.88,82.35,0,0,13.67,0,51.39,0,0,2.01,0.01,3.21,6986.26,59.55
2025-11-19T06:30:00Z,-0.78,0,793.93,0,0,59.46,0.11,65.38,64,359.67,45.03,95.78,0,0,13.8,0,52.91,0,0,1.99,0.01,3.21,6624.23,56.2
2025-11-19T06:35:00Z,-0.78,0,764.74,0,0,59.46,0.1,66.39,74.79,365.83,53.19,109.1,0,0,13.95,0,50.76,0,0,1.99,0.01,3.26,18342.88,56.2
2025-11-19T06:40:00Z,-0.77,0,714.55,0,0,59.46,0.1,65.16,122.04,370.61,62.07,122.43,0,0,14.1,0,48.87,0,0,1.99,0.01,3.2,7497.34,14.9
2025-11-19T06:45:00Z,-4.07,0,751.8,0,0,60.81,0.11,65.29,144.81,324.43,67.16,135.76,0,0,14.25,0,51.91,0,0,2.04,0.01,3.21,16142.19,97.06
2025-11-19T06:50:00Z,-3.15,0,802.26,0,0,89.66,0.1,62.81,71.87,298.13,77.23,149.08,0,0,14.4,0,53.9,0,0,3,0.01,3.09,12735.63,18.2
2025-11-19T06:55:00Z,-4.67,0,776.32,0,0,59.46,0.1,64.73,87.93,309.52,125.46,162.41,0,0,14.55,0,51.96,0,0,1.99,0.01,3.18,23955.85,18.2
2025-11-19T07:00:00Z,-11.25,0,758.3,0,0,60.14,0.11,63.37,76.73,317.44,148.26,175.74,0,0,14.7,0,49.87,0,0,2.01,0.01,3.11,9139.74,7.5
2025-11-19T07:05:00Z,-0.78,0,751.8,0,0,60.14,0.11,63.68,39.17,341.71,168.97,186.14,0,0,14.8,0,49.14,0,0,2.01,0.01,3.13,6069.33,18.2
2025-11-19T07:10:00Z,-0.66,0,761.57,0,0,42.02,0.11,7.75,61.53,351.36,185.96,196.55,0,0,14.9,0,47.68,0,0,1.41,0.01,0.38,7149.81,21.61
2025-11-19T07:15:00Z,-2.52,0,767.11,0,0,41.34,0.11,0,73.66,331.39,206.47,206.96,0,0,15,0,48.52,0,0,1.38,0.01,0,6634.28,59.55
2025-11-19T07:20:00Z,-0.73,0,799.25,0,0,40.67,0.11,0,36.98,316.38,215.91,217.36,0,0,15.1,0,48.91,0,0,1.36,0.01,0,21997.08,18.2
2025-11-19T07:25:00Z,-2.86,0,800.83,0,0,40.67,0.11,0,34.39,295.19,230.31,227.77,0,0,15.2,0,47.69,0,0,1.36,0.01,0,23798.28,18.2
2025-11-19T07:30:00Z,-1.52,0,834.94,0,0,40,0.1,0,27.11,272.96,238.27,238.18,0,0,15.3,0,48.03,0,0,1.34,0.01,0,29854.18,59.55
2025-11-19T07:35:00Z,-1.15,0,785.07,0,0,40.67,0.11,0,59.63,259.64,250.77,255.26,0,0,15.37,0,45.53,0,0,1.36,0.01,0,7046.94,35.95
2025-11-19T07:40:00Z,-2.01,0,763.5,0,0,40.67,0.11,0,48.62,275.34,264.37,272.33,0,0,15.43,0,43.47,0,0,1.36,0.01,0,3958.1,18.2
2025-11-19T07:45:00Z,-13.86,0,753.45,0,0,40,0.11,0,32.92,298.79,272.67,289.41,0,0,15.5,0,41.49,0,0,1.34,0.01,0,3085.54,62.17
2025-11-19T07:50:00Z,-1.73,0,707.22,0,0,40,0.1,0,60.44,275.51,288.86,306.49,0,0,15.57,0,37.99,0,0,1.34,0.01,0,1798.35,-4.13
2025-11-19T07:55:00Z,-18.83,0,675.21,0,0,40,0.11,0,100.5,265.43,303.43,323.57,0,0,15.63,0,35.38,0,0,1.34,0.01,0,1300.12,-4.12
2025-11-19T08:00:00Z,-17.61,0,646.75,0,0,41.34,0.1,0,100.18,264.9,307.85,340.65,0,0,15.7,0,33.7,0,0,1.38,0.01,0,1077.74,-4.08
2025-11-19T08:05:00Z,-8.72,0,633.44,0,0,42.69,0.1,0,100.28,259.99,311.73,359.7,0,0,15.67,0,32.13,0,0,1.43,0.01,0,931.68,-4.08
2025-11-19T08:10:00Z,-5.05,0,582.87,0,0,41.34,0.1,0,101.51,276.13,320.26,378.76,0,0,15.63,0,28.69,0,0,1.38,0.01,0,680.79,-4.11
2025-11-19T08:15:00Z,-18.17,0,662.82,0,0,41.34,0.11,0,22.27,270.37,329.84,397.81,0,0,15.6,0,31.76,0,0,1.38,0.01,0,1044.89,-11.79
2025-11-19T08:20:00Z,-0.43,0,699.21,0,0,41.34,0.1,0,32.07,238.92,305.12,416.87,55.6,29.61,15.57,0,36.55,0,0,1.38,0.01,0,1359.98,-11.78
2025-11-19T08:25:00Z,-0.43,0,668.56,0,0,41.34,0.11,0,24.09,258.52,295.31,435.93,49.9,45.54,15.53,0,35.5,0,0,1.38,0.01,0,1146.07,-11.79
2025-11-19T08:30:00Z,-0.43,0,669.25,0,0,41.34,0.11,0,24.91,253.3,291.06,454.98,55.49,43.71,15.5,0,35.62,0,0,1.38,0.01,0,1121.44,-11.78
2025-11-19T08:35:00Z,-1.91,0,660.06,0,0,41.34,0.11,0,42.74,230.06,293,479.05,83.59,35.34,15.6,0,33.9,0,0,1.38,0.01,0,998.13,-11.79
2025-11-19T08:40:00Z,-10.62,0,707.64,0,0,40.67,0.11,0,22.19,206.13,288.51,503.12,139.56,35.12,15.7,0,32.43,0,0,1.36,0.01,0,1184.23,-8.5
2025-11-19T08:45:00Z,-41.17,0,624.5,0,0,41.34,0.11,0,20.17,250.43,330.47,527.2,87.99,0,15.8,0,28.55,0,0,1.38,0.01,0,712.89,-11.17
2025-11-19T08:50:00Z,-22.63,0,616.66,0,0,41.34,0.11,0,20.36,249.28,327.06,551.27,0,0,15.9,0,29.04,0,0,1.38,0.01,0,663.87,-11.24
2025-11-19T08:55:00Z,-8.64,0,563.17,0,0,40.67,0.11,0,22.62,255.49,319.11,575.34,126.94,36.11,16,0,26.47,0,0,1.36,0.01,0,520.76,0
2025-11-19T09:00:00Z,-14.49,0,671.36,0,0,41.34,0.11,0,1.44,160.8,313.19,599.41,216.77,61.24,16.1,0,31.27,0,0,1.38,0.01,0,910.49,0
2025-11-19T09:05:00Z,-38.45,0,571.92,0,0,41.34,0.11,0,1.17,240.68,329.27,625.09,117.78,0,15.98,0,26.18,0,0,1.38,0.01,0,527.45,-11.79
2025-11-19T09:10:00Z,-3.01,0,568.05,0,0,40.67,0.11,0,7.22,189.7,315.28,650.78,200.95,50.06,15.87,0,26.84,0,0,1.36,0.01,0,535.09,-13.49
2025-11-19T09:15:00Z,-69.95,0,676.22,0,0,40.67,0.11,0,0.31,152.28,302.12,676.47,230.49,48.94,15.75,0,32.69,0,0,1.36,0.01,0,959.91,-19.9
2025-11-19T09:20:00Z,-3.26,0,594.54,0,0,41.34,0.11,0,16.81,152.75,284.02,702.15,259.45,83.09,15.63,0,29.38,0,0,1.38,0.01,0,616.11,-14
2025-11-19T09:25:00Z,-26.04,0,605.73,0,0,40.67,0.11,0,0.2,154.53,294.33,727.84,239.17,67.59,15.52,0,29.78,0,0,1.36,0.01,0,637.9,-19.9
2025-11-19T09:30:00Z,-31.72,0,608.68,0,0,41.34,0.11,0,0.25,152.74,273.3,753.53,253.17,89.09,15.4,0,29.9,0,0,1.38,0.01,0,646.4,-15.08
2025-11-19T09:35:00Z,-18.93,0,581.15,0,0,40.67,0.11,0,2.34,164.62,245.53,779.11,271.89,121.36,15.5,0,29.8,0,0,1.36,0.01,0,591.48,-14
2025-11-19T09:40:00Z,-36.73,0,536.62,0,7,40.67,0.11,0,5.39,164.35,269.59,804.7,280.49,104.2,15.6,0,28.2,0,0.34,1.36,0.01,0,499.56,-13.01
2025-11-19T09:45:00Z,-91.53,0,584.14,0,8,40.67,0.11,0,0.21,159.37,282.32,830.29,247.69,104.05,15.7,0,30.14,0,0.38,1.36,0.01,0,593.04,-16.57
2025-11-19T09:50:00Z,-62.28,0,545.31,0,11,40.67,0.11,0,0.34,171.06,242.21,855.88,202.43,157.08,15.8,0,28.77,0,0.53,1.36,0.01,0,515.62,0
2025-11-19T09:55:00Z,-41.53,0,589.36,0,18,40.67,0.11,0,1.13,173.08,198.04,881.46,0,0,15.9,0,31.15,0,0.86,1.36,0.01,0,587.68,0
2025-11-19T10:00:00Z,-52.08,0,538.43,0,18,41.34,0.11,0,0.23,174.48,177.17,907.05,0,0,16,0,27.82,0,0.86,1.38,0.01,0,495.87,-13.36
2025-11-19T10:05:00Z,-67.61,0,527.21,0,23,41.34,0.11,0,0.33,171.7,176.72,925.11,216.96,223.8,16.12,0,28.27,0,1.1,1.38,0.01,0,496.53,0
2025-11-19T10:10:00Z,-19.68,0,492.02,0,27,41.34,0.11,0,3.27,192.23,143.12,943.17,194.32,271.67,16.23,0,27.14,0,1.3,1.38,0.01,0,426.8,0
2025-11-19T10:15:00Z,-23.21,0,470.42,0,28,41.34,0.11,0,0.32,185.84,180.23,961.22,188.07,229.47,16.35,0,25.41,0,1.34,1.38,0.01,0,373.87,0
2025-11-19T10:20:00Z,-30.33,0,455.02,0,30,41.34,0.11,0,0.1,190.15,186.15,979.28,184.01,225.3,16.47,0,23.79,0,1.44,1.38,0.01,0,339.18,-15.58
2025-11-19T10:25:00Z,-28.05,0,484.58,-0.1,34,41.34,0.11,0,1,185.41,141.78,997.34,166.53,270.34,16.58,0,26.53,0,1.63,1.38,0.01,0,399.2,-15.5
2025-11-19T10:30:00Z,-41.38,0,503.5,0,35,41.34,0.11,0,0.04,190.02,135.65,1015.4,195.77,261.25,16.7,0,27.24,0,1.68,1.38,0.01,0,416.8,0
2025-11-19T10:35:00Z,-15.43,0,445.96,0,37,40.67,0.11,0,0.14,201.43,135.53,1041.84,0,0,16.83,0,24.26,0,1.78,1.36,0.01,0,330.45,-19.1
2025-11-19T10:40:00Z,-14.37,0,450.68,0,41,41.34,0.11,0,2.5,195.95,136.27,1068.27,221.62,294.46,16.97,0,24.66,0,1.97,1.38,0.01,0,329.5,0
2025-11-19T10:45:00Z,-21.62,0,441.89,0,39,41.34,0.11,0,0.33,205.31,135.92,1094.71,231.35,274.62,17.1,0,23.94,0,1.87,1.38,0.01,0,309.98,-19.04
2025-11-19T10:50:00Z,-17.69,0,396.53,0,41,41.34,0.11,0,1.06,211.49,135.37,1121.15,181.15,276.54,17.23,0,21.71,0,1.97,1.38,0.01,0,264.56,0
2025-11-19T10:55:00Z,-52.39,0,508.32,0,41,41.34,0.11,0,0.31,115.03,129.98,1147.59,274.2,309.69,17.37,0,26.5,0,1.97,1.38,0.01,0,391.75,-14
2025-11-19T11:00:00Z,-206.25,0,597.46,0,40,41.34,0.11,0,0.23,102.75,162.81,1174.03,284.14,280.43,17.5,0,31.31,0,1.92,1.38,0.01,0,579.04,0
2025-11-19T11:05:00Z,-124.49,0,485.71,0,40,40.67,0.1,0,0.2,116.83,137.72,1205.75,304.02,332.87,17.65,0,26.14,0,1.92,1.36,0.01,0,379.3,-14
2025-11-19T11:10:00Z,-127.58,0,439.51,0,43,41.34,0.11,0,2.85,127.41,152.5,1237.48,306.07,337.28,17.8,0,23.8,0,2.06,1.38,0.01,0,315.21,-15.24
2025-11-19T11:15:00Z,-152.5,0,467.39,0,43,40.67,0.11,0,1.05,109.69,139.72,1269.2,302.69,369.43,17.95,0,26.03,0,2.06,1.36,0.01,0,359.43,-15.29
2025-11-19T11:20:00Z,-169.54,0,470.55,0,42,41.34,0.11,0,1.25,120.87,128.93,1300.93,312.41,369.97,18.1,0,25.85,0,2.02,1.38,0.01,0,352.72,-15.7
2025-11-19T11:25:00Z,-160.37,0,436.18,0,43,41.34,0.11,0,1.25,107.73,136.14,1332.65,334.35,367.84,18.25,0,24.5,0,2.06,1.38,0.01,0,314.84,-11.79
2025-11-19T11:30:00Z,-204.52,0,451.33,0,39,41.34,0.11,0,0.23,97.59,170.53,1364.38,292.58,341.61,18.4,0,24.87,0,1.87,1.38,0.01,0,319.27,-15.62
2025-11-19T11:35:00Z,-159.07,0,398.03,0,43,41.34,0.11,0,2.74,96.53,136.21,1383.52,285.68,399.97,18.5,0,22.3,0,2.06,1.38,0.01,0,269.58,-16.14
2025-11-19T11:40:00Z,-182.06,0,440.66,0,40,41.34,0.11,0,0.23,94.98,134.65,1402.66,264.49,417.68,18.6,0,24.74,0,1.92,1.38,0.01,0,308.51,-15.08
2025-11-19T11:45:00Z,-155.67,0,381.51,0,44,41.34,0.11,0,4.05,101.36,133.8,1421.8,310,376.06,18.7,0,21.15,0,2.11,1.38,0.01,0,244.64,-15.54
2025-11-19T11:50:00Z,-178.93,0,380.91,0,41,40.67,0.11,0,0.35,115.56,129.45,1440.94,269.07,392.67,18.8,0,20.31,0,1.97,1.36,0.01,0,234.84,-14.47
2025-11-19T11:55:00Z,-180.95,0,312.21,0,42,41.34,0.11,0,0.25,128.52,148.76,1460.07,244.37,394.74,18.9,0,17.33,0,2.02,1.38,0.01,0,187.41,-12.93
2025-11-19T12:00:00Z,-186.07,0,269.54,0,41,41.34,0.11,0,0.34,119.54,178.05,1479.21,289.45,332.65,19,0,14.52,0,1.97,1.38,0.01,0,152.85,-13.39
2025-11-19T12:05:00Z,-191.58,0,241.7,0,44,41.34,0.11,0,2.5,131.65,185.71,1489.08,286.31,346.88,18.97,0,13.36,0,2.11,1.38,0.01,0,138.48,-13.28
2025-11-19T12:10:00Z,-234.99,0,240.59,0,40,40.67,0.11,0,0.31,148.92,198.32,1498.95,325.52,352.61,18.93,0,13.26,0,1.92,1.36,0.01,0,136.82,-12.46
2025-11-19T12:15:00Z,-256.91,0,215.39,0,40,41.34,0.11,0,0.25,143.82,202.19,1508.82,320.95,358.87,18.9,0,11.64,0,1.92,1.38,0.01,0,122.55,-13.71
2025-11-19T12:20:00Z,-241.64,0,168.12,0,40,41.34,0.11,0,0.24,160.61,193.92,1518.69,320.9,329.2,18.87,0,9.02,0,1.92,1.38,0.01,0,95.79,-15.08
2025-11-19T12:25:00Z,-233.69,0,208.13,0,41,41.34,0.11,0,0.33,172.77,139.08,1528.56,364.51,413.04,18.83,0,11.15,0,1.97,1.38,0.01,0,117.55,-13.12
2025-11-19T12:30:00Z,-231.25,0,216.3,0,43,41.34,0.11,0,0.28,191.89,185.09,1538.43,324.25,349.73,18.8,0,11.51,0,2.06,1.38,0.01,0,115.69,-12.11
2025-11-19T12:35:00Z,-262.3,0,390.68,0,40,40.67,0.11,0,0.22,150.06,89.63,1538.43,393.38,471.1,18.73,0,20.08,0,1.92,1.36,0.01,0,232.53,-11.66
2025-11-19T12:40:00Z,-224.74,0,177.26,0,42,42.02,0.11,0,2.55,317.28,91.94,1538.44,224.28,440.47,18.67,0,9.01,0,2.02,1.41,0.01,0,91.42,-17.82
2025-11-19T12:45:00Z,-239.92,0,330.97,0,40,40.67,0.11,0,0.27,210.74,31.68,1538.44,317.87,502.16,18.6,0,17.01,0,1.92,1.36,0.01,0,188.63,-14.49
2025-11-19T12:50:00Z,-254.49,0,261.8,0,40,41.34,0.11,0,0.29,204.26,42.51,1538.45,405.26,463.36,18.53,0,13.74,0,1.92,1.38,0.01,0,151.47,-13.83
2025-11-19T12:55:00Z,-256.1,0,206.19,0,43,42.02,0.11,0,0.36,208.36,76.86,1538.45,367.9,338.78,18.47,0,10.86,0,2.06,1.41,0.01,0,118.88,-11.66
2025-11-19T13:00:00Z,-209.28,0,9.09,0,42,41.34,0.11,0,0.41,359.08,101.42,1538.46,246.87,306.55,18.4,0,0.49,0,2.02,1.38,0.01,0,25.05,-16.55
2025-11-19T13:05:00Z,-180.95,0,177.56,0,43,41.34,0.11,0,9.29,253.78,37.9,1529.5,369.74,520.08,18.37,0,9.69,0,2.06,1.38,0.01,0,101.31,-11.66
2025-11-19T13:10:00Z,-224.58,0,98.86,0,40,41.34,0.11,0,0.23,304.87,120.38,1520.53,274.79,385.85,18.33,0,5.29,0,1.92,1.38,0.01,0,60.54,-11.48
2025-11-19T13:15:00Z,-226,0,5.61,0,41,41.34,0.11,0,0.23,419.76,115.14,1511.57,245.68,399.07,18.3,0,0.29,0,1.97,1.38,0.01,0,23.09,-17.83
2025-11-19T13:20:00Z,-214.69,0,163.34,0,42,41.34,0.11,0,0.9,262.06,38.32,1502.61,416.52,531.74,18.27,0,8.68,0,2.02,1.38,0.01,0,96.1,-17.42
2025-11-19T13:25:00Z,-227.23,0,248.57,0,43,41.34,0.11,0,1.38,265.96,23.26,1493.64,367.3,541.68,18.23,0,13.26,0,2.06,1.38,0.01,0,143.99,-17.45
2025-11-19T13:30:00Z,-207.37,0,228.94,0,43,42.02,0.11,0,0.33,278.83,27.16,1484.68,380.3,536.2,18.2,0,12.36,0,2.06,1.41,0.01,0,132.02,-14
2025-11-19T13:35:00Z,-227.81,0,207.74,0,39,41.34,0.11,0,0.25,248.34,53.09,1492.4,390.5,403.58,18.37,0,11.1,0,1.87,1.38,0.01,0,119.79,-12.03
2025-11-19T13:40:00Z,-266.59,0,133.72,0,40,42.02,0.11,0,0,287.08,85.35,1500.13,333.08,411.81,18.53,0,7.24,0,1.92,1.41,0.01,0,81.62,-17.8
2025-11-19T13:45:00Z,-215.12,0,120.44,0,44,41.34,0.11,0,2.86,291.79,27.86,1507.85,417.03,474,18.7,0,6.54,0,2.11,1.38,0.01,0,76.23,-11.38
2025-11-19T13:50:00Z,-211.42,-61.27,0,0,42,41.34,0.11,0,1.33,401.79,90.63,1515.57,360.12,318.18,18.87,0.36,0,0,2.02,1.38,0.01,0,20.08,-17.13
2025-11-19T13:55:00Z,-259.92,0,81.03,0,41,42.02,0.11,0,0.09,317.69,26.37,1523.3,500.98,508.49,19.03,0,4.55,0,1.97,1.41,0.01,0,59.13,-90.43
2025-11-19T14:00:00Z,-367.56,0,242.94,0,43,41.34,0.11,0,0.28,266.63,7.57,1531.02,510.29,529.52,19.2,0,13.72,0,2.06,1.38,0.01,0,161.07,-100
2025-11-19T14:05:00Z,-440.06,0,362.18,0,41,42.02,0.11,0,0.31,276.6,1.3,1536.55,538.6,509.22,19.23,0,19.48,0,1.97,1.41,0.01,0,250.38,-32.01
2025-11-19T14:10:00Z,-256.13,0,92.87,0,41,41.34,0.1,0,0.28,302.15,8.82,1542.08,478.24,471.16,19.27,0,5.3,0,1.97,1.38,0.01,0,65.47,-68.71
2025-11-19T14:15:00Z,-233.29,0,40.57,0,40,42.02,0.11,0,0.17,304.64,3.96,1547.62,626.67,449.26,19.3,0,2.52,0,1.92,1.41,0.01,0,42.18,-36.54
2025-11-19T14:20:00Z,-178.82,-16.25,0,0,41,42.02,0.11,0,1,319.84,9.83,1553.15,630.75,479.25,19.33,0.13,0,0,1.97,1.41,0.01,0,22,-32.05
2025-11-19T14:25:00Z,-160.19,-15.83,0,0,43,42.02,0.11,0,2.28,288.91,11.34,1558.68,644.96,426.72,19.37,0.14,0,0,2.06,1.41,0.01,0,22.61,-17.49
2025-11-19T14:30:00Z,-123.05,-81.41,0,0,40,41.34,0.11,0,0.18,332.13,16.81,1564.22,539.84,446.31,19.4,0.63,0,0,1.92,1.38,0.01,0,17.99,-20
2025-11-19T14:35:00Z,-79.7,-180.31,0,0,41,42.02,0.11,0,0.16,369.94,18.71,1553.87,563.75,361.59,19.65,1.29,0,0,1.97,1.41,0.01,0,14.2,-24.56
2025-11-19T14:40:00Z,-114.52,-78.74,0,0,40,41.34,0.11,0,0.19,320.49,12.19,1543.52,656.29,411.76,19.9,0.63,0,0,1.92,1.38,0.01,0,18.23,-37.98
2025-11-19T14:45:00Z,-78.3,-108.8,0,0,44,42.02,0.11,0,14.5,346.03,12.92,1533.17,622.45,395.4,20.15,0.83,0,0,2.11,1.41,0.01,0,17.88,-20.57
2025-11-19T14:50:00Z,-24,-231.42,0,0,41,41.34,0.11,0,20.24,376.01,17.59,1522.82,690.45,394.95,20.4,1.57,0,0,1.97,1.38,0.01,0,12.2,-15.6
2025-11-19T14:55:00Z,-59.49,-212.26,0,0,41,42.02,0.11,0,3.69,435.12,18.58,1512.48,568.81,317.85,20.65,1.33,0,0,1.97,1.41,0.01,0,13.83,-24.16
2025-11-19T15:00:00Z,-77.19,-140.02,0,0,40,42.02,0.1,0,2.15,384.47,12.57,1502.13,700.72,367.36,20.9,0.97,0,0,1.92,1.41,0.01,0,16.06,-24
2025-11-19T15:05:00Z,-45.85,-167.8,0,0,40,41.34,0.11,0,5.28,387.53,11.07,1493.93,743.17,362.81,20.65,1.14,0,0,1.92,1.38,0.01,0,14.72,-31.03
2025-11-19T15:10:00Z,-70.89,-185.2,0,0,43,42.02,0.11,0,23.91,392.88,12.09,1485.73,778.57,311.96,20.4,1.25,0,0,2.06,1.41,0.01,0,15.31,-15.25
2025-11-19T15:15:00Z,-66.57,-154.97,0,0,40,42.02,0.11,0,0.76,408,15.99,1477.53,631.87,335.39,20.15,1.02,0,0,1.92,1.41,0.01,0,15.75,-44.97
2025-11-19T15:20:00Z,-84.23,-157.83,0,0,41,42.02,0.11,0,8.4,418.16,11.75,1469.32,754.3,349.39,19.9,1.02,0,0,1.97,1.41,0.01,0,16.18,-32.43
2025-11-19T15:25:00Z,-128.35,-57.83,0,0,41,41.34,0.11,0,2.8,379.6,10.42,1461.12,738.56,348.42,19.65,0.41,0,0,1.97,1.38,0.01,0,20.23,-45.62
2025-11-19T15:30:00Z,-116.14,-65.25,0,0,42,42.02,0.11,0,2.34,394.62,10.9,1452.92,785.4,378.26,19.4,0.45,0,0,2.02,1.41,0.01,0,20.24,0
2025-11-19T15:35:00Z,-51.43,-147.98,0,0,43,41.34,0.11,0,18.63,395.96,12.05,1435.1,737.46,326.06,19.5,1,0,0,2.06,1.38,0.01,0,16.86,-31.68
2025-11-19T15:40:00Z,-73.92,-134.31,0,0,40,41.34,0.11,0,8.4,431.12,10.49,1417.28,903.92,311.75,19.6,0.84,0,0,1.92,1.38,0.01,0,17.06,-32.18
2025-11-19T15:45:00Z,-85.57,-113.71,0,0,43,41.34,0.11,0,21.85,405.19,12.6,1399.46,848.12,436.9,19.7,0.75,0,0,2.06,1.38,0.01,0,18.83,-45.22
2025-11-19T15:50:00Z,-40.36,-103.65,0,0,44,41.34,0.11,0,4.17,429.77,11.72,1381.64,917.84,394.44,19.8,0.68,0,0,2.11,1.38,0.01,0,19.13,-20.57
2025-11-19T15:55:00Z,-37.65,-163.88,0,0,42,41.34,0.1,0,34.16,470.24,18.18,1363.83,918.09,258.99,19.9,0.92,0,0,2.02,1.38,0.01,0,16.86,-32.38
2025-11-19T16:00:00Z,-93.77,-76.55,0,0,41,42.02,0.11,0,9.92,480.89,12.34,1346.01,948,290.95,20,0.44,0,0,1.97,1.41,0.01,0,20.02,-21
2025-11-19T16:05:00Z,-116.92,0,5.42,0,44,41.34,0.11,0,21.76,436.03,18.89,1307.04,903,271.41,19.88,0,0.34,0,2.11,1.38,0.01,0,26.38,-18.31
2025-11-19T16:10:00Z,-58.3,-165.06,0,0,43,41.34,0.11,0,30.49,505,86.5,1268.08,802.53,214.63,19.77,0.81,0,0,2.06,1.38,0.01,0,18.14,-19.61
2025-11-19T16:15:00Z,-51.39,-112.08,0,0,44,41.34,0.1,0,41.55,515.89,47.2,1229.12,832.6,241.28,19.65,0.57,0,0,2.11,1.38,0.01,0,20.05,-12.59
2025-11-19T16:20:00Z,-98.64,-59.89,0,0,44,41.34,0.11,0,14.01,616.82,66.95,1190.16,612.57,184.56,19.53,0.27,0,0,2.11,1.38,0.01,0,21.39,0
2025-11-19T16:25:00Z,-243.45,0,123.84,0,45,42.02,0.11,0,18.1,556.55,101.67,1151.19,823,226.19,19.42,0,7.25,0,2.16,1.41,0.01,0,83.91,0
2025-11-19T16:30:00Z,-246.1,-15.13,0,0,41,41.34,0.11,0,0.8,646.64,115.51,1112.23,601.79,132.2,19.3,0.06,0,0,1.97,1.38,0.01,0,23.33,0
2025-11-19T16:35:00Z,-253.23,0,0.74,0,41,42.02,0.11,0,2.71,620.97,105.5,1063.67,718.21,192.16,19.05,0,0.04,0,1.97,1.41,0.01,0,25.29,-67.33
2025-11-19T16:40:00Z,-342.51,0,410.25,0,43,42.02,0.11,0,25.88,404.58,57.29,1015.1,894.64,234.02,18.8,0,26.1,0,2.06,1.41,0.01,0,424.99,-21
2025-11-19T16:45:00Z,-335.53,0,535.43,0,45,42.02,0.11,0,0.78,419.01,64.56,966.54,960.31,222.72,18.55,0,33.56,0,2.16,1.41,0.01,0,667.92,-20.57
2025-11-19T16:50:00Z,-229.68,0,493.53,-0.1,45,42.02,0.11,0,11.28,445.11,50.46,917.98,925.01,184.08,18.3,0,31.11,0,2.16,1.41,0.01,0,527.71,-20
2025-11-19T16:55:00Z,-202.96,0,495.94,-0.1,42,41.34,0.11,0,0.81,492.04,41.59,869.41,866.34,157.49,18.05,0,30.43,0,2.02,1.38,0.01,0,515.13,-21
2025-11-19T17:00:00Z,-102.63,0,430.06,-0.1,40,42.02,0.11,0,0.2,455.49,39.18,820.85,908.86,149.33,17.8,0,26.63,0,1.92,1.41,0.01,0,415.59,-20
2025-11-19T17:05:00Z,-204.48,0,464.54,0,42,41.34,0.11,0,6.95,556.21,35.55,781.43,724.85,190.62,17.78,0,27.85,0,2.02,1.38,0.01,0,472.11,-20.01
2025-11-19T17:10:00Z,-227.07,0,578.7,0,31,41.34,0.11,0,10.47,534.29,38.99,742,669.34,193.72,17.77,0,35.19,0,1.49,1.38,0.01,0,771.09,-20
2025-11-19T17:15:00Z,-86.37,0,406.61,0,0,41.34,0.11,0,0.47,638.69,39.79,702.58,625.49,161.42,17.75,0,24.56,0,0,1.38,0.01,0,334.85,-19.88
2025-11-19T17:20:00Z,-201.44,0,321.91,0,0,42.02,0.11,0,15.19,842.47,50.52,663.16,531.03,157.61,17.73,0,18.86,0,0,1.41,0.01,0,223.17,-20
2025-11-19T17:25:00Z,-207.65,0,362.59,0,0,41.34,0.11,0,12.85,830.43,51.61,623.74,543.17,181.15,17.72,0,20.77,0,0,1.38,0.01,0,268.61,-12.47
2025-11-19T17:30:00Z,-81.32,0,241.9,0,0,41.34,0.11,0,4.07,803.62,81.98,584.31,506.62,141.04,17.7,0,13.45,0,0,1.38,0.01,0,149.38,-10
2025-11-19T17:35:00Z,-160.51,0,126.6,0,0,41.34,0.11,0,8.51,909.83,155.68,565.69,382.96,33.37,17.72,0,7.01,0,0,1.38,0.01,0,72.3,-10
2025-11-19T17:40:00Z,-149.71,0,36.41,0,0,42.02,0.11,0,28.09,1011.82,160.91,547.06,377.1,37.99,17.73,0,2.05,0,0,1.41,0.01,0,25.88,-8.5
2025-11-19T17:45:00Z,-191.55,-40.14,0,0,0,42.02,0.11,0,13.38,1182.48,153.07,528.43,228.33,34.65,17.75,0.04,0,0,0,1.41,0.01,0,9.76,-10
2025-11-19T17:50:00Z,-181.03,-85.17,0,0,0,41.34,0.11,0,112.07,1154.35,119.54,509.81,232.5,32.03,17.77,0.08,0,0,0,1.38,0.01,0,9.4,-8.5
2025-11-19T17:55:00Z,-181.17,-157.62,0,0,0,42.02,0.11,0,116.67,1257.16,105.77,491.18,165.68,22.44,17.78,0.15,0,0,0,1.41,0.01,0,9.08,-8.88
2025-11-19T18:00:00Z,-103.1,-102.01,0,0,0,41.34,0.11,0,111.26,1143.9,97.75,472.56,239.44,18.13,17.8,0.1,0,0,0,1.38,0.01,0,9.31,-9.61
2025-11-19T18:05:00Z,-36.87,-107.91,0,0,0,42.02,0.11,0,113.96,1132.94,86.15,449.87,254.35,18.76,17.78,0.11,0,0,0,1.41,0.01,0,9.3,-10.78
2025-11-19T18:10:00Z,-2.98,-122.89,0,0,0,41.34,0.11,0,137.81,1092.15,116.74,427.18,304.26,0,17.77,0.12,0,0,0,1.38,0.01,0,9.01,-10.8
2025-11-19T18:15:00Z,0,-11.38,0,0,0,41.34,0.11,0,134.23,1030.95,93.34,404.5,298.76,0,17.75,0.01,0,0,0,1.38,0.01,0,9.77,-8.42
2025-11-19T18:20:00Z,-0.48,-7.31,0,0,0,41.34,0.11,0,138.55,1059.36,59.28,381.81,94.22,0,17.73,0.01,0,0,0,1.38,0.01,0,9.93,-3.44
2025-11-19T18:25:00Z,-6.21,-43.43,0,0,0,40.67,0.11,0,126.51,1127.26,53.92,359.12,81.59,0,17.72,0.04,0,0,0,1.36,0.01,0,9.59,-3.46
2025-11-19T18:30:00Z,-7.34,-75.58,0,0,0,41.34,0.11,0,119.77,1170,52.86,336.44,72.85,0,17.7,0.08,0,0,0,1.38,0.01,0,9.64,-4.86
2025-11-19T18:35:00Z,-4.81,-57.16,0,0,0,41.34,0.11,0,117.83,1155.19,53.37,314.38,64.48,0,17.55,0.06,0,0,0,1.38,0.01,0,9.87,-3.4
2025-11-19T18:40:00Z,-15.81,-53.41,0,0,0,41.34,0.11,0,139.63,1178.75,47.29,292.32,69.25,0,17.4,0.05,0,0,0,1.38,0.01,0,9.85,-3.43
2025-11-19T18:45:00Z,-12.27,0,5.9,0,0,41.34,0.11,0,127.89,1156.16,40.95,270.26,71.27,0,17.25,0,0.37,0,0,1.38,0.01,0,13.03,0
2025-11-19T18:50:00Z,-115.3,0,57.83,0,0,41.34,0.11,0,142.09,1214.63,37.38,248.2,21.54,0,17.1,0,3.57,0,0,1.38,0.01,0,39.38,26.81
2025-11-19T18:55:00Z,-33.05,0,53.32,0,0,41.34,0.11,0,120.68,1179.58,32.26,226.14,23.52,0,16.95,0,3.28,0,0,1.38,0.01,0,37.03,33.58
2025-11-19T19:00:00Z,-3.18,0,64.24,0,0,42.02,0.11,0,122.55,1149.67,33.48,204.08,22.2,0,16.8,0,4.04,0,0,1.41,0.01,0,44.06,57.26
2025-11-19T19:05:00Z,-25.97,0,109.46,0,0,42.02,0.11,0,119.71,1168.77,26.59,177.73,20.91,0,16.68,0,6.94,0,0,1.41,0.01,0,71.62,0
2025-11-19T19:10:00Z,-20.43,0,102.38,0,0,41.34,0.11,0,115.32,1169.52,21.07,151.38,0,0,16.57,0,6.58,0,0,1.38,0.01,0,69.5,12.78
2025-11-19T19:15:00Z,-3.02,0,130.6,0,0,42.02,0.11,0,133.64,1143.4,19.2,125.03,0,0,16.45,0,8.36,0,0,1.41,0.01,0,88.19,58.58
2025-11-19T19:20:00Z,-61.32,0,212.84,0,0,41.34,0.11,0,117.8,1173.29,12.76,98.68,0,0,16.33,0,13.83,0,0,1.38,0.01,0,156.09,12.59
2025-11-19T19:25:00Z,-0.01,0,6.6,0,0,41.34,0.11,0,278.16,1174.38,7.51,72.33,0,0,16.22,0,0.43,0,0,1.38,0.01,0,13.94,12.59
2025-11-19T19:30:00Z,-3.08,0,37.76,0,0,41.34,0.11,0,271.39,1163.3,4.08,45.98,0,0,16.1,0,2.5,0,0,1.38,0.01,0,31.46,59.79
2025-11-19T19:35:00Z,0,0,103.16,0,0,41.34,0.1,0,180.31,1191.84,1.48,38.32,0,0,16.02,0,6.86,0,0,1.38,0.01,0,73.35,0
2025-11-19T19:40:00Z,-0.02,0,130.48,0,0,42.02,0.11,59.36,152.65,1176,0.77,30.65,0,0,15.93,0,8.95,0,0,1.41,0.01,2.92,119.72,0
2025-11-19T19:45:00Z,0,0,118.6,0,0,42.02,0.11,63.77,168.01,1145.82,0.26,22.99,0,0,15.85,0,7.92,0,0,1.41,0.01,3.13,112.95,13.47
2025-11-19T19:50:00Z,-110.75,0,298.37,0,0,41.34,0.11,63.8,142.25,1126.61,0.03,15.33,0,0,15.77,0,19.5,0,0,1.38,0.01,3.14,294.06,20.33
2025-11-19T19:55:00Z,-116.8,0,305.14,0.35,0,41.34,0.11,63.14,133.49,1133.07,0,7.66,0,0,15.68,0,20.02,0.03,0,1.38,0.01,3.1,307.72,13.6
2025-11-19T20:00:00Z,-129.66,0,306.43,0,0,42.02,0.11,62.59,120.82,1160.72,0,0,0,0,15.6,0,19.98,0,0,1.41,0.01,3.08,309.08,0
2025-11-19T20:05:00Z,-50.37,0,198.37,0,0,41.34,0.11,54.61,128.05,1174.55,0,0,0,0,15.55,0,12.86,0,0,1.38,0.01,2.68,176.7,9.04
2025-11-19T20:10:00Z,-1.16,0,146.96,0,0,42.02,0.11,62.84,172.07,1115.97,0,0,0,0,15.5,0,9.39,0,0,1.41,0.01,3.09,133.95,58.38
2025-11-19T20:15:00Z,-0.39,0,151.46,0,0,41.34,0.11,63.87,173.12,1106.32,0,0,0,0,15.45,0,9.56,0,0,1.38,0.01,3.14,137.17,18.63
2025-11-19T20:20:00Z,-2.27,0,207.36,0,0,42.02,0.11,63.22,161.1,1056.53,0,0,0,0,15.4,0,13.14,0,0,1.41,0.01,3.11,190.32,13.25
2025-11-19T20:25:00Z,-0.18,0,157.4,0,0,42.02,0.11,66.07,204.81,1047.86,0,0,0,0,15.35,0,10.12,0,0,1.41,0.01,3.25,147.4,66.9
2025-11-19T20:30:00Z,-3.78,0,241.54,0,0,41.34,0.11,62.93,155.01,1017.12,0,0,0,0,15.3,0,15.4,0,0,1.38,0.01,3.09,231.35,20.26
2025-11-19T20:35:00Z,-0.18,0,288.38,0,0,42.02,0.11,64.53,111.3,1007.66,0,0,0,0,15.18,0,18.61,0,0,1.41,0.01,3.17,297.07,85.92
2025-11-19T20:40:00Z,-1.29,0,372.82,0,0,41.34,0.11,64.12,75.38,980.73,0,0,0,0,15.07,0,22.82,0,0,1.38,0.01,3.15,416.91,86.8
2025-11-19T20:45:00Z,-3.85,0,374.4,0,0,42.02,0.11,63.69,72.17,978.03,0,0,0,0,14.95,0,23.4,0,0,1.41,0.01,3.13,431.17,73.06
2025-11-19T20:50:00Z,-0.2,0,317.26,0,0,41.34,0.11,64.16,59.67,1029.1,0,0,0,0,14.83,0,19.87,0,0,1.38,0.01,3.15,334.08,86.05
2025-11-19T20:55:00Z,-2.09,0,255.07,0,0,42.02,0.11,62.84,44.58,1104.13,0,0,0,0,14.72,0,15.9,0,0,1.41,0.01,3.09,245.7,62.87
2025-11-19T21:00:00Z,0,0,182.08,0,0,42.02,0.11,63.66,104.46,1109.98,0,0,0,0,14.6,0,11.82,0,0,1.41,0.01,3.13,172.54,37.13
2025-11-19T21:05:00Z,-0.43,0,104.24,0,0,42.02,0.11,63.89,239.64,1041.33,0,0,0,0,14.53,0,6.8,0,0,1.41,0.01,3.14,106.27,106.06
2025-11-19T21:10:00Z,-0.04,0,74.11,0,0,41.34,0.11,64.32,283.88,1021.27,0,0,0,0,14.47,0,4.49,0,0,1.38,0.01,3.16,81.16,103.67
2025-11-19T21:15:00Z,-0.01,0,4.24,0,0,42.02,0.11,64.48,384.31,965.44,0,0,0,0,14.4,0,0.25,0,0,1.41,0.01,3.17,39.96,108.78
2025-11-19T21:20:00Z,-0.55,0,38.62,0,0,42.02,0.11,64,357.05,947.78,0,0,0,0,14.33,0,2.25,0,0,1.41,0.01,3.15,59.59,114.98
2025-11-19T21:25:00Z,-19.9,0,210.34,0,0,42.02,0.11,64.27,210.38,911.85,0,0,0,0,14.27,0,12.16,0,0,1.41,0.01,3.16,201.1,119.01
2025-11-19T21:30:00Z,-20.04,0,284.57,0,0,42.02,0.11,63.37,122.53,918.65,0,0,0,0,14.2,0,16.56,0,0,1.41,0.01,3.11,300.54,105.8
2025-11-19T21:35:00Z,-20.05,0,78.5,0,0,42.02,0.11,63.2,313.17,929.3,0,0,0,0,14.17,0,4.66,0,0,1.41,0.01,3.11,88.19,111.74
2025-11-19T21:40:00Z,-20.05,0,258.01,0,0,41.34,0.1,64.07,131.83,921.38,0,0,0,0,14.13,0,15.67,0,0,1.38,0.01,3.15,275.43,111.61
2025-11-19T21:45:00Z,-20.35,0,258.37,0,0,42.02,0.11,63.57,109.46,922.64,0,0,0,0,14.1,0,15.82,0,0,1.41,0.01,3.12,284.43,124.75
2025-11-19T21:50:00Z,-20.63,0,339.07,0,0,41.34,0.11,63.48,42.46,906.35,0,0,0,0,14.07,0,21.07,0,0,1.38,0.01,3.12,442.36,100.98
2025-11-19T21:55:00Z,-19.94,0,263.26,0,0,42.02,0.11,63.54,102.31,910.65,0,0,0,0,14.03,0,16.71,0,0,1.41,0.01,3.12,305.15,97.91
2025-11-19T22:00:00Z,-20.43,0,322.04,0,0,41.34,0.11,63.25,51.62,910.68,0,0,0,0,14,0,20.64,0,0,1.38,0.01,3.11,416.4,97.21
2025-11-19T22:05:00Z,-25.06,0,373.93,0,0,42.02,0.11,63.66,50.15,873.44,0,0,0,0,13.88,0,23.83,0,0,1.41,0.01,3.13,540.1,86.67
2025-11-19T22:10:00Z,-25.7,0,371.77,0,0,42.02,0.11,63.39,61.49,864.19,0,0,0,0,13.77,0,23.85,0,0,1.41,0.01,3.12,537.43,86.32
2025-11-19T22:15:00Z,-20.82,0,317.75,0,0,42.02,0.11,63.39,64.02,886.08,0,0,0,0,13.65,0,20.63,0,0,1.41,0.01,3.12,421.05,86.26
2025-11-19T22:20:00Z,-29.55,0,246.48,0,0,41.34,0.11,62.32,48.62,995.49,0,0,0,0,13.53,0,15.8,0,0,1.38,0.01,3.06,278.81,68.22
2025-11-19T22:25:00Z,-20.14,0,206.15,0,0,41.34,0.11,64.94,45,1026.87,0,0,0,0,13.42,0,13.12,0,0,1.38,0.01,3.19,223.14,75.01
2025-11-19T22:30:00Z,-23.58,0,256.24,0,0,42.02,0.11,63.23,41.74,974.95,0,0,0,0,13.3,0,16.59,0,0,1.41,0.01,3.11,300.74,83.37
2025-11-19T22:35:00Z,-24.76,0,249.34,0,0,41.34,0.11,63.72,41.68,976.36,0,0,0,0,13.23,0,16.38,0,0,1.38,0.01,3.13,295.38,85.81
2025-11-19T22:40:00Z,-59,0,268.3,0,0,42.02,0.11,9.28,40.1,1031.36,0,0,0,0,13.17,0,17.46,0,0,1.41,0.01,0.46,291.51,73.93
2025-11-19T22:45:00Z,-0.85,0,184.13,0,0,42.02,0.11,8.85,45.85,1050.91,0,0,0,0,13.1,0,12.09,0,0,1.41,0.01,0.43,173.73,75.13
2025-11-19T22:50:00Z,-5.92,0,206.21,0,0,41.34,0.11,0,41.49,1057.39,0,0,0,0,13.03,0,13.71,0,0,1.38,0.01,0,195.25,72.64
2025-11-19T22:55:00Z,-28.55,0,221.77,0,0,41.34,0.11,0,24.8,1067.3,0,0,0,0,12.97,0,14.78,0,0,1.38,0.01,0,219.72,72.06
2025-11-19T23:00:00Z,-52.31,0,209.64,0,0,42.02,0.11,0,39.92,1079.17,0,0,0,0,12.9,0,14,0,0,1.41,0.01,0,205.68,62.41
2025-11-19T23:05:00Z,-57.54,0,225.51,0,0,41.34,0.11,0,35.02,1059.16,0,0,0,0,12.87,0,15.09,0,0,1.38,0.01,0,231.99,74.27
2025-11-19T23:10:00Z,-49.6,0,180.34,0,0,42.02,0.11,0,67.68,1058.43,0,0,0,0,12.83,0,12.03,0,0,1.41,0.01,0,171.95,82.94
2025-11-19T23:15:00Z,-35.28,0,213.5,0,0,41.34,0.11,0,41.95,1026.17,0,0,0,0,12.8,0,14.01,0,0,1.38,0.01,0,214.76,83.6
2025-11-19T23:20:00Z,-52.47,0,247.42,0,0,42.02,0.11,0,41.81,1010.85,0,0,0,0,12.77,0,16.44,0,0,1.41,0.01,0,269.53,83.9
2025-11-19T23:25:00Z,-56.62,0,268.49,0,0,41.34,0.11,0,26.31,1015.02,0,0,0,0,12.73,0,17.68,0,0,1.38,0.01,0,302.07,78.24
2025-11-19T23:30:00Z,-51.04,0,261.85,0,0,41.34,0.11,0,33.25,1007.84,0,0,0,0,12.7,0,17.46,0,0,1.38,0.01,0,293.92,81.62
2025-11-19T23:35:00Z,-1.73,0,233.11,0,0,41.34,0.11,0,42.29,970.65,0,0,0,0,12.6,0,15.51,0,0,1.38,0.01,0,247.47,84.76
2025-11-19T23:40:00Z,-0.21,0,262.13,-0.1,0,42.02,0.11,0,63.44,951.53,0,0,0,0,12.5,0,17.2,0,0,1.41,0.01,0,281.05,86.06
2025-11-19T23:45:00Z,-7.54,0,318.14,0,0,41.34,0.11,0,11.86,962.11,0,0,0,0,12.4,0,20.45,0,0,1.38,0.01,0,380.08,84.94
2025-11-19T23:50:00Z,-7.43,0,348.19,0,0,41.34,0.11,0,0.38,951.49,0,0,0,0,12.3,0,22.69,0,0,1.38,0.01,0,453.23,85.6
2025-11-19T23:55:00Z,-1.19,0,326.39,-0.1,0,42.02,0.1,0,4.22,963.61,0,0,0,0,12.2,0,21.46,0,0,1.41,0.01,0,402.32,83.74
2025-11-20T00:00:00Z,-49.41,0,340.46,0,0,41.34,0.11,0,41.18,953.27,0,0,0,0,12.1,0,22.46,0,0,1.38,0.01,0,442.96,84.3
2025-11-20T00:05:00Z,-2.84,0,323.55,0,0,41.34,0.1,0,15.65,943.29,0,0,0,0,12.05,0,21.23,0,0,1.38,0.01,0,402.68,88.93
2025-11-20T00:10:00Z,-9,0,374.98,0,0,41.34,0.11,0,12.96,920.26,0,0,0,0,12,0,24.55,0,0,1.38,0.01,0,527.08,86.73
2025-11-20T00:15:00Z,-7.72,0,403.93,0,0,41.34,0.11,0,14.84,885,0,0,0,0,11.95,0,27.15,0,0,1.38,0.01,0,646.72,87.46
2025-11-20T00:20:00Z,-9.46,0,432.99,0,0,41.34,0.11,0,2.4,881.03,0,0,0,0,11.9,0,28.7,0,0,1.4,0.01,0,748.86,87.8
2025-11-20T00:25:00Z,-16.02,0,459.54,0,0,41.34,0.11,0,0.27,875.96,0,0,0,0,11.85,0,30.91,0,0,1.4,0.01,0,876.93,83.62
2025-11-20T00:30:00Z,-55.27,0,509.37,0,0,41.34,0.1,0,3.64,866.73,0,0,0,0,11.8,0,34.01,0,0,1.4,0.01,0,1224.09,82.92
2025-11-20T00:35:00Z,-10.06,0,487.85,0,0,40.67,0.11,0,0.33,839.58,0,0,0,0,11.72,0,32.64,0,0,1.38,0.01,0,1066.89,88.56
2025-11-20T00:40:00Z,-4.66,0,469.85,0,0,42.02,0.11,0,8.65,845.11,0,0,0,0,11.63,0,31.47,0,0,1.41,0.01,0,936.49,87.36
2025-11-20T00:45:00Z,-30.9,0,526.53,0,0,41.34,0.11,0,0.25,842.14,0,0,0,0,11.55,0,35.43,0,0,1.4,0.01,0,1354.02,63.81
2025-11-20T00:50:00Z,-51.09,0,542.75,0,0,40.67,0.1,0,0.75,836.44,0,0,0,0,11.47,0,36.37,0,0,1.38,0.01,0,1595.02,83.04
2025-11-20T00:55:00Z,-58.49,0,567.74,0,0,41.34,0.11,0,0.34,837.61,0,0,0,0,11.38,0,37.85,0,0,1.4,0.01,0,1860.55,69.09
2025-11-20T01:00:00Z,-60.26,0,579.15,0,0,41.34,0.11,0,0.32,838.01,0,0,0,0,11.3,0,38.65,0,0,1.4,0.01,0,1999.47,83.26
2025-11-20T01:05:00Z,-55.81,0,578.55,0,0,41.34,0.11,0,0.83,840.67,0,0,0,0,11.18,0,38.19,0,0,1.4,0.01,0,1911.19,84.02
2025-11-20T01:10:00Z,-7.58,0,547.88,0,0,41.34,0.11,0,1.52,823.59,0,0,0,0,11.07,0,36.15,0,0,1.4,0.01,0,1448.7,117.16
2025-11-20T01:15:00Z,-172.59,0,713.09,0,0,41.34,0.11,0,2.22,804.45,0,0,0,0,10.95,0,47.22,0,0,1.4,0.01,0,15531.17,103.35
2025-11-20T01:20:00Z,-155.92,0,704.74,0,0,40.67,0.1,0,0.23,784.39,0,0,0,0,10.83,0,46.81,0,0,1.38,0.01,0,16398.06,98
2025-11-20T01:25:00Z,-148.03,0,673.49,0,0,41.34,0.11,0,35.88,770.39,0,0,0,0,10.72,0,44.65,0,0,1.4,0.01,0,21092.1,98.44
2025-11-20T01:30:00Z,-158.47,0,662.74,0,0,41.34,0.11,0,58.69,762.67,0,0,0,0,10.6,0,43.94,0,0,1.4,0.01,0,13076.35,99.45
2025-11-20T01:35:00Z,-148.12,0,693.15,0,0,40.67,0.1,0,17.09,764.94,0,0,0,0,10.55,0,46.32,0,0,1.38,0.01,0,30999.88,86.72
2025-11-20T01:40:00Z,-6.87,0,558.29,0,0,41.34,0.11,0,0.34,772.8,0,0,0,0,10.5,0,37.5,0,0,1.4,0.01,0,1871.4,90.1
2025-11-20T01:45:00Z,-6.81,0,571.7,0,0,41.34,0.1,0,0.33,754.38,0,0,0,0,10.45,0,38.32,0,0,1.4,0.01,0,2190.33,83.68
2025-11-20T01:50:00Z,-2.18,0,560.73,0,0,41.34,0.11,0,4.7,745.28,0,0,0,0,10.4,0,37.57,0,0,1.4,0.01,0,2046.41,88.43
2025-11-20T01:55:00Z,-5.43,0,532.13,0,0,41.34,0.11,0,13.33,761.45,0,0,0,0,10.35,0,35.74,0,0,1.4,0.01,0,1599.28,87.35
2025-11-20T02:00:00Z,-5.8,0,518.48,0,0,40.67,0.11,0,8.24,786.54,0,0,0,0,10.3,0,34.92,0,0,1.38,0.01,0,1399.63,87.38
2025-11-20T02:05:00Z,-3.77,0,517.92,0,0,40.67,0.11,0,0.83,779.9,0,0,0,0,10.45,0,34.91,0,0,1.38,0.01,0,1452.78,86.05
2025-11-20T02:10:00Z,-22.22,0,525.45,0,0,41.34,0.1,0,2.13,775,0,0,0,0,10.6,0,35.35,0,0,1.4,0.01,0,1628.1,80.96
2025-11-20T02:15:00Z,-22.04,0,517.41,0,0,40.67,0.11,0,2.28,770.02,0,0,0,0,10.75,0,34.86,0,0,1.38,0.01,0,1589.76,68.71
2025-11-20T02:20:00Z,-17.4,0,495.32,0,0,40.67,0.1,0,15.6,780.28,0,0,0,0,10.9,0,33.36,0,0,1.38,0.01,0,1287.38,85.28
2025-11-20T02:25:00Z,-20.87,0,475.84,0,0,40.67,0.11,0,5.45,792.87,0,0,0,0,11.05,0,32.08,0,0,1.38,0.01,0,1173.26,67.6
2025-11-20T02:30:00Z,-16.91,0,469.14,0,0,41.34,0.11,0,17.01,790.53,0,0,0,0,11.2,0,31.72,0,0,1.4,0.01,0,1095.08,89.93
2025-11-20T02:35:00Z,-66.83,0,526.75,0,0,41.34,0.11,0,0.49,785.53,0,0,0,0,11.32,0,36.81,0,0,1.38,0.01,0,1959.72,87.55
2025-11-20T02:40:00Z,-54,0,487.6,0,0,40.67,0.11,0,8.63,787.02,0,0,0,0,11.43,0,34.34,0,0,1.36,0.01,0,1453.58,88.27
2025-11-20T02:45:00Z,-50.61,0,481.41,0,0,41.34,0.11,0,3.65,775.38,0,0,0,0,11.55,0,33.63,0,0,1.38,0.01,0,1456.71,84.26
2025-11-20T02:50:00Z,-61.36,0,489.79,0,0,41.34,0.1,0,0.18,772.56,0,0,0,0,11.67,0,33.91,0,0,1.38,0.01,0,1610.53,62.03
2025-11-20T02:55:00Z,-50.49,0,478.95,0,0,41.34,0.11,0,0.81,768.64,0,0,0,0,11.78,0,33.25,0,0,1.38,0.01,0,1477.04,69.55
2025-11-20T03:00:00Z,-100.4,0,521.07,0,0,40.67,0.1,0,4.41,777.11,0,0,0,0,11.9,0,35.09,0,0,1.38,0.01,0,2180.09,84.38
2025-11-20T03:05:00Z,-47.6,0,406.78,0,0,41.34,0.11,0,26.4,813.16,0,0,0,0,11.8,0,28.17,0,0,1.38,0.01,0,831.59,84.52
2025-11-20T03:10:00Z,-49.18,0,470.09,0,0,41.34,0.11,0,28.21,739.47,0,0,0,0,11.7,0,33.15,0,0,1.38,0.01,0,1430.04,88.9
2025-11-20T03:15:00Z,-48.73,0,494.72,0,0,40.67,0.11,0,23,694.33,0,0,0,0,11.6,0,34.71,0,0,1.36,0.01,0,2016.75,88.69
2025-11-20T03:20:00Z,-51.37,0,521.55,0,0,40.67,0.11,0,4.52,700.22,0,0,0,0,11.5,0,36.26,0,0,1.36,0.01,0,2616.06,89.13
2025-11-20T03:25:00Z,-50.65,0,496.81,0,0,41.34,0.11,0,25.94,689.18,0,0,0,0,11.4,0,34.67,0,0,1.38,0.01,0,2069.44,89.03
2025-11-20T03:30:00Z,-50.56,0,514.89,0,0,41.34,0.1,0,6.97,694.19,0,0,0,0,11.3,0,35.86,0,0,1.38,0.01,0,2523.11,89.04
2025-11-20T03:35:00Z,-55.88,0,506.01,0,0,40.67,0.1,0,0.19,701.67,0,0,0,0,11.2,0,35.27,0,0,1.36,0.01,0,2432.23,83.88
2025-11-20T03:40:00Z,-49.58,0,482.16,-0.1,0,40.67,0.11,0,2.04,721.66,0,0,0,0,11.1,0,34.21,0,0,1.36,0.01,0,1835.12,88.24
2025-11-20T03:45:00Z,-49.38,0,452.49,0,0,40.67,0.11,0,9.82,728.6,0,0,0,0,11,0,31.95,0,0,1.36,0.01,0,1441.73,87.36
2025-11-20T03:50:00Z,-55.95,0,478.46,0,0,40.67,0.11,0,0.19,733.87,0,0,0,0,10.9,0,33.91,0,0,1.36,0.01,0,1760.87,50.69
2025-11-20T03:55:00Z,-52.31,0,258.43,0,0,40.67,0.11,0,198.24,750.54,0,0,0,0,10.8,0,17.97,0,0,1.36,0.01,0,341.9,87.1
2025-11-20T04:00:00Z,-46.96,0,438.15,0,0,41.34,0.11,0,7.01,770.66,0,0,0,0,10.7,0,30.77,0,0,1.38,0.01,0,1155.29,87.5
2025-11-20T04:05:00Z,-51.05,0,457.85,0,0,40.67,0.11,0,0.78,764.41,0,0,0,0,10.65,0,31.68,0,0,1.36,0.01,0,1334.86,86.34
2025-11-20T04:10:00Z,-4.29,0,419.64,0,0,40.67,0.1,0,3.92,749.02,0,0,0,0,10.6,0,29.05,0,0,1.36,0.01,0,987.03,86.24
2025-11-20T04:15:00Z,-0.41,0,421.13,0,0,40.67,0.11,0,2.81,738.93,0,0,0,0,10.55,0,28.96,0,0,1.36,0.01,0,1008.17,74.89
2025-11-20T04:20:00Z,-0.18,0,144.48,0,0,40.67,0.1,0,288.89,739.82,0,0,0,0,10.5,0,10.03,0,0,1.36,0.01,0,147.95,87.04
2025-11-20T04:25:00Z,-3.15,0,425.88,0,0,40.67,0.11,0,2.83,734.15,0,0,0,0,10.45,0,29,0,0,1.36,0.01,0,1045.1,77.55
2025-11-20T04:30:00Z,-0.7,0,159.69,0,0,40.67,0.11,0,265.86,731.13,0,0,0,0,10.4,0,11.13,0,0,1.36,0.01,0,170.89,89.46
2025-11-20T04:35:00Z,-1.3,0,420.86,0,0,41.34,0.1,0,6.4,728.89,0,0,0,0,10.33,0,28.61,0,0,1.37,0.01,0,1014.99,58.64
2025-11-20T04:40:00Z,-0.01,0,64.79,0,0,40.67,0.11,56.82,309.48,746.78,0,0,0,0,10.27,0,4.46,0,0,1.36,0.01,1.4,79.6,82.07
2025-11-20T04:45:00Z,-0.02,0,173.58,0,0,41.34,0.11,65.51,187.41,744.96,0,0,0,0,10.2,0,11.72,0,0,1.37,0.01,1.61,203.88,81.24
2025-11-20T04:50:00Z,-4.52,0,158.01,0,0,40.67,0.11,62.97,203.68,747.52,0,0,0,0,10.13,0,10.57,0,0,1.36,0.01,1.55,181.34,84.93
2025-11-20T04:55:00Z,-0.22,0,333.1,0,0,40.67,0.11,64.77,12.79,762.83,0,0,0,0,10.07,0,21.75,0,0,1.36,0.01,1.59,541.24,79.05
2025-11-20T05:00:00Z,-0.07,0,75.82,0,0,40.67,0.1,63.89,278,766.75,0,0,0,0,10,0,5.03,0,0,1.36,0.01,1.57,89.02,96.81
2025-11-20T05:05:00Z,0,0,304.58,0,0,40.67,0.11,65.55,29.39,772.92,0,0.03,0,0,9.98,0,19.78,0,0,1.36,0.01,1.61,452.08,80.35
2025-11-20T05:10:00Z,-0.19,0,125.33,0,0,40.67,0.1,63.97,239.31,775.08,0,0.05,0,0,9.97,0,8.13,0,0,1.36,0.01,1.57,133.73,90.19
2025-11-20T05:15:00Z,-0.17,0,131.46,0,0,40.67,0.11,64.76,229.29,778.18,0,0.08,0,0,9.95,0,8.72,0,0,1.36,0.01,1.59,142.83,86.99
2025-11-20T05:20:00Z,-0.11,0,167.54,0,0,40.67,0.11,63.84,189.6,776.53,0,0.1,0,0,9.93,0,10.88,0,0,1.36,0.01,1.57,183.64,78.56
2025-11-20T05:25:00Z,0,0,39.05,0,0,40.67,0.1,65.61,355.89,760.24,0,0.13,0,0,9.92,0,2.56,0,0,1.36,0.01,1.61,56.22,89.88
2025-11-20T05:30:00Z,0,0,1.55,0,0,40.67,0.11,63.57,403.59,751.9,0.05,0.15,0,0,9.9,0,0.1,0,0,1.36,0.01,3.12,43.82,79.95
2025-11-20T05:35:00Z,0,0,73.93,0,0,41.34,0.11,64.35,314,764.94,0.21,4.31,0,0,10.07,0,4.88,0,0,1.37,0.01,3.14,101.14,91.36
2025-11-20T05:40:00Z,-0.01,0,36.4,0,0,40.67,0.1,64.33,346.07,774.97,0.49,8.47,0,0,10.23,0,2.38,0,0,1.36,0.01,3.14,68.95,90.03
2025-11-20T05:45:00Z,-0.52,0,105.75,0,0,40.67,0.11,65.16,263.17,802.67,1.49,12.63,0,0,10.4,0,6.92,0,0,1.36,0.01,3.16,127.33,79.24
2025-11-20T05:50:00Z,-0.04,0,89.02,0,0,41.34,0.11,63.8,303.86,801.89,3.32,16.78,0,0,10.57,0,5.86,0,0,1.37,0.01,3.13,108.95,79.68
2025-11-20T05:55:00Z,-0.1,0,119.51,0,0,40.67,0.11,64.64,308.57,798.39,6.57,20.94,0,0,10.73,0,7.82,0,0,1.36,0.01,3.15,132.22,75.25
2025-11-20T06:00:00Z,-4.83,0,209.84,0,0,41.34,0.1,63.98,227.19,771.89,13.12,25.1,0,0,10.9,0,13.75,0,0,1.37,0.01,3.13,236.11,74.29
2025-11-20T06:05:00Z,-2.02,0,362.59,0,0,40.67,0.11,63.54,64.28,772.58,18.64,42.97,0,0,11.2,0,24.36,0,0,1.36,0.01,3.12,542.42,62.26
2025-11-20T06:10:00Z,-0.01,0,128.03,0,0,40.67,0.11,63.03,271.27,770.34,29.21,60.85,0,0,11.5,0,8.75,0,0,1.36,0.01,3.11,143.37,68.78
2025-11-20T06:15:00Z,0,0,265.58,0,0,40.67,0.11,65.23,104.41,778.34,33.74,78.72,0,0,11.8,0,17.91,0,0,1.36,0.01,3.16,322.36,47.32
2025-11-20T06:20:00Z,0,0,268.68,-0.1,0,41.34,0.1,64.96,104.95,767.87,38.68,96.6,0,0,12.1,0,18.02,0,0,1.37,0.01,3.16,320.08,21.95
2025-11-20T06:25:00Z,0,0,270.86,-0.1,0,40.67,0.11,65.19,115.03,768.04,43.85,114.47,0,0,12.4,0,18.53,0,0,1.36,0.01,3.16,315.78,20.43
2025-11-20T06:30:00Z,0,0,110.33,-0.1,0,41.34,0.11,66.09,244.54,779.66,55.42,132.35,0,0,12.7,0,7.5,0,0,1.37,0.01,3.19,119.72,20.81
2025-11-20T06:35:00Z,-0.75,0,57.25,-0.1,5,41.34,0.11,64.5,264.77,787.32,55.79,156.93,0,0,13.05,0,3.89,0,0.12,1.37,0.01,3.15,77.75,61.13
2025-11-20T06:40:00Z,-1.23,0,52.72,0,6,40.67,0.11,63.42,237.11,773.01,106.34,181.51,0,0,13.4,0,3.62,0,0.14,1.36,0.01,3.12,73.11,98.91
2025-11-20T06:45:00Z,-3.2,0,240.77,0,10,40.67,0.1,63.1,90.29,747.49,96.81,206.09,0,0,13.75,0,16.41,0,0.24,1.36,0.01,3.11,250.94,15.65
2025-11-20T06:50:00Z,-18.5,0,310.99,0,15,41.34,0.11,64.58,21.23,759.65,99.84,230.67,0,0,14.1,0,21.1,0,0.36,1.37,0.01,3.15,345.43,12.72
2025-11-20T06:55:00Z,-1.48,0,249.24,0,19,41.34,0.1,64.68,37.32,781.98,91.78,255.25,0,0,14.45,0,16.52,0,0.46,1.37,0.01,3.15,247.98,12.42
2025-11-20T07:00:00Z,-5.7,0,173.15,0,20,41.34,0.11,63.57,60.82,786.72,117.31,279.83,0,0,14.8,0,11.78,0,0.48,1.37,0.01,3.12,168.94,12.29
2025-11-20T07:05:00Z,-2.36,0,155.68,0,23,41.34,0.11,63.4,35.55,757.25,167.2,313.2,0,0,14.73,0,10.53,0,0.55,1.37,0.01,3.12,150.44,-10
2025-11-20T07:10:00Z,-11.56,0,303.18,0,27,41.34,0.11,9.28,76.12,622.56,184.47,346.57,106.12,19.6,14.67,0,21.2,0,0.65,1.37,0.01,1.79,302.36,-10
2025-11-20T07:15:00Z,-9.54,0,250.37,0,30,40.67,0.11,8.61,196.56,544.09,192.92,379.95,145.53,21.81,14.6,0,17.4,0,0.72,1.36,0.01,1.77,225.15,-9.5
2025-11-20T07:20:00Z,-0.56,0,246.75,0,38,41.34,0.11,0,27.05,654.69,220.08,413.32,31.41,3.44,14.53,0,16.93,0,0.91,1.37,0.01,1.56,217.43,-5.83
2025-11-20T07:25:00Z,-0.84,0,242.56,0,37,41.34,0.1,0,6.9,645.85,225.61,446.69,3.8,0,14.47,0,17.55,0,0.89,1.37,0.01,1.56,221.12,-10.99
2025-11-20T07:30:00Z,-5.32,0,301.98,0,40,41.34,0.11,0,87.75,479.91,235.25,480.06,157.47,14.19,14.4,0,21.1,0,0.96,1.37,0.01,1.56,283.79,-10
2025-11-20T07:35:00Z,-53.91,0,263.73,0,40,41.34,0.11,0,2.43,590.02,255.12,520.18,8.05,14.93,14.45,0,18.51,0,0.96,1.37,0.01,1.56,237.64,-10.8
2025-11-20T07:40:00Z,-13.91,0,292.91,0,43,41.34,0.1,0,12.38,480,274.45,560.3,151.69,16.52,14.5,0,19.68,0,1.03,1.37,0.01,1.56,256.93,-11.66
2025-11-20T07:45:00Z,-9.36,0,334.53,0,40,41.34,0.11,0,0.16,432.28,263.12,600.42,226.44,56.12,14.55,0,22.48,0,0.96,1.37,0.01,1.56,306.27,-19.88
2025-11-20T07:50:00Z,-40.79,0,322.92,0,45,41.34,0.11,0,27.66,433.3,244.6,640.54,236.44,87.73,14.6,0,22.05,0,1.08,1.37,0.01,1.56,292.76,-20.57
2025-11-20T07:55:00Z,-34.37,0,355.89,0,40,41.34,0.11,0,0.62,403.44,244.07,680.66,268.58,102.24,14.65,0,25.43,0,0.96,1.37,0.01,1.56,345.14,-20.57
2025-11-20T08:00:00Z,-21.06,0,300.86,0,46,41.34,0.11,0,12,401.19,245.66,720.78,289.92,96.35,14.7,0,20.88,0,1.1,1.37,0.01,1.56,261.22,-21.21
2025-11-20T08:05:00Z,-56.73,0,297.58,0,41,41.34,0.11,0,0.69,394.59,272.69,761.68,318.93,106.98,14.87,0,21.06,0,0.98,1.37,0.01,1.56,258.99,-41.97
2025-11-20T08:10:00Z,-127.59,0,371.8,0,42,42.02,0.11,0,2.81,387.15,270.09,802.59,323.89,140.08,15.03,0,25.7,0,1.01,1.38,0.01,1.56,339.78,-51.33
2025-11-20T08:15:00Z,-91.42,0,320.74,0,40,42.02,0.1,0,2.62,382.39,272,843.49,327.69,141.28,15.2,0,22.48,0,0.96,1.38,0.01,1.56,270.59,-68.22
2025-11-20T08:20:00Z,-133.95,0,329.51,0,44,42.02,0.1,0,4.66,403.78,258.65,884.39,350.84,185.87,15.37,0,23.09,0,1.06,1.38,0.01,1.56,276.97,-68.71
2025-11-20T08:25:00Z,-200.95,0,395.88,0,39,41.34,0.11,0,1.85,396.35,250.82,925.3,349.73,177.15,15.53,0,27.49,0,0.94,1.37,0.01,1.56,355.76,-69.6
2025-11-20T08:30:00Z,-183.48,0,345.55,0,43,42.69,0.11,0,0.66,389.69,257.96,966.2,352.64,166.89,15.7,0,24.23,0,1.03,1.4,0.01,1.56,289.18,-68
2025-11-20T08:35:00Z,-131.26,0,318.77,0,40,42.02,0.11,0,0.18,391.37,203.53,995.33,335.63,206.73,15.85,0,18.08,0,1.92,1.41,0.01,0,210.17,-15.08
2025-11-20T08:40:00Z,-19.25,0,399.77,0,40,41.34,0.1,0,0.11,341.68,50.07,1024.47,367.82,397.39,16,0,22.96,0,1.92,1.4,0.01,0,292.39,-9.61
2025-11-20T08:45:00Z,-5.21,0,131.71,0,40,41.34,0.1,0,0.31,505.99,78.89,1053.6,105.87,321.41,16.15,0,7.64,0,1.92,1.4,0.01,0,83.08,-10
2025-11-20T08:50:00Z,-0.55,0,13.68,0,43,41.34,0.11,0,8.09,539.97,120.16,1082.74,115.3,315.6,16.3,0,0.79,0,1.99,1.4,0.01,0,27.58,-8.5
2025-11-20T08:55:00Z,-14.63,0,29.53,0,40,41.34,0.11,0,0.2,533.31,125.57,1111.87,74.59,269.05,16.45,0,1.67,0,1.92,1.4,0.01,0,33.1,-8.5
2025-11-20T09:00:00Z,-15.85,-34.64,0,-0.1,40,42.02,0.11,0,0.25,548.5,150.87,1141.01,96.67,249.02,16.6,0.17,0,0,1.92,1.41,0.01,0,20.26,-9.5
2025-11-20T09:05:00Z,-0.52,-53.37,0,-0.1,46,42.02,0.11,0,28.56,544.67,127.17,1161.86,67.12,270.52,16.52,0.27,0,0,2.06,1.41,0.01,0,20.27,-7.74
2025-11-20T09:10:00Z,-0.52,-76.45,0,-0.1,44,42.02,0.11,0,6.25,517.11,143.2,1182.71,69.19,238.12,16.43,0.39,0,0,2.02,1.41,0.01,0,19.61,-3.43
2025-11-20T09:15:00Z,-103.9,0,32.27,0,40,41.34,0.11,0,0.26,509.39,125.5,1203.56,82.42,235.49,16.35,0,1.8,0,1.92,1.4,0.01,0,34.48,-7.77
2025-11-20T09:20:00Z,-105.12,0,30.41,0,42,42.02,0.11,0,1.66,482.13,129.1,1224.41,63.93,233.04,16.27,0,1.72,0,1.97,1.41,0.01,0,34.28,-8.96
2025-11-20T09:25:00Z,-104.55,0,61.26,0,43,41.34,0.1,0,15.79,456.28,109.32,1245.26,79.87,266.79,16.18,0,3.53,0,1.99,1.4,0.01,0,47.6,-7.88
2025-11-20T09:30:00Z,-141.16,0,70.04,0,40,42.02,0.11,0,0.19,432.55,145.49,1266.11,59.72,248.62,16.1,0,4.03,0,1.92,1.41,0.01,0,51.55,-11.11
2025-11-20T09:35:00Z,-8.84,0,70.55,0,44,42.02,0.11,0,52.75,337.96,79.48,1263.04,220.41,344.6,16.07,0,4.1,0,2.02,1.41,0.01,0,51.96,-11.66
2025-11-20T09:40:00Z,-16.47,0,182.95,0,40,42.02,0.1,0,50.11,284.62,47.77,1259.97,209.36,410.13,16.03,0,10.73,0,1.92,1.41,0.01,0,110.68,-9.07
2025-11-20T09:45:00Z,-157.66,0,102.26,0,43,42.02,0.11,0,54.03,411.13,133.39,1256.89,46.38,315.45,16,0,5.84,0,1.99,1.41,0.01,0,66.03,-11.11
2025-11-20T09:50:00Z,-21.21,0,100.5,0,42,42.02,0.11,0,50.23,286.51,120.34,1253.82,204.71,336.14,15.97,0,5.85,0,1.97,1.41,0.01,0,66.23,-11.66
2025-11-20T09:55:00Z,-8.81,0,199.24,0,40,42.02,0.11,0,48.55,221.5,54.3,1250.75,240.37,418.03,15.93,0,11.65,0,1.92,1.41,0.01,0,124.07,-16.89
2025-11-20T10:00:00Z,-0.82,0,240.09,0,42,41.34,0.11,0,50.15,191.04,22.58,1247.67,301.1,460.02,15.9,0,13.97,0,1.97,1.4,0.01,0,153.7,-12.18
2025-11-20T10:05:00Z,-0.83,0,253.08,0,41,42.02,0.11,0,50.49,171.2,31.77,1247.28,289.43,426.74,16.07,0,14.91,0,1.94,1.41,0.01,0,164.82,-8.42
2025-11-20T10:10:00Z,-34.05,-6.74,0,0,40,42.02,0.11,0,49.85,378.16,166.71,1246.89,72.9,275.8,16.23,0.04,0,0,1.92,1.41,0.01,0,21.01,-11.66
2025-11-20T10:15:00Z,-29.72,0,223.55,0,40,42.02,0.11,0,48.23,249.4,69.51,1246.49,226.29,441.69,16.4,0,13,0,1.92,1.41,0.01,0,135.9,-11.66
2025-11-20T10:20:00Z,-25.88,0,238.99,0,40,42.02,0.11,0,50.12,239.06,59,1246.1,182.35,400.83,16.57,0,14,0,1.92,1.41,0.01,0,147.38,-9.31
2025-11-20T10:25:00Z,-19.21,0,63.66,0,40,42.02,0.1,0,49.74,362.7,122.55,1245.71,53.38,312.08,16.73,0,3.62,0,1.92,1.41,0.01,0,46.86,-19.33
2025-11-20T10:30:00Z,-1.85,0,324.56,0,46,42.02,0.11,0,61.67,180.93,37.91,1245.31,255.65,412,16.9,0,18.91,0,2.06,1.41,0.01,0,208.65,-10.76
2025-11-20T10:35:00Z,-3.63,0,224.28,0,43,42.02,0.11,0,50.27,237.79,81.45,1254.08,105.48,321.95,17.22,0,12.99,0,1.99,1.41,0.01,0,132.9,-10.8
2025-11-20T10:40:00Z,-5.75,0,213.99,0,40,42.02,0.11,0,50.02,243.79,83.38,1262.84,126.47,316.98,17.53,0,12.06,0,1.92,1.41,0.01,0,122.95,-10.8
2025-11-20T10:45:00Z,-1.46,0,167.36,-0.1,40,42.02,0.1,0,49.12,264.03,80.82,1271.61,131.69,319,17.85,0,9.59,0,1.92,1.41,0.01,0,98.24,-12.02
2025-11-20T10:50:00Z,-3.49,0,283.86,0,42,42.69,0.11,0,54.15,164.55,40.04,1280.37,246.18,378.45,18.17,0,16.16,0,1.97,1.42,0.01,0,175.53,-9.39
2025-11-20T10:55:00Z,-4.74,0,27.78,0,40,42.02,0.11,0,72.16,285.07,145.46,1289.14,28.49,312.59,18.48,0,1.57,0,1.92,1.41,0.01,0,31.95,-9.36
2025-11-20T11:00:00Z,-198.42,0,176.73,0,40,42.02,0.11,0,72.52,284.49,169.1,1297.91,25.36,332.69,18.8,0,9.81,0,1.92,1.41,0.01,0,102.99,-11.66
2025-11-20T11:05:00Z,-183.11,0,404.95,0,41,42.02,0.11,0,74.66,162.71,49.92,1299.34,186.5,441.73,18.68,0,22.87,0,1.94,1.41,0.01,0,290.91,0
2025-11-20T11:10:00Z,-19.53,0,304.52,0,43,42.69,0.11,0,36.42,166.77,31.49,1300.77,169.19,392.67,18.57,0,17.3,0,1.99,1.42,0.01,0,191.67,-10.59
2025-11-20T11:15:00Z,-16.4,0,193.69,0,44,42.02,0.11,0,3.07,241.21,82.83,1302.2,69.89,324.22,18.45,0,10.83,0,2.02,1.41,0.01,0,113.63,-10
2025-11-20T11:20:00Z,-19.15,0,98.41,0,44,41.34,0.11,0,0.65,298.9,91.86,1303.63,68.7,325.7,18.33,0,5.55,0,2.02,1.4,0.01,0,64.73,-10.53
2025-11-20T11:25:00Z,-6.12,0,72.56,0,46,42.02,0.11,0,8.46,265.42,112.85,1305.06,100.49,334.57,18.22,0,4.1,0,2.06,1.41,0.01,0,53.48,-10.37
2025-11-20T11:30:00Z,-14.82,0,69.33,0,41,42.02,0.11,0,0.21,259.35,127.8,1306.49,105.55,352.57,18.1,0,3.92,0,1.94,1.41,0.01,0,51.61,-16.83
2025-11-20T11:35:00Z,-13.08,0,288.23,0,43,42.02,0.11,0,0.2,143.45,27.32,1323.32,231.48,454.49,18.32,0,16.67,0,1.99,1.41,0.01,0,188.44,-18.42
2025-11-20T11:40:00Z,-58.62,0,334.72,0,46,42.02,0.11,0,5.61,135.59,19.25,1340.15,223.59,453.81,18.53,0,19.41,0,2.21,1.41,0.01,0,231.2,-10.1
2025-11-20T11:45:00Z,-285.29,0,353.48,0,45,41.34,0.11,0,0.72,235.28,124.8,1356.98,99.71,383.16,18.75,0,20.15,0,2.18,1.4,0.01,0,244.39,-10.1
2025-11-20T11:50:00Z,-238.68,0,224.92,0,42,42.02,0.11,0,0.1,263.74,142.28,1373.82,107.32,361.07,18.97,0,12.82,0,2.11,1.41,0.01,0,140.02,-11.66
2025-11-20T11:55:00Z,-97.22,0,168.99,0,45,42.02,0.11,0,3.07,217.56,63.45,1390.65,182.35,472.47,19.18,0,9.81,0,2.18,1.41,0.01,0,107.57,-20.57
2025-11-20T12:00:00Z,-129.15,0,353.38,0,44,42.02,0.11,0,0.34,124.43,14.53,1407.48,252.88,466,19.4,0,20.84,0,2.16,1.41,0.01,0,254.64,-11.66
2025-11-20T12:05:00Z,-208.18,0,327.97,0,43,42.02,0.11,0,0.2,205.33,53.69,1414.81,159.67,474.27,19.33,0,19.05,0,2.14,1.41,0.01,0,221.75,-11.66
2025-11-20T12:10:00Z,-191.53,0,295.77,0,46,42.02,0.11,0,0.62,207.34,54.02,1422.13,174.22,474.88,19.27,0,17.35,0,2.21,1.41,0.01,0,195.84,-19.88
2025-11-20T12:15:00Z,-139.97,0,367.72,0,41,42.02,0.11,0,0.12,165.48,12.68,1429.46,235.04,500.59,19.2,0,21.58,0,2.09,1.41,0.01,0,254.42,-11.66
2025-11-20T12:20:00Z,-190.78,0,419.06,0,40,3.76,0.11,0,0.14,187.95,45.36,1436.79,176.97,435.58,19.13,0,24.49,0,2.06,0.77,0.01,0,297,-11.66
2025-11-20T12:25:00Z,-185.44,0,299.41,0,40,0,0.11,0,0.12,285.3,61.01,1444.11,105.45,451.95,19.07,0,17.35,0,1.92,0.06,0.01,0,172.45,-12.3
2025-11-20T12:30:00Z,-40.86,0,210.15,0,41,0,0.11,60.67,0.31,169.52,40.62,1451.44,223.27,429.13,19,0,12.27,0,2.09,0.7,0.01,1.49,131.37,-10.29
2025-11-20T12:35:00Z,-230.5,0,233.12,0,40,0,0.11,63.46,0.21,250.9,118,1445.36,73.58,348.12,18.82,0,13.29,0,2.06,0.7,0.01,1.56,145.4,-11.34
2025-11-20T12:40:00Z,-269.18,0,290.29,0,40,0,0.11,63.39,0.11,297.57,70.19,1439.28,90.32,435.56,18.63,0,16.64,0,2.06,0.7,0.01,1.56,186.23,-10.77
2025-11-20T12:45:00Z,-265.33,0,263.31,0,41,0,0.11,66.42,0.12,280.66,112.49,1433.2,88.06,348.43,18.45,0,14.99,0,2.09,0.7,0.01,1.63,165.85,-9.89
2025-11-20T12:50:00Z,-234.33,0,124.52,0,43,0,0.11,66.03,1.5,346.24,125.37,1427.13,39.66,349.7,18.27,0,7.05,0,2.14,0.7,0.01,1.62,83.72,-11.78
2025-11-20T12:55:00Z,-228.22,0,386.19,0,42,0,0.11,65,0.16,167.96,45.22,1421.05,234.51,446.93,18.08,0,21.46,0,2.11,0.7,0.01,1.6,275.54,-11.66
2025-11-20T13:00:00Z,-249.22,0,328.99,0,41,0,0.11,66.79,0.09,226.31,54.91,1414.97,133.2,461.59,17.9,0,18.4,0,2.09,0.7,0.01,1.64,223.56,-15.08
2025-11-20T13:05:00Z,-240.82,0,361.77,0,40,0,0.11,62.56,0,191.68,33.83,1420.74,209.15,484.76,17.92,0,20.22,0,2.06,0.7,0.01,1.54,256.84,-11.66
2025-11-20T13:10:00Z,-254.98,0,390.48,0,40,0,0.11,64.48,0.17,176.55,37,1426.52,180.11,499,17.93,0,22.07,0,2.06,0.7,0.01,1.58,288.52,-19.05
2025-11-20T13:15:00Z,-217.39,0,344.29,0,42,0,0.11,66.13,0.45,177.71,20.92,1432.3,201.98,530.98,17.95,0,19.71,0,2.11,0.7,0.01,1.62,246.12,-15.08
2025-11-20T13:20:00Z,-237.44,0,371.54,0,44,0,0.11,65.46,2.12,167.37,30.48,1438.07,202.98,488.67,17.97,0,21.33,0,2.16,0.7,0.01,1.61,272.03,-18.52
2025-11-20T13:25:00Z,-250.4,0,381.18,0,43,0,0.11,65.25,0.08,166.55,21.49,1443.85,210.63,512.39,17.98,0,22.13,0,2.14,0.7,0.01,1.6,287.7,-12.67
2025-11-20T13:30:00Z,-264.64,0,364.7,-0.1,40,0,0.11,64.45,0.08,164.24,42.64,1449.62,200.23,478.81,18,0,20.88,0,2.06,0.7,0.01,1.58,267.64,-11.66
2025-11-20T13:35:00Z,-277.19,0,236.03,0,40,0,0.11,63.07,0,251.13,67.02,1451.59,115.66,415.11,18.1,0,13.46,0,2.06,0.7,0.01,1.55,156.99,-11.83
2025-11-20T13:40:00Z,-283.62,0,329.19,0,42,0,0.11,64.94,0,193.27,46.85,1453.55,235.51,500.07,18.2,0,18.7,0,2.11,0.7,0.01,1.6,233.51,-18.96
2025-11-20T13:45:00Z,-280.91,0,382.62,0,41,0,0.11,62.78,0.2,161.34,20.07,1455.52,241.82,533.07,18.3,0,21.96,0,2.09,0.7,0.01,1.54,292.91,-19.88
2025-11-20T13:50:00Z,-302.69,0,387.5,0,43,0,0.11,66.58,1.11,177.36,14.19,1457.48,249.22,556.36,18.4,0,22.38,0,2.14,0.7,0.01,1.64,301.38,-11.66
2025-11-20T13:55:00Z,-248.58,0,161.43,0,42,0,0.11,64.1,0.12,276.53,64.89,1459.45,116.88,496.88,18.5,0,9.31,0,2.11,0.7,0.01,1.57,109.85,-19.88
2025-11-20T14:00:00Z,-232.93,0,290.12,0,40,0,0.11,64,0.25,172.74,13.13,1461.41,239.61,533.24,18.6,0,17.01,0,2.06,0.7,0.01,1.57,208.59,-11.66
2025-11-20T14:05:00Z,-266.3,0,194.62,0,40,0,0.11,65.97,0.07,215.03,50.44,1478.25,161.81,490.69,18.68,0,11.1,0,2.06,0.7,0.01,1.62,133.89,-11.11
2025-11-20T14:10:00Z,-216.15,-41.65,0,0,43,0,0.11,65.32,0.88,276.94,132.11,1495.08,128.48,401.62,18.77,0.43,0,0,2.14,0.7,0.01,1.6,27.46,0
2025-11-20T14:15:00Z,-139.2,0,55.26,0,40,0,0.11,62.97,0,212.78,35.06,1511.91,244.21,521.19,18.85,0,3.17,0,2.06,0.7,0.01,1.55,53.88,-19.22
2025-11-20T14:20:00Z,-250.29,0,212.28,0,40,0,0.11,62.93,0.06,186.3,19.7,1528.74,260.37,545.55,18.93,0,12.34,0,2.06,0.7,0.01,1.55,145.33,-19.98
2025-11-20T14:25:00Z,-285.66,0,269.47,0,40,0,0.11,62.18,0,176.55,11.91,1545.58,262.78,550.76,19.02,0,15.76,0,2.06,0.7,0.01,1.53,187.92,-20.57
2025-11-20T14:30:00Z,-296.42,0,288.77,0,40,0,0.11,63.69,0.1,155.42,9.95,1562.41,299.36,549.9,19.1,0,16.84,0,2.06,0.7,0.01,1.56,203.85,-20.67
2025-11-20T14:35:00Z,-305.96,0,312.28,0,40,0,0.11,63.74,0,154.76,10.72,1548.78,288.18,534.73,19.23,0,17.9,0,2.06,0.7,0.01,1.57,222.42,-41.97
2025-11-20T14:40:00Z,-346.3,0,378.54,0,41,0,0.11,64.51,0.15,145.91,10.01,1535.14,313.67,550.23,19.37,0,22.18,0,2.09,0.7,0.01,1.59,297.29,-50.78
2025-11-20T14:45:00Z,-359.89,0,376.56,0,40,0,0.11,62.88,0.12,177.86,7.21,1521.51,321.07,534.45,19.5,0,21.81,0,1.92,0,0.01,3.09,299.92,-50.75
2025-11-20T14:50:00Z,-354.25,0,376.47,0,42,0,0.11,66.9,0.15,161.81,7.46,1507.88,330.66,548.18,19.63,0,21.81,0,1.97,0,0.01,3.19,306.64,-36.3
2025-11-20T14:55:00Z,-333.44,0,386.82,0,40,0,0.1,64.16,0.18,161.13,9.73,1494.25,334.81,532.01,19.77,0,22.47,0,1.92,0,0.01,3.12,314.65,-20.57
2025-11-20T15:00:00Z,-340.3,0,373.59,0,42,0,0.11,65.06,0.02,173.09,19.27,1480.62,340.1,525.9,19.9,0,21.53,0,1.97,0,0.01,3.14,299.89,-28.29
2025-11-20T15:05:00Z,-317.17,0,371.06,0,40,0,0.11,64.18,0.17,168.52,11.74,1456.18,341,536.98,20.07,0,21.33,0,1.92,0,0.01,3.12,300.73,-20.57
2025-11-20T15:10:00Z,-342.29,0,423.87,0,42,0,0.11,66.44,0.17,153.53,11.12,1431.74,320.12,536.12,20.23,0,25.24,0,1.97,0,0.01,3.18,388.41,-41.97
2025-11-20T15:15:00Z,-276.6,0,334.46,0,43,0,0.11,66.56,0.49,173.24,11.05,1407.3,329.62,542.14,20.4,0,19.59,0,1.99,0,0.01,3.18,272.5,-41.97
2025-11-20T15:20:00Z,-274.49,0,349.34,0,43,0,0.11,65.08,0.8,167.15,10.35,1382.86,335.6,534.29,20.57,0,20.82,0,1.99,0,0.01,3.14,297.95,-68.45
2025-11-20T15:25:00Z,-314.85,0,426.74,0,40,0,0.11,62.03,0.39,163.57,3.79,1358.43,342.93,548.44,20.73,0,25.49,0,1.92,0,0.01,3.07,412.5,-59.5
2025-11-20T15:30:00Z,-311.61,0,411.39,0,42,0,0.11,64.64,3.05,175.25,3.59,1333.99,348.41,540.08,20.9,0,25.24,0,1.97,0,0.01,3.13,404.84,-41.97
2025-11-20T15:35:00Z,-299.48,0,424.69,0,40,0,0.11,63.39,0,171.61,11,1325.09,416.45,535.03,20.63,0,25.59,0,1.92,0,0.01,3.1,414.28,-41.97
2025-11-20T15:40:00Z,-280.6,0,437.71,0,40,0,0.1,62.58,0.16,165.71,8.16,1316.19,363.08,536.05,20.37,0,26.07,0,1.92,0,0.01,3.08,426.44,-41.97
2025-11-20T15:45:00Z,-231.37,0,334.81,0,43,0,0.1,67.09,56.19,165.7,10.92,1307.29,381.79,521.11,20.1,0,20.02,0,1.99,0,0.01,3.19,279.1,-20.01
2025-11-20T15:50:00Z,-172.36,0,260.71,0,43,0,0.11,65.48,18.65,194.22,13.02,1298.38,371.66,478.51,19.83,0,15.54,0,1.99,0,0.01,3.15,206.95,-41.97
2025-11-20T15:55:00Z,-231.4,0,342.92,0,40,0,0.11,62.94,0.12,195.78,9.66,1289.48,396.85,488.59,19.57,0,20.36,0,1.92,0,0.01,3.09,297.41,-59.1
2025-11-20T16:00:00Z,-180.02,0,289.02,0,40,0,0.11,62.91,0.21,204.3,6.36,1280.58,406.04,515.53,19.3,0,17.01,0,1.92,0,0.01,3.09,234.9,-70
2025-11-20T16:05:00Z,-192.93,0,346.73,0,40,0,0.11,62.58,0,181.83,5.54,1279.08,439.11,526.91,19.23,0,20.54,0,1.92,0,0.01,3.08,297.84,-227.14
2025-11-20T16:10:00Z,-196.8,0,402.57,0,40,0,0.11,63.2,0,74.73,99.07,1277.57,534.07,406.31,19.17,0,23.28,0,1.92,0,0.01,3.1,355.53,-126.37
2025-11-20T16:15:00Z,-139.89,0,286.74,0,44,0,0.11,66.07,8.86,112.09,111.99,1276.07,504.39,408.67,19.1,0,16.78,0,2.02,0,0.01,3.17,221.05,-200
2025-11-20T16:20:00Z,-166.92,0,365.1,0,43,0,0.11,67.2,38.19,58.03,111.54,1274.56,583.57,395.76,19.03,0,20.65,0,1.99,0,0.01,3.2,292.44,-200
2025-11-20T16:25:00Z,-141.77,0,324.93,0,45,0,0.11,67.55,55.97,76.99,111.01,1273.05,559.17,377.85,18.97,0,17.88,0,2.04,0,0.01,3.2,238.68,-200
2025-11-20T16:30:00Z,-90.25,0,304.3,0,42,0,0.11,64.74,31.22,74.6,109.18,1271.55,609.88,390.8,18.9,0,16.53,0,1.97,0,0.01,3.14,216.65,-68
2025-11-20T16:35:00Z,-108.7,0,322.42,0,40,0,0.11,62.85,22.98,144.5,109.08,1233.65,514.8,373.97,18.88,0,16.97,0,1.97,0,0.01,3.13,224.11,-68.71
2025-11-20T16:40:00Z,-97.71,0,323.47,0,43,0,0.11,65.72,9.81,192.29,110.23,1195.75,471.46,376.32,18.87,0,17.9,0,1.99,0,0.01,3.16,231.4,-77.41
2025-11-20T16:45:00Z,-40.74,0,206.76,0,45,0,0.11,67.84,19.29,207.65,109.84,1157.85,438.83,373.77,18.85,0,11.41,0,2.04,0,0.01,3.21,147.03,-94.16
2025-11-20T16:50:00Z,-21.78,0,164.59,0,39,0,0.11,63.93,24.81,241.8,106.64,1119.95,430.4,368.64,18.83,0,9.15,0,1.9,0,0.01,3.12,120.61,-224.5
2025-11-20T16:55:00Z,-35.9,0,375.89,0,42,0,0.11,65.29,2.51,180.64,104.18,1082.05,514.03,361.58,18.82,0,21.03,0,1.97,0,0.01,3.15,294.73,-190.01
2025-11-20T17:00:00Z,-72.64,0,393.64,0,40,0,0.11,64.77,18.01,203.82,104.5,1044.15,540.58,361.76,18.8,0,22.17,0,1.92,0,0.01,3.14,323.87,-102
2025-11-20T17:05:00Z,-50.32,0,437.81,0,40,0,0.11,64.73,11.91,247.23,104.25,1009.38,502.84,352.03,18.62,0,23.48,0,1.92,0,0.01,3.14,346.1,-51.17
2025-11-20T17:10:00Z,-12.13,0,353.81,0,40,0,0.11,64.48,9.06,301.63,111.18,974.62,446.3,275.88,18.43,0,19.58,0,1.92,0,0.01,3.13,260.44,-36
2025-11-20T17:15:00Z,-12.42,0,240.73,0,42,0,0.11,65.35,11.94,329.83,164.98,939.85,447.49,193.79,18.25,0,13.6,0,1.97,0,0.01,3.15,172.76,-34
2025-11-20T17:20:00Z,-15.02,0,214.6,0,43,0,0.11,69.32,57.52,342.48,151.7,905.09,446.01,261.72,18.07,0,12.14,0,1.99,0,0.01,3.25,155.79,-10.91
2025-11-20T17:25:00Z,-6.98,0,77.06,0,40,0,0.11,64.29,9.52,512.69,210.17,870.32,285.58,152.4,17.88,0,4.33,0,1.92,0,0.01,3.12,69.39,-9.5
2025-11-20T17:30:00Z,-5.67,0,60.93,0,40,0,0.11,63.42,6.35,589.47,180.82,835.55,208.47,113.18,17.7,0,3.45,0,1.92,0,0.01,3.1,61.67,-10
2025-11-20T17:35:00Z,-6.88,0,29.88,0,40,0,0.11,62.7,21.77,639.26,192.01,783.28,151.57,81.78,17.62,0,1.71,0,1.92,0,0.01,3.09,47.36,-10.37
2025-11-20T17:40:00Z,-11.92,0,189.77,0,40,0,0.11,7.26,0.27,667.52,214.04,731.01,236.24,19.3,17.53,0,10.92,0,1.92,0,0.01,1.72,119.88,-8.24
2025-11-20T17:45:00Z,-16.97,0,183.7,0,40,0,0.11,0,0.26,854.36,231,678.74,43.54,0,17.45,0,10.56,0,1.92,0,0.01,1.54,105.01,-3.46
2025-11-20T17:50:00Z,-9.52,-104.56,0,0,40,0,0.1,0,0.19,913.23,219.44,626.46,35.17,0,17.37,0.17,0,0,1.92,0,0.01,0,12.49,-8.5
2025-11-20T17:55:00Z,-5.42,-74.85,0,0,42,0,0.11,0,17.43,926.19,207.37,574.19,41.16,0,17.28,0.12,0,0,1.97,0,0.01,0,13.16,1.14
2025-11-20T18:00:00Z,-5.45,-170.04,0,0,40,0,0.11,0,4.32,992.18,229.09,521.92,0,0,17.2,0.27,0,0,1.92,0,0.01,0,12.35,0
2025-11-20T18:05:00Z,-5.56,-137.31,0,0,40,0,0.11,0,8.02,982.5,235.97,483.78,7,0,16.98,0.22,0,0,1.92,0,0.01,0,12.76,-11.66
2025-11-20T18:10:00Z,-4.78,0,235.31,0,41,0,0.11,56.46,0.27,663.91,218.11,445.63,357.09,82.29,16.77,0,13.73,0,1.94,0,0.01,1.39,172.82,-11.66
2025-11-20T18:15:00Z,-11.62,0,293.99,0,40,0,0.11,62.71,0.24,683.16,204.25,407.49,348.69,60.01,16.55,0,17.03,0,1.92,0,0.01,1.54,225.22,-10
2025-11-20T18:20:00Z,-3.71,0,212.82,0,41,0,0.11,65.78,2.94,750.32,223.44,369.35,260.24,10.82,16.33,0,12.34,0,1.94,0,0.01,1.62,154.33,-3.31
2025-11-20T18:25:00Z,-8.69,0,53.87,0,40,0,0.11,62,0.23,975.87,199.8,331.2,88.25,0,16.12,0,3.07,0,1.92,0,0.01,1.52,50.55,-4.95
2025-11-20T18:30:00Z,-3.67,0,58.1,0,43,0,0.11,66.12,5.21,1013.27,173.29,293.06,36.35,0,15.9,0,3.31,0,1.99,0,0.01,1.62,54.31,33.49
2025-11-20T18:35:00Z,-4.13,-7.46,0,-0.1,40,0,0.11,61.94,31.21,1135.3,135.36,249.14,0,0,0,0.02,0,0,1.92,0,0.01,1.52,25.06,12.21
2025-11-20T18:40:00Z,-5.49,-147.89,0,-0.1,40,0,0.11,63.03,117.2,1206.92,121.16,205.22,0,0,0,0.37,0,0,1.92,0,0.01,1.55,23.25,12.04
2025-11-20T18:45:00Z,-2.12,-142.73,0,-0.1,43,0,0.11,66.32,148.96,1213.85,101.9,161.3,0,0,0,0.37,0,0,1.99,0,0.01,1.63,24.56,76.93
