date,Battery (Charging) - MW,Exports - MW,Imports - MW,Distillate - MW,Gas (Steam) - MW,Gas (CCGT) - MW,Gas (OCGT) - MW,Gas (Reciprocating) - MW,Battery (Discharging) - MW,Wind - MW,Solar (Utility) - MW,Solar (Rooftop) - MW,Wind (Curtailment) - MW,Solar (Utility) (Curtailment) - MW,Temperature - C,Exports Emissions Vol - tCO₂e,Imports Emissions Vol - tCO₂e,Distillate Emissions Vol - tCO₂e,Gas (Steam) Emissions Vol - tCO₂e,Gas (CCGT) Emissions Vol - tCO₂e,Gas (OCGT) Emissions Vol - tCO₂e,Gas (Reciprocating) Emissions Vol - tCO₂e,Emissions Intensity - kgCO₂e/MWh,Price - AUD/MWh
2025-12-09T16:55:00Z,-119.11,0,389.12,0,45,0,0.28,0,17.88,498.61,389.3,0,107.58,88.52,28.93,0,24.36,0,2.16,0,0.02,0,719.01,-7.83
2025-12-09T17:00:00Z,-68.12,0,351.67,0,43,0,0.28,0,13.17,531.02,402.14,1073.22,63.28,87.89,28.8,0,21.84,0,2.06,0,0.02,0,174.7,-7.81
2025-12-09T17:05:00Z,-70.11,0,368,0,41,0,0.28,0,15.81,590.55,391.59,1015.86,38.2,89.87,28.42,0,23.07,0,1.97,0,0.02,0,185.92,0
2025-12-09T17:10:00Z,-79.07,0,241.25,0,40,0,0.28,0,15.38,650.01,461.35,958.5,6.03,1.37,28.03,0,15.07,0,1.92,0,0.02,0,113.07,-7
2025-12-09T17:15:00Z,-65.87,0,237.58,0,42,0,0.28,0,29.01,677.53,455.91,901.15,8.19,9.01,27.65,0,15.17,0,2.02,0,0.02,0,114.54,58.69
2025-12-09T17:20:00Z,-6.85,0,202.69,0,40,0,0.28,0,8.96,697.3,450.68,843.79,6.72,0,27.27,0,12.99,0,1.92,0,0.02,0,97.79,14.56
2025-12-09T17:25:00Z,-121.95,0,328.04,0,40,0,0.28,0,16.39,733.7,445.33,786.43,6.72,0,26.88,0,21.23,0,1.92,0,0.02,0,176.88,9.18
2025-12-09T17:30:00Z,-35.54,0,265.38,0,41,0,0.27,0,27.53,727.39,434.87,729.08,7.08,0.25,26.5,0,17.12,0,1.97,0,0.02,0,138.18,13.16
2025-12-09T17:35:00Z,-9.39,0,282.22,0,42,0,0.28,0,37.27,702.32,428.26,688.74,6.72,0,26.4,0,18.33,0,2.02,0,0.02,0,152.06,0
2025-12-09T17:40:00Z,-22.51,0,376.27,0,40,0,0.28,0,0.11,695.91,417.49,648.4,10.15,0.04,26.3,0,24.4,0,1.92,0,0.02,0,225.23,0
2025-12-09T17:45:00Z,-12.83,0,413.02,0,40,0,0.28,0,0.15,694.34,384.68,608.06,11.49,0.99,26.2,0,26.62,0,1.92,0,0.02,0,263.27,11.26
2025-12-09T17:50:00Z,-4.32,0,393.44,0,40,0,0.28,0,0.38,735.42,377.19,567.72,5.41,1.72,26.1,0,25.98,0,1.92,0,0.02,0,253.22,-3.95
2025-12-09T17:55:00Z,-18.47,0,468.83,0,42,0,0.28,0,5.9,761.59,314.6,527.38,6.37,0,26,0,31.44,0,2.02,0,0.02,0,344.94,0
2025-12-09T18:00:00Z,-1.67,0,466.04,0,42,0,0.28,0,11.6,781.14,304.22,487.04,6.37,0,25.9,0,31.29,0,2.02,0,0.02,0,345.15,5.76
2025-12-09T18:05:00Z,-2.9,0,454.66,0,41,0,0.28,0,50.94,796.83,302.79,452.08,6.37,0,25.82,0,30.66,0,1.97,0,0.02,0,330.26,0
2025-12-09T18:10:00Z,-0.78,0,522.62,0,43,0,0.28,0,19.95,811.1,272.34,417.11,0,0,25.73,0,34.23,0,2.06,0,0.02,0,418.84,87.4
2025-12-09T18:15:00Z,-0.4,0,588.52,0,40,0,0.28,0,29.09,809.48,244.8,382.15,0,0,25.65,0,38.14,0,1.92,0,0.02,0,524.58,129.99
2025-12-09T18:20:00Z,-1.16,0,528.6,0,40,0,0.28,0,54.35,855.49,222.87,347.18,0,0,25.57,0,34.4,0,1.92,0,0.02,0,440.24,115.94
2025-12-09T18:25:00Z,-0.07,0,603.01,0,43,0,0.28,0,70.6,869.72,156.92,312.22,1.87,0,25.48,0,38.2,0,2.06,0,0.02,0,568.9,138
2025-12-09T18:30:00Z,0,0,468.54,0,42,0,0.28,91.75,87.01,897.94,108.27,277.25,0,0,25.4,0,29.63,0,2.02,0,0.02,4.51,418.98,129.99
2025-12-09T18:35:00Z,-0.08,0,467.15,0,43,0,0.28,0,258.2,877.52,71.37,257.48,1.86,0,25.32,0,28.43,0,2.06,0,0.02,0,351.85,129.99
2025-12-09T18:40:00Z,-2.38,0,574.91,0,40,0,0.28,72.43,84.55,862.76,65.51,237.72,2.54,0,25.23,0,34.66,0,1.92,0,0.02,3.56,613.14,129.99
2025-12-09T18:45:00Z,-2.53,0,625.56,0,40,0,0.28,71.26,63.23,857.06,59.65,217.95,1.08,0,25.15,0,38.18,0,1.92,0,0.02,3.5,768.25,110.54
2025-12-09T18:50:00Z,-0.26,0,551.95,0,43,0,0.28,73.95,112.18,875.22,58.83,198.18,3.81,0,25.07,0,34.35,0,2.06,0,0.02,3.63,593.99,88.64
2025-12-09T18:55:00Z,-0.52,0,425.74,0,40,0,0.28,71.55,230.1,904.75,66.77,178.41,7.36,0,24.98,0,26.59,0,1.92,0,0.02,3.52,360.92,87.93
2025-12-09T19:00:00Z,-2.15,0,365.17,0.01,40,0,0.28,71.43,259.69,915.57,70.96,158.65,17.26,0,24.9,0,22.68,0,1.92,0,0.02,3.51,293.75,86.77
2025-12-09T19:05:00Z,-0.35,0,403.74,0,41,0,0.28,72.18,249.53,949.79,89.93,144.48,16.38,0,24.77,0,24.97,0,1.97,0,0.02,3.55,320.2,87.03
2025-12-09T19:10:00Z,-2.59,0,341.92,0,40,0,0.28,71.96,270.03,971.21,48.35,130.32,15.38,0,24.63,0,21.1,0,1.92,0,0.02,3.54,268.56,85.66
2025-12-09T19:15:00Z,-2.41,0,293.85,0.01,40,0,0.28,70.76,275.07,1013.05,54,116.15,2.65,0,24.5,0,18.19,0,1.92,0,0.02,3.48,222.55,127.45
2025-12-09T19:20:00Z,-2.35,0,407.38,0.01,40,0,0.28,71.86,110.8,1048.71,49.26,101.99,8.93,0,24.37,0,24.24,0,1.92,0,0.02,3.53,351.92,119.99
2025-12-09T19:25:00Z,-4.38,0,310.64,0,40,0,0.28,69.8,163.68,1121.88,34.03,87.83,6.4,0,24.23,0,18.38,0,1.92,0,0.02,3.43,236.98,109.82
2025-12-09T19:30:00Z,-2.81,0,179.11,0,40,0,0.28,72.04,283.61,1143.33,22.53,73.66,10.23,0,24.1,0,10.63,0,1.92,0,0.02,3.54,132.97,80.94
2025-12-09T19:35:00Z,-1.06,0,127.52,0.01,40,0,0.28,72.36,314.67,1175.29,16.97,62.48,11.63,0,23.9,0,7.58,0,1.92,0,0.02,3.56,101.03,92.26
2025-12-09T19:40:00Z,-1.27,0,70.05,0.01,40,0,0.28,71.35,398.62,1150.56,10.09,51.3,0,0,23.7,0,3.98,0,1.92,0,0.02,3.51,68.52,91.91
2025-12-09T19:45:00Z,-1.88,0,43.6,0.01,40,0,0.28,71.84,409.11,1177.7,4.43,40.12,6.06,0,23.5,0,2.49,0,1.92,0,0.02,3.53,56.26,109.13
2025-12-09T19:50:00Z,-1.93,0,239.17,0.01,40,0,0.28,71.52,141.21,1212.05,1.35,28.94,11.21,0,23.3,0,13.67,0,1.92,0,0.02,3.51,182.96,87.75
2025-12-09T19:55:00Z,-0.24,0,12.59,0.01,40,0,0.28,72.89,413.85,1184.5,0.21,17.76,14.52,0,23.1,0,0.71,0,1.92,0,0.02,3.58,43.59,81.35
2025-12-09T20:00:00Z,-0.32,0,11.73,0.01,40,0,0.28,71.99,435.28,1149.93,0.01,6.58,0,0,22.9,0,0.66,0,1.92,0,0.02,3.54,43.5,98.93
2025-12-09T20:05:00Z,-0.57,0,176.72,0.01,40,0,0.28,70.6,244.19,1155.95,0.01,5.48,0,0,22.53,0,10.32,0,1.92,0,0.02,3.47,140.93,83.31
2025-12-09T20:10:00Z,-0.27,0,43.06,0,40,0,0.28,71.72,415.34,1158.69,0.01,4.39,0,0,22.17,0,2.53,0,1.92,0,0.02,3.52,58.21,79.05
2025-12-09T20:15:00Z,-0.6,0,76.42,0.01,40,0,0.28,70.88,373.79,1166.12,0,3.29,0,0,21.8,0,4.44,0,1.92,0,0.02,3.48,75.06,79.96
2025-12-09T20:20:00Z,-0.87,-20.41,0,0.36,40,0,0.28,71.32,421.32,1177.57,0,2.19,0,0,21.43,0.07,0,0.03,1.92,0,0.02,3.5,38.38,76.92
2025-12-09T20:25:00Z,-0.12,0,105.08,0.01,43,0,0.28,73.49,314.89,1171.38,0,1.1,0,0,21.07,0,6.19,0,2.06,0,0.02,3.61,95.18,83.67
2025-12-09T20:30:00Z,-0.75,0,157.72,0,40,0,0.28,71.63,231.49,1174.31,0,0,0,0,20.7,0,9.24,0,1.92,0,0.02,3.52,129.76,84.97
2025-12-09T20:35:00Z,-0.68,0,293.02,0,40,0,0.28,71.28,98.12,1172.29,0,0,0,0,20.57,0,16.95,0,1.92,0,0.02,3.5,246.87,82.78
2025-12-09T20:40:00Z,0,0,166.84,0.01,42,0,0.28,72.71,224.59,1187.1,0,0,0,0,20.43,0,9.55,0,2.02,0,0.02,3.57,133.79,109.18
2025-12-09T20:45:00Z,-4.16,0,152.93,0.01,40,0,0.28,70.95,204.59,1209.23,0,0,0,0,20.3,0,8.72,0,1.92,0,0.02,3.49,124.09,83.57
2025-12-09T20:50:00Z,-0.07,0,86.9,0,41,0,0.28,73.38,289.35,1198.13,0,0,31.28,0,20.17,0,5.06,0,1.97,0,0.02,3.61,84.39,77.16
2025-12-09T20:55:00Z,-0.04,-30.32,0,0,40,0,0.28,72.62,370,1238.34,0,0,0,0,20.03,0.1,0,0,1.92,0,0.02,3.57,38.4,95.51
2025-12-09T21:00:00Z,-6.51,0,78.81,0,40,0,0.28,70.45,238.64,1232.77,0,0,9.82,0,19.9,0,4.53,0,1.92,0,0.02,3.46,79.61,82.13
2025-12-09T21:05:00Z,-0.22,0,104.8,0.01,41,0,0.28,72.6,181.73,1236.67,0,0,15.24,0,19.65,0,6.07,0,1.97,0,0.02,3.57,97.78,92.77
2025-12-09T21:10:00Z,-0.33,0,118.99,0.01,40,0,0.28,9.87,238.56,1250.34,0,0,16.62,0,19.4,0,6.78,0,1.92,0,0.02,0.48,77.82,87.41
2025-12-09T21:15:00Z,-0.28,0,66.17,0,40,0,0.28,9.49,260.85,1249.62,0,0,14.99,0,19.15,0,3.77,0,1.92,0,0.02,0.47,49.65,94.16
2025-12-09T21:20:00Z,-0.21,0,122.66,0.01,40,0,0.28,0,213.41,1264.18,0,0,8.97,0,18.9,0,7.03,0,1.92,0,0.02,0,77.16,91.45
2025-12-09T21:25:00Z,0,0,173.32,0,42,0,0.28,0,139.66,1270.2,0,0,11.65,0,18.65,0,9.9,0,2.02,0,0.02,0,111.97,103
2025-12-09T21:30:00Z,-1.78,0,63.23,0.01,40,0,0.28,0,205.53,1296.08,0,0,9.76,0,18.4,0,3.65,0,1.92,0,0.02,0,45.41,79.05
2025-12-09T21:35:00Z,-0.11,-10.53,0,0,40,0,0.28,0,284.13,1292.17,0,0,15.91,0,18.27,0.01,0,0,1.92,0,0.02,0,14.39,81.95
2025-12-09T21:40:00Z,-0.11,0,19.41,0.01,42,0,0.28,0,185.85,1353.23,0,0,0,0,18.13,0,1.15,0,2.02,0,0.02,0,24.47,89.26
2025-12-09T21:45:00Z,-0.12,0,16.49,0,41,0,0.28,0,159.47,1364.2,0,0,0,0,18,0,0.98,0,1.97,0,0.02,0,22.97,92.21
2025-12-09T21:50:00Z,-1.86,0,116.53,0,40,0,0.28,0,53.48,1378.27,0,0,0,0,17.87,0,6.79,0,1.92,0,0.02,0,77.42,88.51
2025-12-09T21:55:00Z,-1.65,0,25.97,0,40,0,0.28,0,133.15,1390.89,0,0,0,0,17.73,0,1.55,0,1.92,0,0.02,0,27.28,81.86
2025-12-09T22:00:00Z,-0.7,0,26.76,0,40,0,0.28,0,124,1380.23,0,0,0,0,17.6,0,1.6,0,1.92,0,0.02,0,27.97,81.81
2025-12-09T22:05:00Z,-0.22,0,124.53,0,42,0,0.28,0,59.04,1342.3,0,0,0,0,17.63,0,7.41,0,2.02,0,0.02,0,85.94,87.78
2025-12-09T22:10:00Z,-0.17,0,26.94,0,41,0,0.28,0,127.68,1357.66,0,0,0,0,17.67,0,1.66,0,1.97,0,0.02,0,29.19,103.01
2025-12-09T22:15:00Z,-0.31,0,65.8,0,40,0,0.28,0,52.73,1368.49,0,0,0,0,17.7,0,4.02,0,1.92,0,0.02,0,51.22,82.79
2025-12-09T22:20:00Z,-0.26,-91.83,0,0,40,0,0.28,0,238.16,1340.63,0,0,0,0,17.73,0.11,0,0,1.92,0,0.02,0,14.37,99.44
2025-12-09T22:25:00Z,-0.17,-22.16,0,0,41,0,0.28,0,147.21,1343.54,0,0,0,0,17.77,0.03,0,0,1.97,0,0.02,0,15.56,80.95
2025-12-09T22:30:00Z,-0.21,0,85.63,0,41,0,0.28,0,59.46,1330.09,0,0,0,0,17.8,0,5.42,0,1.97,0,0.02,0,66.06,91.14
2025-12-09T22:35:00Z,-2.81,-2.31,0,0,40,0,0.28,0,149.68,1307.79,0,0,0,0,17.72,0,0,0,1.92,0,0.02,0,15.56,101.49
2025-12-09T22:40:00Z,-3.72,0,79.71,0,40,0,0.28,0,35.69,1331.6,0,0,0,0,17.63,0,5.06,0,1.92,0,0.02,0,63.47,79
2025-12-09T22:45:00Z,-0.1,-91.47,0,0,40,0,0.28,0,144.92,1382.07,0,0,0,0,17.55,0.11,0,0,1.92,0,0.02,0,14.85,79.08
2025-12-09T22:50:00Z,-1.46,-26.02,0,0,41,0,0.28,0,103.39,1358.47,0,0,0,0,17.47,0.03,0,0,1.97,0,0.02,0,15.88,79.05
2025-12-09T22:55:00Z,-2.76,-15.5,0,0,40,0,0.28,0,101.32,1367.3,0,0,0,0,17.38,0.02,0,0,1.92,0,0.02,0,15.45,78.73
2025-12-09T23:00:00Z,-4.46,-57.62,0,0,40,0,0.28,0,118.54,1375.14,0,0,1.96,0,17.3,0.07,0,0,1.92,0,0.02,0,15.21,80.12
2025-12-09T23:05:00Z,-12.47,0,26.06,0,40,0,0.28,0,0,1400.81,0,0,0,0,17.23,0,1.76,0,1.92,0,0.02,0,31.66,79.38
2025-12-09T23:10:00Z,-1.56,0,1.97,0,41,0,0.28,0,15.38,1412.79,0,0,5.44,0,17.17,0,0.14,0,1.97,0,0.02,0,17.38,79.27
2025-12-09T23:15:00Z,-2.05,-69.49,0,0,40,0,0.28,0,32.57,1436.01,0,0,0,0,17.1,0.09,0,0,1.92,0,0.02,0,15.44,79.92
2025-12-09T23:20:00Z,-4.53,-51.58,0,0,40,0,0.28,0,31.33,1416.43,0,0,0,0,17.03,0.07,0,0,1.92,0,0.02,0,15.68,78.27
2025-12-09T23:25:00Z,-3.39,-46.83,0,0,40,0,0.28,0,29.66,1433.75,0,0,0,0,16.97,0.06,0,0,1.92,0,0.02,0,15.51,78.39
2025-12-09T23:30:00Z,-1.87,-96.21,0,0,40,0,0.28,0,33.44,1467.38,0,0,0,0,16.9,0.12,0,0,1.92,0,0.02,0,15.12,77.96
2025-12-09T23:35:00Z,-2.36,-51.99,0,0,40,0,0.27,0,34.86,1442.12,0,0,0,0,16.92,0.07,0,0,1.92,0,0.02,0,15.36,83.6
2025-12-09T23:40:00Z,-3.88,-45.25,0,0,40,0,0.28,0,39.84,1447.1,0,0,0,0,16.93,0.06,0,0,1.92,0,0.02,0,15.27,81.06
2025-12-09T23:45:00Z,-5.75,-94.4,0,0,40,0,0.28,0,84.24,1445.83,0,0,0,0,16.95,0.12,0,0,1.92,0,0.02,0,14.87,97.63
2025-12-09T23:50:00Z,-7.2,-33.81,0,0,40,0,0.27,0,47.22,1419.75,0,0,0,0,16.97,0.04,0,0,1.92,0,0.02,0,15.51,93.35
2025-12-09T23:55:00Z,-2.67,0,31.54,0,41,0,0.27,0,12.64,1376.76,0,0,0,0,16.98,0,2.17,0,1.97,0,0.02,0,35.7,95.08
2025-12-10T00:00:00Z,-5.78,0,34.61,0,41,0,0.28,0,22.26,1367.79,0,0,0,0,17,0,2.38,0,1.97,0,0.02,0,37.63,82.65
2025-12-10T00:05:00Z,-3.23,0,43.26,0,41,0,0.28,0,29.09,1339.11,0,0,0,0,16.98,0,3,0,1.97,0,0.02,0,43.87,84.41
2025-12-10T00:10:00Z,-2.48,0,75.34,0,41,0,0.28,0,18.34,1343.74,0,0,0,0,16.97,0,5.22,0,1.97,0,0.02,0,65.25,86.47
2025-12-10T00:15:00Z,-5.61,0,69.33,0,40,0,0.28,0,3.11,1356.43,0,0,0,0,16.95,0,4.83,0,1.92,0,0.02,0,61.26,81.69
2025-12-10T00:20:00Z,-5.3,0,104.95,0,40,0,0.27,0,5.73,1318.01,0,0,0,0,16.93,0,7.33,0,1.92,0,0.02,0,88.67,81.18
2025-12-10T00:25:00Z,-4.48,0,127.54,0,40,0,0.28,0,16.86,1306.53,0,0,0,0,16.92,0,8.97,0,1.92,0,0.02,0,106.24,82.4
2025-12-10T00:30:00Z,-8.88,0,124.23,0,40,0,0.28,0,0,1329.38,0,0,0,0,16.9,0,8.88,0,1.92,0,0.02,0,105,81.79
2025-12-10T00:35:00Z,-5.04,0,142.18,-0.1,43,0,0.28,0,24.63,1276.95,0,0,0,0,16.85,0,10.32,0,2.06,0,0.02,0,124.25,83.18
2025-12-10T00:40:00Z,-5.18,0,177.28,-0.1,40,0,0.28,0,12.64,1267.81,0,0,0,0,16.8,0,12.67,0,1.92,0,0.02,0,154.06,88.36
2025-12-10T00:45:00Z,-5.63,0,181.19,-0.1,40,0,0.28,0,2.48,1274.5,0,0,0,0,16.75,0,12.81,0,1.92,0,0.02,0,156.6,85.83
2025-12-10T00:50:00Z,-5.94,0,141.44,0,40,0,0.28,0,6.02,1299.52,0,0,0,0,16.7,0,9.98,0,1.92,0,0.02,0,119.32,82.11
2025-12-10T00:55:00Z,-5.44,0,143.9,0,40,0,0.28,0,12.67,1293.37,0,0,0,0,16.65,0,10.31,0,1.92,0,0.02,0,122.79,82.13
2025-12-10T01:00:00Z,-3.47,0,135.02,0,41,0,0.28,0,20.53,1319.68,0,0,0,0,16.6,0,9.83,0,1.97,0,0.02,0,114.08,82.21
2025-12-10T01:05:00Z,-3.09,0,172.63,0,42,0,0.28,0,22.23,1272.96,0,0,0,0,16.47,0,12.55,0,2.02,0,0.02,0,150.66,83.3
2025-12-10T01:10:00Z,-3.04,0,230.9,0,41,0,0.28,0,14.42,1206.07,0,0,0,0,16.33,0,16.38,0,1.97,0,0.02,0,214.41,84.47
2025-12-10T01:15:00Z,-6.04,0,224.88,0,40,0,0.27,0,6.65,1211.58,0,0,0,0,16.2,0,15.87,0,1.92,0,0.02,0,208,83.68
2025-12-10T01:20:00Z,-5.34,0,211.45,0,40,0,0.28,0,6.01,1211.89,0,0,0,0,16.07,0,15.23,0,1.92,0,0.02,0,197.81,83.28
2025-12-10T01:25:00Z,-2.47,0,215.88,0,41,0,0.27,0,16.35,1191.76,0,0,0,0,15.93,0,15.83,0,1.97,0,0.02,0,207.35,83.93
2025-12-10T01:30:00Z,-5.8,0,244.78,0,40,0,0.28,0,5.36,1181.54,0,0,0,0,15.8,0,17.72,0,1.92,0,0.02,0,241.61,84.43
2025-12-10T01:35:00Z,-3.14,0,216.79,0,42,0,0.28,0,14.19,1174.81,0,0,0,0,16,0,16.03,0,2.02,0,0.02,0,214.29,83.89
2025-12-10T01:40:00Z,-6.76,0,202.19,0,40,0,0.28,0,21.09,1191.62,0,0,0,0,16.2,0,14.75,0,1.92,0,0.02,0,191.8,83.41
2025-12-10T01:45:00Z,-3.1,0,196.67,0,42,0,0.28,0,35.25,1171.35,0,0,0,0,16.4,0,14.36,0,2.02,0,0.02,0,187.55,83.97
2025-12-10T01:50:00Z,-6.28,0,227.48,0,40,0,0.28,0,21.66,1162.62,0,0,0,0,16.6,0,16.21,0,1.92,0,0.02,0,219.76,90.99
2025-12-10T01:55:00Z,-6.2,0,206.64,0,40,0,0.28,0,3.44,1196.69,0,0,0,0,16.8,0,14.67,0,1.92,0,0.02,0,193.98,91.3
2025-12-10T02:00:00Z,-105.87,0,317.95,-0.1,40,0,0.28,0,0.45,1176.55,0,0,0,0,17,0,22.63,0,1.92,0,0.02,0,371.64,85.44
2025-12-10T02:05:00Z,-92.94,0,300.06,-0.1,40,0,0.28,0,0,1188.8,0,0,0,0,17.08,0,21.49,0,1.92,0,0.02,0,336.23,80.36
2025-12-10T02:10:00Z,-3.83,0,158.25,-0.1,40,0,0.28,0,3.61,1222.02,0,0,0,0,17.17,0,11.77,0,1.92,0,0.02,0,149,84.28
2025-12-10T02:15:00Z,-104.51,0,227.43,-0.1,40,0,0.28,0,0,1257.7,0,0,0,0,17.25,0,16.81,0,1.92,0,0.02,0,232.96,81.72
2025-12-10T02:20:00Z,-6.37,0,94.42,-0.1,40,0,0.28,0,0.35,1296.48,0,0,0,0,17.33,0,6.95,0,1.92,0,0.02,0,86.28,70.1
2025-12-10T02:25:00Z,-5.9,0,71.42,-0.1,40,0,0.27,0,4.01,1298.32,0,0,0,0,17.42,0,5.36,0,1.92,0,0.02,0,69.18,80.62
2025-12-10T02:30:00Z,-3.68,0,67.89,-0.1,41,0,0.27,0,8.54,1284.91,0,0,0,0,17.5,0,5.07,0,1.97,0,0.02,0,67.01,86.62
2025-12-10T02:35:00Z,-116.22,0,182.02,0,40,0,0.27,0,0,1288.18,0,0,0,0,17.65,0,12.97,0,1.92,0,0.02,0,173.71,82.72
2025-12-10T02:40:00Z,-112.63,0,153.33,0,41,0,0.28,0,3.46,1310.02,0,0,0,0,17.8,0,11.36,0,1.97,0,0.02,0,147.07,84.22
2025-12-10T02:45:00Z,-9.39,0,55.2,0,40,0,0.27,0,6.5,1294.28,0,0,0,0,17.95,0,3.98,0,1.92,0,0.02,0,55.62,75
2025-12-10T02:50:00Z,-113.07,0,166.91,0,40,0,0.28,0,1.49,1283.51,0,0,0,0,18.1,0,12.54,0,1.92,0,0.02,0,166.16,80.44
2025-12-10T02:55:00Z,-14.4,0,79.75,0,40,0,0.28,0,0,1273.44,0,0,0,0,18.25,0,5.84,0,1.92,0,0.02,0,76.56,82.68
2025-12-10T03:00:00Z,-110.56,0,163.01,0,40,0,0.28,0,9.89,1271.91,0,0,0,0,18.4,0,11.92,0,1.92,0,0.02,0,158.65,80.43
2025-12-10T03:05:00Z,-18.71,0,100.48,0,40,0,0.28,0,0,1268.16,0,0,0,0,18.32,0,7.33,0,1.92,0,0.02,0,93.55,72.4
2025-12-10T03:10:00Z,-113.15,0,151.67,0,41,0,0.28,0,6.76,1299.2,0,0,0,0,18.23,0,11.15,0,1.97,0,0.02,0,145.65,70.17
2025-12-10T03:15:00Z,-10.46,0,49.94,0,41,0,0.28,0,13.47,1277.55,0,0,0,0,18.15,0,3.68,0,1.97,0,0.02,0,53.48,80.4
2025-12-10T03:20:00Z,-10.62,0,49.72,-0.1,40,0,0.28,0,7,1278.72,0,0,0,0,18.07,0,3.58,0,1.92,0,0.02,0,52.33,82.2
2025-12-10T03:25:00Z,-117.37,0,200.21,0,40,0,0.27,0,0.14,1246.01,0,0,0,0,17.98,0,14.22,0,1.92,0,0.02,0,200.09,83.01
2025-12-10T03:30:00Z,-115.43,0,217.7,0,40,0,0.27,0,0.19,1217.47,0,0,0,0,17.9,0,15.85,0,1.92,0,0.02,0,230.79,83.1
2025-12-10T03:35:00Z,-119.57,0,247.44,0,40,0,0.27,0,0.83,1184.82,0,0,0,0,17.85,0,17.93,0,1.92,0,0.02,0,277.54,84.01
2025-12-10T03:40:00Z,-113.72,0,258.78,0,40,0,0.28,0,1.05,1179.94,0,0,0,0,17.8,0,18.71,0,1.92,0,0.02,0,291.93,84.44
2025-12-10T03:45:00Z,-117.86,0,288.77,0,40,0,0.28,0,0.13,1160.1,0,0,0,0,17.75,0,19.89,0,1.92,0,0.02,0,330.03,84.78
2025-12-10T03:50:00Z,-120.2,0,264.73,0,40,0,0.28,0,0.04,1172.28,0,0,0,0,17.7,0,18.66,0,1.92,0,0.02,0,298.71,79.05
2025-12-10T03:55:00Z,-113.07,0,258.74,0,40,0,0.28,0,1.1,1168.17,0,0,0,0,17.65,0,18.36,0,1.92,0,0.02,0,290.79,67.25
2025-12-10T04:00:00Z,-6.41,0,168.28,0,41,0,0.28,0,2.83,1139.75,0,0,0,0,17.6,0,11.92,0,1.97,0,0.02,0,165.41,81.21
2025-12-10T04:05:00Z,-5.6,0,156.28,0,41,0,0.28,0,30.67,1130.48,0,0,0,0,17.58,0,11.01,0,1.97,0,0.02,0,149.9,65.01
2025-12-10T04:10:00Z,-0.48,0,177.25,0,40,0,0.28,0,6.26,1132.49,0,0,0,0,17.57,0,12.06,0,1.92,0,0.02,0,167.8,67.72
2025-12-10T04:15:00Z,-0.55,0,169.12,0,40,0,0.28,0,6.23,1149.06,0,0,0,0,17.55,0,11.48,0,1.92,0,0.02,0,156.93,69.07
2025-12-10T04:20:00Z,-0.13,0,143.17,0,43,0,0.28,0,28.09,1144.31,0,0,0,0,17.53,0,9.82,0,2.06,0,0.02,0,133.16,82.66
2025-12-10T04:25:00Z,-2.29,0,160.88,0,40,0,0.27,0,2.62,1148.8,0,0,0,0,17.52,0,10.77,0,1.92,0,0.02,0,148.31,81.53
2025-12-10T04:30:00Z,-2.34,0,179.72,0,40,0,0.27,0,1.12,1139.87,0,0,0,0,17.5,0,12.11,0,1.92,0,0.02,0,168.71,82.37
2025-12-10T04:35:00Z,-0.18,0,157.26,0,42,0,0.28,0,16.39,1142.67,0,0,0,0,17.52,0,10.53,0,2.02,0,0.02,0,144.47,96.46
2025-12-10T04:40:00Z,-2.23,0,183.71,0,40,0,0.27,0,9.14,1146.14,0,0,0,0,17.53,0,12.06,0,1.92,0,0.02,0,166.35,93.6
2025-12-10T04:45:00Z,-1.27,0,194.68,0,40,0,0.27,0,26.57,1128.38,0,0,0,0,17.55,0,12.8,0,1.92,0,0.02,0,177.01,94.41
2025-12-10T04:50:00Z,-1.41,0,186.54,0,40,0,0.27,0,14.98,1123.59,0,0,0,0,17.57,0,12.23,0,1.92,0,0.02,0,171.61,80.4
2025-12-10T04:55:00Z,-0.09,0,106.46,-0.1,41,0,0.28,0,137.43,1108.03,0,0,0,0,17.58,0,6.87,0,1.97,0,0.02,0,90.1,81.67
2025-12-10T05:00:00Z,-1.04,0,133.6,-0.1,40,0,0.28,0,111.37,1099.84,0,0,0,0,17.6,0,8.42,0,1.92,0,0.02,0,111.31,90.92
2025-12-10T05:05:00Z,-0.08,0,141.59,-0.1,41,0,0.28,0,124.5,1076.51,0,0.02,0,0,17.73,0,8.94,0,1.97,0,0.02,0,119.17,93.55
2025-12-10T05:10:00Z,-0.73,0,140.66,-0.1,40,0,0.28,0,123.99,1081.63,0,0.04,0,0,17.87,0,8.8,0,1.92,0,0.02,0,116.72,106.27
2025-12-10T05:15:00Z,-0.12,0,75.99,-0.1,42,0,0.45,0,216.03,1053.42,0,0.06,0,0,18,0,4.84,0,2.02,0,0.03,0,66.9,111.5
2025-12-10T05:20:00Z,-2.4,0,247.48,-0.1,40,0,0.45,0,35.44,1062.4,0,0.08,0,0,18.13,0,15.5,0,1.92,0,0.03,0,235.73,83.51
2025-12-10T05:25:00Z,-0.35,0,146.76,-0.1,41,0,0.44,0,169.89,1055.6,0.04,0.1,0,0,18.27,0,9.28,0,1.97,0,0.03,0,120.81,124.05
2025-12-10T05:30:00Z,-3.56,0,230.7,-0.1,40,0,0.45,0,67.15,1079.17,0.5,0.12,0,0,18.4,0,14.45,0,1.92,0,0.03,0,206.51,82.52
2025-12-10T05:35:00Z,-0.13,0,178.45,0,40,0,0.45,0,119.91,1086.08,0.49,1.09,0,0,18.43,0,11.27,0,1.92,0,0.03,0,148.4,90.53
2025-12-10T05:40:00Z,-0.07,0,233.47,0,41,0,0.45,0,74.53,1111.27,0.7,2.06,0,0,18.47,0,14.63,0,1.97,0,0.03,0,200.31,81.26
2025-12-10T05:45:00Z,-0.86,0,96.23,0,40,0,0.45,0,189.13,1131.68,0.89,3.04,0,0,18.5,0,6.08,0,1.92,0,0.03,0,75.96,96.35
2025-12-10T05:50:00Z,-0.1,0,202.72,0,40,0,0.45,0,57.09,1154.38,2.01,4.01,0,0,18.53,0,12.78,0,1.92,0,0.03,0,167.49,123.99
2025-12-10T05:55:00Z,-2.19,0,202.68,0,40,0,0.45,0,57.75,1131.01,4.45,4.99,0,0,18.57,0,12.44,0,1.92,0,0.03,0,167.06,107.5
2025-12-10T06:00:00Z,-0.05,0,98.2,0,40,0,0.45,100.85,40.66,1138.01,5.68,5.96,0,0,18.6,0,6.17,0,1.92,0,0.03,4.96,127.2,104.55
2025-12-10T06:05:00Z,-1.28,0,59.77,0,40,0,0.45,98.42,97.58,1121.64,7.54,10.03,0,0,18.6,0,3.78,0,1.92,0,0.03,4.84,96.45,81.46
2025-12-10T06:10:00Z,-0.1,0,166.87,0,41,0,0.45,101.95,19.75,1118.25,10.67,14.11,0,0,18.6,0,10.62,0,1.97,0,0.03,5.01,185.71,82.24
2025-12-10T06:15:00Z,-0.17,0,126.87,0,42,0,0.45,101.59,47.14,1125.55,13.13,18.18,0,0,18.6,0,8.11,0,2.02,0,0.03,4.99,148.87,82.21
2025-12-10T06:20:00Z,-0.29,0,175.86,0,41,0,0.45,99.35,24.77,1113.99,16.92,22.25,0,0,18.6,0,11.27,0,1.97,0,0.03,4.88,190.63,89.07
2025-12-10T06:25:00Z,-0.09,0,172.12,0,42,0,0.45,102.16,45.93,1099.02,18.99,26.32,0,0,18.6,0,10.89,0,2.02,0,0.03,5.02,185.31,85.4
2025-12-10T06:30:00Z,-0.61,0,181.85,0,40,0,0.45,99.92,29.78,1122.15,21,30.4,0,0,18.6,0,11.19,0,1.92,0,0.03,4.91,186.57,80.56
2025-12-10T06:35:00Z,-0.11,0,53.24,0,41,0,0.45,99.76,156.34,1136.83,23.69,36.9,0,0,18.63,0,3.35,0,1.97,0,0.03,4.9,85.32,81.46
2025-12-10T06:40:00Z,-0.08,0,99.48,0,45,0,0.45,103.29,134.75,1119.27,26.42,43.39,0,0,18.67,0,6.4,0,2.16,0,0.03,5.08,119.48,113.94
2025-12-10T06:45:00Z,-0.05,0,120.48,0,40,0,0.45,99.9,151.33,1120.31,27.41,49.89,0,0,18.7,0,7.48,0,1.92,0,0.03,4.91,125.74,81.95
2025-12-10T06:50:00Z,-0.57,0,142.33,0,40,0,0.45,100.48,127.11,1122.32,28.1,56.39,0,0,18.73,0,8.8,0,1.92,0,0.03,4.94,141.36,84.21
2025-12-10T06:55:00Z,-3.59,0,346.37,0,40,0,0.45,97.46,7.68,1082.23,28.41,62.89,0,0,18.77,0,21.73,0,1.92,0,0.03,4.79,352.48,127
2025-12-10T07:00:00Z,-0.41,0,364.37,-0.1,40,0,0.45,99.82,15.1,1041.1,29.63,69.39,0,0,18.8,0,24.09,0,1.92,0,0.03,4.91,399.04,129.13
2025-12-10T07:05:00Z,-1.42,0,402.39,-0.1,40,0,0.45,99.05,5.02,1007.89,30.03,78.56,0,0,18.93,0,25.71,0,1.92,0,0.03,4.87,455.35,100.09
2025-12-10T07:10:00Z,-1.06,0,391.56,0,40,0,0.45,99.84,47.46,967.74,29.73,87.74,0,0,19.07,0,24.97,0,1.92,0,0.03,4.91,433.82,65.73
2025-12-10T07:15:00Z,-21.86,0,412.94,0,42,0,0.45,100.95,16.49,981.97,28.52,96.92,0,0,19.2,0,25.95,0,2.02,0,0.03,4.96,475.02,65.73
2025-12-10T07:20:00Z,-17.45,0,440.56,0,40,0,0.45,99.67,2.54,956.71,29.91,106.09,0,0,19.33,0,27.33,0,1.92,0,0.03,4.9,527.64,98.19
2025-12-10T07:25:00Z,-96.64,0,492.89,-0.1,42,0,0.45,101.56,23.58,956.06,32.8,115.27,0,0,19.47,0,30.78,0,2.02,0,0.03,4.99,665.27,82.65
2025-12-10T07:30:00Z,-0.97,0,434.5,-0.1,40,0,0.45,100.59,17.99,933.83,35.39,124.44,0,0,19.6,0,27,0,1.92,0,0.03,4.94,497.8,60.81
2025-12-10T07:35:00Z,-36.9,0,435.35,0,41,0,0.45,99.66,33.47,948.37,39.61,134.4,0,0,19.75,0,27.29,0,1.97,0,0.03,4.9,497.41,103.89
2025-12-10T07:40:00Z,-2.9,0,404.82,0,40,0,0.45,99.26,26.09,945.18,40.25,144.35,0,0,19.9,0,26.68,0,1.92,0,0.03,4.88,452.86,75.15
2025-12-10T07:45:00Z,-0.09,0,370.02,0,44,0,0.45,103.55,66.53,916.54,42.2,154.31,0,0,20.05,0,25,0,2.11,0,0.03,5.09,403.9,130.21
2025-12-10T07:50:00Z,-0.99,0,460.98,0,40,0,0.28,100.22,22.79,882.09,44.57,164.26,0,0,20.2,0,30.5,0,1.92,0,0.02,4.92,565.99,131.24
2025-12-10T07:55:00Z,-0.02,0,449.8,0,43,0,0.28,100.4,48.58,872.91,47.35,174.22,0,0,20.35,0,30.57,0,2.06,0,0.02,4.93,538.87,149.71
2025-12-10T08:00:00Z,-1.29,0,397.88,0,40,0,0.28,154.04,72.66,848.28,53.41,184.18,0,0,20.5,0,26.76,0,1.92,0,0.02,7.57,456.4,148
2025-12-10T08:05:00Z,-0.03,0,466.39,0,42,0,0.28,157.79,35.31,810.64,58.42,186.38,12.13,0,20.55,0,30.29,0,2.02,0,0.02,7.75,583.44,162.97
2025-12-10T08:10:00Z,-0.09,0,466.24,0,42,0,0.28,157.55,105.67,738.73,59.14,188.58,13.58,0,20.6,0,29.91,0,2.02,0,0.02,7.74,576.9,153.84
2025-12-10T08:15:00Z,-0.3,0,457.17,0,40,0,0.28,156.5,181.42,666.8,67.78,190.78,38.7,0,20.65,0,28.74,0,1.92,0,0.02,7.69,544.18,198
2025-12-10T08:20:00Z,-1.44,0,625.91,0,40,0,0.28,156.3,73.29,596.54,83.29,192.98,48.32,0,20.7,0,38.38,0,1.92,0,0.02,7.68,1117.68,232.15
2025-12-10T08:25:00Z,0,0,624.34,0,43,0,0.27,157.55,85.6,562.78,91.95,195.19,68.96,0,20.75,0,38.56,0,2.06,0,0.02,7.74,1134.03,232.15
2025-12-10T08:30:00Z,-1.73,0,653.21,0,43,0,5.14,157.12,99.67,515.55,93.38,197.39,57.8,0,20.8,0,40.48,0,2.06,0,0.23,7.72,1327.72,232.15
2025-12-10T08:35:00Z,-1.88,0,720.38,0,40,0,41.45,156.97,68.74,481.22,83.46,202.06,49.83,0,20.82,0,43.44,0,1.92,0,1.76,7.71,1871.4,360.55
2025-12-10T08:40:00Z,-2.95,0,752.51,0,40,5.78,41.87,156.76,74.66,446.11,79.75,206.73,76.49,0,20.83,0,45.69,0,1.92,0.19,1.78,7.7,2320.92,230
2025-12-10T08:45:00Z,-3.91,0,841.64,0,40,5.11,68.19,155.54,0.82,435.73,84.8,211.4,79.52,0,20.85,0,51.04,0,1.92,0.17,3.39,7.64,4934.89,230
2025-12-10T08:50:00Z,-55.57,0,806.58,0,42,5.78,113.78,157.49,2.23,440.92,87.13,216.07,79.65,0,20.87,0,51.01,0,2.02,0.19,6.33,7.74,3972.89,60.44
2025-12-10T08:55:00Z,-59.93,0,733.53,0,40,35.3,122.76,157.17,0.14,466.66,82.19,220.74,81.11,0,20.88,0,47.56,0,1.92,1.18,6.72,7.72,2356.89,22.2
2025-12-10T09:00:00Z,-32.45,0,641.96,0,42,39.33,135.18,157.26,0.49,500.15,78.79,225.41,0,0,20.9,0,41.34,0,2.02,1.32,7.48,7.73,1425.15,26.52
2025-12-10T09:05:00Z,-94.24,0,595.07,0,41,39.33,134.52,157.85,0.58,577.57,87.49,249.29,0,0,21.17,0,38.67,0,1.97,1.32,7.44,7.76,1146.16,121.05
2025-12-10T09:10:00Z,-56.16,0,670.05,0,42,39.33,118.35,3.27,14.39,593.93,99.17,273.17,0,0,21.43,0,46.91,0,2.02,1.32,6.45,0.16,1491.41,117.66
2025-12-10T09:15:00Z,-83.53,0,638.85,0,41,60.14,118.63,0,3.21,644.55,115.34,297.05,0,0,21.7,0,44.41,0,1.97,2.01,6.46,0,1180.61,81.84
2025-12-10T09:20:00Z,-1.71,0,472.89,0,41,65.5,118.37,0,8.36,706.3,127.71,320.93,0,0,21.97,0,33.26,0,1.97,2.19,6.45,0,576.2,67.93
2025-12-10T09:25:00Z,-1.7,0,357.05,0,41,65.5,114.66,0,1.72,750.29,139.69,344.81,0,0,22.23,0,25.32,0,1.97,2.19,6.2,0,389.6,77.67
2025-12-10T09:30:00Z,-3.12,0,278.41,0,42,65.5,115.12,0,4.71,765.46,169.87,368.69,0,0,22.5,0,20.09,0,2.02,2.19,6.23,0,293.09,64.43
2025-12-10T09:35:00Z,-17.67,0,233.98,0,40,75.57,114.32,0,7.5,757.58,171.35,372.68,0,0,22.62,0,16.64,0,1.92,2.53,6.18,0,254.16,156
2025-12-10T09:40:00Z,-21.39,0,223.39,0,43,75.57,115.1,0,5.95,770.92,178.67,376.68,0,0,22.73,0,16.28,0,2.06,2.53,6.23,0,246.2,51
2025-12-10T09:45:00Z,-89.04,0,124.5,0,43,104.43,115.43,112.21,18.28,812.62,188.39,380.67,0,0,22.85,0,9.3,0,2.06,3.5,6.25,5.51,204.57,89.08
2025-12-10T09:50:00Z,-4.79,-18.87,0,0,41,104.43,114.04,156.94,0,858.23,217.49,384.67,0,0,22.97,0.24,0,0,1.97,3.5,6.16,7.71,123.66,37.92
2025-12-10T09:55:00Z,-58.18,-57.06,0,0,43,146.04,92.44,156.85,5.6,918.19,328.86,388.66,0,0,23.08,0.66,0,0,2.06,4.89,4.85,7.71,115.19,21.47
2025-12-10T10:00:00Z,-4.16,0,7.33,0,42,171.54,74.73,157.08,1.28,913,252.14,392.65,0,0,23.2,0,0.54,0,2.02,5.74,3.78,7.72,119.24,51
2025-12-10T10:05:00Z,-132.32,0,87.76,0,40,166.84,74.08,155.11,0,923.21,248.15,400.48,0,0,23.17,0,6.53,0,1.92,5.59,3.74,7.62,170.48,38.93
2025-12-10T10:10:00Z,-141.24,0,59.13,0,42,171.54,74.12,140.93,5.87,930.06,336.22,408.31,0,0,23.13,0,4.45,0,2.02,5.74,3.75,6.93,143.84,38.38
2025-12-10T10:15:00Z,-40.12,0,2.19,0,41,170.2,61.21,139.27,0.63,931.01,309.5,416.13,0,0,23.1,0,0.17,0,1.97,5.7,2.97,6.84,104.49,39.59
2025-12-10T10:20:00Z,-132.78,0,70.16,0,41,168.85,60.88,122.64,0.02,919.09,300.64,423.96,0,0,23.07,0,5.46,0,1.97,5.65,2.95,6.03,144.35,60.08
2025-12-10T10:25:00Z,-33.25,-57.78,0,0,40,167.51,42.21,133.06,0.49,920.18,315.32,431.79,0,0,23.03,0.58,0,0,1.92,5.61,2.16,6.54,95.8,38.38
2025-12-10T10:30:00Z,-144.39,0,43.35,0,41,166.84,20.1,138.38,0,929.72,321.82,439.61,0,0,23,0,3.39,0,1.97,5.59,1.22,6.8,121.73,38.63
2025-12-10T10:35:00Z,-209.65,-95.41,0,0,40,166.17,19.41,136.64,0,947.2,344.98,557.21,0,0,23.15,0.89,0,0,1.92,5.56,1.18,6.71,91.21,36.14
2025-12-10T10:40:00Z,-212.24,-170.41,0,0,40,166.17,19.79,99.12,0,924.7,348.73,674.81,0,0,23.3,1.45,0,0,1.92,5.56,1.2,4.87,76.87,22.2
2025-12-10T10:45:00Z,-264.16,-254.53,0,0,40,166.84,19.6,99.92,0,874.81,353.96,792.4,0,0,23.45,2.23,0,0,1.92,5.59,1.19,4.91,74.67,21.72
2025-12-10T10:50:00Z,-260.61,-347.68,0,0,41,170.2,19.97,102.48,2.2,889.66,336.82,910,0,0,23.6,3.1,0,0,1.97,5.7,1.21,5.04,69.65,22.2
2025-12-10T10:55:00Z,-259.62,-280.62,0,0,42,171.54,0.11,102.51,1.31,919.32,315.14,1027.6,5.71,0,23.75,2.32,0,0,2.02,5.74,0.01,5.04,61.72,21.21
2025-12-10T11:00:00Z,-221.53,-194.53,0,0,45,174.22,0.11,104.54,8.31,898.76,319.63,1145.19,0,0,23.9,1.65,0,0,2.16,5.83,0.01,5.14,60.48,33.42
2025-12-10T11:05:00Z,-208,-381.34,0,0,40,164.83,0.11,99.23,0,934.77,404.89,1176.72,10.02,0,24.17,2.86,0,0,1.92,5.52,0.01,4.88,50.89,29.78
2025-12-10T11:10:00Z,-278.2,-329.42,0,0,40,167.51,0.11,99.89,0,916.3,360.98,1208.24,5.98,0,24.43,2.59,0,0,1.92,5.61,0.01,4.91,54.13,28.69
2025-12-10T11:15:00Z,-249.09,-401.55,0,0,42,171.54,0.11,103.59,0,929.13,349.6,1239.76,14.89,0,24.7,3.23,0,0,2.02,5.74,0.01,5.09,52.84,28.11
2025-12-10T11:20:00Z,-248.39,-470.01,0,0,41,169.53,0.11,101.84,2.8,961.16,339.25,1271.28,6.92,0,24.97,3.68,0,0,1.97,5.68,0.01,5,49.66,0
2025-12-10T11:25:00Z,-294.82,-470.81,0,0.01,40,168.18,0.11,77.5,0.4,981.29,399.48,1302.81,0,1.23,25.23,3.21,0,0,1.92,5.63,0.01,3.81,44.41,0
2025-12-10T11:30:00Z,-343.08,-403.25,0,0,41,170.87,0.11,101.29,0,1002.24,534.76,1334.33,18.45,0.26,25.5,2.76,0,0,1.97,5.72,0.01,4.98,48.78,27.92
2025-12-10T11:35:00Z,-241.89,-608.89,0,0,40,167.51,0.11,98.77,0,1053.62,459.98,1360.69,12.61,25.28,25.78,4.14,0,0,1.92,5.61,0.01,4.85,42.46,1.1
2025-12-10T11:40:00Z,-240.64,-570.91,0,0,40,121.88,0.11,10.47,0,1077.41,431.96,1387.05,42.32,15.66,26.07,2.21,0,0,1.92,4.08,0.01,0.51,22.9,-7.81
2025-12-10T11:45:00Z,-334.35,-491.61,0,0,41,62.82,0.11,0,0,1110.07,437.87,1413.4,72.37,27.24,26.35,1.21,0,0,1.97,2.1,0.01,0,15.35,-7.76
2025-12-10T11:50:00Z,-310.49,-381.62,0,0,40,56.78,0.11,0,0.3,1032.08,412.13,1439.76,163.32,95.77,26.63,0.95,0,0,1.92,1.9,0.01,0,15.1,1.1
2025-12-10T11:55:00Z,-360.79,-397.42,0,0,43,58.12,0.11,0,3.3,1066.64,403.65,1466.12,154.46,68.01,26.92,1.01,0,0,2.06,1.95,0.01,0,15.78,-5.74
2025-12-10T12:00:00Z,-306,-646.81,0,0,40,44.03,0.11,0,0,1078,484.57,1492.48,217.97,69,27.2,1.34,0,0,1.92,1.47,0.01,0,11.33,-41.97
2025-12-10T12:05:00Z,-307.31,-444.77,0,0,40,43.36,0.11,0,0,917.62,382.24,1533.84,368.39,137.86,27.27,1.09,0,0,1.92,1.45,0.01,0,12.7,-21
2025-12-10T12:10:00Z,-333.35,-447.24,0,0.01,40,43.36,0.11,0,0,916.32,376.86,1575.2,314.64,113.47,27.33,1.1,0,0,1.92,1.45,0.01,0,12.61,-15.08
2025-12-10T12:15:00Z,-178.06,-433.4,0,0,40,43.36,0.1,0,0,768.31,345.24,1616.56,503.45,163.61,27.4,1.22,0,0,1.92,1.45,0.01,0,11.74,-15.08
2025-12-10T12:20:00Z,-186.44,-343.28,0,0,40,42.69,0.11,0,0.1,750.11,331.99,1657.92,478.44,163.15,27.47,0.99,0,0,1.92,1.43,0.01,0,12.38,-11.66
2025-12-10T12:25:00Z,-245.99,-433.54,0,0,40,43.36,0.11,0,0,813.99,386.87,1699.28,425.52,144.83,27.53,1.14,0,0,1.92,1.45,0.01,0,11.65,-11.66
2025-12-10T12:30:00Z,-252.23,-465.16,0,0.01,40,42.69,0.11,0,0,829.61,386.35,1740.64,393.64,151.06,27.6,1.2,0,0,1.92,1.43,0.01,0,11.13,-41.97
2025-12-10T12:35:00Z,-197.59,-418.97,0,0,43,43.36,0.11,0,4.45,776.04,368.64,1734.94,406.87,200.85,27.62,1.19,0,0,2.06,1.45,0.01,0,11.87,-11.66
2025-12-10T12:40:00Z,-184.54,-503.96,0,0,40,42.69,0.11,0,0,794.88,390.45,1729.25,411.34,169.21,27.63,1.33,0,0,1.92,1.43,0.01,0,10.51,-11.66
2025-12-10T12:45:00Z,-270.21,-442.2,0,0,42,42.69,0.11,0,0,798.02,386.61,1723.55,428.58,165.46,27.65,1.2,0,0,2.02,1.43,0.01,0,11.83,-11.66
2025-12-10T12:50:00Z,-207.41,-394.57,0,0,41,42.69,0.11,0,0,754.26,364.65,1717.85,472.62,171.83,27.67,1.12,0,0,1.97,1.43,0.01,0,11.84,-8.5
2025-12-10T12:55:00Z,-280.6,-340.68,0,0,40,42.69,0.11,0,0,798.22,367.86,1712.15,380.38,215.21,27.68,0.92,0,0,1.92,1.43,0.01,0,12.51,-8.35
2025-12-10T13:00:00Z,-304.81,-373.16,0,0,44,43.36,0.11,0,0.05,861.43,354.41,1706.45,352.56,184.1,27.7,1.02,0,0,2.11,1.45,0.01,0,13.11,-7.81
2025-12-10T13:05:00Z,-471.97,-314.25,0,0,41,42.69,0.11,0,0,966.25,364.67,1668.02,147.87,171.07,27.63,0.76,0,0,1.97,1.43,0.01,0,13.83,9.1
2025-12-10T13:10:00Z,-351.15,-399.43,0,0,41,42.69,0.11,0,1.61,940.58,341.82,1629.59,153.03,166.89,27.57,0.99,0,0,1.97,1.43,0.01,0,12.87,13.46
2025-12-10T13:15:00Z,-323.5,-445.04,0,0,40,42.69,0.11,0,4.63,945.7,381.27,1591.17,216.54,134.04,27.5,1.06,0,0,1.92,1.43,0.01,0,12.34,8.87
2025-12-10T13:20:00Z,-356.27,-368.68,0,0,43,42.69,0.11,0,19.54,945.78,437.46,1552.74,203.28,91.32,27.43,0.87,0,0,2.06,1.43,0.01,0,13.64,28.05
2025-12-10T13:25:00Z,-386.11,-438.96,0,0,43,43.36,0.11,0,11.34,1078.36,493.24,1514.31,111.03,7.84,27.37,0.93,0,0,2.06,1.45,0.01,0,13.21,32.26
2025-12-10T13:30:00Z,-387.48,-389.64,0,0,40,42.69,0.11,0,0.01,1101.29,485.52,1475.88,84.25,58.38,27.3,0.78,0,0,1.92,1.43,0.01,0,13.03,32.65
2025-12-10T13:35:00Z,-386.8,-405.76,0,0,40,42.69,0.11,0,0.82,1122.92,473.51,1459.6,95.4,48.62,27.38,0.81,0,0,1.92,1.43,0.01,0,13.01,19.42
2025-12-10T13:40:00Z,-368.92,-417.98,0,0,41,42.69,0.11,0,0.8,1131.57,465.85,1443.32,84.55,53.68,27.47,0.85,0,0,1.97,1.43,0.01,0,13.13,34.56
2025-12-10T13:45:00Z,-375.16,-377.03,0,0,40,43.36,0.11,0,0,1062.38,457.6,1427.03,120.59,76.83,27.55,0.79,0,0,1.92,1.45,0.01,0,13.61,30.16
2025-12-10T13:50:00Z,-354.49,-439.74,0,0,40,42.69,0.11,0,0,1103.35,466.14,1410.75,100.51,16.58,27.63,0.89,0,0,1.92,1.43,0.01,0,13.02,31.38
2025-12-10T13:55:00Z,-385.95,-556.67,0,0,40,43.36,0.11,0,0,1168.84,493.39,1394.47,37.86,21.41,27.72,1.08,0,0,1.92,1.45,0.01,0,12.56,10.63
2025-12-10T14:00:00Z,-300.21,-590.71,0,0,40,43.36,0.11,0,0.15,1074.04,415.55,1378.18,126.49,44.39,27.8,1.27,0,0,1.92,1.45,0.01,0,12.29,16
2025-12-10T14:05:00Z,-330.61,-652,0,0,40,42.69,0.11,0,0.14,1066.96,430.46,1379.65,113.19,40.38,27.9,1.38,0,0,1.92,1.43,0.01,0,11.96,13.46
2025-12-10T14:10:00Z,-360.29,-554.57,0,0,40,42.69,0.11,0,0.31,999.92,430.09,1381.11,181.44,63.05,28,1.23,0,0,1.92,1.43,0.01,0,12.89,-1.93
2025-12-10T14:15:00Z,-405.55,-432.58,0,0,40,42.69,0.11,0,0.05,1039.78,453.81,1382.57,147.07,49.08,28.1,0.92,0,0,1.92,1.43,0.01,0,13.78,9.1
2025-12-10T14:20:00Z,-446.75,-249.97,0,0,43,42.69,0.11,0,1.91,1063.7,395.07,1384.04,127.01,57.05,28.2,0.57,0,0,2.06,1.43,0.01,0,15.76,26.51
2025-12-10T14:25:00Z,-220.44,-462.21,0,0,43,42.69,0.11,0,4.16,1122.72,397.98,1385.5,36.46,6.41,28.3,1,0,0,2.06,1.43,0.01,0,12.94,21.95
2025-12-10T14:30:00Z,-166.73,-610.83,0,0,40,43.36,0.11,0,0,1105.54,439.3,1386.96,41.47,0,28.4,1.27,0,0,1.92,1.45,0.01,0,11.32,21.21
2025-12-10T14:35:00Z,-180.31,-663.36,0,0,40,42.69,0.11,0,3.62,1063.39,418.05,1423.54,44.2,0,28.52,1.42,0,0,1.92,1.43,0.01,0,10.82,13.46
2025-12-10T14:40:00Z,-157.94,-819.69,0,0,41,42.69,0.11,0,5.13,1068.72,478.02,1460.11,68.29,47,28.63,1.71,0,0,1.97,1.43,0.01,0,9.62,-10.1
2025-12-10T14:45:00Z,-76.02,-650.4,0,0,44,42.69,0.11,0,7.73,868.53,411.47,1496.69,256.1,107.78,28.75,1.68,0,0,2.11,1.43,0.01,0,10.46,-7.76
2025-12-10T14:50:00Z,-281.66,-710.94,0,0,40,42.69,0.11,0,0.05,1007.24,514.18,1533.26,62.38,45.06,28.87,1.49,0,0,1.92,1.43,0.01,0,10.45,-11.66
2025-12-10T14:55:00Z,-104.28,-586.69,0,0,40,42.69,0.11,0,1.15,817.66,430.64,1569.84,306.67,140.17,28.98,1.48,0,0,1.92,1.43,0.01,0,10.19,-9.5
2025-12-10T15:00:00Z,-177.08,-552.39,0,0,41,42.69,0.11,0,0.18,848.53,439.43,1606.41,157.87,124.05,29.1,1.37,0,0,1.97,1.43,0.01,0,10.85,-11.66
2025-12-10T15:05:00Z,-103.6,-575.33,0,0,40,45.37,0.11,0,1.85,844.34,396.41,1613.44,199.85,145.92,28.9,1.49,0,0,1.92,1.52,0.01,0,10.36,-8.5
2025-12-10T15:10:00Z,-58,-665.39,0,0,43,44.7,0.11,0,32.65,825.57,419.65,1620.47,191.22,103.1,28.7,1.74,0,0,2.06,1.5,0.01,0,9.7,-8.5
2025-12-10T15:15:00Z,-75.51,-777.24,0,0,40,45.37,0.11,0,33.39,902.61,460.85,1627.49,201.47,65.59,28.5,1.81,0,0,1.92,1.52,0.01,0,8.71,-11.66
2025-12-10T15:20:00Z,-76.54,-650.95,0,0,43,45.37,0.11,0,47.59,810.11,417.36,1634.52,265.89,140.3,28.3,1.71,0,0,2.06,1.52,0.01,0,9.91,-8.5
2025-12-10T15:25:00Z,-49.05,-693.02,0,0,45,45.37,0.1,0,93.38,821.77,405.92,1641.55,173.06,88.97,28.1,1.81,0,0,2.16,1.52,0.01,0,9.74,-7.83
2025-12-10T15:30:00Z,-22.1,-772.68,0,0,43,45.37,0.11,0,130.55,793,457.94,1648.57,176.63,4,27.9,1.89,0,0,2.06,1.52,0.01,0,8.79,11.5
2025-12-10T15:35:00Z,-115.78,-828.44,0,0,41,45.37,0.11,0,137.46,914.35,470.87,1629,19.04,2.99,27.72,1.8,0,0,1.97,1.52,0.01,0,8.87,21.21
2025-12-10T15:40:00Z,-185.2,-756.79,0,0,41,42.69,0.11,0,0.52,1007.2,535.39,1609.43,40.36,0,27.53,1.58,0,0,1.97,1.43,0.01,0,9.52,-2.21
2025-12-10T15:45:00Z,-165.97,-700.1,0,0,41,42.69,0.11,0,1.54,967.7,501.52,1589.87,68.28,35.12,27.35,1.53,0,0,1.97,1.43,0.01,0,9.85,1.1
2025-12-10T15:50:00Z,-125.14,-740.56,0,0,40,42.69,0.11,0,4.59,975.17,487.86,1570.3,76.87,56.19,27.17,1.6,0,0,1.92,1.43,0.01,0,9.33,26.81
2025-12-10T15:55:00Z,-140.47,-721.11,0,0,40,42.69,0.11,0,0.11,994.41,496.41,1550.73,51.1,29.8,26.98,1.54,0,0,1.92,1.43,0.01,0,9.64,51.23
2025-12-10T16:00:00Z,-173.44,-726.23,0,0,40,42.69,0.11,0,1.31,1040.44,494.23,1531.16,55,45.57,26.8,1.51,0,0,1.92,1.43,0.01,0,9.87,1.1
2025-12-10T16:05:00Z,-154.75,-675.83,0,0,40,42.69,0.11,0,0.98,1010.06,485,1501.52,57.7,52.9,26.87,1.44,0,0,1.92,1.43,0.01,0,10.24,25.74
2025-12-10T16:10:00Z,-173.05,-599.91,0,0,40,3.76,0.11,0,0,999.1,483.79,1471.88,53.31,45.53,26.93,0.81,0,0,1.92,0.13,0.01,0,6.72,8.28
2025-12-10T16:15:00Z,-88.8,-654.75,0,0,40,0,0.11,0,0.13,1012.34,478.77,1442.24,48.7,43.65,27,0.82,0,0,1.92,0,0.01,0,5.93,13.54
2025-12-10T16:20:00Z,-68.03,-674.38,0,0,40,0,0.11,0,0.35,1023.12,479.76,1412.6,41.44,44.18,27.07,0.84,0,0,1.92,0,0.01,0,5.88,23.72
2025-12-10T16:25:00Z,-137.2,-629.2,0,0,41,0,0.11,0,12.25,1056.8,477.37,1382.97,45.7,44.07,27.13,0.78,0,0,1.97,0,0.01,0,6.49,17.98
2025-12-10T16:30:00Z,-59.58,-674.63,0,0,40,0,0.11,0,0.1,1087.23,469.18,1353.33,56.52,35.6,27.2,0.81,0,0,1.92,0,0.01,0,6.02,13.06
2025-12-10T16:35:00Z,-61.65,-635.74,0,0,40,0,0.11,0,1.56,1099.75,470.03,1307.95,60.66,33.98,26.83,0.76,0,0,1.92,0,0.01,0,6.3,18.59
2025-12-10T16:40:00Z,-100.18,-588.19,0,0,40,0,0.11,0,2.77,1140.2,466.88,1262.57,62.58,31.33,26.47,0.69,0,0,1.92,0,0.01,0,6.69,18.92
2025-12-10T16:45:00Z,-116.6,-514.34,0,0,41,0,0.11,0,6.93,1140.04,463.2,1217.19,58.42,29.25,26.1,0.61,0,0,1.97,0,0.01,0,7.29,21.21
2025-12-10T16:50:00Z,-113.02,-502.42,0,0,40,0,0.11,0,2.16,1108.41,459.59,1171.8,76.69,27.55,25.73,0.6,0,0,1.92,0,0.01,0,7.34,25.79
2025-12-10T16:55:00Z,-141.87,-528.93,0,0,43,0,0.11,0,3.94,1162.34,457.6,1126.42,48.5,9.85,25.37,0.66,0,0,2.06,0,0.01,0,7.99,7.3
2025-12-10T17:00:00Z,-41.58,-545.54,0,0,44,0,0.11,0,14.81,1187.34,433.89,1081.04,54.05,3.27,25,0.69,0,0,2.11,0,0.01,0,7.9,-11.66
2025-12-10T17:05:00Z,-94.76,-89.34,0,0,45,0,0.11,0,43.9,1013.35,396.37,1036,247.43,65.98,25.05,0.13,0,0,2.16,0,0.01,0,10.4,10.51
2025-12-10T17:10:00Z,-35.87,-307.91,0,0,44,0,0.11,0,16.02,1188.2,429.22,990.96,51,25.33,25.1,0.39,0,0,2.11,0,0.01,0,8.93,42.2
2025-12-10T17:15:00Z,-2.91,-457.2,0,0,40,0,0.11,0,1.37,1214.5,422.07,945.91,56.57,22.9,25.15,0.52,0,0,1.92,0,0.01,0,7.77,11.2
2025-12-10T17:20:00Z,-4.31,-428.87,0,0,42,0,0.11,0,18.23,1187.21,427.77,900.87,64.97,14.46,25.2,0.52,0,0,2.02,0,0.01,0,8.42,32.65
2025-12-10T17:25:00Z,-50.57,-343.43,0,0,42,0,0.11,0,3.06,1203.09,307.01,855.83,72.87,17.55,25.25,0.45,0,0,2.02,0,0.01,0,9.37,28.47
2025-12-10T17:30:00Z,-8.98,-391.16,0,0,40,0,0.11,0,13.82,1237.9,305.65,810.78,62.42,12.63,25.3,0.47,0,0,1.92,0,0.01,0,8.69,31.81
2025-12-10T17:35:00Z,0,-352.88,0,0,42,0,0.11,0,18.67,1283.54,303.97,780.22,48.24,10.49,25.25,0.43,0,0,2.02,0,0.01,0,9.19,31.18
2025-12-10T17:40:00Z,-0.85,-424.28,0,0,40,0,0.11,112.63,0.54,1297.7,273.28,749.66,25.75,6.4,25.2,1.84,0,0,1.92,0,0.01,5.53,32.95,42.07
2025-12-10T17:45:00Z,-3.43,-444.73,0,0,40,0,0.11,155.52,1.03,1295.44,261.47,719.1,34.45,0,25.15,2.43,0,0,1.92,0,0.01,7.64,42.33,75.99
2025-12-10T17:50:00Z,-0.07,-444.97,0,0,41,0,0.11,157.67,3.93,1315.87,243.85,688.53,50.86,0,25.1,2.45,0,0,1.97,0,0.01,7.75,43.48,31.79
2025-12-10T17:55:00Z,-0.02,-402.21,0,0,42,0,0.11,157.18,4.99,1322.73,250.62,657.97,53.16,0,25.05,2.21,0,0,2.02,0,0.01,7.72,44.5,11.95
2025-12-10T18:00:00Z,-6.87,-366.41,0,0,40,0,0.11,156.69,21.06,1316.35,283.36,627.41,36.35,0,25,1.94,0,0,1.92,0,0.01,7.7,44.52,11.62
2025-12-10T18:05:00Z,-1.17,-277.76,0,0,41,0,0.11,91.69,41.27,1330.7,268.36,576.17,16.68,0,24.97,1.02,0,0,1.97,0,0.01,4.51,31.68,0
2025-12-10T18:10:00Z,-0.82,-327.41,0,0,41,0,0.11,91.49,23.49,1375.79,257.87,524.94,0,0,24.93,1.18,0,0,1.97,0,0.01,4.5,31.94,-7.81
2025-12-10T18:15:00Z,-26.23,0,7.92,0,41,0,0.11,10.94,3.31,1308.14,251.11,473.71,104.85,37.31,24.9,0,0.45,0,1.97,0,0.01,0.54,17.31,0
2025-12-10T18:20:00Z,-16.36,-169.19,0,0,40,0,0.11,85.94,1.53,1430.72,264.08,422.47,0,0,24.87,0.57,0,0,1.92,0,0.01,4.22,32.51,0
2025-12-10T18:25:00Z,0,-51.82,0,0,44,0,0.11,11.26,24.2,1449.91,247.2,371.24,8.74,0,24.83,0.08,0,0,2.11,0,0.01,0.55,14.85,8.81
2025-12-10T18:30:00Z,-2.47,-11.12,0,0,40,0,0.11,10.06,1.71,1482.74,205.54,320,4.08,0,24.8,0.02,0,0,1.92,0,0.01,0.49,14.1,12.7
2025-12-10T18:35:00Z,-0.02,-28.89,0,0,40,0,0.11,0,18.9,1493.04,153.68,302.88,6.75,0,24.98,0.03,0,0,1.92,0,0.01,0,11.48,0.01
2025-12-10T18:40:00Z,-4.04,-32.37,0,0,40,0,0.11,0,5.33,1505.94,170.63,285.75,8.75,0,25.17,0.04,0,0,1.92,0,0.01,0,11.5,0.01
2025-12-10T18:45:00Z,0,-90.58,0,0,42,0,0.11,0,33.88,1526.21,157.34,268.62,2.71,0,25.35,0.1,0,0,2.02,0,0.01,0,11.88,0.52
2025-12-10T18:50:00Z,-0.13,-115.89,0,0,40,0,0.11,0,29.5,1575.85,139.32,251.5,2.78,0,25.53,0.13,0,0,1.92,0,0.01,0,11.26,0.01
2025-12-10T18:55:00Z,-2.07,-59.48,0,0,40,0,0.11,0,10.07,1559,109.59,234.37,0.18,0,25.72,0.07,0,0,1.92,0,0.01,0,11.8,8.77
2025-12-10T19:00:00Z,0,-86.35,0,0,42,0,0.11,0,52.78,1564.35,96.72,217.24,0,0,25.9,0.1,0,0,2.02,0,0.01,0,12.23,12.46
2025-12-10T19:05:00Z,-0.77,-26.49,0,0,42,0,0.11,0,60.44,1539.8,77.77,194.59,0,0,25.65,0.03,0,0,2.02,0,0.01,0,12.66,12.7
2025-12-10T19:10:00Z,-3.62,0,23.76,0,40,0,0.11,0,43.71,1549.58,58.63,171.93,0,0,25.4,0,1.34,0,1.92,0,0.01,0,21.33,12.77
2025-12-10T19:15:00Z,0,0,59.82,0,41,0,0.11,0,44.27,1522.01,37.42,149.28,0,0,25.15,0,3.36,0,1.97,0,0.01,0,36.93,13.58
2025-12-10T19:20:00Z,0,0,63.6,0,40,0,0.11,0,62.66,1507.88,20.21,126.62,0,0,24.9,0,3.65,0,1.92,0,0.01,0,39.47,13.43
2025-12-10T19:25:00Z,-4.52,0,94.36,0,40,0,0.11,0,24.03,1531.99,21.15,103.97,0,0,24.65,0,5.46,0,1.92,0,0.01,0,54.63,13.71
2025-12-10T19:30:00Z,-8.85,0,144.4,0,40,0,0.11,0,1.13,1502.47,15.7,81.31,0,0,24.4,0,8.34,0,1.92,0,0.01,0,82.81,12.82
2025-12-10T19:35:00Z,0,0,168.53,0,40,0,0.11,0,3.8,1468.19,11.14,69.61,0,0,24.07,0,9.65,0,1.92,0,0.01,0,97.55,13.67
2025-12-10T19:40:00Z,0,0,132.92,0,41,0,0.11,0,39.98,1483.79,8.06,57.9,0,0,23.73,0,7.7,0,1.97,0,0.01,0,77.48,19.75
2025-12-10T19:45:00Z,-0.02,0,176.02,0,40,0,0.11,0,33.44,1450.36,4.5,46.2,0,0,23.4,0,10.26,0,1.92,0,0.01,0,104.56,35.88
2025-12-10T19:50:00Z,-4.09,0,187,0,40,0,0.11,0,33.02,1450.14,1.98,34.49,0,0,23.07,0,10.87,0,1.92,0,0.01,0,112.21,48.07
2025-12-10T19:55:00Z,-0.08,0,164.6,0,41,0,0.11,0,66.06,1441.24,0.56,22.78,0,0,22.73,0,9.52,0,1.97,0,0.01,0,98.06,43.56
2025-12-10T20:00:00Z,-0.33,0,10.71,0,41,0,0.11,0,203.38,1445.3,0.09,11.08,0,0,22.4,0,0.61,0,1.97,0,0.01,0,18.38,13.28
2025-12-10T20:05:00Z,-1.4,0,24.65,0,40,0,0.11,0,189.6,1443.08,0.05,9.23,0,0,22.35,0,1.4,0,1.92,0,0.01,0,24.08,47.4
2025-12-10T20:10:00Z,-0.39,0,67.76,0,40,0,0.11,69.99,40.92,1465.51,0.01,7.39,0,0,22.3,0,3.86,0,1.92,0,0.01,3.44,71.14,48.12
2025-12-10T20:15:00Z,-0.14,-1.93,0,0,41,0,0.11,80.16,73.67,1487.36,0.01,5.54,0,0,22.25,0.01,0,0,1.97,0,0.01,3.94,42.05,35.69
2025-12-10T20:20:00Z,-1.7,-104.83,0,0,39,0,0.11,78.19,185.53,1487.25,0,3.69,0,0,22.2,0.34,0,0,1.87,0,0.01,3.84,38.3,18.2
2025-12-10T20:25:00Z,-0.3,-152.21,0,0,40,0,0.11,79.04,184.1,1528.03,0,1.85,0,0,22.15,0.48,0,0,1.92,0,0.01,3.88,38.04,18.25
2025-12-10T20:30:00Z,-0.21,-207.21,0,0,41,0,0.11,80.75,229.9,1531.15,0,0,0,0,22.1,0.65,0,0,1.97,0,0.01,3.97,37.88,44.86
2025-12-10T20:35:00Z,-0.28,-199.33,0,0,41,0,0.11,78.94,177.9,1562.27,0,0,0,0,21.87,0.63,0,0,1.97,0,0.01,3.88,37.77,20.51
2025-12-10T20:40:00Z,-0.21,-255.88,0,0,41,0,0.28,79.76,261.68,1573.73,0,0,0,0,21.63,0.77,0,0,1.97,0,0.02,3.92,36.23,73.52
2025-12-10T20:45:00Z,-4.48,-145.08,0,0,40,0,0.28,78.87,117.5,1592.59,0,0,0,0,21.4,0.46,0,0,1.92,0,0.02,3.88,38.25,53.52
2025-12-10T20:50:00Z,-1.02,-318.17,0,0,40,0,0.11,78.97,270.3,1610.16,0,0,0,0,21.17,0.92,0,0,1.92,0,0.01,3.88,34.87,53.41
2025-12-10T20:55:00Z,-0.49,-328.74,0,0,41,0,0.11,79.79,289.94,1619.43,0,0,0,0,20.93,0.95,0,0,1.97,0,0.01,3.92,34.85,55.41
2025-12-10T21:00:00Z,-0.61,-233.67,0,0,40,0,0.28,79.1,169.75,1609.7,0,0,0,0,20.7,0.72,0,0,1.92,0,0.02,3.89,36.83,61.97
2025-12-10T21:05:00Z,-4.31,-214.65,0,0,40,0,0.28,78.45,98.07,1629.82,0,0,0,0,20.5,0.67,0,0,1.92,0,0.02,3.86,37.75,57.74
2025-12-10T21:10:00Z,-0.98,-316.02,0,0,40,0,0.28,78.9,219.56,1615.26,0,0,0,0,20.3,0.94,0,0,1.92,0,0.02,3.88,35.74,35.86
2025-12-10T21:15:00Z,0,-426.03,0,0,41,0,0.28,80.54,355.12,1609.03,0,0,0,0,20.1,1.21,0,0,1.97,0,0.02,3.96,34.2,61.46
2025-12-10T21:20:00Z,-0.45,-214.43,0,0,40,0,0.28,78.95,95.07,1612.17,0,0,0,0,19.9,0.68,0,0,1.92,0,0.02,3.88,38.24,67.22
2025-12-10T21:25:00Z,-0.12,-260.83,0,0,40,0,0.28,79.59,114.93,1635.81,0,0,0,0,19.7,0.82,0,0,1.92,0,0.02,3.91,37.53,48.37
2025-12-10T21:30:00Z,-0.67,-243.32,0,0,40,0,0.28,79.5,106.57,1631.37,0,0,0,0,19.5,0.77,0,0,1.92,0,0.02,3.91,37.78,37.4
2025-12-10T21:35:00Z,-1.31,-378.32,0,-0.1,40,0,0.28,79,294.43,1590.75,0,0,39.06,0,19.35,1.1,0,0,1.92,0,0.02,3.88,34.88,41.89
2025-12-10T21:40:00Z,-0.15,-221.79,0,-0.1,41,0,0.28,79.8,88.53,1627.28,0,0,2.82,0,19.2,0.71,0,0,1.97,0,0.02,3.92,38.6,43.06
2025-12-10T21:45:00Z,-0.5,-201.47,0,0,40,0,0.28,79.32,73.63,1606.55,0,0,0,0,19.05,0.65,0,0,1.92,0,0.02,3.9,38.93,42.56
2025-12-10T21:50:00Z,-0.33,-204.91,0,-0.1,40,0,0.28,79.1,88.1,1590.97,0,0,0,0,18.9,0.66,0,0,1.92,0,0.02,3.89,38.88,41.97
2025-12-10T21:55:00Z,-1.79,-188.22,0,-0.1,40,0,0.28,78.31,91,1564.26,0,0,0,0,18.75,0.61,0,0,1.92,0,0.02,3.85,39.2,42.31
2025-12-10T22:00:00Z,-68,-126.85,0,-0.2,40,0,0.28,81.03,108.15,1537.07,0,0,0,0,18.6,0.43,0,0,1.92,0,0.02,3.98,41.96,43.58
2025-12-10T22:05:00Z,-0.8,-146.77,0,-0.1,40,0,0.28,79.04,83.64,1506.08,0,0,0,0,18.55,0.5,0,0,1.92,0,0.02,3.88,40.91,43.86
2025-12-10T22:10:00Z,-0.64,-135.56,0,0,40,0,0.28,79.94,70.72,1502.78,0,0,0,0,18.5,0.47,0,0,1.92,0,0.02,3.93,41.59,40.66
2025-12-10T22:15:00Z,-1.11,-132.98,0,0,40,0,0.28,78.46,66.28,1486.51,0,0,0,0,18.45,0.46,0,0,1.92,0,0.02,3.86,41.63,52.03
2025-12-10T22:20:00Z,-0.14,-267.82,0,0,40,6,0.28,79.29,182.54,1496.28,0,0,0,0,18.4,0.9,0,0,1.92,0.2,0.02,3.9,40.15,69.14
2025-12-10T22:25:00Z,-1.71,-203.11,0,0,40,6,0.28,78.68,74.41,1500.56,0,0,0,0,18.35,0.72,0,0,1.92,0.2,0.02,3.87,42.45,45.83
2025-12-10T22:30:00Z,-0.18,-246.9,0,0,40,35.3,0.28,79.5,98.69,1509.21,0,0,0,0,18.3,0.98,0,0,1.92,1.18,0.02,3.91,47.84,43.11
2025-12-10T22:35:00Z,-2.16,-228.34,0,0,40,40.67,0.28,79.84,66.13,1511.58,0,0,0,0,18.17,0.95,0,0,1.92,1.36,0.02,3.92,49.94,46.12
2025-12-10T22:40:00Z,-5.91,-222.87,0,0,40,40.67,0.28,78.22,65.58,1500.53,0,0,0,0,18.03,0.92,0,0,1.92,1.36,0.02,3.84,49.89,48.03
2025-12-10T22:45:00Z,-5.7,-278.15,0,0,40,70.2,0.28,79.88,70.52,1508.18,0,0,0,0,17.9,1.29,0,0,1.92,2.35,0.02,3.93,55.94,40.14
2025-12-10T22:50:00Z,-0.68,-398.6,0,0,40,70.2,0.28,79.44,182.49,1511.13,0,0,0,0,17.77,1.73,0,0,1.92,2.35,0.02,3.9,52.22,50.18
2025-12-10T22:55:00Z,-5.95,-258.63,0,0,40,70.2,0.28,77.87,62.9,1494.06,0,0,0,0,17.63,1.2,0,0,1.92,2.35,0.02,3.83,56.03,39.55
2025-12-10T23:00:00Z,-0.18,-327.07,0,0,41,111.81,0.28,79.39,71.35,1490.22,0,0,0,0,17.5,1.76,0,0,1.97,3.74,0.02,3.9,64.43,39.52
2025-12-10T23:05:00Z,-2.58,-304.28,0,0,40,119.86,0.28,78.95,65.4,1471.26,0,0,0,0,17.43,1.68,0,0,1.92,4.01,0.02,3.88,66.56,41.1
2025-12-10T23:10:00Z,-0.2,-254.21,0,0,41,119.86,0.28,8.44,72.64,1463.04,0,0,0,0,17.37,0.96,0,0,1.97,4.01,0.02,0.41,45.15,43.13
2025-12-10T23:15:00Z,-1.29,-232.91,0,0,40,119.86,0.28,0,50.3,1468.96,0,0,0,0,17.3,0.83,0,0,1.92,4.01,0.02,0,42.57,39.53
2025-12-10T23:20:00Z,-1.31,-220.52,0,0,40,119.86,0.28,0,51.92,1459.57,0,0,0,0,17.23,0.79,0,0,1.92,4.01,0.02,0,42.77,37.3
2025-12-10T23:25:00Z,-0.03,-274.71,0,0,40,127.25,0.28,0,113.5,1441.61,0,0,0.28,0,17.17,0.99,0,0,1.92,4.26,0.02,0,43.19,56.2
2025-12-10T23:30:00Z,-0.19,-256.96,0,0,41,113.82,0.28,0,90.18,1432.81,0,0,0.48,0,17.1,0.89,0,0,1.97,3.81,0.02,0,41.47,58.83
2025-12-10T23:35:00Z,-0.19,-261.3,0,0,42,119.86,0.28,0,72.61,1453.28,0,0,0.68,0,17.03,0.94,0,0,2.02,4.01,0.02,0,43,51.35
2025-12-10T23:40:00Z,-0.19,-339.96,0,0,41,135.97,0.28,0,179.95,1465.58,0,0,0.88,0,16.97,1.22,0,0,1.97,4.55,0.02,0,43.06,57.87
2025-12-10T23:45:00Z,-0.15,-346.76,0,0,40,160.13,0.28,0,143.78,1462.88,0,0,1.08,0,16.9,1.4,0,0,1.92,5.36,0.02,0,48.48,66.18
2025-12-10T23:50:00Z,-0.5,-214.66,0,0,40,107.11,0.28,0,44.62,1461.71,0,0,1.27,0,16.83,0.72,0,0,1.92,3.59,0.02,0,40.11,31.8
2025-12-10T23:55:00Z,-0.18,-234.97,0,-0.1,40,99.73,0.28,0,108.91,1459.01,0,0,1.45,0,16.77,0.73,0,0,1.92,3.34,0.02,0,37.09,58.72
2025-12-11T00:00:00Z,-0.19,-180.72,0,0,40,0,0.28,0,138.28,1458.5,0,0,1.64,0,16.7,0.21,0,0,1.92,0,0.02,0,14.21,36.67
2025-12-11T00:05:00Z,-0.49,-117.53,0,0,40,3.76,0.28,0,67.26,1465.26,0,0,1.82,0,16.85,0.15,0,0,1.92,0.13,0.02,0,15.72,38.48
2025-12-11T00:10:00Z,0,-113.8,0,0,42,10.47,0.28,0,56.17,1473.27,0,0,1.99,0,17,0.17,0,0,2.02,0.35,0.02,0,18.09,46.44
2025-12-11T00:15:00Z,0,-181.16,0,-0.1,40,10.47,0.27,0,144.89,1454.31,0,0,2.16,0,17.15,0.25,0,0,1.92,0.35,0.02,0,16.65,55.61
2025-12-11T00:20:00Z,-0.99,-206.55,0,-0.1,41,0,0.28,0,180.14,1460.64,0,0,2.33,0,17.3,0.24,0,0,1.97,0,0.02,0,14.18,61.98
2025-12-11T00:25:00Z,-0.56,-44.91,0,-0.1,40,0,0.28,0,34.32,1442.53,0,0,2.5,0,17.45,0.06,0,0,1.92,0,0.02,0,15.34,54.46
2025-12-11T00:30:00Z,-0.66,-64.3,0,-0.1,40,0,0.28,0,84.88,1431.6,0,0,2.66,0,17.6,0.08,0,0,1.92,0,0.02,0,14.95,57.53
2025-12-11T00:35:00Z,-0.18,-214.77,0,-0.1,42,0,0.27,0,215.72,1435.29,0,0,2.82,0,18.05,0.26,0,0,2.02,0,0.02,0,14.42,56.2
2025-12-11T00:40:00Z,-0.03,-131.82,0,-0.1,42,0,0.1,0,116.65,1455.96,0,0,2.97,0,18.5,0.17,0,0,2.02,0,0.01,0,15.03,55.91
2025-12-11T00:45:00Z,-0.75,-138.34,0,-0.1,40,0,0.11,0,117.29,1472.76,0,0,3.13,0,18.95,0.16,0,0,1.92,0,0.01,0,14.19,64.37
2025-12-11T00:50:00Z,-1.75,-87.11,0,-0.1,40,0,0.1,0,33.63,1495.98,0,0,3.28,0,19.4,0.11,0,0,1.92,0,0.01,0,14.74,59.15
2025-12-11T00:55:00Z,-1.65,-102.25,0,-0.1,40,0,0.11,0,54.97,1502.56,0,0,3.42,0,19.85,0.12,0,0,1.92,0,0.01,0,14.48,38.08
2025-12-11T01:00:00Z,-0.46,-50.16,0,-0.1,41,0,0.11,0,27.05,1505.76,0,0,3.57,0,20.3,0.06,0,0,1.97,0,0.01,0,15.06,37.9
2025-12-11T01:05:00Z,-0.13,-138.88,0,-0.1,40,0,0.11,0,116.01,1522.14,0,0,3.71,0,20.3,0.16,0,0,1.92,0,0.01,0,13.77,43.42
2025-12-11T01:10:00Z,-0.17,-56.33,0,0,41,0,0.11,0,12.98,1515.14,0,0,3.84,0,20.3,0.07,0,0,1.97,0,0.01,0,15.1,48.76
2025-12-11T01:15:00Z,-0.47,-92.48,0,0,40,0,0.11,0,32.86,1525.19,0,0,3.98,0,20.3,0.11,0,0,1.92,0,0.01,0,14.47,38.33
2025-12-11T01:20:00Z,-0.16,-79.05,0,0,41,0,0.11,0,6.84,1540.58,0,0,4.11,0,20.3,0.1,0,0,1.97,0,0.01,0,14.92,39.12
2025-12-11T01:25:00Z,-0.35,-101.63,0,0,41,0,0.11,0,2.25,1549.45,0,0,4.24,0,20.3,0.13,0,0,1.97,0,0.01,0,14.88,34
2025-12-11T01:30:00Z,-0.21,-112.6,0,0,41,0,0.11,0,1.96,1574.82,0,0,4.37,0,20.3,0.14,0,0,1.97,0,0.01,0,14.64,34.83
2025-12-11T01:35:00Z,-1.4,-133.84,0,0,40,0,0.1,0,0.69,1586.31,0,0,4.49,0,20.3,0.16,0,0,1.92,0,0.01,0,14.22,33.83
2025-12-11T01:40:00Z,-0.36,-152.26,0,0,40,0,0.11,0,0.58,1607.13,0,0,4.61,0,20.3,0.18,0,0,1.92,0,0.01,0,14.03,32.09
2025-12-11T01:45:00Z,-0.15,-175.69,0,0,41,0,0.11,0,2.32,1608.16,0,0,4.73,0,20.3,0.21,0,0,1.97,0,0.01,0,14.35,37.35
2025-12-11T01:50:00Z,-0.18,-170.14,0,0,41,0,0.11,0,3.15,1615.77,0,0,4.85,0,20.3,0.2,0,0,1.97,0,0.01,0,14.27,37.43
2025-12-11T01:55:00Z,-3.77,-179.86,0,0,40,0,0.11,0,0.18,1630.22,0,0,4.97,0,20.3,0.21,0,0,1.92,0,0.01,0,13.87,34.1
2025-12-11T02:00:00Z,-1.55,-166.56,0,0,40,0,0.11,0,1.49,1632.84,0,0,5.08,0,20.3,0.19,0,0,1.92,0,0.01,0,13.82,33.91
2025-12-11T02:05:00Z,-0.23,-177.7,0,0,41,0,0.11,0,1.66,1621.26,0,0,10.14,0,20.25,0.21,0,0,1.97,0,0.01,0,14.24,37.69
2025-12-11T02:10:00Z,-0.18,-164.65,0,-0.1,40,0,0.11,0,1.47,1621.94,0,0,10.44,0,20.2,0.19,0,0,1.92,0,0.01,0,13.9,33.7
2025-12-11T02:15:00Z,-5.58,-183.83,0,0,40,0,0.11,0,0.15,1617.18,0,0,19.01,0,20.15,0.21,0,0,1.92,0,0.01,0,14,32.08
2025-12-11T02:20:00Z,0,-182.35,0,-0.1,42,0,0.11,0,10.18,1581.27,0,0,16.32,0,20.1,0.23,0,0,2.02,0,0.01,0,14.86,33.55
2025-12-11T02:25:00Z,-0.12,-162.26,0,-0.1,42,0,0.11,0,1.86,1577.42,0,0,17.24,0,20.05,0.2,0,0,2.02,0,0.01,0,14.97,37.9
2025-12-11T02:30:00Z,-7.88,-141.73,0,-0.1,40,0,0.11,0,0.24,1558.89,0,0,16.8,0,20,0.17,0,0,1.92,0,0.01,0,14.53,32.04
2025-12-11T02:35:00Z,-4.87,-161.96,0,-0.1,41,0,0.1,0,4.65,1549.51,0,0,19.21,0,19.97,0.2,0,0,1.97,0,0.01,0,14.9,33.09
2025-12-11T02:40:00Z,-14.07,-240.17,0,-0.1,42,0,0.11,0,112.55,1530.93,0,0,17.39,0,19.93,0.29,0,0,2.02,0,0.01,0,14.54,39.91
2025-12-11T02:45:00Z,-13.09,-156.74,0,-0.1,42,0,0.11,0,9.49,1539.28,0,0,20.67,0,19.9,0.2,0,0,2.02,0,0.01,0,15.4,37.57
2025-12-11T02:50:00Z,-26.42,-119.77,0,-0.1,40,0,0.11,0,0.15,1529.68,0,0,21.78,0,19.87,0.15,0,0,1.92,0,0.01,0,15,31.93
2025-12-11T02:55:00Z,-0.77,-125.66,0,-0.1,41,0,0.11,0,3.99,1507.07,0,0,30.84,0,19.83,0.16,0,0,1.97,0,0.01,0,15.27,31.77
2025-12-11T03:00:00Z,-0.77,-223.09,0,0,41,0,0.11,0,112.51,1493.16,0,0,48.04,0,19.8,0.27,0,0,1.97,0,0.01,0,14.39,30.63
2025-12-11T03:05:00Z,-2.16,-142.93,0,0,40,0,0.11,0,0.35,1505.79,0,0,47.42,0,19.85,0.18,0,0,1.92,0,0.01,0,14.97,29.64
2025-12-11T03:10:00Z,-0.19,-126.33,0,0,41,0,0.11,0,3.92,1516.1,0,0,49.97,0,19.9,0.16,0,0,1.97,0,0.01,0,15.18,24.54
2025-12-11T03:15:00Z,-2.49,-174.09,0,0,40,0,0.1,0,0.89,1554.82,0,0,6.52,0,19.95,0.21,0,0,1.92,0,0.01,0,14.51,30.27
2025-12-11T03:20:00Z,-1.48,-171.88,0,0,40,0,0.11,0,0.65,1551.53,0,0,6.6,0,20,0.21,0,0,1.92,0,0.01,0,14.53,30.6
2025-12-11T03:25:00Z,-0.27,-216.16,0,0,41,0,0.11,0,16.85,1564.8,0,0,6.68,0,20.05,0.26,0,0,1.97,0,0.01,0,14.6,33.37
2025-12-11T03:30:00Z,-0.18,-173.67,0,0,41,0,0.11,0,7.68,1528.11,0,0,6.76,0,20.1,0.22,0,0,1.97,0,0.01,0,15.03,36.41
2025-12-11T03:35:00Z,-1.18,-150.85,0,-0.1,40,0,0.11,0,0.31,1499.09,0,0,6.84,0,20.02,0.19,0,0,1.92,0,0.01,0,15.03,29.66
2025-12-11T03:40:00Z,-0.18,-170.4,0,-0.1,42,5.11,0.1,0,35.01,1484.34,0,0,6.91,0,19.93,0.24,0,0,2.02,0.17,0.01,0,16.8,31.84
2025-12-11T03:45:00Z,-0.16,-164.54,0,-0.1,41,5.78,0.11,0,36.26,1484.15,0,0,6.99,0,19.85,0.23,0,0,1.97,0.19,0.01,0,16.6,32.68
2025-12-11T03:50:00Z,-0.15,-185.18,0,0,41,42.02,0.11,0,19.65,1483.54,0,0,7.06,0,19.77,0.39,0,0,1.97,1.41,0.01,0,25.58,32.55
2025-12-11T03:55:00Z,-0.4,-229.37,0,0,40,41.34,0.11,0,15.61,1522.77,0,0,7.13,0,19.68,0.47,0,0,1.92,1.38,0.01,0,24.53,32.24
2025-12-11T04:00:00Z,-15.29,-233.79,0,-0.1,40,71.54,0.11,0,14.75,1515.13,0,0,7.2,0,19.6,0.62,0,0,1.92,2.4,0.01,0,31.94,29.48
2025-12-11T04:05:00Z,-7.33,-242.73,0,-0.1,40,72.89,0.1,0,14.6,1528.16,0,0,7.27,0,19.37,0.64,0,0,1.92,2.44,0.01,0,31.81,28.05
2025-12-11T04:10:00Z,-0.79,-247.24,0,0,40,72.89,0.1,0,15.86,1526.39,0,0,7.33,0,19.13,0.65,0,0,1.92,2.44,0.01,0,31.67,29.36
2025-12-11T04:15:00Z,-1.06,-272.03,0,-0.1,41,74.23,0.11,0,18.59,1533.23,0,0,7.4,0,18.9,0.73,0,0,1.97,2.49,0.01,0,32.13,29.35
2025-12-11T04:20:00Z,-2.96,-270.28,0,-0.1,40,74.23,0.11,0,19.06,1533.31,0,0,7.46,0,18.67,0.72,0,0,1.92,2.49,0.01,0,31.83,29.34
2025-12-11T04:25:00Z,-3.42,-323.91,0,0,40,74.23,0.11,0,20.08,1545.99,0,0,7.52,0,18.43,0.85,0,0,1.92,2.49,0.01,0,31.58,29.17
2025-12-11T04:30:00Z,-22.26,-286.99,0,0,41,93.02,0.11,0,1.62,1549.65,0,0,7.59,0,18.2,0.87,0,0,1.97,3.11,0.01,0,36.82,27.33
2025-12-11T04:35:00Z,-2.42,-462.67,0,0,40,106.44,0.11,0,152.28,1559.24,0,0,7.65,0,18.13,1.37,0,0,1.92,3.56,0.01,0,35.52,34.78
2025-12-11T04:40:00Z,-1.22,-344.35,0,0,40,152.75,0.1,0,0.79,1543.89,0,0,7.7,0,18.07,1.4,0,0,1.92,5.11,0.01,0,48.67,34.07
2025-12-11T04:45:00Z,-10.47,-365.1,0,0,40,166.17,0.11,0,0.14,1558.75,0,0,7.76,0,18,1.55,0,0,1.92,5.56,0.01,0,51.3,0
2025-12-11T04:50:00Z,-22.78,-469.1,0,0,40,168.18,0.11,0,129.86,1550.87,0,0,7.82,0,17.93,1.88,0,0,1.92,5.63,0.01,0,48.79,31.58
2025-12-11T04:55:00Z,-0.33,-358.58,0,0,42,171.54,0.11,0,34.34,1503.31,0,0,7.87,0,17.87,1.59,0,0,2.02,5.74,0.01,0,53.22,30.55
2025-12-11T05:00:00Z,-15.06,-460.09,0,0,40,165.5,0.1,0,151.54,1523.45,0,0,7.93,0,17.8,1.83,0,0,1.92,5.54,0.01,0,48.16,31.94
2025-12-11T05:05:00Z,-2.48,-357.72,0,0,40,168.18,0.11,0,23.35,1524.14,0,0.06,7.98,0,17.63,1.54,0,0,1.92,5.63,0.01,0,51.74,26.22
2025-12-11T05:10:00Z,-4.81,-475.58,0,0,43,171.54,0.11,0,174.68,1503.95,0,0.12,8.03,0,17.47,1.96,0,0,2.06,5.74,0.01,0,49.69,18.2
2025-12-11T05:15:00Z,-1.83,-510.02,0,0,40,168.18,0.11,0,237.75,1488.93,0,0.17,8.09,0,17.3,1.99,0,0,1.92,5.63,0.01,0,46.92,37.21
2025-12-11T05:20:00Z,0,-350.7,0,-0.1,42,172.21,0.11,0,53.6,1467.33,0.01,0.23,8.14,0,17.13,1.57,0,0,2.02,5.77,0.01,0,53.85,31.31
2025-12-11T05:25:00Z,-0.21,-356.16,0,-0.1,41,170.2,0.11,0,95.84,1454.29,0.03,0.29,8.19,0,16.97,1.55,0,0,1.97,5.7,0.01,0,52.27,30.42
2025-12-11T05:30:00Z,-6.47,-280.73,0,-0.1,40,166.84,0.1,0,46.13,1431.03,0.26,0.35,8.23,0,16.8,1.25,0,0,1.92,5.59,0.01,0,53.76,30.2
2025-12-11T05:35:00Z,-0.63,-304.02,0,-0.1,40,168.18,0.11,0,69.84,1432.98,0.84,4.09,8.28,0,16.9,1.34,0,0,1.92,5.63,0.01,0,52.85,27.08
2025-12-11T05:40:00Z,-9.66,-436.05,0,-0.1,40,166.17,0.11,0,201.42,1463.38,0.79,7.83,8.33,0,17,1.74,0,0,1.92,5.56,0.01,0,48.08,22.99
2025-12-11T05:45:00Z,-4.4,-461.25,0,-0.2,40,170.2,0.11,0,191.88,1487.19,2.8,11.57,8.37,0,17.1,1.86,0,0,1.92,5.7,0.01,0,48.12,23.72
2025-12-11T05:50:00Z,-2.63,-352.58,0,-0.2,40,166.17,0.11,0,68.42,1487.58,6.53,15.31,8.42,0,17.2,1.49,0,0,1.92,5.56,0.01,0,50.37,21.34
2025-12-11T05:55:00Z,-13.14,-326.4,0,-0.2,40,166.84,0.11,0,54.14,1486.52,9.67,19.05,8.46,0,17.3,1.4,0,0,1.92,5.59,0.01,0,51.1,10.91
2025-12-11T06:00:00Z,-11.92,-288.75,0,-0.2,40,167.51,0.11,0,40.54,1453.22,13.48,22.8,8.5,0,17.4,1.27,0,0,1.92,5.61,0.01,0,52.34,9.26
2025-12-11T06:05:00Z,-8.36,-286.37,0,-0.1,40,168.18,0.11,0,32.01,1444.01,17.85,38.14,8.54,0,17.78,1.27,0,0,1.92,5.63,0.01,0,52.19,10.54
2025-12-11T06:10:00Z,-1.2,-249.04,0,0,43,114.5,0.11,0,48.33,1419.59,23.5,53.49,8.59,0,18.17,0.89,0,0,2.06,3.83,0.01,0,41.42,11.43
2025-12-11T06:15:00Z,0,-188.44,0,0,43,61.48,0.11,0,52.48,1378.5,29.98,68.84,8.63,0,18.55,0.5,0,0,2.06,2.06,0.01,0,30.14,7.97
2025-12-11T06:20:00Z,0,-199.71,0,0,44,43.36,0.11,0,65.52,1383.35,34.42,84.18,8.67,0,18.93,0.45,0,0,2.11,1.45,0.01,0,25.7,21.78
2025-12-11T06:25:00Z,-45.33,-89.08,0,0,40,42.69,0.1,0,0.12,1387.29,42.07,99.53,8.7,0,19.32,0.2,0,0,1.92,1.43,0.01,0,25.65,18.21
2025-12-11T06:30:00Z,-48.63,-109.38,0,0,40,42.02,0.11,0,0.17,1378.77,52.3,114.88,8.74,0,19.7,0.24,0,0,1.92,1.41,0.01,0,25.24,9.22
2025-12-11T06:35:00Z,-37.7,-162.03,0,0,42,42.69,0.11,0,16.92,1376.68,61.63,141.38,8.78,0,20.02,0.36,0,0,2.02,1.43,0.01,0,25.01,11.15
2025-12-11T06:40:00Z,-2.7,-184.07,0,0,40,42.69,0.11,0,4.52,1385.35,72.82,167.88,8.82,0,20.33,0.4,0,0,1.92,1.43,0.01,0,23.24,0
2025-12-11T06:45:00Z,-14.88,-148.82,0,0,40,42.69,0.11,0,0.17,1348.56,83.25,194.38,8.85,0,20.65,0.33,0,0,1.92,1.43,0.01,0,23.49,0
2025-12-11T06:50:00Z,-32.01,-162.86,0,0,41,42.69,0.11,0,1.08,1328.7,98.37,220.88,8.89,0,20.97,0.37,0,0,1.97,1.43,0.01,0,23.7,-7.01
2025-12-11T06:55:00Z,0,-114.17,0,0,44,42.02,0.11,0,29.55,1248.34,79.7,247.38,61.13,46.05,21.28,0.28,0,0,2.11,1.41,0.01,0,24.7,-7
2025-12-11T07:00:00Z,-12.24,-137.92,0,0,41,42.02,0.11,0,2.19,1301.97,97.75,273.89,8.95,26.8,21.6,0.31,0,0,1.97,1.41,0.01,0,22.88,-8.05
2025-12-11T07:05:00Z,-2.92,0,26.6,-0.1,41,41.34,0.11,0,20.77,1109.48,86.93,301.4,214.62,53.9,21.87,0,1.36,0,1.97,1.38,0.01,0,36.04,-8.5
2025-12-11T07:10:00Z,-0.14,0,27.78,-0.1,41,42.02,0.11,0,9.96,1063.81,89.52,328.92,267.45,58.88,22.13,0,1.42,0,1.97,1.41,0.01,0,37.26,-8.5
2025-12-11T07:15:00Z,-5.44,0,68.21,-0.1,40,42.02,0.28,0,0.09,1030.91,94.69,356.43,330.93,63.85,22.4,0,3.49,0,1.92,1.41,0.02,0,55.01,-15.08
2025-12-11T07:20:00Z,-8.07,0,101.91,-0.1,40,42.02,0.28,0,0.06,1008.59,64.96,383.95,359.59,111.47,22.67,0,5.18,0,1.92,1.41,0.02,0,71.57,-8.5
2025-12-11T07:25:00Z,-86.37,0,54.72,0,41,42.02,0.11,0,7.42,1072.03,110.38,411.46,310.13,77.15,22.93,0,2.83,0,1.97,1.41,0.01,0,48.3,-15.08
2025-12-11T07:30:00Z,-105.61,0,171.65,0,42,42.02,0.1,0,12.24,987.49,76.9,438.98,428.14,115.55,23.2,0,8.52,0,2.02,1.41,0.01,0,108.43,-41.97
2025-12-11T07:35:00Z,-240.42,0,376.99,0,40,41.34,0.11,0,0.17,922.22,63.61,473.87,480.26,148.04,23.18,0,18.49,0,1.92,1.38,0.01,0,283.14,-7.83
2025-12-11T07:40:00Z,-22,0,5.85,0,43,42.69,0.11,0,34.19,956.93,126.8,508.76,408.07,84.86,23.17,0,0.3,0,2.06,1.43,0.01,0,27.03,-7.83
2025-12-11T07:45:00Z,-5.64,-42.31,0,0,41,42.02,0.11,0,10.97,984.83,132.03,543.66,393.1,87.5,23.15,0.12,0,0,1.97,1.41,0.01,0,22.94,-7.76
2025-12-11T07:50:00Z,-0.47,-116.83,0,0,40,42.69,0.11,0,11.1,1004.89,134.75,578.55,366.23,87.24,23.13,0.32,0,0,1.92,1.43,0.01,0,21.51,-7.83
2025-12-11T07:55:00Z,-4.73,-150.97,0,0,40,42.02,0.11,0,1.92,1005.8,168.74,613.44,385.42,87,23.12,0.4,0,0,1.92,1.41,0.01,0,20.51,-8.43
2025-12-11T08:00:00Z,-0.01,-177.05,0,0,42,42.02,0.11,0,17.14,933.4,202.26,648.34,471.37,87.29,23.1,0.49,0,0,2.02,1.41,0.01,0,20.64,-9.03
2025-12-11T08:05:00Z,-0.01,-80.47,0,0,41,42.02,0.11,0,18.41,781.63,267.51,690.01,658.66,92.98,23.43,0.24,0,0,1.97,1.41,0.01,0,21.44,-9.5
2025-12-11T08:10:00Z,0,-63.28,0,0,45,42.02,0.11,0,81,753.62,169.99,731.69,658.64,120.93,23.77,0.21,0,0,2.16,1.41,0.01,0,22.95,-8.5
2025-12-11T08:15:00Z,-0.02,-236.04,0,-0.1,41,42.69,0.11,0,120.66,848.39,164.46,773.37,516.81,87.82,24.1,0.66,0,0,1.97,1.43,0.01,0,18.76,-11.66
2025-12-11T08:20:00Z,-1.34,-54.43,0,-0.1,40,42.69,0.11,0,32.99,743.18,139.73,815.05,669.56,109.77,24.43,0.18,0,0,1.92,1.43,0.01,0,21.66,-9.5
2025-12-11T08:25:00Z,-5.29,-61.66,0,-0.1,40,42.02,0.11,0,27.63,739.35,134.26,856.73,593.35,117.07,24.77,0.21,0,0,1.92,1.41,0.01,0,21.14,-15.08
2025-12-11T08:30:00Z,-0.4,-177.9,0,-0.1,41,42.02,0.11,0,33.48,735.36,143.37,898.4,638.82,147.06,25.1,0.6,0,0,1.97,1.41,0.01,0,19.42,-41.97
2025-12-11T08:35:00Z,-189.52,0,24.27,-0.1,40,42.69,0.11,0,0,698.39,164.69,937.83,646.46,187.65,25.1,0,1.33,0,1.92,1.43,0.01,0,33.65,-59
2025-12-11T08:40:00Z,-194.51,-2.78,0,0,42,42.69,0.11,0,18.51,742.93,274.5,977.25,605.78,191.88,25.1,0.01,0,0,2.02,1.43,0.01,0,21.74,-19.88
2025-12-11T08:45:00Z,-154.17,-165.15,0,0,41,42.02,0.11,0,0.05,824.08,276.74,1016.67,550.35,198.99,25.1,0.47,0,0,1.97,1.41,0.01,0,18.56,-41.97
2025-12-11T08:50:00Z,-124.93,-128.63,0,0,42,42.69,0.11,0,30.35,785.09,203.38,1056.09,636.77,272.63,25.1,0.4,0,0,2.02,1.43,0.01,0,19.2,-41.97
2025-12-11T08:55:00Z,-164.26,0,22.08,0,40,42.02,0.11,0,20.72,755.14,227.63,1095.52,646.8,292.64,25.1,0,1.2,0,1.92,1.41,0.01,0,27.3,-20
2025-12-11T09:00:00Z,-75.43,-27.68,0,0,40,42.69,0.11,0,0,764.08,127.79,1134.94,710.42,381.27,25.1,0.1,0,0,1.92,1.43,0.01,0,19.5,-20
2025-12-11T09:05:00Z,-180.95,0,22.07,0,40,42.02,0.11,0,5.24,751.94,59.46,1166.87,577.15,326.49,25.2,0,1.25,0,1.92,1.41,0.01,0,29.5,-32.01
2025-12-11T09:10:00Z,-78.76,-57.1,0,0,41,42.69,0.11,0,0,696.78,122.22,1198.79,719.47,362.96,25.3,0.22,0,0,1.97,1.43,0.01,0,19.46,-32.01
2025-12-11T09:15:00Z,-62.32,-83.51,0,0,40,42.69,0.11,0,2.86,688.87,121.22,1230.72,762.15,361.12,25.4,0.31,0,0,1.92,1.43,0.01,0,18.43,-21
2025-12-11T09:20:00Z,-126.76,-35.41,0,0,42,42.69,0.11,0,3.66,681.83,121.84,1262.65,706.43,397.57,25.5,0.14,0,0,2.02,1.43,0.01,0,19.96,-20.82
2025-12-11T09:25:00Z,-194.91,-67.56,0,0,42,42.69,0.11,0,1.63,754.66,116.13,1294.57,688.25,380.19,25.6,0.24,0,0,2.02,1.43,0.01,0,19.35,-32.01
2025-12-11T09:30:00Z,-65.5,-104.65,0,0,41,42.69,0.11,0,0.02,743.73,107.87,1326.5,764.9,531.5,25.7,0.38,0,0,1.97,1.43,0.01,0,17.34,-20
2025-12-11T09:35:00Z,-140.48,-12.29,0,0,42,42.69,0.11,0,11.93,705.83,11.91,1348.1,642.73,483.2,25.82,0.05,0,0,2.02,1.43,0.01,0,20.3,-32.01
2025-12-11T09:40:00Z,-77.61,-82.75,0,0,40,42.69,0.11,0,0.65,717.91,10.26,1369.71,754.86,540.65,25.93,0.34,0,0,1.92,1.43,0.01,0,17.89,-20.57
2025-12-11T09:45:00Z,-153.05,-97.39,0,0,45,42.69,0.11,0,36.4,761.97,13.15,1391.31,702.91,511.77,26.05,0.39,0,0,2.16,1.43,0.01,0,18.86,-32.01
2025-12-11T09:50:00Z,-73.26,-139.32,0,0,44,42.69,0.11,0,7.58,739.77,12.58,1412.91,718.95,445.65,26.17,0.58,0,0,2.11,1.43,0.01,0,17.37,-20
2025-12-11T09:55:00Z,-163.31,-89.43,0,0,40,42.69,0.11,0,0.04,747.61,10.22,1434.51,650.76,439.91,26.28,0.36,0,0,1.92,1.43,0.01,0,17.79,-32.01
2025-12-11T10:00:00Z,-222.5,-14.43,0,0,40,42.69,0.11,0,0,700.1,10.11,1456.11,686.02,433.41,26.4,0.06,0,0,1.92,1.43,0.01,0,19.65,-41.97
2025-12-11T10:05:00Z,-170.96,-31.76,0,0,41,42.69,0.11,0,0.11,664.73,9.86,1484.44,732.7,471.61,26.5,0.14,0,0,1.97,1.43,0.01,0,19.18,-24.67
2025-12-11T10:10:00Z,-230.25,0,88.85,0,40,43.36,0.11,0,0,632.78,10.49,1512.76,735.93,498.3,26.6,0,5.29,0,1.92,1.45,0.01,0,54.18,-20.27
2025-12-11T10:15:00Z,-200.5,0,82.32,0,40,42.69,0.11,0,3.57,613.04,9.98,1541.09,693.08,536.05,26.7,0,4.97,0,1.92,1.43,0.01,0,50.76,-17.53
2025-12-11T10:20:00Z,-146.05,0,18.1,0,42,42.69,0.11,0,10.22,611.55,18.13,1569.41,522.06,481.19,26.8,0,1.05,0,2.02,1.43,0.01,0,25.37,-19.72
2025-12-11T10:25:00Z,-184.56,0,25.84,0,40,43.36,0.11,0,0.08,637.24,12.12,1597.74,513.66,480.18,26.9,0,1.56,0,1.92,1.45,0.01,0,27.93,-19.5
2025-12-11T10:30:00Z,-264.87,0,88.29,0,42,42.69,0.11,0,20.95,606.94,12.46,1626.06,471.36,488.35,27,0,5.28,0,2.02,1.43,0.01,0,52.44,-15.24
2025-12-11T10:35:00Z,-142.62,-44.13,0,0,40,42.69,0.11,0,4.2,620.58,16.4,1639.62,466.35,458.09,27.22,0.2,0,0,1.92,1.43,0.01,0,17.37,-19.09
2025-12-11T10:40:00Z,-47.85,-162.69,0,0,40,43.36,0.11,0,5.94,674.61,16.07,1653.19,480.23,517.82,27.43,0.7,0,0,1.92,1.45,0.01,0,14.43,-20.12
2025-12-11T10:45:00Z,-72.99,-119.79,0,0,42,43.36,0.11,0,14.67,635.56,14.23,1666.75,522.32,511.19,27.65,0.55,0,0,2.02,1.45,0.01,0,15.75,-20.57
2025-12-11T10:50:00Z,-75.55,-133.62,0,0,41,42.69,0.11,0,1.76,644.91,10.74,1680.31,411.28,478.56,27.87,0.61,0,0,1.97,1.43,0.01,0,15.13,-22.47
2025-12-11T10:55:00Z,-174.4,-53.77,0,0,40,42.69,0.11,0,0,656.19,10.65,1693.88,541.78,525.6,28.08,0.24,0,0,1.92,1.43,0.01,0,16.87,-19.98
2025-12-11T11:00:00Z,-223.45,-42.86,0,0,42,42.69,0.11,0,3.19,685.83,11.86,1707.44,378.82,448.45,28.3,0.19,0,0,2.02,1.43,0.01,0,17.58,-20
2025-12-11T11:05:00Z,-168.38,-38.29,0,0,40,42.69,0.11,0,0.57,641.21,10.81,1713.19,453.57,474.49,28.27,0.17,0,0,1.92,1.43,0.01,0,17.03,-19.5
2025-12-11T11:10:00Z,-77.75,-29.86,0,0,43,42.69,0.11,0,8.41,539.06,12.91,1718.95,404.77,466.08,28.23,0.16,0,0,2.06,1.43,0.01,0,17.74,-20.57
2025-12-11T11:15:00Z,-163.21,0,123.44,0,40,42.69,0.11,0,0.04,488.41,11.22,1724.71,473.56,500.93,28.2,0,7.48,0,1.92,1.43,0.01,0,64.36,-18.42
2025-12-11T11:20:00Z,-83.61,0,87.02,0,42,43.36,0.11,0,2.17,406.75,17.88,1730.46,367.26,464.65,28.17,0,5.28,0,2.02,1.45,0.01,0,50.68,-19.03
2025-12-11T11:25:00Z,-61.75,0,67.73,0,41,43.36,0.11,0,0.4,400.25,18.65,1736.22,350.95,438.17,28.13,0,4.11,0,1.97,1.45,0.01,0,42.86,-18.42
2025-12-11T11:30:00Z,-157.13,0,214.47,0,40,42.69,0.11,0,0,379.66,18.31,1741.97,344.74,434.32,28.1,0,12.93,0,1.92,1.43,0.01,0,105.58,-19.98
2025-12-11T11:35:00Z,-206.09,0,265.2,0,40,43.36,0.11,0,0,368.87,12.23,1719.05,314.48,520.56,28.3,0,15.74,0,1.92,1.45,0.01,0,133.98,-32.01
2025-12-11T11:40:00Z,-206.07,0,333.04,0,41,43.36,0.11,0,2.83,346.84,11.18,1696.13,322.18,523.47,28.5,0,20.54,0,1.97,1.45,0.01,0,179.5,-20.01
2025-12-11T11:45:00Z,-305.05,0,424.69,0,40,43.36,0.11,0,4.5,387.14,10.67,1673.21,297.98,524.3,28.7,0,25.92,0,1.92,1.45,0.01,0,245.98,-21.37
2025-12-11T11:50:00Z,-291.53,0,373.6,0,40,43.36,0.11,0,3.45,436.91,10.16,1650.29,331.58,472.82,28.9,0,22.62,0,1.92,1.45,0.01,0,205.38,-32.01
2025-12-11T11:55:00Z,-341.82,0,457.61,0,41,43.36,0.11,0,6.75,423.67,10.75,1627.37,368.86,484.37,29.1,0,28.62,0,1.97,1.45,0.01,0,284.1,-22.19
2025-12-11T12:00:00Z,-307.67,0,494.36,0,41,43.36,0.11,0,13.37,378.31,11.09,1604.45,362.6,517.31,29.3,0,30.55,0,1.97,1.45,0.01,0,316.16,-20
2025-12-11T12:05:00Z,-243.2,0,342.17,0,41,42.69,0.11,0,12.01,414.06,10.55,1602.54,330.87,499.07,29.25,0,20.49,0,1.97,1.43,0.01,0,186.46,-32.01
2025-12-11T12:10:00Z,-270.24,0,411.16,0,40,66.18,0.11,0,15.47,339.84,10.88,1600.62,325.74,503.46,29.2,0,25.81,0,1.92,2.22,0.01,0,258.3,-20
2025-12-11T12:15:00Z,-208.33,0,394.52,0,42,43.36,0.11,0,16.59,314.23,11.53,1598.7,247.94,470.6,29.15,0,24.7,0,2.02,1.45,0.01,0,237.48,-20
2025-12-11T12:20:00Z,-159.88,0,434.48,0,43,43.36,0.11,0,2.69,259.77,11.42,1596.78,260.52,470.22,29.1,0,26.91,0,2.06,1.45,0.01,0,267.96,-20
2025-12-11T12:25:00Z,-181.52,0,504.21,0,39,43.36,0.11,0,0,258.97,10.48,1594.86,152.98,501.49,29.05,0,29.59,0,1.87,1.45,0.01,0,313.23,-19.88
2025-12-11T12:30:00Z,-157.36,0,511.79,0,41,43.36,0.11,0,0.4,251.89,10.76,1592.94,130,495.84,29,0,31.63,0,1.97,1.45,0.01,0,330.92,-19.5
2025-12-11T12:35:00Z,-110.95,0,515.4,0,40,43.36,0.11,0,0,262.4,15.58,1581.54,172.75,504.54,29.22,0,31.78,0,1.92,1.45,0.01,0,320.44,-8
2025-12-11T12:40:00Z,-182.24,0,523.44,0,41,43.36,0.11,0,0.6,257.22,92.42,1570.14,210.75,356.78,29.43,0,31.49,0,1.97,1.45,0.01,0,322.52,-8
2025-12-11T12:45:00Z,-189.44,0,488.92,0,40,43.36,0.11,0,0,264.58,102.72,1558.73,306.01,374.49,29.65,0,30.2,0,1.92,1.45,0.01,0,302.73,-15.08
2025-12-11T12:50:00Z,-182.31,0,370.96,0,42,43.36,0.11,0,3.44,198.2,122.09,1547.33,391.27,296.48,29.87,0,21.96,0,2.02,1.45,0.01,0,217.47,-17.11
2025-12-11T12:55:00Z,-227.76,0,559.23,0,42,38.66,0.11,0,1.36,180.68,239.48,1535.93,484.91,331.19,30.08,0,34.75,0,2.02,1.29,0.01,0,365.09,-11.66
2025-12-11T13:00:00Z,-168.32,0,548.86,0,40,42.69,0.11,0,0,193.7,167.07,1524.53,467.15,307.02,30.3,0,34.31,0,1.92,1.43,0.01,0,361.36,-8.5
2025-12-11T13:05:00Z,-249.07,0,572.33,0,40,43.36,0.11,0,0,230.63,186.9,1505.84,409.01,231.33,30.22,0,34.68,0,1.92,1.45,0.01,0,385.22,-9.5
2025-12-11T13:10:00Z,-117.18,0,539.55,0,43,42.69,0.11,0,31.12,206.31,134.31,1487.15,458.72,240.62,30.13,0,31.68,0,2.06,1.43,0.01,0,327.81,-7.98
2025-12-11T13:15:00Z,-262.44,0,554.65,0,40,42.69,0.11,0,9.75,319.92,191.84,1468.46,321.57,199.49,30.05,0,30.29,0,1.92,1.43,0.01,0,321.54,-8
2025-12-11T13:20:00Z,-257.81,0,579.93,0,40,42.69,0.11,0,10.2,305.28,198.09,1449.77,283.93,194.64,29.97,0,35.56,0,1.92,1.43,0.01,0,386.46,-7.76
2025-12-11T13:25:00Z,-275.07,0,635.91,0,40,42.69,0.11,0,0,316.68,201.07,1431.08,216.62,195.54,29.88,0,38.38,0,1.92,1.43,0.01,0,446.93,-7.25
2025-12-11T13:30:00Z,-272.25,0,495.3,0,40,68.86,0.11,0,0,414.35,175.33,1412.39,198.62,207.47,29.8,0,29.91,0,1.92,2.31,0.01,0,304.95,-8
2025-12-11T13:35:00Z,-306.46,0,421.81,0,40,129.93,0.11,0,0,354.37,171.45,1409.82,357.34,208.04,29.97,0,25.48,0,1.92,4.35,0.01,0,276.68,-8.5
2025-12-11T13:40:00Z,-281.75,0,546.38,0,40,152.08,0.11,0,1.42,219.44,171.39,1407.25,490.23,206.36,30.13,0,33.54,0,1.92,5.09,0.01,0,418.29,-8.5
2025-12-11T13:45:00Z,-244.29,0,628.27,0,40,152.75,0.11,0,3.81,204.89,165.85,1404.68,498.22,160.06,30.3,0,36.96,0,1.92,5.11,0.01,0,480.18,-8.5
2025-12-11T13:50:00Z,-185.21,0,499.68,0,41,152.75,0.11,0,1.57,274.42,175.36,1402.1,485.41,149.23,30.47,0,28.39,0,1.97,5.11,0.01,0,312.53,-8.5
2025-12-11T13:55:00Z,-265.24,0,512.99,0,40,152.75,0.11,0,0,287.56,178.2,1399.53,526.92,186.35,30.63,0,28.57,0,1.92,5.11,0.01,0,333.92,-10.1
2025-12-11T14:00:00Z,-271.89,0,432.47,0,40,152.75,0.11,0,0,301.07,155.48,1396.96,565.89,240.5,30.8,0,24.45,0,1.92,5.11,0.01,0,281.58,-19.98
2025-12-11T14:05:00Z,-286.03,0,386.42,0,40,152.75,0.11,0,0,317.99,111.97,1426.24,543.09,307.21,30.9,0,21.75,0,1.92,5.11,0.01,0,250.96,-41.97
2025-12-11T14:10:00Z,-325.81,0,378.5,0,42,153.42,0.11,0,1.53,299.81,178.65,1455.51,600.6,194.14,31,0,23.03,0,2.02,5.14,0.01,0,253.94,-19.98
2025-12-11T14:15:00Z,-154.26,0,190.92,0,45,152.75,0.11,0,2.75,322.37,193.78,1484.79,567.38,207.5,31.1,0,11.35,0,2.16,5.11,0.01,0,120.42,-20.51
2025-12-11T14:20:00Z,-111.32,0,180.97,0,40,152.75,0.11,0,0,282.39,192.69,1514.06,610.89,213.2,31.2,0,10.35,0,1.92,5.11,0.01,0,110.41,-41.97
2025-12-11T14:25:00Z,-201.95,0,277.9,0,40,152.75,0.11,0,0,284.63,196.21,1543.34,617.89,210.87,31.3,0,16.65,0,1.92,5.11,0.01,0,163.65,-24.67
2025-12-11T14:30:00Z,-187.76,0,271.14,0,40,166.17,0.11,0,0,287.09,209.19,1572.62,599.38,207.47,31.4,0,15.62,0,1.92,5.56,0.01,0,152.71,-50.72
2025-12-11T14:35:00Z,-185.52,0,326.78,0,40,152.75,0.11,0,0,274.54,195.07,1567.09,689.62,218.55,31.43,0,19.6,0,1.92,5.11,0.01,0,186.19,-18.9
2025-12-11T14:40:00Z,-56.84,0,245.62,0,0,152.75,0.11,0,4.35,295.8,173.31,1561.56,678.03,208.22,31.47,0,14.11,0,0,5.11,0.01,0,122.4,-17.05
2025-12-11T14:45:00Z,-5.26,0,148.56,0,0,192.34,0.11,0,5.52,300.19,177.02,1556.03,622.64,195.69,31.5,0,8.43,0,0,6.44,0.01,0,85.95,-20.01
2025-12-11T14:50:00Z,-63.65,0,140.45,0,0,192.34,0.11,0,49.23,314.87,153.41,1550.5,680.51,199.73,31.53,0,7.92,0,0,6.44,0.01,0,83.86,-19.61
2025-12-11T14:55:00Z,-32.86,0,93.82,0,0,192.34,0.11,0,68.46,385.34,149.95,1544.97,645.89,184.98,31.57,0,5.33,0,0,6.44,0.01,0,63.8,-18.76
2025-12-11T15:00:00Z,-29.16,-14.82,0,0,0,192.34,0.11,0,1.13,436.29,192.3,1539.44,664.94,153.7,31.6,0.12,0,0,0,6.44,0.01,0,32.78,-47.2
2025-12-11T15:05:00Z,-47.06,0,122.6,0,0,192.34,0.1,0,3.38,387.48,319.87,1500.56,708.44,216.95,31.62,0,7.08,0,0,6.44,0.01,0,72.64,-18.67
2025-12-11T15:10:00Z,-15.84,0,64.76,0,0,192.34,0.11,0,2.52,408.39,323.92,1461.68,530.95,233.14,31.63,0,3.56,0,0,6.44,0.01,0,52,-19.94
2025-12-11T15:15:00Z,-36.42,-20.1,0,0,0,192.34,0.11,0,7.1,560.85,318.55,1422.8,532.94,252.53,31.65,0.12,0,0,0,6.44,0.01,0,31.05,-58.05
2025-12-11T15:20:00Z,-52.13,-65.8,0,0,0,192.34,0.11,0,0,662.14,313.56,1383.91,557.4,244.72,31.67,0.36,0,0,0,6.44,0.01,0,29.99,-47.77
2025-12-11T15:25:00Z,-46.87,0,77.99,0,0,186.97,0.11,0,5.29,673.31,314.42,1345.03,549.02,215.47,31.68,0,4.16,0,0,6.26,0.01,0,52.14,-20.87
2025-12-11T15:30:00Z,-42.82,0,169.5,0,0,192.34,0.11,0,1.58,624.35,178.35,1306.15,538,211.07,31.7,0,8.91,0,0,6.44,0.01,0,88.17,-19.82
2025-12-11T15:35:00Z,-39.09,0,219.18,0,0,193.01,0.11,0,0,515.85,203.63,1285.44,497.43,196.53,31.82,0,11.46,0,0,6.46,0.01,0,110.91,-16.19
2025-12-11T15:40:00Z,-27.57,0,143.52,0,0,192.34,0.11,0,0,528.21,385.06,1264.74,493.64,146.48,31.93,0,7.08,0,0,6.44,0.01,0,73.83,-19.98
2025-12-11T15:45:00Z,-33.98,0,172.19,0,0,207.11,0.11,0,0.88,482.95,402.39,1244.03,509.82,125.59,32.05,0,8.68,0,0,6.93,0.01,0,87.98,-19.88
2025-12-11T15:50:00Z,-14.19,0,69.53,0,0,205.77,0.11,0,47.62,506.93,401.82,1223.32,481.4,109.96,32.17,0,3.53,0,0,6.89,0.01,0,54.36,-20.12
2025-12-11T15:55:00Z,-21.46,0,114.31,0,0,206.44,0.11,0,51.75,443.34,400.9,1202.62,543.35,144.88,32.28,0,5.91,0,0,6.91,0.01,0,70.97,-11.64
2025-12-11T16:00:00Z,-8.8,0,56.89,0,0,206.44,0.11,0,22.12,496.11,427.79,1181.91,491.74,77.52,32.4,0,2.83,0,0,6.91,0.01,0,51.55,-11.85
2025-12-11T16:05:00Z,-9.4,0,208.07,0,0,205.77,0.11,0,37.75,490.8,436.97,1173.03,485.5,103.07,32.35,0,10.31,0,0,6.89,0.01,0,97.07,-10.23
2025-12-11T16:10:00Z,-44.62,0,238.12,0,0,206.44,0.11,0,29.67,483.21,224.12,1164.15,483.8,164.97,32.3,0,11.65,0,0,6.91,0.01,0,122.08,-12.34
2025-12-11T16:15:00Z,-23.87,0,475.53,0,0,203.75,0.11,0,36.72,390.41,267.72,1155.27,466.34,190.77,32.25,0,23.07,0,0,6.82,0.01,0,230.77,-9.5
2025-12-11T16:20:00Z,-36.05,0,429.55,0,0,202.41,0.11,0,23.71,327.67,210.64,1146.39,444.72,155.88,32.2,0,20.41,0,0,6.78,0.01,0,225.79,-15.08
2025-12-11T16:25:00Z,-24.75,0,425.35,0,0,203.08,0.11,0,20.32,297.13,323.89,1137.5,459.86,153.98,32.15,0,20.77,0,0,6.8,0.01,0,216,-17.91
2025-12-11T16:30:00Z,-8.94,0,543.2,0,0,203.08,0.11,0,14.19,306.74,226.53,1128.62,457.8,166.89,32.1,0,27.11,0,0,6.8,0.01,0,306.69,-12.18
2025-12-11T16:35:00Z,-7.68,0,511.54,0,0,202.41,0.11,0,29.63,340.4,179.73,1114.14,447.47,140.1,32.17,0,24.85,0,0,6.78,0.01,0,281.81,-19.98
2025-12-11T16:40:00Z,-4.17,0,558.17,0,0,202.41,0.11,0,40.03,377.17,137.41,1099.66,439.54,168.99,32.23,0,28.33,0,0,6.78,0.01,0,325.5,-9.5
2025-12-11T16:45:00Z,-61.46,0,615.31,0,0,197.71,0.11,0,25,392.99,164.35,1085.17,398.27,109.81,32.3,0,30.66,0,0,6.62,0.01,0,376.48,-10.76
2025-12-11T16:50:00Z,-15.43,0,565.56,0,0,197.71,0.11,0,31.84,432.86,146.87,1070.69,398.08,116.22,32.37,0,27.79,0,0,6.62,0.01,0,317.88,-20
2025-12-11T16:55:00Z,-4.06,0,699.61,0,0,197.71,0.11,0,27.21,376.92,122.73,1056.21,462.92,142.23,32.43,0,34.28,0,0,6.62,0.01,0,455.69,-9.5
2025-12-11T17:00:00Z,-3.3,0,640.99,0,0,206.44,0.11,0,27.67,413.66,157.75,1041.73,412.53,115.83,32.5,0,32.63,0,0,6.91,0.01,0,394.48,-12.45
2025-12-11T17:05:00Z,-36.68,0,580.75,0,0,203.08,0.11,0,25,415.53,158.3,1005.62,434.71,134.96,32.35,0,28.91,0,0,6.8,0.01,0,360.14,-15.08
2025-12-11T17:10:00Z,-63.81,0,656.97,0,0,206.44,0.11,0,49.83,433.13,278.72,969.52,418.97,152.39,32.2,0,34.66,0,0,6.91,0.01,0,410.03,-11.03
2025-12-11T17:15:00Z,-15.32,0,620.04,0,0,205.77,0.11,0,39.67,437.53,277.76,933.42,418.72,111.07,32.05,0,32.91,0,0,6.89,0.01,0,379.46,-8.5
2025-12-11T17:20:00Z,-0.85,0,523.37,0,0,206.44,0.11,0,27.3,449.66,280.96,897.31,389.55,86.46,31.9,0,27.25,0,0,6.91,0.01,0,306.51,-12.34
2025-12-11T17:25:00Z,-0.35,0,604,0,0,207.11,0.11,0,32.81,459.76,317.28,861.21,411.71,134.23,31.75,0,31.63,0,0,6.93,0.01,0,363.35,-8.5
2025-12-11T17:30:00Z,-4.54,0,553.59,0,0,206.44,0.11,0,26.33,576.39,361.93,825.11,282.09,95.99,31.6,0,28.79,0,0,6.91,0.01,0,297.97,-7.98
2025-12-11T17:35:00Z,-3.82,0,489.16,0,0,206.44,0.11,0,25.19,622.45,267.52,791.19,199.23,92.75,31.58,0,25.46,0,0,6.91,0.01,0,273.62,-6.17
2025-12-11T17:40:00Z,-4.17,0,308.5,0,0,206.44,0.11,0,27.66,757.53,414.23,757.28,52.73,3.6,31.57,0,16.43,0,0,6.91,0.01,0,151.39,-3.83
2025-12-11T17:45:00Z,-13.08,0,293.75,0,0,207.78,0.11,0,28.8,775.21,395.01,723.37,40.05,7.79,31.55,0,15.95,0,0,6.96,0.01,0,150.79,-3.83
2025-12-11T17:50:00Z,-11.04,0,316.54,0,0,207.11,0.11,0,42.75,754.53,411.44,689.46,32.36,0.65,31.53,0,17.51,0,0,6.93,0.01,0,165.06,0
2025-12-11T17:55:00Z,-2.16,0,412.18,0,0,207.11,0.11,0,35.19,722.55,392.71,655.55,26.37,0.07,31.52,0,21.6,0,0,6.93,0.01,0,214.23,15.97
2025-12-11T18:00:00Z,-1.08,0,638.86,0,0,207.11,0.11,0,40.36,691.75,308.33,621.63,26.37,0,31.5,0,34.13,0,0,6.93,0.01,0,400.94,77.92
2025-12-11T18:05:00Z,-0.84,0,556.04,0,0,207.78,0.11,0,45.92,674.27,297.66,585.09,26.37,0,31.55,0,29.95,0,0,6.96,0.01,0,353.28,73.38
2025-12-11T18:10:00Z,-0.11,0,663.29,0,0,207.11,0.11,0,50.4,653.75,331.16,548.54,26.38,0,31.6,0,35.71,0,0,6.93,0.01,0,453.87,73.66
2025-12-11T18:15:00Z,0,0,824.1,0,0,207.11,0.11,0,113.6,622.73,305.18,512,26.38,0,31.65,0,44.34,0,0,6.93,0.01,0,657,138
2025-12-11T18:20:00Z,-4.23,0,521.15,0,0,207.11,0.11,73,175.51,630.8,165.36,475.45,26.38,0,31.7,0,28.51,0,0,6.93,0.01,3.59,389.72,82.73
2025-12-11T18:25:00Z,0,0,673.26,0,0,207.11,0.11,0.64,187.36,610.26,237.29,438.91,26.38,0,31.75,0,37.51,0,0,6.93,0.01,0.03,529.3,124
2025-12-11T18:30:00Z,0,0,677.58,0,0,207.78,0.11,0,239.59,598.52,197.74,402.36,26.39,0,31.8,0,37.15,0,0,6.96,0.01,0,546.55,124
2025-12-11T18:35:00Z,-0.52,0,615.43,0,0,214.49,0.11,0,304.22,648.41,154.74,372.52,26.39,0,31.53,0,34.99,0,0,7.18,0.01,0,469.34,86.05
2025-12-11T18:40:00Z,-0.81,0,698.01,0,0,207.78,0.11,0,319.61,639.64,106.83,342.68,26.39,0,31.27,0,37.24,0,0,6.96,0.01,0,577.91,98
2025-12-11T18:45:00Z,-0.01,0,624.82,0,0,207.78,0.11,0,376.63,630.57,134.3,312.84,26.39,0,31,0,33.6,0,0,6.96,0.01,0,469.19,109.15
2025-12-11T18:50:00Z,-0.31,0,641.37,0,0,178.25,0.11,0,394.28,614.38,153.49,283,26.39,0,30.73,0,33.6,0,0,5.97,0.01,0,483.69,129.99
2025-12-11T18:55:00Z,-25.08,0,628.16,0,0,207.78,0.11,0,408.39,629.75,128.82,253.16,26.4,0,30.47,0,32.73,0,0,6.96,0.01,0,488.71,98
2025-12-11T19:00:00Z,-25.05,0,700.18,0,0,162.81,0.11,0,423.56,639,101.99,223.32,26.4,0,30.2,0,35.95,0,0,5.45,0.01,0,601.86,108.87
2025-12-11T19:05:00Z,-25.05,0,647.87,0,0,162.14,0.11,0,502.91,642.82,52.03,199.25,26.4,0,29.93,0,34.97,0,0,5.43,0.01,0,546.99,138
2025-12-11T19:10:00Z,-25.46,0,600.87,0,0,117.85,0.11,57.88,532.53,660.3,39.71,175.18,26.4,0,29.67,0,30.75,0,0,3.95,0.01,2.84,470.75,138
2025-12-11T19:15:00Z,-25.05,0,594.79,0,0,117.85,0.11,115.33,478.36,683.95,28.76,151.11,26.4,0,29.4,0,31,0,0,3.95,0.01,5.67,510.1,129.99
2025-12-11T19:20:00Z,-2.55,0,618.07,0,0,131.94,0.11,63.83,490.86,682.9,22.56,127.04,26.4,0,29.13,0,32.9,0,0,4.42,0.01,3.14,540.26,115.29
2025-12-11T19:25:00Z,-0.16,0,694.16,0,0,158.79,0.11,64.79,427.19,652.56,19.78,102.97,26.41,0,28.87,0,36.11,0,0,5.32,0.01,3.18,731.49,101.44
2025-12-11T19:30:00Z,-0.19,0,618.45,0,0,155.43,0.11,63.51,509.52,651.97,17.39,78.9,26.41,0,28.6,0,33.07,0,0,5.2,0.01,3.12,578.96,101.44
2025-12-11T19:35:00Z,-0.68,0,585.62,0,0,147.38,0.11,63.6,516.07,694.83,7.8,67.1,26.41,0,28.38,0,30.98,0,0,4.93,0.01,3.13,514.52,101.44
2025-12-11T19:40:00Z,-0.79,0,619.01,0,0,111.81,0.11,62.82,474.54,745.54,4.2,55.29,26.41,0,28.17,0,33.13,0,0,3.74,0.01,3.09,574.73,138
2025-12-11T19:45:00Z,0,0,688.66,0,0,162.14,0.11,75.62,324.51,747.57,2.6,43.49,4.94,0,27.95,0,36.48,0,0,5.43,0.01,3.72,820.43,129.99
2025-12-11T19:50:00Z,-1.06,0,685.07,0.01,0,156.77,0.11,63.72,345.68,739.41,0.88,31.68,0,0,27.73,0,35.94,0,0,5.25,0.01,3.13,815.68,102.18
2025-12-11T19:55:00Z,-0.45,0,635.46,0,0,156.77,0.11,63.42,399.78,719.92,0.23,19.87,0,0,27.52,0,33.6,0,0,5.25,0.01,3.12,695.45,91.12
2025-12-11T20:00:00Z,-0.44,0,567.08,0,0,100.4,0.11,136.42,451.56,712.65,0.07,8.07,0,0,27.3,0,29.74,0,0,3.36,0.01,6.7,567.6,101.44
2025-12-11T20:05:00Z,-0.58,0,539.92,0,0,119.86,0.11,137.5,443.83,706.64,0.03,6.72,0,0,27.13,0,28.26,0,0,4.01,0.01,6.76,535.88,98
2025-12-11T20:10:00Z,-0.28,0,558.54,0,0,68.19,0.11,139.22,465.07,730.21,0.03,5.38,0,0,26.97,0,28.59,0,0,2.28,0.01,6.84,532.93,101.44
2025-12-11T20:15:00Z,-0.24,0,523.94,0,0,82.95,0.11,138.92,482.38,720.42,0.03,4.03,0,0,26.8,0,26.91,0,0,2.78,0.01,6.83,484.39,133.51
2025-12-11T20:20:00Z,0,0,457.38,0,0,131.94,0.11,139.33,459.44,721.56,0.03,2.69,0,0,26.63,0,23.27,0,0,4.42,0.01,6.85,415.44,136.91
2025-12-11T20:25:00Z,-2.23,0,535.18,0.01,0,158.12,0.1,139.16,317.81,752.56,0.03,1.34,0,0,26.47,0,26.21,0,0,5.29,0.01,6.84,553.28,105.52
2025-12-11T20:30:00Z,0,0,427.64,0.01,0,157.45,0.11,139.12,337.55,823.42,0.03,0,0,0,26.3,0,20.68,0,0,5.27,0.01,6.84,382.1,113.64
2025-12-11T20:35:00Z,0,0,480.98,0.01,0,157.45,0.11,139.51,237.09,869.75,0.03,0,0,0,26.23,0,22.83,0,0,5.27,0.01,6.86,454.6,110.76
2025-12-11T20:40:00Z,-0.11,0,375.88,0,0,160.13,0.11,140.35,338.29,888.92,0.01,0,0,0,26.17,0,17.9,0,0,5.36,0.01,6.9,314.33,129.99
2025-12-11T20:45:00Z,-0.78,0,332.56,0,0,156.1,0.11,137.76,349.57,900.49,0.01,0,0,0,26.1,0,15.58,0,0,5.23,0.01,6.77,273.41,108.46
2025-12-11T20:50:00Z,-0.17,0,352.18,0.01,0,159.46,0.11,139.76,313.8,906.85,0,0,0,0,26.03,0,16.71,0,0,5.34,0.01,6.87,297.24,129.99
2025-12-11T20:55:00Z,-0.88,0,354.6,0,0,156.1,0.11,138.7,291.48,912.01,0,0,0,0,25.97,0,16.61,0,0,5.23,0.01,6.82,300.93,124
2025-12-11T21:00:00Z,-2.31,0,342.7,0,0,158.12,0.11,139.24,276.38,928.93,0,0,0,0,25.9,0,16.05,0,0,5.29,0.01,6.84,292.26,123.45
2025-12-11T21:05:00Z,-1.15,0,331.4,0,0,156.1,0.11,139.24,247.15,960.07,0,0,0,0,25.85,0,15.51,0,0,5.23,0.01,6.84,282.87,124
2025-12-11T21:10:00Z,0,0,283.38,0,0,160.13,0.11,140.09,232.41,991.21,0,0,0,0,25.8,0,13.37,0,0,5.36,0.01,6.88,247.85,124
2025-12-11T21:15:00Z,0,0,284.73,0,0,160.8,0.11,139.35,191.36,1021.32,0,0,0,0,25.75,0,13.43,0,0,5.38,0.01,6.85,250.8,128.58
2025-12-11T21:20:00Z,-7.2,0,344.62,0,0,156.1,0.11,138.41,129.28,1035.71,0,0,0,0,25.7,0,16.43,0,0,5.23,0.01,6.8,308.3,129.72
2025-12-11T21:25:00Z,-17.66,0,354.06,0,0,160.13,0.11,140.72,92.76,1061.31,0,0,0,0,25.65,0,16.88,0,0,5.36,0.01,6.92,323.05,101.44
2025-12-11T21:30:00Z,-0.05,0,258.05,0,0,156.77,0.11,139.06,133.98,1090.69,0,0,0,0,25.6,0,12.52,0,0,5.25,0.01,6.83,233.9,101.44
2025-12-11T21:35:00Z,-5.11,0,290.03,0,0,120.53,0.11,140.18,120.78,1102.82,0,0,0,0,25.55,0,14.19,0,0,4.04,0.01,6.89,253.44,109.25
2025-12-11T21:40:00Z,-4.04,0,388.08,0,0,156.77,0.11,137.55,1.49,1101.64,0,0,0,0,25.5,0,18.92,0,0,5.25,0.01,6.76,369.18,124
2025-12-11T21:45:00Z,-3.26,0,249.9,0,0,157.45,0.1,139.09,65.49,1129.38,0,0,0,0,25.45,0,12.35,0,0,5.27,0.01,6.84,237.02,101.44
2025-12-11T21:50:00Z,-22.17,0,380.27,0,0,111.81,0.11,139.1,1.52,1147.11,0,0,0,0,25.4,0,18.8,0,0,3.74,0.01,6.84,353.62,130.92
2025-12-11T21:55:00Z,-126.3,0,409.82,0,0,159.46,0.11,138.86,13.65,1143.15,0,0,0,0,25.35,0,20.27,0,0,5.34,0.01,6.82,423.52,101.44
2025-12-11T22:00:00Z,-74.47,0,375.71,0,0,133.29,0.1,138.78,21.96,1142.04,0,0,0,0,25.3,0,19,0,0,4.46,0.01,6.82,368.58,88.64
2025-12-11T22:05:00Z,-6.98,0,377.29,0,0,81.61,0.11,137.9,4.5,1107.32,0,0,0,0,25.35,0,19.14,0,0,2.73,0.01,6.78,363.02,101.44
2025-12-11T22:10:00Z,-66.64,0,349.62,0,0,119.86,0.11,133.53,3.58,1151.25,0,0,0,0,25.4,0,18.18,0,0,4.01,0.01,6.56,347.87,101.44
2025-12-11T22:15:00Z,-0.75,0,255.49,0,0,127.92,0.11,139.86,8.47,1158.07,0,0,0,0,25.45,0,13.24,0,0,4.28,0.01,6.87,248.52,85.79
2025-12-11T22:20:00Z,-0.7,0,265.2,0,0,79.6,0.11,139.3,11.32,1160.91,0,0,0,0,25.5,0,13.51,0,0,2.67,0.01,6.85,245.51,96.99
2025-12-11T22:25:00Z,-10.45,0,313.94,0,0,60.14,0.11,138.86,0.25,1161.89,0,0,0,0,25.55,0,16.07,0,0,2.01,0.01,6.82,288.35,85.6
2025-12-11T22:30:00Z,0,0,300.77,0,0,41.34,0.11,139.44,6.07,1160.32,0,0,0,0,25.6,0,15.17,0,0,1.38,0.01,6.85,268.5,85.6
2025-12-11T22:35:00Z,-0.78,0,291.4,0,0,40,0.11,140.14,0.77,1188.76,0,0,0,0,25.63,0,14.59,0,0,1.34,0.01,6.89,254.2,85.38
2025-12-11T22:40:00Z,-1.12,0,253.22,0,0,41.34,0.11,138.34,2.17,1194.61,0,0,0,0,25.67,0,12.71,0,0,1.38,0.01,6.8,223.46,84.45
2025-12-11T22:45:00Z,-1.32,0,209.59,0,0,40.67,0.11,137.48,0.64,1222.92,0,0,0,0,25.7,0,10.73,0,0,1.36,0.01,6.76,190.02,83.71
2025-12-11T22:50:00Z,-1.76,0,178.9,0,0,41.34,0.11,138.26,0.36,1228.67,0,0,0,0,25.73,0,9.3,0,0,1.38,0.01,6.79,170.82,79.11
2025-12-11T22:55:00Z,-0.7,0,175.43,0,0,40.67,0.11,139.65,5.2,1226.07,0,0,0,0,25.77,0,9.4,0,0,1.36,0.01,6.86,171.25,83.29
2025-12-11T23:00:00Z,-1.13,0,140.15,0,0,40.67,0.11,139.38,1.64,1254.92,0,0,0,0,25.8,0,7.45,0,0,1.36,0.01,6.85,145.11,77.76
2025-12-11T23:05:00Z,-7.92,0,175.72,0,0,41.34,0.11,137.97,0.05,1220.75,0,0,0,0,25.78,0,9.32,0,0,1.38,0.01,6.78,172.53,85.41
2025-12-11T23:10:00Z,-0.7,0,299.33,0,0,41.34,0.11,11.54,6.85,1224.57,0,0,0,0,25.77,0,15.72,0,0,1.38,0.01,0.57,215.53,95.87
2025-12-11T23:15:00Z,-1.48,0,338.28,0,0,40.67,0.11,0,0.08,1180.88,0,0,0,0,25.75,0,17.54,0,0,1.36,0.01,0,257.29,102.99
2025-12-11T23:20:00Z,-0.53,0,322.79,0,0,40,0.11,0,10.01,1193.24,0,0,0,0,25.73,0,16.95,0,0,1.34,0.01,0,238.58,100.34
2025-12-11T23:25:00Z,-8.88,0,322.24,-0.1,0,40.67,0.11,0,1.51,1188.47,0,0,0,0,25.72,0,16.69,0,0,1.36,0.01,0,240.91,85.15
2025-12-11T23:30:00Z,-1.52,0,264.79,-0.1,0,40.67,0.11,0,0.53,1232.8,0,0,0,0,25.7,0,13.72,0,0,1.36,0.01,0,179.68,84.46
2025-12-11T23:35:00Z,-1.14,0,260.89,0,0,40.67,0.11,0,1.91,1250.72,0,0,0,0,25.77,0,13.56,0,0,1.36,0.01,0,173.73,83.09
2025-12-11T23:40:00Z,-1.69,0,190.88,0,0,40.67,0.11,0,103.79,1256.71,0,0,0,0,25.83,0,10.53,0,0,1.36,0.01,0,118.13,104.89
2025-12-11T23:45:00Z,-25.33,0,231.59,0,0,40.67,0.11,0,46.2,1281.39,0,0,0,0,25.9,0,12.54,0,0,1.36,0.01,0,150.21,97.2
2025-12-11T23:50:00Z,-25.15,0,222.24,0,0,41.34,0.11,0,22.82,1307.58,0,0,0,0,25.97,0,12.08,0,0,1.38,0.01,0,143.78,101.46
2025-12-11T23:55:00Z,-27.17,0,236.89,0,0,40.67,0.11,0,18.62,1300.07,0,0,0,0,26.03,0,13.1,0,0,1.36,0.01,0,158.55,83.89
2025-12-12T00:00:00Z,-26.25,0,229,0,0,41.34,0.11,0,10.59,1308.67,0,0,0,0,26.1,0,12.61,0,0,1.38,0.01,0,151.98,84.84
2025-12-12T00:05:00Z,-32.55,0,228.9,0,0,40.67,0.11,0,0,1324.36,0,0,0,0,26.08,0,12.57,0,0,1.36,0.01,0,151.57,84.4
2025-12-12T00:10:00Z,-0.18,0,216.13,0,0,40.67,0.11,0,6.77,1306.24,0,0,0,0,26.07,0,12.16,0,0,1.36,0.01,0,142.7,87.55
2025-12-12T00:15:00Z,-0.39,0,210.72,0,0,40.67,0.11,0,0.9,1321.1,0,0,0,0,26.05,0,11.88,0,0,1.36,0.01,0,138.03,87.66
2025-12-12T00:20:00Z,-0.98,0,191.71,0,0,40.67,0.11,0,2.41,1346.19,0,0,0,0,26.03,0,10.86,0,0,1.36,0.01,0,122.67,87.8
2025-12-12T00:25:00Z,-1.35,0,178.8,0,0,40.67,0.11,0,0.75,1358.82,0,0,0,0,26.02,0,10.41,0,0,1.36,0.01,0,115.82,83.38
2025-12-12T00:30:00Z,-1.33,0,166.62,0,0,40.67,0.11,0,7.05,1362.06,0,0,0,0,26,0,9.69,0,0,1.36,0.01,0,106.85,83.44
2025-12-12T00:35:00Z,-0.1,0,163.58,0,0,40.67,0.11,0,5.71,1375.16,0,0,0,0,25.97,0,9.56,0,0,1.36,0.01,0,104.23,88.64
2025-12-12T00:40:00Z,-6.59,0,165.48,0,0,40.67,0.11,0,5.79,1389.46,0,0,0,0,25.93,0,9.83,0,0,1.36,0.01,0,106.28,88.22
2025-12-12T00:45:00Z,-5.07,0,151.93,0,0,40.67,0.11,0,0.21,1410.4,0,0,0,0,25.9,0,9.09,0,0,1.36,0.01,0,96.95,83.08
2025-12-12T00:50:00Z,-0.32,0,114.49,0,0,40.67,0.11,0,2.58,1443.06,0,0,0,0,25.87,0,6.97,0,0,1.36,0.01,0,72.93,82.75
2025-12-12T00:55:00Z,-0.82,0,87.62,0,0,40,0.11,0,0.49,1462.82,0,0,0,0,25.83,0,5.31,0,0,1.34,0.01,0,56.48,74.01
2025-12-12T01:00:00Z,-0.4,0,113.1,0,0,40.67,0.11,0,1.88,1443.47,0,0,0,0,25.8,0,6.87,0,0,1.36,0.01,0,72.01,79.46
2025-12-12T01:05:00Z,-0.69,0,118.26,0,0,40.67,0.11,0,0.75,1441.87,0,0,0,0,25.77,0,7.13,0,0,1.36,0.01,0,74.74,82.3
2025-12-12T01:10:00Z,-22.77,0,157.1,0,0,40.67,0.11,0,6.86,1428.25,0,0,0,0,25.73,0,9.61,0,0,1.36,0.01,0,101.62,88.47
2025-12-12T01:15:00Z,-22.88,0,107.73,0,0,40.67,0.11,0,7.16,1461.7,0,0,0,0,25.7,0,6.47,0,0,1.36,0.01,0,68.2,99.01
2025-12-12T01:20:00Z,-29.29,0,86.57,0,0,40,0.11,0,0,1472.18,0,0,0,0,25.67,0,5.32,0,0,1.34,0.01,0,57.32,84.64
2025-12-12T01:25:00Z,-25.94,0,70.2,0,0,40.67,0.11,0,0.62,1465.98,0,0,0,0,25.63,0,4.39,0,0,1.36,0.01,0,48.96,86.23
2025-12-12T01:30:00Z,-23.17,0,48.16,0,0,40.67,0.11,0,12.92,1470.57,0,0,0,0,25.6,0,3.04,0,0,1.36,0.01,0,36.38,109.88
2025-12-12T01:35:00Z,-25.92,0,48.96,0,0,40,0.11,0,14.34,1463.94,0,0,0,0,25.68,0,3.18,0,0,1.34,0.01,0,37.61,107.42
2025-12-12T01:40:00Z,-9.58,0,36.13,0,0,40.67,0.11,0,23.24,1452.21,0,0,0,0,25.77,0,2.44,0,0,1.36,0.01,0,31.08,85.36
2025-12-12T01:45:00Z,-5.56,0,73.67,0,0,40.67,0.11,0,3.11,1439.57,0,0,0,0,25.85,0,4.99,0,0,1.36,0.01,0,54.33,82.86
2025-12-12T01:50:00Z,-1.87,0,93.85,0,0,40.67,0.11,0,0.18,1412.68,0,0,0,0,25.93,0,6.29,0,0,1.36,0.01,0,67.64,81.4
2025-12-12T01:55:00Z,-0.62,0,89.32,0,0,40.67,0.11,0,2.06,1401.93,0,0,0,0,26.02,0,6.02,0,0,1.36,0.01,0,65.44,81
2025-12-12T02:00:00Z,-0.66,0,104.99,0,0,40.67,0.11,0,0.43,1385.41,0,0,0,0,26.1,0,7.03,0,0,1.36,0.01,0,76.29,67.75
2025-12-12T02:05:00Z,-0.78,0,69.94,0,0,40.67,0.11,0,0.29,1408.3,0,0,0,0,26.13,0,4.65,0,0,1.36,0.01,0,52.35,64.7
2025-12-12T02:10:00Z,-9.8,0,31.21,0,0,40.67,0.11,0,4.63,1437.3,0,0,0,0,26.17,0,2.08,0,0,1.36,0.01,0,28.7,68.38
2025-12-12T02:15:00Z,0,0,22.97,0,0,40.67,0.11,0,9.02,1431.87,0,0,0,0,26.2,0,1.53,0,0,1.36,0.01,0,23.84,63.44
2025-12-12T02:20:00Z,-1.66,-6.01,0,0,0,40.67,0.11,0,11.6,1458.46,0,0,0,0,26.23,0.01,0,0,0,1.36,0.01,0,10.88,48.13
2025-12-12T02:25:00Z,-5.09,0,9.12,0,0,40.67,0.11,0,7.65,1447.71,0,0,0,0,26.27,0,0.61,0,0,1.36,0.01,0,16.01,51.97
2025-12-12T02:30:00Z,-7.43,0,12.66,0,0,40.67,0.11,0,2.06,1462.63,0,0,0,0,26.3,0,0.84,0,0,1.36,0.01,0,17.84,47.45
2025-12-12T02:35:00Z,-8.67,-10.86,0,0,0,40.67,0.11,0,0.82,1461.81,0,0,0,0,26.28,0.01,0,0,0,1.36,0.01,0,10.99,38.74
2025-12-12T02:40:00Z,-21.08,0,5.49,0,0,40.67,0.11,0,6.95,1467.21,0,0,0,0,26.27,0,0.36,0,0,1.36,0.01,0,13.97,47.77
2025-12-12T02:45:00Z,-23.89,0,5.88,0,0,40,0.11,0,3.59,1469.2,0,0,0,0,26.25,0,0.39,0,0,1.34,0.01,0,14.06,47.06
2025-12-12T02:50:00Z,-30.17,0,21.63,0,0,40.67,0.11,0,0.64,1463.78,0,0,0,0,26.23,0,1.43,0,0,1.36,0.01,0,23.12,33.1
2025-12-12T02:55:00Z,-28.23,-6.89,0,0,0,40,0.11,0,0.43,1499.12,0,0,0,0,26.22,0.01,0,0,0,1.34,0.01,0,10.69,35.85
2025-12-12T03:00:00Z,-28.8,-27.78,0,0,0,40.67,0.11,0,0.36,1505.83,0,0,0,0,26.2,0.02,0,0,0,1.36,0.01,0,10.82,35.65
2025-12-12T03:05:00Z,-38.57,0,27.31,0,0,40.67,0.11,0,0,1476.83,0,0,0,0,26.17,0,1.75,0,0,1.36,0.01,0,25.78,29.96
2025-12-12T03:10:00Z,0,-23.79,0,0,0,40.67,0.11,0,12.2,1467.8,0,0,0,0,26.13,0.02,0,0,0,1.36,0.01,0,10.8,39.89
2025-12-12T03:15:00Z,-1.43,0,16.1,0,0,40.67,0.1,0,0.52,1443.03,0,0,0,0,26.1,0,1.02,0,0,1.36,0.01,0,19.55,41.54
2025-12-12T03:20:00Z,-44.76,0,57.17,0,0,40.67,0.11,0,0,1437.84,0,0,0,0,26.07,0,3.6,0,0,1.36,0.01,0,43.3,33.21
2025-12-12T03:25:00Z,-8.76,0,29.08,0,0,40.67,0.11,0,0.02,1423.85,0,0,0,0,26.03,0,1.79,0,0,1.36,0.01,0,26.58,30.08
2025-12-12T03:30:00Z,-1.88,0,18.41,0,0,40.67,0.11,0,0.29,1437.94,0,0,0,0,26,0,1.12,0,0,1.36,0.01,0,20.51,28.15
2025-12-12T03:35:00Z,-4.47,0,13.15,0,0,40.67,0.1,0,0.08,1423.5,0,0,0,0,25.92,0,0.79,0,0,1.36,0.01,0,17.93,31.74
2025-12-12T03:40:00Z,-49.33,0,73.27,0,0,40.67,0.11,0,0,1424.53,0,0,0,0,25.83,0,4.39,0,0,1.36,0.01,0,51.44,25.46
2025-12-12T03:45:00Z,-12.45,0,25.22,0,0,41.34,0.11,0,0.47,1444.67,0,0,0,0,25.75,0,1.5,0,0,1.38,0.01,0,23.93,28.11
2025-12-12T03:50:00Z,-8.9,-30.98,0,-0.1,0,40.67,0.11,0,1.3,1477.95,0,0,0,0,25.67,0.03,0,0,0,1.36,0.01,0,10.87,35.51
2025-12-12T03:55:00Z,-117.41,0,101.63,0,0,40.67,0.11,0,2.15,1475.07,0,0,0,0,25.58,0,5.99,0,0,1.36,0.01,0,67.97,36.58
2025-12-12T04:00:00Z,-16,-9.86,0,0,0,40.67,0.11,0,0.23,1468.11,0,0,0,0,25.5,0.01,0,0,0,1.36,0.01,0,11,33.49
2025-12-12T04:05:00Z,-119.26,0,110.01,0,0,40.67,0.11,0,1.86,1464.44,0,0,0,0,25.5,0,6.33,0,0,1.36,0.01,0,72.27,37.14
2025-12-12T04:10:00Z,-112.35,0,93.47,0,0,40.67,0.11,0,0.15,1480.98,0,0,0,0,25.5,0,5.3,0,0,1.36,0.01,0,60.85,41
2025-12-12T04:15:00Z,-110.35,0,63.88,0,0,40.67,0.1,0,1.62,1474.88,0,0,0,0,25.5,0,3.6,0,0,1.36,0.01,0,44.42,30.36
2025-12-12T04:20:00Z,-12.32,-0.18,0,0,0,40.67,0.11,0,0.15,1470.72,0,0,0,0,25.5,0,0,0,0,1.36,0.01,0,10.95,30.65
2025-12-12T04:25:00Z,-0.32,-16.18,0,0,0,40.67,0.11,0,6.38,1455.34,0,0,0,0,25.5,0.01,0,0,0,1.36,0.01,0,10.93,30.62
2025-12-12T04:30:00Z,-0.19,-7.79,0,0,0,40.67,0.11,0,5.68,1445.19,0,0,0,0,25.5,0.01,0,0,0,1.36,0.01,0,11.01,32.18
2025-12-12T04:35:00Z,-33.52,0,59.61,0,0,40.67,0.11,0,0.34,1432.43,0,0,0,0,25.45,0,3.37,0,0,1.36,0.01,0,41.16,31.34
2025-12-12T04:40:00Z,-12.03,0,13.44,0,0,40.67,0.11,0,0.79,1444.06,0,0,0,0,25.4,0,0.76,0,0,1.36,0.01,0,17.53,30.61
2025-12-12T04:45:00Z,-12.86,0,3,0,0,40.67,0.11,0,1.52,1465.91,0,0,0,0,25.35,0,0.17,0,0,1.36,0.01,0,12.38,35.2
2025-12-12T04:50:00Z,-1.05,-29.34,0,0,0,41.34,0.11,0,9.91,1477.1,0,0,0,0,25.3,0.03,0,0,0,1.38,0.01,0,10.93,33.69
2025-12-12T04:55:00Z,-6.16,-25.5,0,0,0,40.67,0.11,0,0.38,1494.31,0,0,0,0,25.25,0.02,0,0,0,1.36,0.01,0,10.74,31.13
2025-12-12T05:00:00Z,-0.15,-41.91,0,0,0,40.67,0.1,0,14.44,1496.92,0,0,0,0,25.2,0.04,0,0,0,1.36,0.01,0,10.58,34.92
2025-12-12T05:05:00Z,-53.19,0,28.6,0,0,40.67,0.11,0,0,1495.33,0,0.14,0,0,25.17,0,1.64,0,0,1.36,0.01,0,24.8,37.8
2025-12-12T05:10:00Z,-4.48,-23.23,0,0,0,40.67,0.11,0,0.89,1493.5,0,0.28,0,0,25.13,0.02,0,0,0,1.36,0.01,0,10.73,33.06
2025-12-12T05:15:00Z,-0.16,-46.73,0,0,0,40.67,0.11,0,16.85,1495.84,0,0.42,0,0,25.1,0.04,0,0,0,1.36,0.01,0,10.57,36.94
2025-12-12T05:20:00Z,-0.1,-42.45,0,0,0,40.67,0.11,0,7.05,1490.55,0.19,0.57,0,0,25.07,0.04,0,0,0,1.36,0.01,0,10.67,39.82
2025-12-12T05:25:00Z,-0.14,-44.49,0,0,0,40.67,0.11,0,6.18,1495.59,0.11,0.71,0,0,25.03,0.04,0,0,0,1.36,0.01,0,10.64,43.84
2025-12-12T05:30:00Z,-3.14,-46.88,0,0,0,40.67,0.11,0,3,1499.41,0.22,0.85,0,0,25,0.04,0,0,0,1.36,0.01,0,10.64,41.49
2025-12-12T05:35:00Z,-6.08,-5.17,0,0,0,40.67,0.1,0,0.08,1496.07,1.33,5.18,0,0,25.08,0,0,0,0,1.36,0.01,0,10.68,31.31
2025-12-12T05:40:00Z,-0.22,-43.17,0,0,0,40.67,0.11,0,56.53,1486.24,1.82,9.51,0,0,25.17,0.04,0,0,0,1.36,0.01,0,10.3,32.91
2025-12-12T05:45:00Z,-0.23,0,4.01,0,0,40.67,0.11,0,9.16,1493.54,7.14,13.84,0,0,25.25,0,0.23,0,0,1.36,0.01,0,12.31,30.74
2025-12-12T05:50:00Z,-3.22,-8.21,0,0,0,40.67,0.11,0,0.34,1495.9,11.09,18.17,0,0,25.33,0.01,0,0,0,1.36,0.01,0,10.51,17.12
2025-12-12T05:55:00Z,-7.8,-8.86,0,0,0,40.67,0.11,0,0.21,1493.41,14.73,22.5,7.44,0,25.42,0.01,0,0,0,1.36,0.01,0,10.5,10.47
2025-12-12T06:00:00Z,-1.65,-32.14,0,0,0,40.67,0.11,0,0.97,1497.67,21.71,26.82,9.49,0,25.5,0.03,0,0,0,1.36,0.01,0,10.35,-0.8
2025-12-12T06:05:00Z,-3.6,-8.87,0,0,0,40.67,0.11,0,5.32,1472.28,28.16,44.02,28.84,0,25.57,0.01,0,0,0,1.36,0.01,0,10.35,-20
2025-12-12T06:10:00Z,-96.67,0,326.61,0,0,40.67,0.11,0,38.38,1211.68,27.61,61.23,335.3,20.26,25.63,0,18.42,0,0,1.36,0.01,0,248.34,15.14
2025-12-12T06:15:00Z,-22.41,0,34.36,0,0,40.67,0.11,0,26.36,1409.44,39,78.42,49.02,0,25.7,0,1.91,0,0,1.36,0.01,0,25.63,17.75
2025-12-12T06:20:00Z,-87.13,0,43.49,0,0,40.67,0.11,0,0.45,1461.13,55.03,95.63,50.43,0,25.77,0,2.42,0,0,1.36,0.01,0,29.89,0
2025-12-12T06:25:00Z,-111.58,0,47.11,0,0,40.67,0.11,0,2.41,1473.44,65.21,112.83,12.42,0,25.83,0,2.61,0,0,1.36,0.01,0,31.05,-7.25
2025-12-12T06:30:00Z,-83.44,0,168.54,-0.1,0,40.67,0.11,0,19.46,1312.3,67.63,130.03,217.58,30.39,25.9,0,9.28,0,0,1.36,0.01,0,96.96,-8.5
2025-12-12T06:35:00Z,-117.68,0,282.11,-0.1,0,40.67,0.1,0,5.01,1273.99,46.72,148.6,251.64,28.34,25.93,0,15.5,0,0,1.36,0.01,0,181.47,-10.1
2025-12-12T06:40:00Z,-309.44,0,461.45,-0.1,0,40.67,0.11,0,27.01,1259.06,45.05,167.18,216.16,23.09,25.97,0,25.36,0,0,1.36,0.01,0,417.52,-8.5
2025-12-12T06:45:00Z,-284.92,0,423.4,-0.1,0,40.67,0.1,0,17.53,1290.79,56.7,185.76,221.77,28.83,26,0,22.94,0,0,1.36,0.01,0,330.26,-8.5
2025-12-12T06:50:00Z,-326.39,0,459.94,-0.1,0,41.34,41.76,0,12.38,1247.64,62.39,204.34,249.11,47.59,26.03,0,24.57,0,0,1.38,1.77,0,404.03,-8.5
2025-12-12T06:55:00Z,-275.61,0,487.96,0,0,40.67,42.11,0,10.46,1171.21,70.08,222.92,335.43,55.9,26.07,0,26.2,0,0,1.36,1.78,0,443.54,-7
2025-12-12T07:00:00Z,-359.57,0,410.42,0,0,40.67,42,0,9.77,1268.13,110.77,241.5,223.73,20.21,26.1,0,21.75,0,0,1.36,1.78,0,316.76,-2.1
2025-12-12T07:05:00Z,-308.39,0,269.78,0,0,41.34,42.23,0,10.33,1283.15,152.55,279.21,168.67,0,26.27,0,14.16,0,0,1.38,1.79,0,168.98,-8.5
2025-12-12T07:10:00Z,-277.33,0,401.49,0,0,40.67,42.17,0,3.37,1150.93,140.54,316.92,265.34,38.17,26.43,0,20.68,0,0,1.36,1.79,0,281.55,-10.1
2025-12-12T07:15:00Z,-313.65,0,390.08,0,0,40.67,42.03,0,0.1,1129.7,189.25,354.64,272.15,46.81,26.6,0,21.26,0,0,1.36,1.78,0,278.17,-19.98
2025-12-12T07:20:00Z,-266.95,0,425.21,0,0,40.67,41.71,0,5.2,1079.29,174.56,392.35,325.45,109.74,26.77,0,23.88,0,0,1.36,1.77,0,311.11,-20.57
2025-12-12T07:25:00Z,-245.33,0,455.34,0,0,40.67,41.54,0,2.6,1040.16,160.79,430.06,340.14,119.97,26.93,0,24.66,0,0,1.36,1.76,0,328.42,-9.5
2025-12-12T07:30:00Z,-217.44,0,289.86,0,0,40.67,41.41,0,0,1045.86,164.32,467.77,312.89,64.02,27.1,0,15.83,0,0,1.36,1.75,0,181.45,-19.88
2025-12-12T07:35:00Z,-374.54,0,579.63,0,0,41.34,41.18,0,0.21,1012.6,202.98,505.34,313.04,109.78,27.27,0,30.9,0,0,1.38,1.74,0,480.71,-25.01
2025-12-12T07:40:00Z,-345.48,0,566.35,0,0,40.67,14.3,0,0,970.29,114.95,542.9,342.56,124.08,27.43,0,29.62,0,0,1.36,0.61,0,491.45,-79.06
2025-12-12T07:45:00Z,-574.16,0,958.01,0,0,41.34,0.11,0,0,948.59,107.86,580.47,332.52,136.71,27.6,0,48.76,0,0,1.38,0.01,0,4116.24,-41.97
2025-12-12T07:50:00Z,-437.6,0,705.67,0,0,40.67,0.11,0,0.34,957.87,146.78,618.03,323.3,143.14,27.77,0,34.94,0,0,1.36,0.01,0,702.17,-24.67
2025-12-12T07:55:00Z,-403.15,0,771,0,0,41.34,0.11,0,20.55,813.2,165.04,655.59,465.47,135.51,27.93,0,37.4,0,0,1.38,0.01,0,892.29,-20.01
2025-12-12T08:00:00Z,-281.6,0,732.45,0,0,41.34,0.11,0,24.27,667.46,146.1,693.16,572.96,143.95,28.1,0,35.02,0,0,1.38,0.01,0,782.45,-59
2025-12-12T08:05:00Z,-289.81,0,831.32,0,0,40.67,0.11,0,13.71,652.6,167.28,730.86,592.25,202.18,28.33,0,39.59,0,0,1.36,0.01,0,1015.3,-20
2025-12-12T08:10:00Z,-278.46,0,767.4,0,0,41.34,0.11,0,25.43,709.46,152.21,768.57,454.1,203.59,28.57,0,36.92,0,0,1.38,0.01,0,705.92,-19.88
2025-12-12T08:15:00Z,-298.01,0,705.55,0,0,40.67,0.11,0,0,770.05,85.03,806.28,415.23,221.83,28.8,0,34.19,0,0,1.36,0.01,0,610.74,-20.57
2025-12-12T08:20:00Z,-197.92,0,758.5,0,0,41.34,0.11,0,3.4,647.92,123.97,843.99,520.8,228.32,29.03,0,36.62,0,0,1.38,0.01,0,647.67,-20.01
2025-12-12T08:25:00Z,-176.69,0,681.97,0,0,42.02,0.11,0,0.53,661.3,108.6,881.69,501.63,240.5,29.27,0,33,0,0,1.41,0.01,0,494.18,-20
2025-12-12T08:30:00Z,-257.69,0,700.01,0,0,41.34,0.11,0,2.38,695.19,177.25,919.4,434.36,250,29.5,0,38.25,0,0,1.38,0.01,0,541.78,-59
2025-12-12T08:35:00Z,-114.15,0,617.65,0,0,41.34,0.11,0,2.49,642.87,132.66,962.41,530.65,248.11,29.7,0,30.21,0,0,1.38,0.01,0,361.12,-8.5
2025-12-12T08:40:00Z,-110.43,0,344.25,0,0,41.34,0.11,0,26.5,792.78,174.99,1005.42,353.64,165.35,29.9,0,17.96,0,0,1.38,0.01,0,146.41,-7
2025-12-12T08:45:00Z,-190.02,0,266.52,0,0,41.34,0.11,0,6.5,825,232.45,1048.43,231.05,78.49,30.1,0,13.46,0,0,1.38,0.01,0,104.98,-8.09
2025-12-12T08:50:00Z,-162.61,0,237.43,0,0,41.34,0.11,0,35.95,811.54,244.66,1091.44,254.76,147.03,30.3,0,12.75,0,0,1.38,0.01,0,92.96,-7.25
2025-12-12T08:55:00Z,-179.68,0,177.37,0,0,41.34,0.1,0,20.54,793.94,307.48,1134.45,265.24,161.58,30.5,0,9.36,0,0,1.38,0.01,0,66.45,-7.97
2025-12-12T09:00:00Z,-179.79,0,167.67,0,0,40.67,0.11,0,6.92,801.62,332.08,1177.46,268.89,165.4,30.7,0,9.24,0,0,1.36,0.01,0,63.26,-7.25
2025-12-12T09:05:00Z,-104.34,0,217.01,0,0,41.34,0.11,0,0.09,820.12,288.61,1206.95,292.09,242.27,30.83,0,11.46,0,0,1.38,0.01,0,75.74,-6.31
2025-12-12T09:10:00Z,-238.33,0,213.32,0,0,42.02,0.11,0,0.09,882.59,235.5,1236.45,283.59,128.09,30.97,0,11.31,0,0,1.41,0.01,0,78.52,-8.5
2025-12-12T09:15:00Z,-222.45,0,248.44,0,0,42.02,0.11,0,0.1,817.52,149.73,1265.94,367.51,206.18,31.1,0,13.54,0,0,1.41,0.01,0,99.43,-9.5
2025-12-12T09:20:00Z,-115.46,0,250.34,0,0,42.02,0.11,0,7.27,783.19,180.05,1295.44,470.2,300.05,31.23,0,13.87,0,0,1.41,0.01,0,94.44,-7.37
2025-12-12T09:25:00Z,-207.69,0,214.33,0,0,42.02,0.11,0,0,822.11,155.08,1324.93,335.77,209.41,31.37,0,11.72,0,0,1.41,0.01,0,81.97,-8.01
2025-12-12T09:30:00Z,-229.14,0,216.04,0,0,42.02,0.11,0,5.63,808.13,205.75,1354.42,337.18,258.34,31.5,0,12.29,0,0,1.41,0.01,0,83.45,-8.5
2025-12-12T09:35:00Z,-158.21,0,167.58,0,0,41.34,0.11,0,0.01,779.56,218.39,1376.7,409.72,301.93,31.77,0,9.72,0,0,1.38,0.01,0,63.79,-9.65
2025-12-12T09:40:00Z,-219.96,0,282.95,0,0,42.02,0.11,0,3.11,778.24,177.16,1398.99,278.96,361.03,32.03,0,16.84,0,0,1.41,0.01,0,115.52,-8.5
2025-12-12T09:45:00Z,-234.97,0,102.68,0,0,42.02,0.11,0,0.11,955.31,214.47,1421.27,228.12,316.64,32.3,0,6,0,0,1.41,0.01,0,38.76,-9.5
2025-12-12T09:50:00Z,-121.69,0,43.36,0,0,42.02,0.11,0,6.03,915.06,192.3,1443.55,269.22,311.9,32.57,0,2.6,0,0,1.41,0.01,0,19.77,-9.5
2025-12-12T09:55:00Z,-243.2,0,111.46,0,0,42.02,0.11,0,0.14,920.7,207.17,1465.83,264.72,317.16,32.83,0,6.57,0,0,1.41,0.01,0,42.02,-10.1
2025-12-12T10:00:00Z,-247.75,0,164.55,0,0,42.02,0.11,0,1.17,906.7,160.39,1488.11,248.58,368.36,33.1,0,10.12,0,0,1.41,0.01,0,63.3,-9.16
2025-12-12T10:05:00Z,-130.76,-24.25,0,0,0,42.02,0.11,0,2.82,918.9,208.44,1497.75,250.11,336.04,33.18,0.03,0,0,0,1.41,0.01,0,6.61,-8.5
2025-12-12T10:10:00Z,-275.68,0,163.16,0,0,42.02,0.11,0,0.39,916.68,217.27,1507.4,200.7,322.86,33.27,0,9.83,0,0,1.41,0.01,0,60.12,-8.5
2025-12-12T10:15:00Z,-156.99,0,106.48,0,0,42.02,0.11,0,2.46,870.8,210.72,1517.04,224.02,329.58,33.35,0,6.56,0,0,1.41,0.01,0,40.22,-8.5
2025-12-12T10:20:00Z,-165.13,0,120.37,0,0,42.02,0.11,0,0,880.69,225.45,1526.68,153.19,338.54,33.43,0,7.47,0,0,1.41,0.01,0,44.6,-7.43
2025-12-12T10:25:00Z,-274.52,0,218.54,0,0,42.02,0.11,0,0.02,881.96,234.75,1536.32,116.64,326.26,33.52,0,13.16,0,0,1.41,0.01,0,79.4,-7.96
2025-12-12T10:30:00Z,-201.4,0,205.52,0,0,42.02,0.11,0,0.11,859.4,192.62,1545.97,98.62,306.6,33.6,0,12.72,0,0,1.41,0.01,0,75.94,-7.25
2025-12-12T10:35:00Z,-308.59,0,411.99,0,0,42.69,0.11,0,0.07,841.95,155.54,1539.35,51.82,295.77,33.87,0,24.91,0,0,1.43,0.01,0,170.05,-6.16
2025-12-12T10:40:00Z,-266.02,0,335.67,0,0,42.02,0.11,0,0,819.49,240,1532.74,28.92,204.37,34.13,0,19.93,0,0,1.41,0.01,0,125.98,-7.69
2025-12-12T10:45:00Z,-161.71,0,408.65,0,0,42.02,0.11,0,0.11,762.31,186.58,1526.12,59.47,235.24,34.4,0,25.1,0,0,1.41,0.01,0,163.44,-3.82
2025-12-12T10:50:00Z,-156.23,0,298.59,0,0,42.02,0.11,0,0,712.85,259.22,1519.51,30.96,170.03,34.67,0,18.13,0,0,1.41,0.01,0,112.81,-6.19
2025-12-12T10:55:00Z,-161.1,0,305.86,0,0,42.02,0.11,0,4.02,685.32,297.12,1512.89,28.99,201.24,34.93,0,18.81,0,0,1.41,0.01,0,116.96,0
2025-12-12T11:00:00Z,-99.94,0,259.3,0,0,42.02,0.11,0,0,641.07,297.89,1506.28,29.13,198.02,35.2,0,15.77,0,0,1.41,0.01,0,96.92,5.41
2025-12-12T11:05:00Z,-167.54,0,240.95,0,0,42.02,0.11,0,0,617.21,324.03,1542.45,0,207.36,35.15,0,14.53,0,0,1.41,0.01,0,90.38,-7.93
2025-12-12T11:10:00Z,-85.28,0,209.27,0,0,42.02,0.11,0,0.33,570.62,293.99,1578.62,21.18,206.11,35.1,0,12.97,0,0,1.41,0.01,0,78.79,-3.81
2025-12-12T11:15:00Z,-308.67,0,434.08,0,0,42.02,0.11,0,0,532.53,393.91,1614.79,0,142.66,35.05,0,26.12,0,0,1.41,0.01,0,179.5,0.52
2025-12-12T11:20:00Z,-102.09,0,206.62,0,0,42.02,0.11,0,7.5,543.51,410.26,1650.96,0,99,35,0,12.39,0,0,1.41,0.01,0,70.62,0.01
2025-12-12T11:25:00Z,-63.78,0,140.85,0,0,38.66,0.11,0,0.4,548.95,349.82,1687.13,0,99,34.95,0,8.36,0,0,1.29,0.01,0,47.89,-6.05
2025-12-12T11:30:00Z,-179.48,0,411.27,0,0,38.66,0.11,0,0,514.86,353.68,1723.3,0,125.01,34.9,0,25.11,0,0,1.29,0.01,0,155.39,20.56
2025-12-12T11:35:00Z,-42.48,0,213.04,0,0,38.66,0.11,0,36,489.17,394.08,1705.03,0,95,34.43,0,11.54,0,0,1.29,0.01,0,63.99,0.52
2025-12-12T11:40:00Z,-53.74,0,345.33,0,0,37.32,0.11,0,4.61,467.12,398.25,1686.76,0,98.2,33.97,0,20.74,0,0,1.25,0.01,0,120.25,13.14
2025-12-12T11:45:00Z,-10.19,0,287.35,0,0,41.34,0.11,0,36.49,436.09,333.97,1668.49,0,95,33.5,0,17.5,0,0,1.38,0.01,0,102.14,9.35
2025-12-12T11:50:00Z,-53.79,0,271.41,0,0,41.34,0.11,0,31,426.61,444.16,1650.22,0,97.66,33.03,0,16.44,0,0,1.38,0.01,0,94.31,0.01
2025-12-12T11:55:00Z,-102.94,0,333.9,0,0,40.67,0.11,0,13.29,393.11,467.56,1631.95,0,97.29,32.57,0,19.96,0,0,1.36,0.01,0,121.3,9.44
2025-12-12T12:00:00Z,-121.04,0,344.59,0,0,40.67,0.11,0,18.14,356.36,468.7,1613.68,0,96.37,32.1,0,20.91,0,0,1.36,0.01,0,131.59,0
2025-12-12T12:05:00Z,-169.14,0,431.44,0,0,40.67,0.11,0,3.41,345.05,479.01,1620.34,0,96.66,32.37,0,26.18,0,0,1.36,0.01,0,175.09,0
2025-12-12T12:10:00Z,-242.14,0,400.94,0,0,76.91,0.11,0,4.4,334.39,539.5,1627,0,1.85,32.63,0,24.26,0,0,2.58,0.01,0,166.11,-2.1
2025-12-12T12:15:00Z,-245.6,0,415.44,0,0,135.3,0.1,0,1.67,301.47,528.01,1633.66,0,41.56,32.9,0,25.24,0,0,4.53,0.01,0,184.24,-6.33
2025-12-12T12:20:00Z,-146.04,0,292.68,0,0,172.88,0.11,0,6.23,301.8,527.45,1640.32,0,45.48,33.17,0,18.01,0,0,5.79,0.01,0,129.28,7.55
2025-12-12T12:25:00Z,-121.99,0,189.19,0,0,208.45,0.11,0,10.9,301.04,573.73,1646.98,0,2.52,33.43,0,11.6,0,0,6.98,0.01,0,91.78,9.1
2025-12-12T12:30:00Z,-132.75,0,232.15,0,0,171.54,0.11,0,1.31,309.6,576.44,1653.64,0,2.48,33.7,0,14.4,0,0,5.74,0.01,0,102.97,0.01
2025-12-12T12:35:00Z,-30.64,0,92.24,0,0,170.87,0.11,0,11,316.28,560.46,1667.5,0,2.73,33.8,0,5.64,0,0,5.72,0.01,0,52.38,0.52
2025-12-12T12:40:00Z,-29.6,0,4.62,0,5,208.45,0.11,0,48.67,290.55,571.64,1681.35,0,3.27,33.9,0,0.28,0,0.24,6.98,0.01,0,32.52,0.52
2025-12-12T12:45:00Z,-2.08,-147.07,0,0,8,207.78,0.11,0,104.86,309.11,575.28,1695.21,0,4,34,0.9,0,0,0.38,6.96,0.01,0,28.13,0.01
2025-12-12T12:50:00Z,-0.33,-113.06,0,0,13,269.52,0.11,0,54.12,305.22,566.04,1709.07,0,3.7,34.1,0.9,0,0,0.62,9.02,0.01,0,37.46,8.3
2025-12-12T12:55:00Z,-20.9,-134.08,0,0,12,264.82,0.11,0,84.21,323.33,558.24,1722.92,0,2.47,34.2,1.02,0,0,0.58,8.87,0.01,0,35.99,0.52
2025-12-12T13:00:00Z,-35.65,-98.81,0,0,13,300.39,0.11,0,28.42,303.18,557.87,1736.78,0,4,34.3,0.88,0,0,0.62,10.06,0.01,0,41.97,18.92
2025-12-12T13:05:00Z,-66.36,-41.53,0,0,16,332.6,0.11,0,4.84,262.99,575.04,1739.24,0,0,34.35,0.42,0,0,0.77,11.14,0.01,0,48.87,20.13
2025-12-12T13:10:00Z,-9.93,-100.05,0,0,17,329.25,0.11,0,23.74,263.87,573.15,1741.7,0,0,34.4,0.98,0,0,0.82,11.02,0.01,0,45.93,20.21
2025-12-12T13:15:00Z,-7.46,-141.68,0,0,17,327.24,0.11,0,62.86,255.34,574.42,1744.17,0,0,34.45,1.35,0,0,0.82,10.96,0.01,0,44.2,25.58
2025-12-12T13:20:00Z,-1.81,-17.37,0,0,17,325.89,0.11,0,11.17,244.79,514.61,1746.63,0,0,34.5,0.18,0,0,0.82,10.91,0.01,0,48.79,20.89
2025-12-12T13:25:00Z,-0.4,-39.13,0,0,19,328.58,0.11,0,17.3,252.39,486.86,1749.09,0,0,34.55,0.42,0,0,0.91,11,0.01,0,49.04,21.21
2025-12-12T13:30:00Z,-97.3,0,89.39,0,20,319.85,0.11,0,34.62,280.71,472.84,1751.55,0,0,34.6,0,5.72,0,0.96,10.71,0.01,0,77.53,21.47
2025-12-12T13:35:00Z,-106.85,0,49.2,0,20,327.91,0.11,0,27.82,285.31,505.54,1743.9,0,0,34.75,0,3.16,0,0.96,10.98,0.01,0,65.8,21.21
2025-12-12T13:40:00Z,-106.56,0,62.99,0,22,381.59,0.11,0,0,280.18,527.93,1736.24,0,0,34.9,0,4.14,0,1.06,12.78,0.01,0,77.64,19.36
2025-12-12T13:45:00Z,-107.52,0,32.21,0,26,390.32,0.11,0,3.1,321.25,487.49,1728.59,0,0,35.05,0,2.16,0,1.25,13.07,0.01,0,70.22,20.33
2025-12-12T13:50:00Z,-43.07,0,21.15,0,28,389.65,0.11,0,22.28,372.2,425.07,1720.93,0,0,35.2,0,1.4,0,1.34,13.05,0.01,0,65.52,21.14
2025-12-12T13:55:00Z,-44.49,0,88.94,0,29,384.95,0.11,0,34.68,377.61,260.41,1713.28,6.88,0,35.35,0,5.92,0,1.39,12.89,0.01,0,90.96,33.85
2025-12-12T14:00:00Z,-108.86,0,113.16,0,34,389.65,0.11,0,15.33,352.13,375.09,1705.63,6.54,0,35.5,0,7.77,0,1.63,13.05,0.01,0,101.69,26.45
2025-12-12T14:05:00Z,-58.98,0,135.9,0,34,385.62,0.11,0,0,359.48,425.63,1677.89,5.86,0,35.6,0,9.32,0,1.63,12.91,0.01,0,106.55,33.22
2025-12-12T14:10:00Z,-54.21,0,118.76,0,37,386.29,0.11,0,7.6,367.69,410.49,1650.16,0,0,35.7,0,8.21,0,1.78,12.93,0.01,0,102.41,53.73
2025-12-12T14:15:00Z,-101.31,0,41.79,0,40,389.65,0.11,0,25.41,411.03,485.23,1622.42,0,0,35.8,0,2.89,0,1.92,13.05,0.01,0,75.71,22.03
2025-12-12T14:20:00Z,-188.77,0,240.49,0,40,393,0.11,0,0,378.6,499.76,1594.69,0,0,35.9,0,16.85,0,1.92,13.16,0.01,0,154.71,37.36
2025-12-12T14:25:00Z,-61.36,0,112.29,0,41,386.96,0.11,0,0.43,377.17,523,1566.96,0,0,36,0,7.87,0,1.97,12.96,0.01,0,100.5,55.04
2025-12-12T14:30:00Z,-200.08,0,371.29,0,42,405.08,0.11,0,1.18,347.68,507.59,1539.22,0,0,36.1,0,26.37,0,2.02,13.56,0.01,0,221.65,49.36
2025-12-12T14:35:00Z,-31.84,0,279.95,0,44,409.11,0.11,0,35.43,334.49,448.21,1511.87,0,0,35.98,0,20.45,0,2.11,13.7,0.01,0,176.09,65.19
2025-12-12T14:40:00Z,-77.56,0,312.72,0,40,401.73,0.11,0,0,316.11,499.65,1484.52,0,0,35.87,0,21.08,0,1.92,13.45,0.01,0,186.02,41.19
2025-12-12T14:45:00Z,-103.37,0,491.64,0,40,405.08,0.11,0,17.42,292.76,424.21,1457.17,0,0,35.75,0,35.7,0,1.92,13.56,0.01,0,300.85,76.4
2025-12-12T14:50:00Z,-100.93,0,541.26,0,40,403.74,0.11,0,5.44,265.1,392.92,1429.81,0,0,35.63,0,38.45,0,1.92,13.52,0.01,0,341.28,56.67
2025-12-12T14:55:00Z,-41.69,0,538.38,0,40,405.75,0.11,0,6.38,287.36,374.18,1402.46,0,0,35.52,0,38.23,0,1.92,13.59,0.01,0,333.07,68.29
2025-12-12T15:00:00Z,-8.16,0,454.94,0,40,407.77,0.11,0,21.72,285.25,395.82,1375.11,0,0,35.4,0,32.54,0,1.92,13.65,0.01,0,279.97,117.31
2025-12-12T15:05:00Z,-57.53,0,550.04,0,40,406.43,0.11,0,22.64,295.13,390.62,1360.99,0,0,35.55,0,38.65,0,1.92,13.61,0.01,0,340.75,68.75
2025-12-12T15:10:00Z,-30.18,0,600.15,0,40,403.74,0.11,0,3.09,293.68,376.71,1346.86,0,0,35.7,0,42.46,0,1.92,13.52,0.01,0,378.93,124
2025-12-12T15:15:00Z,-7,0,518.58,0,40,403.07,0.11,0,58.38,292.73,386.87,1332.74,0,0,35.85,0,36.34,0,1.92,13.5,0.01,0,312.43,75.53
2025-12-12T15:20:00Z,-4.24,0,489.25,0,41,405.08,18.24,0,11.07,278.84,366.58,1318.62,0,0,36,0,33.75,0,1.97,13.56,0.77,0,308.7,106.23
2025-12-12T15:25:00Z,-0.3,0,387.56,0,41,409.11,32.28,61.33,30.26,299.83,307.72,1304.49,0,0,36.15,0,26.45,0,1.97,13.7,1.37,3.01,265.95,124
2025-12-12T15:30:00Z,-0.26,0,452.69,0,41,407.1,33.27,64.24,55.49,273.29,338.74,1290.37,0,0,36.3,0,30.74,0,1.97,13.63,1.41,3.16,297.91,153.96
2025-12-12T15:35:00Z,-86.32,0,590.28,0,40,404.41,35.95,130.88,9.48,246.01,307.37,1294.34,0,0,36.58,0,39.58,0,1.92,13.54,1.52,6.43,421.91,131.99
2025-12-12T15:40:00Z,-2.76,0,425.76,0,42,403.07,52.1,64.3,94.13,253.41,246.06,1298.32,0,0,36.87,0,27.91,0,2.02,13.5,2.49,3.16,290.84,124
2025-12-12T15:45:00Z,-1.8,0,443.31,0,48,405.08,63.29,66.44,9.55,256.93,273.8,1302.29,0,0,37.15,0,28.01,0,2.3,13.56,3.17,3.27,304.85,124
2025-12-12T15:50:00Z,-2.42,0,558.77,0,53,405.08,65.73,65.19,65.97,218.17,316.42,1306.27,0,0,37.43,0,35.27,0,2.54,13.56,3.31,3.2,359.09,131.4
2025-12-12T15:55:00Z,-0.65,0,563.46,0,59,405.08,66.42,65.11,119,185.87,223.74,1310.25,0,0,37.72,0,34.18,0,2.83,13.56,3.35,3.2,366.49,131.27
2025-12-12T16:00:00Z,-9.97,0,699.6,0,56,403.07,66.81,63.28,99.52,155.57,222.23,1314.22,0,0,38,0,42.76,0,2.69,13.5,3.37,3.11,469.76,138
2025-12-12T16:05:00Z,-0.34,0,771.05,0,62,409.78,66.2,67.87,110.58,140.51,237.06,1267.48,0,0,37.77,0,46.55,0,2.98,13.72,3.34,3.34,527.69,140.93
2025-12-12T16:10:00Z,-0.4,0,660.92,0,62,408.44,66.81,150.87,107.86,133.56,202.33,1220.74,0,0,37.53,0,38.76,0,2.98,13.68,3.37,7.41,469.69,138.04
2025-12-12T16:15:00Z,-1.26,0,471.38,0,60,403.07,67.12,155.75,168.96,136.04,184.5,1174,0,0,37.3,0,27.1,0,2.88,13.5,3.39,7.65,348.57,128.67
2025-12-12T16:20:00Z,-0.25,0,690.64,0,63,413.81,67.15,67.06,193.32,133.57,289.02,1127.27,0,0,37.07,0,39.04,0,3.02,13.86,3.39,3.3,451.64,138
2025-12-12T16:25:00Z,-0.36,0,763.49,0,67,411.79,67.45,106.78,238.61,143.04,234.05,1080.53,0,0,36.83,0,42.09,0,3.21,13.79,3.4,5.25,512.75,198
2025-12-12T16:30:00Z,-0.28,0,815.71,0,70,402.4,67.19,149.25,237.42,135.09,184.09,1033.79,0,0,36.6,0,44.85,0,3.36,13.47,3.39,7.33,593.82,198
2025-12-12T16:35:00Z,-0.33,0,589.52,0,83,405.75,67.24,156.37,279.32,123.16,296.02,1000.28,0,0,36.22,0,32.54,0,3.98,13.59,3.39,7.68,403.13,125
2025-12-12T16:40:00Z,-0.31,0,636.99,0,75,408.44,67.06,156.13,329.11,131.07,261.03,966.77,0,0,35.83,0,34.89,0,3.6,13.68,3.38,7.67,431.7,144.29
2025-12-12T16:45:00Z,-0.52,0,795.03,0,78,352.07,67.19,155.44,269.67,126.76,269.39,933.27,0,0,35.45,0,44.13,0,3.74,11.79,3.39,7.64,582.49,198
2025-12-12T16:50:00Z,-4.82,0,760.08,0,86,291,87.45,153.38,287.26,125.7,245.24,899.76,0,0,35.07,0,41.82,0,4.13,9.74,4.46,7.54,575.72,140.05
2025-12-12T16:55:00Z,-0.3,0,767.84,0,97,225.9,149.19,155.2,331.56,119.89,216.19,866.25,0,0,34.68,0,45.15,0,4.65,7.56,7.8,7.63,627.04,240.01
2025-12-12T17:00:00Z,-96.41,0,812.62,0,109,172.21,220.46,156.36,394.21,130.98,175.39,832.75,0,0,34.3,0,46.8,0,5.23,5.77,11.85,7.68,723.65,215.04
2025-12-12T17:05:00Z,-28.54,0,838.39,0,117,165.5,227.11,154.5,353.96,146.67,143.71,782.91,0,0,34.32,0,47.35,0,5.61,5.54,12.26,7.59,768.02,163.37
2025-12-12T17:10:00Z,-0.39,0,750.82,0,129,164.83,229.65,154.1,454.79,148.49,148.9,733.07,0,0,34.33,0,43.52,0,6.19,5.52,12.41,7.57,639.32,215.04
2025-12-12T17:15:00Z,-0.54,0,722.92,0,140,162.14,229.65,155.67,500.35,166.43,153.09,683.24,0,0,34.35,0,41.46,0,6.72,5.43,12.41,7.65,602.51,232.15
2025-12-12T17:20:00Z,-0.18,0,429.64,0,153,164.83,230.81,155.92,589.89,171.77,250.21,633.4,0,0,34.37,0,24.71,0,7.34,5.52,12.47,7.66,360.63,138.04
2025-12-12T17:25:00Z,-0.22,0,685.68,0,165,215.83,230.61,155.75,380.96,173.36,277.65,583.56,0,0,34.38,0,38.18,0,7.92,7.23,12.46,7.65,588.78,161.61
2025-12-12T17:30:00Z,-0.49,0,683.2,0,162,219.86,231.35,155.12,378.06,182.96,251.99,533.73,0,0,34.4,0,37.6,0,7.77,7.36,12.52,7.62,611.01,148
2025-12-12T17:35:00Z,-0.19,0,795.86,0,161,221.2,276.17,154.01,246.1,204.15,188.91,512.13,0,0,34.3,0,43.97,0,7.73,7.41,15.24,7.57,841.85,145.17
2025-12-12T17:40:00Z,-0.27,0,759.32,0,174,220.53,285.24,154.7,311.46,223.07,162.14,490.53,0,0,34.2,0,41.56,0,8.35,7.38,15.77,7.6,766.95,232.15
2025-12-12T17:45:00Z,0,0,548.49,0,181,217.17,289.64,154.19,455.08,228.04,150.81,468.93,0,0,34.1,0,33.48,0,8.69,7.27,16.06,7.58,549.27,161.61
2025-12-12T17:50:00Z,-0.19,0,561.87,0,192,219.19,291.81,155.92,425.84,275.44,105.36,447.34,0,0,34,0,30.64,0,9.21,7.34,16.19,7.66,549.68,215.04
2025-12-12T17:55:00Z,-0.24,0,559.51,0,196,198.38,291.59,155.44,403.15,337.49,91.17,425.74,0,0,33.9,0,30.28,0,9.4,6.64,16.19,7.64,546.93,198
2025-12-12T18:00:00Z,-3.3,0,560.49,0,196,196.37,290.03,152.97,337.03,412.79,87.99,404.14,0,0,33.8,0,29.89,0,9.4,6.58,16.1,7.52,550.94,148
2025-12-12T18:05:00Z,-0.25,0,634.15,0,197,160.8,295.25,155.84,297.01,468.87,73.94,382.85,0,0,33.62,0,34.3,0,9.45,5.38,16.39,7.66,628.53,161.61
2025-12-12T18:10:00Z,-2.97,0,640.02,0,196,157.45,292.33,155.67,289.53,482.37,68.22,361.56,0.95,0,33.43,0,34.2,0,9.4,5.27,16.23,7.65,641.9,170.44
2025-12-12T18:15:00Z,-0.33,0,652.7,0,197,161.47,327.85,154.57,192.28,528.94,71.63,340.27,0,0,33.25,0,35.31,0,9.45,5.41,17.75,7.6,685.98,215.04
2025-12-12T18:20:00Z,-1.12,0,553.94,0,196,199.73,330.02,154.44,174.22,568.35,68.51,318.99,0,0,33.07,0,29.86,0,9.4,6.69,17.84,7.59,588.65,170.44
2025-12-12T18:25:00Z,0,0,453.29,0,197,164.83,334.75,156.57,228.52,618.41,73.45,297.7,0,0,32.88,0,24.56,0,9.45,5.52,18.08,7.69,484.4,138
2025-12-12T18:30:00Z,-0.2,0,655.91,0,185,158.12,330.74,92.06,174.06,623.29,70.36,276.41,0,0,32.7,0,34.98,0,8.88,5.29,17.85,4.52,684.54,160.8
2025-12-12T18:35:00Z,0,0,540.65,0,196,160.13,334.4,156.16,215.29,611.88,67.28,254.62,0,0,32.55,0,29.01,0,9.4,5.36,18.05,7.67,573.18,198
2025-12-12T18:40:00Z,-0.65,0,540.96,0,196,200.4,333.35,155.05,163.33,614.67,54.15,232.83,0,0,32.4,0,28.58,0,9.4,6.71,17.98,7.62,599.01,170.44
2025-12-12T18:45:00Z,-0.82,0,545.47,0,197,195.7,332.26,154.06,153.95,636.97,53.66,211.04,0,0,32.25,0,28.98,0,9.45,6.55,17.92,7.57,609.17,170.44
2025-12-12T18:50:00Z,-0.49,0,587.18,0.01,197,167.51,331.81,148.75,161.39,646.58,48.76,189.25,0,0,32.1,0,30.56,0,9.45,5.61,17.9,7.31,652.11,170.44
2025-12-12T18:55:00Z,-1.04,0,525.82,0,196,169.53,333.99,146.91,185.29,668.67,42.85,167.46,0,0,31.95,0,27.62,0,9.4,5.68,18.02,7.22,589.08,170.44
2025-12-12T19:00:00Z,-1.82,0,525.89,0,196,174.22,326.65,145.27,181.72,692.09,32,145.67,0,0,31.8,0,27.94,0,9.4,5.83,17.59,7.14,596.57,161.65
2025-12-12T19:05:00Z,-0.26,0,493.1,0,197,159.46,328.84,155.14,184.02,747.3,24.6,129.35,0,0,31.62,0,26.29,0,9.45,5.34,17.71,7.62,556.36,146.23
2025-12-12T19:10:00Z,-2.16,0,536.82,0,196,157.45,328.01,154.73,156.54,766.79,22.59,113.02,0,0,31.43,0,28.14,0,9.4,5.27,17.66,7.6,602.44,153.75
2025-12-12T19:15:00Z,-4.22,0,478.78,0.01,196,158.12,328.32,154.73,160.05,808.33,19.23,96.69,0,0,31.25,0,25.31,0,9.4,5.29,17.68,7.6,544.64,124.75
2025-12-12T19:20:00Z,-0.34,0,415.6,0.01,196,158.12,328.81,153.51,246.76,797.39,15.75,80.37,0,0,31.07,0,22.07,0,9.4,5.29,17.7,7.54,476.8,129.99
2025-12-12T19:25:00Z,-2.7,0,395.18,0.01,196,157.45,311.64,154.18,281.94,807.17,11.61,64.04,0,0,30.88,0,21.12,0,9.4,5.27,16.65,7.58,454.14,150.36
2025-12-12T19:30:00Z,-0.23,0,349.42,0.01,196,157.45,312.02,154.65,191.14,899.04,9.38,47.72,0,0,30.7,0,18.78,0,9.4,5.27,16.68,7.6,428.28,141.49
2025-12-12T19:35:00Z,-1.02,0,233.76,0,196,158.12,300.27,152.96,283.46,914.09,5.84,40.36,0,0,30.52,0,12.85,0,9.4,5.29,15.96,7.52,337.16,141.75
2025-12-12T19:40:00Z,-0.03,0,394.18,0.01,197,157.45,264.05,154.24,138.74,930.21,2.94,33.01,0,0,30.33,0,21.21,0,9.45,5.27,13.76,7.58,463.32,141.22
2025-12-12T19:45:00Z,-92.86,0,373.01,0.01,196,157.45,262.1,151.92,206.25,978.34,1.19,25.66,0,0,30.15,0,19.95,0,9.4,5.27,13.66,7.47,442.18,124
2025-12-12T19:50:00Z,-0.39,0,319.45,0,197,162.14,266.34,155.98,185.28,936.58,0.5,18.31,0,0,29.97,0,17.31,0,9.45,5.43,13.89,7.67,402.57,124
2025-12-12T19:55:00Z,-0.39,0,377.95,0.01,196,158.79,264.71,155.17,138.74,930.67,0.15,10.96,0,0,29.78,0,20.47,0,9.4,5.32,13.8,7.63,460.1,124
2025-12-12T20:00:00Z,-0.87,0,325.34,0,196,158.12,263.29,153.75,128.97,978.09,0.01,3.61,0,0,29.6,0,17.68,0,9.4,5.29,13.73,7.56,413.94,129.99
2025-12-12T20:05:00Z,-30.57,0,364.29,0,197,157.45,229.13,154.09,67.95,1043.43,0.01,3.01,0,0,29.37,0,19.84,0,9.45,5.27,11.65,7.57,442.93,120.15
2025-12-12T20:10:00Z,-27.8,0,337.37,0,196,159.46,212.74,154.27,45.12,1084.91,0.01,2.4,0,0,29.13,0,18.49,0,9.4,5.34,10.65,7.58,414.55,121.54
2025-12-12T20:15:00Z,-1.79,0,331.63,0,196,158.79,212.72,154.36,41.9,1067.46,0.01,1.8,0,0,28.9,0,18.39,0,9.4,5.32,10.65,7.59,410.88,124
2025-12-12T20:20:00Z,-2.92,0,312.44,0,196,158.12,212.61,154.04,57.77,1055.36,0.01,1.2,0,0,28.67,0,17.1,0,9.4,5.29,10.65,7.57,394.9,121.23
2025-12-12T20:25:00Z,-57.27,0,348.39,0,196,158.79,212.32,154.82,36.02,1084.71,0.01,0.6,0,0,28.43,0,19.15,0,9.4,5.32,10.63,7.61,434.98,129.99
2025-12-12T20:30:00Z,-108.95,0,347.55,0,196,156.77,211.05,153.19,63.77,1097.42,0.01,0,0,0,28.2,0,18.89,0,9.4,5.25,10.56,7.53,435.83,103.09
2025-12-12T20:35:00Z,-3.79,0,299.99,0,197,158.79,179.59,154.38,37.23,1074.81,0.01,0,0,0,28.03,0,16.52,0,9.45,5.32,8.9,7.59,382.77,124
2025-12-12T20:40:00Z,-2.66,0,307.44,0,197,160.8,215.13,155.43,13.22,1062.35,0.01,0,0,0,27.87,0,17.06,0,9.45,5.38,10.78,7.64,404.15,122.73
2025-12-12T20:45:00Z,-6.03,0,324.54,0,196,157.45,213.19,153.83,8.29,1054.88,0.01,0,0,0,27.7,0,17.8,0,9.4,5.27,10.68,7.56,418.82,105.79
2025-12-12T20:50:00Z,-2.45,0,306.39,0,198,161.47,215.75,154.59,2.27,1048.82,0,0,0,0,27.53,0,17.91,0,9.5,5.41,10.81,7.6,417.54,120.72
2025-12-12T20:55:00Z,-15.94,0,316.31,0,197,159.46,213.85,154.76,1.47,1037.26,0,0,0.65,0,27.37,0,17.88,0,9.45,5.34,10.71,7.61,427.39,122.85
2025-12-12T21:00:00Z,-4.46,0,257.66,0,197,158.12,213.48,154.71,8.03,1067.03,0,0,0,0,27.2,0,14.61,0,9.45,5.29,10.69,7.6,372.21,112.8
2025-12-12T21:05:00Z,-7.75,0,277.46,0,197,157.45,213.32,154.62,0,1033.19,0,0,0,0,27.1,0,15.93,0,9.45,5.27,10.68,7.6,399.34,104.64
2025-12-12T21:10:00Z,-2.48,0,215.12,0,197,160.8,183.45,156.18,29.85,1062.04,0,0,0,0,27,0,12.32,0,9.45,5.38,9.1,7.67,335.41,128.4
2025-12-12T21:15:00Z,-21.62,0,288.1,0,197,158.12,153.02,154.31,3.75,1054.25,0,0,7.99,0,26.9,0,16.31,0,9.45,5.29,7.49,7.58,392.42,118.05
2025-12-12T21:20:00Z,-2.77,0,333.5,0,197,160.13,108.62,154.38,1.85,1041.96,0,0,5.64,0,26.8,0,19.28,0,9.45,5.36,5.15,7.59,423.28,121.81
2025-12-12T21:25:00Z,-2.1,0,314.83,0,197,162.14,108.52,155.66,29.16,1013.68,0,0,8.94,0,26.7,0,18.44,0,9.45,5.43,5.14,7.65,410.12,122.09
2025-12-12T21:30:00Z,-6.98,0,334.59,-0.1,196,157.45,108.71,152.22,5.19,999.68,0,0,0,0,26.6,0,19.58,0,9.4,5.27,5.15,7.48,440.4,103.74
2025-12-12T21:35:00Z,-2,0,294.29,0,198,162.81,108.12,156.89,9.65,1003.83,0,0,0,0,26.42,0,17.24,0,9.5,5.45,5.13,7.71,402.39,138
2025-12-12T21:40:00Z,-21.25,0,392.37,0,184,158.79,69.69,107.51,2.13,1006.4,0,0,0,0,26.23,0,23.09,0,8.83,5.32,3.5,5.28,495.32,124
2025-12-12T21:45:00Z,-4.94,0,238.58,0,161,156.77,69.59,64.13,202.56,1007.99,0,0,0,0,26.05,0,14.79,0,7.73,5.25,3.5,3.15,291.12,138.04
2025-12-12T21:50:00Z,-2.4,0,203.18,0,154,160.13,69.78,132.37,128.05,1028.15,0,0,0,0,25.87,0,12.45,0,7.39,5.36,3.51,6.5,288.05,138
2025-12-12T21:55:00Z,-11.82,0,268.71,0,133,157.45,29.93,112.11,111.71,1054.72,0,0,0,0,25.68,0,16.49,0,6.38,5.27,1.82,5.51,322.86,148.91
2025-12-12T22:00:00Z,-105.43,0,330.72,0,150,159.46,30.15,156.28,23.11,1070.38,0,0,0,0,25.5,0,20.28,0,7.2,5.34,1.83,7.68,440.47,129.56
2025-12-12T22:05:00Z,-2.25,0,224.29,0,134,159.46,30.08,64.1,107.11,1094.81,0,0,0,0,25.35,0,14.12,0,6.43,5.34,1.83,3.15,271.74,137.95
2025-12-12T22:10:00Z,-96.48,0,444.99,0,110,158.79,29.99,65.41,2.18,1109.47,0,0,0,0,25.2,0,27.34,0,5.28,5.32,1.82,3.21,551.86,125.12
2025-12-12T22:15:00Z,-1.94,0,200.68,0,92,162.14,30.16,65.2,103.45,1136.08,0,0,0,0,25.05,0,12.82,0,4.41,5.43,1.83,3.2,239.75,138
2025-12-12T22:20:00Z,-9.02,0,283.45,0,77,160.13,30.17,78.77,1.83,1160.55,0,0,0,0,24.9,0,17.89,0,3.69,5.36,1.83,3.87,322.26,131.44
2025-12-12T22:25:00Z,-26.34,0,313.21,0,59,158.12,29.98,64.09,44.73,1133.17,0,0,0,0,24.75,0,20.16,0,2.83,5.29,1.82,3.15,347.16,134.27
2025-12-12T22:30:00Z,-52.7,0,330.05,0,61,160.8,30.07,66.27,36.88,1124.82,0,0,0,0,24.6,0,21.03,0,2.93,5.38,1.83,3.26,376.53,124.34
2025-12-12T22:35:00Z,-1.64,0,136.45,0,62,163.49,30.05,66.1,178.94,1109.51,0,0,0,0,24.53,0,8.99,0,2.98,5.47,1.83,3.25,183.52,138
2025-12-12T22:40:00Z,-68.93,0,204.07,0,58,158.12,16.96,78.11,134.62,1129.95,0,0,0,0,24.47,0,13.22,0,2.78,5.29,1.03,3.84,241.06,138
2025-12-12T22:45:00Z,-25.92,0,114.07,0,57,156.77,0.11,111.38,119.1,1150.16,0,0,0,0,24.4,0,7.57,0,2.74,5.25,0.01,5.47,173.56,127.72
2025-12-12T22:50:00Z,-3.61,0,147.21,0,58,158.12,0.11,64.56,101.8,1166.59,0,0,0,0,24.33,0,9.85,0,2.78,5.29,0.01,3.17,181.1,138
2025-12-12T22:55:00Z,-51.07,0,274.08,0,58,158.12,0.11,64.96,4.77,1164.79,0,0,0,0,24.27,0,18.38,0,2.78,5.29,0.01,3.19,316.2,130.15
2025-12-12T23:00:00Z,-2.32,0,199.61,0,60,160.8,0.11,64.35,2.49,1168.76,0,0,0,0,24.2,0,13.44,0,2.88,5.38,0.01,3.16,237.88,139.07
2025-12-12T23:05:00Z,-128.65,0,225.77,0,57,158.79,0.11,152.42,17.44,1175.83,0,0,0,0,24.17,0,14.96,0,2.74,5.32,0.01,7.49,303.31,138
2025-12-12T23:10:00Z,-97.08,0,227.39,0,57,157.45,0.11,129.47,1.91,1155.67,0,0,0,0,24.13,0,14.92,0,2.74,5.27,0.01,6.36,298.69,124
2025-12-12T23:15:00Z,-2.16,0,126.65,0,58,158.79,0.11,64.87,77.82,1148.32,0,0,0,0,24.1,0,8.22,0,2.78,5.32,0.01,3.19,169.8,124.32
2025-12-12T23:20:00Z,-5.99,0,91.23,0,59,158.12,0.11,64.36,101.19,1169.79,0,0,0,0,24.07,0,5.96,0,2.83,5.29,0.01,3.16,142.27,139.83
2025-12-12T23:25:00Z,-43.47,0,141.01,0,59,158.79,0.11,150.38,6.11,1160.04,0,0,0,0,24.03,0,9.14,0,2.83,5.32,0.01,7.39,219.45,138
2025-12-12T23:30:00Z,-25.83,0,160.73,0,61,160.8,0.11,65.61,22.9,1169.67,0,0,0,0,24,0,10.26,0,2.93,5.38,0.01,3.22,202.29,122.05
2025-12-12T23:35:00Z,-6.95,0,96.34,0,58,158.12,0.11,128.33,5,1183.4,0,0,0,0,23.9,0,6.1,0,2.78,5.29,0.01,6.31,172.01,107.17
2025-12-12T23:40:00Z,-4.35,0,121.86,0,60,160.8,0.11,156.05,14.36,1156.37,0,0,0,0,23.8,0,7.67,0,2.88,5.38,0.01,7.67,199.32,143.57
2025-12-12T23:45:00Z,-55.61,0,160.09,0,58,158.12,0.11,155.89,1.34,1153.2,0,0,0,0,23.7,0,9.85,0,2.78,5.29,0.01,7.66,234.32,107.13
2025-12-12T23:50:00Z,-5.26,0,114.92,0,58,158.12,0.11,154.89,6.72,1162.18,0,0,0,0,23.6,0,7.05,0,2.78,5.29,0.01,7.61,192.22,101.44
2025-12-12T23:55:00Z,-4.69,0,88.03,0,61,158.79,0.11,155.63,4.29,1171.18,0,0,0,0,23.5,0,5.3,0,2.93,5.32,0.01,7.65,174.48,83.58
2025-12-13T00:00:00Z,-3.17,0,92.15,0,61,108.45,0.11,156.5,59.69,1166.95,0,0,0,0,23.4,0,5.65,0,2.93,3.63,0.01,7.69,163.94,101.44
2025-12-13T00:05:00Z,-5.43,0,90.61,0,62,66.18,0.11,154.89,113.6,1147.62,0,0,0,0,23.3,0,5.58,0,2.98,2.22,0.01,7.61,152.36,124
2025-12-13T00:10:00Z,-1.5,0,87.62,0,59,123.89,0.11,155.54,52.6,1142.09,0,0,0,0,23.2,0,5.31,0,2.83,4.15,0.01,7.64,165.69,101.44
2025-12-13T00:15:00Z,-5.86,0,172.09,0,60,82.95,0.11,153.96,11.28,1143.17,0,0,0,0,23.1,0,10.24,0,2.88,2.78,0.01,7.57,221.18,101.44
2025-12-13T00:20:00Z,-73.91,0,252.48,0,62,78.26,0.11,156.89,17.62,1131.49,0,0,0,0,23,0,14.92,0,2.98,2.62,0.01,7.71,302.51,87.17
2025-12-13T00:25:00Z,-1.46,0,218.99,0,58,60.14,0.11,155.4,0.41,1120.86,0,0,0,0,22.9,0,12.56,0,2.78,2.01,0.01,7.64,255.39,86.74
2025-12-13T00:30:00Z,-1.4,0,234.85,0,62,59.46,0.11,154.99,10.47,1111,0,0,0,0,22.8,0,13.99,0,2.98,1.99,0.01,7.62,274.52,84.97
2025-12-13T00:35:00Z,-16.57,0,246.51,0,62,59.46,0.11,157.24,4.66,1104.47,0,0,0,0,22.78,0,14.71,0,2.98,1.99,0.01,7.73,292.37,101.44
2025-12-13T00:40:00Z,-17.56,0,300.38,0,63,84.97,0.11,64.97,21.22,1097.75,0,0,0,0,22.77,0,17.83,0,3.02,2.85,0.01,3.19,318.25,129.54
2025-12-13T00:45:00Z,-36.99,0,260.94,0,62,141.34,0.11,66.22,5.42,1127.91,0,0,0,0,22.75,0,15.62,0,2.98,4.73,0.01,3.25,288.77,106.57
2025-12-13T00:50:00Z,-47.48,0,197.51,0,58,157.45,0.11,64.58,13.52,1157.42,0,0,0,0,22.73,0,11.86,0,2.78,5.27,0.01,3.17,229.74,99.34
2025-12-13T00:55:00Z,-32.08,0,251.07,0,56,99.06,0.11,63.54,0.04,1171.01,0,0,0,0,22.72,0,14.86,0,2.69,3.32,0.01,3.12,260.19,85.14
2025-12-13T01:00:00Z,-39.72,0,314.58,0,57,60.14,0.11,65.05,1.85,1157.07,0,0,0,0,22.7,0,18.47,0,2.74,2.01,0.01,3.2,321.23,88.26
2025-12-13T01:05:00Z,-21.4,0,261.14,0,60,60.14,0.11,64.85,0.66,1178.29,0,0,0,0,22.65,0,15.79,0,2.88,2.01,0.01,3.19,264.97,84.51
2025-12-13T01:10:00Z,-1.32,0,230.41,0,37,60.81,0.11,64.84,0.6,1214.93,0,0,0,0,22.6,0,13.67,0,1.78,2.04,0.01,3.19,216.37,84.57
2025-12-13T01:15:00Z,-1.35,0,232.83,0,0,60.81,0.11,63.54,2.8,1248.2,0,0,0,0,22.55,0,13.84,0,0,2.04,0.01,3.12,199.84,85.24
2025-12-13T01:20:00Z,-65.04,0,232.4,0,0,60.14,0.11,65.22,5.13,1286.33,0,0,0,0,22.5,0,13.76,0,0,2.01,0.01,3.21,203.53,73.62
2025-12-13T01:25:00Z,-2.64,0,147.15,0,0,60.81,0.11,64.09,8.19,1295.21,0,0,0,0,22.45,0,8.88,0,0,2.04,0.01,3.15,132.05,74.02
2025-12-13T01:30:00Z,-64.6,0,176.1,0,0,59.46,0.11,64.74,13.98,1305.62,0,0,0,0,22.4,0,10.62,0,0,1.99,0.01,3.18,157.6,69.8
2025-12-13T01:35:00Z,-2.77,0,123.26,0,0,60.14,0.11,64.48,6.37,1299.77,0,0,0,0,22.4,0,7.51,0,0,2.01,0.01,3.17,116.76,83.66
2025-12-13T01:40:00Z,-83.4,0,252.59,0,0,60.14,0.11,62.78,0,1277.1,0,0,0,0,22.4,0,14.82,0,0,2.01,0.01,3.09,224.75,83.34
2025-12-13T01:45:00Z,-4.02,0,155.16,0,0,60.14,0.11,64.71,0.53,1266.95,0,0,0,0,22.4,0,9.58,0,0,2.01,0.01,3.18,143.86,71.05
2025-12-13T01:50:00Z,-0.89,0,169.48,0,0,59.46,0.11,65.68,1.96,1248.55,0,0,0,0,22.4,0,10.43,0,0,1.99,0.01,3.23,155.89,70.12
2025-12-13T01:55:00Z,-0.15,0,167.38,0,0,60.14,0.11,66.15,6.09,1253.97,0,0,0,0,22.4,0,10.18,0,0,2.01,0.01,3.25,152.14,73.19
2025-12-13T02:00:00Z,-0.59,0,144.83,0,0,60.14,0.11,63.92,0.44,1256.39,0,0,0,0,22.4,0,8.79,0,0,2.01,0.01,3.14,135.51,84.73
2025-12-13T02:05:00Z,-105.7,0,244.09,0,0,60.14,0.11,66.13,9.19,1239.26,0,0,0,0,22.4,0,14.68,0,0,2.01,0.01,3.25,233.59,68.64
2025-12-13T02:10:00Z,-0.49,0,167.76,0,0,60.14,0.11,65.17,1.05,1225.55,0,0,0,0,22.4,0,10.15,0,0,2.01,0.01,3.2,155.83,85.12
2025-12-13T02:15:00Z,-108.37,0,269.15,0,0,60.14,0.11,64.36,0.59,1228.64,0,0,0,0,22.4,0,16.22,0,0,2.01,0.01,3.16,263.07,74.82
2025-12-13T02:20:00Z,-112.17,0,247.39,0,0,60.81,0.11,65.32,0.05,1238.76,0,0,0,0,22.4,0,14.86,0,0,2.04,0.01,3.21,240.08,73.86
2025-12-13T02:25:00Z,-112.95,0,259.39,0,0,59.46,0.11,65.11,0.66,1238.44,0,0,0,0,22.4,0,15.72,0,0,1.99,0.01,3.2,253.21,73.98
2025-12-13T02:30:00Z,-111.12,0,250.24,0,0,60.14,0.11,65.66,0.95,1226.48,0,0,0,0,22.4,0,15.21,0,0,2.01,0.01,3.23,247.42,78.42
2025-12-13T02:35:00Z,-45.99,0,152.94,0,0,60.81,0.11,64.47,0.22,1235.77,0,0,0,0,22.31,0,9.32,0,0,2.04,0.01,3.17,150.05,84.2
2025-12-13T02:40:00Z,-112.67,0,218.25,0,0,60.81,0.11,65.57,0.66,1237.37,0,0,0,0,22.22,0,13.39,0,0,2.04,0.01,3.22,216.61,81.61
2025-12-13T02:45:00Z,-10.99,0,97.24,0,0,60.14,0.11,66.39,5.46,1246.73,0,0,0,0,22.12,0,5.99,0,0,2.01,0.01,3.26,106.44,81.61
2025-12-13T02:50:00Z,-17.5,0,125.77,0,0,60.14,0.11,65.32,3.18,1236.2,0,0,0,0,22.03,0,7.73,0,0,2.01,0.01,3.21,127.3,82.01
2025-12-13T02:55:00Z,-6.54,0,133.18,0,0,60.81,0.11,63.69,0.02,1203.66,0,0,0,0,21.94,0,8.21,0,0,2.04,0.01,3.13,135.1,81.93
2025-12-13T03:00:00Z,-5.99,0,83.76,0,0,60.14,0.11,64.33,0.08,1247,0,0,0,0,21.85,0,5.26,0,0,2.01,0.01,3.16,97.71,81.06
2025-12-13T03:05:00Z,-1.94,0,68.86,0,0,60.14,0.11,66,13.4,1249.9,0,0,0,0,21.64,0,4.36,0,0,2.01,0.01,3.24,87.53,81.24
2025-12-13T03:10:00Z,-5.56,0,40.07,0,0,60.14,0.11,64.56,12.02,1278.01,0,0,0,0,21.43,0,2.5,0,0,2.01,0.01,3.17,67.44,80.54
2025-12-13T03:15:00Z,-5.4,0,42.68,0,0,60.14,0.11,64.45,0.8,1279.12,0,0,0,0,21.23,0,2.67,0,0,2.01,0.01,3.17,69.52,79.56
2025-12-13T03:20:00Z,-6.14,0,92.28,0,0,60.14,0.11,64.79,2.06,1239.95,0,0,0,0,21.02,0,5.95,0,0,2.01,0.01,3.18,105.52,81.25
2025-12-13T03:25:00Z,-10.63,0,77.19,0,0,60.14,0.11,64.65,0,1233.8,0,0,0,0,20.81,0,4.9,0,0,2.01,0.01,3.18,95.39,80.68
2025-12-13T03:30:00Z,-4.24,0,69.3,0,0,60.14,0.11,65.09,0.41,1227.61,0,0,0,0,20.6,0,4.46,0,0,2.01,0.01,3.2,90.73,80.68
2025-12-13T03:35:00Z,-2.26,0,95.62,0,0,60.81,0.11,66,6.79,1199.48,0,0,0,0,20.55,0,6.21,0,0,2.04,0.01,3.24,111.69,81.44
2025-12-13T03:40:00Z,-5.99,0,99.13,0,0,60.81,0.11,64,1.43,1189.81,0,0,0,0,20.5,0,6.21,0,0,2.04,0.01,3.15,112.9,80.98
2025-12-13T03:45:00Z,-5.86,0,67.9,0,0,60.14,0.11,65.93,28.52,1192.95,0,0,0,0,20.45,0,4.29,0,0,2.01,0.01,3.24,89.96,80.99
2025-12-13T03:50:00Z,-4.24,0,91.85,0,0,60.81,0.11,65.26,14.87,1186.97,0,0,0,0,20.4,0,5.77,0,0,2.04,0.01,3.21,107.31,82.13
2025-12-13T03:55:00Z,-5.34,0,93.69,0,0,60.14,0.11,64.3,13.34,1172.15,0,0,0,0,20.35,0,5.91,0,0,2.01,0.01,3.16,109.92,84.96
2025-12-13T04:00:00Z,-5.66,0,108.86,0,0,60.14,0.11,64.58,0.32,1170.56,0,0,0,0,20.3,0,6.84,0,0,2.01,0.01,3.17,122.22,81.39
2025-12-13T04:05:00Z,-6.27,0,74.67,0,0,60.14,0.11,63.78,0.47,1207.37,0,0,0,0,20.28,0,4.67,0,0,2.01,0.01,3.13,94.24,80.25
2025-12-13T04:10:00Z,0,-22.08,0,0,0,60.14,0.11,81.79,16.54,1258.97,0,0,0,0,20.25,0.09,0,0,0,2.01,0.01,4.02,51.13,82.5
2025-12-13T04:15:00Z,-3.65,-10.85,0,0,0,60.14,0.11,79.97,2.51,1259.82,0,0,0,0,20.22,0.05,0,0,0,2.01,0.01,3.93,51.04,79.08
2025-12-13T04:20:00Z,-6.6,-43.74,0,0,0,60.14,0.11,80.81,6.14,1292.32,0,0,0,0,20.2,0.18,0,0,0,2.01,0.01,3.97,50.18,77.95
2025-12-13T04:25:00Z,-0.82,-86.9,0,0,0,60.14,0.11,80.13,2.12,1336.12,0,0,0,0,20.17,0.35,0,0,0,2.01,0.01,3.94,48.38,77.6
2025-12-13T04:30:00Z,-3.21,-118.96,0,0,0,60.14,0.11,77.76,0.04,1373.54,0,0,0,0,20.15,0.46,0,0,0,2.01,0.01,3.82,46.48,75.51
2025-12-13T04:35:00Z,-0.13,-86.24,0,0,0,60.81,0.11,79.87,0.78,1343.46,0,0,0,0,20.02,0.35,0,0,0,2.04,0.01,3.92,48.23,73.93
2025-12-13T04:40:00Z,-0.11,-67.47,0,0,0,60.14,0.11,80.98,6.22,1319.9,0,0,0,0,19.9,0.28,0,0,0,2.01,0.01,3.98,49.07,77.97
2025-12-13T04:45:00Z,0,-104.97,0,0,0,60.14,0.11,81.57,26.2,1322.05,0,0,0,0,19.77,0.42,0,0,0,2.01,0.01,4.01,48.55,77.96
2025-12-13T04:50:00Z,0,-101.8,0,0,0,60.14,0.11,80.92,23.68,1318,0,0,0,0,19.65,0.41,0,0,0,2.01,0.01,3.98,48.53,101.44
2025-12-13T04:55:00Z,-0.46,-143,0,0,0,107.78,0.11,79.36,22.02,1323.25,0,0,0,0,19.52,0.7,0,0,0,3.61,0.01,3.9,58.87,91.6
2025-12-13T05:00:00Z,-5.13,-160.25,0,0,0,58.79,0.11,79.26,116.12,1293.15,0,0,0,0,19.4,0.61,0,0,0,1.97,0.01,3.9,45.69,92.6
2025-12-13T05:05:00Z,-0.76,-158.29,0,0,0,59.46,0.11,79.26,114.35,1297.88,0,0.02,0,0,19.33,0.6,0,0,0,1.99,0.01,3.9,45.62,87.29
2025-12-13T05:10:00Z,-1.07,-109.18,0,0,0,59.46,0.11,81.32,14.9,1345.76,0,0.04,0,0,19.27,0.44,0,0,0,1.99,0.01,4,47.94,89.23
2025-12-13T05:15:00Z,0,-186.38,0,0,0,60.14,0.11,80.35,124.93,1318.18,0,0.06,0,0,19.2,0.7,0,0,0,2.01,0.01,3.95,45.23,86.27
2025-12-13T05:20:00Z,-3.77,-184.46,0,0,0,60.14,0.11,78.28,115.99,1329.22,0,0.09,0,0,19.13,0.68,0,0,0,2.01,0.01,3.85,44.57,78.94
2025-12-13T05:25:00Z,-3.76,-166.89,0,0,0,59.46,0.11,79.67,7.77,1420.33,0,0.11,0,0,19.07,0.63,0,0,0,1.99,0.01,3.92,45.39,76.05
2025-12-13T05:30:00Z,-1.32,-135.81,0,0,0,60.14,0.11,78.84,23.34,1376.38,0,0.13,0,0,19,0.73,0,0,0,2.01,0.01,3.87,44.18,76.84
2025-12-13T05:35:00Z,-0.13,-108.38,0,0,0,60.14,0.11,81.44,32.56,1328.31,0,2.91,0,0,18.87,0.43,0,0,0,2.01,0.01,4,48.01,82.27
2025-12-13T05:40:00Z,0,-58.42,0,0,0,59.46,0.11,80.63,42.07,1259.66,0.05,5.68,0,0,18.73,0.24,0,0,0,1.99,0.01,3.96,49.4,86.64
2025-12-13T05:45:00Z,-1.66,-67.02,0,0,0,60.14,0.11,79.42,19.14,1288.81,0.49,8.46,0,0,18.6,0.27,0,0,0,2.01,0.01,3.9,48.84,77.79
2025-12-13T05:50:00Z,-1.36,-53.91,0,0,0,60.14,0.11,80.67,7.64,1280.46,2.23,11.23,0,0,18.47,0.23,0,0,0,2.01,0.01,3.96,49.82,78.04
2025-12-13T05:55:00Z,-4.56,-51.35,0,0,0,60.14,0.11,79.96,22.96,1257.48,3.74,14.01,0,0,18.33,0.21,0,0,0,2.01,0.01,3.93,49.78,101.44
2025-12-13T06:00:00Z,-10.62,-73.9,0,0,0,101.74,0.11,80.11,6.86,1236.05,5.73,16.79,0,0,18.2,0.38,0,0,0,3.41,0.01,3.94,61.38,92.81
2025-12-13T06:05:00Z,-1.88,-35.91,0,0,0,58.12,0.11,79.5,14.88,1223.15,9.22,32.82,0,0,18.37,0.15,0,0,0,1.95,0.01,3.91,49.63,101.44
2025-12-13T06:10:00Z,-91.39,0,22.09,0,0,110.47,0.11,78.78,0.14,1200.01,11.46,48.86,0,0,18.53,0,1.47,0,0,3.7,0.01,3.87,81.28,92.32
2025-12-13T06:15:00Z,-83.8,0,21.81,0,0,60.81,0.11,80.08,9.9,1209.6,18.43,64.89,0,0,18.7,0,1.5,0,0,2.04,0.01,3.94,67.02,101.44
2025-12-13T06:20:00Z,-5.07,-91,0,0,0,91.01,0.11,79.21,2.06,1205.18,28,80.93,0,0,18.87,0.45,0,0,0,3.05,0.01,3.89,56.07,110.77
2025-12-13T06:25:00Z,-5.85,-168.58,0,0,0,142.01,0.11,77.94,0.07,1206.41,39.57,96.96,0,0,19.03,0.99,0,0,0,4.75,0.01,3.83,65.71,101.44
2025-12-13T06:30:00Z,-0.7,-190.96,0,0,0,100.4,0.11,80.9,9.86,1212.44,54.66,113,0,0,19.2,0.96,0,0,0,3.36,0.01,3.98,55.51,90.52
2025-12-13T06:35:00Z,0,-180.26,0,0,0,61.48,0.11,81.48,15.92,1221.23,67.58,134.58,0,0,19.35,0.76,0,0,0,2.06,0.01,4,45.48,108.33
2025-12-13T06:40:00Z,-3.7,-254.38,0,0,0,118.52,0.11,80.2,6.47,1250.23,78.37,156.16,0,0,19.5,1.31,0,0,0,3.97,0.01,3.94,55.34,96.61
2025-12-13T06:45:00Z,0,-233.72,0,0,0,68.86,0.11,81.48,27.21,1229.72,87.57,177.74,0,0,19.65,0.99,0,0,0,2.31,0.01,4,44.44,115.64
2025-12-13T06:50:00Z,0,-309.79,0,0,0,115.84,0.11,79.84,26.87,1233.92,117.31,199.32,0,0,19.8,1.54,0,0,0,3.88,0.01,3.92,51.43,122.63
2025-12-13T06:55:00Z,-10.01,-303.71,0,0,0,158.79,0.11,79.1,2.35,1218.21,115.24,220.9,0,0,19.95,1.78,0,0,0,5.32,0.01,3.89,60.23,124
2025-12-13T07:00:00Z,0,-459.29,0,-0.1,0,161.47,0.11,81.39,115.76,1242.53,105.39,242.48,0,0,20.1,2.53,0,0,0,5.41,0.01,4,55.42,124
2025-12-13T07:05:00Z,0,-434.66,0,-0.1,0,162.81,0.11,81.79,76.59,1246.68,112.65,266.27,0,0,20.2,2.45,0,0,0,5.45,0.01,4.02,55.76,101.44
2025-12-13T07:10:00Z,-2.34,-444.24,0,0,0,158.12,0.11,79.58,36.02,1246.07,107.32,290.06,0,0,20.3,2.51,0,0,0,5.29,0.01,3.91,54.64,88.28
2025-12-13T07:15:00Z,-10.63,-361.4,0,0,0,99.06,0.11,78.57,3.55,1238.1,110.64,313.85,0,0,20.4,1.7,0,0,0,3.32,0.01,3.86,44.74,73.54
2025-12-13T07:20:00Z,-6.39,-348.52,0,0,0,59.46,0.11,80.84,10.12,1251.13,120.99,337.64,0,0,20.5,1.37,0,0,0,1.99,0.01,3.97,36.7,73.69
2025-12-13T07:25:00Z,-10.71,-410.77,0,0,0,113.82,0.11,79.85,0.13,1241.58,146.17,361.43,0,0,20.6,2.01,0,0,0,3.81,0.01,3.92,45.2,0
2025-12-13T07:30:00Z,-27.01,-467.34,0,-0.1,0,164.83,0.11,73.32,0.29,1244,157.76,385.22,11.26,0,20.7,2.6,0,0,0,5.52,0.01,3.6,51.16,0
2025-12-13T07:35:00Z,-1.74,-518.13,0,-0.1,0,181.61,0.11,76.68,13.71,1176.26,176.16,424.23,26.56,0,20.83,3.14,0,0,0,6.08,0.01,3.77,52.69,0
2025-12-13T07:40:00Z,-3.62,-479.8,0,0,0,159.46,0.11,62.7,21.28,1142,241.93,463.25,20.6,0,20.97,2.48,0,0,0,5.34,0.01,3.08,44.37,0
2025-12-13T07:45:00Z,-1.74,-494.03,0,0,0,160.8,0.11,47.7,11.61,1174.48,227.87,502.26,12.07,0,21.1,2.36,0,0,0,5.38,0.01,2.34,39.63,3.17
2025-12-13T07:50:00Z,-12.68,-551.35,0,0,0,160.13,0.11,79.24,0.15,1180.21,214.43,541.28,3.27,0.03,21.23,3.12,0,0,0,5.36,0.01,3.89,45.7,0
2025-12-13T07:55:00Z,-45.09,-555.54,0,0,0,160.13,0.11,80.03,1.65,1147.28,214.51,580.29,10.39,0.1,21.37,3.22,0,0,0,5.36,0.01,3.93,46.07,-3.68
2025-12-13T08:00:00Z,-12.28,-489.43,0,0,0,160.8,0.11,8.84,0.08,1102.98,225,619.31,33.17,0,21.5,1.9,0,0,0,5.38,0.01,0.43,29.13,-7.03
2025-12-13T08:05:00Z,-11.47,-559.61,0,0,0,160.13,0.11,0,0.95,1064.35,318.65,665.92,0,1.53,21.58,1.95,0,0,0,5.36,0.01,0,25.06,-13.09
2025-12-13T08:10:00Z,-37.88,-520.16,0,0,0,160.13,0.11,0,0.81,1008.5,331.34,712.54,0,51.26,21.67,1.86,0,0,0,5.36,0.01,0,25.43,-3.05
2025-12-13T08:15:00Z,0,-626.08,0,0,0,159.46,0.11,0,18.57,974.23,371.99,759.15,38.19,0,21.75,2.2,0,0,0,5.34,0.01,0,22.81,-2.74
2025-12-13T08:20:00Z,-2.54,-554.81,0,0,0,159.46,0.11,0,0.47,884.8,381.28,805.77,86.96,0,21.83,2.08,0,0,0,5.34,0.01,0,23.41,0.46
2025-12-13T08:25:00Z,-1.72,-584.79,0,0,0,160.13,0.11,0,5.64,882.45,408.64,852.39,41.88,14.91,21.92,2.15,0,0,0,5.36,0.01,0,22.38,-2.44
2025-12-13T08:30:00Z,-24.11,-584.29,0,0,0,160.13,0.11,0,0.61,845.17,412.54,899,52.61,46.85,22,1.55,0,0,0,5.36,0.01,0,26.81,-6.53
2025-12-13T08:35:00Z,-2.98,-556.41,0,0,0,160.13,0.11,0,3.33,822.56,411.84,937.07,76.01,40.39,22.25,2.14,0,0,0,5.36,0.01,0,21.84,15.37
2025-12-13T08:40:00Z,-1.92,-615.02,0,0,0,159.46,0.11,0,1.68,839.57,392.55,975.13,66.59,0,22.5,2.36,0,0,0,5.34,0.01,0,20.46,15.53
2025-12-13T08:45:00Z,-86.03,-586.49,0,0,0,160.13,0.11,0,11.87,838.98,413.94,1013.19,24.8,0,22.75,2.21,0,0,0,5.36,0.01,0,21.47,15.39
2025-12-13T08:50:00Z,-104.9,-595.56,0,0,0,159.46,0.11,0,0.07,848.02,406.09,1051.26,27.7,0,23,2.25,0,0,0,5.34,0.01,0,21.04,-8.5
2025-12-13T08:55:00Z,-8.29,-580.94,0,0,0,160.13,0.11,0,6.18,723.98,441.33,1089.32,146.43,31.86,23.25,2.34,0,0,0,5.36,0.01,0,19.83,-4.96
2025-12-13T09:00:00Z,-1.98,-651.64,0,0,0,160.8,0.11,0,15.71,735.74,434.8,1127.39,191.95,1.02,23.5,2.61,0,0,0,5.38,0.01,0,18.34,-4.33
2025-12-13T09:05:00Z,-14.57,-631.83,0,0,0,160.13,0.11,0,0.11,700.43,413.55,1164.3,114.86,14.25,23.38,2.66,0,0,0,5.36,0.01,0,18.12,-11.01
2025-12-13T09:10:00Z,-55.55,-527.48,0,0,6,142.68,0.11,0,0.92,653.43,398.43,1201.21,85.92,74.85,23.27,2.23,0,0,0.29,4.78,0.01,0,18.76,-12.66
2025-12-13T09:15:00Z,-67.88,-553.26,0,0,8,142.01,0.11,0,0.07,654.55,396.71,1238.13,54.14,113.02,23.15,2.37,0,0,0.38,4.75,0.01,0,18.32,-5.42
2025-12-13T09:20:00Z,-8.31,-657,0,0,11,142.01,0.11,0,0.04,604.9,478.31,1275.04,253.73,8.73,23.03,2.81,0,0,0.53,4.75,0.01,0,16.11,-5
2025-12-13T09:25:00Z,-5.47,-717.73,0,0,15,142.01,0.11,0,0.45,595.6,484.99,1311.96,274.99,2.2,22.92,3.18,0,0,0.72,4.75,0.01,0,15.13,-10.1
2025-12-13T09:30:00Z,-10.79,-652.94,0,0,18,141.34,0.1,0,0.17,555.09,486.3,1348.87,269.22,74.16,22.8,3.05,0,0,0.86,4.73,0.01,0,16.27,-9.5
2025-12-13T09:35:00Z,-2.45,-684.44,0,0,22,142.01,0.11,0,0.14,552.7,482.87,1380.29,241.41,102.37,22.88,3.32,0,0,1.06,4.75,0.01,0,15.84,-8.53
2025-12-13T09:40:00Z,-2.17,-636.8,0,0,25,142.01,0.11,0,0.98,549.15,426.69,1411.71,260.7,141.31,22.97,3.32,0,0,1.2,4.75,0.01,0,16.55,-5.01
2025-12-13T09:45:00Z,-0.03,-711.16,0,0,30,141.34,0.11,0,7.3,551.81,441.79,1443.14,278.08,89.98,23.05,3.74,0,0,1.44,4.73,0.01,0,15.34,-12.53
2025-12-13T09:50:00Z,-2.15,-726.09,0,0,33,141.34,0.11,0,0.95,511.27,491.59,1474.56,246.47,94.45,23.13,3.9,0,0,1.58,4.73,0.01,0,15.13,-15.08
2025-12-13T09:55:00Z,-76.35,-635.33,0,0,39,141.34,0.11,0,17.34,590,388.43,1505.98,123.41,220.23,23.22,3.57,0,0,1.87,4.73,0.01,0,18.51,-5.7
2025-12-13T10:00:00Z,-81.17,-702.97,0,0,39,141.34,0.11,0,0.13,525.23,503.6,1537.4,279.21,61.18,23.3,3.84,0,0,1.87,4.73,0.01,0,16.93,-12.36
2025-12-13T10:05:00Z,-16.31,-694.38,0,0,41,141.34,0.11,0,0,508.9,411.26,1562.84,248.15,154.71,23.57,4.22,0,0,1.97,4.73,0.01,0,15.24,-5
2025-12-13T10:10:00Z,-112.76,-698.52,0,0,40,142.01,0.11,0,0.03,575.47,424.48,1588.27,240.95,99.76,23.83,3.95,0,0,1.92,4.75,0.01,0,16.74,-10.1
2025-12-13T10:15:00Z,-30.32,-655,0,0,40,141.34,0.11,0,0.04,533.1,390.03,1613.7,249.11,190.32,24.1,3.95,0,0,1.92,4.73,0.01,0,16,-7.25
2025-12-13T10:20:00Z,-32.34,-858.59,0,0,40,141.34,0.11,0,0.01,748.36,347.15,1639.13,117.3,188.7,24.37,4.48,0,0,1.92,4.73,0.01,0,12.93,-6.43
2025-12-13T10:25:00Z,-25.09,-842.3,0,0,40,141.34,0.11,0,1.05,622.66,442.84,1664.57,236.82,114.31,24.63,4.49,0,0,1.92,4.73,0.01,0,12.7,-7.01
2025-12-13T10:30:00Z,-25.85,-781.43,0,0,41,141.34,0.11,0,0.01,650.02,325.53,1690,179.35,185.34,24.9,4.53,0,0,1.97,4.73,0.01,0,12.83,-7.01
2025-12-13T10:35:00Z,-38.42,-786.99,0,0,40,142.01,0.11,0,0.01,675.31,318.91,1710.76,169.33,185.95,24.88,4.47,0,0,1.92,4.75,0.01,0,12.87,-7
2025-12-13T10:40:00Z,-29.42,-836.43,0,0,40,105.77,0.11,0,0.49,749.84,330.52,1731.53,120.36,168.61,24.87,3.73,0,0,1.92,3.54,0.01,0,9.98,-2.06
2025-12-13T10:45:00Z,-38.97,-942.09,0,0,40,45.37,0.11,0,0,754.56,357.36,1752.29,83.97,99,24.85,2.71,0,0,1.92,1.52,0.01,0,4.48,-8.5
2025-12-13T10:50:00Z,-19.65,-761.91,0,0,44,42.02,0.11,0,11.36,626.39,368.11,1773.05,211.3,197.34,24.83,2.46,0,0,2.11,1.41,0.01,0,6.14,-7.25
2025-12-13T10:55:00Z,-26.78,-734.13,0,0,42,42.02,0.11,0,6.2,593.84,393.1,1793.82,275.61,185.95,24.82,2.34,0,0,2.02,1.41,0.01,0,6.21,-7.01
2025-12-13T11:00:00Z,-45.35,-783.21,0,0,41,42.02,0.11,0,0.06,647.31,393.91,1814.58,270.86,185.9,24.8,2.36,0,0,1.97,1.41,0.01,0,5.83,-7.01
2025-12-13T11:05:00Z,-89.85,-759.41,0,0,40,42.69,0.11,0,0.02,675.1,388.25,1822.08,295.43,185.82,24.52,2.22,0,0,1.92,1.43,0.01,0,6.41,-7.01
2025-12-13T11:10:00Z,-115.79,-729.79,0,0,40,42.02,0.11,0,0,674.77,390.21,1829.58,306.48,185.9,24.23,2.12,0,0,1.92,1.41,0.01,0,6.83,-7.01
2025-12-13T11:15:00Z,-124.15,-742.47,0,0,40,42.02,0.11,0,0.04,672.67,388.87,1837.08,249.76,185.95,23.95,2.16,0,0,1.92,1.41,0.01,0,6.64,-7.01
2025-12-13T11:20:00Z,-113.31,-778.45,0,0,40,42.69,0.11,0,0.19,683.96,393.72,1844.58,299.52,185.95,23.67,2.25,0,0,1.92,1.43,0.01,0,6.27,-8.5
2025-12-13T11:25:00Z,-108.21,-740.84,0,0,40,42.02,0.11,0,0,645.75,373.92,1852.08,327.28,203.94,23.38,2.24,0,0,1.92,1.41,0.01,0,6.23,-7.01
2025-12-13T11:30:00Z,-207.25,-672.21,0,0,40,42.02,0.11,0,0.03,655.72,392.46,1859.58,306.54,185.95,23.1,1.98,0,0,1.92,1.41,0.01,0,7.68,-8.37
2025-12-13T11:35:00Z,-241.28,-643.12,0,0,40,42.02,0.11,0,0.02,654.58,386.53,1869.23,329.1,185.95,23.33,2.54,0,0,1.92,1.41,0.01,0,4.53,-9.5
2025-12-13T11:40:00Z,-214.8,-655.63,0,0,40,42.69,0.11,0,0.03,657.6,350.27,1878.88,313.2,231.06,23.57,2.02,0,0,1.92,1.43,0.01,0,7.65,-9.5
2025-12-13T11:45:00Z,-186.87,-683.41,0,0,40,42.02,0.11,0,0.38,655.68,345.63,1888.53,322.12,231.17,23.8,2.1,0,0,1.92,1.41,0.01,0,7.03,-8.5
2025-12-13T11:50:00Z,-178.75,-688.08,0,0,41,42.02,0.11,0,1.09,627.65,350.63,1898.18,411.51,217.02,24.03,2.19,0,0,1.97,1.41,0.01,0,6.83,-9.5
2025-12-13T11:55:00Z,-171.58,-673.08,0,0,41,42.69,0.11,0,1.93,638.86,338.41,1907.82,424.6,223.8,24.27,2.16,0,0,1.97,1.43,0.01,0,7.05,-8.5
2025-12-13T12:00:00Z,-178.19,-683.62,0,0,41,42.02,0.11,0,0.02,637.18,341.19,1917.47,477.26,216.27,24.5,2.18,0,0,1.97,1.41,0.01,0,6.82,-8.5
2025-12-13T12:05:00Z,-197.64,-643.56,0,0,40,42.69,0.11,0,0.03,625.21,337.68,1917.97,481.09,217.81,24.42,2.07,0,0,1.92,1.43,0.01,0,7.3,-9.5
2025-12-13T12:10:00Z,-197.08,-655.88,0,0,40,42.69,0.11,0,0,629.36,314.07,1918.46,479.26,245.17,24.33,2.14,0,0,1.92,1.43,0.01,0,6.95,-10.1
2025-12-13T12:15:00Z,-211.75,-643.6,0,0,40,42.69,0.11,0,0.07,651.21,287.68,1918.96,536.11,273.19,24.25,2.11,0,0,1.92,1.43,0.01,0,7.15,-11.66
2025-12-13T12:20:00Z,-220,-587.8,0,0,41,42.02,0.11,0,0.02,608.57,274.51,1919.45,491.05,285.87,24.17,2.06,0,0,1.97,1.41,0.01,0,7.65,-11.66
2025-12-13T12:25:00Z,-239.55,-564.37,0,0,41,42.69,0.11,0,0.03,612.19,271.37,1919.95,510.94,300.74,24.08,1.99,0,0,1.97,1.43,0.01,0,8.17,-8.5
2025-12-13T12:30:00Z,-178.54,-727.22,0,0,43,42.02,0.11,0,3.47,748.26,328.63,1920.45,439.09,328.12,24,2.17,0,0,2.06,1.41,0.01,0,7.2,-7.25
2025-12-13T12:35:00Z,-306.61,-744.04,0,0,40,41.34,0.11,0,0.07,858.3,279.48,1922.4,375.16,290.39,23.93,2.02,0,0,1.92,1.38,0.01,0,7.41,-9.5
2025-12-13T12:40:00Z,-196.29,-680.15,0,0,41,42.69,0.11,0,0,762.64,196.35,1924.36,555.64,369.84,23.87,2.22,0,0,1.97,1.43,0.01,0,6.79,-9.5
2025-12-13T12:45:00Z,-212.01,-660.77,0,0,42,42.02,0.11,0,1.88,748.7,196.46,1926.32,519.73,364.01,23.8,2.2,0,0,2.02,1.41,0.01,0,7.09,-15.08
2025-12-13T12:50:00Z,-124.08,-667.09,0,0,39,42.69,0.11,0,0,728.59,149.76,1928.28,617.18,431.84,23.73,2.3,0,0,1.87,1.43,0.01,0,5.78,-9.5
2025-12-13T12:55:00Z,-247.14,-595.83,0,0,40,42.02,0.11,0,0,773.03,197,1930.24,590.27,357.25,23.67,1.89,0,0,1.92,1.41,0.01,0,8.11,-13.53
2025-12-13T13:00:00Z,-147.57,-613.78,0,0,40,42.69,0.11,0,0,727.31,160.61,1932.2,645.51,420.69,23.6,2.12,0,0,1.92,1.43,0.01,0,6.91,-11.66
2025-12-13T13:05:00Z,-182.99,-605.84,0,0,43,42.02,0.11,0,2.95,734.85,160.04,1930.86,605.27,413.2,23.58,2.14,0,0,2.06,1.41,0.01,0,7.53,-10.1
2025-12-13T13:10:00Z,-223.63,-635.05,0,0,41,42.02,0.11,0,0.7,784.74,171.57,1929.51,531.41,389.24,23.57,2.06,0,0,1.97,1.41,0.01,0,7.48,-9.6
2025-12-13T13:15:00Z,-176.12,-650.55,0,0,44,42.02,0.11,0,2.54,756.7,163.28,1928.17,611.94,389.8,23.55,2.27,0,0,2.11,1.41,0.01,0,7.12,-8.5
2025-12-13T13:20:00Z,-196.61,-715.7,0,0,43,42.02,0.11,0,2.13,790.99,211.25,1926.83,574.61,340.53,23.53,2.28,0,0,2.06,1.41,0.01,0,6.8,-15.08
2025-12-13T13:25:00Z,-206.39,-612.4,0,0,42,42.02,0.11,0,1.6,750.29,149.68,1925.48,646.06,436.1,23.52,2.13,0,0,2.02,1.41,0.01,0,7.45,-15.08
2025-12-13T13:30:00Z,-287.62,-529.39,0,0,41,42.69,0.11,0,0,769.48,129.75,1924.14,634.02,450.56,23.5,1.83,0,0,1.97,1.43,0.01,0,9.02,-19.88
2025-12-13T13:35:00Z,-305.01,-492.67,0,0,43,42.02,0.11,0,0.22,756.46,126.67,1917.39,609.72,451.93,23.48,1.77,0,0,2.06,1.41,0.01,0,9.82,-19.5
2025-12-13T13:40:00Z,-350.85,-502.62,0,0,44,42.02,0.11,0,0.52,769.62,171.11,1910.65,579.58,398.05,23.47,1.72,0,0,2.11,1.41,0.01,0,10.36,-15.08
2025-12-13T13:45:00Z,-266.14,-492.88,0,0,42,41.34,0.11,0,0.11,756.16,135.57,1903.9,596.54,452.08,23.45,1.72,0,0,2.02,1.38,0.01,0,9.54,-9.5
2025-12-13T13:50:00Z,-240.5,-508.72,0,0,40,42.02,0.11,0,0,794.71,120.98,1897.15,583.56,483.27,23.43,1.7,0,0,1.92,1.41,0.01,0,9.14,-10.1
2025-12-13T13:55:00Z,-225.11,-504.98,0,0,40,42.02,0.11,0,0,793.5,53.44,1890.4,591.56,505.13,23.42,1.81,0,0,1.92,1.41,0.01,0,8.74,-15.08
2025-12-13T14:00:00Z,-242.7,-459.52,0,0,41,42.02,0.11,0,1.21,803.59,21.57,1883.66,598.3,558.14,23.4,1.71,0,0,1.97,1.41,0.01,0,9.6,-15.08
2025-12-13T14:05:00Z,-322.84,-407.06,0,0,40,42.02,0.11,0,0,811.24,18.55,1876.64,641.9,560.3,23.33,1.49,0,0,1.92,1.41,0.01,0,10.76,-9.5
2025-12-13T14:10:00Z,-394.33,-411.26,0,0,40,42.69,0.11,0,0,866.35,48.68,1869.63,610.53,500.07,23.27,1.38,0,0,1.92,1.43,0.01,0,11.48,-15.08
2025-12-13T14:15:00Z,-313.94,-453.9,0,0,42,42.02,0.11,0,0,858.34,19.34,1862.61,580.55,555.14,23.2,1.62,0,0,2.02,1.41,0.01,0,10.57,-15.08
2025-12-13T14:20:00Z,-342.04,-382.54,0,0,41,42.69,0.11,0,0,846.43,18.32,1855.59,641.24,560.38,23.13,1.37,0,0,1.97,1.43,0.01,0,11.72,-15.08
2025-12-13T14:25:00Z,-347.8,-378.77,0,0,40,42.02,0.11,0,0,817.02,37.87,1848.58,613.77,534.9,23.07,1.35,0,0,1.92,1.41,0.01,0,11.57,-9.5
2025-12-13T14:30:00Z,-335.22,-445.61,0,0,41,42.69,0.11,0,0.4,847.75,64.96,1841.56,591.62,485.96,23,1.52,0,0,1.97,1.43,0.01,0,10.98,-11.66
2025-12-13T14:35:00Z,-285.19,-431.11,0,0,41,42.02,0.11,0,1.3,821.16,47.87,1828.77,559.66,532.91,23.03,1.53,0,0,1.97,1.41,0.01,0,10.76,-9.5
2025-12-13T14:40:00Z,-298.47,-437.24,0,0,40,42.02,0.11,0,0,830.74,73.62,1815.97,621.62,474.74,23.07,1.38,0,0,1.92,1.41,0.01,0,11.33,-9.5
2025-12-13T14:45:00Z,-252.32,-466.77,0,0,43,42.02,0.11,0,0,805.05,70.84,1803.18,612.97,487.09,23.1,1.69,0,0,2.06,1.41,0.01,0,10.49,-8.5
2025-12-13T14:50:00Z,-240.12,-495.87,0,0,45,42.02,0.11,0,0.45,812.1,103.57,1790.38,641.84,446.79,23.13,1.77,0,0,2.16,1.41,0.01,0,10.54,-9.83
2025-12-13T14:55:00Z,-186.23,-460.68,0,0,41,42.02,0.11,0,0,783.94,61.35,1777.59,666.6,497.98,23.17,1.68,0,0,1.97,1.41,0.01,0,9.93,-8.5
2025-12-13T15:00:00Z,-291.98,-501.34,0,0,42,42.02,0.11,0,1.68,876.68,117.52,1764.79,575.39,427.12,23.2,1.59,0,0,2.02,1.41,0.01,0,10.74,-8.5
2025-12-13T15:05:00Z,-339.47,-417.32,0,0,41,42.02,0.11,0,0.01,852.83,123.71,1748.88,660.41,424.14,23.1,1.33,0,0,1.97,1.41,0.01,0,11.99,-8.5
2025-12-13T15:10:00Z,-287.34,-448.33,0,0,43,42.02,0.11,0,2.72,837.65,125.02,1732.97,663.51,427.61,23,1.49,0,0,2.06,1.41,0.01,0,11.67,-8.35
2025-12-13T15:15:00Z,-346.19,-465.34,0,0,40,42.02,0.11,0,0.01,918.91,143.15,1717.05,571.48,401.94,22.9,1.36,0,0,1.92,1.41,0.01,0,11.58,-8.5
2025-12-13T15:20:00Z,-311.62,-518.17,0,0,42,42.02,0.1,0,2.2,932.56,140.25,1701.14,569.37,403.07,22.8,1.53,0,0,2.02,1.41,0.01,0,11.2,-8.5
2025-12-13T15:25:00Z,-318.59,-449.57,0,0,40,42.02,0.11,0,0,910.07,132.33,1685.23,568.46,410.35,22.7,1.33,0,0,1.92,1.41,0.01,0,11.76,-8.5
2025-12-13T15:30:00Z,-299.89,-465.93,0,0,40,42.69,0.11,0,0,920.28,135.51,1669.32,572.21,406.38,22.6,1.37,0,0,1.92,1.43,0.01,0,11.65,-8.5
2025-12-13T15:35:00Z,-330.31,-415.77,0,0,40,42.02,0.11,0,1.07,921.16,140.89,1647.94,496.27,400.35,22.58,1.21,0,0,1.92,1.41,0.01,0,12.44,-8.5
2025-12-13T15:40:00Z,-282.41,-430.3,0,0,40,42.69,0.11,0,0,901.01,132.85,1626.57,524.51,402.52,22.57,1.29,0,0,1.92,1.43,0.01,0,12.19,-8.5
2025-12-13T15:45:00Z,-277.73,-382.51,0,0,40,42.02,0.11,0,0,884.18,130.77,1605.2,591.79,401.16,22.55,1.16,0,0,1.92,1.41,0.01,0,12.76,-8.5
2025-12-13T15:50:00Z,-167.68,-409.82,0,0,40,42.02,0.11,0,0,838.6,116.21,1583.83,578.26,412.6,22.53,1.32,0,0,1.92,1.41,0.01,0,11.84,-8.5
2025-12-13T15:55:00Z,-232.41,-430.37,0,0,43,41.34,0.11,0,1.8,924.9,137.71,1562.46,475.05,392.26,22.52,1.29,0,0,2.06,1.38,0.01,0,12.66,-8.5
2025-12-13T16:00:00Z,-225.21,-430.85,0,0,39,42.02,0.11,0,0.1,944,134.34,1541.09,493.35,393.49,22.5,1.22,0,0,1.87,1.41,0.01,0,12.12,-7.01
2025-12-13T16:05:00Z,-288.83,-370.63,0,0,40,42.02,0.11,0,0,939.83,135.69,1513,437.87,388.25,22.52,1.07,0,0,1.92,1.41,0.01,0,13.52,-8.5
2025-12-13T16:10:00Z,-192.01,-410.9,0,0,40,42.02,0.11,0,0.02,842.51,106.19,1484.91,499.88,301.25,22.53,1.33,0,0,1.92,1.41,0.01,0,12.57,-8.5
2025-12-13T16:15:00Z,-184.59,-471.3,0,0,40,42.02,0.11,0,0.37,905.81,219.68,1456.82,621.92,291.37,22.55,1.3,0,0,1.92,1.41,0.01,0,12.14,-8.5
2025-12-13T16:20:00Z,-255.08,-439.57,0,0,41,42.02,0.11,0,2.77,958.37,233.86,1428.73,514.61,270.03,22.57,1.16,0,0,1.97,1.41,0.01,0,13.22,-7.25
2025-12-13T16:25:00Z,-232.41,-518.86,0,0,42,42.02,0.11,0,8.59,1038.75,242.12,1400.64,475.64,270.65,22.58,1.3,0,0,2.02,1.41,0.01,0,12.64,-7.25
2025-12-13T16:30:00Z,-248.37,-496.29,0,0,40,42.02,0.11,0,0,1065.23,240.53,1372.55,460.07,265.94,22.6,1.19,0,0,1.92,1.41,0.01,0,12.75,-7.01
2025-12-13T16:35:00Z,-250.19,-537.53,0,0,40,42.02,0.11,0,0,1133.22,238.2,1335.44,408.29,263.21,22.52,1.23,0,0,1.92,1.41,0.01,0,12.59,-7.25
2025-12-13T16:40:00Z,-236.27,-490.64,0,0,40,42.02,0.11,0,0,1094.03,237.14,1298.33,510.21,259.52,22.43,1.16,0,0,1.92,1.41,0.01,0,13.16,-8.5
2025-12-13T16:45:00Z,-171.34,-441.3,0,0,40,42.02,0.11,0,0.01,1006,225.56,1261.21,613.19,256.3,22.35,1.12,0,0,1.92,1.41,0.01,0,13.54,-8.5
2025-12-13T16:50:00Z,-124.47,-434.04,0,-0.1,40,42.02,0.11,0,0,1018.33,218.82,1224.1,638.1,253.74,22.27,1.1,0,0,1.92,1.41,0.01,0,13.52,-9.12
2025-12-13T16:55:00Z,-41.51,-423.11,0,-0.1,40,41.34,0.11,0,0.03,979.14,195.69,1186.98,710.83,267.13,22.18,1.11,0,0,1.92,1.38,0.01,0,13.32,-8.5
2025-12-13T17:00:00Z,-65.24,-452.8,0,0,43,42.02,0.11,0,9.34,1026.27,205.63,1149.87,697.02,252.18,22.1,1.19,0,0,2.06,1.41,0.01,0,14.03,-8.5
2025-12-13T17:05:00Z,-39.52,-429.16,0,0,41,42.02,0.11,0,0.01,1028.72,202.81,1114.76,724.91,247.29,22.08,1.1,0,0,1.97,1.41,0.01,0,13.94,-15.08
2025-12-13T17:10:00Z,-22.93,-423.45,0,0,42,42.02,0.11,0,15.55,967.68,151.33,1079.65,697.32,214.15,22.07,1.19,0,0,2.02,1.41,0.01,0,14.49,-9.5
2025-12-13T17:15:00Z,-12.38,-437.44,0,0,41,42.02,0.11,0,5.29,998.71,277.02,1044.55,711.55,160.43,22.05,1.08,0,0,1.97,1.41,0.01,0,14.07,-8.5
2025-12-13T17:20:00Z,-20.6,-441.9,0,0,41,42.02,0.11,0,2,1005.82,305.54,1009.44,679.95,123.11,22.03,1.07,0,0,1.97,1.41,0.01,0,14.27,-8.5
2025-12-13T17:25:00Z,-7.25,-437.34,0,0,44,42.02,0.1,0,16.46,998.85,315.11,974.33,643.39,123.6,22.02,1.09,0,0,2.11,1.41,0.01,0,15.02,-8.5
2025-12-13T17:30:00Z,-14.14,-416.99,0,0,40,42.02,0.11,0,0.02,1018.99,322.62,939.22,592.4,113.85,22,0.98,0,0,1.92,1.41,0.01,0,14.64,-7.25
2025-12-13T17:35:00Z,-13.03,-408.4,0,0,40,42.02,0.11,0,1.71,1043.19,320.79,900.25,565.64,109.25,21.93,0.94,0,0,1.92,1.41,0.01,0,14.9,-7.01
2025-12-13T17:40:00Z,-73.22,-381.4,0,0,41,42.69,0.11,0,1.15,1061.41,359.04,861.28,501.24,66.04,21.87,0.86,0,0,1.97,1.43,0.01,0,15.95,-7.25
2025-12-13T17:45:00Z,-9.67,-390.97,0,0,41,42.02,0.11,0,1.29,1050.79,350.57,822.31,510.03,65.14,21.8,1.06,0,0,1.97,1.41,0.01,0,14.59,-7
2025-12-13T17:50:00Z,-105.89,-416.15,0,0,44,42.69,0.11,0,9.89,1189.36,355.27,783.34,378.93,48.29,21.73,0.9,0,0,2.11,1.43,0.01,0,16.7,-7
2025-12-13T17:55:00Z,-21.08,-440.71,0,0,40,41.34,0.11,0,0.23,1209.43,328.61,744.37,382.25,60.48,21.67,0.9,0,0,1.92,1.38,0.01,0,15.2,-7
2025-12-13T18:00:00Z,-21.11,-419.22,0,0,41,42.02,0.11,0,1.53,1226.4,324.78,705.4,341.99,45.88,21.6,0.87,0,0,1.97,1.41,0.01,0,15.87,-7
2025-12-13T18:05:00Z,-1.77,-462.38,0,0,43,42.02,0.11,0,8.26,1262.47,321.78,664.45,332.6,31,21.53,0.96,0,0,2.06,1.41,0.01,0,16.1,-7.01
2025-12-13T18:10:00Z,-22.01,-353.16,0,0,42,58.79,0.11,0,18.04,1233.12,281.89,623.5,193.75,55.66,21.47,0.86,0,0,2.02,1.97,0.01,0,19.94,-7
2025-12-13T18:15:00Z,-3.42,-498.04,0,0,41,58.79,0.11,0,14.63,1374.45,284.42,582.55,92.16,24.14,21.4,1.11,0,0,1.97,1.97,0.01,0,18.35,-7
2025-12-13T18:20:00Z,-8.89,-475.3,0,0,42,58.12,0.11,0,18.58,1407.15,277.09,541.6,75.2,12.56,21.33,1.05,0,0,2.02,1.95,0.01,0,18.85,11.76
2025-12-13T18:25:00Z,-7.17,-534.84,0,0,42,58.12,0.11,0,34.48,1514.05,247.44,500.65,0,0,21.27,1.12,0,0,2.02,1.95,0.01,0,18.43,66.06
2025-12-13T18:30:00Z,-1.05,-575.54,0,0,42,58.79,0.1,0,93.62,1521.75,211.38,459.7,0,0,21.2,1.19,0,0,2.02,1.97,0.01,0,18.55,70.18
2025-12-13T18:35:00Z,0,-521.46,0,0,41,58.79,0.11,0,77.68,1492.82,188.9,422.97,0,0,21.07,1.11,0,0,1.97,1.97,0.01,0,19.33,69.31
2025-12-13T18:40:00Z,0,-483.76,0,-0.1,42,58.12,0.11,0,92.88,1484.57,176.89,386.23,0,0,20.93,1.04,0,0,2.02,1.95,0.01,0,20.03,74.68
2025-12-13T18:45:00Z,-1.07,-432.24,0,-0.1,40,58.79,0.11,0,75.96,1474.08,158.55,349.5,0,0,20.8,0.93,0,0,1.92,1.97,0.01,0,20.63,74.36
2025-12-13T18:50:00Z,0,-469,0,-0.1,43,58.12,0.11,0,128.52,1507.19,136.41,312.77,0,0,20.67,1.01,0,0,2.06,1.95,0.01,0,21.04,83.73
2025-12-13T18:55:00Z,-0.44,-408.93,0,-0.1,40,58.79,0.11,0,94.51,1502.24,125.09,276.03,0,0,20.53,0.87,0,0,1.92,1.97,0.01,0,21.48,92.59
2025-12-13T19:00:00Z,-0.79,-400.14,0,0,40,88.99,0.11,0,74.67,1490.85,107.84,239.3,0,0,20.4,1.09,0,0,1.92,2.98,0.01,0,27.91,91.77
2025-12-13T19:05:00Z,-1.1,-323.17,0,0,40,89.66,0.11,0,74.02,1454.3,91.16,214.34,0,0,20.18,0.91,0,0,1.92,3,0.01,0,29.41,70.06
2025-12-13T19:10:00Z,-0.02,-473.22,0,0,40,60.14,0.11,0,313.52,1435.92,73.26,189.39,0,0,19.97,0.97,0,0,1.92,2.01,0.01,0,21.75,79.05
2025-12-13T19:15:00Z,-0.02,-299.54,0,0,40,60.14,0.11,0,180.42,1409.6,56.53,164.43,0,0,19.75,0.68,0,0,1.92,2.01,0.01,0,24.3,75.06
2025-12-13T19:20:00Z,-1.14,-200.88,0,0,40,60.81,0.11,0,129.37,1371.97,47.87,139.48,0,0,19.53,0.49,0,0,1.92,2.04,0.01,0,26.26,75.63
2025-12-13T19:25:00Z,0,-221.51,0,0,40,60.81,0.11,0,193.54,1350.25,30.57,114.52,0,0,19.32,0.53,0,0,1.92,2.04,0.01,0,26.28,72.16
2025-12-13T19:30:00Z,0,-286.61,0,0,41,60.81,0.11,0,334.49,1308.05,19.22,89.57,0,0,19.1,0.66,0,0,1.97,2.04,0.01,0,25.65,79.89
2025-12-13T19:35:00Z,0,-266.61,0,0,42,60.14,0.11,0,305.7,1318.54,13.76,76.12,0,0,18.98,0.62,0,0,2.02,2.01,0.01,0,26.46,97.75
2025-12-13T19:40:00Z,-1.32,-267.71,0,0,40,87.65,0.11,94.99,174.97,1307.43,7.37,62.67,0,0,18.87,1.49,0,0,1.92,2.93,0.01,4.67,64.05,71.76
2025-12-13T19:45:00Z,0,-324.59,0,0,42,59.46,0.11,97.29,313.84,1306.33,4.78,49.22,0,0,18.75,1.57,0,0,2.02,1.99,0.01,4.78,56.02,64.67
2025-12-13T19:50:00Z,0,-414.41,0,0,40,60.81,0.11,95.37,404.26,1307.88,2,35.77,0,0,18.63,1.88,0,0,1.92,2.04,0.01,4.69,53.06,94.32
2025-12-13T19:55:00Z,-3.19,-356.31,0,0,40,89.66,0.11,93.2,322.73,1294.66,1.03,22.33,0,0,18.52,1.84,0,0,1.92,3,0.01,4.58,61.18,75.96
2025-12-13T20:00:00Z,-0.15,-352.55,0,0,41,59.46,0.11,95.55,276.72,1342.8,0.41,8.88,0,0,18.4,1.68,0,0,1.97,1.99,0.01,4.7,56.89,73.37
2025-12-13T20:05:00Z,-0.13,-406.29,0,0,41,60.14,0.11,97.15,343.22,1346.98,0.03,7.4,0,0,18.37,1.88,0,0,1.97,2.01,0.01,4.77,55.4,70.84
2025-12-13T20:10:00Z,-4.84,-384.76,0,0,40,60.81,0.11,95.66,330.16,1358.68,0.02,5.92,0,0,18.33,1.77,0,0,1.92,2.04,0.01,4.7,55.1,82.35
2025-12-13T20:15:00Z,-5.56,-223.52,0,0,40,60.81,0.11,96.13,133.28,1375.07,0.02,4.44,0,0,18.3,1.14,0,0,1.92,2.04,0.01,4.72,61.17,66.87
2025-12-13T20:20:00Z,-4.09,-410.73,0,0,40,60.14,0.11,95.38,347.84,1379.3,0.02,2.96,0,0,18.27,1.87,0,0,1.92,2.01,0.01,4.69,53.69,66.56
2025-12-13T20:25:00Z,-0.52,-431.72,0,0,40,60.81,0.11,94.73,388.43,1352.94,0.02,1.48,0,0,18.23,1.92,0,0,1.92,2.04,0.01,4.66,53.35,63.83
2025-12-13T20:30:00Z,-0.24,-463.83,0,0,41,60.81,0.11,95.52,429.29,1343.2,0.02,0,0,0,18.2,2.05,0,0,1.97,2.04,0.01,4.69,53.03,67.96
2025-12-13T20:35:00Z,-0.21,-451.21,0,0,40,60.81,0.11,95.66,382.21,1362.45,0.02,0,0,0,18.1,2.01,0,0,1.92,2.04,0.01,4.7,53.56,74.89
2025-12-13T20:40:00Z,-0.17,-179.09,0,0,41,60.81,0.11,97.41,155.04,1313.96,0.02,0,0,0,18,0.94,0,0,1.97,2.04,0.01,4.79,63.28,75.95
2025-12-13T20:45:00Z,0,-164.74,0,0,42,60.81,0.11,95.26,164.06,1278.31,0.02,0,0,0,17.9,0.88,0,0,2.02,2.04,0.01,4.68,63.92,75.54
2025-12-13T20:50:00Z,-1.05,-141.35,0,0,40,61.48,0.11,93.64,179.17,1236.32,0,0,0,0,17.8,0.58,0,0,1.92,2.06,0.01,4.6,65.44,76.69
2025-12-13T20:55:00Z,-1.13,-141.54,0,0,40,60.81,0.11,95.4,173.14,1235.23,0,0,0,0,17.7,0.76,0,0,1.92,2.04,0.01,4.69,64.74,76
2025-12-13T21:00:00Z,-0.17,-173.71,0,0,41,60.81,0.11,96.71,193.61,1242.99,0,0,0,0,17.6,0.93,0,0,1.97,2.04,0.01,4.75,64.31,76.7
2025-12-13T21:05:00Z,-0.15,-166.97,0,0,41,60.81,0.11,95.84,169.03,1266.77,0,0,0,0,17.53,0.89,0,0,1.97,2.04,0.01,4.71,64.06,77.07
2025-12-13T21:10:00Z,-0.16,-114.07,0,0,41,60.81,0.11,96.5,95.17,1269.22,0,0,0,0,17.47,0.64,0,0,1.97,2.04,0.01,4.74,67.21,76.69
2025-12-13T21:15:00Z,-0.16,-124.19,0,0,40,60.81,0.11,95.7,92.44,1278.06,0,0,0,0,17.4,0.69,0,0,1.92,2.04,0.01,4.7,66.36,78.81
2025-12-13T21:20:00Z,-0.91,-159.35,0,0,40,60.81,0.11,94.85,91.71,1295.67,0,0,0,0,17.33,0.87,0,0,1.92,2.04,0.01,4.66,65.36,75.23
2025-12-13T21:25:00Z,-0.48,-196.46,0,0,40,60.81,0.11,94.56,126.99,1305.18,0,0,0,0,17.27,1.04,0,0,1.92,2.04,0.01,4.65,63.49,72.65
2025-12-13T21:30:00Z,0,-227.89,0,0,40,60.81,0.11,94.7,154.07,1335.36,0,0,0,0,17.2,1.16,0,0,1.92,2.04,0.01,4.65,61.37,75.87
2025-12-13T21:35:00Z,-1.53,-204.82,0,0,40,60.81,0.11,94.87,80.82,1358.28,0,0,0,0,17.1,1.08,0,0,1.92,2.04,0.01,4.66,63.37,75.04
2025-12-13T21:40:00Z,0,-269.72,0,-0.1,42,60.81,0.11,98.6,98.01,1409.82,0,0,0,0,17,1.4,0,0,2.02,2.04,0.01,4.85,62.51,76.51
2025-12-13T21:45:00Z,-0.61,-152.7,0,-0.1,41,60.81,0.11,0.12,82.62,1403.74,0,0,0,0,16.9,0.39,0,0,1.97,2.04,0.01,0.01,30.36,76.15
2025-12-13T21:50:00Z,-1.73,-177.75,0,0,40,60.81,0.11,0,72.72,1420.65,0,0,0,0,16.8,0.44,0,0,1.92,2.04,0.01,0,29.86,71.03
2025-12-13T21:55:00Z,-0.17,-214.72,0,0,41,60.81,0.11,0,109.78,1419.35,0,0,0,0,16.7,0.53,0,0,1.97,2.04,0.01,0,29.51,71.57
2025-12-13T22:00:00Z,-1.08,-205.33,0,0,40,60.81,0.11,0,82.51,1438.41,0,0,0,0,16.6,0.5,0,0,1.92,2.04,0.01,0,29.34,70.76
2025-12-13T22:05:00Z,-0.19,-209.31,0,0,40,60.81,0.11,0,75.26,1470.38,0,0,0,0,16.47,0.5,0,0,1.92,2.04,0.01,0,28.88,70.88
2025-12-13T22:10:00Z,-2.61,-205.53,0,0,40,60.14,0.11,0,72.73,1467.68,0,0,0,0,16.33,0.49,0,0,1.92,2.01,0.01,0,28.87,70.83
2025-12-13T22:15:00Z,0,-261.24,0,0,41,60.81,0.11,0,99.53,1467.17,0,0,0,0,16.2,0.63,0,0,1.97,2.04,0.01,0,28.84,70.38
2025-12-13T22:20:00Z,-0.48,-280.2,0,0,41,60.81,0.11,0,87.97,1489.88,0,0,0,0,16.07,0.67,0,0,1.97,2.04,0.01,0,28.66,69.03
2025-12-13T22:25:00Z,-0.16,-349.89,0,0,41,60.81,0.11,0,176.57,1479.79,0,0,0,0,15.93,0.8,0,0,1.97,2.04,0.01,0,27.37,65.52
2025-12-13T22:30:00Z,-0.17,-421.65,0,0,41,60.81,0.11,0,240.26,1490.26,0,0,0,0,15.8,0.93,0,0,1.97,2.04,0.01,0,26.24,67.78
2025-12-13T22:35:00Z,-0.18,-347.36,0,0,40,60.81,0.11,0,188.91,1466.89,0,0,0,0,15.73,0.77,0,0,1.92,2.04,0.01,0,27.18,69.8
2025-12-13T22:40:00Z,0,-313.25,0,0,41,60.81,0.11,0,139.52,1464.31,0,0,0,0,15.67,0.74,0,0,1.97,2.04,0.01,0,28.21,71.79
2025-12-13T22:45:00Z,-0.2,-201.16,0,0,40,60.14,0.11,0,41.52,1440.62,0,0,0,0,15.6,0.5,0,0,1.92,2.01,0.01,0,29.88,68.32
2025-12-13T22:50:00Z,-0.18,-271.29,0,0,41,60.14,0.11,0,129.07,1413.61,0,0,0,0,15.53,0.66,0,0,1.97,2.01,0.01,0,29.11,71.75
2025-12-13T22:55:00Z,0,-181.24,0,0,41,60.81,0.11,0,72.82,1374.47,0,0,0,0,15.47,0.47,0,0,1.97,2.04,0.01,0,31.06,72.42
2025-12-13T23:00:00Z,-0.47,-127.91,0,0,40,60.81,0.11,0,26.03,1366.29,0,0,0,0,15.4,0.34,0,0,1.92,2.04,0.01,0,31.85,70.71
2025-12-13T23:05:00Z,-0.01,-251.67,0,0,41,60.81,0.11,0,131.6,1382.67,0,0,0,0,15.32,0.62,0,0,1.97,2.04,0.01,0,29.78,71.95
2025-12-13T23:10:00Z,-0.45,-188.12,0,0,40,60.81,0.11,0,45.64,1380.18,0,0,0,0,15.23,0.49,0,0,1.92,2.04,0.01,0,31.15,71.42
2025-12-13T23:15:00Z,-0.01,-214.34,0,-0.1,41,60.81,0.11,0,57.44,1386.47,0,0,0,0,15.15,0.56,0,0,1.97,2.04,0.01,0,31.13,75.78
2025-12-13T23:20:00Z,-2.57,-182.16,0,-0.1,40,60.14,0.11,0,6.42,1391.17,0,0,0,0,15.07,0.48,0,0,1.92,2.01,0.01,0,31.63,69.2
2025-12-13T23:25:00Z,-0.16,-162.2,0,-0.1,40,60.81,0.11,0,10.97,1373.08,0,0,0,0,14.98,0.43,0,0,1.92,2.04,0.01,0,32.02,69.52
2025-12-13T23:30:00Z,0,-182.54,0,-0.1,41,60.81,0.11,0,28.12,1377.2,0,0,0,0,14.9,0.49,0,0,1.97,2.04,0.01,0,31.93,72.15
2025-12-13T23:35:00Z,-1.54,-182.07,0,-0.1,40,60.81,0.11,0,14.26,1400.05,0,0,0,0,14.85,0.48,0,0,1.92,2.04,0.01,0,31.42,71.56
2025-12-13T23:40:00Z,0,-180.49,0,0,42,60.81,0.11,0,72.37,1399.21,0,0,0,0,14.8,0.47,0,0,2.02,2.04,0.01,0,30.93,69.56
2025-12-13T23:45:00Z,-2.43,-254.36,0,0,40,61.48,0.11,0,148.17,1400.99,0,0,0,0,14.75,0.61,0,0,1.92,2.06,0.01,0,29.02,68.63
2025-12-13T23:50:00Z,0,-151.44,0,0,40,60.81,0.11,0,65.67,1371.32,0,0,0,0,14.7,0.39,0,0,1.92,2.04,0.01,0,30.92,71.23
2025-12-13T23:55:00Z,-0.15,-197.43,0,0,40,60.81,0.11,0,124.61,1361.19,0,0,0,0,14.65,0.51,0,0,1.92,2.04,0.01,0,29.78,68.67
2025-12-14T00:00:00Z,-0.69,-93.83,0,0,40,60.81,0.11,0,20.33,1348.48,0,0,0,0,14.6,0.25,0,0,1.92,2.04,0.01,0,32.37,69.35
2025-12-14T00:05:00Z,-2.29,-128.06,0,0,40,60.81,0.11,0,31.36,1338.01,0,0,0,0,14.52,0.35,0,0,1.92,2.04,0.01,0,32.39,63.37
2025-12-14T00:10:00Z,-0.15,-231,0,0,40,45.37,0.11,0,156.89,1350.45,0,0,0,0,14.43,0.5,0,0,1.92,1.52,0.01,0,25.96,69.93
2025-12-14T00:15:00Z,0,-77.09,0,0,42,0,0.1,0,56.61,1342.33,0,0,0,0,14.35,0.11,0,0,2.02,0,0.01,0,16.84,66.83
2025-12-14T00:20:00Z,-0.29,-155.58,0,0,40,0,0.11,0,179.57,1323.9,0,0,0,0,14.27,0.2,0,0,1.92,0,0.01,0,14.95,55.84
2025-12-14T00:25:00Z,-0.47,-165.06,0,0,40,0,0.11,0,217.24,1291.38,0,0,0,0,14.18,0.21,0,0,1.92,0,0.01,0,14.93,63.69
2025-12-14T00:30:00Z,-0.06,-130.44,0,0,41,0,0.11,0,188.57,1279.66,0,0,0,0,14.1,0.17,0,0,1.97,0,0.01,0,15.7,66.62
2025-12-14T00:35:00Z,-0.43,-7.46,0,0,40,0,0.11,0,57.32,1290.62,0,0,0,0,14.08,0.01,0,0,1.92,0,0.01,0,16.66,70.81
2025-12-14T00:40:00Z,-0.02,-79.32,0,0,42,0,0.11,0,126.38,1292.68,0,0,0,0,14.07,0.11,0,0,2.02,0,0.01,0,16.61,71.13
2025-12-14T00:45:00Z,0,-124.82,0,0,40,0,0.11,0,177,1296.46,0,0,0,0,14.05,0.16,0,0,1.92,0,0.01,0,15.27,64.63
2025-12-14T00:50:00Z,-0.06,-171.99,0,0,41,0,0.11,0,241.86,1282.01,0,0,0,0,14.03,0.22,0,0,1.97,0,0.01,0,15.14,60.91
2025-12-14T00:55:00Z,-0.04,-242.27,0,0,42,0,0.11,0,345.02,1270.52,0,0,0,0,14.02,0.3,0,0,2.02,0,0.01,0,14.64,62.85
2025-12-14T01:00:00Z,-0.24,-244.92,0,0,40,0,0.11,0,363.25,1271.11,0,0,0,0,14,0.28,0,0,1.92,0,0.01,0,13.81,67.59
2025-12-14T01:05:00Z,-0.22,-82.18,0,0,41,0,0.11,0,212.94,1233.86,0,0,0,0,14.23,0.11,0,0,1.97,0,0.01,0,15.92,70.95
2025-12-14T01:10:00Z,-0.42,-7.94,0,0,42,0,0.11,0,163.37,1213.45,0,0,0,0,14.47,0.01,0,0,2.02,0,0.01,0,17.11,61.11
2025-12-14T01:15:00Z,-0.04,-159.99,0,0,40,0,0.11,0,311.73,1214.06,0,0,0,0,14.7,0.2,0,0,1.92,0,0.01,0,14.76,69.91
2025-12-14T01:20:00Z,-0.18,0,10.94,0,40,0,0.11,0,150.79,1208.56,0,0,0,0,14.93,0,0.65,0,1.92,0,0.01,0,22.27,68.15
2025-12-14T01:25:00Z,-0.62,0,9.91,0,40,0,0.11,0,136.62,1214.92,0,0,0,0,15.17,0,0.58,0,1.92,0,0.01,0,21.8,63.46
2025-12-14T01:30:00Z,-0.06,0,44.67,-0.1,40,0,0.11,0,132.58,1169.79,0,0,0,0,15.4,0,2.59,0,1.92,0,0.01,0,41.78,56.68
2025-12-14T01:35:00Z,-0.38,-24.96,0,0,40,0,0.11,0,160.87,1182.89,0,0,0,0,15.35,0.03,0,0,1.92,0,0.01,0,16.71,63.18
2025-12-14T01:40:00Z,-1.13,0,32.77,0,40,0,0.11,0,111.88,1178.02,0,0,0,0,15.3,0,1.91,0,1.92,0,0.01,0,35.55,56.54
2025-12-14T01:45:00Z,-12.03,0,9.64,0,41,0,0.11,0,157,1160.81,0,0,0,0,15.25,0,0.56,0,1.97,0,0.01,0,22.75,59.61
2025-12-14T01:50:00Z,-13.63,0,147.42,0,40,0,0.11,0,24.34,1150.74,0,0,0,0,15.2,0,8.46,0,1.92,0,0.01,0,118.22,57.24
2025-12-14T01:55:00Z,-2.97,0,101.78,0,40,0,0.11,0,68.59,1150.35,0,0,0,0,15.15,0,5.8,0,1.92,0,0.01,0,80.3,57.68
2025-12-14T02:00:00Z,-0.93,0,175.32,0,40,0,0.11,0,13.97,1118.09,0,0,0,0,15.1,0,9.9,0,1.92,0,0.01,0,142.47,58.84
2025-12-14T02:05:00Z,-9.68,0,224.75,0,40,0,0.11,0,0.21,1092.76,0,0,0,0,15.1,0,12.58,0,1.92,0,0.01,0,193.71,35.09
2025-12-14T02:10:00Z,-2.14,0,224.58,0,42,0,0.11,0,12.85,1070.62,0,0,0,0,15.1,0,12.45,0,2.02,0,0.01,0,193.21,35.3
2025-12-14T02:15:00Z,-0.21,0,191.61,0,41,0,0.11,0,47.7,1058.46,0,0,0,0,15.1,0,10.68,0,1.97,0,0.01,0,158.96,35.45
2025-12-14T02:20:00Z,-0.93,0,226.53,0,40,0,0.11,0,0.76,1070.01,0,0,0,0,15.1,0,12.5,0,1.92,0,0.01,0,195.95,35.42
2025-12-14T02:25:00Z,-0.28,0,262.88,0,41,0,0.1,0,0.97,1041.83,0,0,0,0,15.1,0,14.2,0,1.97,0,0.01,0,236.49,35.17
2025-12-14T02:30:00Z,-0.33,0,245.82,0,40,0,0.11,0,0.71,1040.72,0,0,0,0,15.1,0,13.23,0,1.92,0,0.01,0,217.72,35.88
2025-12-14T02:35:00Z,-2.08,0,225.88,0,40,0,0.11,0,0.33,1046.65,0,0,0,0,15.12,0,11.89,0,1.92,0,0.01,0,192.96,33.53
2025-12-14T02:40:00Z,-6.06,0,232.21,0,40,0,0.11,0,0,1057.94,0,0,0,0,15.13,0,11.81,0,1.92,0,0.01,0,191.79,29.21
2025-12-14T02:45:00Z,-1.26,0,238.61,0,40,0,0.11,0,0.19,1061.06,0,0,0,0,15.15,0,11.78,0,1.92,0,0.01,0,190.86,30.34
2025-12-14T02:50:00Z,-5.54,0,235.08,0,40,0,0.11,0,0.14,1054.64,0,0,0,0,15.17,0,11.34,0,1.92,0,0.01,0,186.35,29.4
2025-12-14T02:55:00Z,-1.13,0,225.62,0,40,0,0.11,0,0.16,1081.17,0,0,0,0,15.18,0,10.61,0,1.92,0,0.01,0,168.1,29.75
2025-12-14T03:00:00Z,-2.14,0,214.31,0,40,0,0.11,0,0,1067.06,0,0,0,0,15.2,0,9.9,0,1.92,0,0.01,0,159.35,30.67
2025-12-14T03:05:00Z,-3.99,0,213.92,0,40,0,0.11,0,0.09,1061.16,0,0,0,0,15.3,0,9.85,0,1.92,0,0.01,0,159.9,29.92
2025-12-14T03:10:00Z,-2.08,0,215.96,0,41,0,0.11,0,10.76,1053.5,0,0,0,0,15.4,0,9.93,0,1.97,0,0.01,0,160.97,30.49
2025-12-14T03:15:00Z,-0.34,0,205.26,0,40,0,0.11,0,0.7,1060.97,0,0,0,0,15.5,0,9.51,0,1.92,0,0.01,0,153.17,30.42
2025-12-14T03:20:00Z,-0.13,0,174.34,0,41,0,0.11,0,2.29,1085.36,0,0,0,0,15.6,0,8.22,0,1.97,0,0.01,0,128.24,32.17
2025-12-14T03:25:00Z,-3.22,0,151.38,0,40,0,0.11,0,0.87,1095.31,0,0,0,0,15.7,0,7.3,0,1.92,0,0.01,0,112.74,30.12
2025-12-14T03:30:00Z,-0.18,0,161.38,0,41,0,0.1,0,2.03,1091.32,0,0,0,0,15.8,0,9.11,0,1.97,0,0.01,0,136.7,32.3
2025-12-14T03:35:00Z,-17.09,0,148.17,0,40,0,0.1,0,3.56,1121.36,0,0,0,0,15.82,0,7.35,0,1.92,0,0.01,0,111.4,30.22
2025-12-14T03:40:00Z,-15.96,0,136.75,0,40,0,0.11,0,0.68,1151.9,0,0,0,0,15.83,0,6.88,0,1.92,0,0.01,0,101.61,30.2
2025-12-14T03:45:00Z,-13.23,0,126.61,-0.1,42,0,0.11,0,7.8,1147.51,0,0,0,0,15.85,0,6.42,0,2.02,0,0.01,0,95.79,30.39
2025-12-14T03:50:00Z,-15.26,0,130.34,0,40,0,0.11,0,0.84,1154.41,0,0,0,0,15.87,0,6.72,0,1.92,0,0.01,0,98.8,30.1
2025-12-14T03:55:00Z,-15.02,0,116.09,0,41,0,0.11,0,2.55,1146.85,0,0,0,0,15.88,0,6,0,1.97,0,0.01,0,90.35,30.12
2025-12-14T04:00:00Z,-19.45,0,104.63,0,40,0,0.11,0,0.09,1153.93,0,0,0,0,15.9,0,5.39,0,1.92,0,0.01,0,82.07,30.05
2025-12-14T04:05:00Z,-16.75,0,84.17,0,41,0,0.11,0,7.51,1167.49,0,0,0,0,15.92,0,4.31,0,1.97,0,0.01,0,67.66,30
2025-12-14T04:10:00Z,-0.16,0,83.46,0,42,0,0.11,0,3.17,1169.76,0,0,0,0,15.93,0,4.22,0,2.02,0,0.01,0,66.21,35.53
2025-12-14T04:15:00Z,-0.96,0,98.23,0,40,0,0.11,0,0.28,1165.07,0,0,0,0,15.95,0,4.97,0,1.92,0,0.01,0,74.8,33.57
2025-12-14T04:20:00Z,-0.85,0,99.38,0,40,0,0.11,0,2.18,1152.34,0,0,0,0,15.97,0,4.99,0,1.92,0,0.01,0,75.85,33.21
2025-12-14T04:25:00Z,-0.22,0,59.79,0,41,0,0.11,0,39.64,1145.66,0,0,0,0,15.98,0,3.02,0,1.97,0,0.01,0,51.42,33.2
2025-12-14T04:30:00Z,-2.67,0,114.76,-0.1,40,0,0.11,0,4.74,1123.25,0,0,0,0,16,0,5.76,0,1.92,0,0.01,0,87.8,33.39
2025-12-14T04:35:00Z,-3.27,0,119.64,-0.1,40,0,0.11,0,0.99,1127.95,0,0,0,0,16.05,0,5.91,0,1.92,0,0.01,0,89.92,37.38
2025-12-14T04:40:00Z,-7.97,0,167.37,-0.1,40,0,0.11,0,0.11,1101.46,0,0,0,0,16.1,0,8.19,0,1.92,0,0.01,0,125.66,33.84
2025-12-14T04:45:00Z,-1.09,0,148.52,-0.1,40,0,0.11,0,1.54,1094.03,0,0,0,0,16.15,0,7.26,0,1.92,0,0.01,0,111.76,33.21
2025-12-14T04:50:00Z,-0.81,0,160.1,-0.1,40,0,0.11,0,0.44,1087.12,0,0,0,0,16.2,0,7.83,0,1.92,0,0.01,0,121.14,33.28
2025-12-14T04:55:00Z,-2.45,0,188.83,0,40,0,0.11,0,0.46,1060.4,0,0,0,0,16.25,0,9.14,0,1.92,0,0.01,0,145.97,33.2
2025-12-14T05:00:00Z,-0.48,0,194.53,0,40,0,0.11,0,13.54,1054.27,0,0,0,0,16.3,0,9.33,0,1.92,0,0.01,0,147.98,33.08
2025-12-14T05:05:00Z,-0.01,0,199.92,0,42,0,0.11,0,9.98,1034.58,0,0.01,0,0,16.33,0,9.57,0,2.02,0,0.01,0,156.91,33.47
2025-12-14T05:10:00Z,-0.13,0,219.41,0,43,0,0.11,0,8.78,1020.81,0,0.03,0,0,16.37,0,10.51,0,2.06,0,0.01,0,176.94,37.86
2025-12-14T05:15:00Z,-5.28,0,261.58,0,40,0,0.11,0,0.09,997.06,0,0.04,0,0,16.4,0,12.42,0,1.92,0,0.01,0,223.4,33.38
2025-12-14T05:20:00Z,-5.74,0,228.94,0,41,0,0.11,0,0.14,1034.14,0,0.06,0,0,16.43,0,10.89,0,1.97,0,0.01,0,183.58,33.53
2025-12-14T05:25:00Z,-7.49,0,216.01,0,40,0,0.11,0,0.05,1046.55,0,0.07,0,0,16.47,0,10.24,0,1.92,0,0.01,0,169.14,30.29
2025-12-14T05:30:00Z,-2.22,0,212.84,0,40,0,0.11,0,0.44,1050.93,0.04,0.09,0,0,16.5,0,9.99,0,1.92,0,0.01,0,163.15,30.4
2025-12-14T05:35:00Z,-0.71,0,175.78,0,40,0,0.11,0,1.97,1061.53,0.19,2.25,0,0,16.53,0,8.11,0,1.92,0,0.01,0,129.57,29.71
2025-12-14T05:40:00Z,-8.73,0,180.7,0,40,0,0.11,0,3.27,1056.45,0.93,4.41,0,0,16.57,0,8.28,0,1.92,0,0.01,0,133.75,18.64
2025-12-14T05:45:00Z,-0.98,0,161.71,-0.1,40,0,0.11,0,20.59,1056.4,1.62,6.57,0,0,16.6,0,7.46,0,1.92,0,0.01,0,117.04,18.17
2025-12-14T05:50:00Z,-0.29,0,150.75,-0.1,41,0,0.11,0,11.02,1081.65,3.58,8.73,0,0,16.63,0,6.91,0,1.97,0,0.01,0,107.09,9.25
2025-12-14T05:55:00Z,-0.35,0,152.93,0,41,0,0.11,0,14.96,1067.24,5.93,10.89,0,0,16.67,0,7,0,1.97,0,0.01,0,109.15,9.19
2025-12-14T06:00:00Z,-0.06,0,140.52,0,41,0,0.11,0,6.93,1066.59,11.79,13.05,0,0,16.7,0,6.4,0,1.97,0,0.01,0,100.58,9.35
2025-12-14T06:05:00Z,-7.69,0,130.01,-0.1,40,0,0.11,0,0.04,1070.95,20.7,24.15,0,0,16.75,0,5.82,0,1.92,0,0.01,0,91.34,4.1
2025-12-14T06:10:00Z,-15.05,0,129.79,-0.1,40,0,0.11,0,0.03,1081.1,26.08,35.26,0,0,16.8,0,5.78,0,1.92,0,0.01,0,89.14,-0.77
2025-12-14T06:15:00Z,-4.1,0,86.98,-0.1,42,0,0.11,0,5.2,1081.69,33.7,46.36,0,0,16.85,0,3.76,0,2.02,0,0.01,0,62.04,-2.95
2025-12-14T06:20:00Z,0,0,57.51,0,43,0,0.11,0,11.25,1078.61,41.47,57.47,0,0,16.9,0,2.46,0,2.06,0,0.01,0,46.3,0
2025-12-14T06:25:00Z,-6.29,0,78.81,0,40,0,0.11,0,0.31,1065.34,58.26,68.57,0,0,16.95,0,3.3,0,1.92,0,0.01,0,54.66,-3.2
2025-12-14T06:30:00Z,-25.11,0,88.31,0,40,0,0.11,0,0.3,1059.03,66.76,79.68,0,0,17,0,3.74,0,1.92,0,0.01,0,60,-3.8
2025-12-14T06:35:00Z,-21.36,0,64.28,0,40,0,0.11,0,0.31,1015.68,79.44,97.32,0,0,17.03,0,2.72,0,1.92,0,0.01,0,48.65,-3.67
2025-12-14T06:40:00Z,-33.25,0,48.16,0,40,0,0.11,0,1.16,1013.11,92.47,114.95,0,0,17.07,0,2.07,0,1.92,0,0.01,0,40.63,-3.55
2025-12-14T06:45:00Z,-8.26,0,32.64,0,40,0,0.11,0,0.05,984.56,110.28,132.59,0,0,17.1,0,1.43,0,1.92,0,0.01,0,32.86,-4.19
2025-12-14T06:50:00Z,-6.24,0,52.27,0,40,0,0.11,0,0.08,950.43,130.89,150.22,0,0,17.13,0,2.34,0,1.92,0,0.01,0,42.15,-5.95
2025-12-14T06:55:00Z,-10.7,0,45.24,0,40,0,0.11,0,0.16,941.49,150.97,167.86,0,0,17.17,0,2.04,0,1.92,0,0.01,0,38.28,-6.95
2025-12-14T07:00:00Z,0,-28.33,0,0,43,0,0.11,0,33.14,957.48,173.36,185.49,0,0,17.2,0.05,0,0,2.06,0,0.01,0,17.78,-7
2025-12-14T07:05:00Z,-0.32,0,9.73,0,41,0,0.11,0,9.3,914.03,184.59,207.83,8.46,0,17.27,0,0.42,0,1.97,0,0.01,0,21.36,-7.05
2025-12-14T07:10:00Z,-1.93,0,97.4,0,41,0,0.11,0,0.58,807.95,191.22,230.17,128.84,23.33,17.33,0,4.1,0,1.97,0,0.01,0,62.21,-7.38
2025-12-14T07:15:00Z,-0.26,0,52.98,0,43,0,0.11,0,16.39,786.13,192.77,252.51,145.31,27.47,17.4,0,2.28,0,2.06,0,0.01,0,42.16,-7.22
2025-12-14T07:20:00Z,-1.7,0,64.41,-0.1,41,0,0.11,0,0.99,787.93,207.69,274.84,129.43,21.31,17.47,0,2.74,0,1.97,0,0.01,0,45.37,-7.98
2025-12-14T07:25:00Z,-1.33,0,37.46,-0.1,40,0,0.11,0,2.59,779.3,222.98,297.18,151.64,22.65,17.53,0,1.57,0,1.92,0,0.01,0,32.18,-7.84
2025-12-14T07:30:00Z,-60.48,0,60.31,-0.1,40,0,0.11,0,0.32,787.54,241.78,319.52,158.71,36.87,17.6,0,2.47,0,1.92,0,0.01,0,41.63,-8.06
2025-12-14T07:35:00Z,-63.42,0,32.78,-0.1,40,0,0.11,0,0,781.4,261.08,336.09,291.35,38.2,17.57,0,1.31,0,1.92,0,0.01,0,29.37,-7.98
2025-12-14T07:40:00Z,-60.1,0,30.34,-0.1,41,0,0.11,0,2.93,761.38,274.63,352.65,206.07,38.15,17.53,0,1.18,0,1.97,0,0.01,0,28.23,-9.21
2025-12-14T07:45:00Z,-54.64,0,71.8,-0.1,41,0,0.11,0,15.78,673.54,286.74,369.22,284.87,40.97,17.5,0,2.75,0,1.97,0,0.01,0,44.97,-9.5
2025-12-14T07:50:00Z,-58.9,0,142.6,0,40,0,0.11,0,0.07,648.3,283.66,385.79,323,57.21,17.47,0,5.35,0,1.92,0,0.01,0,75.49,-10.61
2025-12-14T07:55:00Z,-56.32,0,104.39,0,40,0,0.11,0,2.55,667.88,288.66,402.36,323.8,59.77,17.43,0,3.86,0,1.92,0,0.01,0,55.94,-11.66
2025-12-14T08:00:00Z,-62.59,0,145.78,0,40,0,0.11,0,0.48,621.39,271.83,418.92,405,67.23,17.4,0,5.34,0,1.92,0,0.01,0,76.21,-11.79
2025-12-14T08:05:00Z,-52.53,0,160.29,-0.1,44,0,0.11,0,8.07,598.54,256.6,440.76,441.37,79.99,17.47,0,5.9,0,2.11,0,0.01,0,84.72,-10.86
2025-12-14T08:10:00Z,-9.34,0,144.97,0,42,0,0.11,0,1.77,541.23,281.37,462.6,492.43,52.64,17.53,0,5.21,0,2.02,0,0.01,0,73.85,-9.39
2025-12-14T08:15:00Z,-6.32,0,99.8,0,42,0,0.11,0,11.43,543.01,297.53,484.45,459.5,38.99,17.6,0,3.62,0,2.02,0,0.01,0,53.18,-9.38
2025-12-14T08:20:00Z,-8.05,0,136.7,0,43,0,0.11,0,3.63,512.73,297.95,506.29,483.55,55.26,17.67,0,4.85,0,2.06,0,0.01,0,68.09,-9.46
2025-12-14T08:25:00Z,-12.52,0,151.78,0,40,0,0.11,0,0.3,506.4,295.54,528.13,418.2,47.94,17.73,0,5.51,0,1.92,0,0.01,0,73.99,-9.75
2025-12-14T08:30:00Z,-10.42,-22.23,0,0,40,0,0.11,0,0.71,667.87,277.43,549.97,392.88,78.03,17.8,0.04,0,0,1.92,0,0.01,0,15.03,-11.46
2025-12-14T08:35:00Z,-7.58,0,48.7,-0.1,42,0,0.11,0,4.44,578.98,277.58,564.78,513.3,78.8,17.83,0,1.83,0,2.02,0,0.01,0,32.77,-11.66
2025-12-14T08:40:00Z,-20.08,0,119.18,-0.1,40,5.78,0.11,0,0.1,538.19,258.08,579.59,555.93,120.6,17.87,0,4.38,0,1.92,0.19,0.01,0,60.77,-11.66
2025-12-14T08:45:00Z,-6.86,0,204.54,-0.1,43,5.11,0.11,0,8.85,514.7,216.82,594.41,562.09,236.16,17.9,0,7.28,0,2.06,0.17,0.01,0,97.54,-10.71
2025-12-14T08:50:00Z,-6.69,0,101.54,0,43,39.33,0.11,0,9.27,577.69,179.44,609.22,485.62,205.45,17.93,0,3.63,0,2.06,1.32,0.01,0,62.37,-10.69
2025-12-14T08:55:00Z,-8.33,0,92.65,-0.1,43,40,0.11,0,8.81,585.34,186.92,624.03,515.49,192.51,17.97,0,3.31,0,2.06,1.34,0.01,0,58.13,-12.22
2025-12-14T09:00:00Z,-10.77,0,227.43,-0.1,43,62.15,0.11,0,3.37,460.6,158.58,638.84,684.43,233.57,18,0,8.33,0,2.06,2.08,0.01,0,132.79,-12.51
2025-12-14T09:05:00Z,-6.83,0,215.49,-0.1,43,68.19,0.11,0,9.8,439.5,155.63,645.47,688.73,239.98,17.97,0,8.2,0,2.06,2.28,0.01,0,132.21,-11.66
2025-12-14T09:10:00Z,-13.85,0,117.81,-0.1,41,69.53,0.11,0,0.95,536.17,173.7,652.09,581.41,234.03,17.93,0,4.5,0,1.97,2.33,0.01,0,78.74,-10.38
2025-12-14T09:15:00Z,-18.5,0,63.18,0,40,69.53,0.11,0,0,592.85,180.75,658.72,520.41,223.88,17.9,0,2.36,0,1.92,2.33,0.01,0,54.35,-16.44
2025-12-14T09:20:00Z,-47.79,0,247.83,0,40,69.53,0.11,0,0,461.67,128.5,665.35,678.2,271.74,17.87,0,9.71,0,1.92,2.33,0.01,0,156.68,-20
2025-12-14T09:25:00Z,-6.95,0,282.5,0,44,69.53,0.11,0,10.92,403.46,124.26,671.97,721.76,271.98,17.83,0,12.28,0,2.11,2.33,0.01,0,193.97,-11.66
2025-12-14T09:30:00Z,-8.2,0,114.61,0,43,69.53,0.11,0,5.71,515.7,154.1,678.6,597.36,237.21,17.8,0,4.9,0,2.06,2.33,0.01,0,83.06,-19.5
2025-12-14T09:35:00Z,-25.29,0,200.11,0,41,92.35,0.11,0,0.24,463.33,126.14,684.78,651.91,290.85,17.8,0,8.36,0,1.97,3.09,0.01,0,136.26,-20
2025-12-14T09:40:00Z,-114.99,0,222.7,0,42,151.41,0.11,0,3,479.85,121.14,690.97,665.8,286.49,17.8,0,9.15,0,2.02,5.07,0.01,0,169.38,-19.5
2025-12-14T09:45:00Z,-119.64,0,195.07,0,42,171.54,0.11,0,1.02,489.53,126.51,697.15,670.8,279.41,17.8,0,8.86,0,2.02,5.74,0.01,0,164.41,-25.52
2025-12-14T09:50:00Z,-57.56,0,276.15,0,40,166.84,0.1,0,0,358.97,117.9,703.34,808.99,299.32,17.8,0,11.33,0,1.92,5.59,0.01,0,214.59,-35.07
2025-12-14T09:55:00Z,-61.92,0,346.47,0,40,168.85,0.11,0,0.14,381.56,110.63,709.53,813.81,422.43,17.8,0,14.69,0,1.92,5.65,0.01,0,266.64,-20.57
2025-12-14T10:00:00Z,-32.91,0,314.24,0,40,166.84,0.11,0,0,402.55,15.52,715.71,755.46,440.89,17.8,0,13.95,0,1.92,5.59,0.01,0,259.18,-41.97
2025-12-14T10:05:00Z,-149.95,0,449.45,0,41,169.53,0.11,0,0.04,400.43,10.54,726.27,821.09,417.44,17.92,0,20.21,0,1.97,5.68,0.01,0,446.63,-22.24
2025-12-14T10:10:00Z,-118.75,0,425.83,0,44,173.55,0.11,0,3.83,405.65,12.06,736.82,789.05,415.56,18.03,0,19.21,0,2.11,5.81,0.01,0,391.76,-22.22
2025-12-14T10:15:00Z,-237.91,0,547.75,0,40,165.5,0.11,0,0,406.33,14.82,747.38,789.92,349.65,18.15,0,22.09,0,1.92,5.54,0.01,0,602.74,-53.38
2025-12-14T10:20:00Z,-160.37,0,449.53,0,42,171.54,0.11,0,0.26,421.52,9.57,757.93,792.84,371.85,18.27,0,19.91,0,2.02,5.74,0.01,0,418.78,-42.63
2025-12-14T10:25:00Z,-205.18,0,482.79,0,40,166.84,0.11,0,0.01,420.86,8.94,768.49,784.21,399.69,18.38,0,21.17,0,1.92,5.59,0.01,0,479.87,-35.24
2025-12-14T10:30:00Z,-112.52,0,316.34,0,40,168.18,0.11,0,0,429.25,15.1,779.04,760.1,455.15,18.5,0,13.95,0,1.92,5.63,0.01,0,257.38,-41.77
2025-12-14T10:35:00Z,-196.81,0,394.4,0,40,167.51,0.11,0,0.06,433.11,10.07,813.96,787.63,438.77,18.72,0,16.89,0,1.92,5.61,0.01,0,335.56,-41.97
2025-12-14T10:40:00Z,-203.76,0,401.83,0,40,166.84,0.11,0,0,438.44,9.1,848.87,787.85,472.12,18.93,0,17.2,0,1.92,5.59,0.01,0,330.37,-53.5
2025-12-14T10:45:00Z,-336.34,0,477.2,0,41,170.87,0.11,0,0.07,452.53,7.14,883.79,868.19,447.28,19.15,0,20.74,0,1.97,5.72,0.01,0,459.94,-51.47
2025-12-14T10:50:00Z,-205.81,0,295.16,0,41,169.53,0.11,0,0.04,474.27,6.93,918.7,862.22,473.42,19.37,0,12.69,0,1.97,5.68,0.01,0,219.96,-41.97
2025-12-14T10:55:00Z,-262.22,0,284.37,0,40,166.84,0.11,0,0,473.92,14.19,953.62,801.41,493.14,19.58,0,12.36,0,1.92,5.59,0.01,0,216.34,-41.97
2025-12-14T11:00:00Z,-292.26,0,240.83,0,40,166.84,0.11,0,0,492.42,9.34,988.53,833,519.39,19.8,0,10.16,0,1.92,5.59,0.01,0,182.2,-49.57
2025-12-14T11:05:00Z,-288.02,0,169.79,0,40,170.87,0.11,0,0.2,517.63,8.26,1045.75,891.19,508.97,19.95,0,7.37,0,1.92,5.72,0.01,0,135.97,-41.97
2025-12-14T11:10:00Z,-188.4,0,84.85,0,43,118.52,0.11,0,0.52,512.46,12.36,1102.96,886.31,486.95,20.1,0,3.82,0,2.06,3.97,0.01,0,78.03,-49.7
2025-12-14T11:15:00Z,-303.62,0,210.44,0,41,62.82,0.11,0,0.16,501.34,9.02,1160.18,873.85,530.1,20.25,0,9.06,0,1.97,2.1,0.01,0,125.1,-41.97
2025-12-14T11:20:00Z,-316.77,0,177.22,-0.1,41,42.02,0.11,0,0.01,518.3,9.56,1217.39,815.94,505.1,20.4,0,7.82,0,1.97,1.41,0.01,0,100.72,-41.97
2025-12-14T11:25:00Z,-125.37,-83.36,0,-0.1,43,40,0.11,0,3.23,545.28,11.1,1274.61,920.91,505.95,20.55,0.44,0,0,2.06,1.34,0.01,0,20.84,-41.97
2025-12-14T11:30:00Z,-136.28,-123.61,0,0,42,39.33,0.11,0,1.92,546.25,10.52,1331.83,896.95,515.07,20.7,0.64,0,0,2.02,1.32,0.01,0,18.88,-45.18
2025-12-14T11:35:00Z,-184.13,-98.05,0,0,42,40.67,0.11,0,2.5,547.19,10.5,1365.92,867.91,525.8,20.62,0.52,0,0,2.02,1.36,0.01,0,19.93,-44.24
2025-12-14T11:40:00Z,-154.88,-144.9,0,0,41,40.67,0.11,0,0.68,559.8,10.77,1400.01,876.12,523.97,20.53,0.74,0,0,1.97,1.36,0.01,0,17.77,-58.81
2025-12-14T11:45:00Z,-222.38,-81.54,0,0,40,40.67,0.11,0,0.05,541.15,6.79,1434.09,829.43,514.39,20.45,0.43,0,0,1.92,1.36,0.01,0,19.52,-77.99
2025-12-14T11:50:00Z,-270.8,-20.45,0,0,41,40.67,0.11,0,3.15,520.11,3.76,1468.18,881.57,544.35,20.37,0.11,0,0,1.97,1.36,0.01,0,21.67,-92.01
2025-12-14T11:55:00Z,-273.63,-28.47,0,0,41,40.67,0.11,0,1.9,541.33,1.33,1502.27,910.92,547.95,20.28,0.15,0,0,1.97,1.36,0.01,0,20.92,-44.68
2025-12-14T12:00:00Z,-238.07,-180.34,0,0,40,40.67,0.11,0,1.43,615.4,8.17,1536.36,894.57,537.45,20.2,0.84,0,0,1.92,1.36,0.01,0,16.11,-92.11
2025-12-14T12:05:00Z,-379.7,0,85.8,0,45,40.67,0.11,0,7.78,480.96,11.4,1547.14,992.78,513.24,20.28,0,4.35,0,2.16,1.36,0.01,0,56.68,-41.97
2025-12-14T12:10:00Z,-180.54,-196.46,0,0,39,40.67,0.11,0,0,593.78,8.46,1557.93,960.18,513.07,20.37,0.93,0,0,1.87,1.36,0.01,0,14.86,-90.62
2025-12-14T12:15:00Z,-402.56,0,89.18,0,42,40.67,0.11,0,0.14,498.5,3.27,1568.71,992.88,555.66,20.45,0,4.04,0,2.02,1.36,0.01,0,53.63,-47.86
2025-12-14T12:20:00Z,-376.52,-25.56,0,0,40,40.67,0.11,0,0,605.34,6.49,1579.49,932.47,547.44,20.53,0.12,0,0,1.92,1.36,0.01,0,20.32,-43.56
2025-12-14T12:25:00Z,-248.63,-218.29,0,0,40,40.67,0.11,0,0.04,652.85,7.57,1590.28,915.87,543.56,20.62,0.97,0,0,1.92,1.36,0.01,0,14.93,-66.68
2025-12-14T12:30:00Z,-253.85,-170.16,0,0,41,40.67,0.1,0,1.68,615.7,4.45,1601.06,941.27,552.43,20.7,0.81,0,0,1.97,1.36,0.01,0,16.14,-50.99
2025-12-14T12:35:00Z,-257.22,-245.23,0,0,40,40.67,0.11,0,0,664.29,5.58,1601.57,924.87,541.23,20.57,1.07,0,0,1.92,1.36,0.01,0,14.36,-92.01
2025-12-14T12:40:00Z,-292.01,-162.96,0,0,43,40.67,0.11,0,1.84,657.97,3.6,1602.09,978.84,548.88,20.43,0.75,0,0,2.06,1.36,0.01,0,17,-50.13
2025-12-14T12:45:00Z,-332.66,-148.76,0,0,42,40.67,0.11,0,0.05,670.39,6.42,1602.6,958,547.11,20.3,0.66,0,0,2.02,1.36,0.01,0,17.36,-41.97
2025-12-14T12:50:00Z,-364.36,-132.21,0,0,40,40.67,0.11,0,0,670.21,7.6,1603.12,926.76,540.6,20.17,0.57,0,0,1.92,1.36,0.01,0,17.47,-51.99
2025-12-14T12:55:00Z,-309.37,-175.72,0,0,41,40.67,0.11,0.52,0.02,667.03,7.76,1603.64,952.75,532.88,20.03,0.78,0,0,1.97,1.36,0.01,0.03,16.52,-49.7
2025-12-14T13:00:00Z,-308.31,-146.11,0,0,42,40.67,0.11,2.46,0.03,641.46,7.46,1604.15,976.8,543.03,19.9,0.7,0,0,2.02,1.36,0.01,0.12,17.88,-50.55
2025-12-14T13:05:00Z,-314.26,-160.04,0,0,42,40.67,0.11,2.41,0.06,686.74,7.58,1591.21,953.99,539.59,19.92,0.72,0,0,2.02,1.36,0.01,0.12,17.61,-50.45
2025-12-14T13:10:00Z,-308.51,-115.51,0,0,42,40.67,0.11,2.52,1.95,657.28,8.52,1578.27,982.9,543.6,19.93,0.54,0,0,2.02,1.36,0.01,0.12,18.68,-50.79
2025-12-14T13:15:00Z,-297.43,-147.97,0,0,40,40.67,0.11,2.55,0.61,690.93,6.84,1565.33,1020.65,543.81,19.95,0.65,0,0,1.92,1.36,0.01,0.13,17.46,-55.61
2025-12-14T13:20:00Z,-266.74,-206.36,0,0,43,40.67,0.11,2.56,9.87,675.25,8.17,1552.38,956.96,544.63,19.97,0.94,0,0,2.06,1.36,0.01,0.13,16.89,-53.43
2025-12-14T13:25:00Z,-321.77,-170.46,0,0,40,40.67,0.11,2.24,0.64,705.23,6.57,1539.44,1004.92,552.37,19.98,0.73,0,0,1.92,1.36,0.01,0.11,17.39,-52.09
2025-12-14T13:30:00Z,-295.57,-211.62,0,0,40,40.67,0.1,2.21,0.42,722,5.99,1526.5,1028.12,550.2,20,0.89,0,0,1.92,1.36,0.01,0.11,16.46,-54.9
2025-12-14T13:35:00Z,-313.16,-201.01,0,0,41,40.67,0.11,2.47,6.47,724.24,6.71,1528.9,1074.06,549.86,19.93,0.85,0,0,1.97,1.36,0.01,0.12,17.07,-54.31
2025-12-14T13:40:00Z,-278.44,-267.46,0,0,41,40.67,0.11,2.52,24.45,724.62,7.69,1531.29,1048.03,543.48,19.87,1.1,0,0,1.97,1.36,0.01,0.12,15.5,-54
2025-12-14T13:45:00Z,-318.16,-256.1,0,0,40,40.67,0.11,2.32,16.62,741.48,6.69,1533.69,1015.64,540.67,19.8,1.03,0,0,1.92,1.36,0.01,0.11,15.77,-53.59
2025-12-14T13:50:00Z,-306.29,-242.36,0,0,40,40.67,0.11,2.27,0.5,731.93,6.59,1536.08,1024.97,548.24,19.73,1,0,0,1.92,1.36,0.01,0.11,15.9,-56.74
2025-12-14T13:55:00Z,-313.55,-260.29,0,0,40,40.67,0.11,2.32,0,745.02,5.97,1538.48,1028.65,559.03,19.67,1.06,0,0,1.92,1.36,0.01,0.11,15.61,-56.74
2025-12-14T14:00:00Z,-334.62,-225.04,0,0,40,40.67,0.11,2.59,0,734.92,6.42,1540.88,1032.86,559.57,19.6,0.93,0,0,1.92,1.36,0.01,0.13,16.5,-56.45
2025-12-14T14:05:00Z,-290.54,-256.64,0,0,43,40.67,0.11,0,0.4,733.32,8.21,1537.53,1049.29,555.82,19.67,1.07,0,0,2.06,1.36,0.01,0,15.63,-57.04
2025-12-14T14:10:00Z,-308.12,-215.97,0,0,40,40.67,0.1,0,1.85,733.5,6.55,1534.18,1034.87,560.93,19.73,0.86,0,0,1.92,1.36,0.01,0,15.88,-57.7
2025-12-14T14:15:00Z,-294.06,-255.68,0,0,42,40.67,0.11,0,2.03,715.72,7.23,1530.83,1059.41,566.31,19.8,1.07,0,0,2.02,1.36,0.01,0,15.52,-60.39
2025-12-14T14:20:00Z,-296.74,-316.34,0,0,41,40.67,0.11,0,33.98,744.51,3.76,1527.49,1037.25,570.38,19.87,1.22,0,0,1.97,1.36,0.01,0,14.27,-69.66
2025-12-14T14:25:00Z,-272.76,-243.11,0,0,40,40.67,0.11,0,10.2,679.24,2.75,1524.14,1087.36,572.21,19.93,1.03,0,0,1.92,1.36,0.01,0,15.18,-68.71
2025-12-14T14:30:00Z,-249.39,-329.99,0,0,42,40.67,0.11,0,0.83,717.33,3.32,1520.79,1030.31,561.31,20,1.39,0,0,2.02,1.36,0.01,0,13.72,-59
2025-12-14T14:35:00Z,-159.06,-465.28,0,0,43,40.67,0.11,1.37,4.44,753.14,6.37,1530.89,1081.67,566.76,20.12,1.92,0,0,2.06,1.36,0.01,0.07,10.81,-61.74
2025-12-14T14:40:00Z,-213.27,-436.97,0,0,40,40.67,0.11,2.08,0,757.11,3.19,1541,1040.31,567.09,20.23,1.76,0,0,1.92,1.36,0.01,0.1,11.3,-66.02
2025-12-14T14:45:00Z,-143.35,-487.06,0,0,40,40.67,0.11,3.31,0,724.9,2.87,1551.1,1092.62,567.84,20.35,2.07,0,0,1.92,1.36,0.01,0.16,9.56,-89
2025-12-14T14:50:00Z,-182.39,-490.67,0,0,41,40.67,0.11,4.24,7.72,739.94,1.25,1561.2,1089.92,554.58,20.47,2.08,0,0,1.97,1.36,0.01,0.21,10.18,-83.57
2025-12-14T14:55:00Z,-123.47,-535.5,0,0,40,40.67,0.11,5.34,0,723.69,0.68,1571.3,1105.68,572.88,20.58,2.35,0,0,1.92,1.36,0.01,0.26,8.39,-74.66
2025-12-14T15:00:00Z,-205.19,-537.65,0,0,42,40.67,0.11,6.73,67.12,730.9,3.14,1581.4,1096.2,556.15,20.7,2.24,0,0,2.02,1.36,0.01,0.33,10.22,-69.66
2025-12-14T15:05:00Z,-139.6,-577.74,0,0,40,40,0.11,6.52,27.01,751.54,2.42,1583.97,1045.21,561.15,20.88,2.39,0,0,1.92,1.34,0.01,0.32,8.29,-80
2025-12-14T15:10:00Z,-100.6,-557.4,0,0,43,40.67,0.11,6.71,11.07,705.56,3.76,1586.53,1140.92,568.16,21.07,2.59,0,0,2.06,1.36,0.01,0.33,8.11,-89
2025-12-14T15:15:00Z,-155.77,-457.84,0,0,42,40.67,0.11,6.67,3.3,667.14,2.19,1589.09,1159.33,571.36,21.25,2.23,0,0,2.02,1.36,0.01,0.33,10.23,-55.94
2025-12-14T15:20:00Z,-182.58,-470.13,0,0,43,40.67,0.11,6.59,7.07,711.03,7.15,1591.66,1051.24,552.73,21.43,2.16,0,0,2.06,1.36,0.01,0.32,10.88,-50.3
2025-12-14T15:25:00Z,-147.44,-520.11,0,0,41,40.67,0.11,6.41,5.23,751.97,9.51,1594.22,982.05,551.37,21.62,2.22,0,0,1.97,1.36,0.01,0.32,9.63,-52.82
2025-12-14T15:30:00Z,-139.11,-513.38,0,0,40,40,0.11,6.06,24.73,733.25,6.9,1596.79,1044.04,564.58,21.8,2.15,0,0,1.92,1.34,0.01,0.3,9.45,-59
2025-12-14T15:35:00Z,-74.83,-536.32,0,0,42,40.67,0.11,6.38,13.52,737.75,7.2,1580.04,1053.63,562.4,21.67,2.34,0,0,2.02,1.36,0.01,0.31,8.97,-53.15
2025-12-14T15:40:00Z,-59.04,-539.79,0,0,42,40.67,0.11,6.33,6.59,746.48,9.53,1563.3,1036.47,550.29,21.53,2.34,0,0,2.02,1.36,0.01,0.31,8.94,-53.7
2025-12-14T15:45:00Z,-110.93,-487.09,0,0,41,40.67,0.1,6.24,4.1,731.39,7.25,1546.56,1063.7,550.81,21.4,2.14,0,0,1.97,1.36,0.01,0.31,10.16,-50.88
2025-12-14T15:50:00Z,-82.62,-514.03,0,0,43,40.67,0.11,6.38,18.59,726.9,8.63,1529.81,1054.95,543.66,21.27,2.28,0,0,2.06,1.36,0.01,0.31,9.89,-54.23
2025-12-14T15:55:00Z,-105.99,-497.3,0,0,42,40,0.11,6.36,73,707.06,9.6,1513.07,1093.53,550.96,21.13,2.08,0,0,2.02,1.34,0.01,0.31,10.69,-51.83
2025-12-14T16:00:00Z,-120.96,-369.93,0,0,40,40.67,0.11,6.78,12.49,665.77,6.87,1496.32,1064.32,544.76,21,1.73,0,0,1.92,1.36,0.01,0.33,12.74,-52
2025-12-14T16:05:00Z,-135.8,-380.6,0,0,40,40,0.11,6.13,33.77,690.24,6.31,1475.03,1071.24,534.74,21.07,1.66,0,0,1.92,1.34,0.01,0.3,12.87,-52.27
2025-12-14T16:10:00Z,-124.92,-358.52,0,0,42,40.67,0.11,6.13,15.58,689.34,7.49,1453.74,1108.51,516.55,21.13,1.65,0,0,2.02,1.36,0.01,0.3,13.79,-51.22
2025-12-14T16:15:00Z,-150.05,-309.38,0,0,43,40,0.11,6.15,7.53,695.6,10.96,1432.45,1096.66,514.68,21.2,1.43,0,0,2.06,1.34,0.01,0.3,15.42,-42.74
2025-12-14T16:20:00Z,-150.07,-250.42,0,0,40,40.67,0.11,0,9,690.38,9.33,1411.16,1051.75,447.74,21.27,1.04,0,0,1.92,1.36,0.01,0,14.97,-43.5
2025-12-14T16:25:00Z,-171.62,-192.03,0,-0.1,41,40.67,0.11,0,1.64,677.7,9.25,1389.87,1105.83,453.43,21.33,0.83,0,0,1.97,1.36,0.01,0,16.73,-59
2025-12-14T16:30:00Z,-125.93,-212.56,0,-0.1,41,40,0.11,0,22.76,654.64,7.13,1368.58,1124.47,489.04,21.4,0.92,0,0,1.97,1.34,0.01,0,16,-43.95
2025-12-14T16:35:00Z,-104.71,-220.12,0,0,42,40.67,0.11,0,9.26,676.59,8.38,1336.75,1084.52,441.5,21.32,0.96,0,0,2.02,1.36,0.01,0,16.27,-43.86
2025-12-14T16:40:00Z,-58.91,-226.32,0,0,43,40.67,0.11,0,7.53,670.06,10.32,1304.93,1141.24,455.57,21.23,1.01,0,0,2.06,1.36,0.01,0,16.25,-39.23
2025-12-14T16:45:00Z,-63.35,-242.9,0,0,42,40,0.11,0,37.29,692.98,10.54,1273.1,1106.04,465.51,21.15,0.99,0,0,2.02,1.34,0.01,0,15.89,-38.77
2025-12-14T16:50:00Z,-10.57,-215.02,0,0,40,40.67,0.11,0,43.06,668.72,9.79,1241.28,1093.67,461.76,21.07,0.88,0,0,1.92,1.36,0.01,0,15.89,-89
2025-12-14T16:55:00Z,-73.8,-63.91,0,0,40,40.67,0.11,0,31.49,621.2,2.24,1209.45,1149.25,442.75,20.98,0.29,0,0,1.92,1.36,0.01,0,19.93,-89
2025-12-14T17:00:00Z,-46.15,-106.48,0,0,45,40.67,0.11,0,116.66,585.48,2.94,1177.63,1183.61,473.84,20.9,0.47,0,0,2.16,1.36,0.01,0,20.18,-20
2025-12-14T17:05:00Z,-8.11,-98.93,0,0,39,40,0.11,0,7.81,659.89,6.93,1137.44,1082.05,453.47,20.92,0.42,0,0,1.87,1.34,0.01,0,18.8,-89
2025-12-14T17:10:00Z,-35.97,-27.58,0,0,42,0,0.11,3.16,20.46,594.44,4.01,1097.25,959.06,336.5,20.93,0.09,0,0,2.02,0,0.01,0.16,14.75,-117.57
2025-12-14T17:15:00Z,-16.53,-61.26,0,0,41,0,0.11,4.97,34.86,635.51,110.94,1057.05,1085.28,362.4,20.95,0.16,0,0,1.97,0,0.01,0.24,13.64,-100
2025-12-14T17:20:00Z,-58.77,0,130.77,0,42,0,0.11,5.2,29.6,533.36,112.22,1016.86,1221.11,335.78,20.97,0,5.34,0,2.02,0,0.01,0.26,58.98,-31.08
2025-12-14T17:25:00Z,-47.69,-2.97,0,0,40,0,0.11,5.23,69.79,640.49,122.2,976.67,1092.17,315.46,20.98,0.01,0,0,1.92,0,0.01,0.26,14.47,-20
2025-12-14T17:30:00Z,-51.3,0,8.66,0,39,0,0.11,5.77,0,724.06,120.91,936.48,1036.34,298.78,21,0,0.35,0,1.87,0,0.01,0.28,17.06,-20.27
2025-12-14T17:35:00Z,-100.54,0,90.39,0,41,0,0.11,4.01,1.16,731.8,120.76,894.97,1043.49,304.76,20.83,0,3.73,0,1.97,0,0.01,0.2,44.21,-21
2025-12-14T17:40:00Z,-94.53,0,8.57,0,40,0,0.11,2.09,21.39,720.44,120.87,853.45,1050.68,197.85,20.67,0,0.36,0,1.92,0,0.01,0.1,17.31,-21
2025-12-14T17:45:00Z,-68.59,0,46.01,0,42,0,0.11,0,9.7,685.56,222.36,811.94,1090.29,187.71,20.5,0,1.92,0,2.02,0,0.01,0,28.55,-20
2025-12-14T17:50:00Z,-8.66,-12.79,0,0,40,0,0.11,0,0.68,743.56,217.65,770.43,987.98,148.72,20.33,0.02,0,0,1.92,0,0.01,0,13.03,-15.08
2025-12-14T17:55:00Z,-25.75,-104.27,0,0,40,0,0.11,0,0.58,891.48,230.68,728.91,815.82,106.77,20.17,0.17,0,0,1.92,0,0.01,0,11.94,-11.78
2025-12-14T18:00:00Z,-15.68,-161.27,0,0,40,0,0.11,0,0.37,953.45,235.52,687.4,832.64,127.5,20,0.25,0,0,1.92,0,0.01,0,11.54,-9.67
2025-12-14T18:05:00Z,-8.28,-236.63,0,0,42,0,0.11,0,6.04,1058.64,225.53,647.47,672.62,92.47,19.87,0.36,0,0,2.02,0,0.01,0,11.5,-7
2025-12-14T18:10:00Z,-21.53,-300.36,0,0,40,0,0.11,0,0.05,1144.02,253.56,607.53,538.92,25.15,19.73,0.4,0,0,1.92,0,0.01,0,10.61,-8.5
2025-12-14T18:15:00Z,-6.92,-300.78,0,0,40,34.63,0.11,0,0.66,1119.32,225.77,567.6,622.15,54.25,19.6,0.65,0,0,1.92,1.16,0.01,0,17.37,-7
2025-12-14T18:20:00Z,-0.16,-327.34,0,0,42,56.11,0.11,0,9.31,1154.67,214.69,527.66,525.11,18.25,19.47,0.86,0,0,2.02,1.88,0.01,0,21.73,-7
2025-12-14T18:25:00Z,-0.68,-404.72,0,0,41,110.47,0.11,0,3.67,1219.86,205.13,487.73,475.28,24.77,19.33,1.45,0,0,1.97,3.7,0.01,0,30.46,-5.06
2025-12-14T18:30:00Z,-0.42,-450.27,0,0,40,160.13,0.11,0,0.39,1257.62,195.9,447.79,381.69,12.54,19.2,1.98,0,0,1.92,5.36,0.01,0,38.55,-3.08
2025-12-14T18:35:00Z,-4.42,-421.03,0,0,40,173.55,0.11,0,0,1271.15,169.83,413.46,411.71,11.62,18.95,1.97,0,0,1.92,5.81,0.01,0,42.14,-7.98
2025-12-14T18:40:00Z,-0.11,-294.94,0,0,44,172.21,0.11,0,25.78,1137.44,170.31,379.12,415.59,5.75,18.7,1.5,0,0,2.11,5.77,0.01,0,46.89,-7.25
2025-12-14T18:45:00Z,-2.09,-339.18,0,0,40,171.54,0.11,0,1.16,1263.81,137.23,344.79,305.71,49.04,18.45,1.61,0,0,1.92,5.74,0.01,0,44.95,-7.25
2025-12-14T18:50:00Z,-7.9,-337.17,0,0,40,170.87,0.11,0,3.92,1318.23,128.04,310.46,303.8,13.49,18.2,1.55,0,0,1.92,5.72,0.01,0,44.97,-11.66
2025-12-14T18:55:00Z,-7.7,-185.52,0,0,42,170.87,0.11,0,9.59,1209.81,109.59,276.13,386.08,50.02,17.95,0.93,0,0,2.02,5.72,0.01,0,50.31,-7.01
2025-12-14T19:00:00Z,-15.56,-296.86,0,0,40,171.54,0.11,0,3.26,1351.09,94.27,241.79,191.69,46.87,17.7,1.37,0,0,1.92,5.74,0.01,0,47.55,-7
2025-12-14T19:05:00Z,-14.15,-420.62,0,0,40,170.87,0.11,0,3.71,1512.81,79.71,216.38,112.61,19.05,17.5,1.78,0,0,1.92,5.72,0.01,0,44.32,-3.25
2025-12-14T19:10:00Z,-4.27,-465.52,0,0,40,171.54,0.11,0,0.29,1571.12,68.44,190.97,22.66,0,17.3,1.93,0,0,1.92,5.74,0.01,0,43.81,2.6
2025-12-14T19:15:00Z,-0.03,-472.35,0,0,41,171.54,0.1,0,12.56,1596.13,56.87,165.56,0,0,17.1,1.94,0,0,1.97,5.74,0.01,0,44.11,30.4
2025-12-14T19:20:00Z,0,-433.87,0,0,41,171.54,0.11,0,10.63,1595.73,46.49,140.15,0,0,16.9,1.79,0,0,1.97,5.74,0.01,0,45.22,31.29
2025-12-14T19:25:00Z,-0.05,-382.59,0,0,42,171.54,0.11,0,12.23,1563.01,29.05,114.74,0,0,16.7,1.63,0,0,2.02,5.74,0.01,0,47.47,54.74
2025-12-14T19:30:00Z,0,-366.33,0,0,40,171.54,0.11,0,15.84,1550.45,24.92,89.33,0,0,16.5,1.56,0,0,1.92,5.74,0.01,0,48.06,58.97
2025-12-14T19:35:00Z,-1.25,-321.63,0,0,40,172.21,0.11,0,8.48,1524.16,14.43,76.17,0,0,16.35,1.41,0,0,1.92,5.77,0.01,0,49.87,8.12
2025-12-14T19:40:00Z,-0.53,-312.42,0,0,40,172.21,0.11,0,3.86,1528.47,9.81,63,0,0,16.2,1.37,0,0,1.92,5.77,0.01,0,50.43,54.52
2025-12-14T19:45:00Z,-3.41,-259.63,0,0,40,172.88,0.11,0,3.07,1485.56,5.82,49.84,0,0,16.05,1.17,0,0,1.92,5.79,0.01,0,52.54,42.53
2025-12-14T19:50:00Z,-0.94,-260.89,0,-0.1,40,172.88,0.11,0,4.26,1496.27,2.58,36.67,0,0,15.9,1.17,0,0,1.92,5.79,0.01,0,52.66,35.07
2025-12-14T19:55:00Z,-0.39,-221.54,0,-0.1,40,172.88,0.11,0,5.33,1482.12,1.16,23.51,0,0,15.75,1,0,0,1.92,5.79,0.01,0,53.57,48.9
2025-12-14T20:00:00Z,-0.64,-200.17,0,0,41,173.55,0.11,0,5.4,1448.07,0.18,10.34,0,0,15.6,0.93,0,0,1.97,5.81,0.01,0,55.63,64.57
2025-12-14T20:05:00Z,-1.19,-187.82,0,0,40,173.55,0.11,0,17.68,1415.77,0.06,8.62,0,0,15.53,0.88,0,0,1.92,5.81,0.01,0,56.08,56.35
2025-12-14T20:10:00Z,-0.5,-183.06,0,0,40,174.22,0.11,0,29.32,1388.45,0,6.9,0,0,15.47,0.87,0,0,1.92,5.83,0.01,0,56.8,64.58
2025-12-14T20:15:00Z,-1.01,-138.47,0,0,40,174.22,0.11,0,22.36,1356.58,0,5.17,0,0,15.4,0.67,0,0,1.92,5.83,0.01,0,58.28,84.06
2025-12-14T20:20:00Z,-1.51,-144.29,0,0,40,174.22,0.11,0,17.43,1364.08,0,3.45,0,0,15.33,0.7,0,0,1.92,5.83,0.01,0,58.27,66.87
2025-12-14T20:25:00Z,-1.23,-174.28,0,0,40,174.22,0.11,0,27.98,1377.57,0,1.72,0,0,15.27,0.83,0,0,1.92,5.83,0.01,0,57.46,65.07
2025-12-14T20:30:00Z,-0.47,-168.8,0,0,40,174.22,0.11,0,28.28,1370.07,0,0,0,0,15.2,0.81,0,0,1.92,5.83,0.01,0,57.76,62.46
2025-12-14T20:35:00Z,-0.29,-160.67,0,0,41,174.89,0.11,0,34.51,1372.26,0,0,0,0,15.13,0.78,0,0,1.97,5.86,0.01,0,57.91,46.62
2025-12-14T20:40:00Z,-0.18,-98.45,0,0,41,174.89,0.1,0,15.75,1355.02,0,0,0,0,15.07,0.49,0,0,1.97,5.86,0.01,0,59.22,56.98
2025-12-14T20:45:00Z,-1.56,-108.12,0,0,40,175.57,0.11,0,39.75,1338.75,0,0,0,0,15,0.53,0,0,1.92,5.88,0.01,0,58.81,67.58
2025-12-14T20:50:00Z,-3.24,-92.1,0,0,40,174.89,0.11,0,24.43,1321.76,0,0,0,0,14.93,0.46,0,0,1.92,5.86,0.01,0,59.95,69.89
2025-12-14T20:55:00Z,-1.56,-90.65,0,0,40,175.57,0.11,0,29.48,1316.13,0,0,0,0,14.87,0.45,0,0,1.92,5.88,0.01,0,60.05,60.71
2025-12-14T21:00:00Z,-0.71,-112.02,0,0,40,175.57,0.11,0,55.84,1321.41,0,0,0,0,14.8,0.55,0,0,1.92,5.88,0.01,0,58.82,39.95
2025-12-14T21:05:00Z,-2.82,-213.44,0,0,40,175.57,0.11,0,144.26,1340.9,0,0,0,0,14.77,0.98,0,0,1.92,5.88,0.01,0,55.17,49.11
2025-12-14T21:10:00Z,-1.5,-162.5,0,0,40,176.24,0.11,0,117.48,1310.67,0,0,0,0,14.73,0.77,0,0,1.92,5.9,0.01,0,57.17,68.71
2025-12-14T21:15:00Z,-0.88,-220.65,0,-0.1,40,170.87,0.1,0,142.82,1339.17,0,0,0,0,14.7,1,0,0,1.92,5.72,0.01,0,54.24,68.28
2025-12-14T21:20:00Z,-3.68,-94.38,0,-0.1,40,123.89,0.11,0,32.24,1329.27,0,0,0,0,14.67,0.38,0,0,1.92,4.15,0.01,0,47.91,56.84
2025-12-14T21:25:00Z,-0.16,-144.77,0,-0.1,41,66.18,0.11,0,166.67,1324.2,0,0,0,0,14.63,0.38,0,0,1.97,2.22,0.01,0,31.47,68.56
2025-12-14T21:30:00Z,-0.52,0,38.34,-0.1,40,10.47,0.11,0,37.69,1288.93,0,0,0,0,14.6,0,1.99,0,1.92,0.35,0.01,0,38.26,67.95
2025-12-14T21:35:00Z,-1.12,0,63.43,-0.1,40,0,0.11,0,40.32,1274.56,0,0,0,0,14.55,0,3.26,0,1.92,0,0.01,0,48.21,70.67
2025-12-14T21:40:00Z,-1.02,0,39.54,0,40,0,0.11,0,85.18,1258.07,0,0,0,0,14.5,0,2.04,0,1.92,0,0.01,0,35.48,66.35
2025-12-14T21:45:00Z,-0.03,0,91.51,0,41,0,0.11,0,65.76,1219.55,0,0,0,0,14.45,0,4.76,0,1.97,0,0.01,0,65.43,69.17
2025-12-14T21:50:00Z,-1.82,0,121.71,0,40,0,0.11,0,27.31,1202.83,0,0,0,0,14.4,0,6.38,0,1.92,0,0.01,0,86.94,70.45
2025-12-14T21:55:00Z,-0.35,0,135.06,0,40,0,0.11,0,54.48,1158.59,0,0,0,0,14.35,0,7.07,0,1.92,0,0.01,0,96.59,66.45
2025-12-14T22:00:00Z,-0.92,0,83.51,0,40,0,0.11,0,150.43,1134.23,0,0,0,0,14.3,0,4.42,0,1.92,0,0.01,0,61.39,67.46
2025-12-14T22:05:00Z,-0.63,0,80.44,0,40,0,0.11,0,178.16,1083.03,0,0,0,0,14.3,0,4.22,0,1.92,0,0.01,0,60.42,67.89
2025-12-14T22:10:00Z,-0.08,0,39.37,0,40,0,0.11,0,225.56,1080.52,0,0,0,0,14.3,0,2.1,0,1.92,0,0.01,0,37.01,69.14
2025-12-14T22:15:00Z,-0.29,0,77.22,0,40,0,0.11,0,146.13,1101.73,0,0,0,0,14.3,0,4.06,0,1.92,0,0.01,0,59.37,69.7
2025-12-14T22:20:00Z,-0.77,0,164.59,0,41,0,0.11,0,56.18,1103.36,0,0,0,0,14.3,0,8.76,0,1.97,0,0.01,0,124.37,67.66
2025-12-14T22:25:00Z,0,0,67.03,0,42,0,0.11,0,171.6,1086.72,0,0,0,0,14.3,0,3.59,0,2.02,0,0.01,0,54.65,74.1
2025-12-14T22:30:00Z,-0.84,0,191.53,0,39,0,0.11,0,47.71,1078.7,0,0,0,0,14.3,0,9.99,0,1.87,0,0.01,0,146.34,69.37
2025-12-14T22:35:00Z,-2.66,0,122.5,0,40,0,0.11,0,80.17,1099.74,0,0,0,0,14.2,0,6.48,0,1.92,0,0.01,0,92.09,68.02
2025-12-14T22:40:00Z,-0.95,0,0,0,40,0,0.11,0,169.65,1141.81,0,0,0,0,14.1,0,0,0,1.92,0,0.01,0,17.11,61.41
2025-12-14T22:45:00Z,-0.14,-15.48,0,0,41,0,0.1,0,170.43,1161.96,0,0,0,0,14,0.02,0,0,1.97,0,0.01,0,17.25,63.52
2025-12-14T22:50:00Z,-0.13,0,110.43,0,41,0,0.11,0,45.25,1155.24,0,0,0,0,13.9,0,5.87,0,1.97,0,0.01,0,83.26,69.04
2025-12-14T22:55:00Z,-0.42,0,119.15,0,40,0,0.11,0,30.7,1142.86,0,0,0,0,13.8,0,6.48,0,1.92,0,0.01,0,92.21,69.01
2025-12-14T23:00:00Z,-0.17,0,64.96,0,40,0,0.1,0,62.51,1145.6,0,0,0,0,13.7,0,3.56,0,1.92,0,0.01,0,55.67,68.61
2025-12-14T23:05:00Z,-0.26,0,104.2,0,40,0,0.11,0,27.51,1137.16,0,0,0,0,13.67,0,5.72,0,1.92,0,0.01,0,83.44,68.6
2025-12-14T23:10:00Z,-0.16,0,116.02,0,41,0,0.11,0,33.89,1133.86,0,0,0,0,13.63,0,6.33,0,1.97,0,0.01,0,91.18,72.91
2025-12-14T23:15:00Z,-0.55,0,71.29,0,40,0,0.1,0,95.35,1112.44,0,0,0,0,13.6,0,3.73,0,1.92,0,0.01,0,57.73,70.05
2025-12-14T23:20:00Z,-0.11,0,146.91,-0.1,41,0,0.11,0,35.52,1082.8,0,0,0,0,13.57,0,7.82,0,1.97,0,0.01,0,116.05,73.11
2025-12-14T23:25:00Z,-0.1,0,131.51,0,41,0,0.11,0,42.77,1082.49,0,0,0,0,13.53,0,6.86,0,1.97,0,0.01,0,102.44,79.81
2025-12-14T23:30:00Z,-1.11,0,85.43,0,40,0,0.11,0,79.4,1091.07,0,0,0,0,13.5,0,4.54,0,1.92,0,0.01,0,68.99,73.27
2025-12-14T23:35:00Z,-0.02,0,78.55,0,40,0,0.1,0,110.37,1072.02,0,0,0,0,13.55,0,4.16,0,1.92,0,0.01,0,63.8,69.75
2025-12-14T23:40:00Z,0,0,94.11,0,42,0,0.1,0,129.52,1073.56,0,0,0,0,13.6,0,5.11,0,2.02,0,0.01,0,74.34,78.49
2025-12-14T23:45:00Z,-0.25,0,116.6,0,40,0,0.11,0,115.06,1055.23,0,0,0,0,13.65,0,5.96,0,1.92,0,0.01,0,86.59,88.37
2025-12-14T23:50:00Z,-0.24,0,56.53,0,41,0,0.11,0,174.64,1041.08,0,0,0,0,13.7,0,2.99,0,1.97,0,0.01,0,49.64,66.05
2025-12-14T23:55:00Z,-0.62,-29.67,0,-0.1,40,0,0.11,0,300.45,1034.97,0,0,0,0,13.75,0.04,0,0,1.92,0,0.01,0,16.81,76.09
2025-12-15T00:00:00Z,-0.15,0,133.3,-0.1,41,0,0.11,0,102.29,1046.59,0,0,0,0,13.8,0,6.87,0,1.97,0,0.01,0,100.44,76.95
2025-12-15T00:05:00Z,-5.2,0,240.65,-0.1,40,0,0.11,0,23.89,1034.47,0,0,0,0,13.83,0,12.61,0,1.92,0,0.01,0,204.65,68.66
2025-12-15T00:10:00Z,-1.76,0,1.26,-0.1,40,0,0.11,0,271.32,1031.64,0,0,0,0,13.87,0,0.07,0,1.92,0,0.01,0,17.86,75.32
2025-12-15T00:15:00Z,-0.64,0,111.36,-0.1,40,0,0.11,0,144.14,1045.2,0,0,0,0,13.9,0,5.97,0,1.92,0,0.01,0,84.82,73.23
2025-12-15T00:20:00Z,-1.74,-7.33,0,-0.1,40,0,0.1,0,275.08,1051.94,0,0,0,0,13.93,0.01,0,0,1.92,0,0.01,0,16.93,68.73
2025-12-15T00:25:00Z,-0.22,-135.48,0,-0.1,40,0,0.11,0,395.23,1074.79,0,0,0,0,13.97,0.17,0,0,1.92,0,0.01,0,15.31,72.42
2025-12-15T00:30:00Z,-1.03,0,103.3,0,40,0,0.11,0,169.71,1060.49,0,0,0,0,14,0,5.86,0,1.92,0,0.01,0,80.14,75.74
2025-12-15T00:35:00Z,-0.24,0,231.46,0,40,0,0.1,0,79.99,1025.5,0,0,0,0,14.07,0,13.07,0,1.92,0,0.01,0,196.87,79.34
2025-12-15T00:40:00Z,-0.51,0,185.11,0,40,0,0.11,0,120.27,1034.94,0,0,0,0,14.13,0,10.3,0,1.92,0,0.01,0,145.36,79.52
2025-12-15T00:45:00Z,-0.46,0,141.04,0,40,0,0.11,0,191.52,1009.44,0,0,0,0,14.2,0,8.09,0,1.92,0,0.01,0,109.34,84.14
2025-12-15T00:50:00Z,-1.83,0,197.51,0,40,0,0.11,0,141.43,990.39,0,0,0,0,14.27,0,11.56,0,1.92,0,0.01,0,166.45,91.69
2025-12-15T00:55:00Z,-0.38,0,276.13,-0.1,40,0,0.11,0,84.24,964.56,0,0,0,0,14.33,0,16.3,0,1.92,0,0.01,0,269.18,76.72
2025-12-15T01:00:00Z,-0.17,0,182.13,0,40,0,0.11,0,181.64,975.75,0,0,0,0,14.4,0,10.9,0,1.92,0,0.01,0,151.66,78.42
2025-12-15T01:05:00Z,-0.15,0,249.7,-0.1,40,0,0.11,0,97.47,994.83,0,0,0,0,14.38,0,15.02,0,1.92,0,0.01,0,230.42,79.05
2025-12-15T01:10:00Z,-0.75,0,125.37,0,40,0,0.11,0,224.23,1002.93,0,0,0,0,14.37,0,7.77,0,1.92,0,0.01,0,101.93,80.33
2025-12-15T01:15:00Z,-0.11,0,181.01,0,40,0,0.11,0,167.96,992.69,0,0,0,0,14.35,0,11.28,0,1.92,0,0.01,0,155.41,80.62
2025-12-15T01:20:00Z,-2.23,0,280.13,0,40,0,0.11,0,56.48,998.93,0,0,0,0,14.33,0,17.43,0,1.92,0,0.01,0,285.62,79.73
2025-12-15T01:25:00Z,-2.43,0,260.84,-0.1,40,0,0.11,0,56.6,1007.08,0,0,0,0,14.32,0,16.16,0,1.92,0,0.01,0,258.2,73.92
2025-12-15T01:30:00Z,-0.46,0,195.24,-0.1,40,0,0.11,0,83.57,1035.14,0,0,0,0,14.3,0,12.33,0,1.92,0,0.01,0,177.63,73.32
2025-12-15T01:35:00Z,-0.45,0,197.24,-0.1,40,0,0.11,0,57.31,1052.19,0,0,0,0,14.17,0,12.49,0,1.92,0,0.01,0,181.8,55.69
2025-12-15T01:40:00Z,-2.24,0,205.07,0,40,0,0.11,0,63.1,1070.36,0,0,0,0,14.03,0,12.75,0,1.92,0,0.01,0,182.26,60.08
2025-12-15T01:45:00Z,-1.56,0,217.6,-0.1,41,0,0.11,0,63.5,1062.65,0,0,0,0,13.9,0,13.47,0,1.97,0,0.01,0,195.5,69.81
2025-12-15T01:50:00Z,-0.61,0,159.94,-0.1,40,0,0.11,0,99.54,1062.34,0,0,0,0,13.77,0,9.94,0,1.92,0,0.01,0,136.73,63.44
2025-12-15T01:55:00Z,-0.81,0,177.27,-0.1,40,0,0.11,0,57.93,1073.4,0,0,0,0,13.63,0,11.02,0,1.92,0,0.01,0,156.35,57.42
2025-12-15T02:00:00Z,-2.6,0,182.61,-0.1,40,0,0.11,0,56.46,1060.53,0,0,0,0,13.5,0,11.3,0,1.92,0,0.01,0,163.3,60.08
2025-12-15T02:05:00Z,-103.74,0,286.19,0,40,0,0.11,0,68.96,1044.83,0,0,0,0,13.38,0,17.48,0,1.92,0,0.01,0,304.76,39.99
2025-12-15T02:10:00Z,-111.14,0,271.42,0,42,0,0.11,0,130.27,1025.49,0,0,0,0,13.27,0,16.68,0,2.02,0,0.01,0,275.25,56.2
2025-12-15T02:15:00Z,-107.64,0,363.68,0,40,0,0.11,0,51.55,998.43,0,0,0,0,13.15,0,22.48,0,1.92,0,0.01,0,473.38,60.08
2025-12-15T02:20:00Z,-87.61,0,340.49,0,40,0,0.11,0,57.05,991.79,0,0,0,0,13.03,0,21.08,0,1.92,0,0.01,0,417.75,60.08
2025-12-15T02:25:00Z,-37.85,0,287.44,0,40,0,0.11,0,57.21,977.96,0,0,0,0,12.92,0,17.81,0,1.92,0,0.01,0,315.78,60.08
2025-12-15T02:30:00Z,-27.56,0,235.73,0,40,0,0.11,0,57.09,996,0,0,0,0,12.8,0,14.66,0,1.92,0,0.01,0,239.77,35.1
2025-12-15T02:35:00Z,-0.37,0,228.06,0,40,0,0.11,0,51.37,983.02,0,0,0,0,12.68,0,14.24,0,1.92,0,0.01,0,229.27,62.9
2025-12-15T02:40:00Z,-0.11,0,237.3,0,41,0,0.11,0,66.05,960.16,0,0,0,0,12.57,0,14.77,0,1.97,0,0.01,0,242.18,70.16
2025-12-15T02:45:00Z,-2.2,0,231.72,-0.1,40,0,0.11,0,56.78,963.88,0,0,0,0,12.45,0,14.29,0,1.92,0,0.01,0,235.37,40.81
2025-12-15T02:50:00Z,-2.66,0,209.09,0,40,0,0.11,0,51.89,988.4,0,0,0,0,12.33,0,12.87,0,1.92,0,0.01,0,204.38,40.57
2025-12-15T02:55:00Z,-1.16,0,215.44,0,40,0,0.11,0,51.28,990.42,0,0,0,0,12.22,0,13.27,0,1.92,0,0.01,0,210.78,38.09
2025-12-15T03:00:00Z,-1.4,0,234.4,0,40,0,0.11,0,50.28,981.54,0,0,0,0,12.1,0,14.33,0,1.92,0,0.01,0,233.31,48.02
2025-12-15T03:05:00Z,-104.01,0,315.87,0,41,0,0.1,0,51.95,987.53,0,0,0,0,12.23,0,19.09,0,1.97,0,0.01,0,382.59,42.12
2025-12-15T03:10:00Z,-3.02,0,234.41,0,40,0,0.11,0,0.28,998.19,0,0,0,0,12.37,0,14.08,0,1.92,0,0.01,0,239.78,36.22
2025-12-15T03:15:00Z,-3.57,0,239.58,0,40,0,0.11,0,0.63,999.96,0,0,0,0,12.5,0,14.41,0,1.92,0,0.01,0,245.74,49.83
2025-12-15T03:20:00Z,-1.23,0,237.95,0,41,0,0.11,0,0.42,1002.6,0,0,0,0,12.63,0,14.81,0,1.97,0,0.01,0,250.25,52.46
2025-12-15T03:25:00Z,-106.52,0,323.37,0,40,0,0.1,0,0.25,1016.55,0,0,0,0,12.77,0,20.1,0,1.92,0,0.01,0,421.53,39.31
2025-12-15T03:30:00Z,-2.07,0,195.98,0,40,0,0.11,0,0.52,1038.46,0,0,0,0,12.9,0,12.18,0,1.92,0,0.01,0,192.17,46.16
2025-12-15T03:35:00Z,-1.28,0,167.15,-0.1,40,0,0.11,0,32.06,1032.92,0,0,0,0,13.03,0,10.4,0,1.92,0,0.01,0,157.89,44.34
2025-12-15T03:40:00Z,-105.16,0,312.97,0,40,0,0.11,0,0.72,1051.01,0,0,0,0,13.17,0,19.07,0,1.92,0,0.01,0,373.91,45.07
2025-12-15T03:45:00Z,-5.16,0,166.65,0,40,0,0.11,0,0.26,1064.05,0,0,0,0,13.3,0,10.24,0,1.92,0,0.01,0,156.49,45.3
2025-12-15T03:50:00Z,-5.63,0,180.54,-0.1,40,0,0.11,0,0.47,1051.36,0,0,0,0,13.43,0,11.18,0,1.92,0,0.01,0,173.63,65.38
2025-12-15T03:55:00Z,-0.18,0,168.38,-0.2,40,0,0.11,0,3.26,1039.18,0,0,0,0,13.57,0,10.44,0,1.92,0,0.01,0,162.44,66.4
2025-12-15T04:00:00Z,-2.07,0,108.39,-0.2,40,0,0.1,0,38.62,1066.11,0,0,0,0,13.7,0,6.68,0,1.92,0,0.01,0,99.8,64.72
2025-12-15T04:05:00Z,-1.38,0,122.86,-0.1,40,0,0.11,0,11.05,1079.49,0,0,0,0,13.67,0,7.5,0,1.92,0,0.01,0,112.43,56.74
2025-12-15T04:10:00Z,-0.1,0,55.88,-0.1,41,0,0.11,0,58.86,1092.99,0,0,0,0,13.63,0,3.37,0,1.97,0,0.01,0,56.44,55.94
2025-12-15T04:15:00Z,-0.03,0,51.91,-0.1,40,0,0.1,0,62.66,1090.6,0,0,0,0,13.6,0,3.17,0,1.92,0,0.01,0,53.63,55.23
2025-12-15T04:20:00Z,-0.74,0,41.28,-0.1,40,0,0.11,0,77.2,1086.5,0,0,0,0,13.57,0,2.53,0,1.92,0,0.01,0,46.01,53.6
2025-12-15T04:25:00Z,-0.13,-112.59,0,0,41,0,0.11,0,227.22,1088.83,0,0,0,0,13.53,0.16,0,0,1.97,0,0.01,0,17.46,41.35
2025-12-15T04:30:00Z,-1.01,-137.18,0,0,40,0,0.11,0,281.57,1085.79,0,0,0,0,13.5,0.19,0,0,1.92,0,0.01,0,16.44,41.34
2025-12-15T04:35:00Z,-1.34,-84.2,0,0,40,0,0.11,0,236.86,1099.91,0,0,0,0,13.4,0.12,0,0,1.92,0,0.01,0,16.8,63.93
2025-12-15T04:40:00Z,-0.6,0,51.19,0,40,0,0.11,0,37.39,1127.16,0,0,0,0,13.3,0,3.08,0,1.92,0,0.01,0,52.14,38.9
2025-12-15T04:45:00Z,-0.09,-187.79,0,0,40,0,0.11,0,298.73,1147.07,0,0,0,0,13.2,0.24,0,0,1.92,0,0.01,0,15.56,50.83
2025-12-15T04:50:00Z,-0.07,-83.28,0,0,40,0,0.11,0,180,1135.13,0,0,0,0,13.1,0.12,0,0,1.92,0,0.01,0,17.06,36.31
2025-12-15T04:55:00Z,-2.39,-200.88,0,0,40,0,0.11,0,315.26,1145.85,0,0,0,0,13,0.26,0,0,1.92,0,0.01,0,15.43,40.29
2025-12-15T05:00:00Z,-0.42,-241.24,0,0,40,0,0.11,0,353.26,1162.89,0,0,0,0,12.9,0.3,0,0,1.92,0,0.01,0,14.86,43.32
2025-12-15T05:05:00Z,-2.96,-216.74,0,0,40,0,0.11,0,344.83,1159.07,0,0.04,0,0,12.93,0.27,0,0,1.92,0,0.01,0,15,36.41
2025-12-15T05:10:00Z,-0.26,-246.92,0,-0.2,41,0,0.11,0,379.59,1157.55,0,0.08,0,0,12.97,0.31,0,0,1.97,0,0.01,0,15.01,62.04
2025-12-15T05:15:00Z,-0.88,-71.17,0,-0.2,40,0,0.11,0,189.89,1132.12,0,0.12,0,0,13,0.1,0,0,1.92,0,0.01,0,16.98,59.55
2025-12-15T05:20:00Z,-0.19,-204.34,0,-0.1,41,0,0.11,0,331.02,1120.19,0,0.16,0,0,13.03,0.27,0,0,1.97,0,0.01,0,15.88,56.2
2025-12-15T05:25:00Z,-0.22,-223.88,0,-0.1,41,0,0.11,0,350.73,1137.14,0,0.19,0,0,13.07,0.29,0,0,1.97,0,0.01,0,15.5,59.62
2025-12-15T05:30:00Z,-0.26,-239.77,0,0,41,0,0.11,0,365.25,1115.58,0.03,0.23,0,0,13.1,0.31,0,0,1.97,0,0.01,0,15.57,56.98
2025-12-15T05:35:00Z,-3.13,-171.71,0,0,40,0,0.11,0,313.47,1121.94,0.14,4.07,0,0,13.23,0.22,0,0,1.92,0,0.01,0,15.65,58.39
2025-12-15T05:40:00Z,-6.01,-101.43,0,-0.1,40,0,0.11,0,228.19,1158.34,0.48,7.91,0,0,13.37,0.14,0,0,1.92,0,0.01,0,16.17,45.86
2025-12-15T05:45:00Z,-3.38,-94.47,0,-0.1,40,0,0.1,0,234.24,1168.64,1.38,11.74,0,0,13.5,0.13,0,0,1.92,0,0.01,0,15.9,45.64
2025-12-15T05:50:00Z,-6.23,-85.1,0,0,40,0,0.11,0,195.89,1192.31,2.33,15.58,0,0,13.63,0.11,0,0,1.92,0,0.01,0,16.05,45.64
2025-12-15T05:55:00Z,-5.89,-113.19,0,0,40,0,0.11,0,225.49,1197.99,6.44,19.41,0,0,13.77,0.15,0,0,1.92,0,0.01,0,15.57,31.31
2025-12-15T06:00:00Z,-4.4,-228.92,0,0,40,0,0.11,0,290.46,1233.53,11.51,23.25,0,0,13.9,0.28,0,0,1.92,0,0.01,0,14.47,15.52
2025-12-15T06:05:00Z,-0.08,-165.97,0,0,41,0,0.11,0,207.28,1242.36,16.88,37.83,0,0,14.03,0.22,0,0,1.97,0,0.01,0,15.28,21.14
2025-12-15T06:10:00Z,-0.19,-49.26,0,0,44,0,0.1,0,71.33,1259.47,21.34,52.42,0,0,14.17,0.07,0,0,2.11,0,0.01,0,17.52,13.49
2025-12-15T06:15:00Z,-0.03,-65.06,0,0,42,0,0.11,0,38.99,1293.3,29.61,67,0,0,14.3,0.09,0,0,2.02,0,0.01,0,16.46,0
2025-12-15T06:20:00Z,-0.09,-179.24,0,0,41,0,0.11,0,142.61,1297.24,42.95,81.58,0,0,14.43,0.23,0,0,1.97,0,0.01,0,14.66,8.18
2025-12-15T06:25:00Z,-0.12,-25.84,0,0,41,0,0.11,0,18.39,1260.77,53.85,96.17,0,0,14.57,0.04,0,0,1.97,0,0.01,0,16.09,7.89
2025-12-15T06:30:00Z,-0.08,-27.39,0,0,42,0,0.11,0,24.6,1249.95,57.33,110.75,0,0,14.7,0.04,0,0,2.02,0,0.01,0,16.32,6.26
2025-12-15T06:35:00Z,-0.57,-108.12,0,0,40,0,0.11,0,99,1231.59,68.62,133.1,0,0,14.7,0.14,0,0,1.92,0,0.01,0,14.61,7.13
2025-12-15T06:40:00Z,-3.09,-49.69,0,0,41,0,0.11,0,20.08,1242.68,88.82,155.45,0,0,14.7,0.07,0,0,1.97,0,0.01,0,15.28,-3.98
2025-12-15T06:45:00Z,-11.92,-88.11,0,-0.1,41,0,0.11,0,23.92,1269.87,103.8,177.8,0,0,14.7,0.12,0,0,1.97,0,0.01,0,14.67,-7.01
2025-12-15T06:50:00Z,-2.87,-49.58,0,-0.1,42,0,0.11,0,16.45,1221,116.16,200.15,36.84,9.7,14.7,0.07,0,0,2.02,0,0.01,0,15.17,-7.01
2025-12-15T06:55:00Z,-1.12,-45.96,0,-0.1,43,0,0.28,0,19.17,1194.75,128.16,222.5,58.54,15.55,14.7,0.07,0,0,2.06,0,0.02,0,15.48,-7.01
2025-12-15T07:00:00Z,-6.81,0,26.21,0,40,0,0.28,0,4.14,1105.2,142.11,244.85,153.01,15.15,14.7,0,1.34,0,1.92,0,0.02,0,26.14,-7.25
2025-12-15T07:05:00Z,-7.07,0,54.99,-0.1,40,0,0.28,0,7.1,1030.37,167.24,274.6,240.41,14.95,14.87,0,2.94,0,1.92,0,0.02,0,40.2,-15.08
2025-12-15T07:10:00Z,-1.62,0,64.52,-0.1,40,0,0.28,0,6.77,1001.09,160.26,304.35,260.84,54.14,15.03,0,3.21,0,1.92,0,0.02,0,42.75,-15.08
2025-12-15T07:15:00Z,-14.45,0,49.17,-0.1,42,0,0.28,0,14.36,996.6,169.38,334.1,253.9,66.32,15.2,0,2.34,0,2.02,0,0.02,0,35.17,-15.08
2025-12-15T07:20:00Z,-41.71,0,55.59,-0.1,43,0,0.11,0,12.21,1005.6,178.96,363.84,251.27,64.37,15.37,0,2.55,0,2.06,0,0.01,0,36.83,-15.08
2025-12-15T07:25:00Z,-23.63,0,71.86,-0.1,41,0,0.11,0,17.09,959.2,170.1,393.59,264.24,84.18,15.53,0,3.21,0,1.97,0,0.01,0,41.9,-9.5
2025-12-15T07:30:00Z,-11.06,-90.03,0,-0.1,40,0,0.28,0,0,1056.59,214.17,423.34,259.89,61.23,15.7,0.13,0,0,1.92,0,0.02,0,13.27,-20
2025-12-15T07:35:00Z,-57.85,0,122.69,-0.1,40,0,0.28,0,0,954.1,209.49,461.78,349.21,201.81,15.92,0,5.27,0,1.92,0,0.02,0,58.29,-19.98
2025-12-15T07:40:00Z,-6.61,0,69.51,-0.1,40,0,0.28,0,0,960.14,120.64,500.21,264.86,203.09,16.13,0,2.97,0,1.92,0,0.02,0,38.09,-20
2025-12-15T07:45:00Z,-14.75,0,150.97,0,40,0,0.28,0,0,849.55,121.23,538.65,370.8,241.82,16.35,0,6.4,0,1.92,0,0.02,0,72.28,-20
2025-12-15T07:50:00Z,-0.21,0,141.29,0,40,0,0.28,0,7.63,849.01,121.58,577.09,330.22,256.3,16.57,0,6.1,0,1.92,0,0.02,0,66.31,-15.08
2025-12-15T07:55:00Z,-78.25,0,109.07,-0.1,41,0,0.28,0,7.34,893.84,124.76,615.52,265.55,268.33,16.78,0,4.72,0,1.97,0,0.02,0,53.8,-20
2025-12-15T08:00:00Z,-11.45,0,168.82,-0.1,40,0,0.28,0,0,746.24,114.25,653.96,407.42,289.79,17,0,7.12,0,1.92,0,0.02,0,79.11,-20.1
2025-12-15T08:05:00Z,-14.56,0,253.81,-0.1,40,0,0.28,0,0,736.05,89.63,694.02,398,417.08,16.95,0,10.85,0,1.92,0,0.02,0,118.8,-20.1
2025-12-15T08:10:00Z,-2.95,0,252.43,0,40,0,0.28,0,1.54,720.48,9.89,734.08,413.97,417.17,16.9,0,10.51,0,1.92,0,0.02,0,119.46,-21
2025-12-15T08:15:00Z,-45.39,0,284.59,0,40,0,0.28,0,0,679.11,8.98,774.14,422.03,427.77,16.85,0,11.96,0,1.92,0,0.02,0,142.22,-68.71
2025-12-15T08:20:00Z,-55.12,0,410.96,0,40,0,0.28,0,3.05,547.12,3.79,814.21,546.65,443.11,16.8,0,17.43,0,1.92,0,0.02,0,246.66,-100
2025-12-15T08:25:00Z,-132.72,0,547.26,0,43,0,0.28,0,7.59,509.11,2.4,854.27,553.34,443.34,16.75,0,23.16,0,2.06,0,0.02,0,411.21,-68.71
2025-12-15T08:30:00Z,-130.37,0,500.42,0,40,0,0.28,0,0,506.16,2.43,894.33,543.5,459.21,16.7,0,21.33,0,1.92,0,0.02,0,343.69,-68.71
2025-12-15T08:35:00Z,-150,0,471.7,0,41,0,0.28,0,0.54,506.25,2.69,937.91,493.19,441.27,16.87,0,20.61,0,1.97,0,0.02,0,312.72,-59
2025-12-15T08:40:00Z,-235.57,0,545.76,0,40,6,0.28,0,0.01,477.91,8.63,981.5,519.94,435.52,17.03,0,23.04,0,1.92,0.2,0.02,0,412.17,-59.04
2025-12-15T08:45:00Z,-258.51,0,545.87,0,40,6,0.28,0,0,480.74,6.03,1025.08,513.75,433.23,17.2,0,23.5,0,1.92,0.2,0.02,0,408.19,-79.06
2025-12-15T08:50:00Z,-296.3,0,619.09,0,42,35.3,0.28,0,0.1,381.1,2.88,1068.67,509.05,402.07,17.37,0,27.34,0,2.02,1.18,0.02,0,596.37,-59.04
2025-12-15T08:55:00Z,-255.94,0,540.83,0,40,40.67,0.28,0,0.06,370.87,5.22,1112.25,543.56,434.86,17.53,0,24.4,0,1.92,1.36,0.02,0,430.25,-59.04
2025-12-15T09:00:00Z,-292.48,0,504.54,-0.1,40,67.52,0.28,0,0,366.03,5.6,1155.83,486.28,422.24,17.7,0,22.63,0,1.92,2.26,0.02,0,384.18,-79.06
2025-12-15T09:05:00Z,-287.79,0,481.44,-0.1,42,70.2,0.28,0,0.33,351.8,2.53,1191.17,477.46,447.13,17.87,0,21.69,0,2.02,2.35,0.02,0,351.93,-79.06
2025-12-15T09:10:00Z,-287,0,468.32,-0.1,42,70.2,0.28,0,0.16,337,2.45,1226.5,452.53,469.79,18.03,0,21.27,0,2.02,2.35,0.02,0,333.42,-79.06
2025-12-15T09:15:00Z,-293.41,0,483.62,-0.1,42,70.87,0.28,0,0.18,322.98,2.19,1261.83,488.58,482.59,18.2,0,21.84,0,2.02,2.37,0.02,0,341.19,-68.71
2025-12-15T09:20:00Z,-293.41,0,451.39,-0.1,40,70.2,0.28,0,0,314.1,2.66,1297.16,458.19,484.71,18.37,0,20.65,0,1.92,2.35,0.02,0,305.49,-79.06
2025-12-15T09:25:00Z,-322,0,454.38,-0.1,40,70.87,0.28,0,0,291.83,1.85,1332.49,486.26,488.61,18.53,0,21.14,0,1.92,2.37,0.02,0,317.91,-79.06
2025-12-15T09:30:00Z,-316.81,0,405.95,0,41,70.2,0.28,0,0.12,303.78,2.08,1367.83,458.28,507.51,18.7,0,18.47,0,1.97,2.35,0.02,0,257.54,-79.06
2025-12-15T09:35:00Z,-348.47,0,430.56,0,44,99.73,0.28,0,0.17,274.32,2.65,1393.99,476.97,530.17,18.58,0,19.92,0,2.11,3.34,0.02,0,294.05,-100
2025-12-15T09:40:00Z,-415.38,0,491.04,0,41,149.39,0.28,0,0.01,259.36,1.13,1420.15,487.36,521.67,18.47,0,22.24,0,1.97,5,0.02,0,363.47,-100
2025-12-15T09:45:00Z,-415.58,0,467.54,0,43,172.21,0.28,0,0.1,243.21,1.29,1446.31,489.27,530.74,18.35,0,22.16,0,2.06,5.77,0.02,0,351.92,-119.67
2025-12-15T09:50:00Z,-496.84,0,473.54,0,40,164.83,0.28,0,0,253.42,72.42,1472.47,496.53,439.31,18.23,0,21.95,0,1.92,5.52,0.02,0,341.65,-119.67
2025-12-15T09:55:00Z,-436.5,0,377.17,0,41,172.21,0.28,0,0,245.75,74.71,1498.63,453.42,462.37,18.12,0,17.26,0,1.97,5.77,0.02,0,246.22,-129
2025-12-15T10:00:00Z,-515.27,0,420.04,0,39,165.5,0.28,0,0,243.75,75.23,1524.79,485.98,454.47,18,0,19.73,0,1.87,5.54,0.02,0,292.76,-119.79
2025-12-15T10:05:00Z,-403.72,0,428.85,0,40,166.17,0.28,0,0,187.89,2.01,1546.74,539.77,534.93,18.27,0,20.72,0,1.92,5.56,0.02,0,305.01,-92.01
2025-12-15T10:10:00Z,-460.74,0,495.62,0,40,166.84,0.28,0,0,181.55,0.83,1568.68,476.41,556.35,18.53,0,22.26,0,1.92,5.59,0.02,0,356.75,-79.06
2025-12-15T10:15:00Z,-445.53,0,411.16,0,41,168.18,0.28,0,0,218.59,1.61,1590.63,476.97,559.55,18.8,0,17.17,0,1.97,5.63,0.02,0,255.63,-189.08
2025-12-15T10:20:00Z,-392.75,0,404.1,0,42,170.87,0.28,0,0,170.1,0.96,1612.57,505.66,552.35,19.07,0,17.8,0,2.02,5.72,0.02,0,255.55,-92.01
2025-12-15T10:25:00Z,-417.56,0,401.79,0,42,171.54,0.28,0,0,166.87,1.36,1634.51,504.31,557.32,19.33,0,17.64,0,2.02,5.74,0.02,0,254.8,-92.01
2025-12-15T10:30:00Z,-428.21,0,380.9,0,43,172.88,0.28,0,0.02,179.79,1.61,1656.46,474.79,559.14,19.6,0,16.86,0,2.06,5.79,0.02,0,238.34,-92.01
2025-12-15T10:35:00Z,-477.28,0,423.12,0,41,166.17,0.11,0,0,178.98,0.72,1677.84,469.46,562.95,19.77,0,18.16,0,1.97,5.56,0.01,0,264.87,-179.67
2025-12-15T10:40:00Z,-496.33,0,504.98,0,40,164.83,0.11,0,0,146.58,0.67,1699.22,460.75,564.36,19.93,0,22.47,0,1.92,5.52,0.01,0,341.88,-179.67
2025-12-15T10:45:00Z,-454.77,0,439.2,0,41,168.85,0.11,0,0,116.52,0.93,1720.6,473.23,565.75,20.1,0,20.54,0,1.97,5.65,0.01,0,292.87,-179.67
2025-12-15T10:50:00Z,-430.15,0,395.79,0,40,168.18,0.28,0,0,133.69,0.82,1741.98,465.61,558,20.27,0,18.13,0,1.92,5.63,0.02,0,244.94,-155.85
2025-12-15T10:55:00Z,-356.65,0,309.85,0,42,170.2,0.28,2.58,0.1,128.05,1.27,1763.36,474.98,565.44,20.43,0,14.97,0,2.02,5.7,0.02,0.13,190.08,-128.71
2025-12-15T11:00:00Z,-283.99,0,223.52,0,41,168.85,0.11,2.4,0,123.03,1.01,1784.74,466.46,569.93,20.6,0,10.97,0,1.97,5.65,0.01,0.12,139.18,-92.01
2025-12-15T11:05:00Z,-259.05,0,149.43,0,41,170.2,0.11,2.38,0.1,125.93,0.8,1798.1,407.81,565.59,20.63,0,7.55,0,1.97,5.7,0.01,0.12,106.37,-41.97
2025-12-15T11:10:00Z,-232.18,0,96.66,0,44,113.15,0.11,2.67,29.17,155.06,15,1811.45,431.1,562.68,20.67,0,4.96,0,2.11,3.79,0.01,0.13,71.64,-79.06
2025-12-15T11:15:00Z,-102.31,0,28.6,0,42,59.46,0.11,2.38,1.29,158.77,4.03,1824.81,400.3,575.7,20.7,0,1.35,0,2.02,1.99,0.01,0.12,33.55,-59.5
2025-12-15T11:20:00Z,-105.97,0,0.29,0,41,44.03,0.11,6.53,0,172.39,4.91,1838.16,460,566.91,20.73,0,0.01,0,1.97,1.47,0.01,0.32,22.69,-35.83
2025-12-15T11:25:00Z,-149.92,0,15.53,0,40,43.36,0.11,6.3,6.75,184.88,8.1,1851.52,417.61,560.37,20.77,0,0.79,0,1.92,1.45,0.01,0.31,27.18,-73.5
2025-12-15T11:30:00Z,-152.63,0,29.47,0,40,42.69,0.11,6.42,0,183.06,3.33,1864.87,455.04,570.52,20.8,0,1.47,0,1.92,1.43,0.01,0.32,31.49,-100
2025-12-15T11:35:00Z,-134.13,0,87.72,0,40,42.02,0.11,6.33,0,128.91,1,1863.96,528.53,572.7,20.93,0,4.18,0,1.92,1.41,0.01,0.31,50.45,-100
2025-12-15T11:40:00Z,-156.74,0,87.58,0,40,42.69,0.11,6.45,0,141.57,0.77,1863.04,513.71,573.03,21.07,0,4.22,0,1.92,1.43,0.01,0.32,51.21,-129
2025-12-15T11:45:00Z,-123.27,0,71.23,0,41,42.02,0.11,6.49,0.53,132.55,1.14,1862.12,541.09,573.33,21.2,0,3.52,0,1.97,1.41,0.01,0.32,45.79,-102
2025-12-15T11:50:00Z,-74.94,0,2.14,0,43,42.02,0.11,1.22,5.25,129.13,1.75,1861.2,536.88,569.65,21.33,0,0.11,0,2.06,1.41,0.01,0.06,21.79,-92.01
2025-12-15T11:55:00Z,-118.03,0,13.12,0,41,42.02,0.11,1.1,0.12,151.55,0.71,1860.28,477.08,573.89,21.47,0,0.62,0,1.97,1.41,0.01,0.05,24.78,-92.01
2025-12-15T12:00:00Z,-122.1,-33.86,0,0,42,42.69,0.11,1.18,17.78,178.63,1.16,1859.37,471.89,574.19,21.6,0.42,0,0,2.02,1.43,0.01,0.06,18.66,-92.01
2025-12-15T12:05:00Z,-134.9,-6.97,0,-0.1,40,42.02,0.11,1.24,0.05,185.48,0.85,1861.2,452.98,574.47,21.58,0.09,0,0,1.92,1.41,0.01,0.06,19.95,-100
2025-12-15T12:10:00Z,-140.07,0,34.39,0,43,42.02,0.11,1.27,2.86,158.48,1.56,1863.03,520.81,573.72,21.57,0,1.63,0,2.06,1.41,0.01,0.06,32,-102
2025-12-15T12:15:00Z,-100.21,-58.62,0,0,44,42.02,0.11,1.37,50.03,138.55,2.56,1864.86,533.11,574.91,21.55,0.76,0,0,2.11,1.41,0.01,0.07,17.15,-100
2025-12-15T12:20:00Z,-113,-77.95,0,0,43,42.02,0.11,2.64,65.38,150.34,2.8,1866.69,524.62,575.01,21.53,0.92,0,0,2.06,1.41,0.01,0.13,16.28,-129
2025-12-15T12:25:00Z,-115.81,0,16.02,0,41,42.02,0.11,3.49,0.07,120.79,1.69,1868.52,594.95,574.61,21.52,0,0.77,0,1.97,1.41,0.01,0.17,26.63,-129
2025-12-15T12:30:00Z,-128.42,0,23.25,0,43,42.02,0.11,4.76,6.66,115.79,2.11,1870.35,595.7,571.08,21.5,0,1.11,0,2.06,1.41,0.01,0.23,29.91,-68.71
2025-12-15T12:35:00Z,-171.22,-21.8,0,0,42,42.02,0.11,5.68,29.09,163.04,3.63,1871.22,529.05,572.91,21.58,0.28,0,0,2.02,1.41,0.01,0.28,20.93,-129
2025-12-15T12:40:00Z,-144.06,0,21.94,0,42,42.02,0.11,6.62,1.47,138.03,2.57,1872.1,565.7,575.59,21.67,0,1.05,0,2.02,1.41,0.01,0.33,29.75,-129
2025-12-15T12:45:00Z,-112.92,-5.07,0,0,45,42.02,0.11,0,9.86,119.39,3.9,1872.98,617.6,574.91,21.75,0.08,0,0,2.16,1.41,0.01,0,21.21,-179.67
2025-12-15T12:50:00Z,-125.43,0,9.51,0,39,42.02,0.11,0,4.5,121.85,0.66,1873.85,612.24,576.08,21.83,0,0.47,0,1.87,1.41,0.01,0,23.15,-180.01
2025-12-15T12:55:00Z,-132.84,-5.65,0,0,40,42.02,0.11,0,0,150.45,0.81,1874.73,595.26,576.17,21.92,0.08,0,0,1.92,1.41,0.01,0,19.81,-200
2025-12-15T13:00:00Z,-60.28,-52.14,0,0,43,42.02,0.11,0,38.83,86.46,1.62,1875.6,644.07,574.32,22,0.86,0,0,2.06,1.41,0.01,0,15.93,-200
2025-12-15T13:05:00Z,-72.81,0,2.94,0,40,42.02,0.11,0,2.1,77.12,0.75,1876.61,686.09,575.02,22,0,0.15,0,1.92,1.41,0.01,0,21.26,-314.5
2025-12-15T13:10:00Z,-283.85,0,245.8,0,40,42.69,0.11,0,7.8,47.35,0.63,1877.62,649.68,576.59,22,0,11.91,0,1.92,1.43,0.01,0,123.22,-314.29
2025-12-15T13:15:00Z,-180.6,0,118.6,0,42,42.02,0.1,0,22.23,53.77,1.57,1878.62,725.67,575.21,22,0,5.99,0,2.02,1.41,0.01,0,64.9,-299.73
2025-12-15T13:20:00Z,-187.89,0,161.76,0,40,42.69,0.11,0,0,45.79,0.79,1879.63,747.45,572.87,22,0,7.84,0,1.92,1.43,0.01,0,80.94,-306.24
2025-12-15T13:25:00Z,-147.94,0,112.57,0,40,42.02,0.11,0,0,45.85,0.81,1880.63,705.27,575.26,22,0,5.42,0,1.92,1.41,0.01,0,60.08,-309.86
2025-12-15T13:30:00Z,-153.12,0,118.59,0,40,42.02,0.11,0,0,40.86,0.65,1881.64,776.82,577.02,22,0,5.77,0,1.92,1.41,0.01,0,63,-311.12
2025-12-15T13:35:00Z,-166.45,0,91.82,0,42,42.02,0.11,0,2.85,54.02,1.93,1878.55,769.1,575.72,21.93,0,4.48,0,2.02,1.41,0.01,0,53.85,-307.73
2025-12-15T13:40:00Z,-212.12,0,151.47,0,41,42.02,0.11,0,26.43,49.41,1.03,1875.46,769.58,571.13,21.87,0,7.42,0,1.97,1.41,0.01,0,77.56,-305.5
2025-12-15T13:45:00Z,-155.14,0,91.18,0,40,42.69,0.11,0,21.63,56.89,0.64,1872.38,765.07,570.01,21.8,0,4.41,0,1.92,1.43,0.01,0,52.13,-304.94
2025-12-15T13:50:00Z,-153.86,0,91.39,0,40,42.02,0.11,0,24.6,52.5,0.65,1869.29,720.73,569.43,21.73,0,4.39,0,1.92,1.41,0.01,0,51.92,-312.46
2025-12-15T13:55:00Z,-138.94,0,91.05,0,40,42.02,0.11,0,24.94,53.95,0.75,1866.2,721.43,577.2,21.67,0,4.45,0,1.92,1.41,0.01,0,51.92,-314.53
2025-12-15T14:00:00Z,-137.49,0,69.48,0,42,42.02,0.11,0,27.43,58.25,1.76,1863.12,763.54,577.17,21.6,0,3.44,0,2.02,1.41,0.01,0,45.09,-320.81
2025-12-15T14:05:00Z,-148.57,0,129.76,0,40,41.34,0.11,0,0.04,53.26,0.83,1859.14,744.44,576.91,21.8,0,6.85,0,1.92,1.38,0.01,0,71.06,-314.29
2025-12-15T14:10:00Z,-45.34,-55,0,0,40,42.02,0.11,0,0,63.98,70.85,1855.17,762.68,489.21,22,0.84,0,0,1.92,1.41,0.01,0,15.14,-323.72
2025-12-15T14:15:00Z,-81.24,-26,0,0,40,42.69,0.11,0,0.78,62.71,83.22,1851.2,794.18,488.81,22.2,0.38,0,0,1.92,1.43,0.01,0,18.09,-262.15
2025-12-15T14:20:00Z,-75.17,-32.62,0,0.35,40,42.69,0.11,0,0,68.52,82.43,1847.22,792.44,489.9,22.4,0.47,0,0.03,1.92,1.43,0.01,0,17.72,-253.3
2025-12-15T14:25:00Z,-13.38,-73.19,0,0,41,42.02,0.11,0,7.72,63.94,87.69,1843.25,804.01,488.23,22.6,1.02,0,0,1.97,1.41,0.01,0,14.17,-255.21
2025-12-15T14:30:00Z,-7.68,-116.34,0,0,41,42.02,0.11,0,32.75,61.28,87.88,1839.28,870.49,488.32,22.8,1.48,0,0,1.97,1.41,0.01,0,11.49,-316.2
2025-12-15T14:35:00Z,-7.93,-81.82,0,0,41,42.69,0.1,0,3.52,66.85,87.82,1826.7,834.96,488.38,22.75,1.15,0,0,1.97,1.43,0.01,0,13.66,-233.8
2025-12-15T14:40:00Z,-5.22,-117.85,0,0,41,42.02,0.11,0,43.54,72.88,87.81,1814.13,800.4,489.34,22.7,1.39,0,0,1.97,1.41,0.01,0,12.1,-259.42
2025-12-15T14:45:00Z,-42.5,-46.48,0,0,40,42.02,0.11,0,29.45,71.24,87.62,1801.55,795.26,488.1,22.65,0.57,0,0,1.92,1.41,0.01,0,16.7,-304.89
2025-12-15T14:50:00Z,-13.63,-50.03,0,0,40,42.69,0.1,0,14.33,62.98,87.5,1788.98,837.35,488.82,22.6,0.68,0,0,1.92,1.43,0.01,0,16.28,-906.68
2025-12-15T14:55:00Z,-17.63,0,19.06,0,44,42.02,0.11,0,26.85,3.95,88.32,1776.41,921.24,488.61,22.55,0,1.06,0,2.11,1.41,0.01,0,28.27,-304.98
2025-12-15T15:00:00Z,-7.37,-32.53,0,0,40,42.02,0.11,0,28.8,62.45,87.39,1763.83,870.15,488.38,22.5,0.42,0,0,1.92,1.41,0.01,0,17.64,-259.88
2025-12-15T15:05:00Z,-3.98,-73.45,0,0,42,42.02,0.11,0,51.7,67.66,88.04,1747.16,924.43,487.95,22.37,0.86,0,0,2.02,1.41,0.01,0,15.69,-247.42
2025-12-15T15:10:00Z,-43.43,0,8.12,0,40,42.02,0.11,0,14.1,75.28,87.64,1730.48,897.83,487.57,22.23,0,0.44,0,1.92,1.41,0.01,0,23.33,-245.49
2025-12-15T15:15:00Z,-15.39,0,19.04,0,40,42.02,0.11,0,10.02,66.85,87.72,1713.8,920.7,486.57,22.1,0,1.02,0,1.92,1.41,0.01,0,27.12,-242.06
2025-12-15T15:20:00Z,-78.75,0,95.27,0,40,42.69,0.11,0,0.9,70.65,87.48,1697.13,948.59,485.87,21.97,0,4.97,0,1.92,1.43,0.01,0,56.59,-269.26
2025-12-15T15:25:00Z,-50,0,81.94,0,40,42.02,0.11,0,0.94,74.65,87.47,0,933.57,484.43,21.83,0,4.29,0,1.92,1.41,0.01,0,807.29,-242.35
2025-12-15T15:30:00Z,-76.97,0,115.27,0,41,42.02,0.11,3.8,0.9,80.76,87.63,1663.78,975.95,484.01,21.7,0,5.96,0,1.97,1.41,0.01,0.19,66.2,-246.14
2025-12-15T15:35:00Z,-40.17,0,94.49,0,41,42.69,0.11,6.67,1.33,75.68,87.66,1644.35,966.86,481.23,21.68,0,5,0,1.97,1.43,0.01,0.33,59.35,-245.51
2025-12-15T15:40:00Z,-62.99,0,129.47,0,40,42.02,0.11,7.49,0.75,81.74,87,1624.92,996.45,479.19,21.67,0,6.55,0,1.92,1.41,0.01,0.37,72.72,-244.11
2025-12-15T15:45:00Z,-19.08,0,117.9,0,40,42.69,0.11,8.35,0.9,66.76,87.04,1605.49,1000.55,476.66,21.65,0,5.94,0,1.92,1.43,0.01,0.41,67.91,-242.7
2025-12-15T15:50:00Z,-27.78,0,136.51,0,40,42.02,0.11,8.33,0,78.08,87.14,1586.06,977.86,474.18,21.63,0,6.61,0,1.92,1.41,0.01,0.41,74.07,-246.72
2025-12-15T15:55:00Z,-6.74,0,115.73,0,41,42.02,0.11,6.81,3.8,79.72,87.96,1566.64,1035.83,468.78,21.62,0,5.69,0,1.97,1.41,0.01,0.33,66.18,-243.42
2025-12-15T16:00:00Z,-7.41,0,157.6,0,42,42.02,0.11,0,2.26,77.99,88.44,1547.21,1002.98,467.33,21.6,0,7.71,0,2.02,1.41,0.01,0,81.74,-233.09
2025-12-15T16:05:00Z,-6.22,0,167.13,0,41,42.02,0.11,0,0.44,88.39,88.48,1519.67,1044.32,463.79,21.53,0,7.95,0,1.97,1.41,0.01,0,84.59,-235.48
2025-12-15T16:10:00Z,-27.74,0,280.49,0,40,42.02,0.11,0,7.05,84.8,5.87,1492.13,1010.31,545.58,21.47,0,13.57,0,1.92,1.41,0.01,0,148.72,-235.66
2025-12-15T16:15:00Z,-8.04,0,292.85,0,40,42.02,0.11,0,9.67,81.53,0.84,1464.59,1050.93,541.38,21.4,0,15.05,0,1.92,1.41,0.01,0,164.85,-243.03
2025-12-15T16:20:00Z,-1.38,0,289.01,0,40,42.69,0.11,0,7.44,92.18,0.66,1437.05,1063.59,536.7,21.33,0,14.48,0,1.92,1.43,0.01,0,160.94,-240.91
2025-12-15T16:25:00Z,-9.73,0,333.27,0,40,42.02,0.11,0,0.03,88.49,0.67,1409.51,1034.21,528,21.27,0,16.18,0,1.92,1.41,0.01,0,189.21,-251.31
2025-12-15T16:30:00Z,-22.34,0,402.32,0,40,42.02,0.11,0,0.3,93.65,0.69,1381.97,1099.39,523.45,21.2,0,19.12,0,1.92,1.41,0.01,0,237.57,-241.6
2025-12-15T16:35:00Z,-11.87,0,395.41,0,40,42.69,0.11,0,0.23,95.37,0.66,1351.78,1119.82,521.77,21.12,0,18.12,0,1.92,1.43,0.01,0,229.38,-242.6
2025-12-15T16:40:00Z,-11.53,0,423.74,0,40,42.02,0.11,0,0,98.9,0.8,1321.59,1046.09,516.96,21.03,0,20.03,0,1.92,1.41,0.01,0,262.52,-210.91
2025-12-15T16:45:00Z,-22.55,0,396.42,0,40,42.02,0.11,0,0,153.73,0.81,1291.39,1034.65,511.23,20.95,0,18.97,0,1.92,1.41,0.01,0,241.35,-244.73
2025-12-15T16:50:00Z,-7.75,0,367.3,0,40,42.69,0.11,0,1.58,197.86,0.76,1261.2,1054.46,501.77,20.87,0,17.16,0,1.92,1.43,0.01,0,210.58,-234.91
2025-12-15T16:55:00Z,-2.32,0,382.36,0,41,41.34,0.11,0,5.88,219.27,0.84,1231,1035.28,500.24,20.78,0,17.5,0,1.97,1.38,0.01,0,216.76,-243.65
2025-12-15T17:00:00Z,-6.13,0,392.6,0,40,42.02,0.11,0,7.65,250.24,0.77,1200.81,1049.83,493.63,20.7,0,17.5,0,1.92,1.41,0.01,0,218.76,-232.14
2025-12-15T17:05:00Z,-9.13,0,473.8,0,40,42.02,0.11,0,4.63,249.94,0.75,1160.25,1042.08,486.62,20.58,0,20.96,0,1.92,1.41,0.01,0,287.22,-102
2025-12-15T17:10:00Z,-7.51,0,481.95,0,40,0,0.11,0,0,289.7,0.7,1119.7,985,471.89,20.47,0,21.94,0,1.92,0,0.01,0,298.05,-100
2025-12-15T17:15:00Z,-5.16,0,444.72,0,40,0,0.11,0,4.05,373.94,0.75,1079.14,916.53,451.7,20.35,0,20.52,0,1.92,0,0.01,0,256.99,-80
2025-12-15T17:20:00Z,-7.23,0,388.45,0,41,0,0.1,0,0.23,436.28,1.35,1038.58,818.98,460.02,20.23,0,17.89,0,1.97,0,0.01,0,212.48,-102
2025-12-15T17:25:00Z,-5.85,0,303.8,0,42,0,0.11,0,100.34,453.94,1.34,998.02,882.74,455.99,20.12,0,14.22,0,2.02,0,0.01,0,151.57,-21
2025-12-15T17:30:00Z,-2.39,0,273.67,0,42,0,0.11,0,7.43,604.26,9.77,957.47,662.52,437.83,20,0,13.08,0,2.02,0,0.01,0,134.75,-20.1
2025-12-15T17:35:00Z,-6.58,0,154.18,0,41,0,0.11,0,6.43,760.81,27.38,917.09,545.1,430.11,19.93,0,7.56,0,1.97,0,0.01,0,71.85,-20
2025-12-15T17:40:00Z,-12.1,0,128.76,0,40,0,0.11,0,0.36,814.77,32.54,876.72,446.88,431,19.87,0,6.48,0,1.92,0,0.01,0,62.12,-19.98
2025-12-15T17:45:00Z,-2.38,0,81.51,0,41,0,0.11,0,0.95,890.3,32.96,836.35,409.29,424,19.8,0,4.2,0,1.97,0,0.01,0,43.12,-11.66
2025-12-15T17:50:00Z,-4.96,0,55.1,0,42,0,0.11,0,5.52,901.46,64.73,795.98,370.68,380.01,19.73,0,2.88,0,2.02,0,0.01,0,33.65,-11.66
2025-12-15T17:55:00Z,-12.44,0,58.51,0,40,0,0.11,0,0.03,955.23,64.43,755.61,350.95,332.86,19.67,0,3.02,0,1.92,0,0.01,0,33.99,-9.5
2025-12-15T18:00:00Z,-9.27,0,30.17,0,40,0,0.11,0,0.07,1001.44,68.95,715.23,317.67,329.58,19.6,0,1.55,0,1.92,0,0.01,0,23.32,-7.97
2025-12-15T18:05:00Z,-7.23,0,8.29,0,40,0,0.11,0,0.08,1047.84,75.3,673.99,265.03,277.61,19.48,0,0.42,0,1.92,0,0.01,0,15.47,-11.66
2025-12-15T18:10:00Z,-0.05,-15.05,0,0,40,0,0.11,0,4.53,1007.96,142.09,632.75,330.75,154.94,19.37,0.02,0,0,1.92,0,0.01,0,12.59,-11.66
2025-12-15T18:15:00Z,-0.08,0,17.41,0,43,0,0.11,0,13.7,1013.62,156.29,591.51,331.88,141,19.25,0,0.95,0,2.06,0,0.01,0,20.1,-7.25
2025-12-15T18:20:00Z,-5.93,0,20.25,0,43,0,0.11,0,15.79,1050.79,157.5,550.26,246.11,119.67,19.13,0,1.09,0,2.06,0,0.01,0,21.14,-7.01
2025-12-15T18:25:00Z,-2.15,-29.94,0,0,44,0,0.11,0,18.63,1133.6,146.68,509.02,189.84,124.87,19.02,0.05,0,0,2.11,0,0.01,0,13.66,-7.01
2025-12-15T18:30:00Z,-10.45,-31.38,0,0,42,0,0.11,0,8.36,1209.91,131.97,467.78,131.22,102.69,18.9,0.05,0,0,2.02,0,0.01,0,13.04,-7.01
2025-12-15T18:35:00Z,-16.45,-9,0,0,42,0,0.11,0,9.17,1230.48,114.95,432.59,104.49,93.68,18.72,0.01,0,0,2.02,0,0.01,0,13.37,-7.01
2025-12-15T18:40:00Z,-4.23,-22.81,0,0,42,0,0.11,0,7.22,1201.98,159.24,397.4,123.05,39.61,18.53,0.03,0,0,2.02,0,0.01,0,13.41,0
2025-12-15T18:45:00Z,-1.12,-136.27,0,0,40,0,0.11,1.72,3.18,1311.79,177.57,362.22,7.72,0,18.35,0.18,0,0,1.92,0,0.01,0.08,12.5,8.51
2025-12-15T18:50:00Z,-1.43,-187.72,0,0,40,0,0.11,73.24,24.41,1333.14,153.76,327.03,9.95,0,18.17,0.64,0,0,1.92,0,0.01,3.6,33.27,50.53
2025-12-15T18:55:00Z,-6.88,-204.8,0,0,40,0,0.11,70.86,68.8,1332.18,136.6,291.84,21.35,0,17.98,0.67,0,0,1.92,0,0.01,3.48,32.88,51.41
2025-12-15T19:00:00Z,-0.01,-232.75,0,0,42,0,0.11,73.09,89.37,1352.65,114.9,256.65,23.85,0,17.8,0.78,0,0,2.02,0,0.01,3.59,34.19,71.7
2025-12-15T19:05:00Z,-1.73,-179.19,0,0,40,0,0.11,71.61,78.34,1347.94,99.42,229.76,23.94,0,17.56,0.6,0,0,1.92,0,0.01,3.52,34.51,58.43
2025-12-15T19:10:00Z,-0.21,-276.68,0,-0.1,40,0,0.11,72.08,231.64,1326.65,82.27,202.88,20.59,0,17.31,0.86,0,0,1.92,0,0.01,3.54,32.92,77.99
2025-12-15T19:15:00Z,-1.5,-243.52,0,0,40,0,0.11,71.11,193.45,1348.78,62.73,175.99,18.34,0,17.07,0.77,0,0,1.92,0,0.01,3.49,33.89,70.24
2025-12-15T19:20:00Z,-0.23,-312.37,0,0,40,0,0.11,72.22,282.3,1365.09,51.04,149.1,21.6,0,16.82,0.94,0,0,1.92,0,0.01,3.55,33.01,67.4
2025-12-15T19:25:00Z,-0.1,-368.39,0,-0.1,40,0,0.11,71.09,352.82,1388.08,37.74,122.22,0,0,16.58,1.06,0,0,1.92,0,0.01,3.49,31.86,74.62
2025-12-15T19:30:00Z,-1.52,-267.42,0,-0.1,40,0,0.11,72.21,241.32,1402.53,26.3,95.33,2.92,0,16.33,0.82,0,0,1.92,0,0.01,3.55,34.71,73.63
2025-12-15T19:35:00Z,-0.74,-229.62,0,-0.1,41,0,0.11,71.82,230.7,1403.51,16.85,81.27,1.59,0,16.23,0.72,0,0,1.97,0,0.01,3.53,35.58,70.75
2025-12-15T19:40:00Z,-0.01,-206.67,0,0,40,0,0.11,72.74,231.84,1388.25,11.81,67.21,19.48,0,16.12,0.65,0,0,1.92,0,0.01,3.57,36.25,90.06
2025-12-15T19:45:00Z,-0.12,-221.59,0,0,40,0,0.11,72.45,234.9,1392.01,6.42,53.15,18.93,0,16.02,0.7,0,0,1.92,0,0.01,3.56,36.44,86.51
2025-12-15T19:50:00Z,-1.4,-178.55,0,0,40,0,0.11,71.11,205.22,1395.5,3.84,39.09,20.5,0,15.91,0.56,0,0,1.92,0,0.01,3.49,37,60.12
2025-12-15T19:55:00Z,0,-324.74,0,0,41,0,0.11,72.27,369.18,1415.9,1.51,25.03,0,0,15.81,0.94,0,0,1.97,0,0.01,3.55,34.35,64.52
2025-12-15T20:00:00Z,-0.02,-259.25,0,0,42,0,0.11,73.27,309.27,1409.08,0.26,10.97,0,0,15.7,0.79,0,0,2.02,0,0.01,3.6,36.54,75.14
2025-12-15T20:05:00Z,-1.18,-231.31,0,0,39,0,0.11,71.76,282.04,1402.7,0.13,9.14,0,0,15.6,0.7,0,0,1.87,0,0.01,3.53,35.93,71.06
2025-12-15T20:10:00Z,-0.53,-193.9,0,0,40,0,0.11,71.81,238.65,1413.97,0.06,7.31,0,0,15.5,0.6,0,0,1.92,0,0.01,3.53,36.94,71.23
2025-12-15T20:15:00Z,-0.08,-295.71,0,0,41,0,0.11,71.9,329.12,1416.61,0.04,5.48,12.89,0,15.4,0.88,0,0,1.97,0,0.01,3.53,35.43,75.16
2025-12-15T20:20:00Z,-0.01,-220.77,0,0,40,0,0.11,72.43,232.41,1446.26,0.04,3.66,0,0,15.3,0.68,0,0,1.92,0,0.01,3.56,36.66,74.8
2025-12-15T20:25:00Z,-0.05,-210.92,0,0,40,0,0.11,72.13,239.9,1441.05,0.04,1.83,12.89,0,15.2,0.64,0,0,1.92,0,0.01,3.54,36.57,74.85
2025-12-15T20:30:00Z,-1.14,-213.42,0,0,40,0,0.11,71.76,227.29,1455.55,0.04,0,0,0,15.1,0.65,0,0,1.92,0,0.01,3.53,36.48,74.87
2025-12-15T20:35:00Z,-3.73,-221.61,0,0,40,0,0.1,70.53,215.95,1446.49,0.01,0,0,0,15.02,0.67,0,0,1.92,0,0.01,3.47,36.58,68.65
2025-12-15T20:40:00Z,0,-244.28,0,0,44,0,0.11,74.68,291.25,1441.34,0.01,0,2.91,0,14.93,0.76,0,0,2.11,0,0.01,3.67,37.52,75.7
2025-12-15T20:45:00Z,-2.66,-190.13,0,0,40,0,0.11,71.58,224.98,1445.87,0.01,0,0,0,14.85,0.58,0,0,1.92,0,0.01,3.52,36.71,74.62
2025-12-15T20:50:00Z,-2,-214.35,0,0,40,0,0.11,71.17,241.8,1438.29,0,0,2.62,0,14.77,0.65,0,0,1.92,0,0.01,3.5,36.38,73.5
2025-12-15T20:55:00Z,-2.48,-241.13,0,-0.1,40,0,0.11,71.43,289.64,1423.24,0,0,19,0,14.68,0.72,0,0,1.92,0,0.01,3.51,35.82,69.18
2025-12-15T21:00:00Z,0,-270.84,0,0,41,0,0.11,72.57,306.09,1437.27,0,0,19.62,0,14.6,0.81,0,0,1.97,0,0.01,3.57,35.8,67.71
2025-12-15T21:05:00Z,-0.38,-247.69,0,0,40,0,0.1,72.72,280.3,1438.2,0,0,21.78,0,14.55,0.74,0,0,1.92,0,0.01,3.57,36.04,74.68
2025-12-15T21:10:00Z,-0.19,-261.4,0,0,41,0,0.11,72.91,237.47,1472.27,0,0,4.51,0,14.5,0.8,0,0,1.97,0,0.01,3.58,36.57,68.6
2025-12-15T21:15:00Z,-0.03,-295.11,0,0,41,0,0.11,73.64,279.63,1461.59,0,0,21.07,0,14.45,0.89,0,0,1.97,0,0.01,3.62,36.16,68.57
2025-12-15T21:20:00Z,-1.78,-257.26,0,0,40,0,0.11,71.98,222.36,1476.32,0,0,7.81,0,14.4,0.78,0,0,1.92,0,0.01,3.54,36.25,76.81
2025-12-15T21:25:00Z,-0.27,-168.79,0,0,41,0,0.11,73.66,63.5,1499.93,0,0,0,0,14.35,0.56,0,0,1.97,0,0.01,3.62,40.01,67.61
2025-12-15T21:30:00Z,-0.17,-268.05,0,0,41,0,0.11,72.37,211.65,1472.61,0,0,11.76,0,14.3,0.82,0,0,1.97,0,0.01,3.56,36.92,70.89
2025-12-15T21:35:00Z,-0.52,-199.95,0,0,40,0,0.11,71.95,128.93,1478.8,0,0,0,0,14.25,0.64,0,0,1.92,0,0.01,3.54,38.12,71.79
2025-12-15T21:40:00Z,0,-193.67,0,0,42,0,0.11,72.27,92.85,1485.71,0,0,0,0,14.2,0.64,0,0,2.02,0,0.01,3.55,39.51,69.19
2025-12-15T21:45:00Z,0,-204.22,0,0,42,0,0.11,74.04,114.95,1471.31,0,0,6.83,0,14.15,0.68,0,0,2.02,0,0.01,3.64,39.9,65.5
2025-12-15T21:50:00Z,-1.87,-269.77,0,0,40,0,0.11,73.12,210.53,1461.16,0,0,19.21,0,14.1,0.83,0,0,1.92,0,0.01,3.59,37.15,69.16
2025-12-15T21:55:00Z,-5.57,-138.29,0,0,40,0,0.11,71.35,52.67,1475.63,0,0,0.52,0,14.05,0.46,0,0,1.92,0,0.01,3.51,39.9,55.74
2025-12-15T22:00:00Z,-3.23,-125.16,0,0,40,0,0.11,72.83,49.9,1464.79,0,0,0,0,14,0.42,0,0,1.92,0,0.01,3.58,40.68,54
2025-12-15T22:05:00Z,-0.91,-150.15,0,0,40,0,0.1,71.7,51.3,1459.7,0,0,5.1,0,14,0.5,0,0,1.92,0,0.01,3.52,40.32,53.72
2025-12-15T22:10:00Z,-0.06,-178.23,0,0,41,0,0.11,73.37,53.47,1478.03,0,0,2.69,0,14,0.6,0,0,1.97,0,0.01,3.61,40.68,53.44
2025-12-15T22:15:00Z,0,-176.65,0,0,41,0,0.11,73.2,59.67,1468.83,0,0,4.58,0,14,0.6,0,0,1.97,0,0.01,3.6,40.7,53.78
2025-12-15T22:20:00Z,-0.97,-181.86,0,-0.1,40,0,0.11,72.02,52.66,1481.32,0,0,3.27,0,14,0.6,0,0,1.92,0,0.01,3.54,39.87,53.57
2025-12-15T22:25:00Z,-0.15,-182.88,0,-0.1,41,0,0.11,72.3,54.21,1471.22,0,0,7,0,14,0.62,0,0,1.97,0,0.01,3.55,40.48,53.2
2025-12-15T22:30:00Z,-0.16,-204.03,0,-0.1,41,0,0.1,73.06,65.01,1478.66,0,0,7.13,0,14,0.68,0,0,1.97,0,0.01,3.59,40.28,52.95
2025-12-15T22:35:00Z,-0.83,-200.78,0,-0.1,41,0,0.11,72.66,62.14,1477.57,0,0,4.82,0,13.95,0.67,0,0,1.97,0,0.01,3.57,40.27,53.71
2025-12-15T22:40:00Z,-2.16,-166.79,0,-0.1,41,0,0.1,71.26,6.87,1507.21,0,0,4.96,0,13.9,0.56,0,0,1.97,0,0.01,3.5,40.46,53.47
2025-12-15T22:45:00Z,-1.43,-191.43,0,0,43,0,0.1,73.15,19.69,1489.94,0,0,3.58,0,13.85,0.67,0,0,2.06,0,0.01,3.59,41.85,59.84
2025-12-15T22:50:00Z,-3.41,-173.81,0,-0.1,39,0,0.11,71.7,4.13,1487.55,0,0,4.94,0,13.8,0.59,0,0,1.87,0,0.01,3.52,40.55,54.7
2025-12-15T22:55:00Z,-113.97,-66.79,0,-0.1,41,0,0.11,72.08,6.4,1492.22,0,0,5.74,0,13.75,0.23,0,0,1.97,0,0.01,3.54,44.34,53.21
2025-12-15T23:00:00Z,-1.96,-204.68,0,-0.1,41,0,0.1,72.59,5.24,1499.8,0,0,5.31,0,13.7,0.7,0,0,1.97,0,0.01,3.57,41.14,54.38
2025-12-15T23:05:00Z,-109.19,-114.03,0,-0.1,41,0,0.11,72.16,2.16,1515.48,0,0,8.33,0,13.72,0.39,0,0,1.97,0,0.01,3.55,43.77,52.62
2025-12-15T23:10:00Z,-2.79,-212.48,0,-0.1,41,0,0.11,73.18,2.98,1541.2,0,0,0,0,13.73,0.71,0,0,1.97,0,0.01,3.6,40.39,55.65
2025-12-15T23:15:00Z,-2.7,-265.13,0,-0.1,40,0,0.11,71.6,5.43,1545.88,0,0,4,0,13.75,0.87,0,0,1.92,0,0.01,3.52,39.37,54.57
2025-12-15T23:20:00Z,-6.63,-259.25,0,-0.1,40,0,0.11,71.87,0.39,1552.46,0,0,3.26,0,13.77,0.85,0,0,1.92,0,0.01,3.53,39.53,51.95
2025-12-15T23:25:00Z,-2.76,-245.95,0,0,40,0,0.11,73,3.5,1515.46,0,0,4.23,0,13.78,0.83,0,0,1.92,0,0.01,3.59,40.62,52.17
2025-12-15T23:30:00Z,0,-242.69,0,-0.1,42,0,0.11,72.01,7.64,1508.62,0,0,4.92,0,13.8,0.83,0,0,2.02,0,0.01,3.54,40.93,52.75
2025-12-15T23:35:00Z,-2.52,-244.46,0,0,40,0,0.11,73.5,5.07,1523.48,0,0,0,0,13.8,0.82,0,0,1.92,0,0.01,3.61,40.54,59.78
2025-12-15T23:40:00Z,-0.19,-140.97,0,-0.1,42,0,0.11,8.88,7,1508.3,0,0,1.7,0,13.8,0.22,0,0,2.02,0,0.01,0.44,18.84,60.67
2025-12-15T23:45:00Z,-5.53,-127.89,0,-0.1,40,0,0.11,0,7.5,1507.26,0,0,0.12,0,13.8,0.16,0,0,1.92,0,0.01,0,14.92,56.76
2025-12-15T23:50:00Z,-2.3,-106.99,0,-0.1,41,0,0.11,0,12.5,1491.1,0,0,0,0,13.8,0.14,0,0,1.97,0,0.01,0,15.36,60.44
2025-12-15T23:55:00Z,-1.53,-108.82,0,-0.1,40,0,0.11,0,13.96,1479.58,0,0,0,0,13.8,0.14,0,0,1.92,0,0.01,0,15.09,57.6
2025-12-16T00:00:00Z,-1.66,-107.53,0,-0.1,40,0,0.11,0,3.54,1497.26,0,0,0,0,13.8,0.13,0,0,1.92,0,0.01,0,15.02,54.45
2025-12-16T00:05:00Z,-11.57,-124.4,0,0,40,0,0.11,0,0.48,1489.62,0,0,0,0,13.83,0.16,0,0,1.92,0,0.01,0,15.23,53.85
2025-12-16T00:10:00Z,-0.84,-90.45,0,-0.1,41,0,0.11,0,10.39,1478.52,0,0,0,0,13.87,0.12,0,0,1.97,0,0.01,0,15.49,55.1
2025-12-16T00:15:00Z,-1.71,-77.77,0,0,41,0,0.11,0,15.36,1457.76,0,0,0,0,13.9,0.1,0,0,1.97,0,0.01,0,15.66,56.2
2025-12-16T00:20:00Z,-2.79,-68.56,0,0,43,0,0.11,0,14.95,1455.05,0,0,2.05,0,13.93,0.09,0,0,2.06,0,0.01,0,16.45,61.38
2025-12-16T00:25:00Z,-0.67,-51.64,0,0,41,0,0.11,0,14.83,1436.55,0,0,0,0,13.97,0.07,0,0,1.97,0,0.01,0,15.88,59.12
2025-12-16T00:30:00Z,-0.65,-17.56,0,0,40,0,0.1,0,5.69,1412.53,0,0,0,0,14,0.02,0,0,1.92,0,0.01,0,15.85,55.82
2025-12-16T00:35:00Z,-0.66,-7,0,0,40,0,0.11,0,6.25,1403.06,0,0,0,0,14.07,0.01,0,0,1.92,0,0.01,0,15.95,56.68
2025-12-16T00:40:00Z,0,0,3.41,0,41,0,0.1,0,21.24,1404.4,0,0,0,0,14.13,0,0.22,0,1.97,0,0.01,0,18.02,62.65
2025-12-16T00:45:00Z,0,-4.37,0,-0.1,41,0,0.11,0,20.18,1385.79,0,0,0,0,14.2,0.01,0,0,1.97,0,0.01,0,16.37,60.61
2025-12-16T00:50:00Z,-0.01,0,15.67,-0.1,41,0,0.11,0,19.97,1366.79,0,0,0,0,14.27,0,1.03,0,1.97,0,0.01,0,25.57,62.58
2025-12-16T00:55:00Z,-7.14,0,43.29,0,40,0,0.11,0,30.45,1334.94,0,0,0,0,14.33,0,2.89,0,1.92,0,0.01,0,42.61,58.18
2025-12-16T01:00:00Z,-2.39,0,32.59,0,40,0,0.1,0,19.62,1349.49,0,0,0,0,14.4,0,2.18,0,1.92,0,0.01,0,35.85,57.5
2025-12-16T01:05:00Z,-1.83,0,63.49,-0.1,40,0,0.11,0,17.83,1318.42,0,0,0,0,14.38,0,4.27,0,1.92,0,0.01,0,56.68,63.73
2025-12-16T01:10:00Z,-22.86,0,95.67,0,40,0,0.11,0,8.71,1307.1,0,0,0,0,14.37,0,6.4,0,1.92,0,0.01,0,80.75,58.87
2025-12-16T01:15:00Z,-20.8,0,118.12,-0.1,40,0,0.11,0,4.26,1290.64,0,0,0,0,14.35,0,8.03,0,1.92,0,0.01,0,99.92,57.39
2025-12-16T01:20:00Z,-19.07,0,106.48,-0.1,41,0,0.11,0,12.6,1279.58,0,0,0,0,14.33,0,7.38,0,1.97,0,0.01,0,92.95,60.33
2025-12-16T01:25:00Z,-19.94,0,121.36,-0.1,40,0,0.11,0,6.57,1257.99,0,0,0,0,14.32,0,8.45,0,1.92,0,0.01,0,107.05,60.22
2025-12-16T01:30:00Z,-18.81,0,159.02,-0.1,42,0,0.11,0,23.48,1204.6,0,0,0,0,14.3,0,11.06,0,2.02,0,0.01,0,143.75,70.39
2025-12-16T01:35:00Z,-20.22,0,161.58,-0.2,40,0,0.11,0,9.02,1204.54,0,0,0,0,14.25,0,11.25,0,1.92,0,0.01,0,147.58,68.42
2025-12-16T01:40:00Z,-23.79,0,163.02,-0.2,40,0,0.11,0,3.2,1197.59,0,0,0,0,14.2,0,11.41,0,1.92,0,0.01,0,151.86,64.24
2025-12-16T01:45:00Z,-19.2,0,115.22,-0.1,40,0,0.11,0,27.62,1206.82,0,0,0,0,14.15,0,8.16,0,1.92,0,0.01,0,106.22,64.24
2025-12-16T01:50:00Z,-20.94,0,161.91,-0.1,40,0,0.11,0,5.17,1183.58,0,0,0,0,14.1,0,11.49,0,1.92,0,0.01,0,153.94,64.53
2025-12-16T01:55:00Z,-19.71,0,146.66,-0.1,41,0,0.11,0,18.55,1189.95,0,0,0,0,14.05,0,10.42,0,1.97,0,0.01,0,137.33,64.87
2025-12-16T02:00:00Z,-18.74,0,135.92,0,42,0,0.11,0,20.31,1176,0,0,0,0,14,0,9.75,0,2.02,0,0.01,0,130.3,67.57
2025-12-16T02:05:00Z,-25.83,0,162.19,0,40,0,0.11,0,1.8,1183.28,0,0,0,0,13.9,0,11.54,0,1.92,0,0.01,0,155.85,61.37
2025-12-16T02:10:00Z,-17.02,0,111.32,0,42,0,0.11,0,20.07,1190.8,0,0,0,0,13.8,0,8.1,0,2.02,0,0.01,0,107.98,64.5
2025-12-16T02:15:00Z,-21.59,0,124.95,0,40,0,0.11,0,8.65,1196.69,0,0,0,0,13.7,0,8.98,0,1.92,0,0.01,0,119.06,63.98
2025-12-16T02:20:00Z,-23.8,0,109.78,0,40,0,0.11,0,4.4,1202.93,0,0,0,0,13.6,0,8.06,0,1.92,0,0.01,0,107.55,59.74
2025-12-16T02:25:00Z,-23.24,0,117.75,0,40,0,0.1,0,8.61,1202.75,0,0,0,0,13.5,0,8.75,0,1.92,0,0.01,0,115.32,61.5
2025-12-16T02:30:00Z,-20.26,0,97.76,0,41,0,0.11,0,13.61,1204.74,0,0,0,0,13.4,0,7.25,0,1.97,0,0.01,0,96.96,61.05
2025-12-16T02:35:00Z,-25.06,0,86.16,0,42,0,0.1,0,11.01,1211.29,0,0,0,0,13.52,0,6.39,0,2.02,0,0.01,0,87.49,60.73
2025-12-16T02:40:00Z,-22.67,0,76.74,0,40,0,0.1,0,6.33,1214.87,0,0,0,0,13.63,0,5.66,0,1.92,0,0.01,0,78.3,59.87
2025-12-16T02:45:00Z,-21,0,49.26,0,40,0,0.1,0,6.72,1237.62,0,0,0,0,13.75,0,3.63,0,1.92,0,0.01,0,54.91,67.05
2025-12-16T02:50:00Z,-27.39,0,44.73,-0.2,40,0,0.11,0,2.56,1244.28,0,0,0,0,13.87,0,3.3,0,1.92,0,0.01,0,51.59,56.19
2025-12-16T02:55:00Z,-21.91,0,42.68,-0.2,40,0,0.11,0,0.43,1245.27,0,0,0,0,13.98,0,3.13,0,1.92,0,0.01,0,49.71,65.93
2025-12-16T03:00:00Z,-16.87,0,22.13,-0.2,41,0,0.11,0,13.92,1244.54,0,0,0,0,14.1,0,1.62,0,1.97,0,0.01,0,34.22,67.3
2025-12-16T03:05:00Z,-24.55,0,37.11,-0.2,40,0,0.11,0,7.92,1243.77,0,0,0,0,14.03,0,2.73,0,1.92,0,0.01,0,45.38,55.62
2025-12-16T03:10:00Z,-6.44,-0.65,0,-0.2,40,0,0.11,0,6.74,1261.15,0,0,0,0,13.97,0,0,0,1.92,0,0.01,0,17.76,57.55
2025-12-16T03:15:00Z,-2.19,-0.26,0,-0.2,40,0,0.11,0,3.57,1250.84,0,0,0,0,13.9,0,0,0,1.92,0,0.01,0,17.89,54.69
2025-12-16T03:20:00Z,-5.64,0,7.46,-0.1,40,0,0.1,0,1.3,1247.48,0,0,0,0,13.83,0,0.55,0,1.92,0,0.01,0,23.26,57.6
2025-12-16T03:25:00Z,-2.79,-26.45,0,-0.1,41,0,0.11,0,10.78,1260.59,0,0,0,0,13.77,0.04,0,0,1.97,0,0.01,0,18.09,63.61
2025-12-16T03:30:00Z,-7.39,-5.46,0,-0.1,40,0,0.11,0,4.54,1252.65,0,0,0,0,13.7,0.01,0,0,1.92,0,0.01,0,17.92,55.62
2025-12-16T03:35:00Z,-2.32,0,15.31,-0.1,40,0,0.28,0,0.16,1226.14,0,0,0,0,13.53,0,1.12,0,1.92,0,0.02,0,29.41,53.71
2025-12-16T03:40:00Z,-1.38,0,32.06,-0.1,40,0,0.28,0,3.41,1203.88,0,0,0,0,13.37,0,2.3,0,1.92,0,0.02,0,41.92,54.64
2025-12-16T03:45:00Z,0,0,35.94,0,41,0,0.28,0,11.92,1192.63,0,0,0,0,13.2,0,2.57,0,1.97,0,0.02,0,45.22,58.08
2025-12-16T03:50:00Z,0,0,26.78,0,41,0,0.28,0,10.57,1202.24,0,0,0,0,13.03,0,1.92,0,1.97,0,0.02,0,38.2,57.16
2025-12-16T03:55:00Z,-0.8,0,19.13,0,40,0,0.28,0,15.04,1202.26,0,0,0,0,12.87,0,1.37,0,1.92,0,0.02,0,32.08,57.05
2025-12-16T04:00:00Z,-1.84,0,18.39,0,40,0,0.28,0,17.37,1199.66,0,0,0,0,12.7,0,1.32,0,1.92,0,0.02,0,31.58,55.29
2025-12-16T04:05:00Z,-0.34,-12.9,0,0,41,0,0.28,0,24.69,1217.51,0,0,0,0,12.55,0.02,0,0,1.97,0,0.02,0,18.58,56.14
2025-12-16T04:10:00Z,0,-37.18,0,-0.1,42,0,0.28,0,43.51,1232.7,0,0,0,0,12.4,0.06,0,0,2.02,0,0.02,0,18.52,55.17
2025-12-16T04:15:00Z,0,-124.1,0,-0.1,42,0,0.28,0,150.5,1227.02,0,0,0,0,12.25,0.18,0,0,2.02,0,0.02,0,17.2,65.27
2025-12-16T04:20:00Z,0,-21.88,0,-0.1,41,0,0.27,0,49.06,1215.47,0,0,0,0,12.1,0.03,0,0,1.97,0,0.02,0,18.26,64.57
2025-12-16T04:25:00Z,-1.33,-2.91,0,-0.1,40,0,0.28,0,58.86,1192.34,0,0,0,0,11.95,0,0,0,1.92,0,0.02,0,18.03,65.98
2025-12-16T04:30:00Z,-1.23,0,12.99,-0.1,40,0,0.28,0,38.78,1195.71,0,0,0,0,11.8,0,0.92,0,1.92,0,0.02,0,27.26,55.9
2025-12-16T04:35:00Z,0,-98.82,0,-0.1,40,0,0.28,0,154.28,1203.73,0,0,0,0,11.77,0.14,0,0,1.92,0,0.02,0,16.64,57.7
2025-12-16T04:40:00Z,0,-115.93,0,-0.1,41,0,0.28,0,165.94,1208.49,0,0,0,0,11.73,0.16,0,0,1.97,0,0.02,0,16.84,64.86
2025-12-16T04:45:00Z,-1.04,-101.66,0,-0.2,40,0,0.27,0,157.68,1205.02,0,0,0,0,11.7,0.14,0,0,1.92,0,0.02,0,16.6,63.49
2025-12-16T04:50:00Z,-0.29,-117.42,0,-0.2,40,0,0.28,0,182.58,1200.99,0,0,0,0,11.67,0.16,0,0,1.92,0,0.02,0,16.35,63.9
2025-12-16T04:55:00Z,0,-166.19,0,-0.1,42,0,0.28,0,235.55,1196.5,0,0,0,0,11.63,0.23,0,0,2.02,0,0.02,0,16.56,63.62
2025-12-16T05:00:00Z,-0.78,-168.66,0,-0.1,40,0,0.27,0,261.67,1188.5,0,0,0,0,11.6,0.22,0,0,1.92,0,0.02,0,15.62,66.1
2025-12-16T05:05:00Z,-0.62,-121.61,0,-0.1,40,0,0.28,0,197.65,1202.44,0,0.03,0,0,11.58,0.16,0,0,1.92,0,0.02,0,16.16,65.42
2025-12-16T05:10:00Z,0,-123.98,0,-0.1,41,0,0.28,0,204,1212.12,0,0.07,0,0,11.57,0.17,0,0,1.97,0,0.02,0,16.36,65.73
2025-12-16T05:15:00Z,0,-125.16,0,-0.1,41,0,0.28,0,204.43,1207.85,0,0.1,0,0,11.55,0.17,0,0,1.97,0,0.02,0,16.4,65.03
2025-12-16T05:20:00Z,0,-154.75,0,-0.1,42,0,0.28,0,252.77,1192.08,0,0.13,0,0,11.53,0.21,0,0,2.02,0,0.02,0,16.42,70.97
2025-12-16T05:25:00Z,-0.62,-122.93,0,-0.1,40,0,0.27,0,217.51,1189.17,0,0.16,0,0,11.52,0.16,0,0,1.92,0,0.02,0,16.08,70.77
2025-12-16T05:30:00Z,-1.68,-97.52,0,-0.1,40,0,0.28,0,195.08,1183.89,0.1,0.2,0,0,11.5,0.13,0,0,1.92,0,0.02,0,16.41,70.81
2025-12-16T05:35:00Z,-1.14,-79.34,0,-0.1,40,0,0.27,0,193.66,1176.06,0.57,3.57,0,0,11.62,0.11,0,0,1.92,0,0.02,0,16.46,66.21
2025-12-16T05:40:00Z,-0.2,-48.36,0,-0.1,40,0,0.27,0,180.95,1164.87,1.12,6.95,0,0,11.73,0.07,0,0,1.92,0,0.02,0,16.69,65.88
2025-12-16T05:45:00Z,-2.32,-57.01,0,-0.1,40,0,0.28,0,198.02,1169.44,3.35,10.33,0,0,11.85,0.08,0,0,1.92,0,0.02,0,16.39,65.3
2025-12-16T05:50:00Z,-9.3,-37.19,0,-0.1,40,0,0.28,0,176.84,1172.72,6.88,13.7,0,0,11.97,0.05,0,0,1.92,0,0.02,0,16.6,53.21
2025-12-16T05:55:00Z,-7.21,-16.42,0,-0.1,40,0,0.28,0,188.71,1154.57,11.02,17.08,0,0,12.08,0.02,0,0,1.92,0,0.02,0,16.57,51.7
2025-12-16T06:00:00Z,-2.74,-21.92,0,-0.1,41,0,0.28,0,184.13,1142.83,17.49,20.46,0,0,12.2,0.03,0,0,1.97,0,0.02,0,16.99,52.6
2025-12-16T06:05:00Z,-5.05,-31.7,0,-0.1,40,0,0.28,0,192.92,1133.36,25.61,35.21,0,0,12.72,0.04,0,0,1.92,0,0.02,0,16.35,43.2
2025-12-16T06:10:00Z,-0.01,-27.34,0,0,42,0,0.27,0,167.33,1132.28,31.13,49.97,0,0,13.23,0.04,0,0,2.02,0,0.02,0,17.14,22.96
2025-12-16T06:15:00Z,-6.73,-27.52,0,0,41,0,0.27,0,126.58,1158.54,43.91,64.72,0,0,13.75,0.04,0,0,1.97,0,0.02,0,16.68,21.71
2025-12-16T06:20:00Z,-0.07,-10.97,0,0,42,0,0.28,0,91.76,1164.17,57.83,79.48,0,0,14.27,0.02,0,0,2.02,0,0.02,0,17,11.93
2025-12-16T06:25:00Z,-5.56,0,17.54,0,42,0,0.27,0,58.06,1155.62,73.77,94.23,0,0,14.78,0,1.02,0,2.02,0,0.02,0,26.17,18.2
2025-12-16T06:30:00Z,-4.33,-22.93,0,0,42,0,0.27,0,103,1139.86,85.73,108.99,0,0,15.3,0.03,0,0,2.02,0,0.02,0,16.53,18.2
2025-12-16T06:35:00Z,-0.61,0,50.18,0,40,0,0.27,0,12.2,1117.39,101.4,133.9,0,0,15.6,0,3.1,0,1.92,0,0.02,0,44.65,25.76
2025-12-16T06:40:00Z,-6.11,0,65.25,-0.1,40,0,0.28,0,1.12,1101.74,119.34,158.82,0,0,15.9,0,4.07,0,1.92,0,0.02,0,53.41,-7
2025-12-16T06:45:00Z,-1.37,0,85.68,-0.1,41,0,0.27,0,6.3,1067.18,136.53,183.73,19.13,6.11,16.2,0,5.41,0,1.97,0,0.02,0,65.88,-7.25
2025-12-16T06:50:00Z,-0.81,0,158.32,-0.1,41,0,0.28,0,42.14,954.93,120.81,208.65,126.52,39.76,16.5,0,9.98,0,1.97,0,0.02,0,118.82,-7.25
2025-12-16T06:55:00Z,-16.02,0,234.49,-0.1,40,0,0.28,0,0,928.73,132.06,233.56,110.68,47.74,16.8,0,14.54,0,1.92,0,0.02,0,182.41,-11.66
2025-12-16T07:00:00Z,-11.69,0,229.44,-0.1,40,0,0.28,0,0,892.52,138.17,258.48,134.9,69.91,17.1,0,14.24,0,1.92,0,0.02,0,178.37,-80
2025-12-16T07:05:00Z,-1.53,0,361.03,-0.1,44,0,0.27,0,62.81,681.02,133.11,293.54,339.59,105.12,17.02,0,22.09,0,2.11,0,0.02,0,341.08,-20
2025-12-16T07:10:00Z,-107.89,0,309.73,-0.1,45,0,0.28,0,122.05,708.57,149.58,328.59,182.9,108.06,16.93,0,18.65,0,2.16,0,0.02,0,267,-15.08
2025-12-16T07:15:00Z,-85.58,0,294.14,-0.2,41,0,0.28,0,19.25,764.5,185.43,363.65,194.79,95.38,16.85,0,17.53,0,1.97,0,0.02,0,235.53,-59.5
2025-12-16T07:20:00Z,-26.86,0,360.3,-0.2,40,0,0.28,0,0,654.4,168.49,398.71,280.95,125.08,16.77,0,21.44,0,1.92,0,0.02,0,320.79,-100
2025-12-16T07:25:00Z,-30.01,0,500.08,-0.1,43,0,0.27,0,22.77,502.52,178.52,433.76,375.99,142.67,16.68,0,30.06,0,2.06,0,0.02,0,592.71,-141.71
2025-12-16T07:30:00Z,-28.15,0,556.01,-0.1,42,0,0.28,0,9.74,437.5,189.01,468.82,418.91,151.95,16.6,0,33.67,0,2.02,0,0.02,0,760.95,-102
2025-12-16T07:35:00Z,-25.77,0,603.31,0,43,0,0.28,0,2.66,431.95,116.37,510.93,359.68,248.65,16.77,0,36.36,0,2.06,0,0.02,0,968.79,-120.38
2025-12-16T07:40:00Z,-28.13,0,647.18,0,40,0,0.28,0,6.33,393.09,123.77,553.04,397.76,260.56,16.93,0,39.29,0,1.92,0,0.02,0,1121.37,-68.71
2025-12-16T07:45:00Z,-27.4,0,621.45,0,40,0,0.28,0,1.72,455.58,101.01,595.15,238.9,404.09,17.1,0,37.61,0,1.92,0,0.02,0,871,-68.71
2025-12-16T07:50:00Z,-5.48,0,520.13,0,40,0,0.28,0,6.11,504.56,2.95,637.25,204.04,420.73,17.27,0,31.53,0,1.92,0,0.02,0,603.49,-80
2025-12-16T07:55:00Z,-88.11,0,594.76,0,42,0,0.28,0,32.41,433.92,5.46,679.36,274.88,426.44,17.43,0,36.29,0,2.02,0,0.02,0,900.8,-68.71
2025-12-16T08:00:00Z,-105.75,0,577.83,0,40,0,0.28,0,19.9,444.31,3.53,721.47,264.64,440.32,17.6,0,34.48,0,1.92,0,0.02,0,800.56,-129
2025-12-16T08:05:00Z,-59.3,0,684.06,0,40,0,0.28,0,8.2,351.21,1.17,764.08,350.81,446.98,17.7,0,41.73,0,1.92,0,0.02,0,1242.98,-41.97
2025-12-16T08:10:00Z,-64.37,0,536.18,-0.1,43,0,0.28,0,48.27,347.89,18.07,806.69,300.39,448.59,17.8,0,32.42,0,2.06,0,0.02,0,623.96,-20
2025-12-16T08:15:00Z,-27.42,0,444.39,-0.1,40,0,0.28,0,15.48,398.08,11.55,849.3,286.22,455,17.9,0,26.18,0,1.92,0,0.02,0,400.36,-160.11
2025-12-16T08:20:00Z,-9.52,0,596.76,-0.1,43,0,0.28,0,28.93,269,6.01,891.91,373.14,475.54,18,0,34.8,0,2.06,0,0.02,0,699.57,-41.97
2025-12-16T08:25:00Z,-86.24,0,516.78,-0.1,40,0,0.28,0,24.7,317.86,16.32,934.52,243.56,460.69,18.1,0,30.06,0,1.92,0,0.02,0,525.58,-155.84
2025-12-16T08:30:00Z,-29.55,0,515.54,0,40,0,0.28,0,22.7,308.93,3.3,977.14,276.62,482.65,18.2,0,29.98,0,1.92,0,0.02,0,474.42,-41.97
2025-12-16T08:35:00Z,-70.52,0,360.75,-0.1,42,0,0.28,0,21.94,399.69,14.25,1015.97,229.32,480.96,18.35,0,21.03,0,2.02,0,0.02,0,260.43,-41.97
2025-12-16T08:40:00Z,-111.28,0,428.49,-0.1,40,0,0.28,0,12.79,354.74,13.35,1054.81,254.55,481.29,18.5,0,24.5,0,1.92,0,0.02,0,338.88,-68.71
2025-12-16T08:45:00Z,-171.05,0,472.62,-0.1,42,0,0.28,0,10.23,333.52,6.1,1093.65,238.29,501.06,18.65,0,27.36,0,2.02,0,0.02,0,418.94,-68.71
2025-12-16T08:50:00Z,-190.24,0,508.13,-0.1,40,0,0.28,0,0,306.55,2.88,1132.48,254.23,499.04,18.8,0,29.36,0,1.92,0,0.02,0,479.29,-68.71
2025-12-16T08:55:00Z,-178.45,0,463.24,-0.1,42,0,0.28,0,1.53,301.61,7.14,1171.32,245.48,502.53,18.95,0,26.75,0,2.02,0,0.02,0,391.54,-68.71
2025-12-16T09:00:00Z,-168.6,0,484.21,-0.1,41,0,0.28,0,0.2,254.37,3.11,1210.16,248.69,504.4,19.1,0,27.85,0,1.97,0,0.02,0,418.12,-68.71
2025-12-16T09:05:00Z,-167.05,0,473,-0.1,40,0,0.28,0,0.07,231.41,2.65,1245.1,244.45,513.62,19.4,0,27.26,0,1.92,0,0.02,0,398.39,-68.71
2025-12-16T09:10:00Z,-157.59,0,386.1,0,44,0,0.28,0,9.03,252.43,8.32,1280.05,202.6,516.6,19.7,0,22.07,0,2.11,0,0.02,0,276.42,-41.97
2025-12-16T09:15:00Z,-130,0,310.45,0,40,0,0.28,0,13.62,268.77,14.24,1315,179.71,515.61,20,0,17.57,0,1.92,0,0.02,0,193.21,-20
2025-12-16T09:20:00Z,-99.65,0,263.74,0,40,0,0.28,0,10.37,246.21,11.19,1349.95,166.08,527.13,20.3,0,15.2,0,1.92,0,0.02,0,158.82,-19.98
2025-12-16T09:25:00Z,-77.01,0,239.2,0,45,0,0.28,0,9.9,233.99,14.29,1384.89,163.56,526.97,20.6,0,13.34,0,2.16,0,0.02,0,135.76,-15.08
2025-12-16T09:30:00Z,-50.3,0,157.4,0,45,0,0.28,0,20.45,227.35,20.38,1419.84,145.33,522.33,20.9,0,9.1,0,2.16,0,0.02,0,88.75,-11.66
2025-12-16T09:35:00Z,-23.2,0,88.69,-0.1,47,0,0.28,0,9.9,223.17,46.83,1448.88,109.38,501.59,20.85,0,4.93,0,2.26,0,0.02,0,51.93,-11.66
2025-12-16T09:40:00Z,-9.08,0,21.82,-0.1,54,0,0.28,0,15.63,238.55,57.6,1477.92,95.4,490.4,20.8,0,1.24,0,2.59,0,0.02,0,25.46,-11.66
2025-12-16T09:45:00Z,-31.8,-3.67,0,-0.1,52,0,0.28,0,50,228.48,53.66,1506.95,92.97,506.3,20.75,0.02,0,0,2.5,0,0.02,0,16.1,-15.08
2025-12-16T09:50:00Z,-16.25,0,14.97,-0.1,55,0,0.28,0,36.88,196.25,39.41,1535.99,103.73,525.26,20.7,0,0.82,0,2.64,0,0.02,0,22.77,-8.5
2025-12-16T09:55:00Z,-105.16,-17.34,0,-0.1,60,0,0.28,0,25.44,217.53,114.68,1565.03,76.5,447.13,20.65,0.12,0,0,2.88,0,0.02,0,17.92,-11.01
2025-12-16T10:00:00Z,-113.95,0,28.32,-0.1,59,0,0.28,0,4.95,209.56,79.5,1594.07,75.28,494.45,20.6,0,1.49,0,2.83,0,0.02,0,28.85,-11.66
2025-12-16T10:05:00Z,-119.35,0,26.22,0,63,0,0.28,0,0.51,218.01,48.99,1613.43,76.28,517.89,20.75,0,1.42,0,3.02,0,0.02,0,29.8,-92.01
2025-12-16T10:10:00Z,-282.33,0,393.23,0,69,0,0.28,0,4.72,100.78,10.77,1632.79,177.59,567.55,20.9,0,21.01,0,3.31,0,0.02,0,255.57,-85.99
2025-12-16T10:15:00Z,-187.68,0,321.38,0,72,0,0.28,0,2.83,95.8,5.97,1652.15,168.8,568.93,21.05,0,17.08,0,3.45,0,0.02,0,186.82,-68.71
2025-12-16T10:20:00Z,-241.42,0,327.13,0,72,0,0.28,0,0.04,130,3.45,1671.51,112.04,562.65,21.2,0,17.86,0,3.45,0,0.02,0,195.62,-68.71
2025-12-16T10:25:00Z,-254.1,0,326.87,0,74,0,0.28,0,0.03,117.07,2.87,1690.87,144.57,564.69,21.35,0,18.39,0,3.55,0,0.02,0,202.08,-92.01
2025-12-16T10:30:00Z,-259.68,0,379.11,0,73,0,0.28,0,0,79.52,1.18,1710.24,172.9,565.77,21.5,0,20.6,0,3.5,0,0.02,0,236.18,-41.97
2025-12-16T10:35:00Z,-292.63,0,341.96,0,78,0,0.28,0,0,87.31,17.56,1719.43,118.89,558.85,21.7,0,19.34,0,3.74,0,0.02,0,218.66,-92.01
2025-12-16T10:40:00Z,-346.94,0,437.39,0,80,0,0.28,0,0,77.43,2.94,1728.63,125.24,580.15,21.9,0,23.72,0,3.84,0,0.02,0,299.52,-92.01
2025-12-16T10:45:00Z,-299.14,0,415.23,0,80,0,0.28,0,0,67.86,0.74,1737.83,171.77,570.4,22.1,0,24.17,0,3.84,0,0.02,0,286.93,-68.71
2025-12-16T10:50:00Z,-286.73,0,366.88,0,80,0,0.28,0,0,82,2.26,1747.03,128.98,567.16,22.3,0,19.97,0,3.84,0,0.02,0,227.35,-92.01
2025-12-16T10:55:00Z,-279.23,0,355.73,0,82,0,0.28,0,0.18,72.94,1.89,1756.22,152.36,569.57,22.5,0,20.85,0,3.93,0,0.02,0,232.77,-92.01
2025-12-16T11:00:00Z,-291.57,0,367.56,0,80,0,0.28,0,0,66.9,0.67,1765.42,162.87,569.66,22.7,0,20.16,0,3.84,0,0.02,0,229.77,-92.01
2025-12-16T11:05:00Z,-299.63,0,367.01,0,80,0,0.28,0,0.03,69.55,0.65,1777.49,162.56,564.4,23.05,0,21.58,0,3.84,0,0.02,0,242.01,-92.01
2025-12-16T11:10:00Z,-340.44,0,405.18,0,83,0,0.28,0,0,70.2,0.97,1789.56,147.9,566.94,23.4,0,23.63,0,3.98,0,0.02,0,276.67,-92.01
2025-12-16T11:15:00Z,-277.3,0,306.91,0,85,0,0.28,0,3.39,76,2.1,1801.63,153.89,566.02,23.75,0,18.67,0,4.08,0,0.02,0,197.39,-92.01
2025-12-16T11:20:00Z,-294.8,0,329.77,0,82,0,0.28,0,8.39,68.12,0.69,1813.71,168.79,564.59,24.1,0,18.83,0,3.93,0,0.02,0,202.74,-92.01
2025-12-16T11:25:00Z,-270.45,0,298.48,0,80,0,0.28,0,7.3,67.51,0.59,1825.78,172.84,565.14,24.45,0,17.2,0,3.84,0,0.02,0,178.91,-92.01
2025-12-16T11:30:00Z,-259.53,0,251.66,0,84,0,0.28,0,18.03,67.9,1.6,1837.85,160.34,565.68,24.8,0,14.06,0,4.03,0,0.02,0,145.02,-92.01
2025-12-16T11:35:00Z,-267.88,0,283.7,0,80,0,0.28,0,0.03,72.9,0.67,1850.17,162.14,566.25,24.57,0,17.09,0,3.84,0,0.02,0,173.1,-92.01
2025-12-16T11:40:00Z,-377.61,0,376.53,0,80,0,0.28,0,0,68.02,0.76,1862.48,172.43,566.76,24.33,0,21.17,0,3.84,0,0.02,0,238.86,-68.71
2025-12-16T11:45:00Z,-361.24,0,343.67,0,80,0,0.28,0,0,62.89,2.26,1874.8,161.27,565.36,24.1,0,19.32,0,3.84,0,0.02,0,211.44,-92.01
2025-12-16T11:50:00Z,-342.43,0,332.82,0,85,0,0.28,0,1.34,55.04,1.82,1887.12,179.63,567.89,23.87,0,20.27,0,4.08,0,0.02,0,215.74,-68.71
2025-12-16T11:55:00Z,-351.42,0,297.88,0,83,0,0.28,0,27.5,69.2,3.45,1899.44,138.31,566.41,23.63,0,18.15,0,3.98,0,0.02,0,185.46,-59.04
2025-12-16T12:00:00Z,-316.98,0,265.93,0,80,0,0.28,0,0,89.3,5.15,1911.76,143.91,563.95,23.4,0,16.43,0,3.84,0,0.02,0,161.9,-59.04
2025-12-16T12:05:00Z,-408.94,0,362.13,0,82,0,0.27,0,0,81.6,5.83,1909.19,137.34,564.47,23.52,0,21.73,0,3.93,0,0.02,0,235.62,-68.71
2025-12-16T12:10:00Z,-437.75,0,415.36,0,86,0,0.28,0,0.23,74.4,4.39,1906.63,139.32,567.98,23.63,0,26.46,0,4.13,0,0.02,0,301.3,-59.04
2025-12-16T12:15:00Z,-413.57,0,385.42,0,79,0,0.28,0,0,80.82,5.38,1904.06,134.17,565.45,23.75,0,23,0,3.79,0,0.02,0,253.18,-68.71
2025-12-16T12:20:00Z,-388.98,0,401.85,0,80,0,0.28,0,0,46.9,3.22,1901.5,137.28,568.85,23.87,0,25.63,0,3.84,0,0.02,0,285.16,-68.71
2025-12-16T12:25:00Z,-386.83,0,380.87,0,79,0,0.28,0,0,60.7,2.7,1898.93,145.4,569.22,23.98,0,24.39,0,3.79,0,0.02,0,265.66,-59.5
2025-12-16T12:30:00Z,-407.89,0,369.89,0,80,0,0.28,0,0,83.6,2.98,1896.37,126.75,569.31,24.1,0,23.17,0,3.84,0,0.02,0,252.27,-68.71
2025-12-16T12:35:00Z,-423.24,0,387.9,0,80,0,0.28,0,0.04,80.1,2.69,1899.22,148.79,570.01,24.17,0,25.33,0,3.84,0,0.02,0,279.9,-92.01
2025-12-16T12:40:00Z,-422.94,0,433.19,0,80,0,0.28,0,0,48.26,1.11,1902.07,172.63,563.95,24.23,0,27.93,0,3.84,0,0.02,0,324.43,-92.01
2025-12-16T12:45:00Z,-379.35,0,400.48,0,80,0,0.28,0,0,50.63,0.69,1904.92,160.16,564.24,24.3,0,26.02,0,3.84,0,0.02,0,285.29,-68.71
2025-12-16T12:50:00Z,-356.79,0,339.63,-0.1,89,0,0.28,0,4.12,58.41,4.51,1907.77,159.98,562.62,24.37,0,22,0,4.27,0,0.02,0,230.67,-85.66
2025-12-16T12:55:00Z,-316.05,0,325.2,-0.1,88,0,0.28,0,4.59,38.27,3.19,1910.62,167.55,573.54,24.43,0,21.67,0,4.22,0,0.02,0,221.5,-68.71
2025-12-16T13:00:00Z,-347.77,0,346.98,-0.1,80,0,0.28,0,4.91,54.99,2.26,1913.47,130.93,571.78,24.5,0,22.88,0,3.84,0,0.02,0,235.77,-68.71
2025-12-16T13:05:00Z,-352.5,0,335.96,0,85,0,0.28,0,3.27,53.52,3.5,1909.15,144.04,572.09,24.62,0,22.24,0,4.08,0,0.02,0,231.35,-92.01
2025-12-16T13:10:00Z,-359.3,0,381.29,0,79,0,0.28,0,0,36.98,1.07,1904.83,148.59,574.53,24.73,0,24.18,0,3.79,0,0.02,0,262.11,-179.67
2025-12-16T13:15:00Z,-304.29,0,354.18,0,80,0,0.28,0,0.3,25.87,0.65,1900.52,152.2,574.89,24.85,0,21.97,0,3.84,0,0.02,0,229.69,-233.35
2025-12-16T13:20:00Z,-248.32,0,337.15,0,80,0,0.27,0,0.01,17.8,0.67,1896.2,167.33,573.11,24.97,0,20.06,0,3.84,0,0.02,0,203.62,-189.09
2025-12-16T13:25:00Z,-340.34,0,396.75,0,80,0,0.28,0,0,36.57,0.82,1891.88,165.18,575.46,25.08,0,24.13,0,3.84,0,0.02,0,263.97,-304.64
2025-12-16T13:30:00Z,-148.9,0,125.19,0,80,0,0.28,0,111.27,22.53,0.74,1887.57,194.15,575.77,25.2,0,7.84,0,3.84,0,0.02,0,76.78,-68.71
2025-12-16T13:35:00Z,-26.31,0,52,0,82,0,0.28,0,1.59,46.72,2.4,1877.59,164.99,563.74,25.18,0,3.4,0,3.93,0,0.02,0,45.66,-41.97
2025-12-16T13:40:00Z,-40.16,0,51.69,0,80,0,0.28,0,0.01,64.56,6.73,1867.62,134.13,567.33,25.17,0,3.21,0,3.84,0,0.02,0,44.03,-68.71
2025-12-16T13:45:00Z,-19.57,0,36.1,0,80,0,0.28,0,0.1,55.39,3.61,1857.65,170.11,574.5,25.15,0,2.15,0,3.84,0,0.02,0,37.12,-92.01
2025-12-16T13:50:00Z,-13.49,0,50.03,0,80,0,0.28,0,0.14,52.93,1.18,1847.68,164.05,566.82,25.13,0,2.97,0,3.84,0,0.02,0,42.68,-20.57
2025-12-16T13:55:00Z,-6.09,-0.21,0,0,82,0,0.28,0,3.52,65.84,9.06,1837.7,139.41,556.92,25.12,0.01,0,0,3.93,0,0.02,0,23.79,-21
2025-12-16T14:00:00Z,-7.28,-17.6,0,0,84,0,0.28,0,17.28,70.54,11.69,1827.73,159.07,566.87,25.1,0.39,0,0,4.03,0,0.02,0,22.12,-20.57
2025-12-16T14:05:00Z,-8.37,0,1.48,0,88,0,0.28,0,9.73,64.66,12.8,1825.08,148.43,558.58,25.35,0,0.09,0,4.22,0,0.02,0,26.13,-172.68
2025-12-16T14:10:00Z,-83.96,0,93.86,0,85,0,0.28,0,6.03,36.91,69.02,1822.44,186.6,489.88,25.6,0,5.58,0,4.08,0,0.02,0,63.04,-251.08
2025-12-16T14:15:00Z,-160.71,0,193.19,0,84,0,0.28,0,3.92,18.81,90.53,1819.79,199.21,485.83,25.85,0,10.93,0,4.03,0,0.02,0,108.08,-252.39
2025-12-16T14:20:00Z,-123.05,0,157.98,0,84,0,0.28,0,2.02,21.92,90.1,1817.14,233.96,489.85,26.1,0,9.09,0,4.03,0,0.02,0,90.92,-20
2025-12-16T14:25:00Z,-77.39,0,35.66,0,85,0,0.28,0,3.56,79.28,96.76,1814.49,129.1,479.43,26.35,0,2.11,0,4.08,0,0.02,0,37.89,-19.9
2025-12-16T14:30:00Z,-65.81,-8.64,0,0,84,0,0.28,0,2.3,128.92,97.83,1811.85,108.48,479.76,26.6,0.11,0,0,4.03,0,0.02,0,23.05,-19.98
2025-12-16T14:35:00Z,-56.72,0,18.57,0,82,0,0.28,0,0,107.23,97.01,1798.59,137.41,471.46,26.6,0,1.06,0,3.93,0,0.02,0,29.96,-37
2025-12-16T14:40:00Z,-13.52,0,25.19,0,80,0,0.28,0,0.1,71.74,97.62,1785.34,157.36,471.48,26.6,0,1.62,0,3.84,0,0.02,0,32.91,-20
2025-12-16T14:45:00Z,-8.92,0,13.37,0,82,0,0.11,0,0.28,81.21,97.72,1772.08,136.65,471.43,26.6,0,0.8,0,3.93,0,0.01,0,28.27,-20
2025-12-16T14:50:00Z,-13.93,0,44.43,0,80,0,0.11,0,0,83.94,96.09,1758.83,146.01,479.39,26.6,0,2.73,0,3.84,0,0.01,0,40.24,-19.98
2025-12-16T14:55:00Z,-10.3,0,40.72,0,80,0,0.11,0,1.15,93.61,96.35,1745.57,144.76,479.29,26.6,0,2.43,0,3.84,0,0.01,0,38.31,-19.98
2025-12-16T15:00:00Z,-2.17,0,18.97,0,81,0,0.11,0,13.63,100.9,97.61,1732.32,149.06,479.21,26.6,0,1.12,0,3.89,0,0.01,0,30.02,-15.08
2025-12-16T15:05:00Z,-14.52,0,51.1,0,80,0,0.11,0,0.36,110.23,104.43,1721.78,122.72,469.43,26.47,0,2.97,0,3.84,0,0.01,0,41.9,-231.99
2025-12-16T15:10:00Z,-179.2,0,377.14,0,81,0,0.11,0,0,17.93,90.73,1711.23,215.47,488.81,26.33,0,21.01,0,3.89,0,0.01,0,222.23,-129
2025-12-16T15:15:00Z,-147.36,0,344.09,0,80,0,0.1,0,0,35.74,86.64,1700.69,216.81,488.33,26.2,0,18.29,0,3.84,0,0.01,0,188.13,-231.81
2025-12-16T15:20:00Z,-95.69,0,330.12,0,80,0,0.11,0,0.01,16.05,87.18,1690.15,243.49,487.33,26.07,0,17.54,0,3.84,0,0.01,0,177.3,-216.67
2025-12-16T15:25:00Z,-75.07,0,333.58,0,82,0,0.1,0,0.02,16.16,87.89,1679.61,258.96,486,25.93,0,18.35,0,3.93,0,0.01,0,183.58,-213.66
2025-12-16T15:30:00Z,-81.73,0,362.19,0,82,0,0.11,0,0.54,14.13,87.69,1669.07,241.17,485.81,25.8,0,18.82,0,3.93,0,0.01,0,193.75,-190.01
2025-12-16T15:35:00Z,-72.09,0,344.89,0,82,0,0.11,0,5.01,29.84,87.96,1647.3,221.84,481.34,25.67,0,18.33,0,3.93,0,0.01,0,186.22,-229
2025-12-16T15:40:00Z,-29.96,0,332.31,0,82,0,0.1,0,4.76,15.37,87.75,1625.54,281.26,478.76,25.53,0,17.05,0,3.93,0,0.01,0,173.36,-234.94
2025-12-16T15:45:00Z,-42.74,0,374.07,0,80,0,0.11,0,0,13.06,87.64,1603.77,293.12,479.06,25.4,0,19.92,0,3.84,0,0.01,0,208.49,-129
2025-12-16T15:50:00Z,-60.8,0,394.51,0,80,0,0.11,0,0,36.19,87.03,1582.01,247.86,473.15,25.27,0,20.89,0,3.84,0,0.01,0,223.15,-226
2025-12-16T15:55:00Z,-11.73,0,382.67,0,83,0,0.11,0,0.22,28.33,87.85,1560.25,218.15,469.73,25.13,0,20.27,0,3.98,0,0.01,0,213.19,-200
2025-12-16T16:00:00Z,-12.39,0,415.28,0,80,0,0.11,0,0,19.12,86.74,1538.48,245.68,472.78,25,0,22.06,0,3.84,0,0.01,0,239.74,-102
2025-12-16T16:05:00Z,-12.3,0,419.28,0,80,0,0.1,0,0,38.67,87.27,1512.38,225.7,462.33,25.07,0,22.21,0,3.84,0,0.01,0,242.94,-35.83
2025-12-16T16:10:00Z,-3.96,0,445.45,0,81,0,0.11,0,18.45,45.21,20.06,1486.28,192.15,539.87,25.13,0,24.14,0,3.89,0,0.01,0,279.95,-19.98
2025-12-16T16:15:00Z,-5.09,0,368.8,0,80,0,0.11,0,33.32,130.23,10.44,1460.18,147.3,534.4,25.2,0,20.26,0,3.84,0,0.01,0,215.77,-19.5
2025-12-16T16:20:00Z,-12.25,0,392.7,0,80,0,0.1,0,22.4,164.96,11.71,1434.08,129.25,522.81,25.27,0,21.69,0,3.84,0,0.01,0,234.21,-68.71
2025-12-16T16:25:00Z,-12.3,0,427.39,0,80,0,0.11,0,110.45,78.42,4.37,1407.98,229.48,529.37,25.33,0,23.7,0,3.84,0,0.01,0,266.21,-11.66
2025-12-16T16:30:00Z,-17.99,0,439.04,0,80,0,0.11,0,1.16,167.51,40.47,1381.88,123.41,484.29,25.4,0,24.64,0,3.84,0,0.01,0,281.52,-11.8
2025-12-16T16:35:00Z,-15.81,0,397.61,0,80,0,0.11,0,0.14,215.99,42.29,1349.52,124.17,481.53,25.52,0,22.42,0,3.84,0,0.01,0,247.25,-19.98
2025-12-16T16:40:00Z,-14.46,0,467.11,0,80,0,0.11,0,7.88,194.19,11.92,1317.15,141.16,509.03,25.63,0,26.45,0,3.84,0,0.01,0,321.78,-19.88
2025-12-16T16:45:00Z,-34.27,0,492.21,0,81,0,0.11,0,0.2,244.64,10.55,1284.79,127.74,506.85,25.75,0,28.23,0,3.89,0,0.01,0,352.11,-15.08
2025-12-16T16:50:00Z,-10.75,0,442.35,0,86,0,0.11,0,23.78,258.95,21.57,1252.42,106.93,485.43,25.87,0,25.73,0,4.13,0,0.01,0,301.19,-11.66
2025-12-16T16:55:00Z,-7.46,0,450.95,0,87,0,0.11,0,18.31,272.87,45,1220.06,97.29,458.11,25.98,0,26.42,0,4.17,0,0.01,0,309.91,-11.66
2025-12-16T17:00:00Z,-39.2,0,461.35,0,80,0,0.11,0,0,333.88,51.82,1187.69,73.02,443.01,26.1,0,27.07,0,3.84,0,0.01,0,321.72,-11.66
2025-12-16T17:05:00Z,-35.69,0,519.84,0,81,0,0.1,0,0,332.48,46.17,1147.71,94.2,451.12,26.03,0,30.56,0,3.89,0,0.01,0,393.05,-11.66
2025-12-16T17:10:00Z,-17.99,0,604.49,0,40,0,0.11,0,0,309.32,42.08,1107.73,94.71,441.48,25.97,0,35.79,0,1.92,0,0.01,0,516.18,-11.66
2025-12-16T17:15:00Z,-8.58,0,543.28,0,40,0,0.1,0,0,385.04,58.79,1067.75,30.28,419.58,25.9,0,32.19,0,1.92,0,0.01,0,409.45,-9.5
2025-12-16T17:20:00Z,-4.32,0,509.86,0,40,0,0.11,0,0.26,420.37,70.41,1027.77,34.23,400.74,25.83,0,30.42,0,1.92,0,0.01,0,371.57,-19.5
2025-12-16T17:25:00Z,-2.66,0,583.27,0,40,0,0.11,0,1.27,350.14,21.47,987.8,110.61,352.66,25.77,0,34.96,0,1.92,0,0.01,0,543.14,-20
2025-12-16T17:30:00Z,-17.19,0,709.34,0,40,0,0.11,0,0,292.2,119.36,947.82,142.77,346.98,25.7,0,42.81,0,1.92,0,0.01,0,797.8,-11.66
2025-12-16T17:35:00Z,-11.19,0,608.74,0,41,0,0.11,0,0.02,360.89,157.72,905.8,55.02,302.72,25.6,0,36.94,0,1.97,0,0.01,0,552.28,-20
2025-12-16T17:40:00Z,-2.94,0,593.83,0,42,0,0.1,0,3.78,296.78,163.3,863.78,167.78,182.16,25.5,0,35.74,0,2.02,0,0.01,0,586.24,-19.9
2025-12-16T17:45:00Z,-3.1,0,588.22,0,42,0,0.11,0,15.36,328.51,257.73,821.75,112.26,184.19,25.4,0,35.66,0,2.02,0,0.01,0,517.28,-11.66
2025-12-16T17:50:00Z,-7.62,0,602.59,0,41,0,0.11,0,1.7,349.63,285.14,779.73,103.14,139.96,25.3,0,36.57,0,1.97,0,0.01,0,545.97,-11.66
2025-12-16T17:55:00Z,-29.1,0,605.6,0,41,0,0.11,0,0.09,390.47,290.91,737.71,61.54,116.84,25.2,0,36.75,0,1.97,0,0.01,0,562.91,-7
2025-12-16T18:00:00Z,-17.07,0,560.2,0,40,0,0.11,0,0.12,432.61,313.43,695.69,9.75,70.41,25.1,0,33.3,0,1.92,0,0.01,0,467.26,56.2
2025-12-16T18:05:00Z,-5.33,0,450.32,0,40,0,0.11,0,58.58,423.26,359.49,656.18,0,0,25.02,0,26.75,0,1.92,0,0.01,0,318.02,68
2025-12-16T18:10:00Z,-0.26,0,508.35,0,40,0,0.11,0,35.41,429.84,341.27,616.67,0,0,24.93,0,29.57,0,1.92,0,0.01,0,395.9,35.95
2025-12-16T18:15:00Z,-0.44,0,583.92,0,40,0,0.11,0,25.2,437.25,312.67,577.15,0,0,24.85,0,33.64,0,1.92,0,0.01,0,528.17,56.2
2025-12-16T18:20:00Z,-1.1,0,603.71,0,40,0,0.11,0,47.3,443.01,297.31,537.64,0,0,24.77,0,34.36,0,1.92,0,0.01,0,572.58,98.96
2025-12-16T18:25:00Z,0,0,542.94,0,43,0,0.11,0,146.19,438.29,264.29,498.13,0,0,24.68,0,30.91,0,2.06,0,0.01,0,467.18,138
2025-12-16T18:30:00Z,-1.57,0,523.35,0,40,0,0.11,15,148.27,475.05,249.53,458.61,0,0,24.6,0,29.04,0,1.92,0,0.01,0.74,441.46,105.99
2025-12-16T18:35:00Z,0,0,489,0,43,0,0.11,0,240.08,470.8,224.09,424.1,0,0,24.62,0,27.28,0,2.06,0,0.01,0,385.73,97.7
2025-12-16T18:40:00Z,-1.03,0,504.81,0,40,0,0.11,70.95,234.9,468.67,202.26,389.6,0,0,24.63,0,27.05,0,1.92,0,0.01,3.49,432.56,92.24
2025-12-16T18:45:00Z,-0.81,0,488.33,0,40,0,0.11,71.63,281.77,479.17,183.85,355.09,0,0,24.65,0,25.39,0,1.92,0,0.01,3.52,401.1,98
2025-12-16T18:50:00Z,-0.24,0,519.58,0,40,0,0.11,72.3,291.62,484.51,156.56,320.58,0,0,24.67,0,26.82,0,1.92,0,0.01,3.55,458.24,97.54
2025-12-16T18:55:00Z,-0.29,0,410.93,0,40,0,0.11,71.55,410.39,504.41,140.66,286.07,0,0,24.68,0,21.21,0,1.92,0,0.01,3.52,306.99,101.72
2025-12-16T19:00:00Z,-0.25,0,412.23,0,40,0,0.11,71.05,428.46,496.89,121.05,251.57,0,0,24.7,0,21.48,0,1.92,0,0.01,3.49,323.9,86.85
2025-12-16T19:05:00Z,0,0,438.04,0,42,0,0.1,73.5,459.45,498.04,105.24,225.35,0,0,24.55,0,23.2,0,2.02,0,0.01,3.61,358.36,98
2025-12-16T19:10:00Z,-0.03,0,504.72,0,40,0,0.11,70.34,431.87,499.79,82.9,199.14,0,0,24.4,0,25.29,0,1.92,0,0.01,3.46,449.22,113.98
2025-12-16T19:15:00Z,-0.03,0,453.43,0,40,0,0.11,72.13,462.35,519.1,70.11,172.93,0,0,24.25,0,23.38,0,1.92,0,0.01,3.54,391.98,98
2025-12-16T19:20:00Z,0,0,485.63,0,42,0,0.11,73.98,432.2,541.08,51.94,146.72,0,0,24.1,0,25.43,0,2.02,0,0.01,3.64,464.97,102.9
2025-12-16T19:25:00Z,-0.15,0,433.6,0,40,0,0.11,70.97,495.32,546.18,39.14,120.5,0,0,23.95,0,22.32,0,1.92,0,0.01,3.49,378.83,98
2025-12-16T19:30:00Z,0,0,460.31,0,40,0,0.11,71.43,461.28,595.72,30.39,94.29,0,0,23.8,0,24.03,0,1.92,0,0.01,3.51,424.57,98
2025-12-16T19:35:00Z,0,0,479.03,0,40,0,0.11,71.92,438.83,616.21,18.96,80.49,0,0,23.78,0,24.94,0,1.92,0,0.01,3.53,463.24,102.15
2025-12-16T19:40:00Z,-0.29,0,422.28,0,40,0,0.11,71.87,488.35,632.71,11.12,66.69,0,0,23.77,0,21.54,0,1.92,0,0.01,3.53,364.73,98.05
2025-12-16T19:45:00Z,-0.04,0,430.3,-0.1,40,0,0.11,72.77,442.47,652.8,7.59,52.89,0,0,23.75,0,22.6,0,1.92,0,0.01,3.58,402.35,98
2025-12-16T19:50:00Z,-0.19,0,466.02,-0.1,40,0,0.11,71.49,390.27,681.39,4.14,39.09,0,0,23.73,0,24.45,0,1.92,0,0.01,3.51,471.83,95.03
2025-12-16T19:55:00Z,-0.37,0,454.97,0,40,0,0.11,70.97,407.7,697.17,1.42,25.29,0,0,23.72,0,24.22,0,1.92,0,0.01,3.49,451.73,98
2025-12-16T20:00:00Z,-0.19,0,352.79,0,40,0,0.11,72.59,479.62,700.61,0.38,11.49,0,0,23.7,0,18.73,0,1.92,0,0.01,3.57,305.36,98
2025-12-16T20:05:00Z,-0.2,0,384.17,0,40,0,0.11,73.27,429.33,717.33,0.1,9.57,0,0,23.65,0,20.51,0,1.92,0,0.01,3.6,352.93,98.14
2025-12-16T20:10:00Z,-1.22,0,430.67,0,40,0,0.11,70.97,378.95,720.83,0.06,7.66,0,0,23.6,0,22.87,0,1.92,0,0.01,3.49,431.42,88.57
2025-12-16T20:15:00Z,0,0,484.3,0,40,0,0.11,72.04,326,736.44,0.01,5.75,0,0,23.55,0,26.1,0,1.92,0,0.01,3.54,544.22,92.24
2025-12-16T20:20:00Z,-0.01,0,515.57,0,40,0,0.11,71.99,280.7,750.79,0.01,3.83,0,0,23.5,0,28.46,0,1.92,0,0.01,3.54,644.22,85.61
2025-12-16T20:25:00Z,-0.16,0,335.62,0,40,0,0.11,72.21,437,774.79,0.01,1.92,0,0,23.45,0,18.67,0,1.92,0,0.01,3.55,292.63,95.7
2025-12-16T20:30:00Z,-0.74,0,350.12,0,40,0,0.11,71.98,409.79,781.24,0.01,0,0,0,23.4,0,19,0,1.92,0,0.01,3.54,308.25,86.4
2025-12-16T20:35:00Z,-0.02,0,333.71,0,40,0,0.11,71.69,383.83,804.29,0.01,0,0,0,23.25,0,18.57,0,1.92,0,0.01,3.52,298.27,85.26
2025-12-16T20:40:00Z,-0.02,0,296.21,0,41,0,0.11,73.03,436.86,827.85,0.01,0,0,0,23.1,0,17.06,0,1.97,0,0.01,3.59,250.81,96.73
2025-12-16T20:45:00Z,-0.03,0,495.75,0,41,0,0.11,73.81,218.85,824.17,0.01,0,0,0,22.95,0,27.29,0,1.97,0,0.01,3.63,596.12,110.86
2025-12-16T20:50:00Z,-0.11,0,545.97,0,40,0,0.11,72.11,160.08,809.99,0,0,0,0,22.8,0,29.61,0,1.92,0,0.01,3.54,785,94.48
2025-12-16T20:55:00Z,-0.04,0,526.19,0,40,0,0.11,71.93,205.45,798.75,0,0,0,0,22.65,0,29.5,0,1.92,0,0.01,3.53,711.09,90.01
2025-12-16T21:00:00Z,-1.33,0,511.26,0,40,0,0.11,71.05,226.87,785.98,0,0,0,0,22.5,0,28.34,0,1.92,0,0.01,3.49,662.58,122.92
2025-12-16T21:05:00Z,-0.73,0,567.53,0,40,0,0.11,72.15,137.78,793.27,0,0,0,0,22.47,0,30.95,0,1.92,0,0.01,3.55,920.04,89.04
2025-12-16T21:10:00Z,-0.08,0,509.84,0,42,0,0.11,73.49,217.17,782.06,0,0,0,0,22.43,0,28.66,0,2.02,0,0.01,3.61,680.21,119.67
2025-12-16T21:15:00Z,-1.57,0,565.93,0,40,0,0.1,70.91,142.52,776.13,0,0,0,0,22.4,0,31.31,0,1.92,0,0.01,3.48,953.46,81.74
2025-12-16T21:20:00Z,-0.11,0,541.11,0,40,0,0.11,72.77,183.02,767.74,0,0,0,0,22.37,0,31.48,0,1.92,0,0.01,3.58,849.45,96.87
2025-12-16T21:25:00Z,-0.23,0,524.54,0,40,0,0.1,71.66,178.57,760.39,0,0,0,0,22.33,0,30.45,0,1.92,0,0.01,3.52,818.99,90.01
2025-12-16T21:30:00Z,-2.5,0,515.08,-0.1,40,0,0.11,71.95,187.03,757.61,0,0,0,0,22.3,0,29.13,0,1.92,0,0.01,3.54,770.1,129.99
2025-12-16T21:35:00Z,-1.59,0,567.97,-0.1,40,0,0.11,71.21,119.23,756.47,0,0,0,0,22.28,0,32.65,0,1.92,0,0.01,3.5,1094.82,98
2025-12-16T21:40:00Z,-0.73,0,534,-0.1,41,0,0.11,72.19,146.03,756.35,0,0,0,0,22.27,0,31.75,0,1.97,0,0.01,3.55,930.18,99
2025-12-16T21:45:00Z,-0.21,0,547.38,-0.1,40,0,0.11,71.72,135.35,749.58,0,0,0,0,22.25,0,31.98,0,1.92,0,0.01,3.52,1000.13,138
2025-12-16T21:50:00Z,-4.17,0,636.28,-0.1,40,0,0.1,92.84,21.6,737.91,0,0,0,0,22.23,0,36.61,0,1.92,0,0.01,4.56,2053.25,120.03
2025-12-16T21:55:00Z,-0.34,0,618.43,-0.1,40,0,0.11,73.26,32.71,751.77,0,0,0,0,22.22,0,37.47,0,1.92,0,0.01,3.6,1849.22,103.57
2025-12-16T22:00:00Z,-0.21,0,557.18,0,42,0,0.11,74.08,95.96,745.78,0,0,0,0,22.2,0,34.11,0,2.02,0,0.01,3.64,1191.48,101.28
2025-12-16T22:05:00Z,-0.23,0,578.45,0,40,0,0.11,72.51,94.73,733.99,0,0,0,0,22.18,0,35.64,0,1.92,0,0.01,3.56,1360.98,102.42
2025-12-16T22:10:00Z,-0.19,0,529.73,0,41,0,0.1,73.09,131.13,720.13,0,0,0,0,22.17,0,33.12,0,1.97,0,0.01,3.59,1065.77,103.57
2025-12-16T22:15:00Z,-0.54,0,536.86,0,41,0,0.11,73.41,115.1,724.02,0,0,0,0,22.15,0,33.28,0,1.97,0,0.01,3.61,1120.32,138
2025-12-16T22:20:00Z,-2.43,0,602.61,0,40,0,0.11,102.2,3.76,722.75,0,0,0,0,22.13,0,36,0,1.92,0,0.01,5.02,1953.83,126.82
2025-12-16T22:25:00Z,-3.17,0,632.04,0,40,0,0.11,71.72,18.29,706.79,0,0,0,0,22.12,0,37.98,0,1.92,0,0.01,3.52,2584.17,138
2025-12-16T22:30:00Z,-2.48,0,628.47,0,42,0,0.11,87.3,6.98,699.78,0,0,0,0,22.1,0,38.75,0,2.02,0,0.01,4.29,2634.81,138
2025-12-16T22:35:00Z,-0.44,0,636.84,0,41,0,0.11,81.45,7.47,694.3,0,0,0,0,22.07,0,39.32,0,1.97,0,0.01,4,2905.91,103.57
2025-12-16T22:40:00Z,-6.28,0,584.46,0,40,0,0.11,134.11,11.93,699.16,0,0,0,0,22.03,0,36.1,0,1.92,0,0.01,6.59,1817.58,118.41
2025-12-16T22:45:00Z,-1.28,0,555.29,0,41,0,0.11,139.32,11.42,707.73,0,0,0,0,22,0,35.04,0,1.97,0,0.01,6.85,1534.45,134.54
2025-12-16T22:50:00Z,-4.7,0,561.01,0,41,0,0.11,139.9,7.41,709.89,0,0,0,0,21.97,0,35.41,0,1.97,0,0.01,6.87,1596.82,118.39
2025-12-16T22:55:00Z,-0.31,0,550.22,0,42,0,0.11,140.2,7.76,706.52,0,0,0,0,21.93,0,35.04,0,2.02,0,0.01,6.89,1524.18,101.28
2025-12-16T23:00:00Z,-3.68,0,527.76,0,42,0,0.11,139.71,7.23,719.55,0,0,0,0,21.9,0,34.12,0,2.02,0,0.01,6.87,1368.31,111.07
2025-12-16T23:05:00Z,-32.44,0,541.8,-0.1,40,0,0.11,138.92,0.35,727.52,0,0,0,0,21.82,0,35.15,0,1.92,0,0.01,6.83,1584.02,88.74
2025-12-16T23:10:00Z,-0.16,0,505.92,0,42,0,0.11,138.87,11.31,735.75,0,0,0,0,21.73,0,33.25,0,2.02,0,0.01,6.82,1197.1,112.47
2025-12-16T23:15:00Z,-9.04,0,502.32,0,40,0,0.11,139.22,0.36,757.28,0,0,0,0,21.65,0,31.97,0,1.92,0,0.01,6.84,1148.62,93.55
2025-12-16T23:20:00Z,-1.63,0,466.03,0,40,0,0.11,138.31,0.37,773.06,0,0,0,0,21.57,0,29.99,0,1.92,0,0.01,6.8,959.49,117.16
2025-12-16T23:25:00Z,-111.81,0,548.41,0,40,0,0.11,139.06,0.1,804.15,0,0,0,0,21.48,0,35.01,0,1.92,0,0.01,6.83,1625.08,87.45
2025-12-16T23:30:00Z,-0.91,0,421.86,0,40,0,0.11,139.42,1.27,800.3,0,0,0,0,21.4,0,27.57,0,1.92,0,0.01,6.85,781.21,87.42
2025-12-16T23:35:00Z,-0.79,0,433.87,0,40,0,0.11,138.61,0.94,807.49,0,0,0,0,21.55,0,28.51,0,1.92,0,0.01,6.81,808.93,116.51
2025-12-16T23:40:00Z,-117.91,0,544.46,0,41,0,0.11,140.34,2.02,846.28,0,0,0,0,21.7,0,35.39,0,1.97,0,0.01,6.9,1445.91,89.25
2025-12-16T23:45:00Z,-12.94,0,437.65,0,40,0,0.11,138.03,0.46,849.19,0,0,0,0,21.85,0,28.75,0,1.92,0,0.01,6.78,778.77,102.28
2025-12-16T23:50:00Z,-118.34,0,577.29,0,41,0,0.11,140.02,3.65,833.24,0,0,0,0,22,0,37.92,0,1.97,0,0.01,6.88,1741.09,88.15
2025-12-16T23:55:00Z,-3.51,0,438.32,0,40,0,0.11,138.32,0.16,837.42,0,0,0,0,22.15,0,29.26,0,1.92,0,0.01,6.8,793.86,96.73
2025-12-17T00:00:00Z,-107.16,0,518.91,0,40,0,0.11,138.31,0.43,848.56,0,0,0,0,22.3,0,34.76,0,1.92,0,0.01,6.8,1300.15,86.75
2025-12-17T00:05:00Z,-12.86,0,414.44,0,40,0,0.11,138.9,0.24,849.48,0,0,0,0,22.33,0,28.62,0,1.92,0,0.01,6.83,745.69,86.92
2025-12-17T00:10:00Z,-5.15,0,394.12,0,42,0,0.11,138.86,23.97,851.76,0,0,0,0,22.37,0,27.24,0,2.02,0,0.01,6.82,658.66,108.6
2025-12-17T00:15:00Z,-117.25,0,525.16,0,40,0,0.11,139.27,4.2,854.72,0,0,0,0,22.4,0,35.12,0,1.92,0,0.01,6.84,1330.5,92.24
2025-12-17T00:20:00Z,-117.22,0,543.27,0,40,0,0.11,140.14,5.92,847.02,0,0,0,0,22.43,0,36.67,0,1.92,0,0.01,6.89,1464.47,87.9
2025-12-17T00:25:00Z,-5.82,0,434.88,0,40,0,0.11,137.87,0.86,843.86,0,0,0,0,22.47,0,30.32,0,1.92,0,0.01,6.78,804.62,85.79
2025-12-17T00:30:00Z,-5.22,0,431.95,0,40,0,0.11,139.09,8.73,836.81,0,0,0,0,22.5,0,30.61,0,1.92,0,0.01,6.84,804.07,86.53
2025-12-17T00:35:00Z,-10.57,0,481,0,42,0,0.11,138.99,4.94,798.9,0,0,0,0,22.52,0,34.41,0,2.02,0,0.01,6.83,1052.27,89.03
2025-12-17T00:40:00Z,-6.02,0,501.19,0,41,0,0.1,139.15,16.09,771.28,0,0,0,0,22.53,0,35.91,0,1.97,0,0.01,6.84,1165.52,94.48
2025-12-17T00:45:00Z,-6.82,0,547.86,0,42,0,0.11,139.27,3.68,747.86,0,0,0,0,22.55,0,39.05,0,2.02,0,0.01,6.84,1520.3,111.23
2025-12-17T00:50:00Z,-5.22,0,564.12,0,42,0,0.11,139.77,11.23,724.44,0,0,0,0,22.57,0,39.6,0,2.02,0,0.01,6.87,1671,126.87
2025-12-17T00:55:00Z,-5,0,559.79,0,41,0,0.11,138.84,12.97,723.27,0,0,0,0,22.58,0,39.53,0,1.97,0,0.01,6.82,1650.31,103.89
2025-12-17T01:00:00Z,-0.29,0,534.58,0,40,0,0.11,140.02,12.43,735.93,0,0,0,0,22.6,0,38.11,0,1.92,0,0.01,6.88,1430.34,103.91
2025-12-17T01:05:00Z,-20.24,0,562.91,0,40,0,0.11,138.35,2.54,737.33,0,0,0,0,22.12,0,39.88,0,1.92,0,0.01,6.8,1740.09,135.55
2025-12-17T01:10:00Z,-1.72,0,602.82,0,41,0,0.11,72.47,2.46,746.08,0,0,0,0,21.63,0,42.78,0,1.97,0,0.01,3.56,2251.24,138
2025-12-17T01:15:00Z,-1.31,0,591.4,0,40,0,0.11,74.11,3.41,755.84,0,0,0,0,21.15,0,42.07,0,1.92,0,0.01,3.64,2036.26,137.96
2025-12-17T01:20:00Z,-0.34,0,571.86,0,40,0,0.11,70.92,3.71,762.44,0,0,0,0,20.67,0,40.78,0,1.92,0,0.01,3.49,1817.62,126.03
2025-12-17T01:25:00Z,-0.47,0,567.33,0,41,0,0.11,73.5,4.45,760.03,0,0,0,0,20.18,0,41.05,0,1.97,0,0.01,3.61,1797.87,129.73
2025-12-17T01:30:00Z,-0.48,0,559.82,0,41,0,0.11,73.03,4.66,747.5,0,0,0,0,19.7,0,41.06,0,1.97,0,0.01,3.59,1828.24,129.77
2025-12-17T01:35:00Z,-1.35,0,585.75,0,40,0,0.11,72.53,0.35,731.58,0,0,0,0,19.82,0,42.93,0,1.92,0,0.01,3.56,2256.74,138
2025-12-17T01:40:00Z,-0.41,0,588.77,0,41,0,0.11,75.88,1.25,717.86,0,0,0,0,19.93,0,44.28,0,1.97,0,0.01,3.73,2429.5,138
2025-12-17T01:45:00Z,-0.29,0,606.68,0,42,0,0.11,93.35,6.36,692.09,0,0,0,0,20.05,0,46.05,0,2.02,0,0.01,4.59,2784.55,138
2025-12-17T01:50:00Z,-0.25,0,583.66,0,41,0,0.11,134.81,1.29,666.22,0,0,0,0,20.17,0,44.11,0,1.97,0,0.01,6.62,2437.31,148
2025-12-17T01:55:00Z,-4.94,0,574.5,0,40,0,0.11,140.29,0.27,663.78,0,0,0,0,20.28,0,43.26,0,1.92,0,0.01,6.89,2358.54,80.77
2025-12-17T02:00:00Z,-0.39,0,506.27,0,42,0,0.11,72.62,117.29,665.49,0,0,0,0,20.4,0,39.09,0,2.02,0,0.01,3.57,1371.78,138
2025-12-17T02:05:00Z,-0.24,0,555.57,0,42,0,0.11,113.65,30.42,661.15,0,0,0,0,20.1,0,41.56,0,2.02,0,0.01,5.58,2024.05,148
2025-12-17T02:10:00Z,-0.18,0,493.44,0,40,0,0.11,139.33,73.02,621.99,0,0,16.43,0,19.8,0,37.88,0,1.92,0,0.01,6.85,1470.18,138
2025-12-17T02:15:00Z,-0.58,0,593.26,0,41,0,0.11,86.53,8.01,667.11,0,0,0,0,19.5,0,44.79,0,1.97,0,0.01,4.25,2930.11,138
2025-12-17T02:20:00Z,-1.77,0,572.5,0,41,0,0.11,105.33,10.45,670,0,0,0,0,19.2,0,43.71,0,1.97,0,0.01,5.18,2415.92,138
2025-12-17T02:25:00Z,-5.42,0,565.1,0,40,0,0.11,83.63,14.72,672.57,0,0,0,0,18.9,0,42.86,0,1.92,0,0.01,4.11,2439.36,121.21
2025-12-17T02:30:00Z,-46.93,0,625.4,0,40,0,0.11,72.8,2.7,668.96,0,0,0,0,18.6,0,47.01,0,1.92,0,0.01,3.58,5614.31,91.02
2025-12-17T02:35:00Z,-5.13,0,572.57,0,40,0,0.11,72.82,0.55,670.82,0,0,0,0,18.82,0,42.93,0,1.92,0,0.01,3.58,2813.35,93.5
2025-12-17T02:40:00Z,-1.89,0,563.53,-0.1,41,0,0.11,74.01,1.37,679.87,0,0,0,0,19.03,0,41.95,0,1.97,0,0.01,3.64,2472.54,121.21
2025-12-17T02:45:00Z,-74.48,0,618.86,-0.1,40,0,0.11,72.66,0.77,698.67,0,0,0,0,19.25,0,45.93,0,1.92,0,0.01,3.57,5195.35,92.49
2025-12-17T02:50:00Z,-29.51,0,568.07,0,40,0,0.11,72.92,0.8,697.37,0,0,0,0,19.47,0,42.02,0,1.92,0,0.01,3.58,2669.8,92.5
2025-12-17T02:55:00Z,-27.21,0,566.35,0,40,0,0.11,73.17,0.17,694.2,0,0,0,0,19.68,0,41.58,0,1.92,0,0.01,3.6,2640.18,121.21
2025-12-17T03:00:00Z,-62.05,0,594.24,0,41,0,0.11,73.67,0.16,688.76,0,0,0,0,19.9,0,43.9,0,1.97,0,0.01,3.62,4029.5,91.31
2025-12-17T03:05:00Z,-28.1,0,556.56,0,41,0,0.11,74.65,2.01,690.04,0,0,0,0,19.8,0,41.38,0,1.97,0,0.01,3.67,2528.76,105.88
2025-12-17T03:10:00Z,-32.5,0,577.42,-0.1,41,0,0.11,73.21,2.31,681.38,0,0,0,0,19.7,0,42.51,0,1.97,0,0.01,3.6,3069.16,97.57
2025-12-17T03:15:00Z,-24.83,0,576.19,0,41,0,0.11,72.6,1.83,683.98,0,0,0,0,19.6,0,42.77,0,1.97,0,0.01,3.57,2920.68,121.21
2025-12-17T03:20:00Z,-50.19,0,602.61,0,40,0,0.11,72.42,0,679.3,0,0,0,0,19.5,0,44.77,0,1.92,0,0.01,3.56,4337.91,88.31
2025-12-17T03:25:00Z,-0.35,0,557.06,0,42,0,0.11,75.17,4.1,681.14,0,0,0,0,19.4,0,41.45,0,2.02,0,0.01,3.69,2309.08,125
2025-12-17T03:30:00Z,-26.78,0,547.53,0,40,0,0.1,72.51,1.6,687.47,0,0,0,0,19.3,0,40.13,0,1.92,0,0.01,3.56,2407.85,81.01
2025-12-17T03:35:00Z,-9.6,0,562.71,0,40,0,0.11,72.56,1.26,675.38,0,0,0,0,18.97,0,41.84,0,1.92,0,0.01,3.57,2617.29,91.06
2025-12-17T03:40:00Z,-0.41,0,532.76,0,41,0,0.11,74.72,2.09,682.54,0,0,0,0,18.63,0,39.79,0,1.97,0,0.01,3.67,2039.87,94.48
2025-12-17T03:45:00Z,-4.61,0,513.44,0,40,0,0.11,73.52,11.95,698.02,0,0,0,0,18.3,0,38.48,0,1.92,0,0.01,3.61,1728.78,90.01
2025-12-17T03:50:00Z,-2.57,0,507.55,0,41,0,0.11,72.98,4.15,701.41,0,0,0,0,17.97,0,37.81,0,1.97,0,0.01,3.59,1681.38,90.01
2025-12-17T03:55:00Z,-6.12,0,504.08,0,40,0,0.11,73.14,2.62,707.24,0,0,0,0,17.63,0,37.42,0,1.92,0,0.01,3.59,1646.73,88.77
2025-12-17T04:00:00Z,-2.85,0,514.55,0,40,0,0.11,72.13,0,716.57,0,0,0,0,17.3,0,38.34,0,1.92,0,0.01,3.54,1688.16,89.21
2025-12-17T04:05:00Z,-0.55,0,490.42,0,41,0,0.11,73.37,1.18,721.11,0,0,0,0,17.25,0,36.25,0,1.97,0,0.01,3.61,1451.49,121.21
2025-12-17T04:10:00Z,-86.17,0,618.68,0,42,0,0.11,74.83,4.52,708.84,0,0,10.43,0,17.2,0,45.07,0,2.02,0,0.01,3.68,4856.29,121.21
2025-12-17T04:15:00Z,-53.07,0,555.31,0,41,0,0.11,73.24,10.37,704.15,0,0,9.19,0,17.15,0,39.98,0,1.97,0,0.01,3.6,2479.56,90.01
2025-12-17T04:20:00Z,-1.25,0,511.05,0,40,0,0.11,72.47,0.49,710.4,0,0,11.93,0,17.1,0,37.13,0,1.92,0,0.01,3.56,1643.6,121.21
2025-12-17T04:25:00Z,-61.73,0,588.37,0,40,0,0.11,72.16,0.38,696.18,0,0,15.97,0,17.05,0,42.37,0,1.92,0,0.01,3.55,3617.03,95.36
2025-12-17T04:30:00Z,-7.02,0,525.54,0,41,0,0.11,73.29,1.65,688.28,0,0,15.91,0,17,0,38.36,0,1.97,0,0.01,3.6,1940.03,118.72
2025-12-17T04:35:00Z,-0.37,0,539.74,0,41,0,0.11,73.23,0.35,687.28,0,0,12.68,0,16.77,0,39.04,0,1.97,0,0.01,3.6,2044.31,124.4
2025-12-17T04:40:00Z,-2.24,0,565.06,0,40,0,0.11,72.79,0.34,680.76,0,0,12.85,0,16.53,0,40.14,0,1.92,0,0.01,3.58,2416.33,125
2025-12-17T04:45:00Z,-6.29,0,568.29,0,40,0,0.11,73.4,3.9,674.06,0,0,11.53,0,16.3,0,40.23,0,1.92,0,0.01,3.61,2532.06,125
2025-12-17T04:50:00Z,-1.49,0,572.8,0,40,0,0.11,71.43,23.14,666.65,0,0,13.33,0,16.07,0,40.54,0,1.92,0,0.01,3.51,2430.08,130.15
2025-12-17T04:55:00Z,-5.04,0,538.85,0,40,0,0.11,73.43,35.65,672.55,0,0,11.3,0,15.83,0,37.61,0,1.92,0,0.01,3.61,1863.29,135.97
2025-12-17T05:00:00Z,-1.06,0,569.71,0,40,0,0.11,73.82,6.37,673.93,0,0,15.6,0,15.6,0,39.39,0,1.92,0,0.01,3.63,2413.8,134.05
2025-12-17T05:05:00Z,-2.63,0,536.13,0,40,0,0.11,73.75,25.14,680.16,0,0.05,11.42,0,15.57,0,37.06,0,1.92,0,0.01,3.62,1823.11,138
2025-12-17T05:10:00Z,-0.94,0,538.09,0,41,0,0.11,80.32,29.17,671.31,0,0.1,12.28,0,15.53,0,37.19,0,1.97,0,0.01,3.95,1828.05,122.77
2025-12-17T05:15:00Z,-0.74,0,476.93,0,41,0,0.11,75.41,112.12,668.1,0,0.16,11.71,0,15.5,0,32.86,0,1.97,0,0.01,3.71,1103.21,123.31
2025-12-17T05:20:00Z,-5.05,0,459.12,0,40,0,0.1,72.79,120.96,667.81,0,0.21,8.89,0,15.47,0,31.28,0,1.92,0,0.01,3.58,1008.44,133.73
2025-12-17T05:25:00Z,-1.12,0,445.14,0,40,0,0.1,72.51,136.75,673.93,0,0.26,0,0,15.43,0,29.79,0,1.92,0,0.01,3.56,886.94,148
2025-12-17T05:30:00Z,-4.88,0,475.4,0,40,0,0.1,135.79,32.52,665.11,0.13,0.32,0,0,15.4,0,32.02,0,1.92,0,0.01,6.67,1238.09,138.51
2025-12-17T05:35:00Z,-7.74,0,511.69,0,40,0,0.11,137.47,7.01,670.29,0.63,3.8,0,0,15.37,0,34.86,0,1.92,0,0.01,6.76,1537.48,138
2025-12-17T05:40:00Z,-1.13,0,506.28,0,40,0,0.11,139.57,17.49,676.1,0.89,7.29,0,0,15.33,0,35.27,0,1.92,0,0.01,6.86,1413.51,138
2025-12-17T05:45:00Z,-4.55,0,536.48,0,40,0,0.11,135.99,30.89,658.15,3.1,10.77,0,0,15.3,0,37.4,0,1.92,0,0.01,6.68,1633.59,141.56
2025-12-17T05:50:00Z,-6.17,0,513.74,0,40,0,0.11,139.68,39.89,650.06,7.1,14.26,0,0,15.27,0,36.32,0,1.92,0,0.01,6.86,1458.39,126.96
2025-12-17T05:55:00Z,-8.51,0,581.97,0,40,0,0.11,121.13,25.45,651.07,10.78,17.74,0,0,15.23,0,40.55,0,1.92,0,0.01,5.95,2107.3,105.17
2025-12-17T06:00:00Z,-10.49,0,504.14,0,40,0,0.11,119.33,91.68,648.55,16.13,21.23,0,0,15.2,0,35.7,0,1.92,0,0.01,5.86,1235.67,98
2025-12-17T06:05:00Z,-4.29,0,502.7,0,40,0,0.11,120.39,49.03,643.86,25.84,35.66,0,0,15.63,0,36.22,0,1.92,0,0.01,5.92,1296.16,89.24
2025-12-17T06:10:00Z,-2.78,0,445.2,0,42,0,0.11,122.3,78.85,655.53,34.61,50.1,0,0,16.07,0,33.13,0,2.02,0,0.01,6.01,922.27,94.21
2025-12-17T06:15:00Z,-0.11,0,450.31,0,42,0,0.11,122.59,62.38,654.02,42.93,64.54,0,0,16.5,0,33.05,0,2.02,0,0.01,6.02,916.37,65.4
2025-12-17T06:20:00Z,-11.08,0,400.22,0,40,0,0.11,120.53,112.17,656.08,56.32,78.98,0,0,16.93,0,29.16,0,1.92,0,0.01,5.92,680.2,60.43
2025-12-17T06:25:00Z,-14.22,0,380.13,0,40,0,0.11,119.11,121.3,655,74.33,93.42,0,0,17.37,0,27.19,0,1.92,0,0.01,5.85,591.87,61.77
2025-12-17T06:30:00Z,-15.74,0,496.53,0,40,0,0.11,10.24,107.78,648.13,91.18,107.86,0,0,17.8,0,34.49,0,1.92,0,0.01,0.5,898.68,41.42
2025-12-17T06:35:00Z,-19.62,0,525.25,0,40,0,0.1,11.23,57.48,644.29,109.15,133.16,0,0,18.35,0,37.15,0,1.92,0,0.01,0.55,1055.58,31.31
2025-12-17T06:40:00Z,-3.05,0,456.27,0,43,0,0.11,0,67.84,652.98,127.33,158.46,0,0,18.9,0,32.68,0,2.06,0,0.01,0,706.23,51.37
2025-12-17T06:45:00Z,-5.68,0,518.74,0,42,0,0.11,0,3.53,646.81,145.96,183.77,0,0,19.45,0,36.99,0,2.02,0,0.01,0,940.51,46.13
2025-12-17T06:50:00Z,-114.96,0,583.89,0,41,0,0.11,0,3.27,645.42,171.12,209.07,0,0,20,0,41.44,0,1.97,0,0.01,0,1403.58,15.77
2025-12-17T06:55:00Z,-6.71,0,449.61,0,41,0,0.11,0,6.18,632.59,186,234.38,0,0,20.55,0,31.94,0,1.97,0,0.01,0,631.98,-7
2025-12-17T07:00:00Z,-6.08,0,473.33,0,42,0,0.11,0,6.54,622.87,176,259.68,0,37.33,21.1,0,33.46,0,2.02,0,0.01,0,678.3,-20
2025-12-17T07:05:00Z,-10.51,0,665.13,0,41,0,0.11,0,1.24,499.96,142.25,294.92,106.01,99.11,21.48,0,46.52,0,1.97,0,0.01,0,1915.29,-7.25
2025-12-17T07:10:00Z,-80.97,0,560.02,0,46,0,0.11,0,42.11,531.05,195.39,330.15,46.15,58.6,21.87,0,38.76,0,2.21,0,0.01,0,975.92,-7
2025-12-17T07:15:00Z,-113.8,0,572.92,0,43,0,0.11,0,22.56,548.67,194.15,365.38,4.53,74.58,22.25,0,39.59,0,2.06,0,0.01,0,1026.17,-11.66
2025-12-17T07:20:00Z,-57.5,0,586.23,0,41,0,0.11,0,4.52,493.87,198.19,400.62,71.51,97.88,22.63,0,39.65,0,1.97,0,0.01,0,1009.97,-7.25
2025-12-17T07:25:00Z,-147.46,0,627.44,0,40,0,0.11,0,0,479.5,247.52,435.85,25.07,71.92,23.02,0,43.19,0,1.92,0,0.01,0,1264.71,-20.01
2025-12-17T07:30:00Z,-13.28,0,615.93,0,40,0,0.11,0,6.31,376.88,198.74,471.08,158.99,136.02,23.4,0,42.33,0,1.92,0,0.01,0,1144.88,-19.98
2025-12-17T07:35:00Z,-97.66,0,654.8,0,43,0,0.11,0,17.02,388.46,204.03,512.06,101.84,154.88,23.62,0,44.92,0,2.06,0,0.01,0,1367.93,-15.08
2025-12-17T07:40:00Z,-91.21,0,575.85,0,45,0,0.11,0,50.16,398.91,235.72,553.04,75.79,147.9,23.83,0,39.67,0,2.16,0,0.01,0,815.14,-11.66
2025-12-17T07:45:00Z,-138.61,0,613,0,41,0,0.11,0,32.19,370.61,265.62,594.03,66.41,134.65,24.05,0,42.65,0,1.97,0,0.01,0,970.26,-15.08
2025-12-17T07:50:00Z,-128.16,0,655.42,0,40,0,0.11,0,8.24,340.87,256.93,635.01,65.49,164.11,24.27,0,45.65,0,1.92,0,0.01,0,1147.51,-10.1
2025-12-17T07:55:00Z,-185.14,0,615.23,0,43,0,0.11,0,19.64,330.62,305.65,675.99,58.34,121.06,24.48,0,42.93,0,2.06,0,0.01,0,939.81,-9.5
2025-12-17T08:00:00Z,-228.24,0,665.91,0,40,0,0.11,0,1.27,309.1,318.33,716.97,53.7,108.99,24.7,0,46.44,0,1.92,0,0.01,0,1180.47,-15.08
2025-12-17T08:05:00Z,-156.03,0,647.05,0,40,0,0.11,0,9.22,287.78,277.69,759.3,65.38,175.85,25.03,0,45.29,0,1.92,0,0.01,0,992.14,-11.66
2025-12-17T08:10:00Z,-134.04,0,567.99,0,41,0,0.11,0,13.68,269.44,304.38,801.63,50.85,147.2,25.37,0,39.8,0,1.97,0,0.01,0,688.44,-11.66
2025-12-17T08:15:00Z,-106.02,0,502.52,0,42,0,0.1,0,20.38,257.69,304.91,843.96,47.72,151.79,25.7,0,35.88,0,2.02,0,0.01,0,528.59,-11.66
2025-12-17T08:20:00Z,-122.65,0,522.58,0,41,0,0.11,0,23.97,239.53,302.69,886.3,55.88,164.29,26.03,0,37.53,0,1.97,0,0.01,0,558.82,-11.66
2025-12-17T08:25:00Z,-152.4,0,548.96,0,41,0,0.11,0,12.59,222.74,329.63,928.63,37.75,138.05,26.37,0,39.43,0,1.97,0,0.01,0,596.27,-10.1
2025-12-17T08:30:00Z,-145.65,0,511.57,0,41,0,0.11,0,13.54,213.9,337.81,970.96,35.9,139.17,26.7,0,36.64,0,1.97,0,0.01,0,503.66,-10.1
2025-12-17T08:35:00Z,-158.45,0,507.34,0,40,0,0.11,0,0.21,203.69,340.81,1009.94,32.72,144.97,27.08,0,36.09,0,1.92,0,0.01,0,491.04,-9.5
2025-12-17T08:40:00Z,-193.87,0,549.88,0,40,0,0.11,0,0,178.91,350.59,1048.91,47.73,131.71,27.47,0,38.79,0,1.92,0,0.01,0,558.52,-9.5
2025-12-17T08:45:00Z,-207.96,0,530.09,0,40,0,0.11,0,0,166.99,379.81,1087.89,61.68,112.62,27.85,0,37.01,0,1.92,0,0.01,0,498.73,-11.01
2025-12-17T08:50:00Z,-123.46,0,419.53,0,42,0,0.11,0,1.62,178.53,352.17,1126.87,41.85,152.25,28.23,0,29.14,0,2.02,0,0.01,0,322.86,-7
2025-12-17T08:55:00Z,-230,0,411.86,0,44,0,0.11,0,13.32,176.53,418.87,1165.84,43.09,81.06,28.62,0,28.98,0,2.11,0,0.01,0,317.08,-9.5
2025-12-17T09:00:00Z,-255.19,0,501.01,0,40,0,0.11,0,0,161.22,372.38,1204.82,59.17,129.75,29,0,34.73,0,1.92,0,0.01,0,430.29,-9.5
2025-12-17T09:05:00Z,-198.51,0,440.68,0,46,0,0.11,0,0.02,153.5,367.27,1239.25,46.34,159.51,29.12,0,30.47,0,2.21,0,0.01,0,336.05,-10.1
2025-12-17T09:10:00Z,-247.45,0,472.89,0,52,0,0.11,0,0.5,149.95,359.46,1273.69,52.16,161.47,29.23,0,32.67,0,2.5,0,0.01,0,378.43,-11.01
2025-12-17T09:15:00Z,-303.1,0,525.79,0,51,0,0.11,0,0.01,149.71,347.57,1308.12,51.88,161.71,29.35,0,36.5,0,2.45,0,0.01,0,454.84,-11.01
2025-12-17T09:20:00Z,-314.89,0,493.35,0,53,0,0.11,0,0.01,157.74,356.12,1342.55,38.86,163.87,29.47,0,33.96,0,2.54,0,0.01,0,397.86,-19.82
2025-12-17T09:25:00Z,-185.21,0,426.29,0,58,0,0.11,2.43,1.38,119.03,307.39,1376.98,74.28,232.06,29.58,0,29.14,0,2.78,0,0.01,0.12,306.71,-20.01
2025-12-17T09:30:00Z,-221.58,0,510.93,0,55,0,0.11,2,0,77.12,302.45,1411.42,90.61,232.91,29.7,0,35.62,0,2.64,0,0.01,0.1,412.65,-20.01
2025-12-17T09:35:00Z,-238.53,0,511.87,0,58,0,0.11,4.99,0,72.81,310.21,1440.3,81.94,226.57,29.87,0,34.51,0,2.78,0,0.01,0.25,396.65,-11.66
2025-12-17T09:40:00Z,-297.65,0,469.17,0,59,0,0.11,4.9,0,122.71,343.71,1469.19,13.92,187.27,30.03,0,31.31,0,2.83,0,0.01,0.24,334.71,-20
2025-12-17T09:45:00Z,-196.54,0,430.49,0,66,0,0.11,8.09,0.52,68.23,311.67,1498.08,73.52,232.21,30.2,0,28.49,0,3.17,0,0.01,0.4,290.21,-19.5
2025-12-17T09:50:00Z,-206.68,0,404.84,0,67,0,0.11,7.97,0,85.1,318.42,1526.97,43.1,236.28,30.37,0,27.03,0,3.21,0,0.01,0.39,263.79,-11.66
2025-12-17T09:55:00Z,-304.29,0,422.76,0,63,0,0.1,7.68,0,98.77,350.98,1555.85,28.84,205.82,30.53,0,27.96,0,3.02,0,0.01,0.38,278.93,-20.57
2025-12-17T10:00:00Z,-251.15,0,422.99,0,65,0,0.11,7.74,0,73.97,315.4,1584.74,55.18,234.81,30.7,0,27.97,0,3.12,0,0.01,0.38,275.14,-20.57
2025-12-17T10:05:00Z,-243.61,0,414.04,0,67,0,0.11,7.78,0.25,65.36,315.67,1605.65,50.66,242.16,30.83,0,27.31,0,3.21,0,0.01,0.38,264.18,-15.08
2025-12-17T10:10:00Z,-288.86,0,447.03,0,71,0,0.11,7.97,0,86.63,337.51,1626.55,38.13,219.95,30.97,0,29.26,0,3.41,0,0.01,0.39,284.68,-9.5
2025-12-17T10:15:00Z,-279.87,0,429.34,0,70,0,0.11,7.95,0,108.61,320.33,1647.46,8.84,266.56,31.1,0,28.08,0,3.36,0,0.01,0.39,264.36,-11.66
2025-12-17T10:20:00Z,-236.41,0,434.36,0,72,0,0.11,7.87,0,97.02,266.94,1668.37,27.79,302.75,31.23,0,28.64,0,3.45,0,0.01,0.39,270.44,-15.08
2025-12-17T10:25:00Z,-232.7,0,445.4,0,77,0,0.11,8.06,0.26,89.11,257.56,1689.27,30.6,309.05,31.37,0,29.11,0,3.69,0,0.01,0.4,276.09,-11.66
2025-12-17T10:30:00Z,-292.45,0,458.69,0,76,0,0.11,7.25,0,102.15,278.49,1710.18,11.47,298.05,31.5,0,30.02,0,3.65,0,0.01,0.36,286.98,-15.08
2025-12-17T10:35:00Z,-271.81,0,441.84,0,76,0,0.11,7.22,0,115.31,256.85,1723.57,28.12,314.48,31.58,0,29.1,0,3.65,0,0.01,0.35,271.11,-7
2025-12-17T10:40:00Z,-213.98,0,175.98,0,78,0,0.11,7.28,0,131.19,412.14,1736.97,4.48,141.77,31.67,0,11.69,0,3.74,0,0.01,0.36,95.94,6.84
2025-12-17T10:45:00Z,-103.13,-42.65,0,0,80,0,0.11,7.23,0,137.91,466.98,1750.36,3.14,97.53,31.75,0.26,0,0,3.84,0,0.01,0.36,20.6,4.42
2025-12-17T10:50:00Z,-116.8,-36.11,0,0,79,0,0.11,7.17,0,135.86,469.14,1763.76,5.39,98.84,31.83,0.22,0,0,3.79,0,0.01,0.35,20.5,6.73
2025-12-17T10:55:00Z,-106.35,-72.77,0,0,80,0,0.11,7.43,0.26,139.2,475.44,1777.15,6.05,98.93,31.92,0.44,0,0,3.84,0,0.01,0.37,19.69,4.97
2025-12-17T11:00:00Z,-95.6,-71.97,0,0,81,0,0.11,7.25,0.84,135.26,477.2,1790.55,7.11,99,32,0.44,0,0,3.89,0,0.01,0.36,19.69,2.83
2025-12-17T11:05:00Z,-160.68,-39.2,0,0,80,0,0.11,7.29,0.5,136.1,478.06,1800.31,7.49,99,32.1,0.23,0,0,3.84,0,0.01,0.36,20.69,0.52
2025-12-17T11:10:00Z,-110.5,-131.25,0,0,80,0,0.11,7.16,37,148.44,475.25,1810.08,5.72,99,32.2,0.74,0,0,3.84,0,0.01,0.35,17.93,1.05
2025-12-17T11:15:00Z,-103.08,-115.45,0,0,85,0,0.11,7.65,12.37,143.61,476.71,1819.84,4.48,99,32.3,0.71,0,0,4.08,0,0.01,0.38,19.35,-7.82
2025-12-17T11:20:00Z,-50.8,-87.68,0,0,83,0,0.11,7.52,52.4,135.72,408.01,1829.61,14.81,171.71,32.4,0.56,0,0,3.98,0,0.01,0.37,19.19,-9.5
2025-12-17T11:25:00Z,-48.29,-69.81,0,0,85,0,0.1,0,58.54,137.71,404.46,1839.37,17.74,174.55,32.5,0.42,0,0,4.08,0,0.01,0,18.29,-1.42
2025-12-17T11:30:00Z,-53.78,-111.07,0,0,80,0,0.11,0,37.4,133.03,437.38,1849.14,7.87,127.29,32.6,0.62,0,0,3.84,0,0.01,0,16.31,-9.5
2025-12-17T11:35:00Z,-55.55,-21.61,0,0,83,0,0.11,6.07,48.96,136.43,337.55,1855.91,15.78,240.42,32.65,0.15,0,0,3.98,0,0.01,0.3,20.76,-9.49
2025-12-17T11:40:00Z,-149.48,0,45.12,0,86,0,0.11,8.27,48.9,142.27,384.48,1862.67,16.39,195.61,32.7,0,3.05,0,4.13,0,0.01,0.41,38.96,0
2025-12-17T11:45:00Z,-148.54,-49.53,0,0,82,0,0.1,7.84,27.55,139.53,468.5,1869.44,6.05,99,32.75,0.3,0,0,3.93,0,0.01,0.39,20.18,-9.55
2025-12-17T11:50:00Z,-57.63,-32.52,0,0,82,0,0.11,8.13,27.34,136.44,397.6,1876.2,16.21,179.84,32.8,0.22,0,0,3.93,0,0.01,0.4,20.3,0
2025-12-17T11:55:00Z,-117.83,-84.05,0,0,83,0,0.11,6.85,37.54,137.2,468.92,1882.97,3.64,99,32.85,0.5,0,0,3.98,0,0.01,0.34,19.04,1.64
2025-12-17T12:00:00Z,-155.73,-87.88,0,0,80,0,0.1,0,62.6,135.48,473.43,1889.73,4.2,99,32.9,0.45,0,0,3.84,0,0.01,0,16.99,-6.66
2025-12-17T12:05:00Z,-153.55,-23.6,0,0,82,0,0.11,0,56.35,122.8,459.84,1890.44,12.38,110.79,32.85,0.13,0,0,3.93,0,0.01,0,18.79,-9.5
2025-12-17T12:10:00Z,-162.68,0,32.35,0,80,0,0.11,0,72.66,121.27,415.77,1891.14,9.53,155.46,32.8,0,2.3,0,3.84,0,0.01,0,30.89,0
2025-12-17T12:15:00Z,-168.95,-31.21,0,0,80,0,0.11,0,82.4,114.14,454.3,1891.84,3.14,99,32.75,0.16,0,0,3.84,0,0.01,0,18.23,1.1
2025-12-17T12:20:00Z,-101.25,-161.53,0,0,80,0,0.11,0,94.3,141,474.58,1892.54,3.38,99,32.7,0.79,0,0,3.84,0,0.01,0,15.17,11.04
2025-12-17T12:25:00Z,-116.3,-170.3,0,0,80,0,0.11,0,91.7,161.03,477.44,1893.25,3.14,99,32.65,0.81,0,0,3.84,0,0.01,0,15.08,8.65
2025-12-17T12:30:00Z,-174.6,-113.13,0,0,80,0,0.11,0,91.7,165.84,478.92,1893.95,2.9,99,32.6,0.53,0,0,3.84,0,0.01,0,16.41,14.41
2025-12-17T12:35:00Z,-149.52,-128.95,0,0,80,0,0.11,0,99.4,169.12,485.93,1895.99,3.38,95,32.7,0.59,0,0,3.84,0,0.01,0,15.91,0.64
2025-12-17T12:40:00Z,-60.35,-228.77,0,0,80,0,0.11,0,92.7,173.74,481.73,1898.02,4.2,99,32.8,1.06,0,0,3.84,0,0.01,0,13.7,-7.54
2025-12-17T12:45:00Z,-68.4,-107.13,0,0,82,0,0.11,0,72.75,149.78,464.72,1900.06,17,108.95,32.9,0.55,0,0,3.93,0,0.01,0,16.32,9.1
2025-12-17T12:50:00Z,-31.48,-234.68,0,0,80,0,0.11,0,88,185.22,480.19,1902.09,4.2,99,33,1.08,0,0,3.84,0,0.01,0,13.43,9.1
2025-12-17T12:55:00Z,-153.97,-100.69,0,0,80,0,0.1,0,97.7,188.74,479.96,1904.13,6.73,99,33.1,0.46,0,0,3.84,0,0.01,0,16.29,9.92
2025-12-17T13:00:00Z,-67.14,-211.84,0,0,80,0,0.11,0,92.2,194.49,474.73,1906.17,5.39,99,33.2,0.97,0,0,3.84,0,0.01,0,13.99,17.01
2025-12-17T13:05:00Z,-154.63,-105.09,0,0,80,0,0.11,0,64.49,189.35,484.37,1904.82,6.73,95,33.3,0.49,0,0,3.84,0,0.01,0,16.33,0.52
2025-12-17T13:10:00Z,-55.51,-218.22,0,0,81,0,0.11,0,58.35,184.94,545.29,1903.48,6.05,4,33.4,0.98,0,0,3.89,0,0.01,0,14,10.84
2025-12-17T13:15:00Z,-63.33,-248.49,0,0,81,0,0.11,0,67.72,195.2,573.79,1902.14,6.05,4,33.5,1.05,0,0,3.89,0,0.01,0,13.58,22.2
2025-12-17T13:20:00Z,-179.04,-150.75,0,0,80,0,0.11,0,44.92,225.44,576.98,1900.79,8.25,0,33.6,0.63,0,0,3.84,0,0.01,0,15.47,0
2025-12-17T13:25:00Z,-151.49,-146.54,0,0,86,0,0.1,0,55.23,223.24,574.7,1899.45,7.49,4,33.7,0.64,0,0,4.13,0,0.01,0,16.48,19.73
2025-12-17T13:30:00Z,-173.23,-106.39,0,0,80,0,0.11,0,55,215.2,569.76,1898.11,8.25,0,33.8,0.44,0,0,3.84,0,0.01,0,16.08,-11.66
2025-12-17T13:35:00Z,-376.77,0,413.87,0,86,0,0.11,0,45.1,141.81,408.06,1892.72,82.73,198.01,33.87,0,29.17,0,4.13,0,0.01,0,224.15,-11.66
2025-12-17T13:40:00Z,-359.24,0,403.45,0,85,16.67,0.11,0,45,176.19,368.01,1887.33,43.36,213.11,33.93,0,28.65,0,4.08,0.58,0.01,0,220.16,-11.8
2025-12-17T13:45:00Z,-367.86,0,467.89,0,81,16.52,0.11,0,54.8,155.11,360.52,1881.95,58.68,216.76,34,0,33.26,0,3.89,0.57,0.01,0,264.08,-9.5
2025-12-17T13:50:00Z,-373.49,0,465.01,0,80,16.35,0.11,0,0,193.86,404.67,1876.56,24.93,163.67,34.07,0,33.03,0,3.84,0.56,0.01,0,259.25,-9.5
2025-12-17T13:55:00Z,-354.18,0,444.3,0,80,16.57,0.11,0,0,182.19,408.63,1871.17,25.26,165.43,34.13,0,31.53,0,3.84,0.57,0.01,0,245.04,-9.5
2025-12-17T14:00:00Z,-330.13,0,439.41,0,82,16.47,0.11,0,0,188.5,425.58,1865.79,15.79,150.4,34.2,0,31.33,0,3.93,0.57,0.01,0,237.78,-9.5
2025-12-17T14:05:00Z,-317.68,0,410.54,0,82,16.97,0.11,0,0.08,197.79,422.12,1856.31,14.91,151.98,34.2,0,29.61,0,3.93,0.59,0.01,0,221.79,-10.1
2025-12-17T14:10:00Z,-326.65,0,400.66,0,81,16.5,0.11,0,0,183.77,461.67,1846.82,7.98,104.54,34.2,0,28.63,0,3.89,0.57,0.01,0,213.19,-11.01
2025-12-17T14:15:00Z,-338.82,0,442.18,0,80,16.4,0.1,0,0,184.21,463.82,1837.34,8.54,108.92,34.2,0,31.5,0,3.84,0.57,0.01,0,239.29,-10.1
2025-12-17T14:20:00Z,-323.85,0,421.12,0,80,16.15,0.11,0,0,188.2,473.17,1827.86,11.4,103.01,34.2,0,30.08,0,3.84,0.56,0.01,0,224.8,-10.1
2025-12-17T14:25:00Z,-316.85,0,428.24,0,80,16.27,0.11,0,0,186.16,467.06,1818.38,15.74,103.05,34.2,0,30.48,0,3.84,0.56,0.01,0,229.64,-9.5
2025-12-17T14:30:00Z,-264.45,0,347.1,0,86,16.92,0.11,0,1.64,202.07,482.31,1808.89,16.97,88.29,34.2,0,24.7,0,4.13,0.58,0.01,0,177.7,-11.66
2025-12-17T14:35:00Z,-183.76,0,354.66,0,81,16.02,0.11,0,0.04,176.63,451.08,1794.88,48.86,135.23,34.32,0,25.31,0,3.89,0.55,0.01,0,180.24,-15.08
2025-12-17T14:40:00Z,-158.63,0,388.6,0,102,25.07,0.11,0,2.38,158.23,425.4,1780.87,50.45,157.84,34.43,0,27.66,0,4.89,0.87,0.01,0,206.05,-10.1
2025-12-17T14:45:00Z,-189.48,0,346.55,0.01,106,33.68,0.11,0,0.1,170.35,470.87,1766.86,22.87,102.98,34.55,0,24.92,0,5.09,1.16,0.01,0,185.94,-11.66
2025-12-17T14:50:00Z,-120.61,0,311.98,0.01,115,36.89,0.11,0,7.6,154.95,449.26,1752.85,35.82,131.57,34.67,0,22.48,0,5.52,1.27,0.01,0,168.61,-9.5
2025-12-17T14:55:00Z,-131.73,0,259.86,0.01,109,41.32,0.11,0,12.84,171.93,502.16,1738.83,19.12,69.69,34.78,0,18.7,0,5.23,1.43,0.01,0,139.32,-9.5
2025-12-17T15:00:00Z,-228.32,0,399.46,0.01,98,46.7,0.11,0,0,202.94,469.28,1724.82,17.78,96.88,34.9,0,28.52,0,4.7,1.61,0.01,0,218.45,-19.5
2025-12-17T15:05:00Z,-121.32,0,415.36,0.01,100,52.83,0.11,0,0.61,159.07,416.86,1708.77,61.6,170.14,35,0,29.4,0,4.8,1.82,0.01,0,227.36,-11.66
2025-12-17T15:10:00Z,-100.92,0,368.53,0.01,121,59.84,0.11,0,3.66,159.36,447.27,1692.72,25.01,126.58,35.1,0,25.81,0,5.81,2.06,0.01,0,200.69,-11.66
2025-12-17T15:15:00Z,-57.76,0,232.6,0.01,133,69.68,0.11,0,38.28,173.54,463.97,1676.67,22.8,114.09,35.2,0,16.25,0,6.38,2.4,0.01,0,132.67,-9.5
2025-12-17T15:20:00Z,-78.78,0,279.99,0.01,123,107.08,0.11,0,7.23,165.15,479.77,1660.63,18.73,95.46,35.3,0,19.37,0,5.9,3.66,0.01,0,158.99,-20.01
2025-12-17T15:25:00Z,-65.95,0,421.39,0.01,127,115.91,0.11,0,0.15,117.18,412.03,1644.58,78.14,165.36,35.4,0,29.03,0,6.09,3.96,0.01,0,243.11,-59
2025-12-17T15:30:00Z,-60.33,0,455.13,0.01,127,122.26,0.11,0,0.65,101.43,404.84,1628.53,74.67,170.51,35.5,0,31.39,0,6.09,4.18,0.01,0,267.48,-7.25
2025-12-17T15:35:00Z,-114.71,0,347.41,0.01,121,127.27,0.11,0,3.77,168.73,532.77,1606.4,5.22,12.75,35.45,0,23.84,0,5.81,4.35,0.01,0,194.51,-8.5
2025-12-17T15:40:00Z,-128.69,0,360.72,0.01,117,133.49,0.11,0,0,184.15,511.59,1584.28,24.82,37.58,35.4,0,24.55,0,5.61,4.57,0.01,0,204.23,-7.25
2025-12-17T15:45:00Z,-82.54,0,253.7,0.01,129,139.5,0.11,0,10.03,196.45,544.68,1562.16,29.76,4,35.35,0,17.17,0,6.19,4.78,0.01,0,150.4,-11.66
2025-12-17T15:50:00Z,-80.14,0,356.38,0.01,128,171.83,0.1,0,9.94,169.59,451.94,1540.03,41.71,92.81,35.3,0,23.84,0,6.14,5.86,0.01,0,211.4,-8.5
2025-12-17T15:55:00Z,-108.94,0,292.27,0.51,133,176.39,0.11,0,18.95,206.41,535.06,1517.91,25.9,10.68,35.25,0,19.34,0.03,6.38,6.02,0.01,0,174.33,-8.5
2025-12-17T16:00:00Z,-142.05,0,375.15,0.01,128,209.32,0.11,0,0.27,197.07,525.16,1495.79,23.78,7.97,35.2,0,24.16,0,6.14,7.15,0.01,0,220.51,18.36
2025-12-17T16:05:00Z,-133.49,0,314.48,0.01,120,222.16,0.11,0,6.63,204.57,533.11,1471.23,0,0,35.25,0,20.22,0,5.76,7.59,0.01,0,190.95,26.81
2025-12-17T16:10:00Z,-129.85,0,310.66,0.01,123,224.96,0.11,0,8.07,205.34,529.3,1446.68,0,0,35.3,0,19.98,0,5.9,7.69,0.01,0,192.18,56.14
2025-12-17T16:15:00Z,-142.24,0,345.06,0.01,125,247,0.11,0,18.76,186.03,526.06,1422.12,0,0,35.35,0,22.54,0,6,8.43,0.01,0,217.74,9.1
2025-12-17T16:20:00Z,-125.74,0,393.08,0.01,120,250.62,0.11,0,5.58,171.87,518.79,1397.57,0,3.1,35.4,0,24.92,0,5.76,8.55,0.01,0,241.96,60.08
2025-12-17T16:25:00Z,-74.64,0,347.87,0.01,124,270.7,0.1,0,10.99,172.29,517.48,1373.02,0,0,35.45,0,21.91,0,5.95,9.22,0.01,0,217.5,60.08
2025-12-17T16:30:00Z,-75.45,0,354.27,0.01,129,278.08,0.11,0,29.32,173.29,512.14,1348.46,0,0,35.5,0,21.91,0,6.19,9.47,0.01,0,220.95,120.96
2025-12-17T16:35:00Z,-107.13,0,386.49,0.01,130,307.6,0.11,0,40.75,164.83,507.18,1314.31,0,0,35.47,0,23.21,0,6.24,10.46,0.01,0,242.96,121.21
2025-12-17T16:40:00Z,-41.8,0,306.17,0.01,131,306.83,0.11,58.23,36.64,150.56,502.37,1280.15,0,0,35.43,0,18.13,0,6.29,10.43,0.01,2.86,213.68,9.1
2025-12-17T16:45:00Z,-0.36,0,296.87,0.01,132,318.54,0.11,73.9,28.02,132.43,493.65,1246,0,2.3,35.4,0,17.51,0,6.33,10.82,0.01,3.63,216.05,100.44
2025-12-17T16:50:00Z,-12.55,0,290.97,0.01,131,334.67,0.11,73.56,44.34,150.78,490.67,1211.84,0,0,35.37,0,16.71,0,6.29,11.37,0.01,3.61,213.67,116.98
2025-12-17T16:55:00Z,-110.48,0,417.5,0.01,126,382.28,0.11,74.51,25.53,144.85,485.67,1177.69,0,0,35.33,0,23.78,0,6.05,12.97,0.01,3.66,295.25,100.44
2025-12-17T17:00:00Z,-16.6,0,405,0.01,124,362.58,0.11,72.85,12.81,137,479.57,1143.53,0,0,35.3,0,23.08,0,5.95,12.31,0.01,3.58,282.15,100.44
2025-12-17T17:05:00Z,-14.02,0,432.38,0.05,118,396.96,0.11,73.56,9.61,152.43,470.62,1106.28,0,0,35.35,0,24.56,0.01,5.66,13.46,0.01,3.61,301.83,94.26
2025-12-17T17:10:00Z,-16.16,0,468.09,0.05,119,393.35,0.11,72.88,9.38,143.96,464.24,1069.04,0,0,35.4,0,26.05,0.01,5.71,13.34,0.01,3.58,326.9,93.56
2025-12-17T17:15:00Z,-15.43,0,538.44,0.05,124,396.04,0.11,72.36,14.97,122.09,460.29,1031.79,0,0,35.45,0,30.07,0.01,5.95,13.43,0.01,3.56,381.47,104.08
2025-12-17T17:20:00Z,-5.18,0,523.51,0.01,128,438.02,0.11,70.41,20.19,110.9,453.74,994.55,0,0,35.5,0,29.04,0,6.14,14.84,0.01,3.46,380.45,104.68
2025-12-17T17:25:00Z,-9.58,0,465.78,0.01,140,496.18,0.11,73.49,37.56,124.67,447.74,957.3,0,0,35.55,0,25.95,0,6.72,16.79,0.01,3.61,353.51,123.8
2025-12-17T17:30:00Z,-2.8,0,436.52,0.05,143,544.65,0.1,73.58,45.07,123.74,439.42,920.05,0,0,35.6,0,24.25,0.01,6.86,18.41,0.01,3.62,344.71,155.22
2025-12-17T17:35:00Z,-5.33,0,402.96,0.05,170,583.32,0.11,133.09,15.67,112.63,429.43,880.72,0,0,35.47,0,22.18,0.01,8.16,19.71,0.01,6.54,354.34,158.48
2025-12-17T17:40:00Z,-1.85,0,472.47,0.05,197,527.18,0.11,135.88,13.15,112.82,418.55,841.38,0,0,35.33,0,25.44,0.01,9.45,17.83,0.01,6.68,402.35,169.87
2025-12-17T17:45:00Z,-2.23,0,538.5,0.05,214,502.53,0.11,137.62,1.64,109.14,406.78,802.04,0,0,35.2,0,28.74,0.01,10.27,17,0.01,6.76,461.35,167.2
2025-12-17T17:50:00Z,-1.38,0,548.91,0.05,253,506.08,0.11,139.1,14.09,97.46,394.97,762.7,0,0,35.07,0,28.63,0.01,12.14,17.12,0.01,6.84,480.33,170.44
2025-12-17T17:55:00Z,-0.9,0,577.42,0.05,291,506.66,0.11,138.38,0.31,92.6,381.79,723.36,0,0,34.93,0,30.22,0.01,13.96,17.14,0.01,6.8,525.48,195.4
2025-12-17T18:00:00Z,-4.99,0,531.49,0.05,327,561.22,0.11,132.3,0.11,86.93,366.34,684.02,0,0,34.8,0,27.49,0.01,15.69,18.97,0.01,6.5,508.07,196.23
2025-12-17T18:05:00Z,-0.43,0,531.27,0.05,372,585.51,0.11,129.91,3.52,78.23,345.46,646.09,0,0,34.65,0,27.58,0.01,17.85,19.78,0.01,6.38,527.4,185.66
2025-12-17T18:10:00Z,-3.86,0,466.99,0.05,391,581.68,74.09,129.32,93.46,89.94,329.43,608.17,0,0,34.5,0,23.96,0.01,18.76,19.65,3.14,6.36,472.22,232.15
2025-12-17T18:15:00Z,-4.14,0,385.56,0.05,388,577.35,66.87,126.51,148.06,93.48,308.45,570.24,0,0,34.35,0,19.24,0.01,18.62,19.51,2.83,6.22,421.85,213.67
2025-12-17T18:20:00Z,-5.69,0,466.15,0.05,390,587.42,90.68,129.09,108.36,85.77,284.46,532.31,0,0,34.2,0,23.27,0.01,18.71,19.84,4.24,6.34,500.44,138
2025-12-17T18:25:00Z,-0.78,0,658.31,0.05,360,544.12,102.25,80.46,106.94,78.76,257.34,494.38,0,0,34.05,0,37.67,0.01,17.27,18.39,4.86,3.95,722.16,144.75
2025-12-17T18:30:00Z,-1.56,0,617.1,0.05,393,514.2,105.82,125.86,144.32,67.64,234.94,456.45,0,0,33.9,0,33.59,0.01,18.86,17.39,5.03,6.18,683.29,216.74
2025-12-17T18:35:00Z,-3.08,0,546.01,0.05,385,562.94,106.66,129.24,190.89,64,218.64,422.5,0,0,33.82,0,30.36,0.01,18.47,19.02,5.07,6.35,621.47,191.86
2025-12-17T18:40:00Z,-0.18,0,511.52,0.05,387,587.9,107.21,124.6,266.77,58.06,190.22,388.55,0,0,33.73,0,28.95,0.01,18.57,19.86,5.09,6.12,590.04,230.13
2025-12-17T18:45:00Z,-1.65,0,663.56,0.05,385,581.62,157.68,119.72,111.63,61.85,173.34,354.6,0,0,33.65,0,35.92,0.01,18.47,19.65,7.75,5.88,821.91,240.29
2025-12-17T18:50:00Z,-1.87,0,419.82,0.05,384,581.82,181.5,120.27,329.67,70.79,152.86,320.65,0,0,33.57,0,23.13,0.01,18.43,19.66,9.01,5.91,531.23,221.4
2025-12-17T18:55:00Z,-0.02,0,597.02,0.05,390,589.4,183.94,121.26,200.51,79.79,132.13,286.7,0,0,33.48,0,32.68,0.01,18.71,19.91,9.14,5.96,747.73,222.83
2025-12-17T19:00:00Z,-1.15,0,514.73,0.05,384,582.27,212.84,120.21,266.69,80.33,113.32,252.75,0,0,33.4,0,28.08,0.01,18.43,19.67,10.66,5.91,663.53,246.87
2025-12-17T19:05:00Z,-2.13,0,451.64,0.05,383,581.11,229.48,119.87,330.15,88.96,93.02,226.58,0,0,33.1,0,24.85,0.01,18.38,19.63,11.54,5.89,602.81,251.22
2025-12-17T19:10:00Z,-0.91,0,450.55,0.05,388,587.87,231.33,119.51,321.2,97.54,75.24,200.41,0,0,32.8,0,24.79,0.01,18.62,19.86,11.63,5.87,617.53,249.41
2025-12-17T19:15:00Z,-0.9,0,442.6,0.05,384,585.95,232.78,120.03,330.47,101.62,59.58,174.24,0,0,32.5,0,24.16,0.01,18.43,19.8,11.71,5.9,621.29,232.15
2025-12-17T19:20:00Z,-0.83,0,482.24,0.05,386,583.64,232.12,120.68,308.93,112.64,45.33,148.07,0,0,32.2,0,26.57,0.01,18.52,19.72,11.68,5.93,680.08,247.79
2025-12-17T19:25:00Z,-0.7,0,397.91,0.05,387,583.99,235.79,120.41,376.7,124.65,32.66,121.9,0,0,31.9,0,21.62,0.01,18.57,19.73,11.87,5.92,588.55,246.21
2025-12-17T19:30:00Z,-0.64,0,410.46,0.05,388,585.19,236.22,119.74,375.74,133.69,24.73,95.72,0,0,31.6,0,22.31,0.01,18.62,19.77,11.89,5.88,608.36,232.15
2025-12-17T19:35:00Z,-0.61,0,436.76,0.05,387,584.68,235.52,120.79,333.26,143.88,16.94,81.71,0,0,31.25,0,23.89,0.01,18.57,19.76,11.86,5.94,654.75,210.16
2025-12-17T19:40:00Z,-0.23,0,335.27,0.05,385,584.59,236.56,119.91,436.27,155.3,10.82,67.7,0,0,30.9,0,18.71,0.01,18.47,19.75,11.91,5.89,540.1,239.29
2025-12-17T19:45:00Z,-3,0,296.98,0.05,384,582.69,290.95,119.68,403.28,140.42,8.32,53.69,0,0,30.55,0,16,0.01,18.43,19.69,15.25,5.88,536.52,232.15
2025-12-17T19:50:00Z,-0.6,0,322.57,0.05,386,586.37,292.54,121.14,378.27,128.94,3.85,39.68,0,0,30.2,0,17.31,0.01,18.52,19.81,15.34,5.95,572.17,201.55
2025-12-17T19:55:00Z,-0.86,0,376.41,0.05,386,588.88,251.57,120.99,344.73,155.57,1.11,25.67,0,0,29.85,0,20.63,0.01,18.52,19.9,12.81,5.95,623.62,215.04
2025-12-17T20:00:00Z,-1.75,0,317.34,0.05,385,583.94,247.61,119.6,367.35,163.49,0.33,11.65,0,0,29.5,0,17.43,0.01,18.47,19.73,12.58,5.88,570.02,230
2025-12-17T20:05:00Z,-4.27,0,310.26,0.05,384,584.71,265.97,121.4,327.45,160.99,0.06,9.71,0,0,29.25,0,16.93,0.01,18.43,19.76,13.71,5.97,582.91,221.87
2025-12-17T20:10:00Z,-1.21,0,324.34,0.05,388,587.44,250.05,123.66,301.64,167.15,0.02,7.77,0,0,29,0,17.73,0.01,18.62,19.85,12.72,6.08,599.92,232.15
2025-12-17T20:15:00Z,-1.75,0,381.87,0.05,385,585.08,290.45,122.29,186,180.64,0.02,5.83,0,0,28.75,0,20.81,0.01,18.47,19.77,15.21,6.01,702.3,177.57
2025-12-17T20:20:00Z,-0.48,0,335.7,0.05,391,593.06,254.73,126.21,241.34,196.34,0.02,3.88,0,0,28.5,0,18.73,0.01,18.76,20.04,12.99,6.2,626.17,238.68
2025-12-17T20:25:00Z,-1.82,0,297.45,0.05,385,585.21,291.04,137.47,158.92,274.41,0.02,1.94,0,0,28.25,0,16.43,0.01,18.47,19.77,15.24,6.76,599.53,198
2025-12-17T20:30:00Z,-0.83,0,297.66,0.05,390,593.21,253.87,138.19,183.31,235.13,0.02,0,0,0,28,0,16.7,0.01,18.71,20.04,12.94,6.79,603.45,225.85
2025-12-17T20:35:00Z,-2.21,0,178.54,0.05,386,584.54,248.05,137.3,276.9,242.43,0.02,0,0,0,27.77,0,10.04,0.01,18.52,19.75,12.6,6.75,479.21,151.39
2025-12-17T20:40:00Z,-0.37,0,235.38,0.05,391,539.12,250.9,139.18,238.41,295.15,0.02,0,0,0,27.53,0,13.57,0.01,18.76,18.23,12.76,6.84,520.39,206.88
2025-12-17T20:45:00Z,-1.11,0,268.95,0.05,386,577.51,248.23,138.87,169.42,299.6,0.02,0,0,0,27.3,0,15.31,0.01,18.52,19.52,12.61,6.82,563.69,151.7
2025-12-17T20:50:00Z,-1.1,0,178.41,0.05,387,529.87,237.78,138.64,245.21,330.44,0,0,0,0,27.07,0,10.14,0.01,18.57,17.92,11.97,6.81,464.68,203.96
2025-12-17T20:55:00Z,-1.65,0,207.97,0.01,386,570.4,238.21,139.13,146.16,352.23,0,0,0,0,26.83,0,11.99,0,18.52,19.28,12,6.84,507.56,148.3
2025-12-17T21:00:00Z,-1.42,0,94.64,0.01,386,528.45,238.57,138.2,253.02,367.57,0,0,0,0,26.6,0,5.56,0,18.52,17.88,12.01,6.79,401.56,150.19
2025-12-17T21:05:00Z,-0.7,0,208.68,0.01,388,508.96,238.8,139.22,160.88,354.4,0,0,0,0,26.27,0,12.31,0,18.62,17.22,12.03,6.84,508.71,152.2
2025-12-17T21:10:00Z,-0.19,0,271.49,0.01,387,510.5,239.58,137.94,119.8,325.09,0,0,0,0,25.93,0,15.68,0,18.57,17.27,12.07,6.78,583.07,152.22
2025-12-17T21:15:00Z,-2.65,0,278.09,0.01,386,507.18,238.12,138.26,120.08,302.54,0,0,0,0,25.6,0,16.18,0,18.52,17.16,11.99,6.79,600.67,165.83
2025-12-17T21:20:00Z,-0.84,0,249.55,0.01,386,509.41,237.96,137.77,133.65,287.33,0,0,0,0,25.27,0,14.32,0,18.52,17.24,11.98,6.77,572.89,151.68
2025-12-17T21:25:00Z,-0.36,0,230.35,0.01,388,512.82,239.51,138.11,147.15,289.59,0,0,0,0,24.93,0,13.52,0,18.62,17.35,12.07,6.79,552.49,153.16
2025-12-17T21:30:00Z,-1.68,0,237.69,0.01,387,508.84,239.2,138.34,105.88,287.11,0,0,0,0,24.6,0,13.98,0,18.57,17.22,12.04,6.8,576.92,148
2025-12-17T21:35:00Z,-0.96,0,173.83,0.01,385,508.15,238.99,138.48,160.52,285.21,0,0,0,0,24.78,0,10.3,0,18.47,17.2,12.03,6.81,504.5,166.44
2025-12-17T21:40:00Z,-0.3,0,243.28,0.01,390,514.09,242.12,156.65,58.5,273.65,0,0,0,0,24.97,0,14.82,0,18.71,17.39,12.2,7.7,610.8,163.81
2025-12-17T21:45:00Z,-1.31,0,276.15,0.01,387,508.87,239.94,156.21,50.72,259.98,0,0,0,0,25.15,0,16.9,0,18.57,17.22,12.08,7.68,655.99,152.74
2025-12-17T21:50:00Z,-0.35,0,246.21,0.01,386,509.98,210.67,157.67,72.77,275.75,0,0,0,0,25.33,0,15.17,0,18.52,17.26,10.29,7.75,605.96,148
2025-12-17T21:55:00Z,-4.18,0,261.27,0.01,384,507.15,201.55,154.96,40.64,293.07,0,0,0,0,25.52,0,16.12,0,18.43,17.16,9.81,7.62,630.37,148
2025-12-17T22:00:00Z,-2.87,0,277.36,0.01,386,508.81,188.96,155.66,8.53,297.48,0,0,0,0,25.7,0,17.05,0,18.52,17.22,9.14,7.65,659.93,138
2025-12-17T22:05:00Z,-4.08,0,352.34,0.01,348,507.77,187.7,116.2,9.76,290.65,0,0,0,0,25.27,0,21.67,0,16.7,17.18,9.09,5.71,764.87,157.75
2025-12-17T22:10:00Z,-3.37,0,269.11,0.01,380,506.86,141.86,154.33,13.21,316.03,0,0,0,0,24.83,0,17.09,0,18.23,17.15,6.71,7.58,646.32,168.36
2025-12-17T22:15:00Z,-9.68,0,299.94,0.01,389,511.4,57.81,156.59,23.83,329.8,0,0,0,0,24.4,0,19.45,0,18.67,17.3,2.63,7.7,680.9,168.31
2025-12-17T22:20:00Z,-12.11,0,371.87,0.01,388,509.9,39.89,155.54,10.01,299.46,0,0,0,0,23.97,0,24.02,0,18.62,17.25,1.69,7.64,815.31,170.44
2025-12-17T22:25:00Z,-10.53,0,362.1,0.01,390,543.94,16.95,155.6,0.81,295.88,0,0,0,0,23.53,0,23.39,0,18.71,18.39,0.72,7.65,801.92,170.44
2025-12-17T22:30:00Z,-10.63,0,362.51,0.01,389,527.2,0.11,156.86,6.39,299.01,0,0,0,0,23.1,0,23.56,0,18.67,17.83,0.01,7.71,808.9,169.71
2025-12-17T22:35:00Z,-8.61,0,349.73,0.01,390,517.86,0.11,155.72,20.31,282.44,0,0,0,0,23.3,0,23.14,0,18.71,17.52,0.01,7.65,797.96,170.44
2025-12-17T22:40:00Z,-10.82,0,364.56,0.01,390,526.99,0.11,155.83,12.96,266.96,0,0,0,0,23.5,0,23.93,0,18.71,17.83,0.01,7.66,836.46,170.44
2025-12-17T22:45:00Z,-10.76,0,348.62,0.01,390,540.41,0.11,154.86,0.66,264.55,0,0,0,0,23.7,0,22.92,0,18.71,18.28,0.01,7.61,817.52,165.69
2025-12-17T22:50:00Z,-10.26,0,361.12,0.01,389,513.04,0.11,155.58,8.73,259.58,0,0,0,0,23.9,0,23.88,0,18.67,17.36,0.01,7.65,849.23,163.66
2025-12-17T22:55:00Z,-8.81,0,349.96,0.01,390,516.85,0.11,156.05,14.88,248.79,0,0,0,0,24.1,0,23.23,0,18.71,17.49,0.01,7.67,832.03,170.21
2025-12-17T23:00:00Z,-8.68,0,345.78,0.01,389,515.26,0.11,156.39,10.94,248.92,0,0,0,0,24.3,0,22.88,0,18.67,17.43,0.01,7.69,828.09,169.49
2025-12-17T23:05:00Z,-10.6,0,333.27,0.01,390,511.83,0.11,154.64,8.27,258.14,0,0,0,0,24.07,0,22.35,0,18.71,17.32,0.01,7.6,808.81,169.65
2025-12-17T23:10:00Z,-8.75,0,292.62,0.01,390,518.33,0.11,156.92,12.99,259.28,0,0,0,0,23.83,0,19.55,0,18.71,17.54,0.01,7.71,735.63,168.52
2025-12-17T23:15:00Z,-10.74,0,327.42,0.01,388,513.83,0.11,155.73,0.1,254.62,0,0,0,0,23.6,0,21.83,0,18.62,17.39,0.01,7.65,806.8,168.73
2025-12-17T23:20:00Z,-10.88,0,290.36,0.01,388,511.13,0.11,154.89,0.1,263.12,0,0,0,0,23.37,0,19.44,0,18.62,17.3,0.01,7.61,743.72,165.71
2025-12-17T23:25:00Z,-10.55,0,295.38,0.01,386,512.44,0.11,155.43,1.82,268.86,0,0,0,0,23.13,0,19.86,0,18.52,17.34,0.01,7.64,746.48,165.82
2025-12-17T23:30:00Z,-13.23,0,250.33,0.01,388,513.36,0.11,155.81,0.15,272.74,0,0,0,0,22.9,0,16.96,0,18.62,17.37,0.01,7.66,681.91,160.15
2025-12-17T23:35:00Z,-8.62,0,259.3,0.01,388,516,0.11,155.93,1.87,283.75,0,0,0,0,22.92,0,17.5,0,18.62,17.46,0.01,7.66,682,163.82
2025-12-17T23:40:00Z,-1.4,0,242.14,0.01,388,453.86,0.11,156.56,110.18,286.97,0,0,0,0,22.93,0,16.44,0,18.62,15.38,0.01,7.69,605.51,169
2025-12-17T23:45:00Z,-0.2,0,267.26,0.01,390,380.69,0.11,155.98,124.11,288.16,0,0,0,0,22.95,0,18.45,0,18.71,12.93,0.01,7.67,646.89,171.91
2025-12-17T23:50:00Z,-1.35,0,355.67,0.01,390,371.74,0.11,155.09,29.42,296.61,0,0,0,0,22.97,0,24.51,0,18.71,12.63,0.01,7.62,859.9,171.15
2025-12-17T23:55:00Z,-2.29,0,376.32,0.01,388,374.72,0.11,156.31,1.85,318.55,0,0,0,0,22.98,0,25.73,0,18.62,12.73,0.01,7.68,902.8,170.44
2025-12-18T00:00:00Z,-3.83,0,338.43,0.01,389,368.01,0.11,155.9,0.52,328.23,0,0,0,0,23,0,23.04,0,18.67,12.51,0.01,7.66,825.53,170.44
2025-12-18T00:05:00Z,-2.61,0,355.49,0.01,386,316.99,0.11,155.14,0.13,353.74,0,0,0,0,23.13,0,24.33,0,18.52,10.8,0.01,7.62,861.16,152.84
2025-12-18T00:10:00Z,-6.45,0,363.02,0.01,386,316.34,0.11,155.32,0.09,367.57,0,0,0,0,23.27,0,23.69,0,18.52,10.78,0.01,7.63,849.92,169.22
2025-12-18T00:15:00Z,-2.01,0,344.61,0.01,387,316.59,0.11,154.97,0.03,378.71,0,0,0,0,23.4,0,22.41,0,18.57,10.79,0.01,7.62,799.98,170.13
2025-12-18T00:20:00Z,-7.68,0,358.33,0.01,387,315.92,0.11,155.43,0.05,388.35,0,0,0,0,23.53,0,23.35,0,18.57,10.76,0.01,7.64,821.83,170.44
2025-12-18T00:25:00Z,-2.88,0,320.48,0.01,385,332.79,0.11,155.11,0.12,399.26,0,0,0,0,23.67,0,20.9,0,18.47,11.33,0.01,7.62,737.55,170.44
2025-12-18T00:30:00Z,-0.9,0,310.25,0.01,385,316.36,0.11,156.13,0.94,420.55,0,0,0,0,23.8,0,20.29,0,18.47,10.78,0.01,7.67,709.35,167.97
2025-12-18T00:35:00Z,-5.42,0,280.78,0.01,385,315.07,0.11,155.49,0.22,454.87,0,0,0,0,23.45,0,18.44,0,18.47,10.73,0.01,7.64,647.62,142.92
2025-12-18T00:40:00Z,-0.42,0,278.12,0.01,389,314.62,0.11,156.65,2.1,446.8,0,0,0,0,23.1,0,18.22,0,18.67,10.72,0.01,7.7,643.96,144.73
2025-12-18T00:45:00Z,-14.34,0,314.67,0,387,314.6,0.11,156.18,5.6,436.39,0,0,0,0,22.75,0,20.74,0,18.57,10.72,0.01,7.67,713.33,143.93
2025-12-18T00:50:00Z,-1.55,0,314.62,0,387,315.22,0.11,155.15,0,423.75,0,0,0,0,22.4,0,20.7,0,18.57,10.74,0.01,7.62,716.69,144.9
2025-12-18T00:55:00Z,-0.32,0,297.45,0,387,315.72,0.11,156.02,7.45,423.06,0,0,0,0,22.05,0,19.7,0,18.57,10.76,0.01,7.67,686.22,138
2025-12-18T01:00:00Z,-1.96,0,354.24,0,348,315.32,0.11,146.52,2.64,410.11,0,0,0,0,21.7,0,23.61,0,16.7,10.74,0.01,7.2,806.86,138.04
2025-12-18T01:05:00Z,-3.5,0,373.35,0,317,315.59,0.11,156.24,5.68,411.51,0,0,0,0,21.67,0,24.79,0,15.21,10.75,0.01,7.68,845.67,163.71
2025-12-18T01:10:00Z,-1.35,0,210.39,0,352,315.72,0.11,154.74,111.28,411.01,0,0,0,0,21.63,0,14.31,0,16.89,10.76,0.01,7.6,524.94,167.62
2025-12-18T01:15:00Z,-4.06,0,289.16,0,391,315.21,0.1,156.8,12.51,395.54,0,0,0,0,21.6,0,19.47,0,18.76,10.74,0.01,7.71,695.54,167.3
2025-12-18T01:20:00Z,-2.18,0,278.18,0,389,315.39,0.11,157.02,23.84,387.84,0,0,0,0,21.57,0,18.78,0,18.67,10.74,0.01,7.72,675.84,158.41
2025-12-18T01:25:00Z,-2.73,0,296.92,0,388,315.62,0.11,156.13,10.6,377.59,0,0,0,0,21.53,0,20.15,0,18.62,10.75,0.01,7.67,723.79,144.25
2025-12-18T01:30:00Z,-2,0,284.42,0,391,315.54,0.11,156.77,24.96,362.89,0,0,0,0,21.5,0,19.14,0,18.76,10.75,0.01,7.7,701.05,168.7
2025-12-18T01:35:00Z,-3.33,0,301.49,0,388,316.07,0.11,154.99,4.85,356.12,0,0,0,0,21.3,0,20.34,0,18.62,10.77,0.01,7.62,751.83,166.46
2025-12-18T01:40:00Z,-3.78,0,297.63,0,390,315.35,0.11,157.76,21.62,355.68,0,0,0,0,21.1,0,20.03,0,18.71,10.74,0.01,7.75,731.52,163.7
2025-12-18T01:45:00Z,-6.21,0,192.76,0,386,315.55,0.11,155.54,122.9,357.73,0,0,0,0,20.9,0,13.09,0,18.52,10.75,0.01,7.64,526.96,138.04
2025-12-18T01:50:00Z,-0.03,0,272.82,0,351,316.22,0.1,156.56,41.63,367.15,0,0,0,0,20.7,0,18.44,0,16.84,10.77,0.01,7.69,672.02,138
2025-12-18T01:55:00Z,-4.65,0,314.5,0,312,316.64,0.11,109.7,78.28,372.84,0,0,0,0,20.5,0,21.24,0,14.97,10.79,0.01,5.39,722.44,144.91
2025-12-18T02:00:00Z,-2.01,0,315.49,0,345,316.37,0.11,155.73,2.24,371.17,0,0,0,0,20.3,0,21.18,0,16.55,10.78,0.01,7.65,772.04,138
2025-12-18T02:05:00Z,-4.21,0,293.24,0,314,315.82,0.11,126.73,74.39,371.58,0,0,0,0,20.25,0,19.74,0,15.07,10.76,0.01,6.23,686.69,143.6
2025-12-18T02:10:00Z,-3.88,0,302.18,0,337,316,0.11,155.41,2.19,380.96,0,0,0,0,20.2,0,20.33,0,16.17,10.77,0.01,7.64,744.09,128.92
2025-12-18T02:15:00Z,-2.43,0,315.93,0,310,316.74,0.11,78.36,73.9,383.79,0,0,0,0,20.15,0,21.41,0,14.87,10.79,0.01,3.85,723.69,138.03
2025-12-18T02:20:00Z,-3.05,0,340.81,0,266,316.85,0.11,157.44,4.75,385.85,0,0,0,0,20.1,0,23.07,0,12.76,10.79,0.01,7.74,828.87,145.7
2025-12-18T02:25:00Z,-7.43,0,304,0,300,316.06,0.11,158.37,0.08,382.09,0,0,0,0,20.05,0,20.6,0,14.4,10.77,0.01,7.78,760.21,138.04
2025-12-18T02:30:00Z,-1.27,0,325.34,0,268,316.93,0.11,156.3,0.09,385.94,0,0,0,0,20,0,22.05,0,12.86,10.8,0.01,7.68,800.12,138
2025-12-18T02:35:00Z,-6.2,0,376.61,0,234,317.15,0.11,128.65,0.07,398.9,0,0,0,0,19.92,0,25.48,0,11.23,10.81,0.01,6.32,928.16,138
2025-12-18T02:40:00Z,-2.31,0,395.15,0,194,318,0.11,133.44,0.03,404.85,0,0,0,0,19.83,0,26.96,0,9.31,10.83,0.01,6.56,986.33,133.26
2025-12-18T02:45:00Z,-3.8,0,462.28,0,154,318.48,0.11,82.51,14.11,414.46,0,0,0,0,19.75,0,31.39,0,7.39,10.85,0.01,4.05,1244.93,138
2025-12-18T02:50:00Z,-1.27,0,504.31,0,122,317.61,0.11,85.77,0.11,417.98,0,0,0,0,19.67,0,34.29,0,5.85,10.82,0.01,4.21,1511.94,138
2025-12-18T02:55:00Z,-6.01,0,435.51,0,128,318.25,0.11,127.67,0.07,435.87,0,0,0,0,19.58,0,29.73,0,6.14,10.84,0.01,6.27,1118.84,138
2025-12-18T03:00:00Z,-0.55,0,436.2,0,119,317.85,0.11,107.61,0.66,443.71,0,0,0,0,19.5,0,29.56,0,5.71,10.83,0.01,5.29,1116.9,132.04
2025-12-18T03:05:00Z,-5.55,0,481.91,0,118,317.33,0.11,78.8,1.35,450.24,0,0,0,0,19.35,0,32.59,0,5.66,10.81,0.01,3.87,1327.99,132.72
2025-12-18T03:10:00Z,-5.12,0,479.35,0,122,318.03,0.11,78.54,0.06,449.1,0,0,0,0,19.2,0,32.42,0,5.85,10.84,0.01,3.86,1315.16,132.75
2025-12-18T03:15:00Z,-3.25,0,475.91,0,119,318.05,0.11,79.39,0.14,460.48,0,0,0,0,19.05,0,32.58,0,5.71,10.84,0.01,3.9,1277.88,132.78
2025-12-18T03:20:00Z,-7.44,0,476.51,0,116,317.43,0.11,78.77,0.74,458.14,0,0,0,0,18.9,0,32.67,0,5.57,10.82,0.01,3.87,1303.57,132.76
2025-12-18T03:25:00Z,-4.87,0,476.51,0,121,316.88,0.11,79.67,0,456.3,0,0,0,0,18.75,0,33.01,0,5.81,10.8,0.01,3.92,1304.15,132.76
2025-12-18T03:30:00Z,-2.91,0,449.07,0,120,317.71,0.11,80.43,3.1,452.41,0,0,0,0,18.6,0,30.8,0,5.76,10.83,0.01,3.95,1180.74,138
2025-12-18T03:35:00Z,-7.17,0,404.51,0,128,318.4,0.11,107.45,6.82,445.06,0,0,0,0,18.63,0,27.76,0,6.14,10.85,0.01,5.28,1010.65,131.9
2025-12-18T03:40:00Z,-2.37,0,457.73,0,119,318.98,0.11,80.13,0.7,445.77,0,0,0,0,18.67,0,31.62,0,5.71,10.87,0.01,3.94,1240.01,132.55
2025-12-18T03:45:00Z,-8.22,0,483.35,0,119,318.66,0.11,79.96,2.02,447.85,0,0,0,0,18.7,0,33.62,0,5.71,10.86,0.01,3.93,1364.4,132.69
2025-12-18T03:50:00Z,-2.66,0,463.03,0,120,318.33,0.11,79.77,6.26,458.96,0,0,0,0,18.73,0,32.27,0,5.76,10.85,0.01,3.92,1223.9,132.09
2025-12-18T03:55:00Z,-5.04,0,429.83,0,118,319.2,0.11,80.14,26.29,470.76,0,0,0,0,18.77,0,29.81,0,5.66,10.88,0.01,3.94,1041.14,135.93
2025-12-18T04:00:00Z,-4.83,0,423.92,0,122,318.11,0.11,82.46,13.89,474.12,0,0,0,0,18.8,0,29.18,0,5.85,10.84,0.01,4.05,1029.71,129.21
2025-12-18T04:05:00Z,-3.39,0,347.55,0,116,319.13,0.11,78.81,76.9,476.06,0,0,0,0,18.93,0,24.49,0,5.57,10.87,0.01,3.87,750.87,130.75
2025-12-18T04:10:00Z,-8.31,0,396,0,123,349.05,0.11,80.35,6.25,483.38,0,0,0,0,19.07,0,27.47,0,5.9,11.88,0.01,3.95,925.74,129.1
2025-12-18T04:15:00Z,-2.02,0,313.09,0,116,347.41,0.11,80.13,58.2,498.95,0,0,0,0,19.2,0,21.81,0,5.57,11.82,0.01,3.94,658.92,123.45
2025-12-18T04:20:00Z,-5.78,0,249.41,0,117,346.24,0.11,79.96,109.31,520.99,0,0,0,0,19.33,0,17.68,0,5.61,11.78,0.01,3.93,509.68,126.25
2025-12-18T04:25:00Z,-2.84,0,243.27,0,119,347.48,0.11,81.29,124.07,521.15,0,0,0,0,19.47,0,17.17,0,5.71,11.82,0.01,3.99,490.49,160.11
2025-12-18T04:30:00Z,-7.22,0,283.31,0,115,345.49,0.11,151.55,18.35,511.27,0,0,0,0,19.6,0,19.67,0,5.52,11.76,0.01,7.45,625.92,123.45
2025-12-18T04:35:00Z,-6.23,0,271.82,0,117,345.22,0.11,78.89,108.5,493.41,0,0,0,0,19.52,0,19.38,0,5.61,11.75,0.01,3.88,563.5,138
2025-12-18T04:40:00Z,-2.09,0,312.32,0,117,346.34,0.11,120.33,43.03,486.64,0,0,0,0,19.43,0,21.86,0,5.61,11.78,0.01,5.91,678.44,138
2025-12-18T04:45:00Z,-8.23,0,357.75,0,117,347.11,0.11,96.38,36.25,488.68,0,0,0,0,19.35,0,24.56,0,5.61,11.81,0.01,4.74,779.29,130.79
2025-12-18T04:50:00Z,-3.25,0,285.59,0,117,346.81,0.11,80.58,110.91,499.44,0,0,0,0,19.27,0,19.77,0,5.61,11.8,0.01,3.96,570.19,138
2025-12-18T04:55:00Z,-4.16,0,249.28,0,118,347.01,0.11,107.79,119.6,500.55,0,0,0,0,19.18,0,17.41,0,5.66,11.81,0.01,5.3,513.12,157.46
2025-12-18T05:00:00Z,-6.03,0,183.64,0,114,346.63,0.11,152.96,125.79,498.03,0,0,0,0,19.1,0,12.79,0,5.47,11.8,0.01,7.52,430.33,131.35
2025-12-18T05:05:00Z,-9.35,0,257.55,0,120,348.81,0.11,82.87,132.24,494.99,0,0.05,0,0,18.92,0,17.84,0,5.76,11.87,0.01,4.07,520.2,137.7
2025-12-18T05:10:00Z,-12.65,0,300.89,0,85,347.9,0.11,79.19,129.61,497.23,0,0.11,0,0,18.73,0,20.85,0,4.08,11.84,0.01,3.89,591.1,140.26
2025-12-18T05:15:00Z,-13.47,0,174.67,0,121,347.51,0.11,157.6,142.56,489.9,0,0.16,0,0,18.55,0,12.03,0,5.81,11.82,0.01,7.74,419.25,148
2025-12-18T05:20:00Z,-16.49,0,165.51,0,160,344.85,0.11,156.01,131.76,488.91,0,0.22,0,0,18.37,0,11.41,0,7.68,11.74,0.01,7.67,420.04,135.87
2025-12-18T05:25:00Z,-21.24,0,283.27,0,126,346.52,0.11,80.58,125.61,505.86,0,0.27,0,0,18.18,0,19.38,0,6.05,11.79,0.01,3.96,561.36,138.04
2025-12-18T05:30:00Z,-11.51,0,294.79,0,127,346.14,0.11,155.99,32.02,514.25,0.05,0.32,0,0,18,0,20.14,0,6.09,11.78,0.01,7.67,630.42,138
2025-12-18T05:35:00Z,-22.81,0,367.21,0,94,345.27,0.11,80.43,52.22,520.5,0.26,3.84,0,0,18.12,0,24.89,0,4.51,11.75,0.01,3.95,766.06,116.76
2025-12-18T05:40:00Z,-15.04,0,385.3,0,79,345.57,0.11,79.36,80.72,520.15,1.2,7.36,0,0,18.23,0,26.7,0,3.79,11.76,0.01,3.9,776.64,98
2025-12-18T05:45:00Z,-10.12,0,425.73,0,80,292.55,0.11,80.11,97.27,505.71,3.06,10.87,0,0,18.35,0,29.14,0,3.84,9.98,0.01,3.94,887.99,98
2025-12-18T05:50:00Z,-15.35,0,512.68,0,81,269.34,0.11,80.67,82.2,482.12,6.55,14.39,0,0,18.47,0,35.09,0,3.89,9.21,0.01,3.96,1281.57,90.44
2025-12-18T05:55:00Z,-21.99,0,535.13,0,80,249.23,0.1,79.61,71.6,485.83,10.29,17.91,0,0,18.58,0,36.29,0,3.84,8.53,0.01,3.91,1442.4,99.44
2025-12-18T06:00:00Z,-26.06,0,508.71,0,80,274.37,0.11,79.74,51.87,496.09,14.93,21.42,0,0,18.7,0,35.76,0,3.84,9.38,0.01,3.92,1312.28,98
2025-12-18T06:05:00Z,-14.31,0,519.95,0,80,270.32,0.11,79.47,18.09,512.62,21.42,35.87,0,0,19.08,0,36.45,0,3.84,9.24,0.01,3.91,1326.04,62.78
2025-12-18T06:10:00Z,-0.23,0,501.14,0,84,239.12,0.11,80,24.26,531.3,30.55,50.32,0,0,19.47,0,34.71,0,4.03,8.19,0.01,3.93,1134.19,84.68
2025-12-18T06:15:00Z,-3.71,0,504.29,0,80,239.24,0.1,80.11,12.98,539.68,40.97,64.77,0,0,19.85,0,35.01,0,3.84,8.2,0.01,3.94,1112.89,82.83
2025-12-18T06:20:00Z,-19.03,0,486.89,0,80,239.44,0.11,78.52,13.48,549.27,49.98,79.21,0,0,20.23,0,33.9,0,3.84,8.21,0.01,3.86,1023.32,14.3
2025-12-18T06:25:00Z,-25.66,0,467.81,0,81,222.38,0.11,80.32,2.53,595.69,62.08,93.66,0,0,20.62,0,31.96,0,3.89,7.62,0.01,3.95,883.11,32.79
2025-12-18T06:30:00Z,-7.17,0,393.42,0,80,203.53,0.11,79.84,0,646.56,80.5,108.11,0,0,21,0,26.48,0,3.84,6.97,0.01,3.92,619.77,12.49
2025-12-18T06:35:00Z,-7.26,0,351,0,80,201.48,0.11,80.42,3.32,671.29,90.47,132.96,0,0,21.47,0,22.98,0,3.84,6.89,0.01,3.95,501.36,15.33
2025-12-18T06:40:00Z,-27.86,0,479.55,0,82,125.18,0.1,17.15,0.15,678.23,106.85,157.82,0,0,21.93,0,31.47,0,3.93,4.3,0.01,0.84,737.3,14.68
2025-12-18T06:45:00Z,-14.52,0,527.43,0,86,25.22,0.11,13.21,6.24,696.17,124.32,182.67,0,0,22.4,0,33.41,0,4.13,0.87,0.01,0.65,791.86,14.89
2025-12-18T06:50:00Z,-19.29,0,574.99,0,82,0,0.11,9.92,2.8,698.57,147.66,207.53,0,0,22.87,0,35.68,0,3.93,0,0.01,0.49,868.34,11.61
2025-12-18T06:55:00Z,-27.09,0,546.94,0,83,0,0.28,0,5.25,708.63,165.65,232.38,0,0,23.33,0,33.2,0,3.98,0,0.02,0,718.67,10.34
2025-12-18T07:00:00Z,-19.86,0,477.88,0,82,0,0.28,0,14.02,724.9,183.92,257.24,0,0,23.8,0,28.49,0,3.93,0,0.02,0,509.13,2.21
2025-12-18T07:05:00Z,-26.77,0,435.65,0,81,0,0.28,0,16.36,764.62,204.03,291.35,0,0,24.22,0,25.82,0,3.89,0,0.02,0,398.43,-7.25
2025-12-18T07:10:00Z,-12.19,0,501.6,0,88,0,0.28,0,15.43,669.34,182.3,325.46,123.28,55.21,24.63,0,29.39,0,4.22,0,0.02,0,526.12,-7.01
2025-12-18T07:15:00Z,-193.65,0,614.28,0,80,0,0.28,0,0,773.74,183.8,359.56,28.67,59.35,25.05,0,36.01,0,3.84,0,0.02,0,811.71,-7.25
2025-12-18T07:20:00Z,-131.24,0,649.32,0,84,0,0.28,0,1.85,648.64,203.81,393.67,150.51,61.25,25.47,0,38.18,0,4.03,0,0.02,0,918.53,-7.01
2025-12-18T07:25:00Z,-204.79,0,638.45,0,87,0,0.28,0,4.93,691.29,220.7,427.78,80.1,72.06,25.88,0,37.6,0,4.17,0,0.02,0,851.78,-7.25
2025-12-18T07:30:00Z,-222.05,0,679.99,0,81,0,0.28,0,0.65,654.14,232.94,461.89,138.16,69.91,26.3,0,40.9,0,3.89,0,0.02,0,1016.63,-9.5
2025-12-18T07:35:00Z,-213.51,0,754.99,0,86,0,0.28,0,1.32,580.88,234.06,501.47,185.54,95.44,26.75,0,45.41,0,4.13,0,0.02,0,1365.47,-7.25
2025-12-18T07:40:00Z,-261.57,0,749.2,0.5,82,0,0.28,0,0.02,597.85,268.81,541.06,131.47,80.07,27.2,0,45.95,0.03,3.93,0,0.02,0,1248.82,-7.25
2025-12-18T07:45:00Z,-252.09,0,699.06,1.1,82,0,0.28,0,0.07,610,283.23,580.64,179.49,83.62,27.65,0,42.89,0.06,3.93,0,0.02,0,928.57,-11.66
2025-12-18T07:50:00Z,-249.14,0,689.39,0,84,0,0.28,0,3.75,595.1,275.64,620.22,178.15,112.57,28.1,0,42.41,0,4.03,0,0.02,0,870.49,-9.5
2025-12-18T07:55:00Z,-272.31,0,693.88,0,81,0,0.28,0,0.02,613.87,271.22,659.81,191.61,126.86,28.55,0,42.57,0,3.89,0,0.02,0,844.96,-11.66
2025-12-18T08:00:00Z,-286.64,0,735.61,0,82,0,0.27,0,0.28,609.35,264.15,699.39,216.94,153.85,29,0,45.1,0,3.93,0,0.02,0,929.56,-8.5
2025-12-18T08:05:00Z,-214.29,0,662.41,0,85,0,0.28,0,3.43,542.28,285.37,740.09,289.1,130.89,29.35,0,40.88,0,4.08,0,0.02,0,692.14,-8.5
2025-12-18T08:10:00Z,-222.57,0,654.11,0.01,87,0,0.27,0,8.42,542.23,289.08,780.78,294.14,144.62,29.7,0,40.77,0,4.17,0,0.02,0,649.27,-8.5
2025-12-18T08:15:00Z,-220.45,0,684.58,0.01,82,0,0.28,0,0.14,520.98,280.35,821.48,342.88,163.62,30.05,0,43.06,0,3.93,0,0.02,0,705.06,-9.5
2025-12-18T08:20:00Z,-220.55,0,739.79,0.01,82,0,0.28,0,0.56,504.16,263.23,862.18,353.01,190.58,30.4,0,46.52,0,3.93,0,0.02,0,805.39,-8.5
2025-12-18T08:25:00Z,-274.7,0,694.74,0.01,84,0,0.28,0,0.1,549.18,290.54,902.88,323.87,162.18,30.75,0,43.29,0,4.03,0,0.02,0,662.42,-9.5
2025-12-18T08:30:00Z,-268.13,0,706.2,0,79,0,0.28,0,0,537.82,283.32,943.58,361.25,170.41,31.1,0,43.49,0,3.79,0,0.02,0,652.61,-9.5
2025-12-18T08:35:00Z,-252.29,0,675.17,0.01,88,0,0.28,0,1.59,531,266.65,981.46,354.19,201.97,31.45,0,41.45,0,4.22,0,0.02,0,582.35,-9.5
2025-12-18T08:40:00Z,-263.27,0,723.5,0,81,0,0.28,0,0.03,536.73,258.81,1019.35,366.19,207.5,31.8,0,44.27,0,3.89,0,0.02,0,635.75,-9.5
2025-12-18T08:45:00Z,-268.91,0,675.98,0,84,0,0.28,0,0.19,553.78,258.83,1057.23,375.6,222.2,32.15,0,40.5,0,4.03,0,0.02,0,529.63,-15.08
2025-12-18T08:50:00Z,-306.65,0,721.43,0,80,0,0.28,0,0.1,551.8,251.38,1095.12,378.04,234.41,32.5,0,41.83,0,3.84,0,0.02,0,576.79,-15.08
2025-12-18T08:55:00Z,-362.05,0,687.93,0,81,0,0.28,0,50.9,590.58,247.8,1133,392.19,232.07,32.85,0,39.86,0,3.89,0,0.02,0,498.48,-19.88
2025-12-18T09:00:00Z,-395.06,0,696.44,0,82,0,0.28,0,55,628.23,229.96,1170.89,374.21,252.25,33.2,0,38.05,0,3.93,0,0.02,0,468.89,-20
2025-12-18T09:05:00Z,-400.52,0,676.25,0,81,0,0.28,0,45.3,636.13,231.81,1204.4,404.17,252.55,33.4,0,36.14,0,3.89,0,0.02,0,428.2,-21
2025-12-18T09:10:00Z,-403.8,0,690.54,0,84,0,0.28,0,45,609.4,234.43,1237.91,453.4,275.68,33.6,0,36.42,0,4.03,0,0.02,0,434.89,-59.04
2025-12-18T09:15:00Z,-445.92,0,701.79,0,84,0,0.28,0,88.7,602.22,227,1271.42,448.82,287.31,33.8,0,35.92,0,4.03,0,0.02,0,426.03,-59.04
2025-12-18T09:20:00Z,-456.3,0,719.39,0,87,0,0.28,0,90.23,592.94,227.53,1304.93,476.91,284.77,34,0,36.26,0,4.17,0,0.02,0,430.7,-59.04
2025-12-18T09:25:00Z,-428.69,0,672.77,0,85,0,0.28,0,90.1,593.27,236.14,1338.44,480.45,287.89,34.2,0,32.99,0,4.08,0,0.02,0,358.43,-59.04
2025-12-18T09:30:00Z,-407.73,0,648.8,0,85,0,0.28,0,61.25,624.71,228.94,1371.95,460.39,286.4,34.4,0,30.59,0,4.08,0,0.02,0,316.36,-59.04
2025-12-18T09:35:00Z,-410.99,0,654.02,0.01,86,0,0.28,0,62.76,618.17,228.42,1400.66,475.63,283.38,34.65,0,30.47,0,4.13,0,0.02,0,312.02,-41.97
2025-12-18T09:40:00Z,-409.78,0,626.36,0.01,83,0,0.28,0,80.1,606.79,234.05,1429.36,494.47,292.39,34.9,0,28.49,0,3.98,0,0.02,0,278.99,-20
2025-12-18T09:45:00Z,-347.01,0,608.12,0.01,84,0,0.28,0,80,658.37,188.03,1458.06,415.82,414.83,35.15,0,26.48,0,4.03,0,0.02,0,242.09,-12.5
2025-12-18T09:50:00Z,-330.37,0,451.89,0.01,84,0,0.28,0,81.46,725.78,152.58,1486.76,388.1,387.68,35.4,0,19.79,0,4.03,0,0.02,0,163.63,-20
2025-12-18T09:55:00Z,-325.07,0,460.93,0.01,89,0,0.28,0,84.41,722.29,126.06,1515.46,386.26,406.05,35.65,0,19.37,0,4.27,0,0.02,0,162.1,-20
2025-12-18T10:00:00Z,-328.43,0,459.86,0.01,85,0,0.28,0,81.3,739.62,123.25,1544.16,378.69,414.35,35.9,0,18.63,0,4.08,0,0.02,0,152.75,-20
2025-12-18T10:05:00Z,-367.12,0,503.23,0.01,80,0,0.28,0,77.1,730.82,124.81,1565.78,387.77,406.9,36.02,0,20.19,0,3.84,0,0.02,0,168.95,-30.01
2025-12-18T10:10:00Z,-260.1,0,506.48,0.01,86,0,0.28,0,83.15,649.79,123.89,1587.4,486.66,412.89,36.13,0,19.85,0,4.13,0,0.02,0,163.26,-59
2025-12-18T10:15:00Z,-281.31,0,559.74,0.01,90,0,0.27,0,83.06,636.94,122.31,1609.03,474.24,434.87,36.25,0,21.28,0,4.32,0,0.02,0,180.78,-59
2025-12-18T10:20:00Z,-252.51,0,542.31,0.01,90,0,0.28,0,83.98,629.59,122.92,1630.65,481.66,417.39,36.37,0,20.15,0,4.32,0,0.02,0,166.76,-59
2025-12-18T10:25:00Z,-261.02,0,529.68,0.01,84,0,0.28,0,79.6,647.89,126.76,1652.28,462.37,432.74,36.48,0,19.43,0,4.03,0,0.02,0,156.56,-59
2025-12-18T10:30:00Z,-246.87,0,562.59,0.01,86,0,0.28,0,85.17,609.23,117.54,1673.9,477.15,439.01,36.6,0,20.82,0,4.13,0,0.02,0,169.99,-59
2025-12-18T10:35:00Z,-225.28,0,560.9,0.01,82,0,0.28,0,80.8,618.57,115.72,1694.47,461.36,421.17,36.67,0,20.48,0,3.93,0,0.02,0,162.39,-59
2025-12-18T10:40:00Z,-245.13,0,637.6,0.05,80,0,0.28,0,78.9,591.74,121.18,1715.04,457.49,422.49,36.75,0,23.27,0.01,3.84,0,0.02,0,191.01,-19.5
2025-12-18T10:45:00Z,-192.45,0,569.6,0.05,88,0,0.28,0,0.16,646.71,122.37,1735.6,350.29,429.37,36.82,0,21.6,0.01,4.22,0,0.02,0,169.41,-8.5
2025-12-18T10:50:00Z,-249.39,0,523.29,0.05,82,0,0.28,0,0.09,746.89,137.2,1756.17,273.19,462.14,36.9,0,20,0.01,3.93,0,0.02,0,147.44,-7.98
2025-12-18T10:55:00Z,-240.43,0,414.24,0.05,85,0,0.28,0,0.73,790.02,162.52,1776.74,201.32,393.86,36.98,0,16.27,0.01,4.08,0,0.02,0,113.17,-8.5
2025-12-18T11:00:00Z,-215.37,0,390.82,0.05,90,0,0.28,0,3.09,753.59,154.57,1797.31,222.22,412.35,37.05,0,15.63,0.01,4.32,0,0.02,0,109.31,-8.5
2025-12-18T11:05:00Z,-241.62,0,462.85,0.05,80,0,0.28,0,0,747.3,159.05,1809.47,214.36,404.25,37.19,0,17.81,0.01,3.84,0,0.02,0,124.35,-7.98
2025-12-18T11:10:00Z,-227.94,0,439.59,0.05,87,0,0.28,0,1.75,748.71,165.88,1821.64,205.68,398.25,37.33,0,17.1,0.01,4.17,0,0.02,0,118.45,-7.25
2025-12-18T11:15:00Z,-232.4,0,429.04,0.05,87,0,0.28,0,0.67,734.93,167.56,1833.8,172.17,399.6,37.48,0,16.87,0.01,4.17,0,0.02,0,116.91,-8.5
2025-12-18T11:20:00Z,-149.72,0,411,0.05,82,0,0.28,0,0,712.79,130.9,1845.97,206.13,425.78,37.62,0,15.91,0.01,3.93,0,0.02,0,107.82,-7.25
2025-12-18T11:25:00Z,-228.36,0,374.04,0.05,86,0,0.28,0,0.01,767.67,162.67,1858.13,155.88,401.79,37.76,0,14.48,0.01,4.13,0,0.02,0,98.38,-8.5
2025-12-18T11:30:00Z,-108.5,0,498.93,0.05,86,0,0.28,0,0.94,613.52,107.95,1870.3,279.29,459.52,37.9,0,19.88,0.01,4.13,0,0.02,0,139.19,-8
2025-12-18T11:35:00Z,-143.38,0,418.72,0.05,80,0,0.11,0,0,662.93,165.65,1878.27,198.55,401.21,37.92,0,16.26,0.01,3.84,0,0.01,0,108.47,-7
2025-12-18T11:40:00Z,-249.7,0,437.91,0.05,92,0,0.1,0,2.26,679.28,220.86,1886.25,108.85,329.59,37.93,0,17.67,0.01,4.41,0,0.01,0,120.9,-8
2025-12-18T11:45:00Z,-105.54,0,371.4,0.05,90,0,0.11,0,10.84,649.8,177.89,1894.22,156,405.87,37.95,0,14.47,0.01,4.32,0,0.01,0,96.15,0
2025-12-18T11:50:00Z,-180.14,0,296.38,0.05,86,0,0.11,0,2.96,691.64,251.72,1902.19,133.23,314.8,37.97,0,11.08,0.01,4.13,0,0.01,0,74.31,-7
2025-12-18T11:55:00Z,-137.9,0,409.25,0.05,90,0,0.11,0,5.44,650.07,179.22,1910.17,186.8,383.71,37.98,0,15.44,0.01,4.32,0,0.01,0,103.68,-7
2025-12-18T12:00:00Z,-136.65,0,469.14,0.05,82,0,0.11,0,0.05,639.45,173.1,1918.14,144.13,401.85,38,0,18.29,0.01,3.93,0,0.01,0,120.93,1.1
2025-12-18T12:05:00Z,-192.72,0,369.96,0.05,80,0,0.11,0,0.04,680.59,249.71,1921.15,123.57,318.93,38.07,0,15.23,0.01,3.84,0,0.01,0,96.67,-7
2025-12-18T12:10:00Z,-139.35,0,379.36,0.05,86,0,0.11,0,9.25,655.46,256.24,1924.17,150.29,322.45,38.13,0,15.34,0.01,4.13,0,0.01,0,96.89,-7
2025-12-18T12:15:00Z,-110.49,0,382.35,0.05,93,0,0.11,0,25.34,624.13,240.86,1927.18,126.44,338.33,38.2,0,16.09,0.01,4.46,0,0.01,0,102.04,0
2025-12-18T12:20:00Z,-116.36,0,395.49,0.05,79,0,0.11,0,0,619.36,252.4,1930.2,137.24,315.37,38.27,0,16.09,0.01,3.79,0,0.01,0,100.74,-7
2025-12-18T12:25:00Z,-153.44,0,417.69,0.05,84,0,0.11,0,1.42,622.9,191.42,1933.21,139.38,277.83,38.33,0,17.11,0.01,4.03,0,0.01,0,112.23,-9.5
2025-12-18T12:30:00Z,-28.98,0,488.38,0.05,93,0,0.11,0,29.08,511.36,190.34,1936.23,230.01,390.5,38.4,0,19.12,0.01,4.46,0,0.01,0,126.26,-7
2025-12-18T12:35:00Z,-97.18,0,376.98,0.05,84,0,0.11,0,0.4,616.89,285,1939.4,159.1,293.15,38.57,0,14.84,0.01,4.03,0,0.01,0,92.44,-8.5
2025-12-18T12:40:00Z,-62.16,0,423.53,0.05,86,0,0.1,0,2.9,530.41,213.89,1942.57,223.88,251.15,38.73,0,16.93,0.01,4.13,0,0.01,0,110.41,-9.5
2025-12-18T12:45:00Z,-32.13,0,439.74,0.05,91,0,0.11,0,15.26,505.57,298.33,1945.74,208.72,284.39,38.9,0,17.56,0.01,4.37,0,0.01,0,110.43,-8.5
2025-12-18T12:50:00Z,-59.02,0,435.8,0.05,91,0,0.11,0,10.25,511.39,333.58,1948.9,169.32,235.21,39.07,0,18.3,0.01,4.37,0,0.01,0,113.36,-7
2025-12-18T12:55:00Z,-161.2,0,420.25,0.05,83,0,0.11,0,10.55,534.71,463.57,1952.07,138.01,102.94,39.23,0,18.15,0.01,3.98,0,0.01,0,107.9,1.6
2025-12-18T13:00:00Z,-110.19,0,263.48,0.05,86,0,0.1,0,3.81,627.53,453.18,1955.24,104.8,99,39.4,0,11.5,0.01,4.13,0,0.01,0,68.19,25.5
2025-12-18T13:05:00Z,-21.78,0,163.85,0.05,79,0,0.11,0,7.95,586.73,480.1,1954.16,115.18,95,39.53,0,7.17,0.01,3.79,0,0.01,0,45.05,65.89
2025-12-18T13:10:00Z,-29.2,0,104.73,0.05,87,6,0.11,0,15.66,618.92,466.05,1953.08,64.59,95,39.67,0,4.38,0.01,4.17,0.2,0.01,0,34.9,143.66
2025-12-18T13:15:00Z,-31.22,0,91.06,0.08,91,5.11,0.11,0,17.24,617.81,479.43,1951.99,54.32,95,39.8,0,4.01,0.01,4.37,0.17,0.01,0,33.8,25.5
2025-12-18T13:20:00Z,-26.11,0,103.67,0.08,95,39.33,0.11,0,0.01,604.09,476.34,1950.91,67.03,95,39.93,0,4.66,0.01,4.56,1.32,0.01,0,41.71,9.54
2025-12-18T13:25:00Z,-75.33,0,172.8,0.08,98,39.33,0.11,0,0.08,547.26,539.47,1949.83,94.36,4,40.07,0,8.05,0.01,4.7,1.32,0.01,0,57.78,21.21
2025-12-18T13:30:00Z,-106.89,0,168.32,0.08,101,69.53,0.11,0,0,528.26,574.82,1948.74,82,0,40.2,0,7.81,0.01,4.85,2.33,0.01,0,61.06,22.2
2025-12-18T13:35:00Z,-115.71,0,181.81,0.08,104,68.86,0.11,0,0,522.79,573.61,1940.86,97.74,0,40.18,0,8.6,0.01,4.99,2.31,0.01,0,65.56,9
2025-12-18T13:40:00Z,-199.33,0,318.37,0.08,141,68.86,0.11,0,0.05,467.02,570.71,1932.98,160.63,4,40.17,0,15.42,0.01,6.77,2.31,0.01,0,110.45,-7
2025-12-18T13:45:00Z,-200.02,0,460.5,0.08,143,69.53,0.11,0,0.02,426.1,512.79,1925.1,153.42,59.68,40.15,0,23.05,0.01,6.86,2.33,0.01,0,160.2,1.1
2025-12-18T13:50:00Z,-219.09,0,434.96,0.08,154,69.53,0.11,0,0.2,387.17,566.63,1917.22,147.11,4,40.13,0,22.1,0.01,7.39,2.33,0.01,0,156.53,21.21
2025-12-18T13:55:00Z,-143.72,0,362.73,0.08,157,69.53,0.11,0,14.18,359.15,575.26,1909.34,151.69,0,40.12,0,18.37,0.01,7.53,2.33,0.01,0,131.47,21.21
2025-12-18T14:00:00Z,-118.37,0,378.58,0.08,156,69.53,0.11,0,9.87,356.98,561.85,1901.45,181.11,0,40.1,0,19.62,0.01,7.49,2.33,0.01,0,138.09,25.5
2025-12-18T14:05:00Z,-143.63,0,270.74,0.08,171,108.45,0.11,0,18.69,430.81,575.19,1888.33,71.55,0,40.1,0,14.2,0.01,8.21,3.63,0.01,0,112.54,-8.5
2025-12-18T14:10:00Z,-181.62,0,391.51,0.08,175,148.72,0.11,0,0.21,423.52,556.33,1875.2,63.11,14.19,40.1,0,20.47,0.01,8.4,4.98,0.01,0,155.94,-8.08
2025-12-18T14:15:00Z,-166.47,0,320.5,0.08,176,168.85,0.11,0,0,460.5,565.71,1862.08,86.43,3.88,40.1,0,16.6,0.01,8.45,5.65,0.01,0,134.21,-8.5
2025-12-18T14:20:00Z,-160.28,0,394.86,0.08,178,166.84,0.11,0,0,387.88,559.58,1848.95,89.2,11.65,40.1,0,20.84,0.01,8.54,5.59,0.01,0,162.34,21.21
2025-12-18T14:25:00Z,-140.52,0,332.72,0.08,174,165.5,0.11,0,0,412.57,575.05,1835.83,13.35,0,40.1,0,17.35,0.01,8.35,5.54,0.01,0,139.43,-9.5
2025-12-18T14:30:00Z,-21.21,0,353.28,0.08,179,168.85,0.11,0,5.48,397.77,484.49,1822.7,120.77,90.03,40.1,0,17.98,0.01,8.59,5.65,0.01,0,144.12,-8.5
2025-12-18T14:35:00Z,-19.37,0,372.8,0.08,174,166.84,0.11,0,13.96,392.71,491.88,1806.96,108.45,70.57,40.07,0,19.07,0.01,8.35,5.59,0.01,0,149.31,-8.5
2025-12-18T14:40:00Z,-9.36,0,292.64,0.08,190,183.66,0.11,0,12.51,408.71,519.47,1791.22,93.67,41.91,40.03,0,15.14,0.01,9.12,6.16,0.01,0,130.27,-8.5
2025-12-18T14:45:00Z,-40.04,0,336.54,0.08,173,188.09,0.11,0,0,424.09,541.83,1775.48,105.71,19.59,40,0,17.71,0.01,8.3,6.32,0.01,0,142.38,-8.5
2025-12-18T14:50:00Z,-33.44,0,319.98,0.08,198,207.66,0.11,0,5.61,430.91,499.88,1759.74,95.95,67.17,39.97,0,17.04,0.01,9.5,6.99,0.01,0,146.46,-7.25
2025-12-18T14:55:00Z,-108.58,0,323.65,0.08,204,205.82,0.11,0,0.2,463.63,566.69,1743.99,64.82,4,39.93,0,17.37,0.01,9.79,6.93,0.01,0,148.71,-8.5
2025-12-18T15:00:00Z,-35.25,0,366.56,0.12,200,200.57,0.1,0,0,464.86,503.01,1728.25,84.12,56.08,39.9,0,20.01,0.01,9.6,6.75,0.01,0,162,-8.5
2025-12-18T15:05:00Z,-0.97,0,455.74,0.08,222,202.1,0.11,0,21.26,398.16,487.21,1707.25,80.82,64.61,39.92,0,25.44,0.01,10.65,6.8,0.01,0,199.44,99.44
2025-12-18T15:10:00Z,-8.24,0,342.48,0.08,193,245.64,0.11,0,12.75,390.29,457.19,1686.26,59.84,0,39.93,0,18.92,0.01,9.26,8.29,0.01,0,166.19,-7
2025-12-18T15:15:00Z,-32.42,0,426.65,0.08,205,269.86,0.11,0,7.68,342.84,532.87,1665.26,131.86,4,39.95,0,23.65,0.01,9.84,9.14,0.01,0,199.54,-9.5
2025-12-18T15:20:00Z,-19.99,0,507.44,0.08,202,319.14,2.11,0,12.41,320.6,442.32,1644.26,221.35,101.21,39.97,0,28.91,0.01,9.69,10.82,0.11,0,246.12,-12.5
2025-12-18T15:25:00Z,-35.32,0,669.88,0.12,213,328.78,17.2,0,37.28,273.87,415.55,1623.26,185.75,128.31,39.98,0,38.28,0.01,10.22,11.16,0.91,0,329.9,-8
2025-12-18T15:30:00Z,-6.82,0,447.89,0.12,211,372.7,17.51,0,27.31,355.48,435.24,1602.26,143.24,11.38,40,0,25.61,0.01,10.12,12.64,0.93,0,230.53,21.21
2025-12-18T15:35:00Z,-105.58,0,541.94,0.12,203,398.79,17.61,0,51.1,278.76,408.13,1578.7,141.04,0,40.1,0,30.36,0.01,9.74,13.51,0.93,0,286.07,-8.5
2025-12-18T15:40:00Z,-31.58,0,520.27,0.12,192,446.48,17.71,0,8.62,247.79,396.57,1555.14,192.47,50.1,40.2,0,28.27,0.01,9.21,15.11,0.94,0,277.83,-8
2025-12-18T15:45:00Z,-32.99,0,435.88,0.12,200,452.69,0.11,0,2.63,361.18,490.07,1531.58,160.58,4,40.3,0,24.02,0.01,9.6,15.32,0.01,0,228.62,-7.98
2025-12-18T15:50:00Z,-12.49,0,384.23,0.12,215,461,0.11,0,32.96,359.15,498.03,1508.02,78.4,4,40.4,0,21.27,0.01,10.32,15.59,0.01,0,211.55,198
2025-12-18T15:55:00Z,-0.34,0,203.09,0.16,207,482.11,0.11,0,170.82,324.27,503.07,1484.46,152,0,40.5,0,11.29,0.02,9.93,16.31,0.01,0,151.83,232.15
2025-12-18T16:00:00Z,0,0,144.34,0.16,210,547.67,0.1,0,115.86,402.71,492.31,1460.9,24.64,0,40.6,0,8.06,0.02,10.08,18.51,0.01,0,142.61,232.15
2025-12-18T16:05:00Z,-0.21,-10.77,0,0.16,218,596.83,25.66,0,137.82,470.72,503.17,1428.7,22.64,0,40.48,0.18,0,0.02,10.46,20.15,1.56,0,113.99,138.04
2025-12-18T16:10:00Z,-18.35,0,49.45,0.16,225,557.05,29.89,120.45,15.62,473.19,526.74,1396.51,0,0,40.37,0,2.68,0.02,10.8,18.82,1.82,5.92,146.68,138
2025-12-18T16:15:00Z,-8.77,0,62.33,0.16,207,562.96,89.62,84.89,22.86,480.67,524.87,1364.32,0,0,40.25,0,3.4,0.02,9.93,19.02,4.35,4.17,150.21,138
2025-12-18T16:20:00Z,-11.23,0,55.16,0.16,198,554.71,115.86,100.47,7.19,493.1,517.79,1332.13,0,0,40.13,0,2.98,0.02,9.5,18.74,5.91,4.94,155.24,138
2025-12-18T16:25:00Z,-3.5,0,126.76,0.16,204,561.44,120.77,106.52,5.83,472.23,487.89,1299.93,0,0,40.02,0,6.71,0.02,9.79,18.97,6.12,5.23,179.66,170.44
2025-12-18T16:30:00Z,-73.55,0,59.05,0.16,243,592.22,124.99,169.53,34.5,447.68,495.7,1267.74,0,0,39.9,0,3.1,0.02,11.66,20,6.31,8.33,182.85,198
2025-12-18T16:35:00Z,-10.8,0,37.87,0.16,246,594.77,128.07,167.62,44.11,436.65,458.5,1236.77,0,0,39.92,0,1.97,0.02,11.8,20.08,6.44,8.24,178.53,94
2025-12-18T16:40:00Z,-9.3,0,271.72,0.16,199,548.09,178.9,77.99,16,331.93,443.39,1205.8,103.32,0,39.93,0,14.42,0.02,9.55,18.52,9.11,3.83,244.59,-7.25
2025-12-18T16:45:00Z,-38.97,0,654.34,0.16,205,487.5,203.95,16.59,9.81,311.67,415.58,1174.83,32.36,88.62,39.95,0,33.88,0.02,9.84,16.49,10.43,0.82,402.32,9.1
2025-12-18T16:50:00Z,-12.73,0,515.33,0.19,219,446.11,207.99,78.74,24.44,282.83,453.79,1143.86,0,3.02,39.97,0,27.45,0.02,10.51,15.11,10.64,3.87,348.3,99.44
2025-12-18T16:55:00Z,-4.01,0,508.91,0.19,211,455.43,205.34,82.03,29.5,291.29,466.01,1112.89,7.51,0,39.98,0,26.66,0.02,10.12,15.42,10.5,4.03,342.22,138
2025-12-18T17:00:00Z,-6,0,362.77,0.16,212,491.89,238.84,134.22,39.62,298.29,479.52,1081.93,0,0,40,0,19.33,0.02,10.17,16.64,12.27,6.6,299.23,240.01
2025-12-18T17:05:00Z,-9.76,0,283.52,0.16,250,550.54,232.08,160.08,38.11,299.92,471.6,1044.97,0,0,39.98,0,15.05,0.02,12,18.6,11.91,7.87,285.17,170.44
2025-12-18T17:10:00Z,-11.6,0,340.41,0.16,302,497.03,241.61,158.19,13.1,309.91,463.88,1008.01,0,0,39.97,0,18.06,0.02,14.49,16.81,12.52,7.77,316.47,141.08
2025-12-18T17:15:00Z,-4.17,0,310.32,0.16,361,488.5,252.25,158.94,16,303.67,460.16,971.05,0,0,39.95,0,16.54,0.02,17.32,16.53,13.07,7.81,317.18,170.44
2025-12-18T17:20:00Z,-13.85,0,250.35,0.16,412,498.63,250.44,158.97,10.34,361.26,448.91,934.09,0,0,39.93,0,13.24,0.02,19.77,16.86,13.03,7.81,302.01,170.44
2025-12-18T17:25:00Z,-0.27,0,181.75,0.16,463,518.49,253.01,161.82,71.22,311.11,433.57,897.14,0,0,39.92,0,9.68,0.02,22.22,17.53,13.18,7.95,289.28,232.15
2025-12-18T17:30:00Z,-0.27,0,56.16,0.16,467,571.28,255.41,160.54,170.8,327.61,403.46,860.18,0,0,39.9,0,2.95,0.02,22.41,19.3,13.3,7.89,250.15,262
2025-12-18T17:35:00Z,-5.07,0,13.74,0.16,462,567.61,253.55,159.69,279.26,293.33,406.17,823.78,0,0,39.3,0,0.71,0.02,22.17,19.17,13.21,7.85,234.75,215.04
2025-12-18T17:40:00Z,-4.7,0,247.06,0.16,495,561.81,251.13,159.01,49.48,288.72,403.61,787.39,0,0,38.7,0,12.04,0.02,23.75,18.98,13.08,7.81,330.89,205.56
2025-12-18T17:45:00Z,-1.37,0,258.89,0.16,508,568.93,281.33,169.73,2.15,317.39,387.89,750.99,0,0,38.1,0,12.71,0.02,24.38,19.22,14.67,8.34,349.21,230.59
2025-12-18T17:50:00Z,-1.88,0,162.28,0.16,512,574.44,364.04,168.76,50.01,309.62,378.96,714.6,0,0,37.5,0,8.04,0.02,24.57,19.4,19.99,8.29,331.35,229
2025-12-18T17:55:00Z,-4.84,0,289.08,0.16,502,564.96,362.26,165.65,50.14,272.33,359.52,678.21,0,0,36.9,0,14.03,0.02,24.09,19.09,19.7,8.14,383.57,229
2025-12-18T18:00:00Z,-4.8,0,294.69,0.16,506,570.87,378.61,168.47,51.43,263.8,355.46,641.81,0,0,36.3,0,14.38,0.02,24.28,19.28,20.65,8.28,395.4,232.15
2025-12-18T18:05:00Z,-0.53,0,214.94,0.16,509,566.93,400.08,169.38,145.2,268.69,328.82,605.76,0,0,36.03,0,10.62,0.02,24.42,19.15,22.04,8.32,365.28,215.04
2025-12-18T18:10:00Z,-21.84,0,340.11,0.16,526,560.87,378.17,166,68.93,288.78,313.62,569.7,0,0,35.77,0,16.29,0.02,25.24,18.95,20.6,8.16,426.66,215.04
2025-12-18T18:15:00Z,-12.17,0,338.53,0.16,547,574.71,384.33,168.35,86.34,278.55,298.71,533.65,0,0,35.5,0,16.21,0.02,26.25,19.41,20.94,8.27,433.6,240.43
2025-12-18T18:20:00Z,-2.18,0,237.68,0.16,542,576.32,418.75,168.69,237.74,229.74,280.17,497.6,0,0,35.23,0,11.53,0.02,26.01,19.47,23.06,8.29,391.14,262.75
2025-12-18T18:25:00Z,-0.35,0,270.93,0.12,534,562.28,419.69,166.48,318.44,194.75,255.99,461.54,0,0,34.97,0,13.11,0.01,25.62,18.99,23.11,8.18,404.37,277.65
2025-12-18T18:30:00Z,0,0,164.44,0.12,551,579.78,424.72,169.82,427.14,187.36,227.91,425.49,0,0,34.7,0,8.02,0.01,26.44,19.58,23.42,8.35,364.04,313.27
2025-12-18T18:35:00Z,-0.08,0,168.07,0.12,536,586,425.77,167.82,466.08,173.35,212.41,391.95,0,0,34.72,0,8.17,0.01,25.72,19.79,23.49,8.25,367.26,305
2025-12-18T18:40:00Z,0,0,86.85,0.12,588,597.32,530.22,169.45,420.77,161.86,202.02,358.41,0,0,34.73,0,4.24,0.01,28.21,20.17,30.02,8.33,371.21,275.98
2025-12-18T18:45:00Z,-8.81,0,286.21,0.12,582,573.32,534.24,168.15,325.6,151.2,183.05,324.87,0,0,34.75,0,13.98,0.01,27.93,19.37,30.24,8.26,470.07,300.75
2025-12-18T18:50:00Z,-2.97,0,164.16,0.12,589,597.32,536.5,167.19,433.21,148.54,166.86,291.34,0,0,34.77,0,7.99,0.01,28.26,20.17,30.39,8.22,412.81,315.5
2025-12-18T18:55:00Z,-12.82,0,204.28,0.12,580,589.74,536.14,167.71,463.41,165.34,147.33,257.8,0,0,34.78,0,9.92,0.01,27.83,19.92,30.38,8.24,429.53,343.55
2025-12-18T19:00:00Z,-4.07,0,149.65,0.12,591,599.06,538.57,169.25,469.95,198.86,100.05,224.26,0,0,34.8,0,7.41,0.01,28.36,20.23,30.51,8.32,415.72,360.55
2025-12-18T19:05:00Z,-8.39,0,321.01,0.12,576,587.33,535.82,167.22,315.6,199.85,69.59,200.37,0,0,34.48,0,15.84,0.01,27.64,19.84,30.38,8.22,526.61,339.84
2025-12-18T19:10:00Z,-1.1,0,272.78,0.12,580,590.9,582.95,168.17,354.75,175.14,65.97,176.48,0,0,34.17,0,13.88,0.01,27.83,19.96,33.22,8.26,511.43,275.98
2025-12-18T19:15:00Z,0,0,533.29,0.12,585,575.3,596.2,168.64,147.22,152.06,70.49,152.58,0,0,33.85,0,27.62,0.01,28.07,19.43,34.01,8.29,736.21,295.01
2025-12-18T19:20:00Z,-6.92,0,440.19,0.08,579,566.52,595.42,165.42,254.26,137.17,59.31,128.69,0,0,33.53,0,23.22,0.01,27.78,19.14,33.98,8.13,660.77,275.98
2025-12-18T19:25:00Z,-23.02,0,444.32,0.08,583,570.53,600.03,166.2,276.58,123.21,39.35,104.8,0,0,33.22,0,23.43,0.01,27.97,19.27,34.25,8.17,679.83,298.79
2025-12-18T19:30:00Z,-24.72,0,411.67,0.08,579,568.69,626.39,167.3,276.18,133.03,32.03,80.91,0,0,32.9,0,21.64,0.01,27.78,19.21,35.85,8.22,667.21,275.98
2025-12-18T19:35:00Z,-24.37,0,509.59,0.08,583,569.43,626.54,167.21,190.23,123.5,17.45,68.62,0,0,32.65,0,26.8,0.01,27.97,19.24,35.86,8.22,782.1,232.15
2025-12-18T19:40:00Z,-3.58,0,590.84,0.08,589,570.22,613.13,167.91,131.81,117.22,12.02,56.34,0,0,32.4,0,31.12,0.01,28.26,19.26,35.02,8.25,879.67,272.53
2025-12-18T19:45:00Z,-0.71,0,407.44,0.08,579,569.28,630.01,168.55,239.42,124.86,5.9,44.06,0,0,32.15,0,21.75,0.01,27.78,19.23,36.06,8.28,695.04,232.15
2025-12-18T19:50:00Z,-0.36,0,520.77,0.08,584,571.76,595.05,167.24,172.78,118.76,2.81,31.78,0,0,31.9,0,27.92,0.01,28.02,19.32,33.91,8.22,817.59,197.18
2025-12-18T19:55:00Z,-0.25,0,519.68,0.08,584,571.61,520.85,168.72,251.09,115.22,1.54,19.49,0,0,31.65,0,27.67,0.01,28.02,19.31,29.21,8.29,788.35,230
2025-12-18T20:00:00Z,-3.94,0,406.28,0.08,580,569.35,567.14,167.5,255.64,124.48,0.13,7.21,0,0,31.4,0,21.98,0.01,27.83,19.23,32.19,8.23,705.81,208.93
2025-12-18T20:05:00Z,-0.09,0,424.09,0.05,584,573.98,520.18,169.38,234.57,131.75,0.02,6.01,0,0,31.2,0,23.17,0.01,28.02,19.39,29.17,8.32,722.22,247.05
2025-12-18T20:10:00Z,-1.36,0,338.41,0.08,581,567.2,582.84,166.96,201.82,165.29,0.02,4.81,0,0,31,0,17.87,0.01,27.88,19.16,33.17,8.2,660.78,205.43
2025-12-18T20:15:00Z,-0.51,0,439.64,0.05,588,573.32,521.58,168.4,112.47,193.59,0.02,3.61,0,0,30.8,0,23.41,0.01,28.21,19.37,29.25,8.28,756.78,232.15
2025-12-18T20:20:00Z,-4.45,0,309.74,0.08,581,569.5,582.47,168.44,151.35,197.3,0.02,2.4,0,0,30.6,0,16.71,0.01,27.88,19.24,33.14,8.28,651.63,192.95
2025-12-18T20:25:00Z,-1.24,0,203.61,0.05,584,571.54,487.94,168.86,287.2,262.07,0.02,1.2,0,0,30.4,0,11.09,0.01,28.02,19.31,27.2,8.3,522.25,230
2025-12-18T20:30:00Z,-4.01,0,73.55,0.05,578,568.35,551.06,170.66,314.16,274.25,0.02,0,0,0,30.2,0,3.88,0.01,27.73,19.2,31.21,8.39,456.08,230
2025-12-18T20:35:00Z,-3.66,0,133.24,0.05,579,568.45,537.44,171.95,224.24,286.06,0.02,0,0,0,29.97,0,6.9,0.01,27.78,19.2,30.38,8.45,498.86,171.94
2025-12-18T20:40:00Z,-0.26,0,170.5,0.05,586,573.4,431.41,173.51,263.94,322.58,0.02,0,0,0,29.73,0,8.83,0.01,28.12,19.37,23.4,8.53,485.74,198
2025-12-18T20:45:00Z,-1.8,0,153.69,0.05,580,569.28,487.29,171.89,112.05,398.3,0.01,0,0,0,29.5,0,8.06,0.01,27.83,19.23,27.15,8.45,503.24,177.77
2025-12-18T20:50:00Z,-1.85,0,232.79,0.05,583,568.38,441.53,172.81,102.47,375.18,0,0,0,0,29.27,0,12.09,0.01,27.97,19.2,24.11,8.49,548.85,187.24
2025-12-18T20:55:00Z,-0.91,0,88.52,0.05,584,569.85,488.46,172.98,93.41,422.76,0,0,0,0,29.03,0,4.77,0.01,28.02,19.25,27.22,8.5,469.75,184.23
2025-12-18T21:00:00Z,-0.49,0,59.97,0.05,583,570.47,487.15,173.4,114.34,419.68,0,0,0,0,28.8,0,3.22,0.01,27.97,19.27,27.14,8.52,451.83,184.31
2025-12-18T21:05:00Z,-1.01,0,57.41,0.05,581,568.93,487.21,172.5,94.18,427.42,0,0,0,0,28.58,0,3.12,0.01,27.88,19.22,27.14,8.48,453.26,190.56
2025-12-18T21:10:00Z,-1.27,0,159.51,0.05,582,546.89,406.08,170.67,55.96,433.28,0,0,0,0,28.37,0,8.55,0.01,27.93,18.46,21.86,8.39,502.6,187.1
2025-12-18T21:15:00Z,-0.5,0,82.25,0.05,583,543.63,377.99,172.87,95.35,474.31,0,0,0,0,28.15,0,4.5,0.01,27.97,18.35,20.16,8.5,440.63,184.21
2025-12-18T21:20:00Z,-3.7,0,44.45,0.05,581,541.52,361.36,172.72,90.79,510.09,0,0,0,0,27.93,0,2.42,0.01,27.88,18.27,19.07,8.49,413.54,157.97
2025-12-18T21:25:00Z,-0.33,0,13.91,0.05,588,476.19,366.45,173.33,154.46,522.19,0,0,0,0,27.72,0,0.76,0.01,28.21,16.04,19.36,8.52,385.95,181.28
2025-12-18T21:30:00Z,-8.6,0,83.91,0.05,581,406.7,360.34,171.25,88.31,572.22,0,0,0,0,27.5,0,4.64,0.01,27.88,13.62,19.01,8.42,422.96,170.44
2025-12-18T21:35:00Z,-100.17,0,147.9,0.05,581,401.06,361.11,172.85,79.13,583.62,0,0,0,0,27.33,0,8.4,0.01,27.88,13.43,19.05,8.49,480.12,197.74
2025-12-18T21:40:00Z,-1.62,0,55.96,0.01,582,405.08,362.01,172.69,17.83,589.14,0,0,0,0,27.17,0,3.08,0,27.93,13.56,19.1,8.49,418.09,178.37
2025-12-18T21:45:00Z,-0.68,0,4.19,0.01,583,405.75,332.21,173.66,99.32,579.29,0,0,0,0,27,0,0.23,0,27.97,13.59,17.29,8.53,374.21,197.71
2025-12-18T21:50:00Z,-1.15,0,61.95,0.05,583,406.43,336.88,173.31,25.76,565.05,0,0,0,0,26.83,0,3.48,0.01,27.97,13.61,17.58,8.52,421.19,182.77
2025-12-18T21:55:00Z,-1.42,-33.29,0,0.01,583,404.41,335.28,171.22,86.33,579.34,0,0,0,0,26.67,1.04,0,0,27.97,13.54,17.48,8.41,374.83,170.44
2025-12-18T22:00:00Z,-0.86,-1.73,0,0.01,580,376.9,334.88,173.75,83.58,560.08,0,0,0,0,26.5,0.05,0,0,27.83,12.62,17.46,8.54,378.19,170.44
2025-12-18T22:05:00Z,-1.04,0,50.76,0.01,582,365.49,335.13,171.62,31.19,545.25,0,0,0,0,26.45,0,2.87,0,27.93,12.24,17.47,8.43,418.06,202.83
2025-12-18T22:10:00Z,-0.87,-82.01,0,0.01,586,407.1,308.16,173.68,114.67,560.5,0,0,0,0,26.4,2.52,0,0,28.12,13.63,15.89,8.53,369.5,178.27
2025-12-18T22:15:00Z,-0.49,-84.92,0,0.01,582,404.41,297.26,174.09,96,563.15,0,0,0,0,26.35,2.62,0,0,27.93,13.54,15.32,8.56,370.48,139.91
2025-12-18T22:20:00Z,-0.16,-69.39,0,0.01,585,347.37,298.79,173.53,84.72,585.02,0,0,0,0,26.3,2.13,0,0,28.07,11.63,15.4,8.53,368.14,162.01
2025-12-18T22:25:00Z,-1.42,-20.38,0,0.01,584,325.22,295.42,173.62,55.73,578.84,0,0,0,0,26.25,0.63,0,0,28.02,10.89,15.22,8.53,373.84,170.44
2025-12-18T22:30:00Z,-2.07,-9.14,0,0.01,581,354.08,295.97,173.59,12.35,557.6,0,0,0,0,26.2,0.29,0,0,27.88,11.86,15.25,8.53,386.4,144.79
2025-12-18T22:35:00Z,-4.36,0,46.42,0.01,583,325.22,271.08,171.63,4.45,550.77,0,0,0,0,26.13,0,2.65,0,27.97,10.89,13.74,8.43,411.94,173.29
2025-12-18T22:40:00Z,-6.7,-57.3,0,0.01,583,378.91,230.05,171.04,77,553.79,0,0,0,0,26.07,1.74,0,0,27.97,12.69,11.58,8.41,366.28,170.44
2025-12-18T22:45:00Z,-13.16,0,50.55,0.01,584,374.21,200.2,172.84,6.81,541.22,0,0,0,0,26,0,2.9,0,28.02,12.53,10.01,8.49,409.49,138.14
2025-12-18T22:50:00Z,-4.05,0,130.74,0.01,569,325.89,154.7,171.28,23.99,521.79,0,0,0,0,25.93,0,7.49,0,27.3,10.91,7.61,8.42,453.97,141.46
2025-12-18T22:55:00Z,-2.44,0,144.13,0.01,575,326.56,155.29,172.29,2.85,507.25,0,0,0,0,25.87,0,8.26,0,27.59,10.93,7.63,8.47,473.83,145.75
2025-12-18T23:00:00Z,-112.01,0,227.34,0.01,581,327.24,155.71,172.66,21.4,488.59,0,0,0,0,25.8,0,12.96,0,27.88,10.96,7.65,8.48,579.26,138.04
2025-12-18T23:05:00Z,-130.44,0,283.96,0.01,561,323.21,156.13,172.59,9.47,475.86,0,0,0,0,25.7,0,16.42,0,26.92,10.82,7.67,8.48,657.22,138.71
2025-12-18T23:10:00Z,-3.14,0,27.05,0.01,576,326.56,156.11,172.26,92.64,477.94,0,0,0,0,25.6,0,1.65,0,27.64,10.93,7.67,8.47,381.83,257.66
2025-12-18T23:15:00Z,-5.83,-84.31,0,0.01,577,380.92,156.17,172.76,113.97,492.4,0,0,0,0,25.5,2.52,0,0,27.69,12.75,7.68,8.49,359.96,159.15
2025-12-18T23:20:00Z,-23.73,0,84.63,0.01,579,326.56,155.98,173.16,15.67,494.35,0,0,0,0,25.4,0,5.27,0,27.78,10.93,7.67,8.51,441.18,176.72
2025-12-18T23:25:00Z,-37.61,-71.99,0,0.01,576,382.27,156.42,172.03,110.01,507.47,0,0,0,0,25.3,2.14,0,0,27.64,12.8,7.68,8.45,364,140.87
2025-12-18T23:30:00Z,-23.03,0,65.48,0.01,568,324.55,156.08,171.27,0,520.06,0,0,0,0,25.2,0,4.06,0,27.25,10.87,7.67,8.42,423.38,158.94
2025-12-18T23:35:00Z,-26.77,0,65.63,0.01,576,321.87,156.1,171.95,0,509.81,0,0,0,0,25.08,0,4.04,0,27.64,10.78,7.67,8.45,427.77,143.42
2025-12-18T23:40:00Z,-28.97,0,187.8,-0.09,522,325.22,127.56,172.47,0,503.53,0,0,0,0,24.97,0,11.06,0,25.05,10.89,5.93,8.48,513.88,147.25
2025-12-18T23:45:00Z,-20.88,0,230.43,0.01,452,325.89,127.81,174.24,12.85,500.43,0,0,0,0,24.85,0,13.55,0,21.69,10.91,5.94,8.56,542.44,138
2025-12-18T23:50:00Z,-17.8,0,261.76,0.01,401,330.59,128.03,161.93,16.12,503.37,0,0,0,0,24.73,0,15.51,0,19.24,11.07,5.96,7.96,568.26,170.44
2025-12-18T23:55:00Z,-17.86,0,211.35,0.01,326,350.05,127.64,172.66,110.6,499.12,0,0,0,0,24.62,0,12.59,0,15.64,11.72,5.93,8.48,480.84,147.32
2025-12-19T00:00:00Z,-20.38,0,268.85,0.01,264,326.56,127.55,173.45,118.7,502.48,0,0,0,0,24.5,0,15.92,0,12.67,10.93,5.92,8.52,529.28,149.24
2025-12-19T00:05:00Z,-16.56,0,351.08,0.01,200,328.58,129.04,172.73,73.92,510.61,0,0,0,0,24.43,0,20.81,0,9.6,11,6,8.49,640.51,175.43
2025-12-19T00:10:00Z,-8.94,0,343.28,0.01,185,384.95,103.79,173.01,14.82,541.98,0,0,0,0,24.37,0,20.48,0,8.88,12.89,4.67,8.5,632.51,167.1
2025-12-19T00:15:00Z,-7.06,0,296.28,0.01,174,333.95,104.24,173.56,109.67,550.13,0,0,0,0,24.3,0,17.82,0,8.35,11.18,4.69,8.53,531.29,170.44
2025-12-19T00:20:00Z,-8.6,0,260.39,0.01,176,380.25,103.38,174.07,83.97,559.27,0,0,0,0,24.23,0,15.6,0,8.45,12.73,4.65,8.55,496.55,166.57
2025-12-19T00:25:00Z,-7.01,0,313.11,0.01,177,327.91,77.22,174.01,110.6,560.21,0,0,0,0,24.17,0,18.87,0,8.49,10.98,3.27,8.55,543.86,170.44
2025-12-19T00:30:00Z,-5.31,0,390.88,0.01,190,332.6,77.17,174.04,17.65,562.55,0,0,0,0,24.1,0,23.59,0,9.12,11.14,3.27,8.55,697.39,154.08
2025-12-19T00:35:00Z,-5.3,0,424.11,0.01,177,327.91,77.21,172.95,14.69,559.88,0,0,0,0,23.98,0,25.47,0,8.49,10.98,3.27,8.5,756.01,170.44
2025-12-19T00:40:00Z,-1.09,0,443.55,0.01,185,331.26,50.91,173.86,6.71,550.97,0,0,0,0,23.87,0,26.49,0,8.88,11.09,2.16,8.54,803.14,174.17
2025-12-19T00:45:00Z,-26.54,0,446.2,0.01,179,386.29,38.96,174.01,4.21,535.04,0,0,0,0,23.75,0,26.55,0,8.59,12.93,1.65,8.55,827.79,173.7
2025-12-19T00:50:00Z,-7.75,0,420.68,0.01,174,403.74,39.02,172.99,0.1,521.96,0,0,0,0,23.63,0,24.92,0,8.35,13.52,1.65,8.5,773.56,154.84
2025-12-19T00:55:00Z,-1.61,0,471.35,0.01,182,345.35,39,173.71,16.93,499.08,0,0,0,0,23.52,0,27.84,0,8.73,11.56,1.65,8.54,893.75,170.44
2025-12-19T01:00:00Z,-19.83,0,474.29,0,172,372.87,39.06,173.27,0,503.2,0,0,0,0,23.4,0,28.14,0,8.25,12.48,1.66,8.51,924.65,145.71
2025-12-19T01:05:00Z,-3.41,0,498,0.01,179,328.58,39.13,172.4,3.99,499.98,0,0,0,0,23.33,0,29.5,0,8.59,11,1.66,8.47,984.83,158.29
2025-12-19T01:10:00Z,-8.77,0,505.72,0,172,327.91,39.09,173.88,4.87,505.12,0,0,0,0,23.27,0,30.64,0,8.25,10.98,1.66,8.54,1017.58,156.78
2025-12-19T01:15:00Z,-5.58,0,483.21,0,179,327.24,39.08,171.83,3.39,501.88,0,0,0,0,23.2,0,29.19,0,8.59,10.96,1.66,8.44,962.32,138
2025-12-19T01:20:00Z,-3.14,0,560.66,0,173,326.56,39.21,85.71,0.27,517.25,0,0,0,0,23.13,0,33.83,0,8.3,10.93,1.66,4.21,1223.29,156.58
2025-12-19T01:25:00Z,-8.66,0,455.6,0,172,326.56,11.12,174.04,0,545.26,0,0,0,0,23.07,0,27.24,0,8.25,10.93,0.47,8.55,870.13,136.24
2025-12-19T01:30:00Z,-20.67,0,475.49,0,176,327.24,0.11,80.26,8.4,625.37,0,0,0,0,23,0,28.55,0,8.45,10.96,0.01,3.94,863.65,111.99
2025-12-19T01:35:00Z,-6.87,0,418.6,0,175,326.56,0.11,78.07,0.05,673.49,0,0,0,0,23.42,0,25.13,0,8.4,10.93,0.01,3.84,700.26,131.69
2025-12-19T01:40:00Z,-4.37,0,378.95,0,173,326.56,0.1,78.6,0.51,723.53,0,0,0,0,23.83,0,22.59,0,8.3,10.93,0.01,3.86,596.65,99.44
2025-12-19T01:45:00Z,-5.02,0,315.01,-0.1,173,291.67,0.11,167.96,0.32,730.36,0,0,0,0,24.25,0,19,0,8.3,9.77,0.01,8.25,521.33,111.99
2025-12-19T01:50:00Z,-13.64,0,243.74,-0.1,176,328.58,0.11,169.86,7.85,749.73,0,0,0,0,24.67,0,14.7,0,8.45,11,0.01,8.35,434.15,112.75
2025-12-19T01:55:00Z,-4.87,0,206.65,-0.1,177,329.25,0.11,169.45,0.74,763.64,0,0,0,0,25.08,0,12.47,0,8.49,11.02,0.01,8.33,393.87,142.34
2025-12-19T02:00:00Z,-22.78,0,180.33,0,176,327.91,0.11,174.41,9.59,793.91,0,0,0,0,25.5,0,10.78,0,8.45,10.98,0.01,8.57,363.9,94.99
2025-12-19T02:05:00Z,-4.2,0,222.17,0,176,270.19,0.11,169.12,0.16,788.8,0,0,0,0,25.45,0,13.55,0,8.45,9.05,0.01,8.31,400.96,102.74
2025-12-19T02:10:00Z,-4.02,0,260.62,0,184,211.13,0.1,172.98,19.43,779.74,0,0,0,0,25.4,0,15.98,0,8.83,7.07,0.01,8.5,439.52,110.16
2025-12-19T02:15:00Z,-2.81,0,322.86,0,178,155.43,0.11,170.11,14.66,765.85,0,0,0,0,25.35,0,19.63,0,8.54,5.2,0.01,8.36,522.56,117.65
2025-12-19T02:20:00Z,-29.02,0,400.33,0,177,139.33,0.11,172.09,7.28,736.43,0,0,0,0,25.3,0,24.22,0,8.49,4.67,0.01,8.46,685.16,117.63
2025-12-19T02:25:00Z,-0.6,0,357.6,0,182,140,0.11,171.25,10.25,730.09,0,0,0,0,25.25,0,21.59,0,8.73,4.69,0.01,8.42,595.38,130.31
2025-12-19T02:30:00Z,-4.11,0,375.72,0,172,139.33,0.11,169.91,0.14,730.93,0,0,0,0,25.2,0,22.04,0,8.25,4.67,0.01,8.35,624.34,115.66
2025-12-19T02:35:00Z,-0.8,0,388.01,0,175,139.33,0.11,170.72,1.25,711.8,0,0,0,0,25.13,0,22.93,0,8.4,4.67,0.01,8.39,658.17,105.31
2025-12-19T02:40:00Z,-0.31,0,370.71,0,184,140,0.11,173.95,4.85,713.87,0,0,0,0,25.07,0,22.03,0,8.83,4.69,0.01,8.55,625.81,105.8
2025-12-19T02:45:00Z,-1.51,0,346.44,0,178,140,0.11,171.05,11.5,732.74,0,0,0,0,25,0,20.68,0,8.54,4.69,0.01,8.41,573.52,109.18
2025-12-19T02:50:00Z,-3.66,0,371.98,0,173,140,0.11,169.77,0,726.81,0,0,0,0,24.93,0,22.19,0,8.3,4.69,0.01,8.34,626.31,105.32
2025-12-19T02:55:00Z,-0.7,0,364.17,0,175,140,0.11,169.41,3.39,712.27,0,0,0,0,24.87,0,21.68,0,8.4,4.69,0.01,8.33,619.1,105.24
2025-12-19T03:00:00Z,-5.59,0,376.19,0,177,140,0.11,169.6,3.75,699.51,0,0,0,0,24.8,0,22.46,0,8.49,4.69,0.01,8.33,653.09,105.73
2025-12-19T03:05:00Z,-9.25,0,419.52,0,173,140,0.11,172,0.09,666.07,0,0,0,0,24.7,0,24.9,0,8.3,4.69,0.01,8.45,769.83,108.94
2025-12-19T03:10:00Z,-90.49,0,505.25,0,175,139.33,0.11,169.91,1.89,667.59,0,0,0,0,24.6,0,30.07,0,8.4,4.67,0.01,8.35,1107.07,99.44
2025-12-19T03:15:00Z,-1.12,0,412.25,0,178,125.23,0.11,169.25,0.06,663.87,0,0,0,0,24.5,0,24.63,0,8.54,4.19,0.01,8.32,758.16,104.52
2025-12-19T03:20:00Z,-2.28,0,401.71,0,174,137.98,0.11,170.49,0.02,659.44,0,0,0,0,24.4,0,23.89,0,8.35,4.62,0.01,8.38,735.65,99.44
2025-12-19T03:25:00Z,-7.53,0,442.48,0,172,101.07,0.11,170.05,0.14,661.13,0,0,0,0,24.3,0,26.24,0,8.25,3.38,0.01,8.36,847.87,88.61
2025-12-19T03:30:00Z,-1.05,0,408.62,0,184,58.79,0.11,172.88,12.18,693.88,0,0,0,0,24.2,0,25.15,0,8.83,1.97,0.01,8.5,748.93,105.31
2025-12-19T03:35:00Z,-4.85,0,332.3,0,175,117.85,0.11,168.55,0.24,733.61,0,0,0,0,24.17,0,19.93,0,8.4,3.95,0.01,8.28,567.16,86.68
2025-12-19T03:40:00Z,-1.2,0,314.12,0,179,66.18,0.11,170.18,7.2,790.93,0,0,0,0,24.13,0,19.62,0,8.59,2.22,0.01,8.36,518.24,85.51
2025-12-19T03:45:00Z,-7.6,0,322.23,0,172,59.46,0.11,169.63,0,818.7,0,0,0,0,24.1,0,19.46,0,8.25,1.99,0.01,8.34,512.99,85.19
2025-12-19T03:50:00Z,-5.09,0,258.62,0,177,60.14,0.1,169.53,0.48,874.7,0,0,0,0,24.07,0,16.08,0,8.49,2.01,0.01,8.33,411.53,84.1
2025-12-19T03:55:00Z,-13.91,0,182.08,0,175,59.46,0.11,170.17,0,955.14,0,0,0,0,24.03,0,11.3,0,8.4,1.99,0.01,8.36,309.87,82.19
2025-12-19T04:00:00Z,-10.95,0,124.07,0,176,60.14,0.11,170.58,0,1017.09,0,0,0,0,24,0,7.86,0,8.45,2.01,0.01,8.38,248.62,76.45
2025-12-19T04:05:00Z,-11.25,0,9.95,0,175,59.46,0.11,170.47,0,1133.68,0,0,0,0,23.8,0,0.65,0,8.4,1.99,0.01,8.38,153.55,80.73
2025-12-19T04:10:00Z,-0.56,0,7.66,0,177,60.14,0.11,80,0.36,1224.39,0,0,0,0,23.6,0,0.49,0,8.49,2.01,0.01,3.93,116.88,79.08
2025-12-19T04:15:00Z,-0.29,-33.57,0,0,178,60.14,0.11,79.74,6.04,1240.61,0,0,0,0,23.4,0.31,0,0,8.54,2.01,0.01,3.92,111.08,75.59
2025-12-19T04:20:00Z,-0.21,-16.86,0,0,185,60.14,0.11,82.31,9.29,1219.31,0,0,0,0,23.2,0.16,0,0,8.88,2.01,0.01,4.04,115.24,76.9
2025-12-19T04:25:00Z,-0.23,-15.26,0,0,176,60.14,0.11,80.52,5.56,1226.46,0,0,0,0,23,0.14,0,0,8.45,2.01,0.01,3.96,111.76,79.08
2025-12-19T04:30:00Z,-2.87,-3.72,0,0,174,60.14,0.11,78.32,1.25,1224.79,0,0,0,0,22.8,0.03,0,0,8.35,2.01,0.01,3.85,111.1,79.08
2025-12-19T04:35:00Z,-0.63,0,4.09,0,174,60.14,0.11,78.84,2.77,1220.35,0,0,0,0,22.65,0,0.27,0,8.35,2.01,0.01,3.87,113.7,79.14
2025-12-19T04:40:00Z,-0.18,0,2.72,0,181,60.14,0.11,82.26,3.77,1218.13,0,0,0,0,22.5,0,0.18,0,8.69,2.01,0.01,4.04,116.12,79.52
2025-12-19T04:45:00Z,-1.06,0,8.12,0,176,59.46,0.11,79.91,0.47,1237.42,0,0,0,0,22.35,0,0.55,0,8.45,1.99,0.01,3.93,115.93,79.15
2025-12-19T04:50:00Z,-0.87,-30.01,0,0,174,59.46,0.11,78.71,0.21,1269.28,0,0,0,0,22.2,0.27,0,0,8.35,1.99,0.01,3.87,107.9,78.36
2025-12-19T04:55:00Z,-4.55,-24.96,0,0,170,59.46,0.11,80.14,0.03,1278.02,0,0,0,0,22.05,0.22,0,0,8.16,1.99,0.01,3.94,106.83,76.93
2025-12-19T05:00:00Z,-5.37,-87.9,0,0,172,60.14,0.11,78.98,53.18,1284.66,0,0,0,0,21.9,0.75,0,0,8.25,2.01,0.01,3.88,103.36,78.38
2025-12-19T05:05:00Z,-0.08,-61.93,0,0,180,60.14,0.11,81.12,10.61,1301.84,0,0,0,0,21.88,0.56,0,0,8.64,2.01,0.01,3.99,107.56,79.05
2025-12-19T05:10:00Z,-1.77,-165.08,0,0,179,59.46,0.11,81.91,80.57,1343.07,0,0.01,0,0,21.87,1.38,0,0,8.59,1.99,0.01,4.03,100.65,76.55
2025-12-19T05:15:00Z,-2.01,-131.04,0,0,176,58.79,0.11,80.86,55.56,1351.6,0,0.01,0,0,21.85,1.09,0,0,8.45,1.97,0.01,3.97,100.38,76.91
2025-12-19T05:20:00Z,-2.41,-151.76,0,0,174,59.46,0.1,78.69,56.96,1363.2,0,0.01,0,0,21.83,1.25,0,0,8.35,1.99,0.01,3.87,98.6,76.89
2025-12-19T05:25:00Z,-15.33,-123.68,0,0,176,59.46,0.11,79.62,43.86,1357.55,0,0.01,0,0,21.82,1.03,0,0,8.45,1.99,0.01,3.91,101.33,76.79
2025-12-19T05:30:00Z,-11.2,-90.87,0,0,169,60.14,0.11,79.88,3.28,1354.54,0,0.01,0,0,21.8,0.77,0,0,8.11,2.01,0.01,3.93,101.9,76.7
2025-12-19T05:35:00Z,-8.65,-68.74,0,0,171,59.46,0.11,79.29,8.39,1340.58,0.13,2.65,0,0,21.72,0.58,0,0,8.21,1.99,0.01,3.9,102.38,67.43
2025-12-19T05:40:00Z,-5,-107.7,0,0,180,60.14,0.11,81.94,57.58,1318.95,0.52,5.28,0,0,21.63,0.93,0,0,8.64,2.01,0.01,4.03,103.68,73.2
2025-12-19T05:45:00Z,-2.72,-17.89,0,0,174,60.14,0.11,79.53,3.72,1287.2,1.67,7.91,0,0,21.55,0.16,0,0,8.35,2.01,0.01,3.91,106.31,61.65
2025-12-19T05:50:00Z,-2.15,-13.71,0,0,176,60.14,0.1,82.08,11.39,1268.91,2.73,10.54,0,0,21.47,0.12,0,0,8.45,2.01,0.01,4.03,108.08,55.23
2025-12-19T05:55:00Z,-13.1,-133.46,0,0,170,60.14,0.11,78.48,118.33,1300.58,6.15,13.17,0,0,21.38,1.08,0,0,8.16,2.01,0.01,3.86,97.13,56.06
2025-12-19T06:00:00Z,-33.18,-167.29,0,0,176,59.46,0.11,79.1,111.26,1355.35,9.32,15.8,0,0,21.3,1.34,0,0,8.45,1.99,0.01,3.89,97.08,85.08
2025-12-19T06:05:00Z,-37.48,-135.66,0,0,170,59.46,0.11,79.64,120.76,1327.93,19.49,28.85,0,0,21.43,1.07,0,0,8.16,1.99,0.01,3.91,95.49,87.74
2025-12-19T06:10:00Z,-1.69,-90.58,0,0,184,60.14,0.11,11.29,127.24,1287.22,28.44,41.91,0,0,21.57,0.61,0,0,8.83,2.01,0.01,0.55,78.61,88.2
2025-12-19T06:15:00Z,-2.31,-69.41,0,0,174,59.46,0.11,9.46,115.23,1271.88,34.81,54.96,0,0,21.7,0.45,0,0,8.35,1.99,0.01,0.46,75.44,35.78
2025-12-19T06:20:00Z,-1.72,-101.36,0,0,192,59.46,0.11,0,124.41,1268.11,40.61,68.01,0.7,0,21.83,0.67,0,0,9.21,1.99,0.01,0,76.64,87.93
2025-12-19T06:25:00Z,-22.41,-58.9,0,0,167,60.14,0.11,0,114.6,1277.6,50.42,81.06,0,0,21.97,0.35,0,0,8.01,2.01,0.01,0,69.57,87.56
2025-12-19T06:30:00Z,-19.97,-71.58,0,0,166,59.46,0.11,0,113.31,1291.36,61,94.12,0,0,22.1,0.42,0,0,7.97,1.99,0.01,0,67.6,72.01
2025-12-19T06:35:00Z,-15.4,0,33.07,0,167,60.14,0.11,0,1.51,1275.68,62.77,108.82,22.71,0,22.22,0,2.07,0,8.01,2.01,0.01,0,89.23,51.9
2025-12-19T06:40:00Z,-7.58,-13.58,0,0,160,3.76,0.11,0,53.79,1335.68,79.42,123.53,12.11,0,22.33,0.07,0,0,7.68,0.13,0.01,0,53.57,32.29
2025-12-19T06:45:00Z,-2.02,0,4.89,0,172,0,0.11,0,29.94,1324.37,90.08,138.24,27.53,0,22.45,0,0.31,0,8.25,0,0.01,0,58.82,31.31
2025-12-19T06:50:00Z,-69.32,0,52.29,0,188,0,0.28,0,24.43,1323.63,103.05,152.95,0,0,22.57,0,3.28,0,9.02,0,0.02,0,88.48,51.44
2025-12-19T06:55:00Z,-79.09,0,167.71,0,172,0,0.28,0,0.11,1241.69,116.79,167.66,16.45,0,22.68,0,10.4,0,8.25,0,0.02,0,154.33,45.4
2025-12-19T07:00:00Z,-15.26,0,94.28,0,170,0,0.28,0,0.08,1235.27,142.99,182.36,12.95,0,22.8,0,5.83,0,8.16,0,0.02,0,103.67,15.22
2025-12-19T07:05:00Z,-36.74,0,99.7,0,178,0,0.28,0,2.52,1210.37,149.78,203.77,14.86,0,22.98,0,6.03,0,8.54,0,0.02,0,108.87,21.21
2025-12-19T07:10:00Z,-181.56,0,187.91,0,196,0,0.28,0,12.3,1208.83,167.75,225.18,0,0,23.17,0,11.1,0,9.4,0,0.02,0,170.9,35.94
2025-12-19T07:15:00Z,-29.76,0,70.15,0,182,0,0.28,0,0.99,1183.23,191.71,246.59,0,0,23.35,0,4.1,0,8.73,0,0.02,0,90.45,65.73
2025-12-19T07:20:00Z,-59.95,0,91.26,0,175,0,0.28,0,0.11,1156.04,207.89,268.01,0,0,23.53,0,5.16,0,8.4,0,0.02,0,98.38,36.84
2025-12-19T07:25:00Z,0,-38.47,0,0,188,0,0.28,0,11.42,1134.82,285.54,289.42,0,0,23.72,0.21,0,0,9.02,0,0.02,0,56.61,65.73
2025-12-19T07:30:00Z,-40.3,0,44.3,0,181,0,0.28,0,5.19,1112.29,255.69,310.83,0,0,23.9,0,2.51,0,8.69,0,0.02,0,75.59,48.42
2025-12-19T07:35:00Z,-109.82,0,74.65,0,184,0,0.28,0,2.51,1135.75,262.99,339.42,0,0,24.13,0,4.29,0,8.83,0,0.02,0,90.56,66.49
2025-12-19T07:40:00Z,0,-73.08,0,0,185,0,0.28,0,10.2,1150.26,288.77,368.02,0,0,24.37,0.4,0,0,8.88,0,0.02,0,52.86,65.88
2025-12-19T07:45:00Z,0,-108.17,0,0,179,0,0.28,0,5.35,1169.66,292.64,396.61,0,0,24.6,0.57,0,0,8.59,0,0.02,0,49.87,31.31
2025-12-19T07:50:00Z,-45.36,-138.8,0,0,177,0,0.28,0,48.34,1186.25,301.92,425.21,0,0,24.83,0.69,0,0,8.49,0,0.02,0,48.02,58.58
2025-12-19T07:55:00Z,-138.46,-86.4,0,0,192,0,0.28,0,10.41,1223.03,337.91,453.8,0,0,25.07,0.45,0,0,9.21,0,0.02,0,52.88,65.73
2025-12-19T08:00:00Z,-60.54,-161.78,0,0,174,0,0.28,0,0.14,1273.93,338.3,482.4,0,0,25.3,0.76,0,0,8.35,0,0.02,0,44.62,54.05
2025-12-19T08:05:00Z,-89.31,-148.05,0,0,161,0,0.28,0,0.17,1288.09,340.57,510.06,0,0,25.48,0.64,0,0,7.73,0,0.02,0,41.33,23.16
2025-12-19T08:10:00Z,-0.28,-222.96,0,0,129,0,0.28,0,36.05,1256.36,349.36,537.73,17.18,0,25.67,0.78,0,0,6.19,0,0.02,0,31.23,60.08
2025-12-19T08:15:00Z,-120.17,-164.66,0,0,125,0,0.28,0,7.98,1277.83,400.26,565.39,14.65,0,25.85,0.55,0,0,6,0,0.02,0,31.38,41.89
2025-12-19T08:20:00Z,0,-306.16,0,0,127,0,0.28,0,3.97,1312.02,355.54,593.06,0,0,26.03,1.04,0,0,6.09,0,0.02,0,29.19,40.62
2025-12-19T08:25:00Z,-66.2,-275.21,0,0,125,0,0.28,0,3.1,1341.7,364.13,620.72,0,0,26.22,0.9,0,0,6,0,0.02,0,29.04,-11.66
2025-12-19T08:30:00Z,-194.22,0,260.77,0,132,0,0.28,0,3.46,995,286.19,648.39,363.09,89.71,26.4,0,16.34,0,6.33,0,0.02,0,169.07,58.58
2025-12-19T08:35:00Z,-66.82,-198.17,0,0,132,0,0.27,0,4.67,1239.64,372.9,687.06,1.37,0,26.2,0.72,0,0,6.33,0,0.02,0,31.13,72.21
2025-12-19T08:40:00Z,-7.01,-267.18,0,0,97,0,0.28,0,4.61,1301.96,361.29,725.73,0,0,26,0.71,0,0,4.65,0,0.02,0,21.47,101.64
2025-12-19T08:45:00Z,-9.69,-290.47,0,0,89,0,0.28,0,6.82,1299.62,375.79,764.4,3.44,0,25.8,0.7,0,0,4.27,0,0.02,0,19.25,102.82
2025-12-19T08:50:00Z,-1.43,-468.03,0,0,80,0,0.28,0,45.91,1307.53,451.1,803.07,1.89,0,25.6,0.96,0,0,3.84,0,0.02,0,15.69,60.08
2025-12-19T08:55:00Z,-35.02,-395.64,0,0,81,0,0.28,0,2.67,1267.41,434.31,841.74,0,0,25.4,0.87,0,0,3.89,0,0.02,0,16.61,21.21
2025-12-19T09:00:00Z,-68.95,-367.49,0,0,89,0,0.28,0,12.07,1233.99,454.9,880.41,0,0,25.2,0.88,0,0,4.27,0,0.02,0,18.31,0
2025-12-19T09:05:00Z,-58.45,-349.28,0,0,89,0,0.28,0,8.01,1211.4,427.4,915.8,0,0,25.08,0.86,0,0,4.27,0,0.02,0,18.32,21.21
2025-12-19T09:10:00Z,-78.67,-276.82,0,0,82,0,0.28,0,0.65,1205.41,427.23,951.19,0,0,24.97,0.64,0,0,3.93,0,0.02,0,17.22,58.58
2025-12-19T09:15:00Z,-72.47,-255.88,0,0,81,0,0.28,0,0.72,1178.12,395.97,986.58,0,0,24.85,0.6,0,0,3.89,0,0.02,0,17.12,0
2025-12-19T09:20:00Z,-206.11,-115.44,0,0,88,0,0.28,0,2.69,1146.11,401.78,1021.97,0,0,24.73,0.3,0,0,4.22,0,0.02,0,20.23,53.84
2025-12-19T09:25:00Z,-56.31,-249.22,0,0,79,0,0.28,0,0,1093.54,416.1,1057.37,0,0,24.62,0.6,0,0,3.79,0,0.02,0,16.47,77.53
2025-12-19T09:30:00Z,-34.36,-313.97,0,0,84,0,0.28,0,9.07,1075.15,424.29,1092.76,0,0,24.5,0.8,0,0,4.03,0,0.02,0,16.7,21.21
2025-12-19T09:35:00Z,-135.93,-277.73,0,0,88,0,0.28,0,9.02,1059.08,490.99,1106.03,0,0,24.55,0.72,0,0,4.22,0,0.02,0,18.09,-7
2025-12-19T09:40:00Z,-258.89,-14.61,0,0,90,0,0.28,0,2.96,1018.87,428.01,1119.29,7.75,32.92,24.6,0.04,0,0,4.32,0,0.02,0,21.61,21.21
2025-12-19T09:45:00Z,-202.86,-73.01,0,0,85,0,0.28,0,0,994.24,438.2,1132.56,0,0,24.65,0.2,0,0,4.08,0,0.02,0,19.72,117.16
2025-12-19T09:50:00Z,-43.24,-287.25,0,0,80,0,0.28,0,0.32,1001.25,472.59,1145.83,0,0,24.7,0.71,0,0,3.84,0,0.02,0,15.93,21.21
2025-12-19T09:55:00Z,-152.63,-174.6,0,0,80,0,0.28,0,20,994.55,455.09,1159.09,0,0,24.75,0.43,0,0,3.84,0,0.02,0,17.25,-7
2025-12-19T10:00:00Z,-232.89,-8.75,0,0,81,0,0.28,0,5.13,944.75,482.61,1172.36,22.04,18.19,24.8,0.02,0,0,3.89,0,0.02,0,19.06,-7
2025-12-19T10:05:00Z,-225.58,-51.71,0,0,84,0,0.28,0,6.58,957.34,508.99,1185.98,0,6.96,25.1,0.13,0,0,4.03,0,0.02,0,19.06,-7
2025-12-19T10:10:00Z,-237.36,0,0.96,0,85,0,0.28,0,57.18,917.51,494.18,1199.6,49.39,57.88,25.4,0,0.06,0,4.08,0,0.02,0,19.84,-7
2025-12-19T10:15:00Z,-255.21,0,61.52,0,83,0,0.28,0,0,927.54,474.41,1213.21,43.06,48.06,25.7,0,3.83,0,3.98,0,0.02,0,39.47,-7
2025-12-19T10:20:00Z,-365.02,0,89.75,0,85,0,0.28,0,0,982.35,477,1226.83,11.6,36.79,26,0,5.66,0,4.08,0,0.02,0,50.53,-7
2025-12-19T10:25:00Z,-372.47,0,49.1,0,87,0,0.28,0,0,967.7,502.2,1240.45,28.05,49.02,26.3,0,3.13,0,4.17,0,0.02,0,37.01,0
2025-12-19T10:30:00Z,-445.35,-3.61,0,0,89,0,0.28,0,0,992.78,534.46,1254.07,0,4,26.6,0.01,0,0,4.27,0,0.02,0,21.21,-7
2025-12-19T10:35:00Z,-462.44,0,128.63,0,91,0,0.28,0,0,981.89,468.21,1271.22,57.99,56.2,26.53,0,8.42,0,4.37,0,0.02,0,69.16,-7
2025-12-19T10:40:00Z,-446.27,0,182.42,0,85,0,0.28,0,0,926.09,472.98,1288.37,88.37,50.25,26.47,0,12.15,0,4.08,0,0.02,0,90.96,-7
2025-12-19T10:45:00Z,-415.5,0,164.42,0,80,0,0.28,0,0.52,962.31,466.97,1305.52,69.74,63.77,26.4,0,10.8,0,3.84,0,0.02,0,78.7,-7
2025-12-19T10:50:00Z,-364.23,0,189.29,0,93,0,0.28,0,1.85,914.71,431.61,1322.67,113.81,47.9,26.33,0,12.69,0,4.46,0,0.02,0,93.22,-7
2025-12-19T10:55:00Z,-371.16,0,155.26,0,80,0,0.28,0,3.75,972.2,437.33,1339.83,93.99,27.82,26.27,0,10.81,0,3.84,0,0.02,0,76.28,-7
2025-12-19T11:00:00Z,-393.03,0,75.96,0,81,0,0.28,0,4.8,1001.79,502.29,1356.98,31.43,23.24,26.2,0,5.26,0,3.89,0,0.02,0,44.38,-7
2025-12-19T11:05:00Z,-374.24,0,75.08,0,80,0,0.28,0,0.9,1009.55,474.73,1380.95,45.84,55.3,26.3,0,5.19,0,3.84,0,0.02,0,43.5,-7
2025-12-19T11:10:00Z,-306.24,-88.76,0,0,87,0,0.28,0,0.26,1051.37,493.99,1404.91,29.11,19.43,26.4,0.23,0,0,4.17,0,0.02,0,18.01,-7
2025-12-19T11:15:00Z,-336.52,0,5.18,0,84,0,0.28,0,5.16,968.57,461.04,1428.88,104.96,67.72,26.5,0,0.36,0,4.03,0,0.02,0,20.3,-8.5
2025-12-19T11:20:00Z,-211.68,-72.69,0,0,79,0,0.28,0,0,908.53,405.95,1452.85,191.8,106.65,26.6,0.2,0,0,3.79,0,0.02,0,16.91,-15.08
2025-12-19T11:25:00Z,-189.15,0,13.01,0,80,0,0.28,0,3.12,847.53,304.49,1476.81,206.21,195.72,26.7,0,0.88,0,3.84,0,0.02,0,22.65,-15.08
2025-12-19T11:30:00Z,-266.57,0,71.3,0,81,0,0.28,0,3.07,865.87,287.69,1500.78,222.59,194.5,26.8,0,4.77,0,3.89,0,0.02,0,43.39,-20
2025-12-19T11:35:00Z,-239.83,0,178.2,0,85,0,0.27,0,4.86,743.55,282,1529.59,343.56,193.35,26.7,0,11.56,0,4.08,0,0.02,0,84.35,-20
2025-12-19T11:40:00Z,-209.33,0,77.47,0,86,0,0.28,0,37.91,786.32,285.91,1558.4,294.78,191.46,26.6,0,4.78,0,4.13,0,0.02,0,43.39,-20
2025-12-19T11:45:00Z,-296.94,0,117.6,0,83,0,0.28,0,93.25,760.08,290.53,1587.22,344.25,199.6,26.5,0,7.05,0,3.98,0,0.02,0,55.27,-100.81
2025-12-19T11:50:00Z,-131.8,0,110.92,0,83,0,0.28,0,22.61,670.21,282.17,1616.03,432.79,214.85,26.4,0,6.84,0,3.98,0,0.02,0,53.51,-12.5
2025-12-19T11:55:00Z,-40.6,-222.8,0,0,85,0,0.28,0,63.07,804,301.72,1644.84,220.9,188.39,26.3,0.73,0,0,4.08,0,0.02,0,15.34,-7
2025-12-19T12:00:00Z,-103.88,-388.18,0,0,81,0,0.28,0,59.23,933.75,394.03,1673.65,54.17,87.08,26.2,1.03,0,0,3.89,0,0.02,0,13.01,-7
2025-12-19T12:05:00Z,-146.68,-299.69,0,0,80,0,0.28,0,32.94,945.96,394.74,1663.31,103.87,95.57,25.95,0.8,0,0,3.84,0,0.02,0,13.76,-7.25
2025-12-19T12:10:00Z,-169.57,-216.44,0,0,86,0,0.28,0,25.6,909.9,384.94,1652.97,108.47,114.21,25.7,0.64,0,0,4.13,0,0.02,0,15.75,-7
2025-12-19T12:15:00Z,-18.48,-345.71,0,0,85,0,0.28,0,27.73,992.6,411.86,1642.63,37.8,215.77,25.45,0.93,0,0,4.08,0,0.02,0,13.58,-7.25
2025-12-19T12:20:00Z,-168.38,-41.34,0,0,80,0,0.28,0,25.27,924.27,285.79,1632.29,133.43,251.44,25.2,0.12,0,0,3.84,0,0.02,0,16.38,0
2025-12-19T12:25:00Z,-149.32,-171.3,0,0,83,0,0.27,0,7,993.09,327.53,1621.95,2.89,173.54,24.95,0.49,0,0,3.98,0,0.02,0,15.56,-7.25
2025-12-19T12:30:00Z,-141.17,0,18.41,0,85,0,0.28,0,2.56,879.39,285.32,1611.61,132.98,203.06,24.7,0,1.16,0,4.08,0,0.02,0,23.34,-20
2025-12-19T12:35:00Z,-65.4,0,162.97,0,80,0,0.27,0,0.14,827.64,136.87,1594.49,202.87,345.12,24.72,0,10.36,0,3.84,0,0.02,0,70.76,-19.88
2025-12-19T12:40:00Z,-157.84,0,246.23,0,87,0,0.28,0,5.56,837.94,123.3,1577.36,203.73,353.31,24.73,0,16.04,0,4.17,0,0.02,0,109.01,-8.5
2025-12-19T12:45:00Z,-114.8,0,9.23,0,80,0,0.28,0,59.8,900.46,224.16,1560.24,158.43,254.82,24.75,0,0.61,0,3.84,0,0.02,0,19.84,-12.5
2025-12-19T12:50:00Z,-99.43,0,128.06,0.35,85,0,0.28,0,13.51,894.31,140.84,1543.11,214.94,384.51,24.77,0,8.5,0.03,4.08,0,0.02,0,61.88,-15.08
2025-12-19T12:55:00Z,-80.88,0,167.52,0,86,0,0.28,0,10.66,837.88,135.29,1525.98,179.4,388.6,24.78,0,10.84,0,4.13,0,0.02,0,76.62,-19.5
2025-12-19T13:00:00Z,-79.2,0,196.05,0,85,0,0.28,0,2.66,834.2,129.7,1508.86,187.61,434.12,24.8,0,12.6,0,4.08,0,0.02,0,87.67,-20
2025-12-19T13:05:00Z,-87.59,0,271.04,0,85,0,0.28,0,4.79,799.59,126.98,1491.15,259.47,436.27,24.55,0,17.39,0,4.08,0,0.02,0,119.96,-20
2025-12-19T13:10:00Z,-188.1,0,347.28,0,88,0,0.28,0,19.97,793.34,189.71,1473.45,221.97,332.34,24.3,0,22.58,0,4.22,0,0.02,0,158.62,-9.5
2025-12-19T13:15:00Z,-87.85,0,132.54,0,82,0,0.28,0,5.62,875.91,257.7,1455.74,140.64,248.07,24.05,0,8.22,0,3.93,0,0.02,0,59.48,-20
2025-12-19T13:20:00Z,-90.44,0,282.16,0,82,0,0.28,0,0.51,758.03,214.8,1438.04,281.94,217.73,23.8,0,17.28,0,3.93,0,0.02,0,120.16,18.2
2025-12-19T13:25:00Z,-23.99,-249.36,0,0,81,0,0.28,0,35.14,1019.24,399.87,1420.33,8.08,1.56,23.55,0.63,0,0,3.89,0,0.02,0,14.64,0
2025-12-19T13:30:00Z,-83.37,-216.41,0,0,82,0,0.28,0,0.93,1005.59,389.09,1402.63,4.33,0,23.3,0.58,0,0,3.93,0,0.02,0,15.69,-7
2025-12-19T13:35:00Z,-143.02,-53.42,0,0,80,0,0.28,0,0,973.32,323.14,1376.39,98.45,72.03,23.2,0.15,0,0,3.84,0,0.02,0,17.41,-7.79
2025-12-19T13:40:00Z,-177.14,0,99.12,0,80,0,0.28,0,0,874.87,276.81,1350.15,157.57,86.99,23.1,0,5.99,0,3.84,0,0.02,0,51.25,-7.79
2025-12-19T13:45:00Z,-408.07,0,249.85,0,81,0,0.28,0,0.01,932.28,432.54,1323.91,129.33,74.86,23,0,15.37,0,3.89,0,0.02,0,109.54,-7.98
2025-12-19T13:50:00Z,-373.74,0,185.46,0,88,0,0.28,0,4.09,922.45,421.63,1297.67,152.06,62.19,22.9,0,11.43,0,4.22,0,0.02,0,86.46,-11.79
2025-12-19T13:55:00Z,-259.85,0,179.28,0,81,0,12.92,0,0.04,894.36,324.35,1271.43,235.38,177.53,22.8,0,10.75,0,3.89,0,0.79,0,86.3,-11.79
2025-12-19T14:00:00Z,-218.53,0,188.44,0,91,0,13.25,0,26.38,880.57,261.97,1245.19,233.55,197.73,22.7,0,11.38,0,4.37,0,0.81,0,94.08,-7
2025-12-19T14:05:00Z,-361,-6.12,0,0,89,0,13.74,0,4.87,1127.77,306.71,1258.9,52.48,33.07,23.08,0.02,0,0,4.27,0,0.84,0,25.08,9.1
2025-12-19T14:10:00Z,-189.04,-332.99,0,0,83,0,13.99,0,3.66,1216.33,412.92,1272.62,4.75,4,23.47,0.93,0,0,3.98,0,0.85,0,18.89,9.1
2025-12-19T14:15:00Z,-84.5,-453.79,0,0,81,0,13.99,0,0.12,1170.23,341.74,1286.33,6.72,4,23.85,1.34,0,0,3.89,0,0.85,0,17.33,9.1
2025-12-19T14:20:00Z,-161.54,-509.29,0,0,80,0,14.23,0,0.55,1171.62,456.06,1300.04,6.73,4,24.23,1.39,0,0,3.84,0,0.87,0,16.91,9.1
2025-12-19T14:25:00Z,-83.83,-579.63,0,0,82,0,13.74,0,2.51,1099.26,428.18,1313.76,116.03,4,24.62,1.7,0,0,3.93,0,0.84,0,16.19,6.86
2025-12-19T14:30:00Z,-173.22,-497.26,0,0,84,0,5.52,0,1.81,1154.9,418.01,1327.47,88.2,4,25,1.31,0,0,4.03,0,0.34,0,15.84,8.78
2025-12-19T14:35:00Z,-165.12,-665.12,0,0,85,0,5.52,0,7.11,1324.38,343.3,1381.71,7.62,4,25.1,1.66,0,0,4.08,0,0.34,0,14.26,9.1
2025-12-19T14:40:00Z,-106.65,-824.51,0,0,84,16.52,5.28,0,3,1340.21,363.08,1435.96,10.35,4,25.2,2.24,0,0,4.03,0.57,0.32,0,13.9,9.1
2025-12-19T14:45:00Z,-166.15,-742.07,0,0,87,16.8,5.52,0,9.24,1383.96,288.08,1490.21,17.69,4,25.3,2.11,0,0,4.17,0.58,0.34,0,15.08,8.54
2025-12-19T14:50:00Z,-161.17,-828.97,0,0,89,16.9,5.65,0,22.4,1388.17,297.1,1544.45,17.48,4,25.4,2.37,0,0,4.27,0.58,0.35,0,14.31,-7
2025-12-19T14:55:00Z,-281.04,-688.37,0,0,88,16.32,5.65,0,11.84,1367.38,370.15,1598.7,51.1,0,25.5,1.9,0,0,4.22,0.56,0.35,0,15.58,1.1
2025-12-19T15:00:00Z,-274.02,-781.05,0,0,83,16.55,5.4,0,3,1398.64,419.5,1652.95,7.42,1.71,25.6,1.98,0,0,3.98,0.57,0.33,0,13.81,-7
2025-12-19T15:05:00Z,-241.66,-686.21,0,0,84,16.75,5.28,0,0.91,1392.47,365.23,1638.81,42.59,3.73,25.52,1.82,0,0,4.03,0.58,0.32,0,14.52,-7
2025-12-19T15:10:00Z,-203.23,-682.97,0,0,82,20.82,0.28,0,0.13,1371.36,402.95,1624.67,115.39,4,25.43,1.7,0,0,3.93,0.72,0.02,0,13.64,-7.01
2025-12-19T15:15:00Z,-91.28,-763.65,0,0,83,35.1,0.28,0,7.48,1324.79,353.94,1610.53,178.06,4,25.35,2.21,0,0,3.98,1.21,0.02,0,14.1,-7.25
2025-12-19T15:20:00Z,-37.69,-800.32,0,0,85,47.65,0.28,0,79.15,1228.51,372.94,1596.39,309.15,1.66,25.27,2.53,0,0,4.08,1.65,0.02,0,14.97,-7.25
2025-12-19T15:25:00Z,-15.57,-922.41,0,0,86,62.3,0.27,0,83.73,1253.5,427.71,1582.25,335.95,4,25.18,3.04,0,0,4.13,2.15,0.02,0,15.3,-11.66
2025-12-19T15:30:00Z,-84.27,-550.09,0,0,85,78.71,0.28,0,61.56,1069.5,381.63,1568.11,451.19,104.26,25.1,2.24,0,0,4.08,2.72,0.02,0,21.05,-7.25
2025-12-19T15:35:00Z,-102.77,-692.87,0,0,87,96.94,0.28,0,90.9,1215.05,350.9,1544.92,277.23,31.08,25,2.84,0,0,4.17,3.35,0.02,0,21.79,-8.5
2025-12-19T15:40:00Z,-11.88,-660.47,0,0,80,112.75,0.28,0,0.25,1220.26,338.21,1521.72,348.58,2.98,24.9,2.92,0,0,3.84,3.89,0.02,0,22.28,-8.5
2025-12-19T15:45:00Z,-34.86,-595.79,0,0,87,123.71,0.28,0,13.87,1210.28,262.03,1498.53,330.52,4,24.8,2.97,0,0,4.17,4.27,0.02,0,25.7,-7.01
2025-12-19T15:50:00Z,-27.56,-715.11,0,0,87,144.67,0.28,0,37.21,1210.51,360.84,1475.33,235.12,4,24.7,3.57,0,0,4.17,5,0.02,0,26.21,-7.25
2025-12-19T15:55:00Z,-17.62,-666.54,0,0,92,148.6,0.28,0,48.65,1229.54,310.04,1452.14,289.96,4,24.6,3.49,0,0,4.41,5.13,0.02,0,28.09,-7
2025-12-19T16:00:00Z,-61.45,-616.89,0,0,85,148.8,0.28,0,3.2,1324.47,283.56,1428.94,165.53,4,24.5,3.09,0,0,4.08,5.14,0.02,0,28.42,-7
2025-12-19T16:05:00Z,-72.08,-715.44,0,0,80,144.81,0.28,0,0,1341.06,338.84,1395.75,123.25,0.58,24.55,3.33,0,0,3.84,5,0.02,0,26.41,-7
2025-12-19T16:10:00Z,-52.09,-704.07,0,0,118,145.16,0.28,0,37.11,1329.2,302.17,1362.56,155.82,69.72,24.6,3.9,0,0,5.66,5.01,0.02,0,32.11,-7
2025-12-19T16:15:00Z,-144.64,-750.42,0,0,117,143.65,0.28,0,7.14,1388.64,361,0,78.89,0,24.65,3.94,0,0,5.61,4.95,0.02,0,71.08,-7
2025-12-19T16:20:00Z,-112.96,-684,0,0,128,144.69,0.28,0,12.98,1333.92,383.69,0,116.1,54.31,24.7,3.81,0,0,6.14,4.99,0.02,0,73.04,-7
2025-12-19T16:25:00Z,-26.93,-756.6,0,0,128,178.34,0.28,0,14.14,1294.22,366.85,0,163.72,78.61,24.75,4.69,0,0,6.14,6.12,0.02,0,76.02,-7
2025-12-19T16:30:00Z,-45.01,-795.05,0,0,131,178.09,0.28,0,37.41,1307.97,381.37,1229.8,152.14,74.23,24.8,4.85,0,0,6.29,6.11,0.02,0,37.43,-7
2025-12-19T16:35:00Z,-45.12,-685.78,0,0,127,177.82,0.28,0,12.89,1311.47,433.35,1197.28,163.85,82.03,24.62,4.06,0,0,6.09,6.1,0.02,0,38.68,-7
2025-12-19T16:40:00Z,-135.55,-777.88,0,0,122,178.14,0.28,0,0.03,1432.92,447.18,1164.76,73.56,33.79,24.43,4.28,0,0,5.85,6.11,0.02,0,38.04,-7
2025-12-19T16:45:00Z,-143.08,-729.11,0,0,137,204.22,0.28,0,31.05,1393.08,448.21,1132.25,102.85,49.41,24.25,4.47,0,0,6.57,6.98,0.02,0,44.17,-7
2025-12-19T16:50:00Z,-127.07,-710.21,0,0,133,204.43,0.28,0,28.5,1421.81,428.14,1099.73,58.97,8.41,24.07,4.29,0,0,6.38,6.99,0.02,0,44.06,0
2025-12-19T16:55:00Z,-102.12,-849.35,0,0,119,203.88,0.28,0,17.17,1500.13,445.98,1067.21,0,3.24,23.88,4.72,0,0,5.71,6.97,0.02,0,39.88,-2
2025-12-19T17:00:00Z,-104.83,-736.32,0,0,121,214.54,0.28,0,10.17,1472.35,482.68,1034.7,53.31,1.43,23.7,4.21,0,0,5.81,7.33,0.02,0,43.03,-2
2025-12-19T17:05:00Z,-90.24,-682.35,0,0,117,213.69,0.28,0,5.57,1453.92,412.25,995.13,40.7,3.83,23.72,4.01,0,0,5.61,7.3,0.02,0,44.17,-2.1
2025-12-19T17:10:00Z,-5.96,-714.46,0,0,122,214.61,0.28,0,6.26,1397.46,365.35,955.57,65.06,3.79,23.73,4.48,0,0,5.85,7.33,0.02,0,44.72,0
2025-12-19T17:15:00Z,-70.84,-776.28,0,0,125,236.74,0.28,0,25.06,1418.79,474.63,916.01,44.92,3.6,23.75,4.8,0,0,6,8.07,0.02,0,47.47,-7
2025-12-19T17:20:00Z,-7.39,-678.4,0,0,124,236.71,0.28,0,22.76,1351.81,454.8,876.45,76.02,13.32,23.77,4.35,0,0,5.95,8.07,0.02,0,48.85,21.21
2025-12-19T17:25:00Z,-33.55,-706.91,0,0,126,295.06,0.28,0,20.08,1388.48,438.86,836.89,0,0,23.78,5.01,0,0,6.05,10.02,0.02,0,56.2,54.45
2025-12-19T17:30:00Z,-23.44,-745.7,0,0,124,308.7,0.28,0,25.45,1449.96,385.93,797.32,0,0,23.8,5.35,0,0,5.95,10.48,0.02,0,57.38,89.88
2025-12-19T17:35:00Z,-13.84,-713.91,0,0.01,111,302.52,0.28,0,0,1473.1,381.52,764.15,0,0,23.67,4.92,0,0,5.33,10.27,0.02,0,55.73,100.44
2025-12-19T17:40:00Z,-202.23,-656.73,0,0,116,337.55,0.28,0,0.85,1520.45,422.89,730.98,1.89,0,23.53,4.67,0,0,5.57,11.47,0.02,0,65.47,-7
2025-12-19T17:45:00Z,-3.28,-738.33,0,0,127,319.72,0.28,0,44.96,1506.98,342.04,697.8,28.57,22.68,23.4,5.35,0,0,6.09,10.86,0.02,0,60.69,100.44
2025-12-19T17:50:00Z,-109.58,-686.48,0,0,115,357.36,0.28,0,0.08,1506.18,367.96,664.63,0,0,23.27,5.17,0,0,5.52,12.13,0.02,0,67.72,62.25
2025-12-19T17:55:00Z,-53.6,-675.67,0,0,122,331.6,0.28,0,27.62,1461.28,379.23,631.45,0,0,23.13,4.99,0,0,5.85,11.27,0.02,0,65.59,80.05
2025-12-19T18:00:00Z,-8.61,-653.16,0,0,124,333.25,10.58,0,7.96,1434.47,331.87,598.28,0,0,23,5.22,0,0,5.95,11.33,0.65,0,69.99,100.08
2025-12-19T18:05:00Z,-26.58,-593.8,0,0,114,343.48,10.47,0,3.24,1405.4,312.49,558.99,0,0,22.82,4.83,0,0,5.47,11.68,0.64,0,73.16,67.36
2025-12-19T18:10:00Z,-21.74,-526.52,0,0,118,329.31,20.71,0,5.01,1368.6,308.83,519.71,0,0,22.63,4.44,0,0,5.66,11.19,1.27,0,77.42,90.76
2025-12-19T18:15:00Z,-1.1,-404.79,0,0,122,333.13,20.71,0,10.51,1329.31,231.27,480.42,0,0,22.45,3.65,0,0,5.85,11.32,1.27,0,83.73,100.44
2025-12-19T18:20:00Z,-0.61,-358,0,0,114,392.43,28.07,0,4.69,1281.47,211.89,441.14,0,0,22.27,3.61,0,0,5.47,13.32,1.72,0,95.91,87.19
2025-12-19T18:25:00Z,-0.25,-307.77,0,0,117,328.2,27.67,0,71.83,1244,194.19,401.85,0,0,22.08,2.87,0,0,5.61,11.16,1.7,0,90.17,101.1
2025-12-19T18:30:00Z,-0.2,-354.03,0,0.01,124,405.13,27.89,0,10.47,1265.24,188.23,362.56,0,0,21.9,3.75,0,0,5.95,13.75,1.71,0,104.45,127.77
2025-12-19T18:35:00Z,-1.07,-285.59,0,0,114,403.9,27.82,0,4.54,1245.86,165.45,341.22,0,0,21.75,3.04,0,0,5.47,13.71,1.71,0,106.23,138
2025-12-19T18:40:00Z,-3.55,-466.92,0,0.01,115,402.13,27.82,117.95,92.18,1239.68,151.89,319.88,0,0,21.6,5.8,0,0,5.52,13.65,1.71,5.8,125.48,126.2
2025-12-19T18:45:00Z,-0.23,-383.67,0,0,116,402.65,27.77,79.61,13.08,1252.79,131.24,298.53,0,0,21.45,4.71,0,0,5.57,13.67,1.71,3.91,124.71,121.75
2025-12-19T18:50:00Z,-1.68,-326.22,0,0,116,403.48,27.8,78.77,12.19,1220.74,122.67,277.19,0,0,21.3,4.09,0,0,5.57,13.7,1.71,3.87,128.96,124.82
2025-12-19T18:55:00Z,-1.96,-341.63,0,0,116,402.95,27.82,78.28,13.35,1227.8,107.84,255.84,0,0,21.15,4.29,0,0,5.57,13.68,1.71,3.85,130.46,125.44
2025-12-19T19:00:00Z,-2.35,-298.8,0,0,114,402.86,27.76,79.01,21.69,1218.53,90.93,234.5,0,0,21,3.78,0,0,5.47,13.67,1.71,3.88,133.17,106.58
2025-12-19T19:05:00Z,-0.01,-283.28,0,0,124,405.76,21.79,82.22,29.71,1197.86,82.43,215.12,0,0,20.93,3.66,0,0,5.95,13.77,1.34,4.04,137.19,121.24
2025-12-19T19:10:00Z,0,-171.66,0,0,123,359.25,21.1,81.25,21.63,1168.26,67.07,195.75,0,0,20.87,2.18,0,0,5.9,12.22,1.3,3.99,136.53,127.06
2025-12-19T19:15:00Z,-0.01,-183.96,0,0,118,337.24,21.03,80.22,109.32,1134.58,59.75,176.38,0,0,20.8,2.21,0,0,5.66,11.48,1.29,3.94,130.6,121.96
2025-12-19T19:20:00Z,-0.42,-37.58,0,0,116,336.55,21.02,81.45,10.21,1121.74,46.25,157.01,0,0,20.73,0.48,0,0,5.57,11.45,1.29,4,141.44,124
2025-12-19T19:25:00Z,-4.1,-5.35,0,0,114,334.72,10.74,79.59,28.98,1087.58,33.74,137.64,0,0,20.67,0.07,0,0,5.47,11.39,0.66,3.91,141.08,122.72
2025-12-19T19:30:00Z,-3.65,0,58.2,0,113,336.78,10.79,79.16,20.58,1039.12,27.34,118.27,0,0,20.6,0,3.09,0,5.42,11.46,0.66,3.89,174.85,120.68
2025-12-19T19:35:00Z,0,0,35.7,0,124,340.46,10.88,82.95,24.61,1031.67,25.08,103.16,0,0,20.63,0,1.97,0,5.95,11.59,0.67,4.08,170.51,136.36
2025-12-19T19:40:00Z,-4.43,-108.18,0,0,114,341.89,10.31,78.9,190.59,1032.3,16.28,88.05,0,0,20.67,1.31,0,0,5.47,11.64,0.64,3.88,138.51,121.1
2025-12-19T19:45:00Z,-2.33,0,41.02,0,116,342.38,10.33,80.22,76.85,1016.51,8.89,72.94,0,0,20.7,0,2.21,0,5.57,11.66,0.64,3.94,171.46,120.13
2025-12-19T19:50:00Z,-0.82,0,28.33,0,118,342.64,0.28,80.81,96.15,1023.02,5,57.83,0,0,20.73,0,1.55,0,5.66,11.67,0.02,3.97,161.95,118.52
2025-12-19T19:55:00Z,-1.06,0,39.99,0,116,342.53,0.28,79.53,117.75,995.02,1.94,42.72,0,0,20.77,0,2.22,0,5.57,11.66,0.02,3.91,169.53,118.64
2025-12-19T20:00:00Z,-0.3,0,22.13,0,119,344.61,0.28,79.41,196.17,941.96,0.96,27.61,0,0,20.8,0,1.23,0,5.71,11.73,0.02,3.9,160.69,122.6
2025-12-19T20:05:00Z,-0.33,0,131.07,0,117,342.27,0.28,80.29,127.69,897.75,0.21,23.01,0,0,20.82,0,7.36,0,5.61,11.65,0.02,3.95,235.48,121.65
2025-12-19T20:10:00Z,-0.15,0,85.33,0,120,340.68,0.28,79.87,200.4,857.31,0.05,18.4,0,0,20.83,0,4.78,0,5.76,11.6,0.02,3.92,204.34,119.44
2025-12-19T20:15:00Z,0,0,60.61,0,125,342.49,0.28,81.99,244.94,811.72,0.02,13.8,0,0,20.85,0,3.42,0,6,11.66,0.02,4.03,193.27,126.4
2025-12-19T20:20:00Z,-0.19,-31.29,0,0,118,338.72,0.28,79.1,349.01,809.42,0.01,9.2,0,0,20.87,0.39,0,0,5.66,11.53,0.02,3.89,148.61,121.69
2025-12-19T20:25:00Z,0,0,83.88,0,122,340.63,0.28,82.48,214.97,820.24,0.01,4.6,0,0,20.88,0,4.69,0,5.85,11.59,0.02,4.05,209.51,123.09
2025-12-19T20:30:00Z,0,0,96.67,0,124,341.84,0.28,80.61,221.37,803.5,0.01,0,0,0,20.9,0,5.51,0,5.95,11.63,0.02,3.96,220.25,124
2025-12-19T20:35:00Z,-0.36,0,91.27,0,116,338.72,0.28,79.48,226.23,793.34,0.01,0,0,0,20.73,0,5.21,0,5.57,11.53,0.02,3.91,215.21,123.47
2025-12-19T20:40:00Z,0,0,168.68,0,127,343.49,0.28,83.02,177.51,790.44,0.01,0,0,0,20.57,0,9.35,0,6.09,11.69,0.02,4.08,277.04,124
2025-12-19T20:45:00Z,-0.01,0,119.35,0,122,339.26,0.28,82.4,215.91,810.65,0.01,0,0,0,20.4,0,6.7,0,5.85,11.55,0.02,4.05,232.99,108.97
2025-12-19T20:50:00Z,0,0,155.91,0,125,342.07,0.28,83.24,172.74,803.4,0,0,0,0,20.23,0,8.65,0,6,11.64,0.02,4.09,266.1,121.58
2025-12-19T20:55:00Z,0,0,167.06,0,125,342.54,0.28,83.57,168.87,768.85,0,0,0,0,20.07,0,9.53,0,6,11.66,0.02,4.11,284.22,117.48
2025-12-19T21:00:00Z,-0.01,0,155.62,0,121,339.29,0.28,80.05,174.13,780.07,0,0,0,0,19.9,0,8.78,0,5.81,11.55,0.02,3.93,269.64,104.06
2025-12-19T21:05:00Z,0,0,133.86,0,124,341.84,0.28,82.03,176.69,790.88,0,0,0,0,19.78,0,7.6,0,5.95,11.63,0.02,4.03,253.84,119.85
2025-12-19T21:10:00Z,-2.8,0,133.82,0,123,341.17,0.28,81.57,171.9,792.47,0,0,0,0,19.67,0,7.59,0,5.9,11.61,0.02,4.01,254.48,115.04
2025-12-19T21:15:00Z,0,0,78.62,0,128,344.46,0.28,82.89,232.23,788.37,0,0,0,0,19.55,0,4.43,0,6.14,11.72,0.02,4.07,211.4,108.36
2025-12-19T21:20:00Z,0,0,68.54,0,124,341.95,0.28,81.22,258.48,767.24,0,0,0,0,19.43,0,3.66,0,5.95,11.64,0.02,3.99,201.46,123.02
2025-12-19T21:25:00Z,0,0,85.77,0,125,341.85,0.28,82.09,194.52,780.45,0,0,0,0,19.32,0,4.85,0,6,11.64,0.02,4.03,221.4,99.52
2025-12-19T21:30:00Z,0,0,52.93,0,126,295.64,0.28,81.3,280.83,777.31,0,0,0,0,19.2,0,2.91,0,6.05,10.09,0.02,4,183.42,108.89
2025-12-19T21:35:00Z,-0.1,0,171.01,0,118,328.47,0.28,79.62,142.86,763.77,0,0,0,0,19.07,0,9.24,0,5.66,11.19,0.02,3.91,285.47,119.45
2025-12-19T21:40:00Z,-4.91,0,144.54,0,124,341.61,0.28,83.54,138.59,754.67,0,0,0,0,18.93,0,8.23,0,5.95,11.63,0.02,4.11,277.77,118.8
2025-12-19T21:45:00Z,-5.1,0,236.82,0,115,339.25,0.28,78.1,34.72,757.24,0,0,0,0,18.8,0,13.2,0,5.52,11.55,0.02,3.84,378.24,100.6
2025-12-19T21:50:00Z,-5.62,0,210.76,0,121,339.3,0.28,80.72,90.77,727.23,0,0,0,0,18.67,0,11.46,0,5.81,11.55,0.02,3.97,344.36,113.72
2025-12-19T21:55:00Z,-4.95,0,219.02,0,122,341.19,0.28,81.01,78.28,721.14,0,0,0,0,18.53,0,12.18,0,5.85,11.61,0.02,3.98,360.5,115.75
2025-12-19T22:00:00Z,-0.78,0,273.62,0,116,340.12,0.28,79.79,31.41,695.21,0,0,0,0,18.4,0,15.08,0,5.57,11.58,0.02,3.92,439.12,100.03
2025-12-19T22:05:00Z,-1.75,0,227.47,0,118,292.27,0.28,80.19,143.88,680.56,0,0,0,0,18.32,0,12.28,0,5.66,9.98,0.02,3.94,352.29,111.86
2025-12-19T22:10:00Z,0,0,241.64,0,123,324.71,0.28,81.86,82.54,677.45,0,0,0,0,18.23,0,13.39,0,5.9,11.06,0.02,4.02,393.76,124
2025-12-19T22:15:00Z,-0.97,0,132.94,0,119,339.28,0.28,81.7,173.66,691.17,0,0,0,0,18.15,0,7.5,0,5.71,11.55,0.02,4.01,271.87,124
2025-12-19T22:20:00Z,-0.83,0,85.42,0,115,339.23,0.28,79.39,207.8,669.92,0,0,0,0,18.07,0,5.03,0,5.52,11.55,0.02,3.9,235.51,108.36
2025-12-19T22:25:00Z,0,0,137.46,0,119,339.7,0.28,80.84,167.95,661.5,0,0,0,0,17.98,0,8.02,0,5.71,11.56,0.02,3.97,285.34,101.91
2025-12-19T22:30:00Z,-0.3,0,153.6,-0.1,117,340.52,0.28,80.83,167.08,628.23,0,0,0,0,17.9,0,8.9,0,5.61,11.59,0.02,3.97,306.11,123.45
2025-12-19T22:35:00Z,-0.19,0,223.19,-0.1,116,340.35,0.28,80.86,100.19,601.76,0,0,0,0,17.83,0,13.31,0,5.57,11.59,0.02,3.97,406.99,109.46
2025-12-19T22:40:00Z,-0.88,0,220.87,0,116,339.7,0.28,80.14,120.86,592.56,0,0,0,0,17.77,0,13.15,0,5.57,11.56,0.02,3.94,399.79,124
2025-12-19T22:45:00Z,-0.41,0,200.97,0,115,339.88,0.28,78.37,168.12,561.5,0,0,0,0,17.7,0,12.2,0,5.52,11.57,0.02,3.85,374.78,104.42
2025-12-19T22:50:00Z,-0.21,0,145.7,0,123,342.09,0.28,81.8,220.55,543.12,0,0,0,0,17.63,0,8.65,0,5.9,11.64,0.02,4.02,311.48,124
2025-12-19T22:55:00Z,-0.3,0,211.33,0,116,340.3,0.28,80.42,149.31,528.81,0,0,0,0,17.57,0,12.93,0,5.57,11.58,0.02,3.95,407.17,124
2025-12-19T23:00:00Z,-0.64,0,260.78,0,117,340.86,0.28,80.19,73.64,548.49,0,0,0,0,17.5,0,16.07,0,5.61,11.6,0.02,3.94,497.16,119.21
2025-12-19T23:05:00Z,-0.48,0,334.92,0,118,339.8,0.28,79.36,32.45,521.36,0,0,0,0,17.45,0,20.66,0,5.66,11.57,0.02,3.9,663.85,111.15
2025-12-19T23:10:00Z,-0.32,0,282.95,0,117,340.95,0.28,80.6,51.5,541.76,0,0,0,0,17.4,0,17.02,0,5.61,11.61,0.02,3.96,540.34,109.75
2025-12-19T23:15:00Z,-0.64,0,285.59,0,116,341.16,0.28,77.94,67.56,521.49,0,0,0,0,17.35,0,17.05,0,5.57,11.61,0.02,3.83,545.22,129.47
2025-12-19T23:20:00Z,-0.79,0,202.69,0,118,341.43,0.28,79.71,150.09,488.68,0,0,0,0,17.3,0,12.65,0,5.66,11.62,0.02,3.92,417,109.8
2025-12-19T23:25:00Z,-0.56,0,282.15,0,115,341.13,0.28,79,99.4,487.37,0,0,0,0,17.25,0,16.69,0,5.52,11.61,0.02,3.88,539.21,135.52
2025-12-19T23:30:00Z,-2.02,0,362.29,0,115,341.36,0.28,78.52,0.08,475.34,0,0,0,0,17.2,0,22.48,0,5.52,11.62,0.02,3.86,807.67,116.87
2025-12-19T23:35:00Z,0,0,210.94,0,116,340.43,0.28,78.37,166.11,493.17,0,0,0,0,17.18,0,13.14,0,5.57,11.59,0.02,3.85,416.94,112.55
2025-12-19T23:40:00Z,-3.42,0,309.04,0,116,340.59,0.28,78.57,113.78,479.3,0,0,0,0,17.17,0,18.67,0,5.57,11.59,0.02,3.86,583.98,112.34
2025-12-19T23:45:00Z,-0.22,0,214.38,0,116,340.46,0.28,80.6,195.84,481.56,0,0,0,0,17.15,0,13.36,0,5.57,11.59,0.02,3.96,413.89,123.45
2025-12-19T23:50:00Z,-0.24,0,246.52,0,117,341.15,0.28,79.19,159.55,474.18,0,0,0,0,17.13,0,15.6,0,5.61,11.61,0.02,3.89,476.84,133.22
2025-12-19T23:55:00Z,-4.8,0,289.16,0,113,340.46,0.28,79.3,122.69,474.44,0,0,0,0,17.12,0,18.8,0,5.42,11.59,0.02,3.9,570.08,125
2025-12-20T00:00:00Z,-0.15,0,231.77,0,121,340.31,0.28,79.65,176.47,459.63,0,0,0,0,17.1,0,15.44,0,5.81,11.59,0.02,3.91,466.61,133.26
2025-12-20T00:05:00Z,-0.51,0,285.89,0,115,339.84,0.28,80.61,120.86,459.04,0,0,0,0,17.02,0,18.91,0,5.52,11.57,0.02,3.96,578.51,135.35
2025-12-20T00:10:00Z,-4.98,0,368.46,0,94,339.42,0.28,77.55,91.49,452.72,0,0,0,0,16.93,0,23.35,0,4.51,11.56,0.02,3.81,760.89,105.49
2025-12-20T00:15:00Z,-0.15,0,296.29,0,98,341.33,0.28,80.64,172.22,448.98,0,0,0,0,16.85,0,19.03,0,4.7,11.62,0.02,3.96,558.52,117.96
2025-12-20T00:20:00Z,-2.47,0,412.38,0,98,340.28,0.28,79.74,88.23,423.79,0,0,0,0,16.77,0,26.56,0,4.7,11.58,0.02,3.92,912.12,135.03
2025-12-20T00:25:00Z,-1.36,0,485.45,0,98,341.16,0.28,79.74,17.74,418.63,0,0,0,0,16.68,0,31.35,0,4.7,11.61,0.02,3.92,1321.17,121.09
2025-12-20T00:30:00Z,-0.67,0,487.76,0,100,340.49,0.28,80.23,1.43,433.25,0,0,0,0,16.6,0,31.15,0,4.8,11.59,0.02,3.94,1322.67,121.24
2025-12-20T00:35:00Z,-0.21,0,435.99,0,99,341.7,0.28,80.23,40.11,449.96,0,0,0,0,16.57,0,28.22,0,4.75,11.63,0.02,3.94,1013.28,135.1
2025-12-20T00:40:00Z,-0.56,0,524.72,0,59,340.64,0.28,78.81,4.11,447.69,0,0,0,0,16.53,0,33.8,0,2.83,11.6,0.02,3.87,1543.43,120.33
2025-12-20T00:45:00Z,-2.14,0,326.13,0,59,341.68,0.28,80.89,188.84,462.25,0,0,0,0,16.5,0,21.38,0,2.83,11.63,0.02,3.98,594.12,135.8
2025-12-20T00:50:00Z,-2.32,0,476.48,0,57,340.91,0.28,78.58,29.09,465.71,0,0,0,0,16.47,0,30.95,0,2.74,11.61,0.02,3.86,1197.52,122.82
2025-12-20T00:55:00Z,-2.57,0,497.7,0,59,340.16,0.28,79.52,25.7,469.98,0,0,0,0,16.43,0,32.3,0,2.83,11.58,0.02,3.91,1281,124.63
2025-12-20T01:00:00Z,-2.61,0,386.31,0,58,340.81,0.28,79.5,120.9,463.3,0,0,0,0,16.4,0,25.57,0,2.78,11.6,0.02,3.91,781.45,122.88
2025-12-20T01:05:00Z,-3.09,0,437.9,0,60,341.31,0.28,80.63,87.77,456.16,0,0,0,0,16.25,0,28.85,0,2.88,11.62,0.02,3.96,970.7,134.39
2025-12-20T01:10:00Z,-2.27,0,507.53,0,63,340.89,0.27,81.19,1.11,452.74,0,0,0,0,16.1,0,33.75,0,3.02,11.61,0.02,3.99,1463.94,146.76
2025-12-20T01:15:00Z,-3.75,0,325.38,0,78,341.63,0.28,172.58,51.64,456.52,0,0,0,0,15.95,0,21.66,0,3.74,11.63,0.02,8.48,708.15,135.2
2025-12-20T01:20:00Z,-6.27,0,469.73,0,64,341.73,0.28,79.16,23.65,451.79,0,0,0,0,15.8,0,31.19,0,3.07,11.63,0.02,3.89,1233.33,122.23
2025-12-20T01:25:00Z,-3.21,0,486.7,0,59,341.61,0.28,79.53,17.02,455.78,0,0,0,0,15.65,0,32.02,0,2.83,11.63,0.02,3.91,1305.53,111.58
2025-12-20T01:30:00Z,-4.8,0,480.61,0,63,341.43,0.28,79.8,1.29,449.16,0,0,0,0,15.5,0,31.41,0,3.02,11.62,0.02,3.92,1334.69,121.14
2025-12-20T01:35:00Z,-6.5,0,388.5,-0.1,59,341.81,0.28,79.91,92.9,448.39,0,0,0,0,15.58,0,25.51,0,2.83,11.64,0.02,3.93,840.48,124.54
2025-12-20T01:40:00Z,-9.9,0,439.32,0,57,341.26,0.28,78.07,30.75,462.88,0,0,0,0,15.67,0,29.13,0,2.74,11.62,0.02,3.84,1090.31,115.48
2025-12-20T01:45:00Z,-5.39,0,408.23,0,61,341.73,0.28,80.96,75.82,442.73,0,0,0,0,15.75,0,27.09,0,2.93,11.63,0.02,3.98,930.17,138
2025-12-20T01:50:00Z,-6.26,0,446.34,0,57,340.96,0.28,103.41,65.08,403.06,0,0,0,0,15.83,0,29.21,0,2.74,11.61,0.02,5.08,1128.84,107.82
2025-12-20T01:55:00Z,-4.74,0,371.04,0,63,342.92,0.28,82,184.46,375.81,0,0,0,0,15.92,0,24.29,0,3.02,11.67,0.02,4.03,767.71,138
2025-12-20T02:00:00Z,-8.41,0,448.62,0,57,340.99,0.28,147.19,22.68,375.8,0,0,0,0,16,0,29.04,0,2.74,11.61,0.02,7.23,1247.84,106.06
2025-12-20T02:05:00Z,-5.88,0,375.72,0,58,341.83,0.28,80.48,162.38,389.37,0,0,0,0,15.95,0,24.12,0,2.78,11.64,0.02,3.95,784,108.1
2025-12-20T02:10:00Z,-4.59,0,394.81,0,58,342.01,0.28,80.05,97.5,399.69,0,0,0,0,15.9,0,25.86,0,2.78,11.64,0.02,3.93,918.35,116.72
2025-12-20T02:15:00Z,-5.01,0,406.86,0,58,340.66,0.28,81.16,116.33,390.27,0,0,0,0,15.85,0,26.75,0,2.78,11.6,0.02,3.99,942.31,119.66
2025-12-20T02:20:00Z,-7.64,0,456.7,0,57,341.06,0.28,77.88,48.28,394.39,0,0,0,0,15.8,0,30.11,0,2.74,11.61,0.02,3.83,1275.07,119.35
2025-12-20T02:25:00Z,-6.88,0,447.53,0,58,341.68,0.28,79.19,61.1,393.09,0,0,0,0,15.75,0,29.83,0,2.78,11.63,0.02,3.89,1206.52,104.31
2025-12-20T02:30:00Z,-10.82,0,334.38,0,56,342.01,0.28,79.45,147.01,395,0,0,0,0,15.7,0,22.13,0,2.69,11.64,0.02,3.9,718.43,106.47
2025-12-20T02:35:00Z,-5.59,0,361.94,0,60,341.36,0.28,79.96,103.63,398.51,0,0,0,0,15.67,0,24.29,0,2.88,11.62,0.02,3.93,832.35,106.92
2025-12-20T02:40:00Z,-10.56,0,443.12,0,57,341.96,0.28,79.65,35.53,385.1,0,0,0,0,15.63,0,29.71,0,2.74,11.64,0.02,3.91,1292.48,119.43
2025-12-20T02:45:00Z,-12.24,0,501.05,0,40,342.21,0.28,77.44,22.59,381.57,0,0,0,0,15.6,0,33.14,0,1.92,11.65,0.02,3.81,1728.78,88.62
2025-12-20T02:50:00Z,-12.18,0,437.53,0,40,269.69,0.28,79.01,137.4,399.88,0,0,0,0,15.57,0,28.86,0,1.92,9.2,0.02,3.88,1105.01,100.44
2025-12-20T02:55:00Z,-7.46,0,476.08,0,40,240.55,0.28,78.74,118.57,397.12,0,0,0,0,15.53,0,31.45,0,1.92,8.24,0.02,3.87,1393.79,100.44
2025-12-20T03:00:00Z,-7.44,0,367.8,-0.1,40,244.65,0.28,80,212.24,396.94,0,0,0,0,15.5,0,24.42,0,1.92,8.38,0.02,3.93,775.06,107.58
2025-12-20T03:05:00Z,-7.29,0,443.39,-0.1,40,293.49,0.28,79.56,56.58,411.45,0,0,0,0,15.38,0,29.65,0,1.92,10.02,0.02,3.91,1268.6,92.46
2025-12-20T03:10:00Z,-7.23,0,496.64,-0.1,40,236.14,0.28,78.97,50.32,426.58,0,0,0,0,15.27,0,32.81,0,1.92,8.07,0.02,3.88,1706.93,94.67
2025-12-20T03:15:00Z,-5.56,0,467.67,-0.1,40,238.25,0.28,79.32,44.19,449.26,0,0,0,0,15.15,0,30.77,0,1.92,8.16,0.02,3.9,1421.42,89.65
2025-12-20T03:20:00Z,-9.05,0,478.41,-0.1,40,223.35,0.28,78.43,33.44,477.58,0,0,0,0,15.03,0,31.49,0,1.92,7.65,0.02,3.85,1475.04,108.75
2025-12-20T03:25:00Z,-116.24,0,524.43,-0.1,40,289.15,0.27,78.43,43.94,435.59,0,0,0,0,14.92,0,34.81,0,1.92,9.86,0.02,3.85,2455.59,105.43
2025-12-20T03:30:00Z,-10.97,0,389.38,0,40,341.39,0.28,78.52,40.88,430.65,0,0,0,0,14.8,0,25.88,0,1.92,11.62,0.02,3.86,977.93,105.98
2025-12-20T03:35:00Z,-7.85,0,400.26,0,40,341.39,0.28,79.85,49.45,392.22,0,0,0,0,14.7,0,26.63,0,1.92,11.62,0.02,3.92,1069.27,101.71
2025-12-20T03:40:00Z,-116.72,0,551.48,0,40,340.44,0.28,78.58,70.31,374.4,0,0,0,0,14.6,0,36.02,0,1.92,11.59,0.02,3.86,2717.93,108.51
2025-12-20T03:45:00Z,-117.18,0,595.98,0,40,341.24,0.28,78.25,43.5,338.45,0,0,0,0,14.5,0,38.96,0,1.92,11.62,0.02,3.85,5260.85,100.44
2025-12-20T03:50:00Z,-6.48,0,529.28,0,40,328.29,0.28,80.46,48.69,327.6,0,0,0,0,14.4,0,34.63,0,1.92,11.18,0.02,3.95,2142.82,109.9
2025-12-20T03:55:00Z,-8.95,0,506.11,0,40,341.46,0.45,79.07,40.85,321.89,0,0,0,0,14.3,0,33.69,0,1.92,11.62,0.03,3.89,1988.54,111.49
2025-12-20T04:00:00Z,-9.92,0,489.04,0,40,341.2,0.45,78.92,39.85,334.56,0,0,0,0,14.2,0,32.6,0,1.92,11.62,0.03,3.88,1787.07,109.71
2025-12-20T04:05:00Z,-6.91,0,535.42,0,40,341.79,0.45,78.87,12.58,324.01,0,0,0,0,14.13,0,35.71,0,1.92,11.64,0.03,3.88,2498.53,98.93
2025-12-20T04:10:00Z,-6.54,0,519.28,0,53,284.46,0.45,78.42,0.07,373.66,0,0,0,0,14.07,0,34.5,0,2.54,9.72,0.03,3.85,2299.75,90.38
2025-12-20T04:15:00Z,-1.53,0,538.62,0,57,221.94,0.45,79.88,33.52,379.45,0,0,0,0,14,0,35.78,0,2.74,7.6,0.03,3.93,2588.68,100.44
2025-12-20T04:20:00Z,-1.81,0,483.91,0,58,253.34,0.45,79.94,35.37,386.79,0,0,0,0,13.93,0,32.34,0,2.78,8.67,0.03,3.93,1745.94,107.22
2025-12-20T04:25:00Z,-4.8,0,435.13,0,57,305.98,0.45,79.13,38.32,390.21,0,0,0,0,13.87,0,29.54,0,2.74,10.44,0.03,3.89,1297.93,108.68
2025-12-20T04:30:00Z,-0.72,0,426.54,-0.1,58,342.11,0.45,79.16,11.29,397.94,0,0,0,0,13.8,0,29.01,0,2.78,11.65,0.03,3.89,1231.28,110
2025-12-20T04:35:00Z,-0.81,0,378.23,0,57,342.16,0.28,79.3,41.57,399.97,0,0,0,0,13.78,0,26.2,0,2.74,11.65,0.02,3.9,986.68,105.38
2025-12-20T04:40:00Z,-3.6,0,387.63,0,57,342.21,0.28,78.46,51.33,386.37,0,0,0,0,13.77,0,26.59,0,2.74,11.65,0.02,3.86,1026.34,100.24
2025-12-20T04:45:00Z,-3.23,0,284.89,0,56,284.3,0.28,79.79,211.8,382.18,0,0,0,0,13.75,0,19.68,0,2.69,9.71,0.02,3.92,595.22,100.44
2025-12-20T04:50:00Z,-2.67,0,286.05,0,60,276.2,0.28,78.11,203.74,386.64,0,0,0,0,13.73,0,19.85,0,2.88,9.44,0.02,3.84,603.64,130.81
2025-12-20T04:55:00Z,-0.75,0,380.79,0,58,333.23,0.28,79.13,54.29,388.4,0,0,0,0,13.72,0,26.76,0,2.78,11.35,0.02,3.89,1011.01,103.17
2025-12-20T05:00:00Z,-0.18,0,178,0,59,341.63,0.45,79.3,252.29,376.37,0,0,0,0,13.7,0,12.74,0,2.83,11.63,0.03,3.9,401.32,125.76
2025-12-20T05:05:00Z,-0.3,0,190.22,0,58,341.11,0.45,79.36,232.92,380.82,0,0.03,0,0,13.65,0,13.65,0,2.78,11.61,0.03,3.9,425.35,148
2025-12-20T05:10:00Z,-0.28,0,250.29,0,58,341.09,0.45,79.18,160.07,387.73,0,0.06,0,0,13.6,0,17.61,0,2.78,11.61,0.03,3.89,555.64,133.17
2025-12-20T05:15:00Z,-1.46,0,258.39,-0.1,57,340.63,0.45,79.73,154.18,398.96,0,0.09,0,0,13.55,0,18.2,0,2.74,11.6,0.03,3.92,567.7,148
2025-12-20T05:20:00Z,-11.15,0,192.87,0,61,340.59,0.28,79.01,185.12,406.66,0,0.11,0,0,13.5,0,13.75,0,2.93,11.6,0.02,3.88,444.49,124
2025-12-20T05:25:00Z,-4.02,0,219.67,0,60,341.24,0.28,78.29,175.25,399.18,0,0.14,0,0,13.45,0,15.81,0,2.88,11.62,0.02,3.85,493.69,127.78
2025-12-20T05:30:00Z,-2.67,0,264.67,0,58,341.69,0.45,80.84,124.64,407.15,0,0.17,0,0,13.4,0,18.99,0,2.78,11.63,0.03,3.97,602.1,108.82
2025-12-20T05:35:00Z,-2.03,0,271.18,0,57,340.69,0.28,80.66,106.82,418.74,0.31,3.13,0,0,13.43,0,19.74,0,2.74,11.6,0.02,3.96,621.77,103
2025-12-20T05:40:00Z,-0.74,0,157.73,0,57,340.62,0.28,11.35,282.14,426.88,0.32,6.09,0,0,13.47,0,11.64,0,2.74,11.6,0.02,0.56,329.75,113.25
2025-12-20T05:45:00Z,-3.2,0,290.86,-0.1,57,340.72,0.45,9.74,140.99,430.43,2.17,9.05,0,0,13.5,0,21.77,0,2.74,11.6,0.03,0.48,630.94,100.48
2025-12-20T05:50:00Z,-0.45,0,383,-0.1,58,340.92,0.45,0,78.63,426.36,3.65,12.01,0,0,13.53,0,28.64,0,2.78,11.61,0.03,0,963.13,100.44
2025-12-20T05:55:00Z,-2.74,0,492.8,-0.1,57,291.38,0.28,0,45.66,411.04,6.71,14.96,0,0,13.57,0,36.75,0,2.74,9.95,0.02,0,1790.61,85.69
2025-12-20T06:00:00Z,-3.16,0,571.17,-0.1,57,219.35,0.45,0,42.35,392.52,11.58,17.92,0,0,13.6,0,42.35,0,2.74,7.51,0.03,0,3787.29,91.65
2025-12-20T06:05:00Z,-1.27,0,545.21,-0.1,58,205.35,0.45,0,54.62,402.83,16.42,31.89,0,0,13.93,0,40.21,0,2.78,7.03,0.03,0,2693.62,93.79
2025-12-20T06:10:00Z,-0.33,0,503.74,-0.1,60,202.94,0.45,0,85.79,390.47,21.38,45.86,0,0,14.27,0,37.37,0,2.88,6.95,0.03,0,1872.21,99.12
2025-12-20T06:15:00Z,-0.11,0,506.85,-0.1,62,225.97,0.45,0,55.97,380.37,25.47,59.82,0,0,14.6,0,38.51,0,2.98,7.74,0.03,0,1950.97,113.81
2025-12-20T06:20:00Z,-0.3,0,489.16,-0.1,61,266.62,0.45,0,38.53,359,37.64,73.79,0,0,14.93,0,36.7,0,2.93,9.09,0.03,0,1683.2,100.44
2025-12-20T06:25:00Z,-3.43,0,526.24,-0.1,57,271.75,0.45,0,0.02,343.44,43.75,87.76,0,0,15.27,0,38.74,0,2.74,9.25,0.03,0,2219.64,100.44
2025-12-20T06:30:00Z,-3.24,0,550.14,0,60,250.45,0.45,0,0.48,322.1,53.88,101.72,0,0,15.6,0,39.96,0,2.88,8.54,0.03,0,2617.37,198
2025-12-20T06:35:00Z,-1.08,0,433.83,0,58,306.07,0.45,0,35.26,311.13,47.7,125.57,0,0,15.87,0,31.14,0,2.78,10.4,0.03,0,1184.63,232.15
2025-12-20T06:40:00Z,-0.35,0,361.56,0,59,300.76,0.45,0,83.87,315.07,49.45,149.41,0,0,16.13,0,25.87,0,2.83,10.18,0.03,0,783.36,275.98
2025-12-20T06:45:00Z,0,0,350.41,0,63,223.11,0.45,0,130.86,320.34,91.92,173.26,0,0,16.4,0,25.02,0,3.02,7.49,0.03,0,654.16,290.79
2025-12-20T06:50:00Z,-2.29,0,314.95,0,74,196.37,0.45,0,130.86,322.68,103.93,197.11,0,0,16.67,0,22.2,0,3.55,6.58,0.03,0,548.29,563.68
2025-12-20T06:55:00Z,-51.42,0,387.27,7.3,93,227.91,0.45,0,41.29,304.77,126.13,220.95,0,0,16.93,0,27.17,0.91,4.46,7.63,0.03,0,827.38,392
2025-12-20T07:00:00Z,0,0,226.74,6.4,116,231.94,14.68,0,73.67,316.4,138.74,244.8,0,0,17.2,0,15.76,0.8,5.57,7.77,0.9,0,403.32,299.44
2025-12-20T07:05:00Z,-46.25,0,225.88,0,125,216.5,87.17,0,10.23,329.68,153.29,275.59,0,0,17.33,0,15.87,0,6,7.25,5.34,0,446.8,117.31
2025-12-20T07:10:00Z,-6.86,0,259.41,0,105,159.46,69.67,0,2.82,318.4,173.19,306.38,0,0,17.47,0,18.03,0,5.04,5.34,4.25,0,451.14,138.04
2025-12-20T07:15:00Z,-3.26,0,225.67,0,92,159.46,76.32,0,1.57,317.58,189.05,337.17,0,0,17.6,0,16.06,0,4.41,5.34,4.65,0,387.17,65.73
2025-12-20T07:20:00Z,-78.29,0,336.3,0,71,105.1,79.69,0,0.32,286.65,222.65,367.97,0,0,17.73,0,24.19,0,3.41,3.52,4.85,0,600.55,0
2025-12-20T07:25:00Z,-74.32,0,359.78,0,64,60.81,81.23,0,2.47,282.52,235.69,398.76,0,0,17.87,0,25.84,0,3.07,2.04,4.95,0,622.98,-7
2025-12-20T07:30:00Z,-157.69,0,461.35,0,63,60.14,70.5,0,8.77,296.73,250.42,429.55,0,2.96,18,0,33,0,3.02,2.01,4.29,0,906.74,-7
2025-12-20T07:35:00Z,-115.52,0,405.95,0,61,60.14,69.68,0,0,314.27,227.56,467.82,5.25,35.57,18.15,0,29.24,0,2.93,2.01,4.24,0,678.89,-12.5
2025-12-20T07:40:00Z,-73.39,0,519.84,0,57,44.03,20.15,0,0,236.8,208.48,506.09,105.44,74.46,18.3,0,37.54,0,2.74,1.47,1.23,0,1075.88,-20
2025-12-20T07:45:00Z,-58.32,0,488.14,0,64,42.69,21.68,0,12.6,213.78,208.81,544.36,130.74,79.22,18.45,0,35.19,0,3.07,1.43,1.32,0,876.54,-59
2025-12-20T07:50:00Z,-96.25,0,522.38,-0.1,63,42.69,20.93,0,3.85,209.98,223.54,582.63,173.64,119.54,18.6,0,37.45,0,3.02,1.43,1.28,0,981.54,-21
2025-12-20T07:55:00Z,-134.33,0,505.43,-0.1,61,42.02,20.63,0,0.3,225.42,234.92,620.9,171.6,91.37,18.75,0,36.05,0,2.93,1.41,1.26,0,883.95,-59.04
2025-12-20T08:00:00Z,-159.69,0,485.87,0,63,42.02,21.28,0,4.47,242.25,244.6,659.17,206.57,122,18.9,0,35.16,0,3.02,1.41,1.3,0,777.36,-59.04
2025-12-20T08:05:00Z,-180.25,0,483.24,0,60,42.02,20.37,0,2.97,237.46,252.85,698.71,219.95,149.73,19.12,0,34.55,0,2.88,1.41,1.24,0,738.82,-35.85
2025-12-20T08:10:00Z,-201.87,0,463.56,0,62,42.02,21.07,0,20.76,238.99,256.87,738.26,231.53,158.08,19.33,0,33.13,0,2.98,1.41,1.28,0,651.48,-19.88
2025-12-20T08:15:00Z,-296.52,0,496.61,0,62,42.02,20.76,0,0.24,296.69,256.03,777.8,157.45,162.41,19.55,0,36.25,0,2.98,1.41,1.27,0,759.02,-59
2025-12-20T08:20:00Z,-164.18,0,515.31,0,58,42.02,20.08,0,0,234.36,256.25,817.35,205.54,271.92,19.77,0,37.45,0,2.78,1.41,1.22,0,687.21,-11.01
2025-12-20T08:25:00Z,-210.74,0,373.98,0,58,42.02,20.12,0,0,372.86,150.84,856.89,28.55,285.47,19.98,0,26.54,0,2.78,1.41,1.23,0,418.69,-12.5
2025-12-20T08:30:00Z,-187.87,0,434.12,0,62,42.02,20.73,0,12.85,257.71,134.42,896.43,134.24,323.74,20.2,0,30.91,0,2.98,1.41,1.26,0,545.49,-11.66
2025-12-20T08:35:00Z,-67.31,0,405.65,0,63,42.02,21.11,0,8.98,248.92,139.93,936.4,95.88,430.03,20.27,0,29.21,0,3.02,1.41,1.29,0,424.47,-8.5
2025-12-20T08:40:00Z,-128.01,0,290.15,0,42,42.02,28.67,0,17.4,321.05,96.04,976.37,28.38,371.29,20.33,0,20.89,0,2.02,1.41,1.75,0,282.89,-11.66
2025-12-20T08:45:00Z,-74.66,0,384.53,0,44,42.02,29.13,0,14.78,205.26,42.13,1016.34,127.86,458.34,20.4,0,27.57,0,2.11,1.41,1.77,0,422.03,-11.66
2025-12-20T08:50:00Z,-126.95,0,443.34,0,40,42.02,29.09,0,1.22,200.5,43.55,1056.31,97.38,383.76,20.47,0,31.66,0,1.92,1.41,1.77,0,523.57,-11.01
2025-12-20T08:55:00Z,-173.54,0,358.14,0,44,42.02,29.14,0,4.05,268.56,70.78,1096.28,40.44,362.3,20.53,0,25.74,0,2.11,1.41,1.77,0,363.99,-12.5
2025-12-20T09:00:00Z,-125.85,0,432.75,0,42,42.02,29.09,0,1.34,152.25,38.39,1136.24,150.67,435.34,20.6,0,31.22,0,2.02,1.41,1.77,0,495.03,-11.66
2025-12-20T09:05:00Z,-221.67,0,469.71,0,40,37.99,29.19,0,1.35,186.07,55.03,1171.06,74.09,437.61,20.7,0,33.25,0,1.92,1.27,1.78,0,553.08,-11.66
2025-12-20T09:10:00Z,-116.22,0,400.49,0,46,42.02,0.44,0,8.96,132.19,51.58,1205.88,151.11,453.07,20.8,0,28.66,0,2.21,1.41,0.03,0,399.56,-11.66
2025-12-20T09:15:00Z,-226.91,0,444.88,0,42,41.34,0.45,0,1.38,186.43,61.79,1240.7,85.97,448.73,20.9,0,31.88,0,2.02,1.38,0.03,0,469.63,-12.5
2025-12-20T09:20:00Z,-152.09,0,426.37,0,43,42.02,0.45,0,3.15,110.69,48.28,1275.51,172.26,466.49,21,0,30.67,0,2.06,1.41,0.03,0,434.11,-11.01
2025-12-20T09:25:00Z,-208.82,0,443.62,0,40,42.02,0.45,0,1.03,116.27,54.35,1310.33,142.14,456.29,21.1,0,31.73,0,1.92,1.41,0.03,0,461.72,-11.01
2025-12-20T09:30:00Z,-225.7,0,444.48,0,40,42.02,0.45,0,0.98,111.04,54.45,1345.15,132.9,462.84,21.2,0,31.84,0,1.92,1.41,0.03,0,457.18,-15.08
2025-12-20T09:35:00Z,-210.05,0,424.88,0,40,42.02,0.45,0,0,113.48,38.25,1372.08,159.63,453.87,21.32,0,30.29,0,1.92,1.41,0.03,0,415.66,-15.08
2025-12-20T09:40:00Z,-221.27,0,408.28,0,43,42.02,0.45,0,2.34,116.59,36.17,1399.01,168.36,487.4,21.43,0,29.15,0,2.06,1.41,0.03,0,387.88,-20.1
2025-12-20T09:45:00Z,-205.55,0,413.31,0,40,42.02,0.45,0,0.84,91.75,20.41,1425.94,161.82,482.21,21.55,0,29.08,0,1.92,1.41,0.03,0,388.28,-20.1
2025-12-20T09:50:00Z,-219.45,0,411.3,0,40,42.02,0.45,0,0.06,93.64,18.24,1452.88,139.36,493.59,21.67,0,28.66,0,1.92,1.41,0.03,0,377.99,-19.88
2025-12-20T09:55:00Z,-238.27,0,390.4,0,40,42.02,0.45,0,0.02,108.92,27.65,1479.81,143.29,489.49,21.78,0,27.34,0,1.92,1.41,0.03,0,344.16,-19.88
2025-12-20T10:00:00Z,-253.68,0,389.49,0,42,41.34,0.45,0,0,103.57,22.49,1506.74,113.91,498.42,21.9,0,27.73,0,2.02,1.38,0.03,0,348.36,-59.04
2025-12-20T10:05:00Z,-201.93,0,371.8,0,44,42.02,0.45,0,2.37,63.68,12.34,1530.38,127.38,538.37,22.18,0,27.03,0,2.11,1.41,0.03,0,327.2,-59
2025-12-20T10:10:00Z,-206.64,0,420.06,0,40,41.34,0.45,0,0,61.55,7.11,1554.01,124.83,541.37,22.47,0,30.12,0,1.92,1.38,0.03,0,372.52,-41.97
2025-12-20T10:15:00Z,-209.86,0,399.72,0,40,42.02,0.45,0,0.11,61.07,13.39,1577.64,121.65,515.6,22.75,0,28.58,0,1.92,1.41,0.03,0,340.6,-20.1
2025-12-20T10:20:00Z,-246.96,0,378.08,0,41,41.34,0.45,0,0.07,102.95,20.59,1601.28,116.99,515.56,23.03,0,26.89,0,1.97,1.38,0.03,0,307.22,-19.88
2025-12-20T10:25:00Z,-269.22,0,353.85,0,40,41.34,0.45,0,0,125.01,21.53,1624.91,139.54,512.4,23.32,0,24.88,0,1.92,1.38,0.03,0,275.26,-20.1
2025-12-20T10:30:00Z,-284.26,0,374.51,0,41,42.02,0.44,0,0.04,99.12,22.33,1648.55,147.77,476.24,23.6,0,26.32,0,1.97,1.41,0.03,0,298.54,-19.88
2025-12-20T10:35:00Z,-305.92,0,365.95,0,40,42.02,0.45,0,0,117.42,22.74,1665.41,98.23,505.82,23.67,0,25.76,0,1.92,1.41,0.03,0,287.3,-59
2025-12-20T10:40:00Z,-275.37,0,396.96,0,42,41.34,0.45,0,0.05,84.93,9.45,1682.28,167.45,534.67,23.73,0,27.48,0,2.02,1.38,0.03,0,312.18,-41.97
2025-12-20T10:45:00Z,-231.28,0,309.69,0,40,42.02,0.45,0,0,81.88,16.84,1699.14,145.28,533.22,23.8,0,21.33,0,1.92,1.41,0.03,0,221.17,-19.88
2025-12-20T10:50:00Z,-229.98,0,258.66,0,40,42.02,0.45,0,0,125.01,21.54,1716.01,131.65,521.01,23.87,0,17.85,0,1.92,1.41,0.03,0,174.77,-11.01
2025-12-20T10:55:00Z,-193.14,0,157.22,0,43,42.02,0.45,0,0.78,132.97,53.66,1732.87,161.63,489.23,23.93,0,10.79,0,2.06,1.41,0.03,0,103.61,-15.08
2025-12-20T11:00:00Z,-94.1,0,42.51,0,44,42.02,0.45,0,4.78,137.85,41.79,1749.74,180.1,501.37,24,0,2.98,0,2.11,1.41,0.03,0,41.61,-9.5
2025-12-20T11:05:00Z,-71.09,-22.18,0,0,41,42.02,0.45,0,2.17,148.92,61.15,1764.04,138.46,485.49,23.83,0.26,0,0,1.97,1.41,0.03,0,19.23,-15.08
2025-12-20T11:10:00Z,-71.79,0,12.1,0,42,41.34,0.45,0,1.68,152.69,35.64,1778.33,132.32,516.13,23.67,0,0.87,0,2.02,1.38,0.03,0,26.23,-20.1
2025-12-20T11:15:00Z,-43.28,-32.23,0,0,42,42.02,0.45,0,2.27,156.8,23.39,1792.63,179.69,526.03,23.5,0.42,0,0,2.02,1.41,0.03,0,18.37,-11.01
2025-12-20T11:20:00Z,-106.5,0,22.51,0,44,41.34,0.45,0,3.48,157.03,33.17,1806.93,171.04,512.25,23.33,0,1.64,0,2.11,1.38,0.03,0,31.66,-15.08
2025-12-20T11:25:00Z,-71.49,0,19.18,0,46,42.02,0.45,0,8.35,167.95,33.97,1821.22,148.77,514.55,23.17,0,1.36,0,2.21,1.41,0.03,0,29.6,-8.5
2025-12-20T11:30:00Z,-42.74,-190.04,0,0,41,41.34,0.45,0,94.56,199.83,95.74,1835.52,98.76,437.32,23,1.36,0,0,1.97,1.38,0.03,0,11.7,-9.5
2025-12-20T11:35:00Z,-39.17,-87.3,0,0,40,41.34,0.45,0,0,163.31,87.29,1840.31,132.99,465.62,23.15,0.88,0,0,1.92,1.38,0.03,0,14.42,-19.5
2025-12-20T11:40:00Z,-111.26,-11.84,0,0,40,42.02,0.45,0,0,181.34,34.87,1845.1,144.69,525.81,23.3,0.13,0,0,1.92,1.41,0.03,0,19.15,-15.08
2025-12-20T11:45:00Z,-161.72,0,41.03,0,40,42.02,0.45,0,0,177.93,28.79,1849.88,169.58,519.94,23.45,0,2.86,0,1.92,1.41,0.03,0,38.51,-30.01
2025-12-20T11:50:00Z,-130.35,0,40.07,0,42,42.02,0.45,0,0.92,163.25,19.62,1854.67,205.92,520.55,23.6,0,2.86,0,2.02,1.41,0.03,0,38.78,-15.08
2025-12-20T11:55:00Z,-191.29,0,55.56,0,40,42.02,0.44,0,0,158.94,47.05,1859.46,151.82,494.67,23.75,0,3.87,0,1.92,1.41,0.03,0,45.62,-15.08
2025-12-20T12:00:00Z,-194.82,0,74.94,0,40,42.02,0.45,0,0.54,168.49,32.88,1864.25,131.52,510.1,23.9,0,5.31,0,1.92,1.41,0.03,0,55.33,-15.08
2025-12-20T12:05:00Z,-208.1,0,44.13,0,40,41.34,0.45,0,0.01,191.28,29.86,1858.26,137.52,503.46,23.97,0,3.04,0,1.92,1.38,0.03,0,40.09,-59.04
2025-12-20T12:10:00Z,-447.74,0,349.06,0,42,41.34,0.45,0,0.19,169.64,13.8,1852.26,191.92,558.44,24.03,0,24.17,0,2.02,1.38,0.03,0,250.37,-129
2025-12-20T12:15:00Z,-476.24,0,431.6,0,44,42.02,0.45,0,0,135.13,9.02,1846.27,205.09,564.33,24.1,0,29.49,0,2.11,1.41,0.03,0,339.11,-119.67
2025-12-20T12:20:00Z,-375.89,0,351.34,0,43,42.02,0.45,0,0,119.31,7.51,1840.27,202.79,562.06,24.17,0,24.2,0,2.06,1.41,0.03,0,250.84,-92.01
2025-12-20T12:25:00Z,-401.72,0,388.46,0,40,42.02,0.45,0,0,124.91,0.82,1834.28,231.36,559.9,24.23,0,27.84,0,1.92,1.41,0.03,0,298.93,-59.04
2025-12-20T12:30:00Z,-376.32,0,308.48,0,44,42.02,0.45,0,0.24,145.6,6.27,1828.29,203.79,559.18,24.3,0,21.47,0,2.11,1.41,0.03,0,217.26,-59.04
2025-12-20T12:35:00Z,-439.81,0,367.42,0,43,41.34,0.45,0,0.26,141.49,7.29,1823.99,216.46,541.84,24.32,0,25.75,0,2.06,1.38,0.03,0,280.51,-59.04
2025-12-20T12:40:00Z,-458.38,0,424.16,0,43,42.02,0.45,0,0,125.54,6.84,1819.7,181.75,551.76,24.33,0,29.12,0,2.06,1.41,0.03,0,338.96,-59.04
2025-12-20T12:45:00Z,-390.53,0,323.38,0,42,41.34,0.45,0,0.2,143.66,6.62,1815.41,212.19,563,24.35,0,22.21,0,2.02,1.38,0.03,0,230.34,-68.71
2025-12-20T12:50:00Z,-354.06,0,277.68,0,44,42.02,0.45,0,13.78,135.83,5.39,1811.11,175.54,548.18,24.37,0,19.47,0,2.11,1.41,0.03,0,194.45,-95.07
2025-12-20T12:55:00Z,-374.07,0,339.62,0,42,41.34,0.45,0,0.06,125.52,1.8,1806.82,201.99,532.26,24.38,0,23.47,0,2.02,1.38,0.03,0,247.49,-119.67
2025-12-20T13:00:00Z,-364.34,0,411.51,0,40,42.02,0.45,0,0,79.84,0.74,1802.53,269.78,507.82,24.4,0,28.68,0,1.92,1.41,0.03,0,323.16,-95.07
2025-12-20T13:05:00Z,-360.17,0,389.08,0,40,42.02,0.45,0,0.02,86.3,0.7,1798.55,173.66,488.57,24.45,0,26.31,0,1.92,1.41,0.03,0,292.08,-59.04
2025-12-20T13:10:00Z,-312.1,0,274.1,0,45,41.34,0.45,0,28.74,102.92,8.09,1794.58,155.78,496.99,24.5,0,19.48,0,2.16,1.38,0.03,0,192.82,-59.04
2025-12-20T13:15:00Z,-276.41,0,257,0,45,42.02,0.45,0,14.01,94.4,8.5,1790.61,162.53,502.29,24.55,0,18.17,0,2.16,1.41,0.03,0,178.7,-59.04
2025-12-20T13:20:00Z,-318.26,0,259.76,0,46,42.02,0.45,0,46.27,91.86,8.61,1786.63,140.52,515.81,24.6,0,18.37,0,2.21,1.41,0.03,0,183.01,-59.04
2025-12-20T13:25:00Z,-266.19,0,233.81,0,45,42.02,0.45,0,36.54,92.67,8.4,1782.66,182.93,478.77,24.65,0,16.45,0,2.16,1.41,0.03,0,159.53,-100
2025-12-20T13:30:00Z,-223.69,0,283.07,0,39,42.02,0.45,0,0.04,89.27,1.39,1778.69,166.95,466.76,24.7,0,19.97,0,1.87,1.41,0.03,0,193.43,-155.84
2025-12-20T13:35:00Z,-222.08,0,332.31,0,42,42.02,0.45,0,3.85,61.75,1.92,1766.79,225.41,557.36,24.67,0,22.9,0,2.02,1.41,0.03,0,231.77,-155.84
2025-12-20T13:40:00Z,-217.88,0,289.71,0,44,42.02,0.45,0,6.96,96,2.86,1754.9,239.55,565.07,24.63,0,20.75,0,2.11,1.41,0.03,0,202.57,-179.67
2025-12-20T13:45:00Z,-225.11,0,285.74,0,44,42.02,0.44,0,46.01,87.86,2.81,1743,229.32,561.47,24.6,0,21.06,0,2.11,1.41,0.03,0,202.89,-129
2025-12-20T13:50:00Z,-206.64,0,282.29,0,41,42.02,0.45,0,15.23,90.05,0.84,1731.11,229.35,543.89,24.57,0,20.89,0,1.97,1.41,0.03,0,203.64,-129
2025-12-20T13:55:00Z,-216.51,0,318.79,0,44,42.02,0.28,0,3.69,73.92,2.54,1719.21,275.17,542.72,24.53,0,23.29,0,2.11,1.41,0.02,0,238.45,-155.84
2025-12-20T14:00:00Z,-250.03,0,384.28,0,40,42.02,0.45,0,0,80.23,0.6,1707.32,298.82,545.5,24.5,0,27.75,0,1.92,1.41,0.03,0,301.9,-155.84
2025-12-20T14:05:00Z,-239.38,0,360.24,0,40,42.02,0.45,0,0,95.17,0.73,1698.26,303.35,557.85,24.43,0,25.51,0,1.92,1.41,0.03,0,271.28,-218.14
2025-12-20T14:10:00Z,-209.14,0,404.2,0,41,42.02,0.45,0,0.72,63.1,1.24,1689.21,463.34,557.58,24.37,0,28.73,0,1.97,1.41,0.03,0,314.98,-179.67
2025-12-20T14:15:00Z,-148.38,0,247.07,0,44,42.02,0.28,0,39.5,94.08,2.36,1680.15,409.45,548.29,24.3,0,17.77,0,2.11,1.41,0.02,0,169.66,-36.69
2025-12-20T14:20:00Z,-138.92,0,169.23,0,40,42.02,0.28,0,65.42,102.15,8.98,1671.1,322.84,529.48,24.23,0,11.65,0,1.92,1.41,0.02,0,110.98,-36.23
2025-12-20T14:25:00Z,-54.29,0,77.55,0,40,41.34,0.28,0,0,194.49,13.49,1662.05,326.72,430.35,24.17,0,5.34,0,1.92,1.38,0.02,0,57.14,-10.05
2025-12-20T14:30:00Z,-16.85,-85.94,0,0,46,42.02,0.28,0,38.56,242.02,41.28,1652.99,316.91,409.62,24.1,0.76,0,0,2.21,1.41,0.02,0,17.58,-8.5
2025-12-20T14:35:00Z,-159.18,-53.03,0,0,43,41.34,0.28,0,25.94,321.93,81.7,1641.07,277.44,409.25,24.18,0.36,0,0,2.06,1.38,0.02,0,19.2,-8.5
2025-12-20T14:40:00Z,-148.66,-80.02,0,0,45,42.02,0.28,0,36.54,332.92,89.72,1629.14,371.38,451.61,24.27,0.53,0,0,2.16,1.41,0.02,0,18.86,-9.5
2025-12-20T14:45:00Z,-152.49,-114.48,0,0,41,42.02,0.45,0,25.3,393.6,65.87,1617.21,387.36,476.55,24.35,0.69,0,0,1.97,1.41,0.03,0,17.01,-15.08
2025-12-20T14:50:00Z,-217.53,-124.44,0,0,41,42.02,0.45,0,90.64,435.7,33.78,1605.28,384.16,503.98,24.43,0.66,0,0,1.97,1.41,0.03,0,17.29,-119.67
2025-12-20T14:55:00Z,-49.81,0,34.37,0,41,42.02,0.28,0,14.24,281.7,12.66,1593.36,541.89,548.29,24.52,0,2.38,0,1.97,1.41,0.02,0,36.44,-41.97
2025-12-20T15:00:00Z,-112.87,0,33.89,0,40,42.02,0.28,0,13.17,388.65,12.71,1581.43,478.06,545.78,24.6,0,2.31,0,1.92,1.41,0.02,0,35.15,-21
2025-12-20T15:05:00Z,-131.21,-57.27,0,0,45,42.02,0.45,0,103.86,454.94,20.7,1572.06,456.17,472.05,24.67,0.31,0,0,2.16,1.41,0.03,0,19.25,-223.55
2025-12-20T15:10:00Z,-106.75,0,199.56,0,45,42.02,0.45,0,29.37,265.06,8.22,1562.69,652.32,502,24.73,0,13.46,0,2.16,1.41,0.03,0,124.3,-200
2025-12-20T15:15:00Z,-175.45,0,265,0,40,42.02,0.28,0,6.76,229.18,3.04,1553.32,658.2,523.66,24.8,0,17.37,0,1.92,1.41,0.02,0,173.35,-225.13
2025-12-20T15:20:00Z,-167.01,0,304.17,0,45,42.02,0.45,0,8.64,221.55,5.03,1543.95,764.09,492.36,24.87,0,20.3,0,2.16,1.41,0.03,0,205.47,-229.49
2025-12-20T15:25:00Z,-111.21,0,299.24,0,41,42.02,0.45,0,0.48,211.93,1.02,1534.58,747.34,542.58,24.93,0,19.75,0,1.97,1.41,0.03,0,195.51,-227.32
2025-12-20T15:30:00Z,-142.31,0,333.39,0,44,42.02,0.28,0,44.48,186.26,2.93,1525.2,740.67,544.22,25,0,22.13,0,2.11,1.41,0.02,0,224.89,-200
2025-12-20T15:35:00Z,-166.76,0,451.74,0,42,42.02,0.45,0,1.61,163.29,1.95,1507.2,782.23,535.84,25.07,0,29.85,0,2.02,1.41,0.03,0,350.56,-200
2025-12-20T15:40:00Z,-125.72,0,454.37,0,43,42.02,0.45,0,25.35,143.33,1.67,1489.2,750.01,530.93,25.13,0,30.48,0,2.06,1.41,0.03,0,350.01,-225.5
2025-12-20T15:45:00Z,-11.4,0,325.58,0,44,42.02,0.45,0,21.17,133.83,2.59,1471.2,806.07,539.64,25.2,0,21.85,0,2.11,1.41,0.03,0,221.15,-31.29
2025-12-20T15:50:00Z,-24.88,0,43.32,0,46,42.02,0.28,0,164.84,306.46,12.83,1453.2,602.71,526.84,25.27,0,2.97,0,2.21,1.41,0.02,0,40.47,-36.32
2025-12-20T15:55:00Z,-14.1,0,103.54,0,45,42.02,0.44,0,86.73,356.43,11.87,1435.2,519.68,522.38,25.33,0,6.81,0,2.16,1.41,0.03,0,67.13,-20.03
2025-12-20T16:00:00Z,-58.64,0,255.76,0,43,42.02,0.45,0,3.32,383.67,22.66,1417.19,478.39,498.54,25.4,0,17.17,0,2.06,1.41,0.03,0,155.25,-20
2025-12-20T16:05:00Z,-190,0,349.04,0,42,42.02,0.45,0,21.96,417.04,22.31,1387.42,493.39,425.71,25.4,0,22.7,0,2.02,1.41,0.03,0,225.1,-70.24
2025-12-20T16:10:00Z,-53.75,0,354.03,0,54,42.02,0.45,0,0,351.19,6.11,1357.65,525.12,497.56,25.4,0,22.83,0,2.59,1.41,0.03,0,229.66,-31.29
2025-12-20T16:15:00Z,-25,0,252.86,0,60,42.02,0.45,0,0.11,351.82,13.57,1327.89,505.4,430.95,25.4,0,15.96,0,2.88,1.41,0.03,0,160.3,-20
2025-12-20T16:20:00Z,-7.15,0,205.66,0,61,42.02,0.45,0,9.9,404.52,23.03,1298.12,481.62,393.9,25.4,0,13.12,0,2.93,1.41,0.03,0,129.04,-7.25
2025-12-20T16:25:00Z,-6.47,0,107.28,0,67,42.02,0.28,0,9.3,472.98,77.94,1268.35,317.43,306.2,25.4,0,6.9,0,3.21,1.41,0.02,0,75.92,-1
2025-12-20T16:30:00Z,-8.57,-143.49,0,0,60,42.02,0.28,0,0.22,631.76,155.21,1238.58,142.52,270.54,25.4,0.69,0,0,2.88,1.41,0.02,0,21.93,-1
2025-12-20T16:35:00Z,-22.63,-211.72,0,0,62,42.02,0.45,0,63.75,686.72,148.75,1199.58,127.67,251.76,25.55,0.93,0,0,2.98,1.41,0.03,0,21.23,-5.28
2025-12-20T16:40:00Z,-9.68,0,21.11,0,68,42.69,0.28,0,11.78,592.07,104.05,1160.59,181.01,253.55,25.7,0,1.38,0,3.26,1.43,0.02,0,37.49,6.33
2025-12-20T16:45:00Z,0,-55.6,0,0,70,42.02,0.27,0,41.51,646.21,119.3,1121.6,22.69,251.03,25.85,0.29,0,0,3.36,1.41,0.02,0,27.17,7.71
2025-12-20T16:50:00Z,-9.19,-52.14,0,0,63,42.02,0.28,0,99.28,701.59,130.14,1082.6,7.47,237.04,26,0.22,0,0,3.02,1.41,0.02,0,24.64,13.63
2025-12-20T16:55:00Z,-0.1,-124,0,0,65,42.02,0.28,0,143.98,717.66,143.63,1043.61,7.09,220.27,26.15,0.51,0,0,3.12,1.41,0.02,0,23.85,8.71
2025-12-20T17:00:00Z,-0.04,0,46.85,0,69,42.02,0.28,0,46.32,694.17,133.62,1004.62,6.35,242.76,26.3,0,2.92,0,3.31,1.41,0.02,0,47.31,12.97
2025-12-20T17:05:00Z,-131.75,0,146.37,0,61,42.02,0.28,0,12.04,690.8,182.39,971.11,9.94,247.21,26.35,0,9.27,0,2.93,1.41,0.02,0,97.21,8.43
2025-12-20T17:10:00Z,-11.29,0,104.1,0,62,42.02,0.28,0,11.56,712.49,142.62,937.6,0,219.13,26.4,0,6.71,0,2.98,1.41,0.02,0,74.38,38.5
2025-12-20T17:15:00Z,-1.55,0,10.81,0,63,42.02,0.28,0,26.06,697.87,266.06,904.09,0,219.95,26.45,0,0.71,0,3.02,1.41,0.02,0,31.17,19.29
2025-12-20T17:20:00Z,-0.59,-15.59,0,0,64,42.02,0.28,0,58.34,702.87,264.7,870.58,0,210.13,26.5,0.06,0,0,3.07,1.41,0.02,0,26.79,11.9
2025-12-20T17:25:00Z,-1.18,-49.6,0,0,62,42.69,0.28,0,12.59,727.3,181.22,837.08,0,109.42,26.55,0.21,0,0,2.98,1.43,0.02,0,27.87,25
2025-12-20T17:30:00Z,-1.23,0,1.86,0,64,42.69,0.28,0,32.41,709.3,286.58,803.57,0,110,26.6,0,0.13,0,3.07,1.43,0.02,0,28.8,61.64
2025-12-20T17:35:00Z,-1.4,0,119.32,0,60,42.02,0.28,0,1.47,750.59,247.66,762.65,0,110,26.23,0,8.05,0,2.88,1.41,0.02,0,85.04,58.26
2025-12-20T17:40:00Z,-51.04,0,58.68,0,61,59.46,0.28,0,3.65,789.37,231.64,721.73,0,0,25.87,0,3.98,0,2.93,1.99,0.02,0,60.9,36.06
2025-12-20T17:45:00Z,-27.09,-34.66,0,0,65,59.46,0.28,0,19.99,811.03,321.9,680.81,0,0,25.5,0.14,0,0,3.12,1.99,0.02,0,31.57,18.93
2025-12-20T17:50:00Z,-25.05,0,30.86,0,60,59.46,0.28,0,1.04,844.6,347.81,639.89,0,0,25.13,0,2.09,0,2.88,1.99,0.02,0,44.14,72.14
2025-12-20T17:55:00Z,-2.72,0,35.06,0,64,59.46,0.27,0,9.95,888.09,322.85,598.97,0,0,24.77,0,2.39,0,3.07,1.99,0.02,0,47.04,73.35
2025-12-20T18:00:00Z,-0.23,0,140.83,0,65,60.14,0.27,0,31.48,783.1,330.88,558.05,0,0,24.4,0,9.52,0,3.12,2.01,0.02,0,104.3,138
2025-12-20T18:05:00Z,-0.9,0,49.39,0,71,110.47,0.28,19.09,50.69,770.67,397.17,508.68,0,0,24.12,0,3.15,0,3.41,3.7,0.02,0.94,71.66,120.8
2025-12-20T18:10:00Z,-0.02,0,70.04,0,63,162.14,0.28,79.67,30.25,732.68,373.69,459.31,0,0,23.83,0,4.63,0,3.02,5.43,0.02,3.92,111.51,-2.1
2025-12-20T18:15:00Z,-0.76,0,400.64,0,60,111.81,0.28,8.71,11.8,644.74,312.21,409.94,30.42,0,23.55,0,28.13,0,2.88,3.74,0.02,0.43,364.79,81.92
2025-12-20T18:20:00Z,0,0,469.37,0,65,59.46,0.28,82.81,44.88,551.04,311.53,360.57,0,0,23.27,0,32.09,0,3.12,1.99,0.02,4.07,492.38,153.63
2025-12-20T18:25:00Z,-0.43,0,309.45,0,77,111.81,0.28,164.28,121.4,522.35,283.72,311.2,0,0,22.98,0,19.62,0,3.69,3.74,0.02,8.07,328.94,161.83
2025-12-20T18:30:00Z,-7.01,0,262.01,0,96,159.46,0.28,172.52,121.84,509.76,253.5,261.83,0,0,22.7,0,16.43,0,4.61,5.34,0.02,8.48,320.35,148.46
2025-12-20T18:35:00Z,-0.03,0,280.65,0,118,160.13,0.28,175.51,108.37,509.34,233.32,233.99,0,0,22.77,0,18.18,0,5.66,5.36,0.02,8.62,360.92,153.75
2025-12-20T18:40:00Z,-2.64,0,266.64,0,134,159.46,0.28,172.76,163.87,488.95,211.21,206.14,0,0,22.83,0,16.73,0,6.43,5.34,0.02,8.49,350.36,148.98
2025-12-20T18:45:00Z,-1.61,0,268.4,0,156,160.13,0.28,174.23,213.84,444.09,187.81,178.29,0,0,22.9,0,17.01,0,7.49,5.36,0.02,8.56,370.62,148
2025-12-20T18:50:00Z,-2.98,0,380.81,0,173,158.12,0.26,172.08,115.63,434.34,169.87,150.44,0,0,22.97,0,23.32,0,8.3,5.29,0.02,8.46,550.24,138
2025-12-20T18:55:00Z,-0.12,0,392.69,0,161,159.46,77.63,122.73,186.23,403.31,154.24,122.59,0,0,23.03,0,23.84,0,7.73,5.34,3.29,6.03,557.89,156.18
2025-12-20T19:00:00Z,-8.38,0,405,0,169,158.12,80.15,171.62,134.37,367.86,126.03,94.74,0,0,23.1,0,24.16,0,8.11,5.29,3.4,8.43,667.12,138.04
2025-12-20T19:05:00Z,-0.01,0,449.01,0,180,161.47,79.91,175.77,119.25,367.44,94.55,87.83,0,0,23.17,0,26.93,0,8.64,5.41,3.39,8.64,778.19,153.73
2025-12-20T19:10:00Z,-5.79,0,424.38,0,185,156.77,79.87,173.95,138.78,369.89,71.78,80.92,0,0,23.23,0,24.6,0,8.88,5.25,3.39,8.55,735.32,134.84
2025-12-20T19:15:00Z,-1.41,0,394.53,0,168,160.13,79.87,80.63,304.94,402.15,62.88,74.01,0,0,23.3,0,23.33,0,8.06,5.36,3.39,3.96,565.06,142.24
2025-12-20T19:20:00Z,-13.58,0,285.7,0,178,156.77,80.03,169.57,297.51,391.97,37.1,67.1,0,0,23.37,0,15.53,0,8.54,5.25,3.39,8.33,456.57,138
2025-12-20T19:25:00Z,-3.24,0,398.34,0,165,157.45,80.21,92.33,304.33,387.37,40.01,60.19,0,0,23.43,0,21.45,0,7.92,5.27,3.4,4.54,577.09,140.97
2025-12-20T19:30:00Z,-10.37,0,266.11,0,174,157.45,80.32,172.43,299.23,408.74,25.32,53.28,0,0,23.5,0,14.69,0,8.35,5.27,3.41,8.47,440.71,138
2025-12-20T19:35:00Z,-1.95,0,463.15,0,161,158.12,80.31,166.03,105.05,452.55,20.37,45.8,0,0,23.43,0,25.81,0,7.73,5.29,3.41,8.16,835.12,149.83
2025-12-20T19:40:00Z,-11.3,0,411.46,0,170,157.45,80.55,173.51,132.57,457.78,12.14,38.32,0,0,23.37,0,22.8,0,8.16,5.27,3.42,8.53,723,138
2025-12-20T19:45:00Z,-3.57,0,532.58,0,159,157.45,80.63,119.87,105.26,459.06,9.26,30.85,0,0,23.3,0,29.67,0,7.63,5.27,3.42,5.89,1063.83,148
2025-12-20T19:50:00Z,-6.02,0,415.5,0,170,157.45,80.6,174.59,134.45,477.07,5.21,23.37,0,0,23.23,0,23.73,0,8.16,5.27,3.42,8.58,736.28,134.38
2025-12-20T19:55:00Z,-1.06,0,550.36,0,156,157.45,80.68,79.99,107.77,497.51,2.61,15.89,0,0,23.17,0,31.38,0,7.49,5.27,3.42,3.93,1130.66,138.04
2025-12-20T20:00:00Z,-0.49,0,471.57,0,151,158.12,80.58,175.91,106.21,480.92,1.02,8.41,0,0,23.1,0,27.37,0,7.25,5.29,3.42,8.64,903.78,144.15
2025-12-20T20:05:00Z,-8.44,0,447.01,0,165,158.12,80.56,171.65,102.44,458.1,0.41,7.01,0,0,23.12,0,24.47,0,7.92,5.29,3.42,8.44,864.2,138
2025-12-20T20:10:00Z,-0.39,0,632.06,0,152,158.12,80.62,80.03,65.08,444.1,0.01,5.61,0,0,23.13,0,34.31,0,7.29,5.29,3.42,3.93,1843.51,148
2025-12-20T20:15:00Z,-2.16,0,518.43,0,163,156.77,80.77,173.77,66.05,422.35,0.01,4.21,0,0,23.15,0,28.69,0,7.82,5.25,3.43,8.54,1180.11,138
2025-12-20T20:20:00Z,-1.36,0,677.94,0,150,158.12,80.66,111.68,64.11,387.07,0.01,2.8,0,0,23.17,0,37.61,0,7.2,5.29,3.42,5.49,2573.61,138
2025-12-20T20:25:00Z,-1.33,0,610.94,0,127,158.12,80.83,167.47,84.06,380.66,0.01,1.4,0,0,23.18,0,33.73,0,6.09,5.29,3.43,8.23,1759.09,138.04
2025-12-20T20:30:00Z,-6.38,0,536.64,0,108,158.12,81,172.67,106.96,428.69,0.01,0,0,0,23.2,0,29.7,0,5.18,5.29,3.44,8.49,1219.96,138
2025-12-20T20:35:00Z,-2.54,0,613.94,0,89,158.12,81.05,104.88,84.85,469.3,0.01,0,0,0,23.15,0,34.2,0,4.27,5.29,3.44,5.15,1694.67,138.04
2025-12-20T20:40:00Z,-0.41,0,528.01,0,75,160.13,81.15,174.75,90.98,489.18,0.01,0,0,0,23.1,0,29.9,0,3.6,5.36,3.44,8.59,1125.14,138
2025-12-20T20:45:00Z,-2.25,0,544.94,0,62,158.12,81.29,116.18,138.19,492.66,0.01,0,0,0,23.05,0,31.32,0,2.98,5.29,3.45,5.71,1167.08,129.99
2025-12-20T20:50:00Z,-0.52,0,548.46,0.35,60,159.46,81.22,77.88,173.05,513.26,0,0,0,0,23,0,32.09,0.03,2.88,5.34,3.44,3.83,1106.62,119
2025-12-20T20:55:00Z,-0.2,0,507.51,0,61,160.13,81.31,82.02,168.5,546.35,0,0,0,0,22.95,0,29.75,0,2.93,5.36,3.45,4.03,923.38,137.82
2025-12-20T21:00:00Z,-0.52,0,492.31,0,66,158.12,81.46,79.18,109.11,576.52,0,0,0,0,22.9,0,28.24,0,3.17,5.29,3.45,3.89,915.22,115.69
2025-12-20T21:05:00Z,-0.51,0,521.29,0,59,158.12,81.4,79.65,108.03,579.35,0,0,0,0,22.92,0,30.78,0,2.83,5.29,3.45,3.91,1021.21,116.52
2025-12-20T21:10:00Z,-0.61,0,439.38,0,59,158.12,81.36,79.79,168.86,617.11,0,0,0,0,22.93,0,25.94,0,2.83,5.29,3.45,3.92,686.57,104.17
2025-12-20T21:15:00Z,-0.53,0,349.39,0,58,158.79,81.53,79.06,231.48,614.27,0,0,0,0,22.95,0,20.26,0,2.78,5.32,3.46,3.89,490.58,118.24
2025-12-20T21:20:00Z,-0.38,0,395.36,0,57,158.12,81.42,79.01,228.21,590.71,0,0,0,0,22.97,0,22.87,0,2.74,5.29,3.45,3.88,574.43,109.47
2025-12-20T21:25:00Z,-0.2,0,514.75,0,60,160.8,81.37,80.48,89.57,586.22,0,0,0,0,22.98,0,29.88,0,2.88,5.38,3.45,3.95,1005.73,109.43
2025-12-20T21:30:00Z,-1.41,0,538.92,0,57,158.79,81.43,81.07,85.2,572.22,0,0,0,0,23,0,30.97,0,2.74,5.32,3.45,3.98,1125.45,118.72
2025-12-20T21:35:00Z,-2.4,0,467.52,0,57,158.12,81.43,80.29,149.77,567.63,0,0,0,0,22.95,0,26.67,0,2.74,5.29,3.45,3.95,809.18,132.84
2025-12-20T21:40:00Z,-1.3,0,494.45,0,57,158.79,81.51,80.08,140.37,541.69,0,0,0,0,22.9,0,29.18,0,2.74,5.32,3.46,3.94,949.97,133.11
2025-12-20T21:45:00Z,-0.49,0,441.47,0,57,158.12,81.21,79.56,178.03,531.72,0,0,0,0,22.85,0,26.91,0,2.74,5.29,3.44,3.91,788.36,134.82
2025-12-20T21:50:00Z,-0.18,0,514.43,0,59,161.47,81.18,82.6,126.27,514.62,0,0,0,0,22.8,0,31.25,0,2.83,5.41,3.44,4.06,1104.46,134.24
2025-12-20T21:55:00Z,0,0,515.7,0,58,157.45,81.33,80.37,153.29,496.29,0,0,0,0,22.75,0,31.34,0,2.78,5.27,3.44,3.95,1098.76,139.61
2025-12-20T22:00:00Z,-3.48,0,582.27,0,56,158.12,81.37,79.33,70.84,476.49,0,0,0,0,22.7,0,34.33,0,2.69,5.29,3.45,3.9,1771.39,137.03
2025-12-20T22:05:00Z,-3.37,0,593.23,0,58,157.45,81.41,80.45,95.03,435.06,0,0,0,0,22.72,0,36.1,0,2.78,5.27,3.45,3.95,1990.63,92.23
2025-12-20T22:10:00Z,-0.16,0,624.65,0,62,104.43,81.31,82.28,128.49,418,0,0,0,0,22.73,0,38.58,0,2.98,3.5,3.44,4.04,2504.77,120.39
2025-12-20T22:15:00Z,-0.21,0,644.78,0,59,144.02,81.43,80.51,124.77,383.74,0,0,0,0,22.75,0,38.48,0,2.83,4.82,3.45,3.96,2811.82,137.07
2025-12-20T22:20:00Z,-0.4,0,562.29,0,58,158.79,81.34,79.68,208.95,340.17,0,0,0,0,22.77,0,33.59,0,2.78,5.32,3.44,3.92,1616.04,136.41
2025-12-20T22:25:00Z,-0.26,0,488.63,0,58,159.46,81.35,80.66,306.21,303.86,0,0,0,0,22.78,0,30.18,0,2.78,5.34,3.44,3.96,1095.72,139.39
2025-12-20T22:30:00Z,-0.16,0,559.81,0,59,159.46,61.71,78.63,240.43,296.62,0,0,0,0,22.8,0,33.93,0,2.83,5.34,2.61,3.86,1735.58,123.45
2025-12-20T22:35:00Z,-0.8,0,737.47,0,58,158.12,40.71,78.94,126.39,296.57,0,0,0,0,22.73,0,44.57,0,2.78,5.29,1.73,3.88,34175.74,125
2025-12-20T22:40:00Z,-0.2,0,667.14,0,58,157.45,18.37,79.3,180.06,312.61,0,0,0,0,22.67,0,41.11,0,2.78,5.27,0.78,3.9,4667.05,136.33
2025-12-20T22:45:00Z,-0.08,0,544.06,0,57,157.45,0.11,79.13,287.17,323.04,0,0,0,0,22.6,0,33.82,0,2.74,5.27,0.01,3.89,1525.13,125
2025-12-20T22:50:00Z,-0.01,0,546.53,0,58,158.12,0.1,81.94,266.51,323.25,0,0,0,0,22.53,0,34.36,0,2.78,5.29,0.01,4.03,1633.48,136.85
2025-12-20T22:55:00Z,-0.06,0,666.68,0,59,159.46,0.1,80.55,175.13,307.11,0,0,0,0,22.47,0,42.76,0,2.83,5.34,0.01,3.96,5748.04,139.95
2025-12-20T23:00:00Z,-0.3,0,689.73,0,58,157.45,0.11,79,154.06,289.43,0,0,0,0,22.4,0,44.08,0,2.78,5.27,0.01,3.88,14003.5,155.43
2025-12-20T23:05:00Z,-0.69,0,688.84,0,57,158.79,0.11,79.9,185.63,267.25,0,0,0,0,22.43,0,43.63,0,2.74,5.32,0.01,3.93,11282.59,170.44
2025-12-20T23:10:00Z,-0.01,0,672.39,0,59,205.09,0.11,81.32,170.61,254.17,0,0,0,0,22.47,0,43.03,0,2.83,6.87,0.01,4,6953.67,162.63
2025-12-20T23:15:00Z,-2.73,0,580.31,0,56,167.51,0.11,78.37,307.36,234.92,0,0,0,0,22.5,0,36.78,0,2.69,5.61,0.01,3.85,2248.05,197.59
2025-12-20T23:20:00Z,-0.56,0,661.64,0,58,207.11,0.11,80.67,194.7,225.36,0,0,0,0,22.53,0,41.81,0,2.78,6.93,0.01,3.96,6419.58,156.68
2025-12-20T23:25:00Z,-0.44,0,614.8,0,57,174.22,0.11,169.05,197.79,225.64,0,0,0,0,22.57,0,38.94,0,2.74,5.83,0.01,8.31,3212.01,142.7
2025-12-20T23:30:00Z,-0.18,0,500.53,0,56,157.45,0.11,168.43,322.64,225.65,0,0,0,0,22.6,0,32.48,0,2.69,5.27,0.01,8.28,1360.99,155.01
2025-12-20T23:35:00Z,-0.31,0,628.4,0,56,157.45,0.11,169.1,195.82,229.18,0,0,0,0,22.48,0,41.03,0,2.69,5.27,0.01,8.31,3842.84,142.31
2025-12-20T23:40:00Z,-0.27,0,596.76,0,59,160.8,0.11,171.15,276.48,229.31,0,0,0,0,22.37,0,39.47,0,2.83,5.38,0.01,8.41,2245.32,170.44
2025-12-20T23:45:00Z,-0.71,0,573.29,0,57,191,0.11,167.93,237.16,235.21,0,0,0,0,22.25,0,38.46,0,2.74,6.4,0.01,8.25,2131.45,154.75
2025-12-20T23:50:00Z,-2.08,0,584.94,0,56,156.77,0.11,168.61,251.33,235.84,0,0,0,0,22.13,0,40.08,0,2.69,5.25,0.01,8.29,2399.29,158.26
2025-12-20T23:55:00Z,-2.6,0,649.91,0,56,156.77,0.11,169.21,151.53,266.4,0,0,0,0,22.02,0,44.1,0,2.69,5.25,0.01,8.32,4910.86,167.4
2025-12-21T00:00:00Z,-2.13,0,664.23,0,57,157.45,0.11,168.58,110.47,290.8,0,0,0,0,21.9,0,45.54,0,2.74,5.27,0.01,8.28,6286.08,165.17
2025-12-21T00:05:00Z,-2.26,0,655.51,0,57,158.12,0.11,171.33,128.48,286.9,0,0,0,0,21.88,0,45.56,0,2.74,5.29,0.01,8.42,5161.97,170.44
2025-12-21T00:10:00Z,-2.3,0,675.02,0,57,207.11,0.11,161.18,75.87,267.63,0,0,0,0,21.87,0,45.44,0,2.74,6.93,0.01,7.92,8261.31,165.22
2025-12-21T00:15:00Z,-3.33,0,648.41,0,57,157.45,0.11,159.79,188.61,252.89,0,0,0,0,21.85,0,44.98,0,2.74,5.27,0.01,7.85,4449.32,157.14
2025-12-21T00:20:00Z,-2.24,0,638.69,0,58,158.12,0.11,161.14,204.66,241.15,0,0,0,0,21.83,0,44.44,0,2.78,5.29,0.01,7.92,3979.71,232.15
2025-12-21T00:25:00Z,-2.54,0,728.41,0,57,207.11,0.11,161.36,59.35,252.81,0,0,0,0,21.82,0,50.07,0,2.74,6.93,0.01,7.93,119815.17,232.15
2025-12-21T00:30:00Z,-2.31,0,732.58,0,57,225.9,0.11,160.3,34.52,269.38,0,0,0,0,21.8,0,49.73,0,2.74,7.56,0.01,7.88,66211.41,198
2025-12-21T00:35:00Z,-2.02,0,654.87,0,58,226.57,0.11,160.28,81.63,282.52,0,0,0,0,21.73,0,45.09,0,2.78,7.59,0.01,7.88,4993.74,161.61
2025-12-21T00:40:00Z,-1.95,0,604.07,0,57,170.87,0.11,160.43,190.13,294.83,0,0,0,0,21.67,0,43.35,0,2.74,5.72,0.01,7.88,2679.51,198
2025-12-21T00:45:00Z,-2.25,0,722.46,0,57,221.2,0.11,160.34,15.23,294.19,0,0,0,0,21.6,0,50.8,0,2.74,7.41,0.01,7.88,35360.15,143.8
2025-12-21T00:50:00Z,-4.39,0,642.27,0,59,177.58,0.11,160.48,147.63,287.76,0,0,0,0,21.53,0,46.32,0,2.83,5.95,0.01,7.89,4066.3,198
2025-12-21T00:55:00Z,-2.43,0,709.68,0,59,215.83,0.11,161.65,17.31,304.23,0,0,0,0,21.47,0,50.87,0,2.83,7.23,0.01,7.94,17958.44,138.36
2025-12-21T01:00:00Z,-7.25,0,629.98,0,60,178.92,0.11,159.66,150.19,314.13,0,0,0,0,21.4,0,46.22,0,2.88,5.99,0.01,7.85,3345.57,170.44
2025-12-21T01:05:00Z,-3.39,0,642.94,0,57,195.03,0.11,159.52,67.59,340.2,0,0,0,0,21.37,0,46.26,0,2.74,6.53,0.01,7.84,4392.67,124
2025-12-21T01:10:00Z,-3.88,0,660.79,0,57,158.79,0.11,79,144.27,373.01,0,0,0,0,21.33,0,48.43,0,2.74,5.32,0.01,3.88,4911.44,149.87
2025-12-21T01:15:00Z,-3.3,0,690.96,0,59,160.13,0.11,148.9,27.26,380.35,0,0,0,0,21.3,0,50.56,0,2.83,5.36,0.01,7.32,9731.91,170.44
2025-12-21T01:20:00Z,-9.09,0,694.8,0,60,158.79,0.11,149.39,4.58,394.43,0,0,0,0,21.27,0,51.14,0,2.88,5.32,0.01,7.34,12622.02,147.9
2025-12-21T01:25:00Z,-3.4,0,644.75,0,58,158.12,0.11,148.12,68.95,363.79,0,0,0,0,21.23,0,48.26,0,2.78,5.29,0.01,7.28,5126.35,170.44
2025-12-21T01:30:00Z,-6.32,0,699.85,0,59,160.8,0.11,149.61,2.57,385.77,0,0,0,0,21.2,0,53.12,0,2.83,5.38,0.01,7.35,15949.25,138
2025-12-21T01:35:00Z,-2.18,0,571.3,0,58,158.79,0.11,112.81,91.21,426.32,0,0,0,0,21.17,0,43.47,0,2.78,5.32,0.01,5.54,2504.05,138
2025-12-21T01:40:00Z,-1.94,0,576.02,0,40,158.12,0.11,128.56,9.99,501.05,0,0,0,0,21.13,0,44.47,0,1.92,5.29,0.01,6.32,2678.76,138
2025-12-21T01:45:00Z,-9.84,0,528.34,0,40,158.12,0.11,108.93,11.93,567.25,0,0,0,0,21.1,0,39.86,0,1.92,5.29,0.01,5.35,1807.25,119.53
2025-12-21T01:50:00Z,-2.59,0,558.1,0,40,158.12,0.11,79.45,0.48,562.32,0,0,0,0,21.07,0,42.92,0,1.92,5.29,0.01,3.9,2317.91,112.92
2025-12-21T01:55:00Z,-2.34,0,619.11,0,40,159.46,0.11,81.9,0.76,508.44,0,0,0,0,21.03,0,47.73,0,1.92,5.34,0.01,4.02,4185.34,114.54
2025-12-21T02:00:00Z,-2.81,0,611.26,0,40,158.79,0.11,79.62,0.24,535.19,0,0,0,0,21,0,47.01,0,1.92,5.32,0.01,3.91,3491.66,121.56
2025-12-21T02:05:00Z,-9.69,0,505.28,0,40,157.45,0.1,79.07,3.45,615.88,0,0,0,0,21.02,0,38.65,0,1.92,5.27,0.01,3.89,1566.68,117.97
2025-12-21T02:10:00Z,-5.04,0,542.39,0,40,158.79,0.1,11.34,9.75,636.7,0,0,0,0,21.03,0,41.27,0,1.92,5.32,0.01,0.56,1904.23,116.75
2025-12-21T02:15:00Z,-2.56,0,512.75,0,40,159.46,0.11,9.9,11.8,641.7,0,0,0,0,21.05,0,38.86,0,1.92,5.34,0.01,0.49,1608.77,116.05
2025-12-21T02:20:00Z,-2.32,0,508.92,0,40,159.46,0.11,0,0.02,664.76,0,0,0,0,21.07,0,37.57,0,1.92,5.34,0.01,0,1523.81,112.68
2025-12-21T02:25:00Z,-3.14,0,483.47,0,40,158.79,0.11,0,1.02,689.1,0,0,0,0,21.08,0,36.24,0,1.92,5.32,0.01,0,1296.87,130.62
2025-12-21T02:30:00Z,-4.52,0,477.33,0,40,158.12,0.11,0,13.66,704.54,0,0,0,0,21.1,0,35.91,0,1.92,5.29,0.01,0,1190.84,112.91
2025-12-21T02:35:00Z,-3.35,0,385.07,0,40,158.12,0.11,0,73.49,712.95,0,0,0,0,21.18,0,29.51,0,1.92,5.29,0.01,0,739.3,110.1
2025-12-21T02:40:00Z,-3.16,0,321.9,0,40,159.46,0.11,0,75.53,762.72,0,0,0,0,21.27,0,24.75,0,1.92,5.34,0.01,0,538.96,108.93
2025-12-21T02:45:00Z,-3.17,0,357.2,0,40,158.79,0.11,0,0.56,801.55,0,0,0,0,21.35,0,27.52,0,1.92,5.32,0.01,0,651.23,111.96
2025-12-21T02:50:00Z,-2.44,0,315.68,0,40,159.46,0.11,0,24.01,807.34,0,0,0,0,21.43,0,24.46,0,1.92,5.34,0.01,0,534.08,108.7
2025-12-21T02:55:00Z,-5.41,0,304.48,0,40,158.79,0.1,0,70,770.3,0,0,0,0,21.52,0,23.65,0,1.92,5.32,0.01,0,508.25,108.52
2025-12-21T03:00:00Z,-3.41,0,372.42,0,40,158.79,0.11,0,6.29,768.95,0,0,0,0,21.6,0,28.96,0,1.92,5.32,0.01,0,726.18,110.67
2025-12-21T03:05:00Z,-2.92,0,373.54,0,40,158.12,0.1,0,13.94,752.9,0,0,0,0,21.57,0,29.03,0,1.92,5.29,0.01,0,738.99,130.46
2025-12-21T03:10:00Z,-4.12,0,336.52,0,40,158.79,0.11,0,5.85,798.37,0,0,0,0,21.53,0,26.49,0,1.92,5.32,0.01,0,610.97,108.31
2025-12-21T03:15:00Z,-4.62,0,290.64,0,40,158.79,0.11,0,102.01,752.35,0,0,0,0,21.5,0,23.08,0,1.92,5.32,0.01,0,480.09,115.02
2025-12-21T03:20:00Z,-4.79,0,386.87,0,40,158.79,0.11,0,8.32,747.21,0,0,0,0,21.47,0,30.3,0,1.92,5.32,0.01,0,800.57,115.03
2025-12-21T03:25:00Z,-3.24,0,230.45,0,40,158.12,0.11,0,73.71,829.83,0,0,0,0,21.43,0,18.3,0,1.92,5.29,0.01,0,352.85,106.19
2025-12-21T03:30:00Z,-6.15,0,254.74,0,40,158.12,0.11,0,19.1,853.52,0,0,0,0,21.4,0,20.09,0,1.92,5.29,0.01,0,404.56,105.96
2025-12-21T03:35:00Z,-6.98,0,161.06,0,40,158.12,0.11,0,14.61,966.71,0,0,0,0,21.47,0,12.81,0,1.92,5.29,0.01,0,237.58,102.98
2025-12-21T03:40:00Z,-3.92,0,16.38,0,40,160.13,0.11,0,90.37,1015.54,0,0,0,0,21.53,0,1.3,0,1.92,5.36,0.01,0,80.18,101.78
2025-12-21T03:45:00Z,-6.68,0,90.91,0,40,158.12,0.11,0,22.77,1009.07,0,0,0,0,21.6,0,7.22,0,1.92,5.29,0.01,0,153.07,101.96
2025-12-21T03:50:00Z,-6.72,0,48.5,0,40,158.12,0.11,0,4.06,1062.75,0,0,0,0,21.67,0,3.9,0,1.92,5.29,0.01,0,110.27,100.51
2025-12-21T03:55:00Z,-3.83,0,55.82,0,40,158.12,0.11,0,6.32,1064.64,0,0,0,0,21.73,0,4.51,0,1.92,5.29,0.01,0,116.38,100.44
2025-12-21T04:00:00Z,-3.94,0,51.63,0,40,142.68,0.11,0,16.79,1068.68,0,0,0,0,21.8,0,4.16,0,1.92,4.78,0.01,0,107.52,81.24
2025-12-21T04:05:00Z,-7.73,0,101.32,0,40,93.69,0.11,0,16.1,1069.97,0,0,0,0,21.8,0,8.03,0,1.92,3.14,0.01,0,141.45,79.05
2025-12-21T04:10:00Z,-5.7,0,29.42,0,40,60.81,0.1,0,89.26,1108.27,0,0,0,0,21.8,0,2.36,0,1.92,2.04,0.01,0,60.03,92.02
2025-12-21T04:15:00Z,-9.04,0,92.49,0,40,60.81,0.11,0,9.88,1122.36,0,0,0,0,21.8,0,7.13,0,1.92,2.04,0.01,0,117.67,79.83
2025-12-21T04:20:00Z,-4.44,0,70.06,0,40,60.81,0.11,0,16.97,1132.1,0,0,0,0,21.8,0,5.46,0,1.92,2.04,0.01,0,96.15,97.67
2025-12-21T04:25:00Z,-5.32,0,138.91,0,40,61.48,0.11,0,12.06,1079.28,0,0,0,0,21.8,0,10.76,0,1.92,2.06,0.01,0,168.69,98.7
2025-12-21T04:30:00Z,-18.94,0,67.94,0,40,113.82,0.11,0,53.05,1062.83,0,0,0,0,21.8,0,5.21,0,1.92,3.81,0.01,0,111.03,98.44
2025-12-21T04:35:00Z,-27.36,0,128.43,0,40,70.87,0.11,0,85.56,1018.44,0,0,0,0,21.7,0,9.97,0,1.92,2.37,0.01,0,161.62,85.86
2025-12-21T04:40:00Z,-34.94,0,25.29,0,40,60.81,0.11,0,161.97,1083.05,0,0,0,0,21.6,0,1.91,0,1.92,2.04,0.01,0,54.84,81.76
2025-12-21T04:45:00Z,-6.28,-23.04,0,0,40,60.81,0.11,0,68.69,1189.28,0,0,0,0,21.5,0.07,0,0,1.92,2.04,0.01,0,35.15,72.88
2025-12-21T04:50:00Z,-6.82,-68.39,0,0,40,60.81,0.11,0,29.76,1264.53,0,0,0,0,21.4,0.19,0,0,1.92,2.04,0.01,0,34.25,78.37
2025-12-21T04:55:00Z,-2.64,-241.5,0,0,41,60.14,0.11,0,40.02,1402.83,0,0,0,0,21.3,0.62,0,0,1.97,2.01,0.01,0,31.05,88.4
2025-12-21T05:00:00Z,-8.43,-269.38,0,0,39,60.14,0.11,0,50.49,1442.13,0,0,0,0,21.2,0.66,0,0,1.87,2.01,0.01,0,29.53,74.48
2025-12-21T05:05:00Z,-3.68,-287.72,0,0,40,60.14,0.11,0,56.85,1444.39,0,0.02,0,0,21.13,0.71,0,0,1.92,2.01,0.01,0,29.6,65.3
2025-12-21T05:10:00Z,-4.95,-327.93,0,0,40,60.81,0.11,0,78.89,1462.9,0,0.05,0,0,21.07,0.79,0,0,1.92,2.04,0.01,0,29.05,68
2025-12-21T05:15:00Z,-5.92,-268.78,0,0,40,60.81,0.11,0,5.83,1484.21,0,0.07,0,0,21,0.67,0,0,1.92,2.04,0.01,0,30.02,65.02
2025-12-21T05:20:00Z,-8.08,-292.22,0,0,40,60.81,0.11,0,35.43,1475.47,0,0.09,0,0,20.93,0.72,0,0,1.92,2.04,0.01,0,29.68,63.07
2025-12-21T05:25:00Z,-6.03,-365.92,0,0,40,60.81,0.1,0,90.02,1497.15,0,0.12,0,0,20.87,0.86,0,0,1.92,2.04,0.01,0,28.29,54.73
2025-12-21T05:30:00Z,-3.19,-239.69,0,0,40,60.14,0.11,0,57.58,1405.93,0,0.14,0,0,20.8,0.6,0,0,1.92,2.01,0.01,0,30.3,51.8
2025-12-21T05:35:00Z,-4.42,-205.15,0,0,40,60.14,0.11,0,110.38,1336.99,0,1.01,0,0,20.96,0.52,0,0,1.92,2.01,0.01,0,30.63,58.79
2025-12-21T05:40:00Z,-8.43,-214.69,0,0,40,60.14,0.11,0,51.1,1405.84,0,1.89,0,0,21.12,0.54,0,0,1.92,2.01,0.01,0,30.51,52.66
2025-12-21T05:45:00Z,-14.91,-266.09,0,0,40,60.14,0.11,0,32.25,1474.4,0.01,2.76,0,0,21.27,0.65,0,0,1.92,2.01,0.01,0,29.69,47.13
2025-12-21T05:50:00Z,-31.18,-260.95,0,0,40,60.81,0.11,0,31.25,1485.94,0.25,3.64,0,0,21.43,0.64,0,0,1.92,2.04,0.01,0,29.99,0.85
2025-12-21T05:55:00Z,-32.69,-274.66,0,0,40,60.14,0.11,0,27.73,1512.39,0.65,4.51,102.31,0,21.59,0.66,0,0,1.92,2.01,0.01,0,29.42,0.76
2025-12-21T06:00:00Z,-29.44,-335.87,0,0,40,60.81,0.11,0,18.89,1561.36,1.08,5.39,99.42,0,21.75,0.79,0,0,1.92,2.04,0.01,0,28.78,16.5
2025-12-21T06:05:00Z,-12.31,-397.03,0,0,40,60.14,0.11,0,0.04,1628.26,4.99,11.77,59.56,0,21.71,0.9,0,0,1.92,2.01,0.01,0,27.28,18.24
2025-12-21T06:10:00Z,-4.75,-417.48,0,0,40,44.03,0.11,0,0.68,1651.31,8.33,18.15,31.51,0,21.67,0.81,0,0,1.92,1.47,0.01,0,23.16,8.26
2025-12-21T06:15:00Z,-6.33,-452.79,0,0,40,42.69,0.11,0,15.69,1681.49,14.67,24.53,8.37,0,21.63,0.85,0,0,1.92,1.43,0.01,0,22.14,5.94
2025-12-21T06:20:00Z,-3.55,-429.77,0,0,40,42.69,0.1,0,25.04,1640.45,29.03,30.91,1.2,0,21.58,0.81,0,0,1.92,1.43,0.01,0,22.2,0.52
2025-12-21T06:25:00Z,-3.22,-453.3,0,0,40,42.02,0.11,0,23.81,1644.69,39.87,37.29,14.06,0,21.54,0.84,0,0,1.92,1.41,0.01,0,21.78,7.89
2025-12-21T06:30:00Z,-2.26,-461.99,0,0,41,42.02,0.11,0,13.11,1654.61,46.68,43.67,17.41,0,21.5,0.87,0,0,1.97,1.41,0.01,0,21.89,7.91
2025-12-21T06:35:00Z,-8.56,-482.78,0,0,40,42.02,0.11,0,0.93,1649.32,63.71,56.2,16.22,0,21.26,0.9,0,0,1.92,1.41,0.01,0,21.49,11.92
2025-12-21T06:40:00Z,-2.28,-479.99,0,0,41,42.02,0.11,0,45.63,1607.48,81.52,68.73,18.43,0,21.02,0.89,0,0,1.97,1.41,0.01,0,21.26,16.92
2025-12-21T06:45:00Z,-2.26,-500.69,0,0,41,42.02,0.11,0,67.15,1578.75,67.43,81.26,0.89,0,20.78,0.94,0,0,1.97,1.41,0.01,0,21.29,25.69
2025-12-21T06:50:00Z,-4.88,-480.18,0,0,40,42.02,0.1,0,21.23,1580.32,101.02,93.79,0,0,20.53,0.9,0,0,1.92,1.41,0.01,0,20.98,35.3
2025-12-21T06:55:00Z,-9.34,-452.17,0,0,40,42.02,0.11,0,22.3,1613.59,41.93,106.33,0,0,20.29,0.86,0,0,1.92,1.41,0.01,0,21.16,28.29
2025-12-21T07:00:00Z,-22.18,-423.77,0,0,40,42.02,0.1,0,16.91,1610.26,35.93,118.86,0,0,20.05,0.81,0,0,1.92,1.41,0.01,0,21.35,31.83
2025-12-21T07:05:00Z,-7.54,-362.27,0,0,42,42.02,0.11,0,1.75,1566.65,30.87,133.67,0,0,20.13,0.74,0,0,2.02,1.41,0.01,0,22.31,37.75
2025-12-21T07:10:00Z,-11.4,-380.28,0,0,40,42.02,0.11,0,5.5,1546.38,34.22,148.49,33.24,0,20.2,0.76,0,0,1.92,1.41,0.01,0,21.67,31.31
2025-12-21T07:15:00Z,-16.83,-362.97,0,0,40,42.02,0.11,0,0.8,1529.07,38.29,163.31,15.7,0,20.28,0.73,0,0,1.92,1.41,0.01,0,21.76,16.94
2025-12-21T07:20:00Z,-18.37,-427.69,0,0,40,42.02,0.11,0,0.14,1583.83,47.57,178.13,0,0,20.35,0.83,0,0,1.92,1.41,0.01,0,20.76,2.55
2025-12-21T07:25:00Z,-9.97,-454.33,0,0,40,42.02,0.11,0,0.13,1557.27,59.94,192.95,0,0,20.43,0.89,0,0,1.92,1.41,0.01,0,20.52,8.73
2025-12-21T07:30:00Z,-9.87,-564.63,0,0,40,42.02,0.11,0,0.06,1624.39,66.12,207.77,0,0,20.5,1.06,0,0,1.92,1.41,0.01,0,19.39,0.01
2025-12-21T07:35:00Z,-3.24,-622.43,0,0,40,42.02,0.11,0,1.3,1644.95,69.31,223.26,13.62,0,20.45,1.15,0,0,1.92,1.41,0.01,0,18.74,0.01
2025-12-21T07:40:00Z,-5.03,-654.19,0,0,40,42.02,0.11,0,0.14,1689.56,73.11,238.76,4.67,0,20.4,1.18,0,0,1.92,1.41,0.01,0,18.12,7.68
2025-12-21T07:45:00Z,-6.02,-627.04,0,0,40,42.02,0.11,0,0,1705.79,54.86,254.26,7.94,0.56,20.35,1.13,0,0,1.92,1.41,0.01,0,18.02,0.01
2025-12-21T07:50:00Z,-10.92,-699.9,0,0,40,42.69,0.11,0,0.14,1718.78,92.99,269.75,21.74,0,20.3,1.24,0,0,1.92,1.43,0.01,0,17.47,-7
2025-12-21T07:55:00Z,-3.51,-580.83,0,0,40,42.02,0.11,0,0.7,1663.94,173.45,285.25,153.8,2.61,20.25,1.01,0,0,1.92,1.41,0.01,0,17.21,-2.1
2025-12-21T08:00:00Z,-3.5,-689.17,0,0,40,42.69,0.11,0,0.09,1730.13,122.78,300.74,114.24,0,20.2,1.19,0,0,1.92,1.43,0.01,0,16.8,-6.87
2025-12-21T08:05:00Z,-6.48,-778.99,0,0,40,42.02,0.11,0,0.56,1744.02,246.82,292.64,112.23,3.57,20.17,1.25,0,0,1.92,1.41,0.01,0,15.8,-7
2025-12-21T08:10:00Z,-14.48,-631.45,0,0,43,42.69,0.11,0,4.82,1676.07,183.75,284.53,191.63,35.59,20.13,1.13,0,0,2.06,1.43,0.01,0,17.87,-7
2025-12-21T08:15:00Z,-4.35,-589.72,0,0,42,42.69,0.11,0,32.01,1669.3,196.97,276.43,183.63,31.74,20.1,1.03,0,0,2.02,1.43,0.01,0,17.47,0.94
2025-12-21T08:20:00Z,-5.57,-601.57,0,0,40,42.69,0.11,0,14.3,1725.02,142.27,268.32,80.34,16.55,20.07,1.03,0,0,1.92,1.43,0.01,0,17.18,-0.64
2025-12-21T08:25:00Z,-25.88,-712.57,0,0,40,42.02,0.11,0,0,1795.62,172.98,260.22,56.6,16.44,20.03,1.16,0,0,1.92,1.41,0.01,0,16.6,-5.34
2025-12-21T08:30:00Z,-28.85,-634.82,0,0,40,41.34,0.11,0,0,1739.84,185.98,252.12,92.68,16.45,20,1.05,0,0,1.92,1.38,0.01,0,17.02,-5.79
2025-12-21T08:35:00Z,-12.31,-513.07,0,0,41,41.34,0.11,0,0.48,1597.71,145.25,265.71,210.98,29.78,20.03,0.94,0,0,1.97,1.38,0.01,0,18.5,-7
2025-12-21T08:40:00Z,-2.28,-631.05,0,0,39,41.34,0.11,0,0.95,1655.42,256.25,279.31,138.98,60.06,20.07,1.03,0,0,1.87,1.38,0.01,0,16.32,-4.57
2025-12-21T08:45:00Z,-4.28,-613.96,0,0,40,41.34,0.11,0,10.62,1658.99,256.37,292.9,104.28,44.26,20.1,1.01,0,0,1.92,1.38,0.01,0,16.39,-0.64
2025-12-21T08:50:00Z,-1.69,-670.16,0,0,40,41.34,0.11,0,19.18,1660.34,256.89,306.5,109.35,50.95,20.13,1.1,0,0,1.92,1.38,0.01,0,16.06,-4.59
2025-12-21T08:55:00Z,-3.89,-678.49,0,0,40,41.34,0.11,0,0.04,1623.11,244.56,320.1,161.34,48.35,20.17,1.15,0,0,1.92,1.38,0.01,0,16.32,-7
2025-12-21T09:00:00Z,-18.34,-677.8,0,0,40,42.02,0.11,0,1.02,1576.53,335.62,333.69,206.6,38.63,20.2,1.13,0,0,1.92,1.41,0.01,0,16.17,-7
2025-12-21T09:05:00Z,-12.14,-676.09,0,-0.1,40,41.34,0.11,0,0.01,1588.84,280.81,347.66,213.07,107.35,20.1,1.15,0,0,1.92,1.38,0.01,0,16.12,-4.57
2025-12-21T09:10:00Z,-1.8,-634.05,0,0,43,41.34,0.11,0,19.47,1547.01,280.71,361.62,292.56,64.64,20,1.13,0,0,2.06,1.38,0.01,0,16.8,-2.06
2025-12-21T09:15:00Z,-2.72,-551.74,0,0,43,41.34,0.11,0,9.56,1471.81,278.2,375.59,301.28,19.22,19.9,1.03,0,0,2.06,1.38,0.01,0,17.45,5.51
2025-12-21T09:20:00Z,-3.88,-551.47,0,0,41,41.34,0.11,0,1.61,1470.57,284.61,389.55,265.97,10.51,19.8,1.01,0,0,1.97,1.38,0.01,0,16.86,-2.1
2025-12-21T09:25:00Z,-16.96,-612.34,0,0,40,41.34,0.11,0,0,1472.24,305.48,403.52,376.96,36.54,19.7,1.09,0,0,1.92,1.38,0.01,0,16.31,-4.53
2025-12-21T09:30:00Z,-5.42,-680.3,0,0,40,42.02,0.11,0,0.97,1440.73,281.92,417.48,444.74,25.97,19.6,1.26,0,0,1.92,1.41,0.01,0,16.21,-7
2025-12-21T09:35:00Z,-9.69,-601.74,0,0,40,41.34,0.11,0,0.06,1398.15,311.16,442.27,482.77,22.71,19.7,1.11,0,0,1.92,1.38,0.01,0,16.27,-7
2025-12-21T09:40:00Z,-1.79,-584.51,0,0,43,41.34,0.11,0,10.24,1373.46,365.17,467.07,481.53,31.02,19.8,1.1,0,0,2.06,1.38,0.01,0,16.47,-7
2025-12-21T09:45:00Z,-4.85,-563.5,0,0,40,42.02,0.11,5.16,0.39,1357.25,338.55,491.86,476.25,67.25,19.9,1.13,0,0,1.92,1.41,0.01,0.25,17.25,-7
2025-12-21T09:50:00Z,-37.57,-615.63,0,0,40,42.02,0.11,15.81,0.06,1309.41,325.47,516.65,529.78,60.72,20,1.46,0,0,1.92,1.41,0.01,0.78,19.92,-7.01
2025-12-21T09:55:00Z,-12.6,-547.73,0,0,40,42.02,0.11,0,1.4,1292.99,311.96,541.44,524.25,31.95,20.1,1.08,0,0,1.92,1.41,0.01,0,16.18,-7.01
2025-12-21T10:00:00Z,-5.19,-524.54,0,0,40,42.02,0.11,0,0.51,1264.27,272.29,566.23,549.37,37.27,20.2,1.08,0,0,1.92,1.41,0.01,0,16.33,-7.01
2025-12-21T10:05:00Z,-2.49,-544.35,0,0,43,41.34,0.1,0,15.64,1252,298.4,605.11,565.1,87.03,20.1,1.14,0,0,2.06,1.38,0.01,0,16.26,-7.01
2025-12-21T10:10:00Z,-1.93,-535.7,0,0,42,41.34,0.11,0,6.64,1291.06,291.36,643.99,552.23,184.41,20,1.09,0,0,2.02,1.38,0.01,0,15.62,-7
2025-12-21T10:15:00Z,-12.75,-635.7,0,0,40,41.34,0.11,0,13.68,1323.7,300.9,682.87,573.76,121.69,19.9,1.22,0,0,1.92,1.38,0.01,0,14.28,-7
2025-12-21T10:20:00Z,-27.79,-670.19,0,0,40,42.02,0.11,0,0.14,1330.07,298.75,721.75,584.72,87.55,19.8,1.31,0,0,1.92,1.41,0.01,0,14.02,-7.01
2025-12-21T10:25:00Z,-14.96,-711.79,0,0,40,41.34,0.1,0,0.08,1254.19,360.91,760.63,667.78,40.33,19.7,1.39,0,0,1.92,1.38,0.01,0,13.32,-7.25
2025-12-21T10:30:00Z,-8.24,-615.84,0,0,40,41.34,0.11,0,0.11,1187.57,283.23,799.51,759.58,102.64,19.6,1.31,0,0,1.92,1.38,0.01,0,13.87,-7.25
2025-12-21T10:35:00Z,-1.98,-600.14,0,0,40,41.34,0.11,0,1.78,1125.66,282.43,890.75,804.1,199.3,19.63,1.33,0,0,1.92,1.38,0.01,0,13.34,-8.5
2025-12-21T10:40:00Z,-6.31,-600.08,0,0,40,41.34,0.11,0,0.07,1087.63,276.41,981.99,833.3,110.06,19.67,1.37,0,0,1.92,1.38,0.01,0,12.76,-9.5
2025-12-21T10:45:00Z,-4.78,-754.95,0,0,40,41.34,0.11,0,0,1088.81,284.41,1073.23,818.24,233.93,19.7,1.72,0,0,1.92,1.38,0.01,0,10.81,-21
2025-12-21T10:50:00Z,-4.85,-734.68,0,0,42,42.02,0.11,0,9.19,918.77,253.19,1164.47,985.36,151.57,19.73,1.99,0,0,2.02,1.41,0.01,0,10.21,-89
2025-12-21T10:55:00Z,-2.23,-647.45,0,-0.1,41,41.34,0.11,0,2.47,787.61,228.09,1255.71,1071.8,211.66,19.77,1.98,0,0,1.97,1.38,0.01,0,9.72,-100
2025-12-21T11:00:00Z,-2.47,-497.24,0,-0.1,43,41.34,0.11,0,10.39,638.85,226.95,1346.95,1226.35,177.03,19.8,1.79,0,0,2.06,1.38,0.01,0,11.06,-20.57
2025-12-21T11:05:00Z,-166.17,-573.57,0,0,40,41.34,0.11,0,0.04,820.96,246.08,1380.78,966.55,118.29,19.92,1.65,0,0,1.92,1.38,0.01,0,11.11,-46.05
2025-12-21T11:10:00Z,-101.08,-557.32,0,0,40,41.34,0.11,0,0.49,806.14,220.19,1414.62,980.82,266.56,20.03,1.66,0,0,1.92,1.38,0.01,0,10.59,-121
2025-12-21T11:15:00Z,-5.21,-436.83,0,0,40,41.34,0.11,0,1.56,623.31,107.58,1448.45,1217.34,283.68,20.15,1.78,0,0,1.92,1.38,0.01,0,10.11,-80
2025-12-21T11:20:00Z,-117.06,-392.6,0,0,40,41.34,0.11,0,0.03,736.6,93.89,1482.29,1059.64,402.12,20.27,1.43,0,0,1.92,1.38,0.01,0,12.01,-35.85
2025-12-21T11:25:00Z,-161.78,-431.58,0,0,42,41.34,0.11,0,1.17,785.76,14.51,1516.12,981.67,488.58,20.38,1.66,0,0,2.02,1.38,0.01,0,11.58,-89
2025-12-21T11:30:00Z,-189.44,-303.47,0,0,45,41.34,0.11,0,3.82,691.48,12.26,1549.96,1075.75,561.72,20.5,1.36,0,0,2.16,1.38,0.01,0,14.22,-89
2025-12-21T11:35:00Z,-212.94,-250.4,0,0,43,41.34,0.11,0,4.2,684.3,10.39,1523.88,1104.89,523.43,20.55,1.1,0,0,2.06,1.38,0.01,0,15.3,-89
2025-12-21T11:40:00Z,-232.04,-245.46,0,0,42,41.34,0.11,0,0.71,751.02,9.16,1497.79,1084.45,533.22,20.6,0.99,0,0,2.02,1.38,0.01,0,15.55,-89
2025-12-21T11:45:00Z,-143.66,-293.63,0,0,41,41.34,0.11,0,18.22,708.41,9.78,1471.71,1142.21,534.8,20.65,1.2,0,0,1.97,1.38,0.01,0,13.95,-41.97
2025-12-21T11:50:00Z,-205.31,-252.09,0,0,42,41.34,0.11,0,1.19,730.89,13.42,1445.63,1015.8,532.83,20.7,1.04,0,0,2.02,1.38,0.01,0,15.65,-35.85
2025-12-21T11:55:00Z,-120.8,-384.48,0,0,40,41.34,0.11,0,32.72,772.18,13.63,1419.55,1009.56,535.68,20.75,1.41,0,0,1.92,1.38,0.01,0,12.54,-31.29
2025-12-21T12:00:00Z,-114.68,-350.02,0,0,40,41.34,0.11,0,30,787.81,18.39,1393.46,1001.53,529.56,20.8,1.26,0,0,1.92,1.38,0.01,0,13.31,-21
2025-12-21T12:05:00Z,-78.18,-301.01,0,0,40,40.67,0.11,0,14.53,780.71,17.76,1360.85,1047.12,524.83,20.95,1.11,0,0,1.92,1.36,0.01,0,13.95,-20.1
2025-12-21T12:10:00Z,-23.16,-477.75,0,0,43,41.34,0.11,0,138.1,843.06,20.35,1328.24,1079.27,514.28,21.1,1.52,0,0,2.06,1.38,0.01,0,12.13,-20
2025-12-21T12:15:00Z,-1.89,-531.91,0,0,43,41.34,0.11,0,39.77,914.57,66.16,1295.63,1083.95,475.88,21.25,1.66,0,0,2.06,1.38,0.01,0,11.52,-21
2025-12-21T12:20:00Z,-4.05,-490.3,0,0,40,41.34,0.11,0,47.88,865.04,36.04,1263.02,1138.94,485.73,21.4,1.58,0,0,1.92,1.38,0.01,0,11.57,-21
2025-12-21T12:25:00Z,-18.08,-484.12,0,0,40,41.34,0.11,0,31.2,877.53,18.24,1230.41,1108.6,525.56,21.55,1.59,0,0,1.92,1.38,0.01,0,11.89,-31.29
2025-12-21T12:30:00Z,-23.58,-453.69,0,0,40,41.34,0.11,0,13.55,821.86,18.4,1197.8,1207.62,424.88,21.7,1.61,0,0,1.92,1.38,0.01,0,12.35,-89
2025-12-21T12:35:00Z,-37.8,-438.74,0,0,44,41.34,0.11,0,11.76,771.14,83.47,1227.61,1285.99,430.48,21.75,1.61,0,0,2.11,1.38,0.01,0,13.31,-41.97
2025-12-21T12:40:00Z,-94.69,-378.14,0,0,44,40.67,0.11,0,20.39,798.43,19.69,1257.42,1230.93,552.98,21.8,1.43,0,0,2.11,1.36,0.01,0,14.44,-89
2025-12-21T12:45:00Z,-25.99,-412.39,0,0,44,41.34,0.11,0,42.17,748.54,9.13,1287.22,1201.35,566.42,21.85,1.63,0,0,2.11,1.38,0.01,0,12.95,-89
2025-12-21T12:50:00Z,-47.87,-386.32,0,0,41,40.67,0.11,0,11.94,744.86,2.92,1317.03,1185.42,567.47,21.9,1.53,0,0,1.97,1.36,0.01,0,12.56,-89
2025-12-21T12:55:00Z,-130.7,-376.08,0,0,43,41.34,0.11,0,12.11,777.2,1.47,1346.83,1172,560.06,21.95,1.48,0,0,2.06,1.38,0.01,0,13.78,-59
2025-12-21T13:00:00Z,-163.77,-366.52,0,0,45,41.34,0.11,0,1.29,786.99,11.41,1376.64,1159.47,555.88,22,1.47,0,0,2.16,1.38,0.01,0,14.42,-20.57
2025-12-21T13:05:00Z,-150.85,-499.41,0,0,45,41.34,0.11,0,14.04,872.93,20.83,1397.4,1016.82,534.94,21.88,1.78,0,0,2.16,1.38,0.01,0,12.18,-21
2025-12-21T13:10:00Z,-125.42,-529.01,0,0,45,41.34,0.11,0,14.38,859.38,20.99,1418.16,1087.19,519.82,21.77,1.91,0,0,2.16,1.38,0.01,0,11.25,-41.97
2025-12-21T13:15:00Z,-30.27,-627.17,0,0,43,41.34,0.11,0,25.16,831,16.14,1438.92,1126.47,551.88,21.65,2.26,0,0,2.06,1.38,0.01,0,8.22,-20.57
2025-12-21T13:20:00Z,-132.71,-637.16,0,0,44,41.34,0.11,0,21,885.62,19.75,1459.68,1051.21,533.27,21.53,2.21,0,0,2.11,1.38,0.01,0,9.15,-20.1
2025-12-21T13:25:00Z,-129.3,-674.67,0,0,44,41.34,0.11,0,25.91,890.44,22.49,1480.43,1003.5,531.23,21.42,2.31,0,0,2.11,1.38,0.01,0,8.44,-20.57
2025-12-21T13:30:00Z,-168.22,-610.16,0,-0.1,40,41.34,0.11,0,0.01,873.68,16.22,1501.19,995.17,529.29,21.3,2.08,0,0,1.92,1.38,0.01,0,8.72,-41.97
2025-12-21T13:35:00Z,-266.69,-443.24,0,-0.1,41,41.34,0.11,0,0.02,792.31,9.91,1510.89,1047.12,551.64,21.38,1.68,0,0,1.97,1.38,0.01,0,11.93,-41.97
2025-12-21T13:40:00Z,-240.75,-466.85,0,-0.1,44,41.34,0.11,0,8.23,795.04,12.32,1520.59,1005.01,549.05,21.47,1.81,0,0,2.11,1.38,0.01,0,11.82,-31.29
2025-12-21T13:45:00Z,-235.74,-477.04,0,-0.09,40,41.34,0.11,0,0.02,808.43,13.39,1530.29,951.29,539.97,21.55,1.75,0,0,1.92,1.38,0.01,0,10.9,-31.29
2025-12-21T13:50:00Z,-214.32,-490.86,0,-0.09,41,41.34,0.11,0,0.66,807.01,17.62,1539.98,958.91,539.43,21.63,1.82,0,0,1.97,1.38,0.01,0,10.63,-20.57
2025-12-21T13:55:00Z,-273.05,-507.48,0,0,43,41.34,0.11,0,4.78,880.91,19.43,1549.68,935.99,527.31,21.72,1.77,0,0,2.06,1.38,0.01,0,11.48,-89
2025-12-21T14:00:00Z,-246.63,-431.23,0,0,42,41.34,0.11,0,0.02,791.02,5.39,1559.38,1001.23,572.45,21.8,1.67,0,0,2.02,1.38,0.01,0,11.83,-91.88
2025-12-21T14:05:00Z,-183.56,-300.94,0,0,45,41.34,0.11,0,6.37,614.48,6.72,1531.34,1174.07,562.18,21.85,1.5,0,0,2.16,1.38,0.01,0,14,-37.56
2025-12-21T14:10:00Z,-222.24,-347.34,0,0,44,41.34,0.11,0,5.47,739.41,12.9,1503.3,975.59,554.78,21.9,1.44,0,0,2.11,1.38,0.01,0,13.91,-20.1
2025-12-21T14:15:00Z,-162.08,-498.65,0,0,41,41.34,0.11,0,0.04,867.37,18.05,1475.26,929.91,532.23,21.95,1.73,0,0,1.97,1.38,0.01,0,10.96,-52.04
2025-12-21T14:20:00Z,-322.45,-251.31,0,0,43,41.34,0.11,0,3.14,807.17,10.46,0,961.6,563.69,22,0.96,0,0,2.06,1.38,0.01,0,90.35,-20
2025-12-21T14:25:00Z,-184.92,-501.89,0,0,44,41.34,0.11,0,0.28,936.93,24.25,0,913.22,525.93,22.05,1.68,0,0,2.11,1.38,0.01,0,60.76,-20.57
2025-12-21T14:30:00Z,-266.92,-385.11,0,0,41,41.34,0.11,0,6.95,913.89,17.59,1391.13,915.08,514.15,22.1,1.27,0,0,1.97,1.38,0.01,0,14.26,-21
2025-12-21T14:35:00Z,-233.85,-411.84,0,0,40,40.67,0.1,0,0.02,913.02,17.27,1382.99,905.88,518.15,22.02,1.34,0,0,1.92,1.36,0.01,0,13.37,-21
2025-12-21T14:40:00Z,-271.07,-387.54,0,0,40,41.34,0.11,0,4.89,917.88,16.56,1374.84,913.18,530.16,21.93,1.26,0,0,1.92,1.38,0.01,0,14.19,-21
2025-12-21T14:45:00Z,-231.32,-394.9,0,0,40,41.34,0.11,0,5.51,902.87,16.62,1366.7,919.16,504.53,21.85,1.3,0,0,1.92,1.38,0.01,0,13.82,-20
2025-12-21T14:50:00Z,-143,-515.4,0,0,43,41.34,0.11,0,13.9,948.41,25.75,1358.55,885.07,514.45,21.77,1.66,0,0,2.06,1.38,0.01,0,12.15,-15.08
2025-12-21T14:55:00Z,-173.52,-639.71,0,0,43,41.34,0.11,0,20.95,1082.02,53.79,1350.41,741.16,492.89,21.68,1.78,0,0,2.06,1.38,0.01,0,11.3,-9.5
2025-12-21T15:00:00Z,-105.43,-693.83,0,-0.1,40,41.34,0.11,0,9.74,1079.95,69.2,1342.26,762.71,471.04,21.6,1.85,0,0,1.92,1.38,0.01,0,9.82,-7.25
2025-12-21T15:05:00Z,-223.46,-643.61,0,-0.1,40,41.34,0.11,0,3.89,1095.15,93.59,1350.13,745.64,435.39,21.6,1.67,0,0,1.92,1.38,0.01,0,11.19,-7
2025-12-21T15:10:00Z,-256.1,-660.62,0,-0.1,40,41.34,0.11,0,8.59,1139.6,110.64,1358,720.45,416.64,21.6,1.63,0,0,1.92,1.38,0.01,0,11.31,-7
2025-12-21T15:15:00Z,-223.9,-710.12,0,-0.1,40,41.34,0.11,0,5.24,1153.98,99.88,1365.86,654.33,388.26,21.6,1.75,0,0,1.92,1.38,0.01,0,10.54,-9.5
2025-12-21T15:20:00Z,-217.61,-636.85,0,-0.1,40,41.34,0.11,0,0.41,1098.9,74.71,1373.73,783.01,414.74,21.6,1.68,0,0,1.92,1.38,0.01,0,11.03,-11.01
2025-12-21T15:25:00Z,-220.88,-599.07,0,0,40,42.02,0.11,0,1.17,1089.05,57.5,1381.59,814.15,462.85,21.6,1.62,0,0,1.92,1.41,0.01,0,11.45,-11.33
2025-12-21T15:30:00Z,-281.85,-531.34,0,0.01,40,41.34,0.11,0,3.31,1097.66,56.47,1389.46,1009.33,452.02,21.6,1.42,0,0,1.92,1.38,0.01,0,12.5,-7.25
2025-12-21T15:35:00Z,-395.76,-456.42,0,0,41,41.34,0.11,0,4.77,1121.53,69.89,1363.02,1023.15,365.25,21.45,1.2,0,0,1.97,1.38,0.01,0,14.48,-20.1
2025-12-21T15:40:00Z,-442.48,-168.93,0,0,40,41.34,0.11,0,0,939.81,25.87,1336.57,1258.46,404.59,21.3,0.53,0,0,1.92,1.38,0.01,0,18.8,-20.57
2025-12-21T15:45:00Z,-329.83,-206.16,0,0,40,41.34,0.11,0,0,931.73,17.04,1310.13,1214.69,466.48,21.15,0.66,0,0,1.92,1.38,0.01,0,17.61,-20
2025-12-21T15:50:00Z,-350.09,-174.73,0,0.01,40,41.34,0.11,0,0,948.62,23.16,1283.69,1263.57,470.17,21,0.55,0,0,1.92,1.38,0.01,0,18.29,-20
2025-12-21T15:55:00Z,-387.65,-224.69,0,0,40,41.34,0.11,0,0,1063.11,27.37,1257.24,1132.3,435.87,20.85,0.63,0,0,1.92,1.38,0.01,0,17.67,-19.88
2025-12-21T16:00:00Z,-419.39,-260.77,0,0.01,40,41.34,0.11,0,0.5,1098.75,24.36,1230.8,1121.9,451.74,20.7,0.72,0,0,1.92,1.38,0.01,0,17.74,-20
2025-12-21T16:05:00Z,-472.49,-208.18,0,0,40,41.34,0.11,0,0,1090.1,23.34,1225.68,1123.98,464.98,20.6,0.58,0,0,1.92,1.38,0.01,0,18.85,-20
2025-12-21T16:10:00Z,-451.79,-186.18,0,0,40,41.34,0.11,0,0,1017.84,23.51,1220.57,1196.33,481.81,20.5,0.55,0,0,1.92,1.38,0.01,0,19.43,-20.1
2025-12-21T16:15:00Z,-348.27,-204.38,0,0,40,41.34,0.11,0,0.6,950.72,19.48,1215.45,1231.52,492.91,20.4,0.64,0,0,1.92,1.38,0.01,0,18.66,-20
2025-12-21T16:20:00Z,-377.76,-213.76,0,0.01,40,40.67,0.11,0,0.5,1025.82,23.56,1210.33,1146.28,496.12,20.3,0.62,0,0,1.92,1.36,0.01,0,18.3,-20
2025-12-21T16:25:00Z,-418.73,-100.41,0,0,40,42.02,0.11,0,0,967.72,22.18,1205.22,1245.95,428.22,20.2,0.31,0,0,1.92,1.41,0.01,0,20.62,-19.88
2025-12-21T16:30:00Z,-415.06,-209.76,0,0.01,40,41.34,0.11,0,0.4,1109.93,29.38,1200.1,1093.98,409.77,20.1,0.57,0,0,1.92,1.38,0.01,0,18.32,-20.57
2025-12-21T16:35:00Z,-292.54,-129.84,0,0.01,40,41.34,0.11,0,0,937.12,16.95,1167.79,1267.78,355.56,19.92,0.42,0,0,1.92,1.38,0.01,0,19.52,-89
2025-12-21T16:40:00Z,-381.22,0,111.64,0.01,40,41.34,0.11,0,0,801.81,2.76,1135.47,1363.81,447.08,19.73,0,6.21,0,1.92,1.38,0.01,0,74.76,-59
2025-12-21T16:45:00Z,-367.13,0,131.9,0.01,41,42.02,0.11,0,0.2,819.61,8.4,1103.15,1322.82,397.76,19.55,0,7.48,0,1.97,1.41,0.01,0,86.02,-85.99
2025-12-21T16:50:00Z,-393.36,0,135.91,0,43,41.34,0.11,0,6.2,861.82,3.77,1070.84,1332.33,435.14,19.37,0,7.67,0,2.06,1.38,0.01,0,89.16,-89.1
2025-12-21T16:55:00Z,-392.77,0,311.11,0.01,44,41.34,0.11,0,3.7,746.24,2.91,1038.52,1446.62,434.85,19.18,0,17.5,0,2.11,1.38,0.01,0,214.84,-89
2025-12-21T17:00:00Z,-408.51,0,287.98,0,40,41.34,0.11,0,0,808.67,0.79,1006.21,1385.96,441.28,19,0,16.63,0,1.92,1.38,0.01,0,199.32,-89
2025-12-21T17:05:00Z,-395.47,0,280.78,0,40,42.02,0.11,0,2.09,800.34,1.14,977.75,1370.62,397.15,19.02,0,16.78,0,1.92,1.41,0.01,0,203.33,-89.1
2025-12-21T17:10:00Z,-385.78,0,375.63,0,40,42.02,0.11,0,0,717.29,0.78,949.3,1467.34,385.42,19.03,0,22.75,0,1.92,1.41,0.01,0,316.76,-89
2025-12-21T17:15:00Z,-339.54,0,265.93,0,40,41.34,0.11,0,0,820.98,0.84,920.85,1383.93,332.11,19.05,0,15.77,0,1.92,1.38,0.01,0,187.87,-34.89
2025-12-21T17:20:00Z,-177.68,0,60.45,0.01,40,42.02,0.11,0,0,848.28,4.1,892.4,1335.95,362.72,19.07,0,3.44,0,1.92,1.41,0.01,0,51.13,-18.82
2025-12-21T17:25:00Z,-119.1,-177.1,0,0,41,42.02,0.11,0,6.65,1036.55,21.28,863.95,1120.67,345.37,19.08,0.52,0,0,1.97,1.41,0.01,0,20,-18.89
2025-12-21T17:30:00Z,-88.34,-72.1,0,0,40,42.02,0.11,0,2.46,918.66,16.92,835.5,1272.57,296.6,19.1,0.24,0,0,1.92,1.41,0.01,0,21.93,-17.36
2025-12-21T17:35:00Z,-198.47,-43.98,0,0,40,42.02,0.11,0,0,1021.88,20.53,807.87,1136.32,248.57,19,0.13,0,0,1.92,1.41,0.01,0,22.74,-13.27
2025-12-21T17:40:00Z,-167.35,-130.22,0,0,42,41.34,0.11,0,1.82,1069.7,46.31,780.25,1080.62,244.18,18.9,0.37,0,0,2.02,1.38,0.01,0,21.64,-6.82
2025-12-21T17:45:00Z,-102.17,-243.73,0,0,44,41.34,0.11,0,13.48,1117.9,76.12,752.62,1014.48,228.67,18.8,0.66,0,0,2.11,1.38,0.01,0,20.07,-6.41
2025-12-21T17:50:00Z,-118.22,-261.37,0,0,41,41.34,0.11,0,0.03,1154.71,78.6,725,1047.83,228.18,18.7,0.67,0,0,1.97,1.38,0.01,0,19.44,-6.98
2025-12-21T17:55:00Z,-25.46,-312.05,0,0,40,42.02,0.11,0,0,1139.47,110.26,697.37,1049.07,223.64,18.6,0.78,0,0,1.92,1.41,0.01,0,18.1,-10.4
2025-12-21T18:00:00Z,-6.69,-231.09,0,0,41,41.34,0.11,0,0.76,1140.77,53.14,669.75,1032.69,299.63,18.5,0.61,0,0,1.97,1.38,0.01,0,19.31,-12.6
2025-12-21T18:05:00Z,-51.65,-231.24,0,0,40,42.02,0.11,0,0.01,1226.09,54.77,628.58,984.99,231.03,18.38,0.57,0,0,1.92,1.41,0.01,0,19.44,-6.91
2025-12-21T18:10:00Z,-21.95,-295.5,0,-0.1,40,42.02,0.11,0,5.08,1182.27,71.51,587.41,976.6,127.69,18.27,0.73,0,0,1.92,1.41,0.01,0,19.36,-11.69
2025-12-21T18:15:00Z,-0.86,-226.21,0,-0.1,42,42.02,0.11,0,15.84,1144.65,132.92,546.25,1023.34,150.71,18.15,0.56,0,0,2.02,1.41,0.01,0,20.27,-17.85
2025-12-21T18:20:00Z,-3.08,-236.13,0,-0.1,41,42.02,0.1,0,9.77,1219.33,101.93,505.08,961.46,136.28,18.03,0.56,0,0,1.97,1.41,0.01,0,20.12,-6.69
2025-12-21T18:25:00Z,-1.08,-193.01,0,0,40,42.02,0.11,0,6.39,1130.03,126.2,463.92,928.94,5.06,17.92,0.48,0,0,1.92,1.41,0.01,0,21.22,-6.96
2025-12-21T18:30:00Z,-3.39,-162.53,0,0,40,42.02,0.11,0,6.84,1131.74,178.3,422.75,971.94,10.45,17.8,0.39,0,0,1.92,1.41,0.01,0,21.35,-6.24
2025-12-21T18:35:00Z,-0.12,-287.48,0,0,41,42.02,0.11,0,6.65,1305.26,166.21,385.09,799.12,8.35,17.77,0.62,0,0,1.97,1.41,0.01,0,19.96,-6.25
2025-12-21T18:40:00Z,-8.16,-274.73,0,0,40,42.69,0.11,0,4.2,1349.2,152.38,347.43,774.62,11.66,17.73,0.58,0,0,1.92,1.43,0.01,0,20.15,-6.25
2025-12-21T18:45:00Z,-4.6,-249.7,0,0,42,42.02,0.11,0,10,1351.54,140.81,309.77,740.77,1.57,17.7,0.54,0,0,2.02,1.41,0.01,0,21.12,-6.96
2025-12-21T18:50:00Z,-3.12,-235.66,0,0,43,42.02,0.11,0,20.51,1364.54,121.14,272.12,742.07,7.7,17.67,0.51,0,0,2.06,1.41,0.01,0,21.88,-6.24
2025-12-21T18:55:00Z,-14.66,-202.4,0,0,40,42.02,0.11,0,3.67,1400.94,107.69,234.46,650.54,5.67,17.63,0.42,0,0,1.92,1.41,0.01,0,21.66,-5.93
2025-12-21T19:00:00Z,-5,-254.35,0,0,41,42.02,0.11,0,10.56,1457.28,89,196.8,618.35,5.02,17.6,0.52,0,0,1.97,1.41,0.01,0,21.73,-6.25
2025-12-21T19:05:00Z,-7.36,-226.55,0,0,40,42.02,0.11,0,5.55,1472.62,75.03,175.62,552.59,4.2,17.57,0.46,0,0,1.92,1.41,0.01,0,21.85,-1.97
2025-12-21T19:10:00Z,-19.45,-347.28,0,0,42,42.02,0.11,0,15.06,1612.13,70.37,154.45,271.26,2.3,17.53,0.67,0,0,2.02,1.41,0.01,0,21.11,-2.27
2025-12-21T19:15:00Z,-27.01,-341.41,0,0,40,42.02,0.11,0,3.58,1662.41,52.74,133.28,365.57,3.45,17.5,0.63,0,0,1.92,1.41,0.01,0,20.7,-4.21
2025-12-21T19:20:00Z,-44,-377.63,0,0,40,42.69,0.11,0,1.84,1745.54,43.27,112.1,281.15,0.75,17.47,0.68,0,0,1.92,1.43,0.01,0,20.56,-6.69
2025-12-21T19:25:00Z,-18.21,-380.89,0,0,40,42.02,0.11,0,5.42,1734.99,35.89,90.93,289.42,1.12,17.43,0.68,0,0,1.92,1.41,0.01,0,20.51,-5.6
2025-12-21T19:30:00Z,-11.79,-398.06,0,0,40,42.02,0.11,0,3.81,1784.64,23.6,69.75,266.88,0,17.4,0.7,0,0,1.92,1.41,0.01,0,20.33,0.01
2025-12-21T19:35:00Z,-8.02,-621.8,0,0,40,41.34,0.11,0,4.03,2038.38,20.42,59.53,102.34,0.55,17.33,0.96,0,0,1.92,1.38,0.01,0,17.92,19.13
2025-12-21T19:40:00Z,-3.81,-603.34,0,0,40,42.02,0.11,0,7.06,2014.22,11.17,49.3,100.42,0.19,17.27,0.95,0,0,1.92,1.41,0.01,0,18.36,16.48
2025-12-21T19:45:00Z,-33.73,-547.92,0,0,40,42.69,0.11,0,4.72,1979.53,6,39.08,95.23,0,17.2,0.89,0,0,1.92,1.43,0.01,0,19.36,16.04
2025-12-21T19:50:00Z,-1.83,-527.46,0,0,40,42.02,0.11,0,4.1,1941.52,4.52,28.85,95.23,0,17.13,0.87,0,0,1.92,1.41,0.01,0,19.33,16.56
2025-12-21T19:55:00Z,-3.4,-503.23,0,0,40,42.02,0.11,0,5.34,1922.03,1.89,18.62,92.26,0,17.07,0.83,0,0,1.92,1.41,0.01,0,19.69,14.15
2025-12-21T20:00:00Z,-0.76,-472.09,0,0,40,42.02,0.11,0,6.58,1879.65,0.6,8.4,87.89,0,17,0.8,0,0,1.92,1.41,0.01,0,20.21,11.19
2025-12-21T20:05:00Z,-4.7,-427.59,0,0,40,42.02,0.11,0,4.76,1835.26,0.06,7,87.38,0,16.95,0.74,0,0,1.92,1.41,0.01,0,20.78,20.2
2025-12-21T20:10:00Z,-15.17,-384.63,0,0,40,42.02,0.11,0,2.14,1808.69,0.02,5.6,54.65,0,16.9,0.68,0,0,1.92,1.41,0.01,0,21.26,14.99
2025-12-21T20:15:00Z,-1.44,-324.6,0,0,40,41.34,0.11,0,9.32,1719.42,0.02,4.2,85.48,0,16.85,0.59,0,0,1.92,1.38,0.01,0,21.91,12.12
2025-12-21T20:20:00Z,-5.1,-231.21,0,0,0,41.34,0.11,0,4.55,1685.37,0.02,2.8,83.09,0,16.8,0.19,0,0,0,1.38,0.01,0,9.66,12.39
2025-12-21T20:25:00Z,-0.4,-211.8,0,0,0,42.02,0.11,0,8.65,1653,0.02,1.4,81.96,0,16.75,0.18,0,0,0,1.41,0.01,0,9.95,12.42
2025-12-21T20:30:00Z,-0.36,-132.72,0,0,0,42.02,0.1,0,7.07,1593.02,0.02,0,83.09,0,16.7,0.11,0,0,0,1.41,0.01,0,10.33,12.66
2025-12-21T20:35:00Z,-0.33,-142.21,0,0,0,41.34,0.11,0,6.67,1606.34,0.02,0,83.09,0,16.63,0.12,0,0,0,1.38,0.01,0,10.09,7.9
2025-12-21T20:40:00Z,-5.73,-111.77,0,0,0,42.02,0.11,0,5.64,1592.66,0.02,0,66.98,0,16.57,0.1,0,0,0,1.41,0.01,0,10.38,2.9
2025-12-21T20:45:00Z,-1.14,-120.95,0,0,0,42.69,0.11,0,7.4,1588.39,0.02,0,66.98,0,16.5,0.11,0,0,0,1.43,0.01,0,10.53,8.93
2025-12-21T20:50:00Z,-1.65,-76.44,0,0,0,41.34,0.11,0,4.42,1533.94,0,0,66.98,0,16.43,0.07,0,0,0,1.38,0.01,0,10.58,9.13
2025-12-21T20:55:00Z,-10.93,0,2.85,0,0,41.34,0.11,0,6.59,1471.72,0,0,66.98,0,16.37,0,0.15,0,0,1.38,0.01,0,12.28,9.22
2025-12-21T21:00:00Z,-5.91,-15.28,0,0,0,41.34,0.11,0,4.12,1456.76,0,0,66.98,0,16.3,0.01,0,0,0,1.38,0.01,0,11.16,9.16
2025-12-21T21:05:00Z,-3.4,-22.93,0,0,0,42.02,0.11,0,7.38,1464.9,0,0,66.98,0,16.28,0.02,0,0,0,1.41,0.01,0,11.23,9.18
2025-12-21T21:10:00Z,-0.72,-69.86,0,0,0,42.02,0.11,0,8.29,1492.39,0,0,66.98,0,16.27,0.06,0,0,0,1.41,0.01,0,11,12.98
2025-12-21T21:15:00Z,-0.84,-74.08,0,0,0,42.02,0.11,0,5.11,1506.01,0,0,64.11,0,16.25,0.07,0,0,0,1.41,0.01,0,10.93,9.14
2025-12-21T21:20:00Z,-5.45,-21.67,0,0,0,42.02,0.11,0,8.25,1445.64,0,0,58.81,0,16.23,0.02,0,0,0,1.41,0.01,0,11.38,2.92
2025-12-21T21:25:00Z,-0.11,-51.63,0,0,0,42.02,0.11,0,14.65,1462.67,0,0,0,0,16.22,0.05,0,0,0,1.41,0.01,0,11.17,9.18
2025-12-21T21:30:00Z,-2.28,-45.89,0,0,0,42.02,0.11,0,6.17,1442.36,0,0,0,0,16.2,0.04,0,0,0,1.41,0.01,0,11.4,9.13
2025-12-21T21:35:00Z,-1.61,-70.96,0,0,0,40.67,0.11,0,9.84,1461.43,0,0,0.65,0,16.18,0.06,0,0,0,1.36,0.01,0,10.88,12.9
2025-12-21T21:40:00Z,-0.02,-22.45,0,0,0,42.02,0.11,0,20.99,1403.02,0,0,1.88,0,16.17,0.02,0,0,0,1.41,0.01,0,11.57,13.29
2025-12-21T21:45:00Z,-3.43,0,43.95,0,0,42.02,0.11,0,4.35,1347.86,0,0,0,0,16.15,0,2.46,0,0,1.41,0.01,0,34.48,14.14
2025-12-21T21:50:00Z,-0.78,0,69.05,0,0,42.02,0.11,0,8.73,1301.45,0,0,0,0,16.13,0,3.79,0,0,1.41,0.01,0,48.67,20.78
2025-12-21T21:55:00Z,-1.1,0,41.51,0,0,42.02,0.11,0,84.71,1244.81,0,0,0,0,16.12,0,2.42,0,0,1.41,0.01,0,34.66,13.55
2025-12-21T22:00:00Z,-0.67,0,151.83,0,0,42.02,0.11,0,9.86,1220.19,0,0,0,0,16.1,0,8.7,0,0,1.41,0.01,0,108.36,14.47
2025-12-21T22:05:00Z,0,0,176.17,0,0,42.69,0.11,0,17.81,1171.4,0,0,0,0,16.07,0,10.03,0,0,1.43,0.01,0,130.3,20.62
2025-12-21T22:10:00Z,0,0,125.34,0,0,42.69,0.11,0,63.69,1156.82,0,0,0,0,16.03,0,7.2,0,0,1.43,0.01,0,91.09,20.34
2025-12-21T22:15:00Z,-0.07,0,88.23,0,0,42.02,0.11,0,145.14,1103.39,0,0,0,0,16,0,5.21,0,0,1.41,0.01,0,66.11,59.55
2025-12-21T22:20:00Z,-0.17,-27.91,0,0,0,42.02,0.11,0,280.5,1057.54,0,0,0,0,15.97,0.03,0,0,0,1.41,0.01,0,12.29,59.55
2025-12-21T22:25:00Z,-0.07,0,58.05,0,0,42.02,0.11,0,189.51,1040.86,0,0,0,0,15.93,0,3.57,0,0,1.41,0.01,0,49.26,38.65
2025-12-21T22:30:00Z,-0.17,0,161.78,0,0,42.02,0.11,0,107.66,1037.77,0,0,0,0,15.9,0,10.13,0,0,1.41,0.01,0,135.07,68.42
2025-12-21T22:35:00Z,-0.01,-4.04,0,0,0,42.02,0.11,0,258.77,1019.97,0,0,0,0,15.82,0,0,0,0,1.41,0.01,0,12.84,31.31
2025-12-21T22:40:00Z,-2.25,0,156.22,0,0,42.02,0.11,0,173.39,987.05,0,0,0,0,15.73,0,9.7,0,0,1.41,0.01,0,127.77,38.21
2025-12-21T22:45:00Z,-1.05,0,238.42,0,0,42.02,0.11,0,122.32,935.66,0,0,0,0,15.65,0,14.85,0,0,1.41,0.01,0,226.75,72.42
2025-12-21T22:50:00Z,0,0,133.86,0,0,42.02,0.11,0,234.74,905.67,0,0,0,0,15.57,0,8.89,0,0,1.41,0.01,0,117.86,59.55
2025-12-21T22:55:00Z,-0.35,0,151.97,0,0,42.69,0.11,0,205.72,893.96,0,0,0,0,15.48,0,9.89,0,0,1.43,0.01,0,137.21,59.55
2025-12-21T23:00:00Z,0,0,177.04,0,0,42.02,0.11,0,197.97,865.3,0,0,0,0,15.4,0,11.67,0,0,1.41,0.01,0,169.07,66.02
2025-12-21T23:05:00Z,-0.63,0,167.94,0,0,42.02,0.11,0,219.95,846.5,0,0,0,0,15.27,0,11.04,0,0,1.41,0.01,0,158.94,59.55
2025-12-21T23:10:00Z,0,0,24.73,0,0,42.02,0.11,0,385.72,839.14,0,0,0,0,15.13,0,1.64,0,0,1.41,0.01,0,29.47,74.72
2025-12-21T23:15:00Z,0,0,80.91,0,0,42.02,0.11,0,304.03,848.33,0,0,0,0,15,0,5.37,0,0,1.41,0.01,0,73.1,62.91
2025-12-21T23:20:00Z,-0.23,-54.15,0,0,0,42.02,0.11,0,421.07,863.08,0,0,0,0,14.87,0.06,0,0,0,1.41,0.01,0,12.79,66.8
2025-12-21T23:25:00Z,-1.1,0,148.23,0,0,42.02,0.11,0,207.43,891.05,0,0,0,0,14.73,0,9.85,0,0,1.41,0.01,0,136.38,68.29
2025-12-21T23:30:00Z,-0.04,0,161.76,0,0,41.34,0.11,0,182.42,883.72,0,0,0,0,14.6,0,10.9,0,0,1.38,0.01,0,155.97,77.29
2025-12-21T23:35:00Z,-6.66,0,262.92,0,0,42.69,0.11,0,105.7,880.68,0,0,0,0,14.48,0,17.45,0,0,1.43,0.01,0,298.37,74.3
2025-12-21T23:40:00Z,-1.55,0,347.25,0,0,41.34,0.11,0,108.01,842.51,0,0,0,0,14.37,0,23.55,0,0,1.38,0.01,0,465.33,76.1
2025-12-21T23:45:00Z,-1.45,0,324.59,0,0,42.02,0.1,0,106.9,862.38,0,0,0,0,14.25,0,21.58,0,0,1.41,0.01,0,402.55,71.42
2025-12-21T23:50:00Z,-0.62,0,322.84,0,0,42.02,0.11,0,125.15,856.88,0,0,0,0,14.13,0,21.6,0,0,1.41,0.01,0,394.2,73.86
2025-12-21T23:55:00Z,-0.39,0,215.48,0,0,42.02,0.11,0,222.89,856.76,0,0,0,0,14.02,0,14.94,0,0,1.41,0.01,0,216.61,74.83
2025-12-22T00:00:00Z,-0.93,0,211.53,0,0,42.02,0.11,0,220.8,859.92,0,0,0,0,13.9,0,14.08,0,0,1.41,0.01,0,204.24,59.55
2025-12-22T00:05:00Z,-2.62,0,267.56,0,0,42.69,0.11,0,146.85,864.38,0,0,0,0,13.83,0,17.63,0,0,1.43,0.01,0,291.96,62.53
2025-12-22T00:10:00Z,-0.17,0,157.06,0,0,58.79,0.11,0,183.71,908.43,0,0,0,0,13.77,0,10.55,0,0,1.97,0.01,0,151.22,67.99
2025-12-22T00:15:00Z,-0.71,0,259.3,0,0,59.46,0.11,0,119.64,883.25,0,0,0,0,13.7,0,16.78,0,0,1.99,0.01,0,280.76,66.56
2025-12-22T00:20:00Z,-1.05,0,326.85,0,0,58.12,0.11,0,107.93,843.34,0,0,0,0,13.63,0,21.22,0,0,1.95,0.01,0,407.94,70.35
2025-12-22T00:25:00Z,-0.17,0,255.09,0,0,59.46,0.11,0,232.59,814.12,0,0,0,0,13.57,0,16.9,0,0,1.99,0.01,0,266.5,72.49
2025-12-22T00:30:00Z,-0.63,0,397.84,0,0,60.14,0.11,0,107.87,785.06,0,0,0,0,13.5,0,26.39,0,0,2.01,0.01,0,614.6,73.86
2025-12-22T00:35:00Z,-1.09,0,443.82,0,0,59.46,0.11,0,107.42,751.22,0,0,0,0,13.52,0,29.63,0,0,1.99,0.01,0,801.87,75.65
2025-12-22T00:40:00Z,-0.55,0,485.23,0,0,59.46,0.11,0,113.55,720.56,0,0,0,0,13.53,0,32.87,0,0,1.99,0.01,0,1025.87,79.09
2025-12-22T00:45:00Z,-0.41,0,479.64,0,0,58.12,0.11,0,94.19,742.22,0,0,0,0,13.55,0,33.28,0,0,1.95,0.01,0,1019.92,83.5
2025-12-22T00:50:00Z,-1.49,0,472.18,0,0,60.14,0.11,0,117.34,719.92,0,0,0,0,13.57,0,32.68,0,0,2.01,0.01,0,982.41,73.77
2025-12-22T00:55:00Z,-0.4,0,482.04,0,0,58.79,0.11,0,112.39,711.25,0,0,0,0,13.58,0,32.81,0,0,1.97,0.01,0,1043.26,76.11
2025-12-22T01:00:00Z,-0.23,0,543,0,0,59.46,0.11,0,83.22,699.77,0,0,0,0,13.6,0,36.75,0,0,1.99,0.01,0,1553.36,81.28
2025-12-22T01:05:00Z,-0.35,0,625.71,0,0,59.46,0.11,0,9.01,683.32,0,0,0,0,13.73,0,41.99,0,0,1.99,0.01,0,4194.68,81.26
2025-12-22T01:10:00Z,-0.42,0,640.83,0,0,59.46,0.11,0,8.58,670.11,0,0,0,0,13.87,0,42.87,0,0,1.99,0.01,0,5550.23,80.93
2025-12-22T01:15:00Z,-2.15,0,559.55,0,0,58.79,0.11,0,97.57,656.47,0,0,0,0,14,0,37.86,0,0,1.97,0.01,0,1902.87,81.31
2025-12-22T01:20:00Z,-0.64,0,615.75,0,0,59.46,0.11,0,31.07,650.69,0,0,0,0,14.13,0,40.94,0,0,1.99,0.01,0,4124.15,81.22
2025-12-22T01:25:00Z,-0.43,0,519.06,0,0,58.79,0.11,0,125.39,645.64,0,0,0,0,14.27,0,35.56,0,0,1.97,0.01,0,1451.1,80.76
2025-12-22T01:30:00Z,-1.54,0,567.65,0,0,58.79,0.11,0,97.03,633.3,0,0,0,0,14.4,0,38.89,0,0,1.97,0.01,0,2228.75,82.42
2025-12-22T01:35:00Z,-0.39,0,635.84,0,0,59.46,0.11,0,9.72,643.02,0,0,0,0,14.4,0,42.88,0,0,1.99,0.01,0,7078.95,69.68
2025-12-22T01:40:00Z,-1.11,0,423.1,0,0,58.79,0.11,0,189.69,670.51,0,0,0,0,14.4,0,28.82,0,0,1.97,0.01,0,746.74,79.07
2025-12-22T01:45:00Z,-0.8,0,494.24,0,0,59.46,0.11,0,103,675.51,0,0,0,0,14.4,0,34.35,0,0,1.99,0.01,0,1271.44,77.14
2025-12-22T01:50:00Z,-2.07,0,504.46,0,0,59.46,0.11,0,59.96,704.37,0,0,0,0,14.4,0,35.04,0,0,1.99,0.01,0,1400.28,76.91
2025-12-22T01:55:00Z,-0.61,0,528.57,0,0,59.46,0.11,0,8.31,736.33,0,0,0,0,14.4,0,36.76,0,0,1.99,0.01,0,1691.03,75.7
2025-12-22T02:00:00Z,-1.09,0,516.73,0,0,59.46,0.11,0,6.97,742.76,0,0,0,0,14.4,0,35.99,0,0,1.99,0.01,0,1563.92,76.62
2025-12-22T02:05:00Z,-3.04,0,525.48,0,0,58.79,0.11,0,7.47,730.09,0,0,0,0,14.23,0,36.59,0,0,1.97,0.01,0,1726.94,76.56
2025-12-22T02:10:00Z,-0.64,0,504.6,0,0,59.46,0.11,0,7.42,740.33,0,0,0,0,14.07,0,34.83,0,0,1.99,0.01,0,1462.98,75.13
2025-12-22T02:15:00Z,-0.81,0,495.81,0,0,60.14,0.11,0,30.65,728.51,0,0,0,0,13.9,0,34.45,0,0,2.01,0.01,0,1356,93.68
2025-12-22T02:20:00Z,-4.97,0,526.87,0,0,59.46,0.11,0,16.35,699.91,0,0,0,0,13.73,0,36.92,0,0,1.99,0.01,0,1914.19,87.39
2025-12-22T02:25:00Z,-2.45,0,555.04,0,0,59.46,0.11,0,15.95,676.37,0,0,0,0,13.57,0,38.5,0,0,1.99,0.01,0,2499.8,82.07
2025-12-22T02:30:00Z,-3.58,0,554.33,0,0,59.46,0.11,0,25.2,662.82,0,0,0,0,13.4,0,38.56,0,0,1.99,0.01,0,2565.61,82.14
2025-12-22T02:35:00Z,-3.34,0,564.29,0,0,58.79,0.11,0,13.78,656.62,0,0,0,0,13.42,0,38.81,0,0,1.97,0.01,0,3027.2,77.71
2025-12-22T02:40:00Z,-1.95,0,565.32,0,0,58.79,0.1,0,29.61,648.12,0,0,0,0,13.43,0,38.7,0,0,1.97,0.01,0,2882.12,80.43
2025-12-22T02:45:00Z,-4.07,0,589.96,0,0,58.79,0.11,0,19.9,641.26,0,0,0,0,13.45,0,40.59,0,0,1.97,0.01,0,4052.96,94.21
2025-12-22T02:50:00Z,-2.55,0,605.21,-0.1,0,58.79,0.11,0,15.23,635.4,0,0,0,0,13.47,0,41.96,0,0,1.97,0.01,0,5185.22,90.66
2025-12-22T02:55:00Z,-1.24,0,616.7,-0.1,0,59.46,0.11,0,1.07,628.81,0,0,0,0,13.48,0,42.72,0,0,1.99,0.01,0,7514.37,90
2025-12-22T03:00:00Z,-2.76,0,620.18,0,0,59.46,0.11,0,15.81,598.01,0,0,0,0,13.5,0,42.88,0,0,1.99,0.01,0,10674.42,93.5
2025-12-22T03:05:00Z,-1.23,0,630.83,0,0,59.46,0.11,0,21.2,570.74,0,0,0,0,13.45,0,43.95,0,0,1.99,0.01,0,28352.16,97.18
2025-12-22T03:10:00Z,-0.4,0,646.34,0,0,60.14,0.11,0,61.13,516.34,0,0,0,0,13.4,0,45.21,0,0,2.01,0.01,0,62702.17,98.44
2025-12-22T03:15:00Z,-4.03,0,667.53,0,0,74.9,0.11,0,56.51,474.15,0,0,0,0,13.35,0,46.57,0,0,2.51,0.01,0,8939.35,98.44
2025-12-22T03:20:00Z,-2.87,0,632.05,-0.1,0,106.44,0.11,0,70.32,462.77,0,0,0,0,13.3,0,43.73,0,0,3.56,0.01,0,122822.6,98.44
2025-12-22T03:25:00Z,-3.47,0,702.41,0,0,97.05,0.11,0,13.35,463.54,0,0,0,0,13.25,0,48.31,0,0,3.25,0.01,0,4694.37,98.44
2025-12-22T03:30:00Z,-1.56,0,679.65,0,0,100.4,0.11,0,22,467.24,0,0,0,0,13.2,0,46.95,0,0,3.36,0.01,0,6602.41,98.44
2025-12-22T03:35:00Z,-5.52,0,661.44,-0.1,0,131.27,0.11,0,11.95,466,0,0,0,0,13.2,0,45.36,0,0,4.4,0.01,0,10342,98.44
2025-12-22T03:40:00Z,-3.32,0,745.43,-0.1,0,81.61,0.11,0,16.43,444.34,0,0,0,0,13.2,0,50.56,0,0,2.73,0.01,0,3099.2,101.38
2025-12-22T03:45:00Z,-2.41,0,642.22,-0.1,0,140,0.11,0,24.16,429.95,0,0,0,0,13.2,0,43.77,0,0,4.69,0.01,0,11511.9,102.13
2025-12-22T03:50:00Z,-5.93,0,631.52,-0.1,0,158.12,0.11,0,22.54,425.42,0,0,0,0,13.2,0,42.9,0,0,5.29,0.01,0,18442.08,102.14
2025-12-22T03:55:00Z,-2.7,0,647.09,0,0,158.79,0.11,0,21.87,432.54,0,0,0,0,13.2,0,43.65,0,0,5.32,0.01,0,16110.47,112.33
2025-12-22T04:00:00Z,-28.95,0,668.38,0,0,158.79,0.1,0,16.83,415.55,0,0,0,0,13.2,0,44.59,0,0,5.32,0.01,0,5647.31,77.38
2025-12-22T04:05:00Z,-26.38,0,688.88,0,0,111.81,0.11,0,63.22,415.21,0,0,0,0,13.27,0,45.55,0,0,3.74,0.01,0,4736.03,108.44
2025-12-22T04:10:00Z,-11.81,0,774.99,0,0,74.9,0.1,0,10.52,395.31,0,0,0,0,13.33,0,50.61,0,0,2.51,0.01,0,2083.37,100.45
2025-12-22T04:15:00Z,-12.57,0,820.5,0,0,60.81,0.11,0,32.09,373.45,0,0,0,0,13.4,0,53.33,0,0,2.04,0.01,0,1812.5,80.58
2025-12-22T04:20:00Z,-8.72,0,705.48,0,0,61.48,0.11,0,135.66,362.96,0,0,0,0,13.47,0,45.76,0,0,2.06,0.01,0,3726.75,148
2025-12-22T04:25:00Z,-11.21,0,721.09,0,0,118.52,0.1,0,29.84,371.61,0,0,0,0,13.53,0,46.6,0,0,3.97,0.01,0,2859.91,97
2025-12-22T04:30:00Z,-10.43,0,730.55,0,0,62.82,0.11,0,121.57,378.61,0,0,0,0,13.6,0,48.21,0,0,2.1,0.01,0,3394.43,82.15
2025-12-22T04:35:00Z,-10.53,0,534.96,-0.1,0,60.14,0.11,0,312.85,388.91,0,0,0,0,13.75,0,34.88,0,0,2.01,0.01,0,2046.13,104.74
2025-12-22T04:40:00Z,-1.36,0,582.32,0,0,59.46,0.11,0,217.92,397.58,0,0,0,0,13.9,0,37.79,0,0,1.99,0.01,0,5224.23,113.56
2025-12-22T04:45:00Z,-3.69,0,719.77,0,0,111.81,0.11,0,42.41,390.76,0,0,0,0,14.05,0,46.83,0,0,3.74,0.01,0,3402.87,54.94
2025-12-22T04:50:00Z,-0.42,0,466.92,0,0,71.54,0.11,0,324.08,389.45,0,0,0,0,14.2,0,29.73,0,0,2.4,0.01,0,1213.3,69.11
2025-12-22T04:55:00Z,-0.41,0,557.48,0,0,59.46,0.11,0,271.96,389.87,0,0,0,0,14.35,0,36.12,0,0,1.99,0.01,0,2797.39,74.75
2025-12-22T05:00:00Z,-0.06,0,528.44,0,0,60.14,0.11,0,288.62,393.92,0,0,0,0,14.5,0,34.31,0,0,2.01,0.01,0,2034.63,93.93
2025-12-22T05:05:00Z,-0.85,0,514.77,0,0,59.46,0.11,0,309.93,386.19,0,0.02,0,0,14.52,0,33.53,0,0,1.99,0.01,0,1776.01,79.05
2025-12-22T05:10:00Z,-10.07,0,537.62,0,0,60.14,0.11,0,295.6,402.44,0,0.04,0,0,14.53,0,35.26,0,0,2.01,0.01,0,2123.76,77.29
2025-12-22T05:15:00Z,-10.35,0,520.54,0,0,59.46,0.11,0,315.75,410.46,0,0.06,0,0,14.55,0,34.43,0,0,1.99,0.01,0,1714.44,108.44
2025-12-22T05:20:00Z,-11.33,0,516.11,0,0,109.13,0.11,0,259.51,408.83,0,0.08,0,0,14.57,0,34.17,0,0,3.65,0.01,0,1814.21,64.95
2025-12-22T05:25:00Z,-10.16,0,517.93,0,0,64.16,0.11,0,303.06,417.33,0,0.1,0,0,14.58,0,32.77,0,0,2.15,0.01,0,1633.05,75.91
2025-12-22T05:30:00Z,-9.87,0,503.62,0,0,59.46,0.11,0,308.7,433.05,0.01,0.12,0,0,14.6,0,32.64,0,0,1.99,0.01,0,1443.39,74.45
2025-12-22T05:35:00Z,-10.79,0,619.39,0,0,59.46,0.11,0,222.18,426.99,0.07,1.54,0,0,14.62,0,39.52,0,0,1.99,0.01,0,6214.63,77.1
2025-12-22T05:40:00Z,-1.32,0,652.36,0,0,60.14,0.11,0,181.79,438.44,0.45,2.96,0,0,14.63,0,41.67,0,0,2.01,0.01,0,17368.3,77.08
2025-12-22T05:45:00Z,-1.77,0,665.21,0,0,59.46,0.1,0,145.28,469.26,0.94,4.38,0,0,14.65,0,42.52,0,0,1.99,0.01,0,42981.36,56.2
2025-12-22T05:50:00Z,-0.5,0,503.05,0,0,59.46,0.1,0,301.25,465.03,2.51,5.8,0,0,14.67,0,31.93,0,0,1.99,0.01,0,1231.41,45.88
2025-12-22T05:55:00Z,-0.22,0,561.44,-0.1,0,60.81,0.11,0,258.25,455.47,3.91,7.22,0,0,14.68,0,35.4,0,0,2.04,0.01,0,2005.88,31.31
2025-12-22T06:00:00Z,-0.12,0,645.69,-0.1,0,59.46,0.11,0,151.85,475.99,7.51,8.64,0,0,14.7,0,40.39,0,0,1.99,0.01,0,8823.69,0
2025-12-22T06:05:00Z,-5.41,0,743.29,-0.1,0,60.14,0.11,0,46.73,490.45,13.14,18.29,0,0,14.77,0,46.38,0,0,2.01,0.01,0,4841.91,-2
2025-12-22T06:10:00Z,-5.09,0,826.01,-0.1,0,59.46,0.11,0,2.8,457.98,18.34,27.94,37.44,0,14.83,0,50.94,0,0,1.99,0.01,0,2401.11,-2
2025-12-22T06:15:00Z,-0.15,0,780.65,0,0,59.46,0.11,0,31.16,444.42,22.89,37.59,29.95,0,14.9,0,47.33,0,0,1.99,0.01,0,3196.78,-1.99
2025-12-22T06:20:00Z,-0.28,0,741.49,0,0,59.46,0.11,0,19.83,475.98,38.66,47.23,6.67,0,14.97,0,45.65,0,0,1.99,0.01,0,5689,98.31
2025-12-22T06:25:00Z,-0.17,0,629.83,0,0,59.46,0.11,0,99.18,482.15,50.11,56.88,0,0,15.03,0,38.95,0,0,1.99,0.01,0,4167.82,52.17
2025-12-22T06:30:00Z,0,0,550.61,0,0,60.14,0.11,0,202.03,449.86,61.18,66.53,0,0,15.1,0,34.06,0,0,2.01,0.01,0,1496.82,56.5
2025-12-22T06:35:00Z,-0.19,0,491.89,0,0,60.14,0.11,0,220.12,457.54,75.18,83.28,0,0,15.18,0,30.75,0,0,2.01,0.01,0,972.63,98
2025-12-22T06:40:00Z,-0.38,0,502.93,0,0,59.46,0.11,0,223.41,434.8,84.63,100.04,0,0,15.27,0,30.25,0,0,1.99,0.01,0,969.65,162.32
2025-12-22T06:45:00Z,-0.23,0,395.85,0,0,117.85,0.1,0,242.86,421.46,97.62,116.79,0,0,15.35,0,22.87,0,0,3.95,0.01,0,535.92,162.32
2025-12-22T06:50:00Z,-0.95,0,451.84,0,0,158.79,0.11,0,121.82,408.24,109.88,133.54,0,0,15.43,0,25.78,0,0,5.32,0.01,0,778.39,232.15
2025-12-22T06:55:00Z,-5.62,0,450.46,0,0,196.37,0.11,0,108.66,384.81,128.36,150.3,0,0,15.52,0,24.65,0,0,6.58,0.01,0,731.24,123.45
2025-12-22T07:00:00Z,-100.84,0,524.82,0,0,158.79,0.11,79.07,77.52,372.52,146.86,167.05,0,0,15.6,0,28.21,0,0,5.32,0.01,3.89,1193.33,108.44
2025-12-22T07:05:00Z,-0.24,0,416.29,0,0,150.06,0.11,81.15,23.03,392.76,159.15,185.61,0,0,15.62,0,22.46,0,0,5.02,0.01,3.99,656.58,0
2025-12-22T07:10:00Z,-23.3,0,497.91,0,0,95.7,0.11,55.24,7.21,398.82,186.78,204.18,0,0,15.63,0,26.76,0,0,3.2,0.01,2.71,918.82,0
2025-12-22T07:15:00Z,-23.95,0,447.84,-0.1,0,60.81,0.1,80.83,29.85,413.83,208.24,222.74,0,0,15.65,0,24.99,0,0,2.04,0.01,3.97,683.34,0
2025-12-22T07:20:00Z,-37.65,0,465.08,-0.1,0,60.81,0.11,38.36,1.81,433.94,221.68,241.3,0,0,15.67,0,25.42,0,0,2.04,0.01,1.89,711.33,-7.01
2025-12-22T07:25:00Z,-5.92,0,568.57,-0.1,0,60.81,0.11,9.35,0.11,344.31,226.96,259.86,103.18,19.13,15.68,0,31.03,0,0,2.04,0.01,0.46,1230.8,-8.5
2025-12-22T07:30:00Z,-83.87,0,668.21,-0.1,0,60.14,0.11,9.55,10.9,303.94,231.84,278.43,169.86,17.48,15.7,0,35.53,0,0,2.01,0.01,0.47,3197.11,-8
2025-12-22T07:35:00Z,-123.49,0,697.96,-0.1,0,60.81,0.11,0,0,331.31,242.3,292.27,169.49,35.88,15.75,0,36.69,0,0,2.04,0.01,0,4416.3,-15.08
2025-12-22T07:40:00Z,-14.54,0,675.53,-0.1,0,44.03,0.11,0,0.39,276.91,240.88,306.1,257.47,50.38,15.8,0,36.15,0,0,1.47,0.01,0,2533.34,-31.29
2025-12-22T07:45:00Z,-12.11,0,753.76,-0.1,0,42.69,0.11,0,10.52,210.32,236.39,319.94,305.91,83.22,15.85,0,40.38,0,0,1.43,0.01,0,9291.83,-31.29
2025-12-22T07:50:00Z,-6.05,0,738.15,0,0,42.69,0.11,0,9.91,195.04,252.75,333.78,288.35,80.74,15.9,0,39.74,0,0,1.43,0.01,0,5484.44,-59.5
2025-12-22T07:55:00Z,-52.05,0,823.95,0,0,42.69,0.11,0,11.68,180.56,252.88,347.62,255.28,97.2,15.95,0,43.51,0,0,1.43,0.01,0,13329.66,-20
2025-12-22T08:00:00Z,-7.95,0,710.35,0,0,42.69,0.11,0,11.76,207.88,263.53,361.46,235.99,85.83,16,0,39.73,0,0,1.43,0.01,0,2920.73,-12.5
2025-12-22T08:05:00Z,-44.9,0,751.17,0,0,42.69,0.11,0,0.24,208.17,266.34,376.74,255.11,96.69,16.02,0,40.89,0,0,1.43,0.01,0,5171.82,-15.08
2025-12-22T08:10:00Z,-41.42,0,694.44,0,0,42.69,0.1,0,30.15,202.99,276.37,392.02,227.62,89.86,16.03,0,38.77,0,0,1.43,0.01,0,2314.63,-9.5
2025-12-22T08:15:00Z,-42.98,0,697.51,0,0,42.69,0.11,0,15.58,195.03,288.81,407.31,214.2,92.75,16.05,0,38.98,0,0,1.43,0.01,0,2320.13,-20
2025-12-22T08:20:00Z,-21.67,0,750.07,0,0,42.69,0.11,0,0.33,170.22,272.57,422.59,220.78,126.1,16.07,0,40.86,0,0,1.43,0.01,0,3711.67,-20
2025-12-22T08:25:00Z,-11.08,0,694.43,0,0,42.69,0.11,0,10.5,177.47,272.01,437.87,238.74,136.68,16.08,0,37.75,0,0,1.43,0.01,0,1999.87,-20
2025-12-22T08:30:00Z,-32.21,0,689,0,0,42.02,0.11,0,35.61,183.9,267.49,453.15,226.66,135.15,16.1,0,38.87,0,0,1.41,0.01,0,1851.88,-9.5
2025-12-22T08:35:00Z,-21.97,0,629.06,0,0,42.69,0.11,0,39.09,181.99,277.02,475.73,227.5,92.09,16.12,0,36.03,0,0,1.43,0.01,0,1229.93,-9.5
2025-12-22T08:40:00Z,-26.6,0,650.36,0,0,42.69,0.11,0,12.87,179.11,281.22,498.3,247.77,74.22,16.13,0,35.63,0,0,1.43,0.01,0,1318.45,-9.5
2025-12-22T08:45:00Z,-24.05,0,610.45,0,0,42.69,0.11,0,21.93,192.69,273.65,520.87,240.59,79.49,16.15,0,34.11,0,0,1.43,0.01,0,1021.85,-9.5
2025-12-22T08:50:00Z,-52.98,0,644.21,0,0,42.02,0.11,0,0.47,182.95,292.12,543.45,252.41,72.39,16.17,0,35.48,0,0,1.41,0.01,0,1216.65,-11.78
2025-12-22T08:55:00Z,-49.22,0,617.63,0,0,42.69,0.11,0,10.74,188.5,280.9,566.02,272,88.71,16.18,0,34.46,0,0,1.43,0.01,0,1020.53,-15.08
2025-12-22T09:00:00Z,-56.79,0,650.88,0,0,42.02,0.11,0,4.92,167.78,275.97,588.59,309.03,92.67,16.2,0,36.85,0,0,1.41,0.01,0,1235.13,-20
2025-12-22T09:05:00Z,-26.98,0,600.93,0,0,42.69,0.11,0,30.42,153.71,273.28,613.14,313.51,104.77,16.28,0,34.62,0,0,1.43,0.01,0,891.31,-8.5
2025-12-22T09:10:00Z,-56.45,0,599.17,0,0,42.02,0.11,0,7.65,158.19,275.64,637.69,273.13,109.19,16.37,0,33.7,0,0,1.41,0.01,0,904.78,-20
2025-12-22T09:15:00Z,-23.26,0,592.54,0,0,42.02,0.11,0,16.09,145.64,237.82,662.24,300.22,155.02,16.45,0,33.85,0,0,1.41,0.01,0,866.95,-20
2025-12-22T09:20:00Z,-15.23,0,607.89,0,0,42.69,0.11,0,6.14,130.85,233.91,686.79,306.12,144.71,16.53,0,33.84,0,0,1.43,0.01,0,886.82,-20
2025-12-22T09:25:00Z,-21.66,0,554.58,0,0,42.02,0.11,0,29.56,125.2,241.1,711.34,313.45,144.53,16.62,0,31.73,0,0,1.41,0.01,0,694.01,-9.5
2025-12-22T09:30:00Z,-18.37,0,496.53,0,0,42.69,0.11,0,15.32,138.59,255.83,735.89,318.95,132.34,16.7,0,28.92,0,0,1.43,0.01,0,540.78,-20
2025-12-22T09:35:00Z,-21.36,0,550.12,0,0,42.02,0.11,0,7.2,122.8,236.06,768.6,332.88,146.69,16.85,0,30.82,0,0,1.41,0.01,0,639,-55.62
2025-12-22T09:40:00Z,-2.58,0,549.41,0,5,42.69,0.11,0,13.77,93.86,230.31,801.3,331.21,171.6,17,0,32.17,0,0.24,1.43,0.01,0,639.52,-68.71
2025-12-22T09:45:00Z,-19.28,0,577.78,0,5,42.02,0.11,0,6.59,91.61,226.6,834.01,323.92,178.22,17.15,0,33.35,0,0.24,1.41,0.01,0,689.85,-59.5
2025-12-22T09:50:00Z,-5.27,0,517.19,0,7,42.69,0.11,0,7.26,82.75,228.8,866.72,350.86,187.13,17.3,0,30.42,0,0.34,1.43,0.01,0,541.91,-83.5
2025-12-22T09:55:00Z,-12.11,0,477.07,0,9,42.02,0.11,0,32.83,76.21,225.95,899.42,336.89,197.76,17.45,0,28.21,0,0.43,1.41,0.01,0,452.89,-41.97
2025-12-22T10:00:00Z,-67.85,0,458.49,0,13,42.69,0.11,0,28.83,84.5,231.54,932.13,321.64,187.57,17.6,0,26.67,0,0.62,1.43,0.01,0,427.53,-102
2025-12-22T10:05:00Z,-79.13,0,532.07,0,13,42.02,0.11,0,2.62,86.9,222.06,972.42,370.97,201.05,17.6,0,31.49,0,0.62,1.41,0.01,0,552.73,-124.35
2025-12-22T10:10:00Z,-61.3,0,543.32,0,19,42.69,0.11,0,0.69,66.2,220.98,1012.71,346.68,197.4,17.6,0,31.86,0,0.91,1.43,0.01,0,541.8,-102
2025-12-22T10:15:00Z,-54.47,0,514.94,0,20,42.02,0.11,0,0.11,71.25,189.88,1053,348.57,254.56,17.6,0,34.11,0,0.96,1.41,0.01,0,542.59,-59
2025-12-22T10:20:00Z,-32.27,0,442.02,0,24,42.02,0.11,0,12.94,84.93,175.98,1093.29,375.48,310.2,17.6,0,29.53,0,1.15,1.41,0.01,0,401.66,-59
2025-12-22T10:25:00Z,-42.61,0,371.79,0,28,42.69,0.11,0,20.7,106.19,121.61,1133.58,386.56,311.59,17.6,0,25.82,0,1.34,1.43,0.01,0,330.44,-88.55
2025-12-22T10:30:00Z,-37.33,0,426.28,0,34,42.02,0.11,0,13.99,96.55,77.41,1173.87,413.91,382.27,17.6,0,30.45,0,1.63,1.41,0.01,0,412.47,-59
2025-12-22T10:35:00Z,-15.18,0,271.86,0,34,42.02,0.11,0,170.23,107.9,19.59,1206.35,413.22,427.56,17.72,0,19.48,0,1.63,1.41,0.01,0,209.02,-33.2
2025-12-22T10:40:00Z,-2.49,0,439.29,0,36,42.02,0.11,0,2.59,104.97,6.36,1238.83,406.75,429.23,17.83,0,31.86,0,1.73,1.41,0.01,0,424.64,-70.25
2025-12-22T10:45:00Z,-12.47,0,410.59,0,38,42.02,0.11,0,9.55,99.3,7.42,1271.31,424.98,418.77,17.95,0,27.46,0,1.82,1.41,0.01,0,352.64,-52.01
2025-12-22T10:50:00Z,-28.09,0,371.22,0,39,42.02,0.11,0,12.2,124.25,8.01,1303.79,405.62,407.91,18.07,0,24.25,0,1.87,1.41,0.01,0,292.34,-31.25
2025-12-22T10:55:00Z,-125.03,0,371.42,0,39,42.02,0.1,0,34.41,170.81,10.38,1336.27,392.52,390.72,18.18,0,24.81,0,1.87,1.41,0.01,0,296.68,-26.08
2025-12-22T11:00:00Z,-105.56,0,364.58,0,45,42.02,0.11,0,9.27,158.4,13.6,1368.75,415.64,399.05,18.3,0,23.91,0,2.16,1.41,0.01,0,282.59,-59
2025-12-22T11:05:00Z,-44.62,0,342.7,0,42,42.02,0.11,0,2.23,142.51,5.67,1382.04,461.12,436.91,18.38,0,22.51,0,2.02,1.41,0.01,0,253.21,-102
2025-12-22T11:10:00Z,-81.91,0,427.2,0,45,42.02,0.11,0,43.39,95.27,3.54,1395.32,499.3,446.17,18.47,0,28.41,0,2.16,1.41,0.01,0,344.03,-59
2025-12-22T11:15:00Z,-90.55,0,366.34,0,40,42.02,0.11,0,11.1,144.37,2.42,1408.6,457.89,465.03,18.55,0,22.24,0,1.92,1.41,0.01,0,257.46,-129
2025-12-22T11:20:00Z,-107.76,0,455.37,0,41,42.02,0.11,0,2.4,83.06,1.12,1421.88,479.92,492.36,18.63,0,27.05,0,1.97,1.41,0.01,0,355.02,-59
2025-12-22T11:25:00Z,-75.99,0,302.6,0,40,42.02,0.11,0,1.71,145.35,2.28,1435.17,444.12,483.53,18.72,0,17.68,0,1.92,1.41,0.01,0,195.72,-95.07
2025-12-22T11:30:00Z,-154.64,0,385.65,0,42,42.02,0.11,0,4.52,121.16,1.4,1448.45,468.39,484.54,18.8,0,22.26,0,2.02,1.41,0.01,0,275.35,-102
2025-12-22T11:35:00Z,-148.5,0,391.05,0,40,42.02,0.11,0,0,111.92,0.73,1465.15,527.16,484.94,18.9,0,22.56,0,1.92,1.41,0.01,0,277.31,-68.71
2025-12-22T11:40:00Z,-181.62,0,342.96,0,40,42.02,0.11,0,7.56,128.69,2.44,1481.86,430.24,484.77,19,0,20.81,0,1.92,1.41,0.01,0,245.94,-95.07
2025-12-22T11:45:00Z,-215.18,0,368.65,0,40,42.02,0.11,0,0,134.58,1.15,1498.56,440.94,477.56,19.1,0,23.45,0,1.92,1.41,0.01,0,283.76,-102
2025-12-22T11:50:00Z,-187.09,0,382.84,0,40,42.02,0.11,0,0,113.08,0.89,1515.26,508.99,489.84,19.2,0,24.05,0,1.92,1.41,0.01,0,287.91,-100
2025-12-22T11:55:00Z,-252.79,0,438.81,0,41,42.02,0.11,0,0,135.04,0.81,1531.96,476.58,508.69,19.3,0,27.85,0,1.97,1.41,0.01,0,353.8,-95.07
2025-12-22T12:00:00Z,-238.07,0,410.7,0,40,42.02,0.11,0,0,139.97,0.63,1548.66,487.79,530.13,19.4,0,26.3,0,1.92,1.41,0.01,0,316.72,-92.01
2025-12-22T12:05:00Z,-215.55,0,331.1,0,39,42.02,0.11,0,7.73,161.35,0.63,1543.9,460.06,536.68,19.42,0,21.37,0,1.87,1.41,0.01,0,237.02,-102
2025-12-22T12:10:00Z,-257.32,0,431.13,0,41,42.02,0.11,0,0.6,133.86,0.84,1539.14,488.89,549.3,19.43,0,27.64,0,1.97,1.41,0.01,0,348.18,-95.07
2025-12-22T12:15:00Z,-252.71,0,401.56,0,40,42.02,0.11,0,0.1,138.12,0.66,1534.38,479,539.58,19.45,0,26.6,0,1.92,1.41,0.01,0,326.17,-92.01
2025-12-22T12:20:00Z,-244.04,0,302.61,0,40,42.02,0.11,0,0.03,180.64,0.76,1529.62,467.53,549.21,19.47,0,20.1,0,1.92,1.41,0.01,0,225.59,-92.01
2025-12-22T12:25:00Z,-316.49,0,404.85,0,43,42.02,0.11,0,0.1,172.28,1.32,1524.86,446.76,548.03,19.48,0,26.68,0,2.06,1.41,0.01,0,340.69,-41.97
2025-12-22T12:30:00Z,-306.17,0,336.42,0,40,42.02,0.11,0,0,200.17,3.59,1520.1,462.11,537.06,19.5,0,22.32,0,1.92,1.41,0.01,0,264.6,-92.01
2025-12-22T12:35:00Z,-323.94,0,363.82,0,42,42.02,0.11,0,0,167.19,2.08,1539.5,477.1,543.37,19.65,0,24.91,0,2.02,1.41,0.01,0,307.74,-92.01
2025-12-22T12:40:00Z,-337.14,0,384.19,0,42,42.02,0.11,0,0,168.69,0.85,1558.91,442.65,541.01,19.8,0,25.92,0,2.02,1.41,0.01,0,322.75,-92.01
2025-12-22T12:45:00Z,-294.97,0,288.91,0,40,42.02,0.11,0,0,163,0.63,1578.31,496.79,550.71,19.95,0,18.96,0,1.92,1.41,0.01,0,215.74,-20
2025-12-22T12:50:00Z,-323.46,0,257.08,-0.1,40,42.02,0.11,0,0,200.57,6.43,1597.72,417.8,522.17,20.1,0,17.13,0,1.92,1.41,0.01,0,187.99,-20
2025-12-22T12:55:00Z,-323.79,0,210.23,-0.1,40,42.02,0.11,0,0.16,235.31,9.13,1617.12,409.91,521.06,20.25,0,13.59,0,1.92,1.41,0.01,0,144.02,-19.88
2025-12-22T13:00:00Z,-300.88,0,142.49,0,40,42.02,0.11,0,0,259.1,10.54,1636.52,394.23,536.05,20.4,0,9.29,0,1.92,1.41,0.01,0,98.05,-19.88
2025-12-22T13:05:00Z,-270.53,0,76.42,0,40,42.02,0.11,0,0.02,273,18,1648.39,356.52,528.42,20.38,0,5.11,0,1.92,1.41,0.01,0,60.5,-20.57
2025-12-22T13:10:00Z,-218.96,0,63.41,0,40,42.02,0.11,0,0.12,228.57,14.5,1660.27,435.39,541.08,20.37,0,4.37,0,1.92,1.41,0.01,0,54.29,-31.29
2025-12-22T13:15:00Z,-185.69,0,51.8,0,40,42.02,0.1,0,0.05,211.3,11.97,1672.14,406.61,543.77,20.35,0,3.51,0,1.92,1.41,0.01,0,47.16,-19.88
2025-12-22T13:20:00Z,-234.1,0,21.99,0,40,42.02,0.11,0,0.25,262.57,14.3,1684.01,398.28,543.31,20.33,0,1.44,0,1.92,1.41,0.01,0,32.07,-20
2025-12-22T13:25:00Z,-208.7,-14.38,0,0,40,42.02,0.11,0,0,256.52,14.63,1695.88,362.64,543.65,20.32,0.14,0,0,1.92,1.41,0.01,0,21.01,-31.29
2025-12-22T13:30:00Z,-226.16,0,28.61,0,40,42.02,0.11,0,0,219.24,10.85,1707.75,408.05,556.09,20.3,0,2.07,0,1.92,1.41,0.01,0,36.7,-19.88
2025-12-22T13:35:00Z,-278.13,0,29.28,0,40,42.02,0.11,0,0.05,250.43,14.04,1711.01,338.72,541.42,20.3,0,2.02,0,1.92,1.41,0.01,0,36.68,-119.67
2025-12-22T13:40:00Z,-440.41,0,312.51,0,40,42.02,0.11,0,0,171.66,2.67,1714.28,474.23,570.61,20.3,0,20.5,0,1.92,1.41,0.01,0,234.85,-160.11
2025-12-22T13:45:00Z,-518.57,0,460.76,0,40,42.02,0.11,0,0,111.65,0.65,1717.55,555.54,571.16,20.3,0,28.64,0,1.92,1.41,0.01,0,411.4,-120.23
2025-12-22T13:50:00Z,-476.38,0,411.65,0,40,42.02,0.11,0,0,104.11,0.77,1720.81,422.51,575.45,20.3,0,27.91,0,1.92,1.41,0.01,0,367.65,-160.11
2025-12-22T13:55:00Z,-490.89,0,420.25,0,40,42.02,0.1,0,0,123.76,0.67,1724.08,519.73,575.83,20.3,0,27.77,0,1.92,1.41,0.01,0,366.13,-119.67
2025-12-22T14:00:00Z,-417.8,0,342.35,0,40,42.02,0.11,0,0,122.27,0.69,1727.35,511.38,569.72,20.3,0,23.13,0,1.92,1.41,0.01,0,270.92,-95.07
2025-12-22T14:05:00Z,-435.36,0,305.48,0,40,42.02,0.11,0,0,162.68,0.82,1720.39,516.61,572.03,20.42,0,20.56,0,1.92,1.41,0.01,0,234.04,-190.01
2025-12-22T14:10:00Z,-572.72,0,414.46,0,43,42.02,0.11,0,0,122.34,80.95,1713.43,557.08,485.27,20.53,0,27.3,0,2.06,1.41,0.01,0,363.95,-160.11
2025-12-22T14:15:00Z,-578.56,0,403.93,0,42,42.02,0.11,0,0,135.41,87.73,1706.47,642.56,485.31,20.65,0,26.99,0,2.02,1.41,0.01,0,353.98,-160.11
2025-12-22T14:20:00Z,-526.06,0,327.87,0,40,42.02,0.11,0,0.1,168.1,87.39,1699.52,633.29,484.69,20.77,0,21.09,0,1.92,1.41,0.01,0,247.67,-161.22
2025-12-22T14:25:00Z,-535.68,0,335.41,0,41,42.02,0.11,0,1,174.39,87.33,1692.56,650.12,485.45,20.88,0,22.73,0,1.97,1.41,0.01,0,268.45,-129
2025-12-22T14:30:00Z,-545.59,0,347.66,0,40,42.02,0.11,0,0,193.94,87.17,1685.6,634.64,485.22,21,0,23.87,0,1.92,1.41,0.01,0,282.51,-160.11
2025-12-22T14:35:00Z,-584.46,0,397.59,0,44,42.02,0.11,0,0,165,87.59,1680.81,683.49,485.38,21.07,0,25.09,0,2.11,1.41,0.01,0,330.98,-190.01
2025-12-22T14:40:00Z,-539.61,0,327.2,0,41,42.02,0.11,0,0,174.37,87.69,1676.01,698.11,489.41,21.13,0,21.73,0,1.97,1.41,0.01,0,261.01,-190.01
2025-12-22T14:45:00Z,-535.2,0,362.68,0,42,42.69,0.11,0,0.34,141.77,87.78,1671.22,679.43,489.37,21.2,0,24.04,0,2.02,1.43,0.01,0,303.22,-200
2025-12-22T14:50:00Z,-491.04,0,329.39,0,43,42.02,0.11,0,0.23,131.82,87.89,1666.43,701.62,485.27,21.27,0,21.48,0,2.06,1.41,0.01,0,260.22,-239.93
2025-12-22T14:55:00Z,-404.37,0,297.56,0,43,42.02,0.11,0,0.78,105.71,88.04,1661.63,749.06,489.23,21.33,0,19.93,0,2.06,1.41,0.01,0,226.68,-238.61
2025-12-22T15:00:00Z,-374.7,0,294.08,0,42,42.02,0.11,0,5.95,84.3,87.97,1656.84,809.1,489.16,21.4,0,19.85,0,2.02,1.41,0.01,0,223.41,-234.97
2025-12-22T15:05:00Z,-292.3,0,206.5,0,43,42.02,0.11,0,1.97,93.13,87.83,1644.54,797.63,489.18,21.22,0,14.14,0,2.06,1.41,0.01,0,149.56,-303.44
2025-12-22T15:10:00Z,-209.81,0,107.1,0,40,42.02,0.11,0,32.41,102.3,87.64,1632.23,828.15,484.88,21.03,0,7.39,0,1.92,1.41,0.01,0,79.42,-102
2025-12-22T15:15:00Z,-188.13,0,45.24,0,39,42.02,0.11,0,4.01,143.95,86.75,1619.93,816.43,484.68,20.85,0,3.18,0,1.87,1.41,0.01,0,45.54,-102
2025-12-22T15:20:00Z,-216.72,0,0.31,0,41,42.02,0.1,0,47.74,198.4,87.67,1607.63,763.97,484.39,20.67,0,0.02,0,1.97,1.41,0.01,0,22.59,-100
2025-12-22T15:25:00Z,-228.57,-140.41,0,0,46,42.02,0.1,0,94.38,319.89,88.67,1595.33,755.56,487.5,20.48,0.86,0,0,2.21,1.41,0.01,0,18.23,-129
2025-12-22T15:30:00Z,-211.45,-68.34,0,0,43,42.02,0.11,0,31.17,309.36,88.12,1583.02,825.53,483.15,20.3,0.46,0,0,2.06,1.41,0.01,0,19.91,-129
2025-12-22T15:35:00Z,-163.85,-63.59,0,0,39,42.02,0.11,0,6.84,308.31,87.48,1563.07,748.62,481.45,20.42,0.43,0,0,1.87,1.41,0.01,0,18.82,-129
2025-12-22T15:40:00Z,-237.51,0,23.74,-0.1,40,42.02,0.11,0,0.04,310.7,87.7,1543.12,802.87,480.32,20.53,0,1.71,0,1.92,1.41,0.01,0,34.33,-301.36
2025-12-22T15:45:00Z,-144.26,0,22.73,-0.1,39,42.02,0.11,0,0.38,233,87.04,1523.17,902.59,477.23,20.65,0,1.64,0,1.87,1.41,0.01,0,33.65,-190.01
2025-12-22T15:50:00Z,-126.53,0,33.08,0,41,42.02,0.11,0,0.63,224.17,87.69,1503.22,883.02,475.02,20.77,0,2.28,0,1.97,1.41,0.01,0,39.06,-190.01
2025-12-22T15:55:00Z,-96.8,0,50.56,0,41,42.02,0.11,0,1.93,227.2,87.84,1483.26,925.29,473.61,20.88,0,3.47,0,1.97,1.41,0.01,0,47.32,-200
2025-12-22T16:00:00Z,-25.4,0,9.55,0,40,42.69,0.11,0,8.01,194.9,87.69,1463.31,982.8,470.65,21,0,0.65,0,1.92,1.43,0.01,0,26.66,-102
2025-12-22T16:05:00Z,-50.06,-64.4,0,0,44,42.02,0.1,0,35.18,274.18,88.13,1437.36,920.98,468.26,20.93,0.47,0,0,2.11,1.41,0.01,0,20.29,-221.05
2025-12-22T16:10:00Z,-68.34,0,123.15,0,45,42.02,0.11,0,49.98,188.08,8.9,1411.41,1011.88,550.41,20.87,0,8.35,0,2.16,1.41,0.01,0,92.05,-226.78
2025-12-22T16:15:00Z,-108.86,0,166.55,0,43,42.02,0.11,0,92.98,181.66,1.47,1385.46,1003.53,550.23,20.8,0,11.12,0,2.06,1.41,0.01,0,119.04,-237.33
2025-12-22T16:20:00Z,-115.21,0,212.51,0,44,42.02,0.11,0,78.22,183.1,2.75,1359.51,962.75,546.91,20.73,0,13.89,0,2.11,1.41,0.01,0,151.22,-238.09
2025-12-22T16:25:00Z,-61.93,0,158.7,0.01,42,42.02,0.1,0,99.06,191.7,0.96,1333.56,1033.84,538.72,20.67,0,9.89,0,2.02,1.41,0.01,0,107.34,-227.64
2025-12-22T16:30:00Z,-25.37,0,210.31,0,45,42.02,0.11,0,35.41,187.22,3.24,1307.61,1056.8,533.37,20.6,0,13.42,0,2.16,1.41,0.01,0,147.27,-226.79
2025-12-22T16:35:00Z,-104.72,0,351.3,0.01,40,42.02,0.11,0,0,190.1,0.69,1271.36,1091.57,529.51,20.55,0,21.83,0,1.92,1.41,0.01,0,277.47,-233.63
2025-12-22T16:40:00Z,-68.96,0,331.98,0,42,42.02,0.11,0,1.12,198.56,1.14,1235.12,1032.28,519.1,20.5,0,20.35,0,2.02,1.41,0.01,0,254.97,-200
2025-12-22T16:45:00Z,-0.61,0,288.91,0,42,42.69,0.11,0,24.25,200.84,1.15,1198.87,1065.97,514.01,20.45,0,17.63,0,2.02,1.43,0.01,0,207.26,-100
2025-12-22T16:50:00Z,-10.53,0,167.65,0,40,42.02,0.11,0,75.19,309.47,0.67,1162.63,918.43,507.39,20.4,0,10.12,0,1.92,1.41,0.01,0,111.22,-31.25
2025-12-22T16:55:00Z,-29.7,0,81.44,0,40,42.02,0.11,0,53.83,463.56,11.47,1126.39,818,473.55,20.35,0,5.04,0,1.92,1.41,0.01,0,61.77,-20
2025-12-22T17:00:00Z,-12.66,-30.36,0,0,41,42.69,0.1,0,32.58,582.72,17.69,1090.14,636.51,468.54,20.3,0.14,0,0,1.97,1.43,0.01,0,22.17,-20
2025-12-22T17:05:00Z,-3.62,-36.83,0,0,40,42.02,0.11,0,24.71,626.96,15.54,1068.19,624.47,468.07,20.32,0.16,0,0,1.92,1.41,0.01,0,21.4,-20.57
2025-12-22T17:10:00Z,-29.58,-29.86,0,0,40,42.02,0.11,0,0,644.13,76.23,1046.23,687.83,401.47,20.33,0.12,0,0,1.92,1.41,0.01,0,21.52,-20
2025-12-22T17:15:00Z,-37.2,-15.3,0,0,40,42.69,0.11,0,1.37,674.82,73.63,1024.27,744.9,402.52,20.35,0.06,0,0,1.92,1.43,0.01,0,21.91,-21
2025-12-22T17:20:00Z,-1.02,-27.34,0,0,43,42.69,0.11,0,9.76,678.47,71.91,1002.32,688.48,394.33,20.37,0.11,0,0,2.06,1.43,0.01,0,22.33,-20
2025-12-22T17:25:00Z,-21.06,0,1.73,0,42,42.69,0.11,0,2.74,719.39,70.1,980.36,681.18,396.66,20.38,0,0.1,0,2.02,1.43,0.01,0,23.25,-20
2025-12-22T17:30:00Z,-0.71,-3.79,0,0,42,42.02,0.11,0,6.52,740.48,68.51,958.4,689.17,395.55,20.4,0.01,0,0,2.02,1.41,0.01,0,22.11,-20
2025-12-22T17:35:00Z,-0.79,-23.57,0,0,43,42.02,0.11,0,11.88,791.33,65.96,916.61,659.13,377.24,20.37,0.09,0,0,2.06,1.41,0.01,0,22.04,-68.71
2025-12-22T17:40:00Z,-60.91,0,145.87,0,44,58.79,0.11,0,16.18,688.24,56.18,874.82,597.57,403.63,20.33,0,8.22,0,2.11,1.97,0.01,0,96.4,-70.04
2025-12-22T17:45:00Z,-25.93,0,104.61,0,44,58.79,0.11,0,8.71,742.65,52.05,833.03,573.63,400.96,20.3,0,5.5,0,2.11,1.97,0.01,0,71.51,-20.57
2025-12-22T17:50:00Z,-14.72,-42.74,0,0,42,58.79,0.11,0,3.77,941.42,51.15,791.24,529.45,387.2,20.27,0.16,0,0,2.02,1.97,0.01,0,25.14,-20
2025-12-22T17:55:00Z,-8.92,-25.97,0,0,40,58.79,0.11,0,1.01,954.26,49.28,749.45,485.17,381.9,20.23,0.09,0,0,1.92,1.97,0.01,0,25.1,-20
2025-12-22T18:00:00Z,-4.72,0,19,0,40,58.79,0.1,0,2.07,951.23,46.67,707.66,521.63,365.37,20.2,0,0.99,0,1.92,1.97,0.01,0,32.89,-20
2025-12-22T18:05:00Z,-7.63,-6.82,0,0,40,58.79,0.11,0,34.19,977.58,44.3,670.21,429.76,341.56,19.97,0.02,0,0,1.92,1.97,0.01,0,25.66,-100
2025-12-22T18:10:00Z,-82.95,0,283.16,0,0,58.79,0.11,0,0,827.83,34.11,632.76,585.18,281.13,19.73,0,14.85,0,0,1.97,0.01,0,170.06,-189.63
2025-12-22T18:15:00Z,-59.62,0,370.76,0,0,58.79,0.11,0,1.59,715.69,116.09,595.31,737.49,235.55,19.5,0,19.97,0,0,1.97,0.01,0,249.11,-171.07
2025-12-22T18:20:00Z,-8.88,0,361.12,0,0,58.79,0.11,0,3.33,709.35,109.55,557.86,796.91,212.74,19.27,0,19.33,0,0,1.97,0.01,0,239.13,-20
2025-12-22T18:25:00Z,-84.98,0,394.24,0,0,58.79,0.11,0,24.14,690.96,111.74,520.41,779.89,128.69,19.03,0,21.53,0,0,1.97,0.01,0,304.34,-20
2025-12-22T18:30:00Z,-0.19,0,349.75,0,0,58.79,0.1,0,38.66,650.77,172,482.96,800.89,97.06,18.8,0,19.73,0,0,1.97,0.01,0,247.22,-8.5
2025-12-22T18:35:00Z,-45.88,0,356.55,0,0,58.79,0.11,0,13.34,732.88,185.65,448.82,638.24,48.14,18.93,0,20.27,0,0,1.97,0.01,0,257.37,-1.11
2025-12-22T18:40:00Z,-15.16,-12.12,0,0,0,58.79,0.11,0,16.27,1014.05,218.85,414.68,273.61,0,19.07,0.02,0,0,0,1.97,0.01,0,13.85,-7.81
2025-12-22T18:45:00Z,-6.13,0,167.73,0,0,59.46,0.11,0,11.19,924.39,161.01,380.53,562.93,35.95,19.2,0,9.77,0,0,1.99,0.01,0,103.59,-7
2025-12-22T18:50:00Z,-3.41,0,79.2,0,0,58.12,0.11,0,14.86,1051.91,156.97,346.39,341.02,25.68,19.33,0,4.63,0,0,1.95,0.01,0,51.08,2.78
2025-12-22T18:55:00Z,-0.15,-49.02,0,0,0,59.46,0.11,0,11.37,1158.42,162.42,312.24,182.02,0,19.47,0.07,0,0,0,1.99,0.01,0,13.98,26.81
2025-12-22T19:00:00Z,-7.03,-177.74,0,0,0,58.79,0.11,0,64.57,1274.04,140.37,278.1,65.03,0,19.6,0.23,0,0,0,1.97,0.01,0,12.85,67.93
2025-12-22T19:05:00Z,-0.91,-311.66,0,0,0,58.79,0.11,0,161.26,1358.46,116.88,250.79,75.84,0,19.38,0.36,0,0,0,1.97,0.01,0,11.84,68.99
2025-12-22T19:10:00Z,-0.67,-184.92,0,0,0,58.79,0.11,0,121.56,1327.88,81.5,223.49,1.52,0,19.17,0.23,0,0,0,1.97,0.01,0,12.87,69.74
2025-12-22T19:15:00Z,-0.06,-191.17,0,0,0,58.79,0.11,0,188.64,1309.68,71.66,196.19,0,0,18.95,0.23,0,0,0,1.97,0.01,0,12.81,101.02
2025-12-22T19:20:00Z,-0.06,-123.19,0,0,0,58.12,0.1,0,110.12,1327.9,49.34,168.88,0,0,18.73,0.16,0,0,0,1.95,0.01,0,13.55,94.35
2025-12-22T19:25:00Z,-0.85,-117.94,0,0,0,58.79,0.11,0,140.66,1310.69,40.15,141.58,0,0,18.52,0.15,0,0,0,1.97,0.01,0,13.92,92.4
2025-12-22T19:30:00Z,0,-176.42,0,0,0,58.12,0.11,0,280.35,1260.91,29.01,114.28,0,0,18.3,0.21,0,0,0,1.95,0.01,0,13.34,79.05
2025-12-22T19:35:00Z,0,-224.08,0,0,0,59.46,0.1,0,415.89,1214.54,21.95,97.89,0,0,18.17,0.26,0,0,0,1.99,0.01,0,13.14,95.44
2025-12-22T19:40:00Z,-0.15,-253.18,0,-0.1,0,59.46,0.11,0,400.31,1254.02,14.94,81.51,0,0,18.03,0.29,0,0,0,1.99,0.01,0,13.14,93.41
2025-12-22T19:45:00Z,-0.15,-194.3,0,0,0,58.12,0.11,0,422.53,1187.53,7.87,65.12,0,0,17.9,0.23,0,0,0,1.95,0.01,0,13.39,76.61
2025-12-22T19:50:00Z,0,-188.56,0,-0.1,0,58.12,0.11,0,447.89,1170.65,3.79,48.74,0,0,17.77,0.22,0,0,0,1.95,0.01,0,13.51,85.36
2025-12-22T19:55:00Z,-0.13,-233.9,0,0,0,58.12,0.11,0,480.6,1185.76,1.8,32.35,0,0,17.63,0.26,0,0,0,1.95,0.01,0,13.29,79.05
2025-12-22T20:00:00Z,-0.15,-221.2,0,0,0,58.79,0.11,0,482.96,1189.64,1.1,15.97,0,0,17.5,0.25,0,0,0,1.97,0.01,0,13.54,98.54
2025-12-22T20:05:00Z,-0.08,-233.64,0,0,0,58.79,0.11,0,394.61,1246.6,0.18,13.31,0,0,17.45,0.27,0,0,0,1.97,0.01,0,13.82,93.05
2025-12-22T20:10:00Z,-0.04,-192.71,0,0,0,58.79,0.11,0,374.77,1244.65,0.03,10.65,0,0,17.4,0.23,0,0,0,1.97,0.01,0,14.02,97.32
2025-12-22T20:15:00Z,-0.03,-156.73,0,0,0,58.79,0.11,0,323.23,1268.35,0.01,7.98,0,0,17.35,0.19,0,0,0,1.97,0.01,0,14.29,93.51
2025-12-22T20:20:00Z,-0.13,-226.17,0,0,0,59.46,0.11,0,394.81,1256.59,0.01,5.32,0,0,17.3,0.26,0,0,0,1.99,0.01,0,13.96,98
2025-12-22T20:25:00Z,-0.29,-58.01,0,0,0,58.79,0.11,0,248.88,1252.56,0.01,2.66,0,0,17.25,0.07,0,0,0,1.97,0.01,0,15.17,92.01
2025-12-22T20:30:00Z,-0.52,-144.96,0,0,0,58.79,0.11,0,401.44,1208.31,0.01,0,0,0,17.2,0.17,0,0,0,1.97,0.01,0,14.21,94.47
2025-12-22T20:35:00Z,-0.68,-117.92,0,0,0,58.79,0.11,0,364.53,1215.67,0.01,0,0,0,17.13,0.14,0,0,0,1.97,0.01,0,14.47,72.02
2025-12-22T20:40:00Z,-0.31,-121.72,0,0,0,58.79,0.11,0,400.39,1218.98,0.01,0,0,0,17.07,0.14,0,0,0,1.97,0.01,0,14.13,75.57
2025-12-22T20:45:00Z,-0.97,-63.49,0,0,0,58.12,0.11,0,360.22,1198.85,0.01,0,0,0,17,0.08,0,0,0,1.95,0.01,0,14.5,72.55
2025-12-22T20:50:00Z,-0.28,-105.71,0,0,0,58.79,0.11,0,403.24,1210.98,0,0,0,0,16.93,0.12,0,0,0,1.97,0.01,0,14.17,74.28
2025-12-22T20:55:00Z,0,-99.5,0,0,0,58.79,0.11,0,376.95,1205.4,0,0,0,0,16.87,0.12,0,0,0,1.97,0.01,0,14.44,65.53
2025-12-22T21:00:00Z,-0.31,0,13.62,0,0,58.79,0.11,0,288.19,1180.37,0,0,0,0,16.8,0,0.91,0,0,1.97,0.01,0,22.87,73.5
2025-12-22T21:05:00Z,-0.59,-18.26,0,0,0,58.79,0.11,0,295.17,1186.57,0,0,0,0,16.85,0.02,0,0,0,1.97,0.01,0,15.39,71.28
2025-12-22T21:10:00Z,-0.92,0,143.92,0,0,58.12,0.11,0,140.82,1179.23,0,0,0,0,16.9,0,9.35,0,0,1.95,0.01,0,110.01,75.81
2025-12-22T21:15:00Z,-0.19,0,63.5,0,0,58.12,0.11,0,233.91,1147.09,0,0,0,0,16.95,0,4.21,0,0,1.95,0.01,0,53.74,63.02
2025-12-22T21:20:00Z,-1.45,0,102.73,0,0,58.79,0.11,0,240.35,1105.89,0,0,0,0,17,0,6.9,0,0,1.97,0.01,0,81.85,70.99
2025-12-22T21:25:00Z,0,0,124.59,0,0,58.12,0.11,0,240.05,1093.43,0,0,0,0,17.05,0,8.22,0,0,1.95,0.01,0,96.33,78.04
2025-12-22T21:30:00Z,-3.5,0,229.22,0,0,58.79,0.11,0,117.23,1090.04,0,0,0,0,17.1,0,15.32,0,0,1.97,0.01,0,200.84,70.35
2025-12-22T21:35:00Z,-1.17,0,102.57,0,0,58.79,0.11,0,229.03,1105.16,0,0,0,0,17.1,0,6.98,0,0,1.97,0.01,0,83.38,76.94
2025-12-22T21:40:00Z,-0.4,0,194.27,0,0,58.79,0.11,0,185.1,1042.02,0,0,0,0,17.1,0,13.01,0,0,1.97,0.01,0,164.79,77.6
2025-12-22T21:45:00Z,-1.31,0,207.23,0,0,58.79,0.11,0,200.23,1012.11,0,0,0,0,17.1,0,13.89,0,0,1.97,0.01,0,179.13,76.25
2025-12-22T21:50:00Z,-0.49,0,208.83,0,0,58.79,0.11,0,180.15,993.06,0,0,0,0,17.1,0,14.09,0,0,1.97,0.01,0,188.52,84.07
2025-12-22T21:55:00Z,-1.17,0,185.57,0,0,58.12,0.11,0,207.38,998.72,0,0,0,0,17.1,0,12.76,0,0,1.95,0.01,0,163.84,86.72
2025-12-22T22:00:00Z,-1.88,0,166.89,0,0,58.12,0.11,0,203.24,1004.49,0,0,0,0,17.1,0,11.49,0,0,1.95,0.01,0,147.07,74.97
2025-12-22T22:05:00Z,0,0,247.59,0,0,58.79,0.11,0,117.62,1009.46,0,0,0,0,17.15,0,16.96,0,0,1.97,0.01,0,242.14,77.43
2025-12-22T22:10:00Z,-0.18,0,161.41,0,0,58.79,0.11,0,197.94,1006.03,0,0,0,0,17.2,0,11.05,0,0,1.97,0.01,0,141.97,81.92
2025-12-22T22:15:00Z,-0.19,0,189.97,0,0,58.79,0.11,0,203.77,982.25,0,0,0,0,17.25,0,13.1,0,0,1.97,0.01,0,171.52,73.94
2025-12-22T22:20:00Z,-0.03,0,127.68,0,0,58.79,0.11,0,248.41,976.68,0,0,0,0,17.3,0,8.76,0,0,1.97,0.01,0,111.39,83.21
2025-12-22T22:25:00Z,-0.09,0,266.76,0,0,58.79,0.11,0,148.67,956.19,0,0,0,0,17.35,0,18.15,0,0,1.97,0.01,0,269.3,72.15
2025-12-22T22:30:00Z,-0.09,0,292.88,-0.1,0,58.79,0.11,0,95.51,948.75,0,0,0,0,17.4,0,20.01,0,0,1.97,0.01,0,325.66,71.85
2025-12-22T22:35:00Z,-3.17,0,329.98,-0.1,0,58.12,0.11,0,79.19,936.37,0,0,0,0,17.45,0,22.25,0,0,1.95,0.01,0,392.12,63.64
2025-12-22T22:40:00Z,-19.88,0,226.86,-0.1,0,58.12,0.11,75.58,131.2,929.87,0,0,0,0,17.5,0,15.43,0,0,1.95,0.01,3.71,267.09,71.51
2025-12-22T22:45:00Z,-2.35,0,303.24,-0.1,0,58.79,0.11,80.17,14.94,936.9,0,0,0,0,17.55,0,20.66,0,0,1.97,0.01,3.94,406.09,68.99
2025-12-22T22:50:00Z,-0.36,0,263.22,-0.1,0,58.79,0.11,80.72,70.39,926.49,0,0,0,0,17.6,0,17.82,0,0,1.97,0.01,3.97,326.68,78.7
2025-12-22T22:55:00Z,-0.8,0,369.16,-0.1,0,59.46,0.11,80.35,15.46,896.87,0,0,0,0,17.65,0,24.76,0,0,1.99,0.01,3.95,540.19,73.65
2025-12-22T23:00:00Z,-0.24,0,379.62,0,0,59.46,0.11,81.09,18.62,854.12,0,0,0,0,17.7,0,25.27,0,0,1.99,0.01,3.98,591.89,71.32
2025-12-22T23:05:00Z,-3.34,0,415.79,0,0,58.79,0.11,79.1,13.42,826.29,0,0,0,0,17.57,0,27.55,0,0,1.97,0.01,3.89,717.81,73.53
2025-12-22T23:10:00Z,-0.57,0,365.92,0,0,58.79,0.11,80.03,85.85,803.08,0,0,0,0,17.43,0,23.66,0,0,1.97,0.01,3.93,536.44,76.45
2025-12-22T23:15:00Z,-0.32,0,404.73,0,0,58.12,0.11,80.55,36.05,808.2,0,0,0,0,17.3,0,25.9,0,0,1.95,0.01,3.96,660.53,73.73
2025-12-22T23:20:00Z,-1.39,0,426.67,0,0,59.46,0.11,78.92,14.98,786.73,0,0,0,0,17.17,0,27.06,0,0,1.99,0.01,3.88,771.79,69.4
2025-12-22T23:25:00Z,-0.61,0,436.55,0,0,58.79,0.11,80.89,34.16,767.56,0,0,0,0,17.03,0,27.38,0,0,1.97,0.01,3.98,792.92,72.8
2025-12-22T23:30:00Z,-15.71,0,489.13,0,0,58.12,0.11,80.87,16.1,738.9,0,0,0,0,16.9,0,30.4,0,0,1.95,0.01,3.97,1119.79,73.19
2025-12-22T23:35:00Z,-4.1,0,490.55,0,0,58.79,0.11,79.7,32.2,730.55,0,0,0,0,16.8,0,30.76,0,0,1.97,0.01,3.92,1081.56,66.11
2025-12-22T23:40:00Z,-0.22,0,553.15,0,0,58.79,0.11,80.06,19.35,722.67,0,0,0,0,16.7,0,34.57,0,0,1.97,0.01,3.93,1482.8,74.07
2025-12-22T23:45:00Z,-3.77,0,502.59,0,0,58.79,0.11,78.87,61.07,720.16,0,0,0,0,16.6,0,31.55,0,0,1.97,0.01,3.88,1087.74,74.94
2025-12-22T23:50:00Z,-1.65,0,517.03,0,0,58.12,0.11,79.12,12.86,755.56,0,0,0,0,16.5,0,32.3,0,0,1.95,0.01,3.89,1182.32,65.83
2025-12-22T23:55:00Z,-1.02,0,528.37,-0.1,0,58.79,0.11,80.08,0.84,753.27,0,0,0,0,16.4,0,32.73,0,0,1.97,0.01,3.94,1275.18,62.25
2025-12-23T00:00:00Z,-1.36,0,553.2,-0.2,0,58.79,0.11,81.18,0.96,735.85,0,0,0,0,16.3,0,33.98,0,0,1.97,0.01,3.99,1487.87,63.9
2025-12-23T00:05:00Z,-4.89,0,532.51,-0.2,0,58.12,0.11,79.38,0.37,746.57,0,0,0,0,16.2,0,32.79,0,0,1.95,0.01,3.9,1336.5,71.51
2025-12-23T00:10:00Z,-0.25,0,561.28,-0.1,0,59.46,0.11,80.48,2.93,728.36,0,0,0,0,16.1,0,34.5,0,0,1.99,0.01,3.95,1567.32,74.97
2025-12-23T00:15:00Z,-0.44,0,566.98,-0.1,0,58.79,0.11,80.6,1.74,729.34,0,0,0,0,16,0,34.63,0,0,1.97,0.01,3.96,1606.37,71.3
2025-12-23T00:20:00Z,-1.43,0,613.72,0,0,58.79,0.11,81.1,3.2,696.83,0,0,0,0,15.9,0,36.8,0,0,1.97,0.01,3.99,2281.74,70.41
2025-12-23T00:25:00Z,-1.39,0,651.54,0,0,59.46,0.11,79.26,1.21,660.12,0,0,0,0,15.8,0,38.17,0,0,1.99,0.01,3.9,3591.82,71.64
2025-12-23T00:30:00Z,-3.1,0,666.17,0,0,59.46,0.11,79.64,0.12,652.4,0,0,0,0,15.7,0,38.71,0,0,1.99,0.01,3.91,4372.47,75.21
2025-12-23T00:35:00Z,-5.3,0,676.09,0,0,58.12,0.11,79.58,0.04,642.42,0,0,0,0,15.72,0,38.56,0,0,1.95,0.01,3.91,5391.24,78.24
2025-12-23T00:40:00Z,-2.04,0,663.06,0,0,58.79,0.11,80.38,1.83,661.19,0,0,0,0,15.73,0,38.16,0,0,1.97,0.01,3.95,3855.73,75.01
2025-12-23T00:45:00Z,-3.47,0,684.55,0,0,58.12,0.11,79.88,0.58,640.2,0,0,0,0,15.75,0,38.92,0,0,1.95,0.01,3.93,5915.59,72.91
2025-12-23T00:50:00Z,-3.25,0,704.09,0,0,58.79,0.11,80.78,3.9,629.5,0,0,0,0,15.77,0,39.46,0,0,1.97,0.01,3.97,8288.34,74.16
2025-12-23T00:55:00Z,-5.93,0,732.28,0,0,58.79,0.11,81.03,0.34,616.1,0,0,0,0,15.78,0,40.75,0,0,1.97,0.01,3.98,30858.31,108.44
2025-12-23T01:00:00Z,-3.27,0,626.19,0,0,76.24,0.11,80.17,45.46,602.01,0,0,0,0,15.8,0,35.1,0,0,2.55,0.01,3.94,2860.57,108.44
2025-12-23T01:05:00Z,-2.5,0,663.93,0,0,65.5,0.11,81.04,20.87,600.37,0,0,0,0,15.85,0,37.75,0,0,2.19,0.01,3.98,5196.18,75.14
2025-12-23T01:10:00Z,-2,0,626.55,0,0,60.14,0.11,81.16,54,609.25,0,0,0,0,15.9,0,36.22,0,0,2.01,0.01,3.99,2877.83,74.06
2025-12-23T01:15:00Z,-3.27,0,642.05,0,0,60.14,0.11,78.72,63.66,596.68,0,0,0,0,15.95,0,37.66,0,0,2.01,0.01,3.87,3393.55,71.43
2025-12-23T01:20:00Z,-2.45,0,689.99,0,0,60.14,0.11,79.55,0.4,592.22,0,0,0,0,16,0,41.06,0,0,2.01,0.01,3.91,14103.86,74.25
2025-12-23T01:25:00Z,-2.36,0,683.84,0,0,60.81,0.11,79.04,2.25,593.63,0,0,0,0,16.05,0,40.99,0,0,2.04,0.01,3.88,11342.48,71.38
2025-12-23T01:30:00Z,-2.65,0,696.99,-0.1,0,60.14,0.11,79.35,5.91,578.73,0,0,0,0,16.1,0,41.69,0,0,2.01,0.01,3.9,23329.21,68.75
2025-12-23T01:35:00Z,-2.7,0,686.48,-0.1,0,60.81,0.11,79.23,11.93,581.81,0,0,0,0,16.13,0,40.43,0,0,2.04,0.01,3.89,12476.42,69.6
2025-12-23T01:40:00Z,-2.27,0,624.5,-0.1,0,60.81,0.11,80.45,50.88,597.51,0,0,0,0,16.17,0,36.4,0,0,2.04,0.01,3.95,3123.1,66.45
2025-12-23T01:45:00Z,-2.08,0,639.4,-0.1,0,60.14,0.11,81.01,2.42,637.66,0,0,0,0,16.2,0,37.45,0,0,2.01,0.01,3.98,3730.84,64.84
2025-12-23T01:50:00Z,-2.86,0,605.2,-0.1,0,60.81,0.11,80.45,0.78,668.71,0,0,0,0,16.23,0,35.1,0,0,2.04,0.01,3.95,2432.76,67.69
2025-12-23T01:55:00Z,-2.07,0,568.01,-0.1,0,60.14,0.11,81.71,39,657.13,0,0,0,0,16.27,0,32.83,0,0,2.01,0.01,4.02,1740.73,30.95
2025-12-23T02:00:00Z,-2.37,0,569.59,0,0,60.14,0.11,81.39,46.01,645.42,0,0,0,0,16.3,0,32.86,0,0,2.01,0.01,4,1786.74,29.83
2025-12-23T02:05:00Z,-2.28,0,619.4,0,0,60.14,0.11,79.99,0.67,638.92,0,0,0,0,16.32,0,35.45,0,0,2.01,0.01,3.93,3142.03,60.08
2025-12-23T02:10:00Z,-77.59,0,699.03,0,0,60.81,0.11,79.9,5.29,634.7,0,0,0,0,16.33,0,40.13,0,0,2.04,0.01,3.93,132206.77,48.2
2025-12-23T02:15:00Z,-76.4,0,672.9,0,0,60.81,0.11,79.68,0,642.14,0,0,0,0,16.35,0,38.79,0,0,2.04,0.01,3.92,16063.74,44.62
2025-12-23T02:20:00Z,-122.1,0,687.4,-0.1,0,60.81,0.11,79.85,0.44,667.11,0,0,0,0,16.37,0,40.1,0,0,2.04,0.01,3.92,426373.47,31.86
2025-12-23T02:25:00Z,-134.51,0,733.74,0,0,60.14,0.1,79.82,0,639.4,0,0,0,0,16.38,0,43.09,0,0,2.01,0.01,3.92,6625.77,29.39
2025-12-23T02:30:00Z,-68.74,0,617.4,0,0,60.14,0.11,79,0.08,671.21,0,0,0,0,16.4,0,35.83,0,0,2.01,0.01,3.88,4026.2,60.08
2025-12-23T02:35:00Z,-110.65,0,749.17,0,0,60.14,0.11,9.16,0.44,684.26,0,0,0,0,16.35,0,42.48,0,0,2.01,0.01,0.45,5102.63,40.11
2025-12-23T02:40:00Z,-124.03,0,753.13,0,0,60.81,0.11,8.71,0.08,667.43,0,0,0,0,16.3,0,41.56,0,0,2.04,0.01,0.43,3773.41,21.21
2025-12-23T02:45:00Z,-60.15,0,677.13,0,0,60.14,0.11,0,0.47,688.48,0,0,0,0,16.25,0,36.68,0,0,2.01,0.01,0,39011.04,59.23
2025-12-23T02:50:00Z,-76.41,0,686.75,0,0,60.14,0.11,0,2.26,689.06,0,0,0,0,16.2,0,37.99,0,0,2.01,0.01,0,41385.39,60.08
2025-12-23T02:55:00Z,-156.59,0,769.9,0,0,60.81,0.11,0,0.63,674.56,0,0,0,0,16.15,0,43.1,0,0,2.04,0.01,0,2845.26,32.28
2025-12-23T03:00:00Z,-100.16,0,699.71,0,0,61.48,0.11,0,0.67,675.04,0,0,0,0,16.1,0,39.35,0,0,2.06,0.01,0,7942.81,60.08
2025-12-23T03:05:00Z,-176.88,0,769.12,0,0,60.81,0.11,0,6.7,678.45,0,0,0,0,16.08,0,44.06,0,0,2.04,0.01,0,2766.86,52.17
2025-12-23T03:10:00Z,-97.47,0,661.73,-0.1,0,60.14,0.11,0,19.2,690.71,0,0,0,0,16.07,0,38.48,0,0,2.01,0.01,0,44756.11,60.08
2025-12-23T03:15:00Z,-165.47,0,740.74,0,0,59.46,0.11,0,0.68,691.76,0,0,0,0,16.05,0,43.92,0,0,1.99,0.01,0,3572.82,21.21
2025-12-23T03:20:00Z,-88.88,0,683.91,0,0,60.81,0.11,0,0.4,676.88,0,0,0,0,16.03,0,40.84,0,0,2.04,0.01,0,14877.15,60.08
2025-12-23T03:25:00Z,-100.77,0,690.12,-0.1,0,59.46,0.11,0,2.02,663.39,0,0,0,0,16.02,0,41.73,0,0,1.99,0.01,0,7950.22,36.46
2025-12-23T03:30:00Z,-27.74,0,632.35,0,0,60.81,0.11,0,0.58,647.44,0,0,0,0,16,0,38.53,0,0,2.04,0.01,0,9968.93,52.25
2025-12-23T03:35:00Z,-43.32,0,660.84,0,0,60.81,0.11,0,0.27,632.15,0,0,0,0,15.93,0,40.44,0,0,2.04,0.01,0,47081.59,60.08
2025-12-23T03:40:00Z,-17.75,0,647.62,-0.1,0,60.81,0.11,0,0.37,623.76,0,0,0,0,15.87,0,39.24,0,0,2.04,0.01,0,25299.76,41.8
2025-12-23T03:45:00Z,-59.53,0,721.49,-0.1,0,60.81,0.11,0,0.25,597.25,0,0,0,0,15.8,0,43.16,0,0,2.04,0.01,0,4420.17,22.8
2025-12-23T03:50:00Z,-15.38,0,698.75,-0.1,0,60.14,0.11,0,0.15,589.26,0,0,0,0,15.73,0,41.74,0,0,2.01,0.01,0,8130.82,60.08
2025-12-23T03:55:00Z,-55.74,0,736.99,0,0,60.81,0.11,0,1.75,558.56,0,0,0,0,15.67,0,44.47,0,0,2.04,0.01,0,3254.23,41.26
2025-12-23T04:00:00Z,-3.75,0,693.72,0,0,60.14,0.11,0,0,555.1,0,0,0,0,15.6,0,41.71,0,0,2.01,0.01,0,6390.06,38.7
2025-12-23T04:05:00Z,-3.56,0,714.71,0,0,60.81,0.11,0,0.55,550.67,0,0,0,0,15.53,0,43.09,0,0,2.04,0.01,0,5102.01,30.29
2025-12-23T04:10:00Z,-3.67,0,685.06,0,0,60.81,0.11,0,17.61,548.24,0,0,0,0,15.47,0,42.19,0,0,2.04,0.01,0,8565.47,65.73
2025-12-23T04:15:00Z,-10.93,0,698.96,0,0,60.81,0.11,0,0.27,557.18,0,0,0,0,15.4,0,43.49,0,0,2.04,0.01,0,5969.89,65.73
2025-12-23T04:20:00Z,-54.74,0,744.75,0,0,60.81,0.11,0,9.42,560.48,0,0,0,0,15.33,0,46.6,0,0,2.04,0.01,0,3460.71,64.28
2025-12-23T04:25:00Z,-11.47,0,652.16,0,0,60.14,0.11,0,14.67,586.07,0,0,0,0,15.27,0,41.16,0,0,2.01,0.01,0,195792.5,66.79
2025-12-23T04:30:00Z,-12.56,0,671.03,0,0,60.14,0.11,0,0.02,579.58,0,0,0,0,15.2,0,42.29,0,0,2.01,0.01,0,12154.81,62.94
2025-12-23T04:35:00Z,-3.63,0,668.95,0,0,60.14,0.11,0,0.63,582.1,0,0,0,0,15.22,0,42.46,0,0,2.01,0.01,0,18027.34,67.48
2025-12-23T04:40:00Z,-5.6,0,698.56,0,0,60.14,0.11,0,3.46,573.55,0,0,0,0,15.23,0,44.64,0,0,2.01,0.01,0,8368.32,71.73
2025-12-23T04:45:00Z,-4.21,0,682.49,0,0,60.14,0.11,0,24.99,562.32,0,0,0,0,15.25,0,43.73,0,0,2.01,0.01,0,14025.36,61.17
2025-12-23T04:50:00Z,-4.58,0,538.36,0,0,60.81,0.11,0,165.54,567.43,0,0,0,0,15.27,0,34.61,0,0,2.04,0.01,0,1752.84,85.27
2025-12-23T04:55:00Z,-2.07,0,627.64,0,0,60.14,0.11,0,103.28,554.83,0,0,0,0,15.28,0,40.13,0,0,2.01,0.01,0,5706.53,62.77
2025-12-23T05:00:00Z,-4.31,0,470.04,0,0,60.14,0.11,0,231.76,556.91,0,0,0,0,15.3,0,30.31,0,0,2.01,0.01,0,1035.69,98
2025-12-23T05:05:00Z,-1.91,0,664.46,0,0,60.81,0.11,0,73.59,537.92,0,0.04,0,0,15.28,0,41.76,0,0,2.04,0.01,0,86295.89,59.5
2025-12-23T05:10:00Z,-1.79,0,522.21,0,0,60.81,0.11,0,220.32,521.49,0,0.08,0,0,15.27,0,33.58,0,0,2.04,0.01,0,1533.38,95
2025-12-23T05:15:00Z,-1.99,0,623.55,0,0,60.81,0.11,0,115.98,523.17,0,0.12,0,0,15.25,0,39.72,0,0,2.04,0.01,0,6715.28,58.92
2025-12-23T05:20:00Z,-6.41,0,507.99,0,0,60.14,0.11,0,258.34,508.68,0,0.16,0,0,15.23,0,32.86,0,0,2.01,0.01,0,1337.01,51.11
2025-12-23T05:25:00Z,-17.62,0,475.68,0,0,59.46,0.11,0,283.79,519.37,0,0.2,0,0,15.22,0,30.68,0,0,1.99,0.01,0,1061.02,31.31
2025-12-23T05:30:00Z,-6.27,0,498.99,0,0,60.81,0.11,0,267.17,522.73,0,0.24,0,0,15.2,0,31.64,0,0,2.04,0.01,0,1168.74,46.45
2025-12-23T05:35:00Z,-13.48,0,601.8,0,0,60.14,0.11,0,197.13,503.06,0.04,2.72,0,0,15.25,0,37.79,0,0,2.01,0.01,0,3229.38,54.45
2025-12-23T05:40:00Z,-9.19,0,709.95,0,0,59.46,0.11,0,75.75,498.66,0.25,5.2,0,0,15.3,0,44.29,0,0,1.99,0.01,0,6969.2,43.81
2025-12-23T05:45:00Z,-10.07,0,684.33,-0.1,0,60.81,0.11,0,93.67,498.44,1.19,7.68,0,0,15.35,0,42.13,0,0,2.04,0.01,0,16256.57,18.51
2025-12-23T05:50:00Z,-1.99,0,655.53,0,0,59.46,0.11,0,131.81,471.53,1.97,10.17,0,0,15.4,0,39.49,0,0,1.99,0.01,0,28407.02,18.51
2025-12-23T05:55:00Z,-9.3,0,724.71,0,0,60.81,0.11,0,102.5,467.22,6.08,12.65,0,0,15.45,0,43.31,0,0,2.04,0.01,0,6429.41,15.82
2025-12-23T06:00:00Z,-6.62,0,728.71,0,0,60.14,0.11,0,81.3,461.41,8.69,15.13,0,0,15.5,0,43.1,0,0,2.01,0.01,0,4987.72,10.16
2025-12-23T06:05:00Z,-1.57,0,787.98,-0.1,0,60.14,0.11,0,90.19,417.8,15.58,26.12,0,0,15.53,0,46.29,0,0,2.01,0.01,0,3225.58,18.3
2025-12-23T06:10:00Z,-4.98,0,802.06,-0.1,0,60.81,0.11,0,73.48,401.08,22.63,37.11,0,0,15.57,0,46.72,0,0,2.04,0.01,0,2760.99,18.41
2025-12-23T06:15:00Z,-0.09,0,795.77,-0.1,0,60.14,0.11,0,68.66,394.5,33.87,48.09,0,0,15.6,0,46.11,0,0,2.01,0.01,0,3030.64,18.51
2025-12-23T06:20:00Z,-0.05,0,753.77,-0.1,0,60.81,0.11,0,72.78,394.48,41.62,59.08,0,0,15.63,0,43.74,0,0,2.04,0.01,0,4393.36,59.92
2025-12-23T06:25:00Z,-0.07,0,687.21,0,0,60.14,0.11,0,155.81,376.55,59.61,70.07,0,0,15.67,0,41.22,0,0,2.01,0.01,0,14822.63,31.31
2025-12-23T06:30:00Z,-0.1,0,645.77,0,0,60.14,0.11,0,177.76,355.59,84.24,81.06,0,0,15.7,0,37.54,0,0,2.01,0.01,0,4200.41,31.31
2025-12-23T06:35:00Z,-0.09,0,629.31,0,0,60.14,0.11,0,186.77,353.09,99.87,95.02,0,0,15.77,0,37.71,0,0,2.01,0.01,0,2879.46,92.4
2025-12-23T06:40:00Z,-0.07,0,591.08,0,0,60.81,0.11,0,222.34,338.83,119.4,108.97,0,0,15.83,0,34.87,0,0,2.04,0.01,0,1708.25,138
2025-12-23T06:45:00Z,0,0,597.01,0,0,89.66,0.11,13,214.32,314.46,99.91,122.93,0,0,15.9,0,34.55,0,0,3,0.01,0.64,1781.15,123.45
2025-12-23T06:50:00Z,-3.31,0,743.17,0,0,90.34,0.11,0,79.68,293.02,113.63,136.89,0,0,15.97,0,41.07,0,0,3.02,0.01,0,16122.77,138
2025-12-23T06:55:00Z,-75.82,0,706.25,0,0,89.66,0.11,101.26,84.35,282.16,120.43,150.84,0,0,16.03,0,40.1,0,0,3,0.01,4.98,12342.86,0
2025-12-23T07:00:00Z,-10.09,0,837.99,0,0,60.14,0.11,21.94,8.4,257.77,136.79,164.8,0,0,16.1,0,46.16,0,0,2.01,0.01,1.08,2982.98,-6.78
2025-12-23T07:05:00Z,-7.63,0,867.09,0,0,60.81,0.11,13.87,10.29,245.26,147.64,183.19,0,0,16.15,0,46.66,0,0,2.04,0.01,0.68,2775.24,108.44
2025-12-23T07:10:00Z,-6.65,0,720.87,0,0,60.81,0.11,49.74,27.15,228.76,164.88,201.59,0,0,16.2,0,39.5,0,0,2.04,0.01,2.44,95659.64,-7
2025-12-23T07:15:00Z,-42.08,0,803.06,0,0,61.48,0.11,50.67,10.19,225.46,182.91,219.98,0,5.37,16.25,0,44.61,0,0,2.06,0.01,2.49,6252.61,-7.01
2025-12-23T07:20:00Z,-33.44,0,795.15,0,0,60.14,0.11,49.74,0.24,213.5,177.53,238.38,8.17,12.77,16.3,0,43.24,0,0,2.01,0.01,2.44,6435.15,-11.66
2025-12-23T07:25:00Z,-61.83,0,805.59,0,0,60.81,0.11,49.88,1.75,195.24,192.54,256.77,23.12,19.98,16.35,0,43.08,0,0,2.04,0.01,2.45,5174.64,-11.66
2025-12-23T07:30:00Z,-93.57,0,833.37,0,0,60.81,0.11,49.38,0,176.75,194.42,275.17,48.5,31.38,16.4,0,44.86,0,0,2.04,0.01,2.43,3475.51,-15.08
2025-12-23T07:35:00Z,-3.86,0,770.29,0,0,60.81,0.11,49.76,0.34,148.73,189.93,310.21,93.41,41.87,16.45,0,42.26,0,0,2.04,0.01,2.45,39307.81,-15.08
2025-12-23T07:40:00Z,-9.83,0,775.85,0,0,60.81,0.11,7.9,0,153.15,201.1,345.25,91.06,41.09,16.5,0,41.69,0,0,2.04,0.01,0.39,30473.11,-11.79
2025-12-23T07:45:00Z,-5.1,0,748.92,0,0,60.14,0.11,0,2.55,160.01,225,380.29,111.58,47.88,16.55,0,41.59,0,0,2.01,0.01,0,7065.63,-11.8
2025-12-23T07:50:00Z,-44.38,0,763.05,0,0,60.14,0.11,0,5.85,143.97,235.75,415.33,126.48,56.32,16.6,0,41.28,0,0,2.01,0.01,0,9673.08,-11.79
2025-12-23T07:55:00Z,-0.23,0,670.37,0,0,60.81,0.11,0,9.92,145.03,233.91,450.37,119.91,79.77,16.65,0,35.44,0,0,2.04,0.01,0,1959.42,-15.08
2025-12-23T08:00:00Z,-2.17,0,642.24,0,0,60.81,0.11,0,5.17,148.31,226.13,485.41,135.07,89.32,16.7,0,36.33,0,0,2.04,0.01,0,1635.4,-11.78
2025-12-23T08:05:00Z,-103.57,0,645.09,-0.1,0,60.81,0.11,0,10.58,214.62,237.78,526.13,103.04,82.25,16.85,0,36.67,0,0,2.04,0.01,0,1542.02,-102
2025-12-23T08:10:00Z,-2.48,0,711.95,-0.2,0,60.81,0.11,0,6.02,105.17,226.71,566.85,241.8,122.35,17,0,40.42,0,0,2.04,0.01,0,2029.75,-41.97
2025-12-23T08:15:00Z,-30.4,0,607.01,-0.1,0,60.14,0.11,0,32.85,136.03,228.36,607.57,192.83,96.68,17.15,0,35.75,0,0,2.01,0.01,0,1060.19,-129
2025-12-23T08:20:00Z,-32.36,0,692.16,-0.1,0,60.81,0.11,0,8.73,113.73,224.93,648.29,232.2,111.61,17.3,0,40.93,0,0,2.04,0.01,0,1553.43,-41.97
2025-12-23T08:25:00Z,-49.93,0,531.29,0,0,60.81,0.11,0,60.03,135.06,229.25,689.01,218.44,130.11,17.45,0,32.34,0,0,2.04,0.01,0,695.78,-129
2025-12-23T08:30:00Z,-36.49,0,563.74,0,0,60.81,0.11,0,78.15,117.45,225.94,729.73,241.29,145.92,17.6,0,33.52,0,0,2.04,0.01,0,697.38,-11.79
2025-12-23T08:35:00Z,-0.26,0,429.19,0,0,60.81,0.11,0,85.77,190.19,187.62,777.99,150.54,226.41,17.58,0,25.57,0,0,2.04,0.01,0,379.5,-15.08
2025-12-23T08:40:00Z,-0.15,0,480.23,0,0,60.81,0.11,0,65.66,151.39,126.42,826.24,229.4,237.33,17.57,0,30.57,0,0,2.04,0.01,0,521.61,-15.08
2025-12-23T08:45:00Z,-0.8,0,449.5,0,0,60.14,0.11,0,74.63,145.74,124.17,874.5,248.32,230.49,17.55,0,28.94,0,0,2.01,0.01,0,448.23,-11.8
2025-12-23T08:50:00Z,-5.22,0,528.86,0,0,60.81,0.11,0,21.96,125.23,131.96,922.76,272.04,225.95,17.53,0,36.43,0,0,2.04,0.01,0,633.56,-11.8
2025-12-23T08:55:00Z,-8.37,0,544.56,0,0,60.81,0.11,0,9.05,115.23,132.26,971.01,238.02,226.8,17.52,0,34.17,0,0,2.04,0.01,0,590.85,-11.66
2025-12-23T09:00:00Z,-76.06,0,526.53,0,0,60.14,0.11,0,2.58,159.82,129.68,1019.27,172.83,231.2,17.5,0,37.08,0,0,2.01,0.01,0,610.17,-11.66
2025-12-23T09:05:00Z,-9.46,0,500.53,0,0,60.81,0.11,0,6.79,174.36,41,1055.69,179.17,333.47,17.65,0,34.54,0,0,2.04,0.01,0,529.69,-11.66
2025-12-23T09:10:00Z,-8.74,0,477.42,0,2,58.79,0.11,0,4.99,172.16,31.43,1092.11,152.94,334.96,17.8,0,32.12,0,0.1,1.97,0.01,0,468.7,-11.66
2025-12-23T09:15:00Z,-21.84,0,439.08,0,3,44.7,0.11,0,16.97,166.65,35.67,1128.52,181.87,334.28,17.95,0,30.96,0,0.14,1.5,0.01,0,418.6,-11.66
2025-12-23T09:20:00Z,-43.71,0,461.25,0,5,43.36,0.11,0,16.8,147.28,35.58,1164.94,172.74,361.81,18.1,0,31.91,0,0.24,1.45,0.01,0,444.12,-11.78
2025-12-23T09:25:00Z,-36.26,0,451.43,0,9,43.36,0.11,0,18.31,130.55,29.03,1201.36,204.9,387.73,18.25,0,32.15,0,0.43,1.45,0.01,0,432.72,-19.5
2025-12-23T09:30:00Z,-12.89,0,479.78,0,10,42.69,0.11,0,2.58,92.88,13.68,1237.78,272.29,401.44,18.4,0,34.96,0,0.48,1.43,0.01,0,487.82,-11.8
2025-12-23T09:35:00Z,-49.66,0,462.78,0,12,43.36,0.11,0,1.4,104.92,42.45,1269.84,230.92,381.95,18.52,0,32.52,0,0.58,1.45,0.01,0,431.19,-20.57
2025-12-23T09:40:00Z,-26.91,0,488.62,0,16,42.69,0.11,0,0.68,93.41,13.11,1301.9,241.17,416.7,18.63,0,34.59,0,0.77,1.43,0.01,0,463.61,-15.08
2025-12-23T09:45:00Z,-53.06,0,421.73,0,20,43.36,0.11,0,8.04,115.48,20.9,1333.96,259.13,411.25,18.75,0,29.23,0,0.96,1.45,0.01,0,355.86,-15.08
2025-12-23T09:50:00Z,-67.85,0,344.63,0,23,43.36,0.11,0,56.48,112.63,23.07,1366.03,227.22,415.44,18.87,0,24.58,0,1.1,1.45,0.01,0,268.65,-77.44
2025-12-23T09:55:00Z,-15.14,0,341.68,0,25,42.69,0.11,0,28.22,85.19,9,1398.09,255.84,433.43,18.98,0,25.22,0,1.2,1.43,0.01,0,271.47,-15.08
2025-12-23T10:00:00Z,-91.87,0,355.69,0,24,42.69,0.11,0,9.73,116.22,21.96,1430.15,209.14,414.92,19.1,0,25.84,0,1.15,1.43,0.01,0,284.92,-15.08
2025-12-23T10:05:00Z,-141.7,0,396.25,0,26,42.69,0.11,0,3.42,107.62,22.37,1449.59,262.08,430.4,19.18,0,29.39,0,1.25,1.43,0.01,0,345.58,-80.19
2025-12-23T10:10:00Z,-60.51,0,327.49,0,30,43.36,0.11,0,7.34,82.94,6.16,1469.02,276.17,470.34,19.27,0,24.79,0,1.44,1.45,0.01,0,265.61,-84.43
2025-12-23T10:15:00Z,-61.62,0,344.39,0,33,42.69,0.11,0,6.78,85.89,2.84,1488.45,272.66,471.01,19.35,0,25.73,0,1.58,1.43,0.01,0,275.21,-20
2025-12-23T10:20:00Z,-136.99,0,373.96,0,33,42.69,0.11,0,4.59,84.07,17.65,1507.88,269.51,492.51,19.43,0,27.37,0,1.58,1.43,0.01,0,309.29,-59.04
2025-12-23T10:25:00Z,-157.7,0,378.54,0,36,43.36,0.11,0,5.85,73.27,7.71,1527.32,278.7,526.4,19.52,0,28.16,0,1.73,1.45,0.01,0,325.05,-129
2025-12-23T10:30:00Z,-145.26,0,388.01,0,38,42.69,0.11,0,35.09,50.45,1.48,1546.75,305.98,513.03,19.6,0,30.13,0,1.82,1.43,0.01,0,339.19,-20.57
2025-12-23T10:35:00Z,-170.65,0,303.21,0,40,42.69,0.11,0,16.2,66.31,18.56,1578.77,272.53,532.15,19.68,0,23.6,0,1.92,1.43,0.01,0,250.98,-116.61
2025-12-23T10:40:00Z,-185.72,0,449.28,0,41,43.36,0.11,0,9.92,51.02,4.11,1610.79,285.81,506.92,19.77,0,32.26,0,1.97,1.45,0.01,0,380.53,-92.01
2025-12-23T10:45:00Z,-154.02,0,330.32,0,40,42.69,0.11,0,0,75.91,0.84,1642.81,317.21,501.56,19.85,0,24.28,0,1.92,1.43,0.01,0,251.61,-118.38
2025-12-23T10:50:00Z,-204.31,0,406.82,0,41,43.36,0.11,0,0.1,55.83,4.8,1674.83,359.6,502.97,19.93,0,29.86,0,1.97,1.45,0.01,0,330.44,-59.04
2025-12-23T10:55:00Z,-195.67,0,289.45,0,42,42.69,0.11,0,10.54,86.92,12.4,1706.84,342.99,550.68,20.02,0,20.9,0,2.02,1.43,0.01,0,206.34,-59.04
2025-12-23T11:00:00Z,-257.96,0,314.88,0,40,42.69,0.11,0,0.02,98.09,6.4,1738.86,318.6,537.42,20.1,0,22.55,0,1.92,1.43,0.01,0,229.67,-102
2025-12-23T11:05:00Z,-271.65,0,370.63,0,40,42.69,0.11,0,4.37,62.1,5.42,1750.81,365.93,514.96,20.08,0,25.93,0,1.92,1.43,0.01,0,278.16,-62.41
2025-12-23T11:10:00Z,-265.44,0,292.98,0,39,42.69,0.11,0,18.3,90.39,3.03,1762.75,377.56,560.37,20.07,0,22.25,0,1.87,1.43,0.01,0,219.4,-59
2025-12-23T11:15:00Z,-304,0,273.89,0,40,42.69,0.11,0,36.78,96.5,5.39,1774.69,321.45,537.21,20.05,0,19.75,0,1.92,1.43,0.01,0,195.51,-59.9
2025-12-23T11:20:00Z,-323.29,0,284.59,0,40,42.02,0.11,0,19.35,107.71,7.27,1786.63,381.02,555.07,20.03,0,21.75,0,1.92,1.41,0.01,0,215.75,-58.26
2025-12-23T11:25:00Z,-267.45,0,217.45,0,42,42.69,0.11,0,0.17,113.18,6.87,1798.57,345.14,546.27,20.02,0,16.7,0,2.02,1.43,0.01,0,159.23,-62.49
2025-12-23T11:30:00Z,-350.45,0,277,0,41,42.69,0.11,0,0.01,109.76,3.51,1810.52,362.26,551.11,20,0,21.79,0,1.97,1.43,0.01,0,219.08,-57.03
2025-12-23T11:35:00Z,-270.72,0,186.81,0,41,42.69,0.11,0,0.17,111.71,10.26,1816.52,366.21,553.16,20.12,0,14.21,0,1.97,1.43,0.01,0,135.1,-48.12
2025-12-23T11:40:00Z,-286.43,0,168.26,0,41,42.69,0.11,0,3.52,115.04,9.5,1822.52,378.48,512.26,20.23,0,12.14,0,1.97,1.43,0.01,0,118.05,-100
2025-12-23T11:45:00Z,-391.36,0,308.46,0,40,42.69,0.11,0,0,105.7,1.97,1828.52,401.72,534,20.35,0,21.43,0,1.92,1.43,0.01,0,225.49,-92.01
2025-12-23T11:50:00Z,-300.74,0,199.15,-0.1,40,42.69,0.11,0,11.17,112.19,4.79,1834.52,392.34,549.62,20.47,0,13.78,0,1.92,1.43,0.01,0,133.06,-95.07
2025-12-23T11:55:00Z,-147.33,-20.49,0,-0.1,42,43.36,0.11,0,25.35,140.94,2.05,1840.52,361.14,566.98,20.58,0.28,0,0,2.02,1.45,0.01,0,19.89,-92.01
2025-12-23T12:00:00Z,-144.85,-8.59,0,0,39,42.69,0.11,0,19.2,114.6,0.81,1846.52,385.15,564.62,20.7,0.13,0,0,1.87,1.43,0.01,0,19.96,-160.11
2025-12-23T12:05:00Z,-222.5,0,100.01,-0.1,47,42.69,0.11,0,16.06,106.9,4.28,1851.14,445.88,555.26,20.67,0,7.34,0,2.26,1.43,0.01,0,75.86,-54.18
2025-12-23T12:10:00Z,-142.04,-22.99,0,-0.1,39,42.69,0.11,0,0,123.24,9.25,1855.77,434.45,558.92,20.63,0.35,0,0,1.87,1.43,0.01,0,18.6,-57.58
2025-12-23T12:15:00Z,-194.91,0,13.01,-0.1,41,42.69,0.11,0,1.98,133.23,7.66,1860.39,423.78,564.66,20.6,0,1.01,0,1.97,1.43,0.01,0,28.19,-55.67
2025-12-23T12:20:00Z,-241.7,0,51.04,0,40,42.69,0.11,0,0.15,139.32,6.33,1865.02,397.84,561.25,20.57,0,3.95,0,1.92,1.43,0.01,0,48.66,-54.96
2025-12-23T12:25:00Z,-223.43,-3.57,0,0,40,42.69,0.11,0,0,156.56,10.43,1869.64,397.95,560.73,20.53,0.05,0,0,1.92,1.43,0.01,0,20.97,-53.84
2025-12-23T12:30:00Z,-188.83,-59.29,0,0,42,42.69,0.11,0,1.96,154.94,8.39,1874.27,448.51,565.53,20.5,0.82,0,0,2.02,1.43,0.01,0,16.84,-55.62
2025-12-23T12:35:00Z,-329.33,0,71.18,0,40,42.69,0.11,0,13.46,149.26,6.39,1877.03,411.27,562.93,20.47,0,5.5,0,1.92,1.43,0.01,0,61.47,-70.72
2025-12-23T12:40:00Z,-362.91,0,119.61,0,41,42.69,0.11,0,1.6,154.08,7.53,1879.79,408.55,566.58,20.43,0,10.16,0,1.97,1.43,0.01,0,98.96,-59.49
2025-12-23T12:45:00Z,-385.5,0,134.92,0,40,42.69,0.11,0,0,164.83,5.88,1882.56,489.18,568.31,20.4,0,11.58,0,1.92,1.43,0.01,0,110.92,-63.87
2025-12-23T12:50:00Z,-386.03,0,123.48,0,40,42.69,0.11,0,0,174.93,2.98,1885.32,416.13,569.05,20.37,0,10.12,0,1.92,1.43,0.01,0,98.84,-68.71
2025-12-23T12:55:00Z,-409.48,0,122.23,0,40,42.69,0.11,0,0,189.84,6.72,1888.08,436.33,568.34,20.33,0,10.34,0,1.92,1.43,0.01,0,100.47,-71.89
2025-12-23T13:00:00Z,-353.33,0,69.61,0,40,42.69,0.11,0,0,185.96,3.69,1890.84,425.46,572.89,20.3,0,6,0,1.92,1.43,0.01,0,64.53,-100
2025-12-23T13:05:00Z,-292.17,0,56.01,0,40,42.69,0.11,0,0.01,169.78,1.13,1883.87,467.95,572.4,20.35,0,4.83,0,1.92,1.43,0.01,0,54.91,-70.88
2025-12-23T13:10:00Z,-294.81,-15.21,0,0,40,42.69,0.11,0,0,198.9,6.45,1876.9,498.77,564.09,20.4,0.18,0,0,1.92,1.43,0.01,0,20.56,-123.37
2025-12-23T13:15:00Z,-351.75,0,117.89,0,42,42.69,0.11,0,0.05,130.76,2.67,1869.94,508.96,576.4,20.45,0,10.26,0,2.02,1.43,0.01,0,101.67,-102
2025-12-23T13:20:00Z,-355.51,0,148.47,0,40,42.69,0.11,0,0.14,141.68,0.84,1862.97,509.49,573.82,20.5,0,12.93,0,1.92,1.43,0.01,0,123.37,-100.61
2025-12-23T13:25:00Z,-180.21,-60.74,0,0,43,42.69,0.11,0,0.69,151.8,6.09,1856,477.17,573.29,20.55,0.87,0,0,2.06,1.43,0.01,0,16.97,-83.77
2025-12-23T13:30:00Z,-362.31,0,123.88,0,40,42.69,0.11,0,0,159.43,1.3,1849.03,447.16,577.7,20.6,0,11,0,1.92,1.43,0.01,0,107.25,-76.43
2025-12-23T13:35:00Z,-258.95,0,4.27,0,40,42.69,0.11,0,0,168.47,1.37,1845.68,465.39,574.14,20.63,0,0.38,0,1.92,1.43,0.01,0,24.43,-76.04
2025-12-23T13:40:00Z,-259.32,-10.86,0,0,40,42.69,0.11,0,0,180.82,5.67,1842.32,481.71,573.59,20.67,0.14,0,0,1.92,1.43,0.01,0,20.98,-79.91
2025-12-23T13:45:00Z,-362.46,0,99.92,0,42,42.69,0.11,0,0.02,171.66,3.03,1838.97,495.21,577.92,20.7,0,8.66,0,2.02,1.43,0.01,0,88.83,-116.56
2025-12-23T13:50:00Z,-165.07,-23.39,0,0,40,42.69,0.11,0,0,131.9,0.93,1835.62,509.61,576.33,20.73,0.36,0,0,1.92,1.43,0.01,0,19.27,-100
2025-12-23T13:55:00Z,-175.63,-32.04,0,0,41,42.69,0.11,0,0.54,143.63,4.78,1832.26,442.24,575.58,20.77,0.47,0,0,1.97,1.43,0.01,0,18.96,-100
2025-12-23T14:00:00Z,-182.48,-42.14,0,0,41,42.69,0.1,0,0.2,164.24,1.39,1828.91,507.11,579.7,20.8,0.57,0,0,1.97,1.43,0.01,0,18.31,-83.42
2025-12-23T14:05:00Z,-248.5,0,2.65,0,40,42.69,0.11,0,0,179.68,1.5,1821.91,497.5,575.98,20.8,0,0.24,0,1.92,1.43,0.01,0,23.49,-100
2025-12-23T14:10:00Z,-263.53,-37.19,0,0,40,42.69,0.11,0,0,164.48,77.09,1814.9,507.91,489.08,20.8,0.38,0,0,1.92,1.43,0.01,0,19.39,-108.91
2025-12-23T14:15:00Z,-205.44,-42.33,0,0,40,42.69,0.11,0,0.2,99.18,87.87,1807.9,504.47,492.9,20.8,0.53,0,0,1.92,1.43,0.01,0,18.55,-95.99
2025-12-23T14:20:00Z,-211.37,-32.69,0,0,40,42.69,0.11,0,0,116.4,86.86,1800.9,499.93,490.24,20.8,0.38,0,0,1.92,1.43,0.01,0,19.35,-97.51
2025-12-23T14:25:00Z,-194.12,-79.11,0,0,40,42.69,0.11,0,0,141.5,90.63,1793.9,499.16,489.4,20.8,0.84,0,0,1.92,1.43,0.01,0,16.43,-100.73
2025-12-23T14:30:00Z,-252.14,-3.44,0,0,40,42.69,0.11,0,7,138.36,87.68,1786.9,499.51,492.83,20.8,0.04,0,0,1.92,1.43,0.01,0,21.56,-95.07
2025-12-23T14:35:00Z,-180.48,-85.4,0,0,41,42.02,0.11,0,12.87,151.61,87.73,1778.52,484.65,490.32,20.87,0.86,0,0,1.97,1.41,0.01,0,16.36,-90.86
2025-12-23T14:40:00Z,-164.37,-105.18,0,0,41,42.69,0.11,0,18.15,156.55,91.13,1770.13,466.95,489.39,20.93,1.02,0,0,1.97,1.43,0.01,0,15.43,-81.64
2025-12-23T14:45:00Z,-166.15,-102.53,0,0,42,42.69,0.11,0,5.63,164.23,89.33,1761.75,472.7,491.73,21,1.03,0,0,2.02,1.43,0.01,0,15.83,-73.83
2025-12-23T14:50:00Z,-187.7,-104.16,0,0,40,42.69,0.11,0,8.57,183.03,88.59,1753.36,432.32,489.15,21.07,0.96,0,0,1.92,1.43,0.01,0,15.74,-81.58
2025-12-23T14:55:00Z,-179.18,-158.88,0,0,42,42.69,0.11,0,44.06,188.26,91.98,1744.98,482.58,488.24,21.13,1.34,0,0,2.02,1.43,0.01,0,13.95,-100
2025-12-23T15:00:00Z,-236.05,-18.87,0,0,41,42.69,0.11,0,0.02,170.11,88.62,1736.59,478.02,492.33,21.2,0.19,0,0,1.97,1.43,0.01,0,21.16,-58.55
2025-12-23T15:05:00Z,-106.95,-227.42,0,-0.1,44,42.69,0.11,0,40.66,210.71,92.53,1731,459.76,484.82,21.22,1.87,0,0,2.11,1.43,0.01,0,11,-60.56
2025-12-23T15:10:00Z,-225.46,-49.9,0,-0.1,41,43.36,0.11,0,0.5,200.82,93.83,1725.4,452.01,487,21.23,0.45,0,0,1.97,1.45,0.01,0,19.52,-69.66
2025-12-23T15:15:00Z,-175.53,-58.22,0,-0.1,40,42.69,0.11,0,0.01,199.21,89.67,1719.81,479.62,489.7,21.25,0.53,0,0,1.92,1.43,0.01,0,18.28,-59.54
2025-12-23T15:20:00Z,-280.65,0,25.54,0,40,42.02,0.11,0,0.01,212.11,89.39,1714.22,458.93,486.75,21.27,0,2.21,0,1.92,1.41,0.01,0,37.13,-56.68
2025-12-23T15:25:00Z,-191.13,-59.92,0,-0.1,40,42.02,0.11,0,0.01,221.76,95.44,1708.63,465.31,481.46,21.28,0.5,0,0,1.92,1.41,0.01,0,18.31,-59.89
2025-12-23T15:30:00Z,-283.4,0,57.95,0,40,42.02,0.11,0,0.01,213.9,90.54,1703.03,454.45,487.87,21.3,0,4.74,0,1.92,1.41,0.01,0,55.43,-59.5
2025-12-23T15:35:00Z,-264.34,0,30.06,0,43,42.02,0.11,0,6.39,228.61,90.48,1684.9,427.61,483.64,21.3,0,2.44,0,2.06,1.41,0.01,0,39.41,-62.09
2025-12-23T15:40:00Z,-275.32,0,61.96,0,40,42.02,0.11,0,0.01,221.8,92.04,1666.78,496.59,481.69,21.3,0,5.1,0,1.92,1.41,0.01,0,58.64,-60.6
2025-12-23T15:45:00Z,-169.71,-30.78,0,0,43,42.02,0.11,0,5.25,218.92,90.62,1648.65,474.49,482.48,21.3,0.27,0,0,2.06,1.41,0.01,0,20.84,-59.04
2025-12-23T15:50:00Z,-122.69,-58.73,0,0,40,42.02,0.11,0,1.77,226.86,92.21,1630.52,498.89,475.91,21.3,0.49,0,0,1.92,1.41,0.01,0,18.45,-55.11
2025-12-23T15:55:00Z,-161.09,0,3.39,0,41,42.69,0.11,0,0.02,232.73,92.01,1612.39,467.66,468.73,21.3,0,0.27,0,1.97,1.43,0.01,0,23.74,-46.77
2025-12-23T16:00:00Z,-160.64,0,4.3,0,46,42.02,0.1,0,13.54,221.29,91.07,1594.26,478.44,465.17,21.3,0,0.32,0,2.21,1.41,0.01,0,25.62,-57.02
2025-12-23T16:05:00Z,-213.32,0,99.27,0,43,42.02,0.11,0,3.06,233.15,94.44,1565.71,503.09,465.69,21.18,0,7.35,0,2.06,1.41,0.01,0,77.85,-48.04
2025-12-23T16:10:00Z,-164.03,0,144.99,0,41,42.69,0.11,0,0.42,235.18,20.59,1537.15,492.63,546.7,21.07,0,10.09,0,1.97,1.43,0.01,0,103.24,-57.62
2025-12-23T16:15:00Z,-157.9,0,163.37,0,45,42.69,0.11,0,17.61,230.19,10.15,1508.59,503.02,543.42,20.95,0,11.59,0,2.16,1.43,0.01,0,118.88,-57.98
2025-12-23T16:20:00Z,-151.1,0,66.69,0,43,42.02,0.11,0,136.89,238.84,8.3,1480.04,559.75,537.4,20.83,0,4.88,0,2.06,1.41,0.01,0,57.93,-68.71
2025-12-23T16:25:00Z,-195.2,0,255.37,0,42,41.34,0.11,0,5.47,245.39,7.24,1451.48,534.88,539.27,20.72,0,16.83,0,2.02,1.38,0.01,0,180.9,-129
2025-12-23T16:30:00Z,-77.24,0,230.35,0,41,42.69,0.11,0,5.13,188.83,1.44,1422.92,618.04,535.24,20.6,0,15.36,0,1.97,1.43,0.01,0,161.44,-129
2025-12-23T16:35:00Z,-55.3,0,253.11,0,41,42.02,0.11,0,1.1,194.83,0.88,1389,579.44,532.91,20.52,0,16.76,0,1.97,1.41,0.01,0,177.65,-100
2025-12-23T16:40:00Z,-73.7,0,239.58,0,40,42.69,0.11,0,0,227.35,2.39,1355.07,523.1,528.14,20.43,0,15.52,0,1.92,1.43,0.01,0,167.23,-102
2025-12-23T16:45:00Z,-10.62,0,226.48,-0.1,40,42.69,0.11,0,13.34,217.38,0.97,1321.15,566.72,525.19,20.35,0,13.74,0,1.92,1.43,0.01,0,146.66,-129.38
2025-12-23T16:50:00Z,-111.23,0,372.55,-0.1,41,42.02,0.11,0,21.26,192.19,0.67,1287.22,572.88,514.39,20.27,0,22.18,0,1.97,1.41,0.01,0,278.68,-188.99
2025-12-23T16:55:00Z,-114.51,0,403.51,-0.1,41,42.69,0.11,0,21.22,196.1,2.37,1253.3,625.26,513.06,20.18,0,23.69,0,1.97,1.43,0.01,0,313.08,-102
2025-12-23T17:00:00Z,-61.5,0,390.21,0,40,43.36,0.11,0,0,214.7,0.93,1219.37,609.21,505.27,20.1,0,21.74,0,1.92,1.45,0.01,0,282.58,-102
2025-12-23T17:05:00Z,-5.69,0,340.49,-0.1,41,42.02,0.11,0,4.86,230.8,1.17,1181.47,582.5,498.65,20.12,0,19.45,0,1.97,1.41,0.01,0,237.2,-200
2025-12-23T17:10:00Z,-24.98,0,488.42,0,41,42.69,0.11,0,2.36,167.29,2.08,1143.57,619.1,493.57,20.13,0,26.87,0,1.97,1.43,0.01,0,410.11,-19.98
2025-12-23T17:15:00Z,-32.39,0,333.29,0,40,42.02,0.11,0,0,344.49,5.85,1105.67,404.53,478.82,20.15,0,18.85,0,1.92,1.41,0.01,0,227.07,-59.5
2025-12-23T17:20:00Z,-21.82,0,342.91,0,40,42.69,0.11,0,6,325.4,4.79,1067.77,484.42,477.7,20.17,0,18.6,0,1.92,1.43,0.01,0,234.86,-21
2025-12-23T17:25:00Z,-7.74,0,295.34,0,41,42.69,0.1,0,23.63,367.82,9.94,1029.86,488.89,468.3,20.18,0,16.52,0,1.97,1.43,0.01,0,197.29,-20
2025-12-23T17:30:00Z,-4.12,0,297.66,0,41,42.69,0.1,0,6.85,411.23,11.9,991.96,467.45,466.67,20.2,0,15.96,0,1.97,1.43,0.01,0,193.02,-19.98
2025-12-23T17:35:00Z,-8.4,0,270.76,0,40,42.02,0.11,0,0,486.6,10.91,950.6,400.88,456.8,20.17,0,14.35,0,1.92,1.41,0.01,0,169.6,-20
2025-12-23T17:40:00Z,-7.34,0,201.66,0,41,42.02,0.11,0,9.44,478.21,36.98,909.24,431.57,352.82,20.13,0,10.64,0,1.97,1.41,0.01,0,128.65,-20
2025-12-23T17:45:00Z,-16.15,0,279.2,0,40,42.69,0.11,0,1.04,450.46,118.96,867.88,475.91,326.03,20.1,0,14.68,0,1.92,1.43,0.01,0,176.56,-19.98
2025-12-23T17:50:00Z,-3.9,0,276.17,0,40,42.69,0.11,0,2.9,480.61,117.05,826.52,434.85,319.24,20.07,0,14.3,0,1.92,1.43,0.01,0,172.25,-11.66
2025-12-23T17:55:00Z,-8.65,0,184.35,0,40,42.69,0.11,0,6.27,589.76,146.66,785.16,332.4,281.66,20.03,0,9.68,0,1.92,1.43,0.01,0,110.31,-11.66
2025-12-23T18:00:00Z,-4.53,0,110.83,0,40,42.69,0.11,0,0.45,677.72,159.13,743.8,296.08,247.05,20,0,5.92,0,1.92,1.43,0.01,0,71.88,-9.89
2025-12-23T18:05:00Z,-14.17,0,104.12,0,40,42.69,0.11,0,0,724.66,160.64,700.47,257.11,224.51,19.87,0,5.49,0,1.92,1.43,0.01,0,68.47,-8.5
2025-12-23T18:10:00Z,-9.22,-15.96,0,0,40,42.69,0.11,0,5.3,755.25,202.48,657.14,239.07,66.47,19.73,0.05,0,0,1.92,1.43,0.01,0,23.63,-19.98
2025-12-23T18:15:00Z,-3.52,0,230.43,0,40,42.69,0.11,0,26.01,575.06,232.09,613.81,480.93,123.86,19.6,0,11.07,0,1.92,1.43,0.01,0,133.62,-11.79
2025-12-23T18:20:00Z,-0.14,0,203.13,0,41,42.69,0.11,0,44.89,602.04,235.55,570.48,369.26,101.22,19.47,0,9.99,0,1.97,1.43,0.01,0,120.56,-11.66
2025-12-23T18:25:00Z,-0.06,0,191.24,0,43,42.69,0.11,0,28.67,675.58,226.89,527.15,283.71,78.26,19.33,0,9.41,0,2.06,1.43,0.01,0,114.56,-7.01
2025-12-23T18:30:00Z,-10.98,0,102.74,0,41,42.69,0.1,0,16.05,822.73,225.11,483.83,117.08,49.6,19.2,0,5.04,0,1.97,1.43,0.01,0,66.78,4.84
2025-12-23T18:35:00Z,-66.75,0,92.94,0,40,42.02,0.11,0,11.22,867.2,248.64,447.15,42.99,0,19.1,0,4.67,0,1.92,1.41,0.01,0,64.16,-4.17
2025-12-23T18:40:00Z,-42.78,0,79.48,0,31,42.69,0.11,0,15.51,889.02,222.67,410.47,48.32,0,19,0,4.04,0,1.49,1.43,0.01,0,56.09,8.51
2025-12-23T18:45:00Z,-0.05,-7.42,0,0,0,42.69,0.11,0,54.01,968.28,196.03,373.79,0,0,18.9,0.01,0,0,0,1.43,0.01,0,10.53,9.85
2025-12-23T18:50:00Z,-0.1,-75.23,0,0,0,42.69,0.11,0,78.61,1051.73,180.47,337.12,0,0,18.8,0.08,0,0,0,1.43,0.01,0,10.08,58.98
2025-12-23T18:55:00Z,-2.29,-29.32,0,0,0,42.69,0.11,0,89.81,1056.06,157.52,300.44,0,0,18.7,0.03,0,0,0,1.43,0.01,0,10.44,57.93
2025-12-23T19:00:00Z,-0.39,-8.64,0,0,0,42.69,0.11,0,114.19,1036.2,138.28,263.76,0,0,18.6,0.01,0,0,0,1.43,0.01,0,10.79,59.52
2025-12-23T19:05:00Z,-1.34,0,86.96,0,0,42.69,0.11,0,83.86,1008.71,122.08,238.61,0,0,18.58,0,4.68,0,0,1.43,0.01,0,52.12,10.62
2025-12-23T19:10:00Z,-0.96,0,172.12,0,0,58.79,0.11,0,66.35,1011.64,97.9,213.45,0,0,18.57,0,9.14,0,0,1.97,0.01,0,104.61,10.97
2025-12-23T19:15:00Z,-1.89,0,209.59,0,0,59.46,0.11,0,69.47,1013.64,82.77,188.3,0,0,18.55,0,11.18,0,0,1.99,0.01,0,131.55,10.98
2025-12-23T19:20:00Z,-0.22,0,232.62,0,0,58.79,0.11,0,88.9,1009.99,65.48,163.15,0,0,18.53,0,12.61,0,0,1.97,0.01,0,151.7,42.14
2025-12-23T19:25:00Z,-0.41,0,304.94,0,0,59.46,0.11,0,56.72,1001.76,53.44,137.99,0,0,18.52,0,16.58,0,0,1.99,0.01,0,222.07,38.19
2025-12-23T19:30:00Z,-0.26,0,350.82,0,0,58.79,0.11,0,57.21,1001.9,39.45,112.84,0,0,18.5,0,19.19,0,0,1.97,0.01,0,276.35,45.44
2025-12-23T19:35:00Z,-0.77,0,360.94,0,0,58.79,0.11,0,57.12,1004.33,26.63,96.6,0,0,18.37,0,19.87,0,0,1.97,0.01,0,297.31,40.63
2025-12-23T19:40:00Z,-5.88,0,382.32,0,0,58.79,0.1,0,59.46,995.82,16.58,80.36,0,0,18.23,0,20.61,0,0,1.97,0.01,0,329.37,41.77
2025-12-23T19:45:00Z,-0.97,0,330.1,0,0,59.46,0.11,0,58.76,1026.74,10.38,64.11,0,0,18.1,0,17.91,0,0,1.99,0.01,0,268.86,37.69
2025-12-23T19:50:00Z,-0.89,0,355.16,0,0,59.46,0.11,0,58.2,1016.8,6.2,47.87,0,0,17.97,0,19.41,0,0,1.99,0.01,0,308.52,43.22
2025-12-23T19:55:00Z,-0.39,0,341.27,0,0,58.79,0.11,0,71.34,1033.33,3.19,31.63,0,0,17.83,0,18.32,0,0,1.97,0.01,0,284.21,42.99
2025-12-23T20:00:00Z,-0.22,0,335.45,-0.1,0,58.79,0.11,0,84.28,1039.53,1.33,15.39,0,0,17.7,0,17.82,0,0,1.97,0.01,0,275.02,41.03
2025-12-23T20:05:00Z,-2.06,0,340.72,-0.1,0,59.46,0.11,0,55.53,1050.11,0.27,12.82,0,0,17.65,0,18.22,0,0,1.99,0.01,0,290.45,48.66
2025-12-23T20:10:00Z,-4.27,0,296.31,-0.1,0,58.79,0.11,0,60.8,1089.73,0.07,10.26,0,0,17.6,0,15.44,0,0,1.97,0.01,0,227.42,41.43
2025-12-23T20:15:00Z,-0.6,0,268,0,0,59.46,0.11,0,65.5,1146.12,0.04,7.69,0,0,17.55,0,14.01,0,0,1.99,0.01,0,190.12,32.71
2025-12-23T20:20:00Z,-0.04,0,227.36,0,0,58.79,0.11,0,68.34,1161.8,0.04,5.13,0,0,17.5,0,11.97,0,0,1.97,0.01,0,156.91,43.71
2025-12-23T20:25:00Z,-1.78,0,259.67,0,0,58.79,0.11,0,57.4,1155.31,0.04,2.56,0,0,17.45,0,13.7,0,0,1.97,0.01,0,185.73,35.62
2025-12-23T20:30:00Z,-0.38,0,239.8,0,0,58.79,0.11,0,74.79,1147.89,0.04,0,0,0,17.4,0,12.64,0,0,1.97,0.01,0,168.38,34.61
2025-12-23T20:35:00Z,-0.4,0,248.62,0,0,58.79,0.11,0,63.47,1155.41,0.04,0,0,0,17.28,0,13.04,0,0,1.97,0.01,0,175.13,14.45
2025-12-23T20:40:00Z,-0.28,0,255.86,0,0,58.79,0.11,0,62.42,1167.46,0.01,0,0,0,17.17,0,13.48,0,0,1.97,0.01,0,179.57,14.46
2025-12-23T20:45:00Z,-0.34,0,215.55,0,0,58.79,0.11,0,80.92,1203.06,0.01,0,0,0,17.05,0,11.49,0,0,1.97,0.01,0,143.34,11.05
2025-12-23T20:50:00Z,-3.04,0,177.87,0,0,58.79,0.1,0,74.03,1236.06,0,0,0,0,16.93,0,9.54,0,0,1.97,0.01,0,116.28,10.95
2025-12-23T20:55:00Z,-0.16,0,212.63,0,0,58.79,0.11,0,63.74,1209.41,0,0,0,0,16.82,0,11.34,0,0,1.97,0.01,0,142.75,11.04
2025-12-23T21:00:00Z,-3.23,0,206.89,0,0,58.79,0.11,0,66.47,1208.26,0,0,0,0,16.7,0,11.2,0,0,1.97,0.01,0,140.69,11.04
2025-12-23T21:05:00Z,-2.01,0,224.37,0,0,58.79,0.11,0,64.8,1193.13,0,0,0,0,16.57,0,12.06,0,0,1.97,0.01,0,154.47,11.04
2025-12-23T21:10:00Z,-2.08,0,235.64,0,0,58.79,0.11,0,58.45,1179.08,0,0,0,0,16.43,0,12.57,0,0,1.97,0.01,0,164.9,10.99
2025-12-23T21:15:00Z,-0.18,0,235.01,0,0,59.46,0.11,0,57.98,1163.67,0,0,0,0,16.3,0,12.61,0,0,1.99,0.01,0,167.63,11.03
2025-12-23T21:20:00Z,-0.97,0,215.46,0,0,58.79,0.11,0,53.62,1180.64,0,0,0,0,16.17,0,11.54,0,0,1.97,0.01,0,150.63,9.65
2025-12-23T21:25:00Z,-0.13,0,245.46,0,0,58.79,0.11,0,59.94,1162.59,0,0,0,0,16.03,0,13.22,0,0,1.97,0.01,0,176.01,11.09
2025-12-23T21:30:00Z,-2.62,0,248.54,0,0,58.12,0.1,0,53.65,1139.87,0,0,0,0,15.9,0,13.41,0,0,1.95,0.01,0,184.26,11.08
2025-12-23T21:35:00Z,-1.74,0,267.92,0,0,58.79,0.11,0,58.27,1118.01,0,0,0,0,15.8,0,14.51,0,0,1.97,0.01,0,204.93,11.13
2025-12-23T21:40:00Z,-0.18,0,267.64,-0.1,0,59.46,0.11,0,62.14,1103.9,0,0,0,0,15.7,0,14.5,0,0,1.99,0.01,0,206.69,11.13
2025-12-23T21:45:00Z,-0.95,0,280.06,-0.1,0,58.79,0.11,0,54.89,1071.71,0,0,0,0,15.6,0,15.16,0,0,1.97,0.01,0,227.33,11.17
2025-12-23T21:50:00Z,-1.21,0,314.66,-0.1,0,58.79,0.11,0,59.26,1027.54,0,0,0,0,15.5,0,16.94,0,0,1.97,0.01,0,273.57,11.26
2025-12-23T21:55:00Z,-1.16,0,286.25,-0.1,0,58.79,0.11,0,92.17,1009.49,0,0,0,0,15.4,0,15.45,0,0,1.97,0.01,0,239.58,11.26
2025-12-23T22:00:00Z,-0.77,0,354.57,0,0,58.79,0.11,0,59.29,977.97,0,0,0,0,15.3,0,19.19,0,0,1.97,0.01,0,342.77,11.36
2025-12-23T22:05:00Z,-0.4,0,368.22,0,0,58.79,0.11,0,79.26,963.81,0,0,0,0,15.18,0,19.94,0,0,1.97,0.01,0,358.67,11.48
2025-12-23T22:10:00Z,-0.98,0,369.02,-0.1,0,58.79,0.11,0,73.2,939.47,0,0,0,0,15.07,0,20.47,0,0,1.97,0.01,0,383.94,11.51
2025-12-23T22:15:00Z,-0.18,0,392.86,0,0,58.79,0.11,0,50.87,930.55,0,0,0,0,14.95,0,21.79,0,0,1.97,0.01,0,440.63,11.45
2025-12-23T22:20:00Z,-5.31,0,384.48,0,0,58.79,0.11,0,53.44,948.23,0,0,0,0,14.83,0,21.55,0,0,1.97,0.01,0,420.9,20.14
2025-12-23T22:25:00Z,-86.81,0,464.11,-0.1,0,59.46,0.11,0,51.97,943.01,0,0,0,0,14.72,0,26.43,0,0,1.99,0.01,0,677.48,15.15
2025-12-23T22:30:00Z,-4.16,0,395.41,0,0,59.46,0.11,0,50.57,931.24,0,0,0,0,14.6,0,22.84,0,0,1.99,0.01,0,464.35,15.43
2025-12-23T22:35:00Z,-47.28,0,456.41,0,0,58.79,0.11,0,50.59,924.79,0,0,0,0,14.55,0,26.17,0,0,1.97,0.01,0,636.56,15.37
2025-12-23T22:40:00Z,-0.11,0,430.24,0,0,58.79,0.11,0,39.02,894.28,0,0,0,0,14.5,0,24.81,0,0,1.97,0.01,0,572.1,61.84
2025-12-23T22:45:00Z,-3.58,0,390.72,0,0,58.79,0.11,0,50.43,885.47,0,0,0,0,14.45,0,22.7,0,0,1.97,0.01,0,493.15,11.64
2025-12-23T22:50:00Z,-0.81,0,427.06,0,0,58.79,0.11,0,32.98,894.41,0,0,0,0,14.4,0,24.64,0,0,1.97,0.01,0,571.97,56.2
2025-12-23T22:55:00Z,0,0,328.81,0,0,58.79,0.11,0,106.52,895.62,0,0,0,0,14.35,0,19.43,0,0,1.97,0.01,0,350.88,18.2
2025-12-23T23:00:00Z,-0.61,0,407.29,0,0,58.79,0.1,0,53.15,887.04,0,0,0,0,14.3,0,23.91,0,0,1.97,0.01,0,525.44,62.15
2025-12-23T23:05:00Z,-0.85,0,414.97,0,0,58.79,0.1,0,51.38,872.05,0,0,0,0,14.25,0,24.71,0,0,1.97,0.01,0,565.25,11.4
2025-12-23T23:10:00Z,-0.48,0,326.18,0,0,58.12,0.11,0,138.54,867.64,0,0,0,0,14.2,0,19.14,0,0,1.95,0.01,0,343.16,29.53
2025-12-23T23:15:00Z,-0.45,0,290.47,0,0,58.79,0.11,0,192.68,854.15,0,0,0,0,14.15,0,16.89,0,0,1.97,0.01,0,277.89,72.42
2025-12-23T23:20:00Z,-2.12,0,400.61,0,0,58.79,0.11,0,53.36,839.33,0,0,0,0,14.1,0,23.38,0,0,1.97,0.01,0,554.31,61.94
2025-12-23T23:25:00Z,-0.44,0,133.49,0,0,59.46,0.11,0,292.96,829.25,0,0,0,0,14.05,0,7.88,0,0,1.99,0.01,0,113.14,56.2
2025-12-23T23:30:00Z,-0.74,0,304.74,0,0,58.79,0.11,0,133.9,839.72,0,0,0,0,14,0,17.86,0,0,1.97,0.01,0,327.39,69.26
2025-12-23T23:35:00Z,-1.96,0,268.66,-0.1,0,58.79,0.11,0,165.76,840.59,0,0,0,0,13.95,0,15.64,0,0,1.97,0.01,0,266,49.06
2025-12-23T23:40:00Z,-0.2,0,256.61,-0.1,0,58.79,0.11,0,251.52,831.86,0,0,0,0,13.9,0,14.7,0,0,1.97,0.01,0,226.05,60.87
2025-12-23T23:45:00Z,-3.43,0,354.78,0,0,58.79,0.11,0,184.07,806.71,0,0,0,0,13.85,0,20.39,0,0,1.97,0.01,0,388.14,56.2
2025-12-23T23:50:00Z,-0.82,0,378.1,0,0,59.46,0.11,0,174.91,788.71,0,0,0,0,13.8,0,21.75,0,0,1.99,0.01,0,442.33,31.31
2025-12-23T23:55:00Z,-1.03,0,345.05,0,0,58.79,0.11,0,257.48,756.94,0,0,0,0,13.75,0,19.8,0,0,1.97,0.01,0,359.33,56.2
2025-12-24T00:00:00Z,-0.25,0,584.14,0,0,59.46,0.11,0,16.38,747.1,0,0,0,0,13.7,0,33.8,0,0,1.99,0.01,0,1800.16,54.06
2025-12-24T00:05:00Z,-6.25,0,425.93,0,0,58.79,0.11,0,165.15,725.73,0,0,0,0,13.65,0,24.77,0,0,1.97,0.01,0,620.08,14.04
2025-12-24T00:10:00Z,-0.19,0,400.88,0,0,58.79,0.11,0,234.08,696.11,0,0,0,0,13.6,0,22.97,0,0,1.97,0.01,0,509.13,62.12
2025-12-24T00:15:00Z,-1.22,0,564.94,0,0,58.79,0.11,0,70.21,687.77,0,0,0,0,13.55,0,32.42,0,0,1.97,0.01,0,1646.49,11.31
2025-12-24T00:20:00Z,-1.1,0,394.99,-0.1,0,58.79,0.11,0,240.81,699.87,0,0,0,0,13.5,0,22.84,0,0,1.97,0.01,0,493.51,14.57
2025-12-24T00:25:00Z,-0.53,0,455.9,0,0,59.46,0.11,0,208.85,700.19,0,0,0,0,13.45,0,25.97,0,0,1.99,0.01,0,655.36,44.52
2025-12-24T00:30:00Z,-0.99,0,438.84,0,0,58.79,0.11,0,212.67,700.13,0,0,0,0,13.4,0,25.24,0,0,1.97,0.01,0,614.01,11.69
2025-12-24T00:35:00Z,-3.36,0,442.38,0,0,58.79,0.11,0,210.62,708.36,0,0,0,0,13.35,0,25.04,0,0,1.97,0.01,0,609.31,56.2
2025-12-24T00:40:00Z,-0.54,0,568.34,0,0,59.46,0.11,0,94.75,710.33,0,0,0,0,13.3,0,31.9,0,0,1.99,0.01,0,1375.28,54.44
2025-12-24T00:45:00Z,-0.37,0,621.57,0,0,58.79,0.11,0,41.39,716.19,0,0,0,0,13.25,0,35.32,0,0,1.97,0.01,0,2300.31,9.86
2025-12-24T00:50:00Z,-1.75,0,412.37,0,0,59.46,0.11,0,200.28,750.99,0,0,0,0,13.2,0,23.57,0,0,1.99,0.01,0,514.08,24.72
2025-12-24T00:55:00Z,-110.15,0,464.61,0,0,58.12,0.11,0,198.15,828.97,0,0,0,0,13.15,0,25.87,0,0,1.95,0.01,0,653.94,56.2
2025-12-24T01:00:00Z,-111.44,0,602.49,0,0,58.12,0.11,0,50.58,847.89,0,0,0,0,13.1,0,33.17,0,0,1.95,0.01,0,1736.23,28.1
2025-12-24T01:05:00Z,-103.2,0,663.84,-0.1,0,58.79,0.11,0,0.32,816.11,0,0,0,0,13,0,36.27,0,0,1.97,0.01,0,4241.87,59.94
2025-12-24T01:10:00Z,-24.43,0,570.66,-0.1,0,58.79,0.1,0,52.03,773.5,0,0,0,0,12.9,0,32.01,0,0,1.97,0.01,0,1410.17,36.28
2025-12-24T01:15:00Z,-25.77,0,503.62,0,0,58.79,0.11,0,129.19,746.52,0,0,0,0,12.8,0,28.18,0,0,1.97,0.01,0,893.04,30.26
2025-12-24T01:20:00Z,-27.71,0,465.46,0,0,58.79,0.11,0,151.49,751.94,0,0,0,0,12.7,0,26.45,0,0,1.97,0.01,0,727,27.01
2025-12-24T01:25:00Z,-25.63,0,527.75,0,0,58.79,0.11,0,63.91,766.95,0,0,0,0,12.6,0,29.85,0,0,1.97,0.01,0,1135.23,21.21
2025-12-24T01:30:00Z,-49.97,0,470.54,0,0,58.12,0.11,0,159.16,773.62,0,0,0,0,12.5,0,27.31,0,0,1.95,0.01,0,746.32,10.43
2025-12-24T01:35:00Z,-57.56,0,451.57,0,0,58.79,0.11,0,166.32,793.3,0,0,0,0,12.45,0,26.41,0,0,1.97,0.01,0,668.7,44.11
2025-12-24T01:40:00Z,-26.07,0,504.38,0,0,59.46,0.11,0,50.88,808.76,0,0,0,0,12.4,0,29.42,0,0,1.99,0.01,0,969.87,10.34
2025-12-24T01:45:00Z,-26.36,0,457.72,0,0,58.79,0.11,0,112.83,811.54,0,0,0,0,12.35,0,26.92,0,0,1.97,0.01,0,694.59,98
2025-12-24T01:50:00Z,-23.71,0,492.83,0,0,58.79,0.11,0,18.36,812.15,0,0,0,0,12.3,0,29.22,0,0,1.97,0.01,0,1003.87,9.81
2025-12-24T01:55:00Z,-25.66,0,414.5,0,0,58.79,0.11,0,150.76,797.76,0,0,0,0,12.25,0,24.53,0,0,1.97,0.01,0,560.63,19.01
2025-12-24T02:00:00Z,-30.73,0,533.29,-0.1,0,58.79,0.11,0,11.22,799.09,0,0,0,0,12.2,0,31.26,0,0,1.97,0.01,0,1307.11,18.2
2025-12-24T02:05:00Z,-32.03,0,504.75,-0.1,0,58.79,0.11,0,33.58,812.42,0,0,0,0,12.13,0,29.58,0,0,1.97,0.01,0,1028.78,18.2
2025-12-24T02:10:00Z,-29.35,0,483.16,0,0,58.79,0.11,0,22.1,827.44,0,0,0,0,12.07,0,28.68,0,0,1.97,0.01,0,929.08,18.2
2025-12-24T02:15:00Z,-30.14,0,430.85,-0.1,0,58.79,0.11,0,42.11,862.66,0,0,0,0,12,0,25.91,0,0,1.97,0.01,0,665.77,18.2
2025-12-24T02:20:00Z,-27.91,0,468.36,-0.1,0,58.79,0.11,0,12.11,857.63,0,0,0,0,11.93,0,28.53,0,0,1.97,0.01,0,846.9,13.59
2025-12-24T02:25:00Z,-31.57,0,466.89,0,0,59.46,0.11,0,0.25,869.73,0,0,0,0,11.87,0,27.2,0,0,1.99,0.01,0,812.73,18.2
2025-12-24T02:30:00Z,-31.67,0,469.35,0,0,58.79,0.11,0,2.07,860.38,0,0,0,0,11.8,0,28.47,0,0,1.97,0.01,0,869.32,21.21
2025-12-24T02:35:00Z,-65.3,0,437.53,-0.1,0,58.12,0.11,0,51.13,866.49,0,0,0,0,11.98,0,26.73,0,0,1.95,0.01,0,727.92,21
2025-12-24T02:40:00Z,-136.35,0,468.57,0,0,59.46,0.11,0,52.44,904.96,0,0,0,0,12.17,0,27.84,0,0,1.99,0.01,0,869,17.95
2025-12-24T02:45:00Z,-136.36,0,527.41,0,0,58.79,0.11,0,0.58,891.44,0,0,0,0,12.35,0,31.25,0,0,1.97,0.01,0,1388.32,11.64
2025-12-24T02:50:00Z,-26.39,0,440.47,0,0,59.46,0.11,0,0.14,873.73,0,0,0,0,12.53,0,26.96,0,0,1.99,0.01,0,744.79,11.7
2025-12-24T02:55:00Z,-25.38,0,492.18,0,0,58.79,0.11,0,0.72,807.3,0,0,0,0,12.72,0,30.24,0,0,1.97,0.01,0,1106.6,42.63
2025-12-24T03:00:00Z,-25,0,529.48,0,0,58.79,0.11,0,1.64,740.21,0,0,0,0,12.9,0,32.92,0,0,1.97,0.01,0,1700.5,42.5
2025-12-24T03:05:00Z,-26,0,503.46,0,0,58.79,0.11,0,0.37,746.07,0,0,0,0,13,0,31.12,0,0,1.97,0.01,0,1439.38,11.32
2025-12-24T03:10:00Z,-3.19,0,389.53,0,0,58.12,0.11,0,127.63,736,0,0,0,0,13.1,0,23.47,0,0,1.95,0.01,0,576.6,16.88
2025-12-24T03:15:00Z,-0.28,0,545.26,0,0,59.46,0.11,0,1.83,710.19,0,0,0,0,13.2,0,32.97,0,0,1.99,0.01,0,1856.42,26.31
2025-12-24T03:20:00Z,-0.27,0,510.39,0,0,58.79,0.11,0,44.95,676.63,0,0,0,0,13.3,0,32.17,0,0,1.97,0.01,0,1518.52,31.31
2025-12-24T03:25:00Z,-0.23,0,514.4,0,0,58.12,0.11,0,28.16,671.73,0,0,0,0,13.4,0,32.63,0,0,1.95,0.01,0,1704.56,29.57
2025-12-24T03:30:00Z,-0.16,0,556.67,0,0,58.79,0.11,0,19.48,658.27,0,0,0,0,13.5,0,35.4,0,0,1.97,0.01,0,2494.12,31.31
2025-12-24T03:35:00Z,-1.06,0,559.86,0,0,58.12,0.1,0,21.3,670.34,0,0,0,0,13.65,0,34.8,0,0,1.95,0.01,0,2333.98,31.31
2025-12-24T03:40:00Z,-0.35,0,514.83,-0.1,0,58.12,0.11,0,61.18,647.08,0,0,0,0,13.8,0,31.53,0,0,1.95,0.01,0,1599.51,21.95
2025-12-24T03:45:00Z,-0.66,0,451.52,-0.1,0,58.79,0.11,0,140.52,631.58,0,0,0,0,13.95,0,28.39,0,0,1.97,0.01,0,962.04,31.31
2025-12-24T03:50:00Z,-0.13,0,550.9,0,0,58.79,0.11,0,45.96,622.56,0,0,0,0,14.1,0,34.92,0,0,1.97,0.01,0,2509.95,22.04
2025-12-24T03:55:00Z,-1.17,0,416.7,-0.1,0,58.79,0.11,0,155.57,647.35,0,0,0,0,14.25,0,26.29,0,0,1.97,0.01,0,764.08,20.13
2025-12-24T04:00:00Z,-1.38,0,549.03,-0.1,0,58.79,0.11,0,71.83,637.29,0,0,0,0,14.4,0,34.09,0,0,1.97,0.01,0,1989.78,31.31
2025-12-24T04:05:00Z,-0.31,0,478.13,-0.1,0,58.12,0.11,0,116.59,632.64,0,0,0,0,14.42,0,29.38,0,0,1.95,0.01,0,1143.16,31.31
2025-12-24T04:10:00Z,-0.12,0,498.77,-0.1,0,58.12,0.11,0,100.62,611.99,0,0,0,0,14.43,0,30.55,0,0,1.95,0.01,0,1434.65,31.31
2025-12-24T04:15:00Z,-0.17,0,506.86,-0.1,0,59.46,0.11,0,94.66,595.13,0,0,0,0,14.45,0,31.96,0,0,1.99,0.01,0,1682.14,30.8
2025-12-24T04:20:00Z,-1.89,0,553.29,-0.1,0,58.12,0.11,0,52.18,598.9,0,0,0,0,14.47,0,35.49,0,0,1.95,0.01,0,2917.33,20.13
2025-12-24T04:25:00Z,-0.5,0,569.81,-0.1,0,58.79,0.11,0,77.39,574.91,0,0,0,0,14.48,0,35.62,0,0,1.97,0.01,0,3204.78,48.99
2025-12-24T04:30:00Z,-6.57,0,477.7,0,0,58.79,0.11,0,153.35,557.15,0,0,0,0,14.5,0,30.14,0,0,1.97,0.01,0,1351.43,31.31
2025-12-24T04:35:00Z,-0.75,0,527.92,0,0,58.79,0.11,0,96.31,590.97,0,0,0,0,14.52,0,33.06,0,0,1.97,0.01,0,1932.94,31.31
2025-12-24T04:40:00Z,-0.12,0,577.5,0,0,58.12,0.11,0,92.1,543.56,0,0,0,0,14.53,0,36.17,0,0,1.95,0.01,0,3934.67,14.87
2025-12-24T04:45:00Z,-1.03,0,526.79,-0.1,0,58.79,0.11,0,138.46,558.42,0,0,0,0,14.55,0,33.3,0,0,1.97,0.01,0,1857.98,31.31
2025-12-24T04:50:00Z,-0.84,0,439.96,-0.1,0,58.79,0.11,0,198.23,581.29,0,0,0,0,14.57,0,27.71,0,0,1.97,0.01,0,896.11,20.2
2025-12-24T04:55:00Z,-1.48,0,537.13,-0.1,0,59.46,0.11,0,162.83,553.07,0,0,0,0,14.58,0,33.51,0,0,1.99,0.01,0,1799.78,41.46
2025-12-24T05:00:00Z,-1.98,0,432.15,-0.1,0,58.79,0.11,0,259.75,530.66,0,0,0,0,14.6,0,26.66,0,0,1.97,0.01,0,827.97,31.31
2025-12-24T05:05:00Z,-0.1,0,533.61,-0.1,0,58.79,0.11,0,145.29,523.32,0,0.01,0,0,14.65,0,32.85,0,0,1.97,0.01,0,2157.57,30.21
2025-12-24T05:10:00Z,-1.71,0,527.43,-0.1,0,59.46,0.11,0,159.21,521.33,0,0.02,0,0,14.7,0,32.49,0,0,1.99,0.01,0,1962.6,31.31
2025-12-24T05:15:00Z,-0.34,0,494.1,0,0,59.46,0.11,0,199.13,544.49,0,0.02,0,0,14.75,0,30.84,0,0,1.99,0.01,0,1276.24,31.31
2025-12-24T05:20:00Z,-2.6,0,420.26,0,0,58.12,0.11,0,252.74,559.35,0,0.03,0,0,14.8,0,26.04,0,0,1.95,0.01,0,750.77,17.54
2025-12-24T05:25:00Z,-1.46,0,563.48,0,0,58.79,0.11,0,177.61,541.64,0,0.04,0,0,14.85,0,34.3,0,0,1.97,0.01,0,2041.1,31.31
2025-12-24T05:30:00Z,-2.36,0,432.81,-0.1,0,58.79,0.1,0,287.64,540.13,0,0.05,0,0,14.9,0,26.08,0,0,1.97,0.01,0,745.76,31.31
2025-12-24T05:35:00Z,-3.2,0,510.53,-0.1,0,58.79,0.11,0,175.42,560.3,0.02,1.28,0,0,14.98,0,31.02,0,0,1.97,0.01,0,1403.43,21.05
2025-12-24T05:40:00Z,-1.93,0,568.7,-0.1,0,59.46,0.11,0,177.1,537.77,0.08,2.52,0,0,15.07,0,34.39,0,0,1.99,0.01,0,2116.58,31.31
2025-12-24T05:45:00Z,-3.28,0,497.66,-0.1,0,58.79,0.11,0,224.5,523.13,0.41,3.76,0,0,15.15,0,29.73,0,0,1.97,0.01,0,1228.88,18.2
2025-12-24T05:50:00Z,-0.75,0,590.1,-0.1,0,59.46,0.11,0,149.29,536.24,1.63,4.99,0,0,15.23,0,34.87,0,0,1.99,0.01,0,2751.52,17.14
2025-12-24T05:55:00Z,-1.29,0,635.76,-0.1,0,58.12,0.11,0,93.44,539.38,3.24,6.23,0,0,15.32,0,37.17,0,0,1.95,0.01,0,7408.22,10.37
2025-12-24T06:00:00Z,-4.42,0,675.15,-0.2,0,58.12,0.11,0,63.94,526.62,5.78,7.46,0,0,15.4,0,38.92,0,0,1.95,0.01,0,27637.52,0.01
2025-12-24T06:05:00Z,-4.16,0,694.91,-0.2,0,58.12,0.11,0,33.21,518.88,11.71,16.61,0,0,15.47,0,38.75,0,0,1.95,0.01,0,8056.99,0
2025-12-24T06:10:00Z,-5.12,0,680.62,-0.1,0,44.7,0.11,0,51.58,536.83,16.7,25.76,0,0,15.53,0,37.4,0,0,1.5,0.01,0,45953.64,-3.03
2025-12-24T06:15:00Z,-0.2,0,658.7,-0.1,0,40.67,0.11,0,64.27,524.79,21.15,34.91,0,0,15.6,0,35.78,0,0,1.36,0.01,0,16572.99,-3.05
2025-12-24T06:20:00Z,-0.14,0,694.03,-0.1,0,40.67,0.11,0,57.95,484.62,31.38,44.05,0,0,15.67,0,37.78,0,0,1.36,0.01,0,13234.61,-3.07
2025-12-24T06:25:00Z,-0.17,0,672.28,-0.1,0,40,0.11,0,82.85,447.54,41.68,53.2,4.61,0,15.73,0,36.02,0,0,1.34,0.01,0,62616.92,-3.08
2025-12-24T06:30:00Z,-0.29,0,738.87,0,0,40,0.11,0,24.86,427.06,51.78,62.35,2.17,0,15.8,0,39.03,0,0,1.34,0.01,0,3643.35,0.52
2025-12-24T06:35:00Z,-0.39,0,736.72,0,0,40.67,0.11,0,22.94,404.35,67.32,77.92,0,0,15.83,0,39.1,0,0,1.36,0.01,0,3922.88,31.31
2025-12-24T06:40:00Z,-0.28,0,723.41,0,0,40.67,0.11,0,51.56,388.72,71.61,93.49,0,0,15.87,0,38.99,0,0,1.36,0.01,0,6247.25,65.73
2025-12-24T06:45:00Z,-4.3,0,603.13,0,0,41.34,0.11,0,148.46,393.94,85.09,109.06,0,0,15.9,0,31.87,0,0,1.38,0.01,0,2340.03,31.31
2025-12-24T06:50:00Z,-17.26,0,615.28,0,0,41.34,0.11,0,119.95,403.2,102.4,124.64,0,0,15.93,0,30.49,0,0,1.38,0.01,0,2404.63,31.31
2025-12-24T06:55:00Z,-0.25,0,604.8,0,0,41.34,0.11,0,96.84,396.77,123.89,140.21,0,0,15.97,0,30.31,0,0,1.38,0.01,0,1959.96,8.51
2025-12-24T07:00:00Z,-0.12,0,638.14,0,0,40.67,0.11,0,37.79,408.93,137.78,155.78,0,0,16,0,32.44,0,0,1.36,0.01,0,2841.12,8.51
2025-12-24T07:05:00Z,-0.34,0,637.28,0,0,41.34,0.11,0,17.45,401.08,149.66,176.01,0,0,16.13,0,30.32,0,0,1.38,0.01,0,2570.36,-2
2025-12-24T07:10:00Z,-3.28,0,588.14,0,0,41.34,0.11,0,42.27,389.12,165.4,196.24,5.05,0,16.27,0,28.7,0,0,1.38,0.01,0,1485.48,56.2
2025-12-24T07:15:00Z,-0.32,0,537.86,0,0,41.34,0.11,0,59.61,372.94,193.21,216.47,0,0,16.4,0,25.47,0,0,1.38,0.01,0,932.86,56.2
2025-12-24T07:20:00Z,-9.27,0,532.05,0,0,41.34,0.11,0,49.8,352.22,208.89,236.71,0,0,16.53,0,25.67,0,0,1.38,0.01,0,933.88,-7.98
2025-12-24T07:25:00Z,-3,0,719.04,0,0,41.34,0.11,0,9.31,236.86,206.38,256.94,128.98,22.47,16.67,0,32.21,0,0,1.38,0.01,0,13952.42,-7.98
2025-12-24T07:30:00Z,-1.46,0,688.35,0,0,41.34,0.11,0,13.36,231.14,214.07,277.17,115.19,20.96,16.8,0,32.52,0,0,1.38,0.01,0,4656.56,-8
2025-12-24T07:35:00Z,-22.97,0,682.04,-0.1,0,41.34,0.11,0,37.74,210.4,234.84,300.92,149.28,22.03,16.88,0,31.99,0,0,1.38,0.01,0,3331.95,-8
2025-12-24T07:40:00Z,-2.19,0,638.62,-0.1,0,40.67,0.11,0,25.79,221.5,225.9,324.67,172.55,46.37,16.97,0,29.75,0,0,1.36,0.01,0,1888.5,-8
2025-12-24T07:45:00Z,-8.22,0,655.16,-0.2,0,43.36,0.11,0,4.24,199.65,244.22,348.43,187.97,48.32,17.05,0,30.75,0,0,1.45,0.01,0,2190.95,-8
2025-12-24T07:50:00Z,-0.26,0,669.06,-0.2,0,42.69,0.11,0,17.24,230.91,258.37,372.18,176.88,143.89,17.13,0,31.99,0,0,1.43,0.01,0,1591.99,-7.01
2025-12-24T07:55:00Z,-1.26,0,648.29,-0.2,0,43.36,0.11,0,0.24,274.88,161.98,395.93,98.96,147.43,17.22,0,29.94,0,0,1.45,0.01,0,1661.7,-7.01
2025-12-24T08:00:00Z,-39.63,0,677.43,-0.1,0,43.36,0.11,0,1.08,280.04,158.82,419.69,127.1,158.19,17.3,0,31.64,0,0,1.45,0.01,0,2136.17,-8
2025-12-24T08:05:00Z,-21.99,0,681.73,-0.1,0,42.69,0.11,0,0.46,221,174.4,448.45,184.55,161.85,17.32,0,31.87,0,0,1.43,0.01,0,2180.79,-8
2025-12-24T08:10:00Z,-13.57,0,683.88,0,0,42.69,0.11,0,0.45,215.1,176.39,477.22,177.95,145.83,17.33,0,32.55,0,0,1.43,0.01,0,1901.14,-8
2025-12-24T08:15:00Z,-3.2,0,607.72,0,0,43.36,0.11,0,10.92,212.91,186.17,505.99,210.84,155.02,17.35,0,28.41,0,0,1.45,0.01,0,1028.31,-11.66
2025-12-24T08:20:00Z,-1.45,0,672.37,0,0,44.03,0.11,0,3.3,198.94,163.01,534.76,213.74,193.12,17.37,0,32.43,0,0,1.47,0.01,0,1505.32,-7.01
2025-12-24T08:25:00Z,-1.96,0,619.79,0,0,43.36,0.11,0,0.34,288.8,106.45,563.53,113.44,268.35,17.38,0,29.87,0,0,1.45,0.01,0,987.26,-7.01
2025-12-24T08:30:00Z,-49.94,0,596.95,0,0,43.36,0.11,0,0.1,336.04,81.62,592.29,91.03,270.65,17.4,0,28.88,0,0,1.45,0.01,0,895.45,-8
2025-12-24T08:35:00Z,-2.5,0,586.33,0,0,42.69,0.11,0,1.73,268.1,87.05,620.97,194.6,278.12,17.43,0,28.54,0,0,1.43,0.01,0,833.1,-8
2025-12-24T08:40:00Z,-0.19,0,579.66,0,0,43.36,0.11,0,28.44,235.46,98.73,649.65,208.08,296.83,17.47,0,27.88,0,0,1.45,0.01,0,739.81,-8
2025-12-24T08:45:00Z,-0.2,0,521.33,0,0,42.69,0.11,0,48.25,256.09,97.83,678.33,202.06,313.22,17.5,0,25.45,0,0,1.43,0.01,0,536.26,-7.98
2025-12-24T08:50:00Z,-45.66,0,524.35,0,0,43.36,0.11,0,15.44,282.93,101.95,707,147.04,309.72,17.53,0,25.83,0,0,1.45,0.01,0,563.81,-8
2025-12-24T08:55:00Z,-30.19,0,513.57,0,0,43.36,0.11,0,20.77,244.73,96.92,735.68,191.36,338.57,17.57,0,24.7,0,0,1.45,0.01,0,525.14,-9.5
2025-12-24T09:00:00Z,-25.86,0,515.07,0,0,43.36,0.11,0,17.29,221.81,97.2,764.36,223.3,364.73,17.6,0,24.76,0,0,1.45,0.01,0,521.69,-9.5
2025-12-24T09:05:00Z,-21.67,0,523.74,0,0,43.36,0.11,0,6.48,215.37,81.45,789.6,217.94,366.65,17.68,0,25.28,0,0,1.45,0.01,0,543.03,-8.5
2025-12-24T09:10:00Z,-23.53,0,538.73,0,5,43.36,0.11,0,0.33,186.97,91.03,814.84,221.22,360.99,17.77,0,26.4,0,0.24,1.45,0.01,0,582,-9.5
2025-12-24T09:15:00Z,-23.69,0,471.75,0,6,43.36,0.11,0,25.01,187.05,92.16,840.08,236.64,376.1,17.85,0,22.88,0,0.29,1.45,0.01,0,423.15,-11.66
2025-12-24T09:20:00Z,-13.34,0,538.17,0,8,43.36,0.11,0,0.28,151.54,54.3,865.32,283.32,398.96,17.93,0,25.83,0,0.38,1.45,0.01,0,581.1,-11.66
2025-12-24T09:25:00Z,-2.75,0,543.81,0,12,44.03,0.11,0,0.99,139.85,51.09,890.56,304.29,398.78,18.02,0,25.64,0,0.58,1.47,0.01,0,561.35,-11.66
2025-12-24T09:30:00Z,-3.22,0,490.84,0,15,43.36,0.11,0,0.65,150.01,63.58,915.79,345.58,372.44,18.1,0,23.49,0,0.72,1.45,0.01,0,443.59,-11.66
2025-12-24T09:35:00Z,-1.68,0,483.77,0,18,43.36,0.11,0,0.3,138.7,50.18,946.72,318.89,365.46,18.33,0,24.37,0,0.86,1.45,0.01,0,449.98,-11.66
2025-12-24T09:40:00Z,-0.93,0,432.58,0,25,42.69,0.11,0,20.75,115.36,61.24,977.65,311.07,366.22,18.57,0,21.95,0,1.2,1.43,0.01,0,364.55,-11.66
2025-12-24T09:45:00Z,-1.08,0,450.01,0,27,42.69,0.11,0,15.47,102.03,54.17,1008.58,306.89,379.95,18.8,0,21.44,0,1.3,1.43,0.01,0,363.08,-15.08
2025-12-24T09:50:00Z,-2.87,0,467.47,0,28,43.36,0.11,0,7.27,76.31,43.7,1039.51,326.32,383.53,19.03,0,23.7,0,1.34,1.45,0.01,0,414.07,-15.08
2025-12-24T09:55:00Z,-4.96,0,470.27,0,32,43.36,0.11,0,1.52,73.66,28.89,1070.43,329.35,411.45,19.27,0,25.71,0,1.54,1.45,0.01,0,444.56,-15.08
2025-12-24T10:00:00Z,-0.92,0,452.2,0,38,43.36,0.11,0,22.23,68.78,19.54,1101.36,353.38,444.95,19.5,0,24.55,0,1.82,1.45,0.01,0,397.48,-15.08
2025-12-24T10:05:00Z,-2.28,0,418.4,0,42,42.69,0.11,0,15.7,67.43,34.79,1132.22,374.09,428.14,19.23,0,22.41,0,2.02,1.43,0.01,0,339.4,-11.66
2025-12-24T10:10:00Z,-50.74,0,437.54,0,39,43.36,0.11,0,5.45,97.15,35.9,1163.07,365.92,410.3,18.97,0,23.09,0,1.87,1.45,0.01,0,353.97,-11.66
2025-12-24T10:15:00Z,-45.24,0,473.48,0,39,42.69,0.11,0,0,88.01,45.38,1193.93,394.4,441.92,18.7,0,24.2,0,1.87,1.43,0.01,0,370.74,-11.66
2025-12-24T10:20:00Z,-49.36,0,457.46,0,40,43.36,0.11,0,0,96.44,50.85,1224.79,383.89,416.63,18.43,0,23.56,0,1.92,1.45,0.01,0,340.77,-15.08
2025-12-24T10:25:00Z,-31.28,0,474.16,0,40,43.36,0.11,0,0.02,70.95,38.75,1255.64,393.53,398.54,18.17,0,24.56,0,1.92,1.45,0.01,0,355.32,-19.5
2025-12-24T10:30:00Z,-7.04,0,466.11,0,43,43.36,0.11,0,4.27,75.66,12.6,1286.5,388.79,410.83,17.9,0,24.02,0,2.06,1.45,0.01,0,333.03,-11.66
2025-12-24T10:35:00Z,-27.78,0,430.95,0,40,42.69,0.11,0,0,83.96,39.6,1290.88,397.62,380.36,18.3,0,21.83,0,1.92,1.43,0.01,0,291.05,-15.08
2025-12-24T10:40:00Z,-40.07,0,486.5,0,40,43.36,0.11,0,0.22,75.35,31.15,1295.27,409.02,401.65,18.7,0,23.85,0,1.92,1.45,0.01,0,340.71,-11.66
2025-12-24T10:45:00Z,-29.47,0,427.27,0,40,42.69,0.11,0,0.1,82.32,43.34,1299.65,430.6,405.3,19.1,0,22.66,0,1.92,1.43,0.01,0,296.87,-47.5
2025-12-24T10:50:00Z,-16.74,0,455.57,0,40,42.69,0.11,0,0.03,60.21,11.61,1304.04,449.49,463.89,19.5,0,24.92,0,1.92,1.43,0.01,0,343.96,-47.5
2025-12-24T10:55:00Z,-3.46,0,423.79,0,41,42.69,0.11,0,2.36,65.92,8.6,1308.43,465.48,455.49,19.9,0,22.9,0,1.97,1.43,0.01,0,302.96,-11.66
2025-12-24T11:00:00Z,-100.25,0,388.77,0,41,43.36,0.11,0,2.16,121.19,46.93,1312.81,415.69,405.87,20.3,0,21.77,0,1.97,1.45,0.01,0,280.33,-11.66
2025-12-24T11:05:00Z,-143.45,0,419.95,0,40,43.36,0.1,0,0,117.19,40.47,1334.14,436.78,404.1,20.18,0,21.95,0,1.92,1.45,0.01,0,300.38,-59.04
2025-12-24T11:10:00Z,-82.01,0,413.94,0,40,42.69,0.11,0,0,107.54,7.77,1355.46,481.24,431.11,20.07,0,20.98,0,1.92,1.43,0.01,0,276.07,-59.04
2025-12-24T11:15:00Z,-57.84,0,373.94,0,43,43.36,0.11,0,6.22,85,6.78,1376.79,466.22,425.14,19.95,0,21.28,0,2.06,1.45,0.01,0,263.47,-95.07
2025-12-24T11:20:00Z,-80.91,0,418.76,0,40,43.36,0.11,0,0.03,82.55,1.37,1398.11,440.93,419.95,19.83,0,23.16,0,1.92,1.45,0.01,0,298.73,-41.97
2025-12-24T11:25:00Z,-66,0,403.02,0,45,43.36,0.11,0,11.61,53.8,9.11,1419.44,424.53,406.49,19.72,0,21.27,0,2.16,1.45,0.01,0,268.21,-41.97
2025-12-24T11:30:00Z,-67.16,0,395.92,0,40,43.36,0.11,0,0,60.35,9.44,1440.76,395.33,414.46,19.6,0,20.65,0,1.92,1.45,0.01,0,254.96,-41.97
2025-12-24T11:35:00Z,-72.41,0,385.74,0,40,43.36,0.11,0,0,64.54,9.01,1452.5,391.26,430.09,19.62,0,21.01,0,1.92,1.45,0.01,0,254.14,-59.04
2025-12-24T11:40:00Z,-69.52,0,380.04,0,41,43.36,0.11,0,0.3,69.48,6.58,1464.24,393.19,459.19,19.63,0,20.54,0,1.97,1.45,0.01,0,244.69,-20
2025-12-24T11:45:00Z,-117.35,0,354.76,0,44,43.36,0.11,0,10.16,97.46,10.67,1475.98,365.68,437.91,19.65,0,18.51,0,2.11,1.45,0.01,0,219.01,-19.88
2025-12-24T11:50:00Z,-147.07,0,341.88,0,43,43.36,0.11,0,19.16,125.75,10.84,1487.72,353.82,416.91,19.67,0,20.24,0,2.06,1.45,0.01,0,229.78,-19.88
2025-12-24T11:55:00Z,-136.07,0,356.28,0,43,42.69,0.11,0,2.26,123.18,11.34,1499.46,386.4,441.67,19.68,0,18.98,0,2.06,1.43,0.01,0,219.33,-59.04
2025-12-24T12:00:00Z,-133.32,0,384.28,0,40,43.36,0.11,0,0,102.01,6.66,1511.2,458.47,468.12,19.7,0,23.52,0,1.92,1.45,0.01,0,272.2,-41.37
2025-12-24T12:05:00Z,-26.42,0,230.87,0,43,42.69,0.11,0,8.47,113.06,9.19,1506.37,454.75,467.21,19.63,0,13.2,0,2.06,1.43,0.01,0,136.72,-59.04
2025-12-24T12:10:00Z,-143.46,0,357.7,0,42,43.36,0.11,0,6.57,122.36,7.27,1501.53,474.6,494.53,19.57,0,20.18,0,2.02,1.45,0.01,0,232.26,-95.07
2025-12-24T12:15:00Z,-152.29,0,407.49,0,40,42.69,0.11,0,0,117.59,1.51,1496.69,483.13,490.75,19.5,0,23.16,0,1.92,1.43,0.01,0,279.43,-20
2025-12-24T12:20:00Z,-205.75,0,387.08,0,40,42.69,0.11,0,0,147.7,5.93,1491.86,451.77,477.9,19.43,0,21.52,0,1.92,1.43,0.01,0,262.88,-95.07
2025-12-24T12:25:00Z,-185.98,0,404.36,0,40,43.36,0.11,0,0,134.1,2.1,1487.02,460.94,457.57,19.37,0,22.5,0,1.92,1.45,0.01,0,278.15,-92.01
2025-12-24T12:30:00Z,-180.03,0,371.41,0,40,42.69,0.11,0,0,146.15,0.65,1482.19,475.41,442.98,19.3,0,20.88,0,1.92,1.43,0.01,0,250.61,-68.71
2025-12-24T12:35:00Z,-192.63,0,368.93,0,42,42.69,0.11,0,0.25,146.32,2.26,1490.48,488.98,442.87,19.3,0,21.21,0,2.02,1.43,0.01,0,254.61,-50.09
2025-12-24T12:40:00Z,-136.1,0,287.86,0,44,42.69,0.11,0,1.96,166.64,6.6,1498.78,500.08,429.03,19.3,0,16.64,0,2.11,1.43,0.01,0,181.23,-59.04
2025-12-24T12:45:00Z,-219.47,0,381.99,0,40,43.36,0.11,0,0,163.12,5.97,1507.08,502.96,432.71,19.3,0,21.71,0,1.92,1.45,0.01,0,259.94,-59.04
2025-12-24T12:50:00Z,-251.32,0,401.35,0,42,43.36,0.11,0,0,184.07,5.74,1515.37,471.49,438.98,19.3,0,22.69,0,2.02,1.45,0.01,0,275.93,-59.04
2025-12-24T12:55:00Z,-225.26,0,386.47,0,44,43.36,0.11,0,5.05,175.98,6.71,1523.67,540.07,450.9,19.3,0,22.73,0,2.11,1.45,0.01,0,265.89,-20
2025-12-24T13:00:00Z,-233.13,0,336.03,0,42,42.69,0.11,0,2.31,203.48,10.35,1531.96,492.61,459.38,19.3,0,18.37,0,2.02,1.43,0.01,0,207.19,-59
2025-12-24T13:05:00Z,-236.72,0,364.64,0,41,43.36,0.11,0,0,179.4,6.71,1532.62,548.62,462.46,19.33,0,20.72,0,1.97,1.45,0.01,0,241.07,-28.01
2025-12-24T13:10:00Z,-237.4,0,363.21,0,40,42.69,0.1,0,0,170.32,7.98,1533.27,568.63,472.43,19.37,0,20.07,0,1.92,1.43,0.01,0,235.5,-20.57
2025-12-24T13:15:00Z,-272.63,0,316.54,0,42,42.69,0.11,0,0.98,217.07,11.16,1533.92,560.57,464.96,19.4,0,16.26,0,2.02,1.43,0.01,0,187.91,-95.07
2025-12-24T13:20:00Z,-267.77,0,362.28,0,41,43.36,0.11,0,0,185.9,2.21,1534.58,583.6,486.01,19.43,0,20.53,0,1.97,1.45,0.01,0,244.23,-20.74
2025-12-24T13:25:00Z,-217.85,0,223.44,0,40,42.69,0.11,0,0.04,233.66,7.96,1535.23,538.81,471.38,19.47,0,11.73,0,1.92,1.43,0.01,0,127.63,-50.76
2025-12-24T13:30:00Z,-308.73,0,312.94,0,43,43.36,0.11,0,0.55,216.56,7.91,1535.88,587.53,479.71,19.5,0,16.65,0,2.06,1.45,0.01,0,197.46,-95.07
2025-12-24T13:35:00Z,-369.9,0,395.63,0,43,42.69,0.11,0,0.04,212.72,3.81,1546.23,591.41,485.94,19.73,0,21.27,0,2.06,1.43,0.01,0,274.39,-59.04
2025-12-24T13:40:00Z,-356.91,0,370.56,0,41,43.36,0.11,0,0,223.77,4.97,1556.57,609.7,485.93,19.97,0,21.2,0,1.97,1.45,0.01,0,258.68,-50.06
2025-12-24T13:45:00Z,-355.48,0,310.65,0,40,42.69,0.11,0,0,244.27,9.5,1566.92,622.02,478.78,20.2,0,17.36,0,1.92,1.43,0.01,0,200.92,-68.71
2025-12-24T13:50:00Z,-258.86,0,193.66,0,43,42.69,0.11,0,1.5,251,4.79,1577.26,629.64,480.73,20.43,0,12.35,0,2.06,1.43,0.01,0,129.58,-56.48
2025-12-24T13:55:00Z,-243.57,0,168.04,0,40,43.36,0.11,0,0,264.37,5.73,1587.61,624.95,493.13,20.67,0,10.35,0,1.92,1.45,0.01,0,107.73,-56.64
2025-12-24T14:00:00Z,-198.13,0,46.83,0,42,42.69,0.11,0,0.81,288.57,10.65,1597.95,639.35,496.19,20.9,0,2.94,0,2.02,1.43,0.01,0,44.11,-95.07
2025-12-24T14:05:00Z,-331.01,0,177.91,0,43,42.69,0.11,0,0.07,277.96,4.41,1610.06,641.85,502.81,21.05,0,11.03,0,2.06,1.43,0.01,0,118.68,-70.96
2025-12-24T14:10:00Z,-369.3,0,170.86,0,40,42.69,0.11,0,0,280.54,57.59,1622.17,694.08,442.72,21.2,0,10.6,0,1.92,1.43,0.01,0,111.43,-59.04
2025-12-24T14:15:00Z,-241.49,-8.66,0,0,42,42.69,0.11,0,0,287.91,70.66,1634.28,639.46,435.78,21.35,0.07,0,0,2.02,1.43,0.01,0,22.22,-129
2025-12-24T14:20:00Z,-436.27,0,222.78,0,40,42.69,0.11,0,0,262.23,74.63,1646.4,764.76,440.75,21.5,0,12.5,0,1.92,1.43,0.01,0,135.27,-200
2025-12-24T14:25:00Z,-491.07,0,387.25,0,44,43.36,0.11,0,0,167.23,68.71,1658.51,874.08,482.78,21.65,0,20.4,0,2.11,1.45,0.01,0,260.69,-160.11
2025-12-24T14:30:00Z,-479.52,0,338.57,0,41,42.69,0.11,0,0,210.42,65.72,1670.62,837.05,481.1,21.8,0,17.69,0,1.97,1.43,0.01,0,208.79,-190.01
2025-12-24T14:35:00Z,-504.39,0,345.26,0,44,42.69,0.11,0,0.6,198.21,74.06,1665.97,827.58,453.02,21.62,0,18.08,0,2.11,1.43,0.01,0,220.7,-200
2025-12-24T14:40:00Z,-543.22,0,479.49,0,40,43.36,0.11,0,0,149.58,65.26,1661.33,879.53,459.22,21.43,0,24.26,0,1.92,1.45,0.01,0,353.96,-59.04
2025-12-24T14:45:00Z,-98.27,-109.03,0,-0.1,43,42.69,0.11,0,1,240.98,77.17,1656.68,737.99,450.26,21.25,0.94,0,0,2.06,1.43,0.01,0,16.55,-59.04
2025-12-24T14:50:00Z,-95.57,-215.3,0,-0.1,43,43.36,0.11,0,0.7,325.53,74.46,1652.04,715.15,452.87,21.07,1.56,0,0,2.06,1.45,0.01,0,12.9,-65.85
2025-12-24T14:55:00Z,-187.02,-142.73,0,-0.1,40,42.69,0.11,0,0,367.03,56.64,1647.4,759.34,445.7,20.88,0.95,0,0,1.92,1.43,0.01,0,15.85,-52.26
2025-12-24T15:00:00Z,-244.21,-82.61,0,-0.1,40,42.69,0.11,0,0.01,368.38,58.65,1642.75,730.47,453.98,20.7,0.54,0,0,1.92,1.43,0.01,0,18.48,-53.02
2025-12-24T15:05:00Z,-233.82,-84.75,0,0,40,43.36,0.11,0,0,361.58,58.32,1634.16,729.27,437.13,20.8,0.57,0,0,1.92,1.45,0.01,0,18.53,-53.28
2025-12-24T15:10:00Z,-242.11,-68.33,0,0,42,43.36,0.11,0,0.6,372.9,49,1625.57,671.89,433.34,20.9,0.47,0,0,2.02,1.45,0.01,0,19.79,-53.04
2025-12-24T15:15:00Z,-212.59,-96.29,0,0,42,43.36,0.11,0,2.76,365.97,49.5,1616.98,735.43,422.62,21,0.66,0,0,2.02,1.45,0.01,0,18.61,-52.78
2025-12-24T15:20:00Z,-212.36,-95.3,0,0,43,42.69,0.11,0,2.02,370.4,53.31,1608.39,691.19,405.85,21.1,0.65,0,0,2.06,1.43,0.01,0,18.85,-53.11
2025-12-24T15:25:00Z,-213.6,-101.86,0,0,45,42.69,0.11,0,5.04,368.59,60.22,1599.8,739.47,421.04,21.2,0.7,0,0,2.16,1.43,0.01,0,19.23,-52.35
2025-12-24T15:30:00Z,-234.42,-105.6,0,0,41,43.36,0.11,0,0.13,400.5,74.54,1591.21,771.8,415.25,21.3,0.65,0,0,1.97,1.45,0.01,0,18.42,-50.21
2025-12-24T15:35:00Z,-268.84,-50.04,0,0,40,42.69,0.1,0,0.02,398.02,78.57,1574.26,702.02,434.32,21.27,0.3,0,0,1.92,1.43,0.01,0,20.2,-53.44
2025-12-24T15:40:00Z,-301.59,-21.41,0,0,40,43.36,0.1,0,0.03,434.58,65.78,1557.32,714.46,451.49,21.23,0.12,0,0,1.92,1.45,0.01,0,21.47,-52.43
2025-12-24T15:45:00Z,-210.48,-77.4,0,0,40,43.36,0.11,0,0.03,435.22,58.34,1540.38,714.25,404.02,21.2,0.45,0,0,1.92,1.45,0.01,0,19.18,-53.46
2025-12-24T15:50:00Z,-203.45,-97.36,0,0,41,42.69,0.11,0,0.04,442.62,65.66,1523.43,768.85,440.76,21.17,0.56,0,0,1.97,1.43,0.01,0,18.81,-52.92
2025-12-24T15:55:00Z,-194.06,-95.01,0,0,39,42.69,0.11,0,0.01,460.28,55.59,1506.49,698.45,421.52,21.13,0.53,0,0,1.87,1.43,0.01,0,18.39,-53.24
2025-12-24T16:00:00Z,-221.85,-9.47,0,0,40,43.36,0.11,0,0,433.93,52.96,1489.55,778.63,409.72,21.1,0.06,0,0,1.92,1.45,0.01,0,21.8,-53.37
2025-12-24T16:05:00Z,-167.56,-57.62,0,0,40,42.69,0.11,0,0,435.83,63.3,1463.58,769.09,402.87,21.1,0.33,0,0,1.92,1.43,0.01,0,19.93,-54.74
2025-12-24T16:10:00Z,-167.31,-11.21,0,0,43,42.69,0.11,0,0.47,441.71,17.43,1437.61,747.35,472.28,21.1,0.07,0,0,2.06,1.43,0.01,0,22.79,-54.76
2025-12-24T16:15:00Z,-172.14,0,11.48,0,41,43.36,0.11,0,0,465.24,4.11,1411.63,680.74,435,21.1,0,0.71,0,1.97,1.45,0.01,0,27.89,-54.53
2025-12-24T16:20:00Z,-178.21,0,72.35,0,40,42.69,0.11,0,0.01,448.12,3.69,1385.66,741.7,471.23,21.1,0,4.45,0,1.92,1.43,0.01,0,56.07,-53.37
2025-12-24T16:25:00Z,-172.56,0,56,0,40,42.69,0.11,0,0.62,479.92,5.56,1359.69,720.22,443.59,21.1,0,3.35,0,1.92,1.43,0.01,0,47.3,-52.9
2025-12-24T16:30:00Z,-143.36,0,40.97,0,41,43.36,0.11,0,0.51,481.01,3.94,1333.72,782.08,429.07,21.1,0,2.43,0,1.97,1.45,0.01,0,40.85,-52.42
2025-12-24T16:35:00Z,-86.43,0,11.23,0,40,42.69,0.1,0,0.21,488.07,3.58,1299.83,699.53,437.33,21.13,0,0.65,0,1.92,1.43,0.01,0,27.06,-55.04
2025-12-24T16:40:00Z,-83.29,0,0.1,0,46,43.36,0.11,0,8.04,479.18,6.83,1265.93,748.23,415.61,21.17,0,0.01,0,2.21,1.45,0.01,0,24.95,-53.24
2025-12-24T16:45:00Z,-95.17,0,69.95,0,39,43.36,0.11,0,0.4,488.94,3.87,1232.03,730.98,407.23,21.2,0,4.26,0,1.87,1.45,0.01,0,55.45,-53.89
2025-12-24T16:50:00Z,-92,0,87.03,0,42,43.36,0.11,0,4.73,473.62,4.04,1198.14,731.99,424.77,21.23,0,5.22,0,2.02,1.45,0.01,0,65.73,-59.38
2025-12-24T16:55:00Z,-142.02,0,178,0,40,43.36,0.11,0,0,475.76,2.84,1164.24,761.7,403.98,21.27,0,10.36,0,1.92,1.45,0.01,0,117.22,-48.11
2025-12-24T17:00:00Z,-102.77,0,179.78,0,40,43.36,0.11,0,0,483.01,3.96,1130.34,751.52,395.34,21.3,0,10.32,0,1.92,1.45,0.01,0,115.94,-122.62
2025-12-24T17:05:00Z,-131.35,0,317.71,0,43,42.69,0.11,0,14.16,401.27,1.77,1094.39,861.26,390.61,21.27,0,17.58,0,2.06,1.43,0.01,0,220.27,-129
2025-12-24T17:10:00Z,-137,0,374.98,0,42,42.69,0.11,0,6.32,394.43,0.8,1058.44,882.63,391.52,21.23,0,20.94,0,2.02,1.43,0.01,0,283.45,-129
2025-12-24T17:15:00Z,-96.37,0,378.28,0,44,43.36,0.11,0,1.66,375.59,1.66,1022.49,885,424.81,21.2,0,21.29,0,2.11,1.45,0.01,0,294.12,-102
2025-12-24T17:20:00Z,-25.91,0,326.3,0,44,43.36,0.11,0,7.75,399.6,1.77,986.54,859.29,378.24,21.17,0,17.69,0,2.11,1.45,0.01,0,225.59,-100
2025-12-24T17:25:00Z,-23.91,0,305.21,0,45,42.69,0.11,0,10.72,427.13,1.69,950.59,928.72,388.99,21.13,0,17.13,0,2.16,1.43,0.01,0,216.46,-50.23
2025-12-24T17:30:00Z,-10.26,0,257.77,0,43,43.36,0.11,0,1.19,493.24,3.19,914.64,789.93,386.85,21.1,0,13.97,0,2.06,1.45,0.01,0,170.57,-43.56
2025-12-24T17:35:00Z,-17.6,0,265.12,0,40,43.36,0.1,0,0.77,521.45,4.81,881.03,803.96,418.46,21.03,0,14.25,0,1.92,1.45,0.01,0,174.99,-42.42
2025-12-24T17:40:00Z,-3.04,0,297.69,0,44,11.82,0.11,0,15.79,499.72,6.54,847.43,756.89,446.16,20.97,0,15.97,0,2.11,0.4,0.01,0,197.22,-37.46
2025-12-24T17:45:00Z,-47.3,0,417.77,0,43,0,0.11,0,7.8,484.57,6.97,813.82,766.88,417.29,20.9,0,22.62,0,2.06,0,0.01,0,332.43,-21.81
2025-12-24T17:50:00Z,-3.7,0,392.38,0,40,0,0.11,0,1.85,494.21,6.58,780.22,788.52,370.74,20.83,0,20.21,0,1.92,0,0.01,0,286.54,-34.97
2025-12-24T17:55:00Z,-0.06,0,427.02,0,44,0,0.11,0,11.1,493.63,7.38,746.61,789.41,333.92,20.77,0,22.42,0,2.11,0,0.01,0,336.2,-22.2
2025-12-24T18:00:00Z,-0.07,0,426.26,0,45,0,0.11,0,38.89,473.84,8.31,713,781.93,330.48,20.7,0,22.13,0,2.16,0,0.01,0,341.82,-21.34
2025-12-24T18:05:00Z,-0.05,0,483.79,0,44,0,0.11,0,9.43,487.89,7.55,674.08,818.19,325.23,20.45,0,24.3,0,2.11,0,0.01,0,428.94,-50.23
2025-12-24T18:10:00Z,-2.58,0,346.99,0,44,0,0.11,0,41.41,533.64,88.94,635.15,657.92,262.76,20.2,0,18.7,0,2.11,0,0.01,0,251.39,-21
2025-12-24T18:15:00Z,-0.36,0,284.08,0,44,0,0.11,0,27,639.47,94.04,596.23,619.06,180.89,19.95,0,14.45,0,2.11,0,0.01,0,178.13,-20
2025-12-24T18:20:00Z,-0.17,0,209.36,0,43,0,0.11,0,21.82,763.99,101.35,557.3,556.15,171.89,19.7,0,10.1,0,2.06,0,0.01,0,114.23,-15.56
2025-12-24T18:25:00Z,-1.48,0,178.49,0,41,0,0.11,0,2.85,841.19,95.65,518.37,514.87,199,19.45,0,8.57,0,1.97,0,0.01,0,95.91,-12.46
2025-12-24T18:30:00Z,-0.37,0,169.99,0,41,0,0.11,0,3.19,850.33,106.54,479.45,513.52,158.2,19.2,0,8.09,0,1.97,0,0.01,0,92.17,-10.22
2025-12-24T18:35:00Z,0,0,78.83,0,43,0,0.11,0,28.39,948.17,99.11,443.58,443.35,125.97,19.07,0,3.8,0,2.06,0,0.01,0,47.51,-8.5
2025-12-24T18:40:00Z,-0.04,0,28.92,0,46,0,0.11,0,54.51,1004.04,98,407.7,392.3,94.05,18.93,0,1.39,0,2.21,0,0.01,0,27.35,-7.01
2025-12-24T18:45:00Z,-0.05,-40.75,0,0,45,0,0.11,0,44.99,1104.72,88.05,371.83,236.61,85.76,18.8,0.07,0,0,2.16,0,0.01,0,15.6,-6.99
2025-12-24T18:50:00Z,-0.06,-34.86,0,0,43,0,0.11,0,33.35,1126.74,98.19,335.96,211.3,68.34,18.67,0.06,0,0,2.06,0,0.01,0,15.09,-10.72
2025-12-24T18:55:00Z,-0.01,0,19.46,0,45,0,0.11,0,51.68,1107.67,66.41,300.09,256.6,102.79,18.53,0,0.89,0,2.16,0,0.01,0,23.67,-2.47
2025-12-24T19:00:00Z,-0.08,-92.78,0,0,42,0,0.1,0,5.25,1269.56,54.87,264.22,68.09,44.8,18.4,0.14,0,0,2.02,0,0.01,0,14.66,-6.55
2025-12-24T19:05:00Z,-2.72,0,13.38,0,40,0,0.11,0,2.7,1220.15,47.17,238,140.68,37.16,18.17,0,0.56,0,1.92,0,0.01,0,19.5,-2.52
2025-12-24T19:10:00Z,-0.72,-143.51,0,0,40,0,0.11,0,8.19,1352.59,49.27,211.77,35.46,3.51,17.93,0.19,0,0,1.92,0,0.01,0,13.72,-2.57
2025-12-24T19:15:00Z,-2.22,-175.45,0,0,40,0,0.11,0,0.12,1421.08,65.94,185.55,41.26,2.6,17.7,0.22,0,0,1.92,0,0.01,0,13.33,-2.58
2025-12-24T19:20:00Z,-0.37,-155.77,0,0,42,0,0.11,0,6.97,1416.58,51.87,159.33,38.21,1.52,17.47,0.21,0,0,2.02,0,0.01,0,14.32,-2.54
2025-12-24T19:25:00Z,-0.24,-142.73,0,0,41,0,0.11,0,27.78,1438.06,44.19,133.11,38.21,4.19,17.23,0.18,0,0,1.97,0,0.01,0,13.96,0
2025-12-24T19:30:00Z,-0.64,-154.72,0,0,41,0,0.11,0,25.83,1485.35,37.32,106.88,0,0.94,17,0.19,0,0,1.97,0,0.01,0,13.88,0
2025-12-24T19:35:00Z,-0.03,-127.55,0,-0.1,42,0,0.11,0,18.46,1478.84,23.91,91.37,0,0.05,16.87,0.17,0,0,2.02,0,0.01,0,14.59,-2.75
2025-12-24T19:40:00Z,0,-85.93,0,0,44,0,0.11,0,50.09,1432.08,16.62,75.86,35.68,0.33,16.73,0.12,0,0,2.11,0,0.01,0,15.66,-2.78
2025-12-24T19:45:00Z,-0.04,-74.44,0,0,41,0,0.11,0,57.65,1422.24,11.7,60.35,33.47,0.09,16.6,0.1,0,0,1.97,0,0.01,0,14.84,-2.8
2025-12-24T19:50:00Z,-0.29,-2.74,0,0,40,0,0.11,0,23.64,1396.48,6.49,44.84,33.44,0.04,16.47,0,0,0,1.92,0,0.01,0,15.29,-2.8
2025-12-24T19:55:00Z,-0.1,-41.49,0,-0.1,42,0,0.11,0,43.91,1424.3,2.87,29.33,33.41,0,16.33,0.06,0,0,2.02,0,0.01,0,15.73,-2.79
2025-12-24T20:00:00Z,0,-131.39,0,-0.1,45,0,0.11,0,124.61,1423.7,1.03,13.82,33.38,0.03,16.2,0.18,0,0,2.16,0,0.01,0,16.15,0
2025-12-24T20:05:00Z,-0.45,-39.85,0,0,40,0,0.1,0,45.62,1422.67,0.23,11.51,0,0,16.15,0.05,0,0,1.92,0,0.01,0,15.2,0
2025-12-24T20:10:00Z,-0.61,-50.73,0,-0.1,40,0,0.11,0,35.68,1445.98,0.02,9.21,0,0,16.1,0.06,0,0,1.92,0,0.01,0,15.1,-2
2025-12-24T20:15:00Z,-1,-46.59,0,-0.1,41,0,0.11,0,39.43,1437.08,0.01,6.91,0.3,0,16.05,0.06,0,0,1.97,0,0.01,0,15.55,0
2025-12-24T20:20:00Z,-0.06,-79.3,0,0,43,0,0.11,0,77.88,1424.97,0.01,4.61,0,0,16,0.11,0,0,2.06,0,0.01,0,16.02,0.01
2025-12-24T20:25:00Z,-0.42,-62.22,0,0,41,0,0.11,0,55.51,1436.21,0.01,2.3,0,0,15.95,0.08,0,0,1.97,0,0.01,0,15.44,0.01
2025-12-24T20:30:00Z,-4.18,-11.25,0,0,40,0,0.11,0,21.25,1439.28,0.01,0,0,0,15.9,0.01,0,0,1.92,0,0.01,0,15.45,0.01
2025-12-24T20:35:00Z,-1.56,-34.33,0,0,40,0,0.11,0,34.4,1439.99,0.01,0,0,0,15.88,0.04,0,0,1.92,0,0.01,0,15.28,0.01
2025-12-24T20:40:00Z,-0.15,-52.56,0,0,44,0,0.11,0,88.04,1418.39,0.01,0,0,0,15.87,0.07,0,0,2.11,0,0.01,0,16.39,8.42
2025-12-24T20:45:00Z,-0.45,-0.91,0,0,40,0,0.11,0,45.84,1412.7,0.01,0,0,0,15.85,0,0,0,1.92,0,0.01,0,15.43,8.34
2025-12-24T20:50:00Z,-1.54,-5.96,0,0,40,0,0.11,0,52.98,1409.88,0,0,0,0,15.83,0.01,0,0,1.92,0,0.01,0,15.4,2.9
2025-12-24T20:55:00Z,-0.2,-140.69,0,0,41,0,0.11,0,181.17,1418.36,0,0,0,0,15.82,0.17,0,0,1.97,0,0.01,0,14.44,2.63
2025-12-24T21:00:00Z,-0.2,-204.06,0,0,40,0,0.11,0,236.58,1405.61,0,0,0,0,15.8,0.23,0,0,1.92,0,0.01,0,13.74,8.05
2025-12-24T21:05:00Z,-0.1,-170.93,0,0,41,0,0.11,0,204.42,1383.62,0,0,0,0,15.77,0.21,0,0,1.97,0,0.01,0,14.54,8.04
2025-12-24T21:10:00Z,-1.32,-140.99,0,0,40,0,0.1,0,190.22,1367.43,0,0,0,0,15.73,0.17,0,0,1.92,0,0.01,0,14.48,8.11
2025-12-24T21:15:00Z,-0.18,-111.44,0,0,42,0,0.11,0,182.21,1350.12,0,0,0,0,15.7,0.14,0,0,2.02,0,0.01,0,15.41,2.9
2025-12-24T21:20:00Z,-0.89,-124.83,0,0,40,0,0.11,0,209.51,1340.42,0,0,0,0,15.67,0.15,0,0,1.92,0,0.01,0,14.55,8.12
2025-12-24T21:25:00Z,-0.59,-127.52,0,0,40,0,0.11,0,196.95,1341.72,0,0,0,0,15.63,0.16,0,0,1.92,0,0.01,0,14.65,0
2025-12-24T21:30:00Z,-0.49,-182.18,0,0,40,0,0.11,0,231.67,1363.64,0,0,0,0,15.6,0.21,0,0,1.92,0,0.01,0,14.14,0
2025-12-24T21:35:00Z,-0.44,-129.43,0,0,40,0,0.11,0,158,1397.06,0,0,0,0,15.57,0.16,0,0,1.92,0,0.01,0,14.49,0
2025-12-24T21:40:00Z,-0.18,-187.2,0,0,42,0,0.11,0,161.48,1438.73,0,0,0,0,15.53,0.23,0,0,2.02,0,0.01,0,14.78,0
2025-12-24T21:45:00Z,-0.19,-251.02,0,-0.1,40,0,0.1,0,234.05,1458.35,0,0,0,0,15.5,0.28,0,0,1.92,0,0.01,0,13.34,0
2025-12-24T21:50:00Z,-0.2,-349.5,0,0,40,0,0.1,0,274.4,1492,0,0,0,0,15.47,0.37,0,0,1.92,0,0.01,0,12.79,0
2025-12-24T21:55:00Z,-0.56,-403.78,0,-0.1,40,0,0.11,0,306.32,1518.17,0,0,0,0,15.43,0.42,0,0,1.92,0,0.01,0,12.4,0
2025-12-24T22:00:00Z,-2.68,-426.6,0,-0.1,40,0,0.11,0,303.67,1542.99,0,0,0,0,15.4,0.44,0,0,1.92,0,0.01,0,12.27,0
2025-12-24T22:05:00Z,-0.83,-405.79,0,0,40,0,0.11,0,270.76,1551.78,0,0,0,0,15.35,0.42,0,0,1.92,0,0.01,0,12.42,-3.1
2025-12-24T22:10:00Z,-0.37,-330.5,0,0,40,0,0.11,0,219.5,1505.59,0,0,47.81,0,15.3,0.36,0,0,1.92,0,0.01,0,13.1,-2.49
2025-12-24T22:15:00Z,-0.22,-442.88,0,0,40,0,0.11,0,296.66,1542.29,0,0,37.06,0,15.25,0.45,0,0,1.92,0,0.01,0,12.3,-2.58
2025-12-24T22:20:00Z,-0.17,-315.67,0,0,41,0,0.11,0,175.02,1527.83,0,0,29.01,0,15.2,0.36,0,0,1.97,0,0.01,0,13.59,-2.58
2025-12-24T22:25:00Z,-0.07,-326.83,0,0,43,0,0.11,0,179.5,1530.03,0,0,25.24,0,15.15,0.39,0,0,2.06,0,0.01,0,14.18,-2.58
2025-12-24T22:30:00Z,-0.45,-282.06,0,0,40,0,0.11,0,155.83,1521.68,0,0,32.48,0,15.1,0.32,0,0,1.92,0,0.01,0,13.46,-2.57
2025-12-24T22:35:00Z,-0.47,-321.75,0,0,40,0,0.11,0,176.82,1519.46,0,0,32.12,0,15.03,0.36,0,0,1.92,0,0.01,0,13.32,-2.57
2025-12-24T22:40:00Z,-0.18,-353.32,0,0,41,0,0.11,0,188.22,1537.25,0,0,31.99,0,14.97,0.39,0,0,1.97,0,0.01,0,13.41,-2.56
2025-12-24T22:45:00Z,-0.36,-348.35,0,0,40,0,0.11,0,189.92,1532.35,0,0,37.89,0,14.9,0.38,0,0,1.92,0,0.01,0,13.12,-2.55
2025-12-24T22:50:00Z,-1.08,-343.75,0,0,40,0,0.11,0,166.47,1535.52,0,0,37.03,0,14.83,0.38,0,0,1.92,0,0.01,0,13.28,-2.52
2025-12-24T22:55:00Z,-0.81,-344.82,0,0,40,0,0.11,0,170.49,1528.92,0,0,33.16,0,14.77,0.38,0,0,1.92,0,0.01,0,13.3,-2.55
2025-12-24T23:00:00Z,-0.44,-359.24,0,0,40,0,0.11,0,172.51,1536.98,0,0,28.27,0,14.7,0.4,0,0,1.92,0,0.01,0,13.22,-2.57
2025-12-24T23:05:00Z,-0.21,-335.49,0,0,40,0,0.1,0,152.65,1520.86,0,0,28.34,0,14.57,0.38,0,0,1.92,0,0.01,0,13.49,-2.62
2025-12-24T23:10:00Z,-0.2,-297.57,0,0,42,0,0.11,0,101.72,1529.54,0,0,28.41,0,14.43,0.36,0,0,2.02,0,0.01,0,14.5,0
2025-12-24T23:15:00Z,-0.2,-317.73,0,0,41,0,0.11,0,94.75,1550.09,0,0,0,0,14.3,0.37,0,0,1.97,0,0.01,0,14.05,-2.57
2025-12-24T23:20:00Z,-0.18,-320.1,0,-0.1,40,0,0.11,0,129.85,1507.83,0,0,30.91,0,14.17,0.37,0,0,1.92,0,0.01,0,13.78,0
2025-12-24T23:25:00Z,-0.18,-366.36,0,-0.1,44,0,0.11,0,163.03,1522.09,0,0,15.08,0,14.03,0.45,0,0,2.11,0,0.01,0,14.7,0
2025-12-24T23:30:00Z,-0.34,-325.12,0,0,40,0,0.11,0,142.26,1513.89,0,0,11.51,0,13.9,0.37,0,0,1.92,0,0.01,0,13.63,0
2025-12-24T23:35:00Z,-0.16,-331.31,0,0,40,0,0.11,0,150.88,1511.93,0,0,15.31,0,13.88,0.37,0,0,1.92,0,0.01,0,13.57,0
2025-12-24T23:40:00Z,0,-347.33,0,0,43,0,0.1,0,193.26,1528.05,0,0,0,0,13.87,0.41,0,0,2.06,0,0.01,0,14.08,0
2025-12-24T23:45:00Z,-0.15,-304.46,0,0,40,0,0.11,0,151.1,1513.96,0,0,0,0,13.85,0.34,0,0,1.92,0,0.01,0,13.56,0
2025-12-24T23:50:00Z,-0.21,-325.83,0,0,40,0,0.11,0,174.65,1512.73,0,0,0,0,13.83,0.36,0,0,1.92,0,0.01,0,13.38,0.52
2025-12-24T23:55:00Z,-0.04,-370.85,0,0,40,0,0.11,0,198.8,1531.65,0,0,0,0,13.82,0.4,0,0,1.92,0,0.01,0,13.05,-2.53
2025-12-25T00:00:00Z,-0.01,-396.43,0,0,40,0,0.11,0,219.12,1514.76,0,0,24.7,0,13.8,0.43,0,0,1.92,0,0.01,0,13.03,-2.1
2025-12-25T00:05:00Z,-0.01,-306.26,0,0,40,0,0.11,0,104.39,1537.21,0,0,14.87,0,13.87,0.35,0,0,1.92,0,0.01,0,13.74,-2.58
2025-12-25T00:10:00Z,-0.01,-246.24,0,0,42,0,0.11,0,109.88,1519.93,0,0,20.32,0,13.93,0.3,0,0,2.02,0,0.01,0,14.51,-2.1
2025-12-25T00:15:00Z,-0.21,-224.66,0,0,40,0,0.11,0,80.33,1523.62,0,0,17.05,0,14,0.26,0,0,1.92,0,0.01,0,14.06,-2.64
2025-12-25T00:20:00Z,-0.44,-209.4,0,0,40,0,0.11,0,70.46,1528.95,0,0,20.41,0,14.07,0.25,0,0,1.92,0,0.01,0,14.1,-2.64
2025-12-25T00:25:00Z,-4.04,-219.43,0,0,40,0,0.11,0,68.62,1550.19,0,0,17.93,0,14.13,0.25,0,0,1.92,0,0.01,0,13.97,-2.63
2025-12-25T00:30:00Z,-1.01,-227.8,0,-0.1,40,0,0.11,0,72.37,1551.92,0,0,23.11,0,14.2,0.26,0,0,1.92,0,0.01,0,13.9,-2.63
2025-12-25T00:35:00Z,-1.4,-215.25,0,-0.1,40,0,0.11,0,69.95,1539.45,0,0,20.54,0,14.22,0.25,0,0,1.92,0,0.01,0,14.03,-2.63
2025-12-25T00:40:00Z,-0.2,-208.88,0,-0.1,41,0,0.11,0,111.79,1538.21,0,0,26.1,0,14.23,0.24,0,0,1.97,0,0.01,0,14.01,-2.68
2025-12-25T00:45:00Z,-0.66,-187.44,0,-0.2,40,0,0.11,0,82.06,1533.24,0,0,26.14,0,14.25,0.22,0,0,1.92,0,0.01,0,13.97,-2.67
2025-12-25T00:50:00Z,-0.26,-188.03,0,-0.1,41,0,0.11,0,93.27,1517.44,0,0,26.18,0,14.27,0.22,0,0,1.97,0,0.01,0,14.35,-2.68
2025-12-25T00:55:00Z,-0.21,-191.05,0,-0.1,41,0,0.11,0,98.04,1512.59,0,0,23.31,0,14.28,0.23,0,0,1.97,0,0.01,0,14.35,-2.67
2025-12-25T01:00:00Z,-0.22,-151.49,0,-0.1,40,0,0.11,0,70.47,1495.58,0,0,25.01,0,14.3,0.18,0,0,1.92,0,0.01,0,14.39,-2.68
2025-12-25T01:05:00Z,-0.01,-146.1,0,0,40,0,0.11,0,79.86,1477.78,0,0,29.17,0,14.3,0.18,0,0,1.92,0,0.01,0,14.47,-2.69
2025-12-25T01:10:00Z,-0.01,-185.57,0,0,42,0,0.11,0,109.87,1472.28,0,0,29.2,0,14.3,0.23,0,0,2.02,0,0.01,0,14.94,-2.69
2025-12-25T01:15:00Z,-0.01,-187.04,0,0,41,0,0.1,0,111.95,1462.51,0,0,28.52,0,14.3,0.23,0,0,1.97,0,0.01,0,14.66,-2.69
2025-12-25T01:20:00Z,-0.19,-184.76,0,0,40,0,0.1,0,80.03,1470.03,0,0,23.51,0,14.3,0.22,0,0,1.92,0,0.01,0,14.53,-2.65
2025-12-25T01:25:00Z,-0.01,-205.13,0,0,41,0,0.11,0,101.36,1464.64,0,0,25.38,0,14.3,0.25,0,0,1.97,0,0.01,0,14.74,-2.67
2025-12-25T01:30:00Z,-0.02,-162.68,0,0,40,0,0.11,0,76.63,1439.44,0,0,27.02,0,14.3,0.2,0,0,1.92,0,0.01,0,14.85,-2.68
2025-12-25T01:35:00Z,-0.01,-180.5,0,0,41,0,0.11,0,82.01,1442.8,0,0,26.02,0,14.38,0.23,0,0,1.97,0,0.01,0,15.13,-2.67
2025-12-25T01:40:00Z,-0.01,-183.59,0,0,41,0,0.11,0,101.16,1426.84,0,0,33.04,0,14.47,0.23,0,0,1.97,0,0.01,0,15.1,-2.68
2025-12-25T01:45:00Z,-0.01,-188.91,0,0,41,0,0.11,0,93.09,1432.32,0,0,23.47,0,14.55,0.24,0,0,1.97,0,0.01,0,15.12,-2.68
2025-12-25T01:50:00Z,-0.01,-225.08,0,0,41,0,0.11,0,103.79,1447.4,0,0,23.9,0,14.63,0.28,0,0,1.97,0,0.01,0,14.88,-5.73
2025-12-25T01:55:00Z,-0.05,-121.68,0,0,40,0,0.11,0,4.79,1442.77,0,0,26.81,0,14.72,0.16,0,0,1.92,0,0.01,0,15.54,-7
2025-12-25T02:00:00Z,-0.18,-144.93,0,-0.1,41,0,0.11,0,21.21,1449.91,0,0,29.73,0,14.8,0.19,0,0,1.97,0,0.01,0,15.67,-7
2025-12-25T02:05:00Z,-0.19,-97.29,0,0,41,0,0.11,0,4.02,1418.87,0,0,40.21,0,14.82,0.13,0,0,1.97,0,0.01,0,16.18,-7
2025-12-25T02:10:00Z,-0.18,-129.6,0,0,41,0,0.11,0,11.89,1430.84,0,0,21.08,0,14.83,0.17,0,0,1.97,0,0.01,0,15.97,-7
2025-12-25T02:15:00Z,-0.17,-113.65,0,0,41,0,0.11,0,21.04,1397.54,0,0,42.59,0,14.85,0.15,0,0,1.97,0,0.01,0,16.23,-7
2025-12-25T02:20:00Z,-0.42,-129.42,0,0,41,0,0.11,0,31.97,1388.24,0,0,38.21,0,14.87,0.17,0,0,1.97,0,0.01,0,16.22,-7.01
2025-12-25T02:25:00Z,-0.27,-92.52,0,-0.1,40,0,0.11,0,4.25,1365.71,0,0,74.05,0,14.88,0.13,0,0,1.92,0,0.01,0,16.4,-7.01
2025-12-25T02:30:00Z,-0.16,-98.97,0,0,41,0,0.1,0,23.47,1348.43,0,0,88.07,0,14.9,0.14,0,0,1.97,0,0.01,0,16.77,-7.01
2025-12-25T02:35:00Z,-0.8,-98.76,0,0,40,0,0.11,0,7.82,1372.25,0,0,95.29,0,14.9,0.13,0,0,1.92,0,0.01,0,16.29,-7.01
2025-12-25T02:40:00Z,-0.7,-122.98,0,0,41,0,0.11,0,72.68,1311.52,0,0,152.08,0,14.9,0.17,0,0,1.97,0,0.01,0,16.63,-7.42
2025-12-25T02:45:00Z,-0.26,-84.76,0,0,40,0,0.11,0,52.98,1288.01,0,0,172.84,0,14.9,0.12,0,0,1.92,0,0.01,0,16.74,-7.25
2025-12-25T02:50:00Z,-0.17,-64.56,0,0,41,0,0.1,0,61.24,1255.57,0,0,235.03,0,14.9,0.09,0,0,1.97,0,0.01,0,17.45,-7.25
2025-12-25T02:55:00Z,-0.63,-55.44,0,0,40,0,0.1,0,53.64,1249.1,0,0,240.66,0,14.9,0.08,0,0,1.92,0,0.01,0,17.22,-7.25
2025-12-25T03:00:00Z,-0.44,-32.19,0,0,41,0,0.11,0,55.1,1224.35,0,0,301.91,0,14.9,0.05,0,0,1.97,0,0.01,0,17.95,-7.55
2025-12-25T03:05:00Z,-0.18,-48.12,0,0,42,0,0.11,0,54.33,1229.9,0,0,286.4,0,14.9,0.07,0,0,2.02,0,0.01,0,18.3,-7.48
2025-12-25T03:10:00Z,-0.12,-70.09,0,0,43,0,0.11,0,56.7,1232.59,0,0,300.72,0,14.9,0.11,0,0,2.06,0,0.01,0,18.65,-7.98
2025-12-25T03:15:00Z,-1.25,-73.65,0,0,40,0,0.11,0,50.06,1239.46,0,0,308.28,0,14.9,0.11,0,0,1.92,0,0.01,0,17.4,-7.98
2025-12-25T03:20:00Z,-2.16,-74.22,0,-0.1,42,0,0.11,0,51.64,1236.37,0,0,313.06,0,14.9,0.11,0,0,2.02,0,0.01,0,18.28,-7.98
2025-12-25T03:25:00Z,-1.84,-71.59,0,-0.1,41,0,0.11,0,50.23,1224.77,0,0,336.57,0,14.9,0.11,0,0,1.97,0,0.01,0,18.03,-8
2025-12-25T03:30:00Z,-0.18,-75.49,0,-0.1,42,0,0.11,0,53.38,1226.39,0,0,358.21,0,14.9,0.12,0,0,2.02,0,0.01,0,18.36,-7.96
2025-12-25T03:35:00Z,-15.5,-105.02,0,-0.1,40,0,0.11,0,49.56,1276.45,0,0,298.39,0,14.85,0.15,0,0,1.92,0,0.01,0,17.13,-8
2025-12-25T03:40:00Z,-11.59,-88.41,0,-0.1,41,0,0.11,0,68.05,1240.58,0,0,379.52,0,14.8,0.13,0,0,1.97,0,0.01,0,17.72,-7.85
2025-12-25T03:45:00Z,-5.17,-172.53,0,0,43,0,0.11,0,67.19,1307.87,0,0,292.57,0,14.75,0.25,0,0,2.06,0,0.01,0,17.59,-7.98
2025-12-25T03:50:00Z,-11.11,-198.34,0,0,41,0,0.11,0,64.14,1354.11,0,0,321.04,0,14.7,0.27,0,0,1.97,0,0.01,0,16.38,-7.98
2025-12-25T03:55:00Z,-9.3,-194.64,0,0,43,0,0.11,0,70.34,1320.99,0,0,334.03,0,14.65,0.28,0,0,2.06,0,0.01,0,17.45,-7.77
2025-12-25T04:00:00Z,-6.44,-164.41,0,-0.1,42,0,0.11,0,58.49,1317.47,0,0,323.69,0,14.6,0.23,0,0,2.02,0,0.01,0,17.2,-7.85
2025-12-25T04:05:00Z,-6.54,-179.69,0,-0.1,43,0,0.11,0,54.33,1329.27,0,0,314.83,0,14.58,0.26,0,0,2.06,0,0.01,0,17.51,-7.97
2025-12-25T04:10:00Z,-0.45,-189.43,0,0,44,0,0.11,0,59.76,1320.9,0,0,275.45,0,14.57,0.28,0,0,2.11,0,0.01,0,17.85,-7.84
2025-12-25T04:15:00Z,-6.66,-180.71,0,-0.1,40,0,0.1,0,50.03,1347.06,0,0,275.78,0,14.55,0.24,0,0,1.92,0,0.01,0,16.17,-7.53
2025-12-25T04:20:00Z,-4.47,-29.79,0,0,43,0,0.11,0,53.5,1184.89,0,0,439.24,0,14.53,0.05,0,0,2.06,0,0.01,0,19.46,-7.6
2025-12-25T04:25:00Z,-2.07,0,31.58,-0.1,41,0,0.11,0,50.06,1113.87,0,0,436.02,0,14.52,0,1.77,0,1.97,0,0.01,0,38.36,-7.25
2025-12-25T04:30:00Z,-0.02,0,27.25,-0.1,43,0,0.11,0,59.07,1103.11,0,0,416.82,0,14.5,0,1.52,0,2.06,0,0.01,0,36.55,-7.01
2025-12-25T04:35:00Z,-5.4,0,38.33,-0.2,40,0,0.11,0,50.18,1115.89,0,0,390.87,0,14.48,0,2.12,0,1.92,0,0.01,0,41.75,-7.54
2025-12-25T04:40:00Z,-0.05,0,62.71,-0.1,43,0,0.11,0,55.94,1098.72,0,0,456.6,0,14.47,0,3.5,0,2.06,0,0.01,0,58.91,-7.01
2025-12-25T04:45:00Z,-0.61,0,20.07,0,43,0,0.11,0,54.42,1131.4,0,0,355.72,0,14.45,0,1.13,0,2.06,0,0.01,0,31.8,-7.01
2025-12-25T04:50:00Z,-0.66,-20.73,0,0,42,0,0.11,0,50.44,1173.27,0,0,363.81,0,14.43,0.03,0,0,2.02,0,0.01,0,19.18,-7.01
2025-12-25T04:55:00Z,-0.29,-79.48,0,0,42,0,0.11,0,58.45,1220.78,0,0,341.68,0,14.42,0.12,0,0,2.02,0,0.01,0,18.37,-7.01
2025-12-25T05:00:00Z,-0.18,-168.28,0,0,42,0,0.11,0,59.75,1310.7,0,0,266.94,0,14.4,0.24,0,0,2.02,0,0.01,0,17.18,-7.01
2025-12-25T05:05:00Z,-5.7,-243.11,0,0,40,0,0.11,0,49,1408.67,0,0.02,278.35,0,14.43,0.31,0,0,1.92,0,0.01,0,15.5,-2.63
2025-12-25T05:10:00Z,-0.14,-282.3,0,0,42,0,0.11,0,54.6,1436.8,0,0.04,206.83,0,14.47,0.37,0,0,2.02,0,0.01,0,15.82,-2.63
2025-12-25T05:15:00Z,-9.46,-243.3,0,0,40,0,0.11,0,49.63,1427.23,0,0.06,196.54,0,14.5,0.31,0,0,1.92,0,0.01,0,15.35,-2.6
2025-12-25T05:20:00Z,-12.42,-244.19,0,0,40,0,0.11,0,50.45,1438.44,0,0.08,202.06,0,14.53,0.31,0,0,1.92,0,0.01,0,15.26,-2.59
2025-12-25T05:25:00Z,-12.35,-250.26,0,0,40,0,0.11,0,49.65,1447.51,0,0.1,195.23,0,14.57,0.31,0,0,1.92,0,0.01,0,15.18,-2.61
2025-12-25T05:30:00Z,-58.02,-222.22,0,0,40,0,0.11,0,49.7,1433.79,0,0.13,200.08,0,14.6,0.28,0,0,1.92,0,0.01,0,15.88,-2.61
2025-12-25T05:35:00Z,-68.67,-190.19,0,0,40,0,0.1,0,48.34,1415.29,0.03,2.67,240.32,0,14.6,0.24,0,0,1.92,0,0.01,0,16.18,-2.62
2025-12-25T05:40:00Z,-79.49,-199.28,0,0,40,0,0.11,0,48.13,1422.9,0.14,5.21,233.98,0,14.6,0.25,0,0,1.92,0,0.01,0,16.21,-2.56
2025-12-25T05:45:00Z,-85.59,-174.66,0,-0.1,40,0,0.11,0,49.47,1399.49,0.96,7.75,223.98,0,14.6,0.23,0,0,1.92,0,0.01,0,16.49,-7
2025-12-25T05:50:00Z,-70.71,-208.3,0,-0.2,41,0,0.11,0,68.03,1402.92,1.73,10.29,227.96,0,14.6,0.27,0,0,1.97,0,0.01,0,16.41,-7.25
2025-12-25T05:55:00Z,-68.83,-18.63,0,-0.2,42,0,0.11,0,59.95,1200.04,3.16,12.83,417.96,0.18,14.6,0.03,0,0,2.02,0,0.01,0,19.44,-7.36
2025-12-25T06:00:00Z,-75.62,0,19.86,-0.2,42,0,0.11,0,54.12,1151.28,6.52,15.38,440.23,1.77,14.6,0,1.18,0,2.02,0,0.01,0,32.7,-19.81
2025-12-25T06:05:00Z,-66.46,0,84.24,-0.1,44,0,0.11,0,68.12,1051.9,6.33,29.7,573,6.41,14.62,0,5.27,0,2.11,0,0.01,0,84.5,-7.44
2025-12-25T06:10:00Z,-7.26,-47.36,0,-0.1,43,0,0.11,0,73.8,1114.17,13.41,44.01,504.68,3.88,14.63,0.08,0,0,2.06,0,0.01,0,19.37,-11.92
2025-12-25T06:15:00Z,-5.34,-61.28,0,-0.1,40,0,0.1,0,72.78,1134.61,17.07,58.33,650.14,7.42,14.65,0.09,0,0,1.92,0,0.01,0,17.51,-11.38
2025-12-25T06:20:00Z,-16.73,0,53.72,0,42,0,0.11,0,73.75,1007.96,24.27,72.65,594.88,12.79,14.67,0,3.29,0,2.02,0,0.01,0,55.44,-14.68
2025-12-25T06:25:00Z,0,0,8.09,0,43,0,0.11,0,81.98,1011.42,38.27,86.97,616.16,15.82,14.68,0,0.49,0,2.06,0,0.01,0,24.51,-18.77
2025-12-25T06:30:00Z,-4.05,0,3.65,0,42,0,0.11,0,73.92,1013.28,39.34,101.29,619.47,24.4,14.7,0,0.22,0,2.02,0,0.01,0,21.32,-13.05
2025-12-25T06:35:00Z,-3.79,0,4.83,0,41,0,0.11,0,67.11,1011.35,54.66,123.79,626.45,22.96,14.82,0,0.29,0,1.97,0,0.01,0,21.07,-18.68
2025-12-25T06:40:00Z,0,-28.37,0,0,45,0,0.11,0,90.01,1000.43,54.23,146.29,609.59,37.76,14.93,0.05,0,0,2.16,0,0.01,0,19.4,-14.67
2025-12-25T06:45:00Z,-0.19,0,14.06,0,42,0,0.11,0,62.45,973.16,73.01,168.79,635.74,32.14,15.05,0,0.84,0,2.02,0,0.01,0,26.27,-14.6
2025-12-25T06:50:00Z,-0.63,-6.38,0,0,42,0,0.11,0,66.46,956.5,84.45,191.29,621.73,37.87,15.17,0.01,0,0,2.02,0,0.01,0,18.09,-19.76
2025-12-25T06:55:00Z,-0.07,0,7.71,0,43,0,0.11,0,54.62,923.52,89.89,213.79,678.63,61.31,15.28,0,0.45,0,2.06,0,0.01,0,22.95,-20
2025-12-25T07:00:00Z,-1.31,0,46.37,0,42,0,0.1,0,50.38,854.21,100.48,236.29,704.34,50.98,15.4,0,2.7,0,2.02,0,0.01,0,45.85,-75.6
2025-12-25T07:05:00Z,-2.07,0,177.23,0,42,0,0.11,0,50.28,714.58,105.18,259.57,807.23,67.15,15.47,0,9.99,0,2.02,0,0.01,0,145.19,-20
2025-12-25T07:10:00Z,-111.71,0,241.1,0,41,0,0.11,0,5.7,750.49,122.98,282.86,772.1,62.51,15.53,0,13.1,0,1.97,0,0.01,0,212.69,-21
2025-12-25T07:15:00Z,-132.62,0,214.36,0,40,0,0.11,0,0.3,780.24,138.96,306.14,768.48,65.69,15.6,0,11.92,0,1.92,0,0.01,0,180.88,-121
2025-12-25T07:20:00Z,-118.79,0,384.44,0,42,0,0.11,0,1.96,583.28,149.9,329.43,1002.57,68.5,15.67,0,21.61,0,2.02,0,0.01,0,469.91,-189.19
2025-12-25T07:25:00Z,-130.24,0,526.56,-0.1,42,0,0.11,0,3.59,476.76,153.87,352.72,1184.78,73.88,15.73,0,27.61,0,2.02,0,0.01,0,955.56,-145
2025-12-25T07:30:00Z,-130.59,0,521.85,-0.1,40,0,0.11,0,0,446.13,164.5,376,1140.32,104.24,15.8,0,28.19,0,1.92,0,0.01,0,965.62,-242.37
2025-12-25T07:35:00Z,-160.47,0,646.45,-0.1,43,0,0.11,0,7.43,352.74,179.91,404.74,1243.47,104.86,15.88,0,34.21,0,2.06,0,0.01,0,2406.38,-190.01
2025-12-25T07:40:00Z,-144.78,0,597.39,-0.1,41,0,0.11,0,0.91,341.81,185.25,433.47,1262.97,90.39,15.97,0,31.18,0,1.97,0,0.01,0,1528.5,-200
2025-12-25T07:45:00Z,-135.51,0,570.24,-0.1,42,0,0.11,0,3.08,334.27,197.82,462.2,1225.66,98.91,16.05,0,30.37,0,2.02,0,0.01,0,1165.2,-200
2025-12-25T07:50:00Z,-137.02,0,339.94,-0.1,40,0,0.11,0,1.31,541.22,209.53,490.94,1331.03,107.16,16.13,0,17.99,0,1.92,0,0.01,0,296.45,-200
2025-12-25T07:55:00Z,-138.24,0,552,-0.2,41,0,0.11,0,1.24,312.64,212.88,519.67,1303.52,119.73,16.22,0,30.32,0,1.97,0,0.01,0,975.93,-200
2025-12-25T08:00:00Z,-128.1,0,565.39,-0.2,43,0,0.11,0,4.28,264.94,206.97,548.4,1346.22,151.62,16.3,0,30.92,0,2.06,0,0.01,0,1058.37,-100
2025-12-25T08:05:00Z,-116.36,0,514.05,-0.1,43,0,0.11,0,15.21,307.44,186.77,585.54,1227.61,271.53,16.48,0,27.78,0,2.06,0,0.01,0,705.79,-190.01
2025-12-25T08:10:00Z,-123.07,0,530.03,-0.1,43,6,0.11,0,32.84,320.27,108.64,622.68,1272.6,293.02,16.67,0,29.12,0,2.06,0.2,0.01,0,784.23,-62.62
2025-12-25T08:15:00Z,-134.75,0,202.56,0,40,5.78,0.11,0,0.87,585.76,110.06,659.81,1006.85,299.38,16.85,0,11.38,0,1.92,0.19,0.01,0,152.09,-268.07
2025-12-25T08:20:00Z,-134.33,0,457.51,0,40,39.33,0.11,0,0.97,338.89,112.62,696.95,1234.05,311.59,17.03,0,25.56,0,1.92,1.32,0.01,0,542.62,-268.66
2025-12-25T08:25:00Z,-34.94,0,441.24,0,40,39.33,0.11,0,0.87,239.45,110.58,734.08,1356.86,314.84,17.22,0,24.48,0,1.92,1.32,0.01,0,483.4,-272.6
2025-12-25T08:30:00Z,-14.99,0,360.5,0,42,65.5,0.11,0,1.66,241.37,110.42,771.22,1315.19,339.85,17.4,0,20.3,0,2.02,2.19,0.01,0,343.37,-276.44
2025-12-25T08:35:00Z,-8.62,0,347.38,0,42,75.57,0.11,0,2.78,243.68,100.56,825.75,1304.18,460.27,17.47,0,19.48,0,2.02,2.53,0.01,0,308.6,-55.84
2025-12-25T08:40:00Z,-15.67,0,124.48,0,40,75.57,0.11,0,1.61,396.61,6.15,880.28,1106.17,441.93,17.53,0,7.51,0,1.92,2.53,0.01,0,113.94,-272.8
2025-12-25T08:45:00Z,-9.91,0,239,0,41,75.57,0.11,0,1.93,281.29,1.95,934.8,1337.41,451.38,17.6,0,14.84,0,1.97,2.53,0.01,0,213.44,-100
2025-12-25T08:50:00Z,-122.67,0,259.32,-0.1,41,65.5,0.11,0,0.2,285.96,0.57,989.33,1273.27,456.66,17.67,0,15.96,0,1.97,2.19,0.01,0,241.44,-270.23
2025-12-25T08:55:00Z,-32.08,0,239.6,-0.1,41,97.05,0.11,0,2.82,214.51,4.53,1043.86,1208.7,455.75,17.73,0,15.32,0,1.97,3.25,0.01,0,217.74,-89
2025-12-25T09:00:00Z,-113.52,0,121.66,0,41,103.76,0.11,0,1.87,298.54,1.31,1098.39,1185.37,475.26,17.8,0,7.95,0,1.97,3.47,0.01,0,122.73,-190.01
2025-12-25T09:05:00Z,-137.47,0,119.36,-0.1,42,153.42,0.11,0,5.87,285.12,0.81,1125.69,1141.5,475.11,17.88,0,8.13,0,2.02,5.14,0.01,0,135.31,-200
2025-12-25T09:10:00Z,-149.09,0,112.78,-0.1,44,172.88,0.11,0,3.99,257.21,5.88,1153,1206.05,473.84,17.97,0,7.55,0,2.11,5.79,0.01,0,134.92,-190.01
2025-12-25T09:15:00Z,-143.74,0,64.77,-0.1,43,172.88,0.11,0,3.79,287.24,2.48,1180.3,1110.09,482.08,18.05,0,4.49,0,2.06,5.79,0.01,0,100.02,-145
2025-12-25T09:20:00Z,-145.01,-20.06,0,0,40,166.84,0.11,0,0.2,300.59,0.57,1207.61,1096.03,492.83,18.13,0.3,0,0,1.92,5.59,0.01,0,55.84,-270.36
2025-12-25T09:25:00Z,-137.08,0,78.97,0,42,168.85,0.11,0,5.72,219.91,4.54,1234.91,1128.08,492.28,18.22,0,5.77,0,2.02,5.65,0.01,0,110.5,-155.84
2025-12-25T09:30:00Z,-139.67,0,23.59,0,40,166.84,0.11,0,0.14,232.06,1.16,1262.22,1136.7,503.23,18.3,0,1.69,0,1.92,5.59,0.01,0,71.78,-190.01
2025-12-25T09:35:00Z,-175.38,0,24.1,0,41,168.18,0.11,0,0.26,237.94,0.66,1290.4,1098.65,502.2,18.37,0,1.78,0,1.97,5.63,0.01,0,73.19,-190.01
2025-12-25T09:40:00Z,-211.97,0,19.66,0,44,171.54,0.11,0,2.86,261.24,1.67,1318.58,1065.96,495.26,18.43,0,1.44,0,2.11,5.74,0.01,0,71.17,-190.01
2025-12-25T09:45:00Z,-223.29,0,30.98,0,40,166.17,0.1,0,0.14,250.12,4.48,1346.76,1078.72,500.05,18.5,0,2.27,0,1.92,5.56,0.01,0,75.36,-175.44
2025-12-25T09:50:00Z,-222.11,0,45.31,0,40,166.84,0.11,0,0.33,204.82,1.21,1374.94,1109.62,499.72,18.57,0,3.49,0,1.92,5.59,0.01,0,86.81,-200
2025-12-25T09:55:00Z,-203.59,0,61.8,0,40,166.17,0.11,0,0.19,143.01,0.52,1403.12,1136.47,506.58,18.63,0,4.74,0,1.92,5.56,0.01,0,98.68,-200
2025-12-25T10:00:00Z,-221.09,0,27.54,0,40,167.51,0.11,0,0.22,135.01,4.51,1431.3,1096.6,507.19,18.7,0,2.18,0,1.92,5.61,0.01,0,76.23,-270.02
2025-12-25T10:05:00Z,-150.47,-11.02,0,0,40,167.51,0.11,0,0.22,104.71,1.3,1458.43,1150.7,515.17,18.87,0.26,0,0,1.92,5.61,0.01,0,54.16,-200
2025-12-25T10:10:00Z,-22.79,-154.91,0,0,42,170.2,0.11,0,6.1,107.65,0.62,1485.57,1092.05,520.58,19.03,3.66,0,0,2.02,5.7,0.01,0,29.8,-276.02
2025-12-25T10:15:00Z,-22.19,-144.76,0,-0.1,39,166.84,0.11,0,4.98,90.81,4.58,1512.7,1122.77,515.73,19.2,3.53,0,0,1.87,5.59,0.01,0,28.6,-100
2025-12-25T10:20:00Z,-8.32,-266.38,0,0,40,168.18,0.11,0,0,130.32,1.3,1539.83,1011.53,521.99,19.37,5.92,0,0,1.92,5.63,0.01,0,12.22,-277.9
2025-12-25T10:25:00Z,-19.81,-172.74,0,0,40,166.84,0.11,0,0.48,79.85,0.53,1566.96,1048.52,520.36,19.53,4.51,0,0,1.92,5.59,0.01,0,21.68,-80
2025-12-25T10:30:00Z,-12.63,-326.84,0,0,40,120.53,0.11,0,0,186.6,5.53,1594.09,903.46,520.53,19.7,5.52,0,0,1.92,4.04,0.01,0,3.27,-190.01
2025-12-25T10:35:00Z,-25.57,-214.24,0,0,40,61.48,0.11,0,0,169.91,1.48,1607.9,989.26,531.42,19.83,3.13,0,0,1.92,2.06,0.01,0,6.27,-100
2025-12-25T10:40:00Z,-2.47,-297.8,0,0,41,44.03,0.11,0,3.58,208.77,0.73,1621.72,900.47,530.34,19.97,3.44,0,0,1.97,1.47,0.01,0,0.04,-200
2025-12-25T10:45:00Z,-12.05,-214.39,0,0,43,42.69,0.11,0,25.1,152.91,2.25,1635.53,991.97,530,20.1,2.82,0,0,2.06,1.43,0.01,0,4.87,-99.19
2025-12-25T10:50:00Z,-8.34,-285.52,0,-0.1,40,42.69,0.11,0,0.7,206,1.22,1649.35,939.72,530.18,20.23,3.3,0,0,1.92,1.43,0.01,0,0.44,-190.01
2025-12-25T10:55:00Z,-19.61,-246.27,0,0,40,42.69,0.11,0,0.13,205.34,4.67,1663.16,991.84,530.46,20.37,2.82,0,0,1.92,1.43,0.01,0,3.79,-83.63
2025-12-25T11:00:00Z,-117.44,-258.77,0,0,40,42.69,0.11,0,0,264.34,1.26,1676.97,788.73,534.86,20.5,2.49,0,0,1.92,1.43,0.01,0,6.28,-190.01
2025-12-25T11:05:00Z,-24.4,-221.49,0,-0.1,40,42.69,0.11,0,0,168.8,0.54,1689.42,958.73,531.81,20.48,2.95,0,0,1.92,1.43,0.01,0,2.89,-100
2025-12-25T11:10:00Z,-4.18,-280.65,0,-0.1,43,42.02,0.1,0,0.74,192.71,6.28,1701.87,890.36,531.02,20.47,3.43,0,0,2.06,1.41,0.01,0,0.36,-83.69
2025-12-25T11:15:00Z,-116.88,-266.78,0,0,40,42.69,0.11,0,0,286.51,1.4,1714.32,745.52,535.4,20.45,2.41,0,0,1.92,1.43,0.01,0,6.63,-200
2025-12-25T11:20:00Z,-29.39,-220.59,0,0,40,42.69,0.11,0,0,166.11,0.52,1726.77,993.04,532.69,20.43,2.97,0,0,1.92,1.43,0.01,0,2.7,-190.01
2025-12-25T11:25:00Z,-12.29,-289.76,0,0,41,42.69,0.11,0,2.91,182.61,0.83,1739.22,907.87,531.78,20.42,3.65,0,0,1.97,1.43,0.01,0,1.74,-200
2025-12-25T11:30:00Z,-12.72,-270.68,0,0,41,42.69,0.11,0,1.35,155.68,0.54,1751.67,894.59,531.97,20.4,3.82,0,0,1.97,1.43,0.01,0,2.9,-325
2025-12-25T11:35:00Z,-65.54,-188.31,0,0,40,42.02,0.11,0,0,115.03,0.57,1756.76,978.57,532.22,20.38,3.17,0,0,1.92,1.41,0.01,0,1.12,-145
2025-12-25T11:40:00Z,-16.08,-290.72,0,0,41,42.69,0.1,0,0.3,146.68,1.3,1761.84,901.35,532.48,20.37,4.26,0,0,1.97,1.43,0.01,0,6.12,-200
2025-12-25T11:45:00Z,-19.92,-306.52,0,0,41,42.69,0.11,0,0.01,143.81,4.64,1766.93,972.51,532.73,20.35,4.49,0,0,1.97,1.43,0.01,0,7.81,-200
2025-12-25T11:50:00Z,-41.23,-293.79,0,0,41,42.02,0.11,0,0.02,140.65,1.49,1772.01,949.75,537.09,20.33,4.41,0,0,1.97,1.41,0.01,0,7.42,-100
2025-12-25T11:55:00Z,-109.09,-294.13,0,0,45,42.02,0.11,0,7.86,175.64,2.53,1777.1,878.87,534.25,20.32,3.85,0,0,2.16,1.41,0.01,0,2,-200
2025-12-25T12:00:00Z,-41.25,-277.66,0,0,42,42.02,0.11,0,0,110.27,5.5,1782.18,951.84,533.46,20.3,4.76,0,0,2.02,1.41,0.01,0,9.62,-200
2025-12-25T12:05:00Z,-36.38,-269.38,0,0,40,42.02,0.11,0,0,94.56,1.18,1784.71,966.48,537.85,20.52,5.05,0,0,1.92,1.41,0.01,0,12.42,-200
2025-12-25T12:10:00Z,-24.03,-269.55,0,0,40,42.69,0.11,0,0,82.71,0.52,1787.24,939.4,535.1,20.73,5.45,0,0,1.92,1.43,0.01,0,15.13,-200
2025-12-25T12:15:00Z,-44.43,-297.92,0,0,40,42.69,0.1,0,0,102.23,4.84,1789.77,923.48,534.22,20.95,5.27,0,0,1.92,1.43,0.01,0,14,-200
2025-12-25T12:20:00Z,-25.18,-297.39,0,-0.1,41,42.69,0.11,0,1.51,78.66,1.56,1792.29,943.38,538.58,21.17,6.12,0,0,1.97,1.43,0.01,0,19.9,-299.67
2025-12-25T12:25:00Z,-26.05,-278.08,0,0,41,42.02,0.11,0,0.01,74.19,2.03,1794.82,970.13,535.63,21.38,5.9,0,0,1.97,1.41,0.01,0,18.32,-200
2025-12-25T12:30:00Z,-28.34,-336.45,0,0,40,42.02,0.1,0,0,86.81,4.69,1797.35,987.46,534.7,21.6,6.46,0,0,1.92,1.41,0.01,0,23.35,-299.67
2025-12-25T12:35:00Z,-54.44,-298.04,0,0,42,42.02,0.11,0,1.71,70.23,1.48,1798.73,990.24,539,21.65,6.49,0,0,2.02,1.41,0.01,0,22.88,-190.01
2025-12-25T12:40:00Z,-86.2,-340.79,0,0,43,42.02,0.11,0,2.62,118.24,5.35,1800.11,948.97,536.21,21.7,5.61,0,0,2.06,1.41,0.01,0,16.13,-299.67
2025-12-25T12:45:00Z,-106.7,-286.31,0,0,42,42.02,0.11,0,0.02,87.25,10.13,1801.49,992.62,535.23,21.75,5.41,0,0,2.02,1.41,0.01,0,14.94,-175.86
2025-12-25T12:50:00Z,-214.83,-252.72,0,0,40,42.69,0.11,0,0,129.41,1.15,1802.88,918.81,539.43,21.8,3.97,0,0,1.92,1.43,0.01,0,4.8,-325
2025-12-25T12:55:00Z,-144.45,-269.9,0,0,45,42.69,0.11,0,3.89,83.73,3.13,1804.26,997.06,536.57,21.85,5.44,0,0,2.16,1.43,0.01,0,14.08,-299.67
2025-12-25T13:00:00Z,-128.82,-298.5,0,0,42,42.69,0.11,0,2.44,87.5,6.89,1805.64,975.82,535.55,21.9,5.67,0,0,2.02,1.43,0.01,0,17.09,-299.67
2025-12-25T13:05:00Z,-142.1,-304.25,0,0,41,42.69,0.11,0,0.52,91.5,5.54,1802.77,980.9,539.74,21.9,5.71,0,0,1.97,1.43,0.01,0,18,-299.67
2025-12-25T13:10:00Z,-153.16,-269.5,0,0,42,42.69,0.11,0,2.45,84.93,6.78,1799.89,1029.9,536.78,21.9,5.2,0,0,2.02,1.43,0.01,0,13.47,-200
2025-12-25T13:15:00Z,-166.17,-293.72,0,0,41,42.69,0.11,0,1.33,97.02,10.13,1797.02,993.45,535.78,21.9,5.2,0,0,1.97,1.43,0.01,0,14.09,-299.67
2025-12-25T13:20:00Z,-160.56,-285.25,0,0,43,42.69,0.11,0,16.98,86.54,9.7,1794.15,1034.8,540.03,21.9,5.02,0,0,2.06,1.43,0.01,0,11.76,-200
2025-12-25T13:25:00Z,-176.35,-282.47,0,0,40,42.69,0.11,0,0,92.38,4.83,1791.27,997.88,537.17,21.9,5.27,0,0,1.92,1.43,0.01,0,15.16,-299.67
2025-12-25T13:30:00Z,-208.54,-239.26,0,0,39,42.69,0.11,0,0,88.04,6.34,1788.4,1078.97,536.09,21.9,4.49,0,0,1.87,1.43,0.01,0,9.37,-202.06
2025-12-25T13:35:00Z,-204.51,-248.67,0,0,40,42.02,0.11,0,0.9,78.26,1.35,1785.6,1094.63,540.2,22.05,5.1,0,0,1.92,1.41,0.01,0,14.15,-299.67
2025-12-25T13:40:00Z,-185.32,-254.92,0,0,45,42.69,0.11,0,5.87,83.9,5.36,1782.8,1085.74,537.42,22.2,5.01,0,0,2.16,1.43,0.01,0,11.13,-190.01
2025-12-25T13:45:00Z,-195.62,-271.53,0,0,40,42.69,0.11,0,0.48,98.91,7.08,1779.99,1044.2,536.32,22.35,4.81,0,0,1.92,1.43,0.01,0,11.65,-299.67
2025-12-25T13:50:00Z,-183.25,-250.55,0,0,40,42.69,0.11,0,1.43,73.81,1.17,1777.19,1076.03,540.21,22.5,5.28,0,0,1.92,1.43,0.01,0,15.38,-299.67
2025-12-25T13:55:00Z,-164.41,-251.88,0,0,43,42.69,0.11,0,2.8,72.15,1.72,1774.39,1020.69,537.41,22.65,5.43,0,0,2.06,1.43,0.01,0,15.2,-214.59
2025-12-25T14:00:00Z,-167.51,-292.88,0,0,44,42.02,0.11,0,31.83,76.11,7.85,1771.59,1057.68,536.39,22.8,5.11,0,0,2.11,1.41,0.01,0,12.6,-205.32
2025-12-25T14:05:00Z,-200.21,-214.64,0,0,40,42.69,0.11,0,0.01,72.28,5.24,1767.83,1070.63,540.04,22.82,4.49,0,0,1.92,1.43,0.01,0,9.02,-219.96
2025-12-25T14:10:00Z,-252.06,-170.33,0,0,43,42.69,0.11,0,0.95,85.97,2.35,1764.07,1091.04,537.21,22.83,3.4,0,0,2.06,1.43,0.01,0,0.75,-215.69
2025-12-25T14:15:00Z,-201.07,-215.83,0,0,41,42.02,0.11,0,1.57,75.71,7.07,1760.32,1100.09,536.15,22.85,4.36,0,0,1.97,1.41,0.01,0,7.75,-215.86
2025-12-25T14:20:00Z,-190.21,-222.62,0,0,40,42.69,0.11,0,1.38,87.51,4.91,1756.56,1088,539.74,22.87,4.23,0,0,1.92,1.43,0.01,0,6.9,-205.42
2025-12-25T14:25:00Z,-232.76,-178.1,0,0,40,42.69,0.11,0,2.38,87.32,0.58,1752.8,1067.67,536.87,22.88,3.45,0,0,1.92,1.43,0.01,0,0.77,-209.49
2025-12-25T14:30:00Z,-249.92,-161.8,0,0,41,42.69,0.11,0,1.92,85.26,4.58,1749.04,1090.94,535.94,22.9,3.14,0,0,1.97,1.43,0.01,0,2.11,-217.13
2025-12-25T14:35:00Z,-193.2,-183.1,0,0,40,42.02,0.11,0,0.02,83.1,2.56,1740.56,1020.25,539.31,22.8,3.64,0,0,1.92,1.41,0.01,0,2.38,-206.19
2025-12-25T14:40:00Z,-190.17,-174.69,0,0,40,42.69,0.11,0,0,99.11,0.52,1732.07,1100.64,536.65,22.7,3.21,0,0,1.92,1.43,0.01,0,1.1,-217.87
2025-12-25T14:45:00Z,-153.75,-220.61,0,0,40,42.69,0.11,0,0,89.31,3.89,1723.59,1135.87,535.68,22.6,4.21,0,0,1.92,1.43,0.01,0,6.69,-206.85
2025-12-25T14:50:00Z,-174.45,-194,0,0,40,42.69,0.11,0,0,89.77,1.08,1715.1,1130.44,538.9,22.5,3.75,0,0,1.92,1.43,0.01,0,3.11,-200
2025-12-25T14:55:00Z,-135.84,-238.06,0,0,41,42.69,0.11,0,0.02,113.89,0.61,1706.62,1096.36,536.44,22.4,4.09,0,0,1.97,1.43,0.01,0,5.35,-155.84
2025-12-25T15:00:00Z,-142.25,-274.72,0,0,42,42.69,0.11,0,1.84,160.25,5.68,1698.13,1120.92,535.36,22.3,3.75,0,0,2.02,1.43,0.01,0,2.37,-190.01
2025-12-25T15:05:00Z,-156.75,-233.58,0,0,44,42.02,0.11,0,0.15,141.31,4.98,1687.97,1156.82,538.44,22.18,3.54,0,0,2.11,1.41,0.01,0,0.12,-200
2025-12-25T15:10:00Z,-114.59,-216.93,0,0,43,42.69,0.11,0,0.17,146.41,5.91,1677.8,1075.61,535.98,22.07,3.19,0,0,2.06,1.43,0.01,0,2.37,-168.36
2025-12-25T15:15:00Z,-124.18,-248.63,0,0,40,42.69,0.11,0,0.02,193.2,4.51,1667.63,1096.74,534.92,21.95,2.97,0,0,1.92,1.43,0.01,0,2.91,-200
2025-12-25T15:20:00Z,-77.25,-233.53,0,0,42,42.69,0.11,0,0.02,136.91,2.06,1657.46,1185.47,537.5,21.83,3.6,0,0,2.02,1.43,0.01,0,1.15,-129
2025-12-25T15:25:00Z,-54.82,-295.28,0,0,42,42.69,0.11,0,0.64,182.58,2.09,1647.3,1183.65,527.18,21.72,3.77,0,0,2.02,1.43,0.01,0,2.46,-200
2025-12-25T15:30:00Z,-98.11,-222.69,0,0,40,42.02,0.11,0,0,169.48,3.42,1637.13,1160.41,528.49,21.6,2.91,0,0,1.92,1.41,0.01,0,3.23,-190.01
2025-12-25T15:35:00Z,-85.17,-270.7,0,0,40,42.69,0.11,0,0,219.32,0.93,1618.85,1101.23,529.48,21.63,3,0,0,1.92,1.43,0.01,0,2.74,-190.01
2025-12-25T15:40:00Z,-64.23,-261.69,0,0,44,42.69,0.11,0,8.3,209.04,2.8,1600.57,1151.35,523.77,21.67,3.02,0,0,2.11,1.43,0.01,0,3.97,-133.1
2025-12-25T15:45:00Z,-57.37,-277.85,0,0,42,42.69,0.11,0,1.15,239.25,4.59,1582.3,1137.59,520.38,21.7,2.91,0,0,2.02,1.43,0.01,0,4.14,-145
2025-12-25T15:50:00Z,-66.98,-259.05,0,0,39,42.02,0.11,0,0,256.39,1.08,1564.02,1085.56,519.5,21.73,2.51,0,0,1.87,1.41,0.01,0,5.87,-145
2025-12-25T15:55:00Z,-59.47,-290.39,0,0,41,42.69,0.11,0,0.03,293.14,0.8,1545.74,1051,482.8,21.77,2.62,0,0,1.97,1.43,0.01,0,6,-190.01
2025-12-25T16:00:00Z,-30.28,-270.58,0,0,40,42.69,0.11,0,0.02,257.12,2.87,1527.46,1163.16,472.18,21.8,2.65,0,0,1.92,1.43,0.01,0,5.41,-175.44
2025-12-25T16:05:00Z,-22.99,-283.88,0,0,40,42.69,0.11,0,0,280.01,0.86,1502.16,1134.94,507.09,21.62,2.62,0,0,1.92,1.43,0.01,0,5.67,-145
2025-12-25T16:10:00Z,-31.96,-259.1,0,0,39,42.69,0.11,0,0,280.94,0.54,1476.85,1108.65,503.9,21.43,2.36,0,0,1.87,1.43,0.01,0,7.35,-129
2025-12-25T16:15:00Z,-11.93,-282.63,0,0,40,42.69,0.11,0,0,313.8,0.56,1451.54,1090.49,498.75,21.25,2.39,0,0,1.92,1.43,0.01,0,7.47,-124.67
2025-12-25T16:20:00Z,-1.19,-271.24,0,0,44,42.69,0.11,0,6.08,323.46,1.52,1426.23,1105.24,493.99,21.07,2.3,0,0,2.11,1.43,0.01,0,9.5,-91.7
2025-12-25T16:25:00Z,-34.39,-221.66,0,0,43,42.02,0.11,0,0.53,341.76,3.28,1400.93,1009.96,490.19,20.88,1.79,0,0,2.06,1.41,0.01,0,12.85,-68.71
2025-12-25T16:30:00Z,-32.52,-309.19,0,0,44,42.02,0.11,0,3.2,445.93,3.26,1375.62,981.52,491.12,20.7,2.02,0,0,2.11,1.41,0.01,0,11.46,-81.28
2025-12-25T16:35:00Z,-138.52,-232.19,0,0,41,42.69,0.1,0,0.34,497.1,1.76,1339.49,975.64,486.23,20.65,1.36,0,0,1.97,1.43,0.01,0,15.84,-74.05
2025-12-25T16:40:00Z,-135.9,-232.7,0,0,42,42.69,0.11,0,0,501.58,3.42,1303.36,961.95,475.69,20.6,1.36,0,0,2.02,1.43,0.01,0,16.45,-89
2025-12-25T16:45:00Z,-131.49,-159.35,0,0,41,42.69,0.11,0,0,467.09,0.94,1267.23,1003.93,479.25,20.55,0.98,0,0,1.97,1.43,0.01,0,19.01,-56.91
2025-12-25T16:50:00Z,-133.13,-194.8,0,0,41,42.69,0.11,0,0.2,525.94,2.88,1231.1,943.9,469.33,20.5,1.08,0,0,1.97,1.43,0.01,0,18.38,-58.72
2025-12-25T16:55:00Z,-148.72,-203.19,0,0,42,42.02,0.11,0,0.34,578.62,4.94,1194.97,937.8,457.76,20.45,1.04,0,0,2.02,1.41,0.01,0,18.95,-58.19
2025-12-25T17:00:00Z,-155.5,-180.38,0,0,41,42.69,0.1,0,0.02,591.86,2.83,1158.84,930.85,461.26,20.4,0.9,0,0,1.97,1.43,0.01,0,19.97,-58.22
2025-12-25T17:05:00Z,-183.25,-123.22,0,0,40,42.02,0.11,0,0,594.39,2.51,1123.39,966.98,446.49,20.3,0.6,0,0,1.92,1.41,0.01,0,21.88,-57.95
2025-12-25T17:10:00Z,-169.72,-100.5,0,0,40,42.69,0.11,0,0.01,604.02,3.93,1087.95,980.76,441.18,20.2,0.49,0,0,1.92,1.43,0.01,0,22.81,-58.63
2025-12-25T17:15:00Z,-108.62,-125.63,0,0,41,42.69,0.11,0,7.88,596.53,2.66,1052.51,985.06,443.75,20.1,0.62,0,0,1.97,1.43,0.01,0,22.14,-59.01
2025-12-25T17:20:00Z,-90.58,-151.73,0,0,43,42.02,0.11,0,26.16,607.62,3.14,1017.06,988.64,436.81,20,0.73,0,0,2.06,1.41,0.01,0,22.02,-59.3
2025-12-25T17:25:00Z,-89.69,-148.55,0,0,45,42.02,0.11,0,44.17,621.66,5.67,981.62,933.28,431.38,19.9,0.7,0,0,2.16,1.41,0.01,0,22.96,-56.83
2025-12-25T17:30:00Z,-89.89,-82.33,0,0,44,42.69,0.11,0,24.77,626.16,4.65,946.18,1035.96,424.48,19.8,0.39,0,0,2.11,1.43,0.01,0,24.96,-55.4
2025-12-25T17:35:00Z,-99.07,-65.61,0,0,43,42.02,0.11,0,21.09,636.91,4.56,907.95,968.15,416.63,19.75,0.31,0,0,2.06,1.41,0.01,0,25.53,-54.88
2025-12-25T17:40:00Z,-99.89,0,3.93,0,43,42.02,0.11,0,6.59,606.82,5.78,869.72,1024.03,407.02,19.7,0,0.24,0,2.06,1.41,0.01,0,30.31,-56.24
2025-12-25T17:45:00Z,-125.58,0,56.59,0,40,42.02,0.11,0,0.07,622.06,3.67,831.48,1044.25,391.47,19.65,0,3.29,0,1.92,1.41,0.01,0,58.56,-53.7
2025-12-25T17:50:00Z,-111.82,0,99.55,0,40,42.69,0.11,0,0,612.02,3.36,793.25,968.36,388.03,19.6,0,5.7,0,1.92,1.43,0.01,0,84.85,-23.1
2025-12-25T17:55:00Z,-29.33,0,51.37,0,42,42.69,0.11,0,0.15,633.46,6.78,755.02,990.02,367.58,19.55,0,2.76,0,2.02,1.43,0.01,0,53.3,-20
2025-12-25T18:00:00Z,-93.93,0,47.38,-0.1,44,42.69,0.1,0,6.24,716.36,7.32,716.79,898.65,353.44,19.5,0,2.61,0,2.11,1.43,0.01,0,53.04,-21
2025-12-25T18:05:00Z,-7.5,0,27.24,-0.1,41,42.69,0.11,0,26.52,691.09,6.73,678.06,924.44,331.65,19.37,0,1.37,0,1.97,1.43,0.01,0,39.46,-19.88
2025-12-25T18:10:00Z,-86.25,0,90.68,0,42,2.42,0.11,0,4.12,774.68,7.36,639.33,854.04,343.28,19.23,0,4.84,0,2.02,0.08,0.01,0,64.42,-20
2025-12-25T18:15:00Z,0,0,119.53,0,43,0,0.11,0,7.3,694.45,6.86,600.59,970.84,293.38,19.1,0,5.92,0,2.06,0,0.01,0,77.75,-89
2025-12-25T18:20:00Z,-17.84,0,305.41,0,40,0,0.11,0,0,573.06,1.72,561.86,1118.59,281.02,18.97,0,15.18,0,1.92,0,0.01,0,240.55,-20
2025-12-25T18:25:00Z,-5.77,0,199.68,0,43,0,0.11,0,6.83,674.9,6.81,523.13,918.98,276.64,18.83,0,9.79,0,2.06,0,0.01,0,135.58,-13.61
2025-12-25T18:30:00Z,-2.12,0,65.42,0,43,0,0.11,0,2.15,826.17,21.36,484.39,801.38,211.03,18.7,0,3.18,0,2.06,0,0.01,0,48.13,-9.43
2025-12-25T18:35:00Z,-0.04,0,92.9,0,41,0,0.11,0,4.08,831.02,23.47,450.44,811.52,189.79,18.55,0,4.35,0,1.97,0,0.01,0,60.36,-18.92
2025-12-25T18:40:00Z,-0.02,0,31.86,0,44,0,0.11,0,30.78,837.87,67.43,416.48,707.16,128.53,18.4,0,1.62,0,2.11,0,0.01,0,32.9,-10.25
2025-12-25T18:45:00Z,-2.15,-152.54,0,0,41,0,0.11,0,23.93,1093.07,73.7,382.52,659.76,123.13,18.25,0.24,0,0,1.97,0,0.01,0,14.22,-18.87
2025-12-25T18:50:00Z,-0.14,-141.96,0,0,42,0,0.1,0,35.17,1109.59,58.9,348.56,639.94,96.53,18.1,0.23,0,0,2.02,0,0.01,0,14.8,-10.03
2025-12-25T18:55:00Z,-0.2,-123.13,0,0,40,0,0.11,0,28.17,1120.48,57.91,314.6,647.94,78.77,17.95,0.19,0,0,1.92,0,0.01,0,14.49,-10.95
2025-12-25T19:00:00Z,-0.1,-135.97,0,0,43,0,0.11,0,41.64,1143.92,55.19,280.64,627.95,64.73,17.8,0.22,0,0,2.06,0,0.01,0,15.55,-7.24
2025-12-25T19:05:00Z,-0.04,-171.41,0,0,42,0,0.11,0,46.6,1189.85,51.26,254.11,521.78,71.34,17.58,0.26,0,0,2.02,0,0.01,0,14.97,-18.58
2025-12-25T19:10:00Z,-3.02,-167.63,0,0,43,0,0.1,0,40.08,1207.24,67.33,227.58,622.84,24.49,17.37,0.26,0,0,2.06,0,0.01,0,15.39,-11.43
2025-12-25T19:15:00Z,-8.13,-121.22,0,0,40,0,0.11,0,26.03,1214.06,58.36,201.05,609.88,16.82,17.15,0.17,0,0,1.92,0,0.01,0,14.91,-13.58
2025-12-25T19:20:00Z,-0.21,-106.57,0,0,41,0,0.11,0,27.78,1222.28,41.95,174.52,592.21,12.97,16.93,0.16,0,0,1.97,0,0.01,0,15.56,-8
2025-12-25T19:25:00Z,-0.36,-116.3,0,-0.1,41,0,0.1,0,30.45,1271.89,38.45,147.99,568.91,8.94,16.72,0.17,0,0,1.97,0,0.01,0,15.35,-7.21
2025-12-25T19:30:00Z,-0.04,-123.16,0,0,42,0,0.11,0,41.3,1278.9,30.96,121.46,449.02,7.62,16.5,0.18,0,0,2.02,0,0.01,0,15.9,-7.01
2025-12-25T19:35:00Z,-4.11,-184.76,0,0,40,0,0.11,0,9.08,1404.28,18.71,104.56,434.5,5.01,16.35,0.24,0,0,1.92,0,0.01,0,14.56,-7.07
2025-12-25T19:40:00Z,-0.99,-149.71,0,-0.1,42,0,0.11,0,17.72,1367.26,13.04,87.65,423.14,3.66,16.2,0.21,0,0,2.02,0,0.01,0,15.79,-6.9
2025-12-25T19:45:00Z,-1.98,-379.45,0,-0.1,40,0,0.1,0,41.36,1601.45,12.37,70.75,240.23,0,16.05,0.43,0,0,1.92,0,0.01,0,12.96,-7
2025-12-25T19:50:00Z,-1.72,-290.31,0,-0.1,40,0,0.11,0,28.4,1535.21,5.71,53.85,259.12,0,15.9,0.35,0,0,1.92,0,0.01,0,13.82,-5.41
2025-12-25T19:55:00Z,-4.3,-321.95,0,0,40,0,0.11,0,6.56,1617.77,2.96,36.95,190.43,0,15.75,0.37,0,0,1.92,0,0.01,0,13.53,-6.92
2025-12-25T20:00:00Z,-4.72,-309.17,0,0,40,0,0.11,0,2.83,1620.69,1.04,20.04,183.97,0,15.6,0.36,0,0,1.92,0,0.01,0,13.73,-7.01
2025-12-25T20:05:00Z,-0.18,-211.49,0,0,40,0,0.11,0,7.47,1510.34,0.28,16.7,291.97,0,15.48,0.26,0,0,1.92,0,0.01,0,14.65,-7.01
2025-12-25T20:10:00Z,-0.15,-204.99,0,0,42,0,0.1,0,13.89,1480.09,0.05,13.36,276.55,0,15.37,0.27,0,0,2.02,0,0.01,0,15.64,-5.44
2025-12-25T20:15:00Z,-1.85,-283.16,0,0,40,0,0.11,0,8.27,1584.76,0.04,10.02,165.88,0,15.25,0.33,0,0,1.92,0,0.01,0,14.07,-6.96
2025-12-25T20:20:00Z,-2.15,-315.59,0,0,40,0,0.11,0,13.48,1622.79,0.04,6.68,165.54,0,15.13,0.36,0,0,1.92,0,0.01,0,13.74,-5.43
2025-12-25T20:25:00Z,-2.03,-289.13,0,0,40,0,0.11,0,7.17,1608.31,0.04,3.34,163.18,0,15.02,0.34,0,0,1.92,0,0.01,0,13.95,-6.9
2025-12-25T20:30:00Z,-0.67,-341.31,0,0,40,0,0.11,0,51.29,1629.08,0.04,0,162.29,0,14.9,0.38,0,0,1.92,0,0.01,0,13.44,-5.45
2025-12-25T20:35:00Z,-1.62,-339.21,0,0,40,0,0.11,0,57.81,1631.09,0.04,0,162.96,0,14.83,0.38,0,0,1.92,0,0.01,0,13.38,-7
2025-12-25T20:40:00Z,-0.48,-284.49,0,0,40,0,0.11,0,104.7,1551.33,0.04,0,249.91,0,14.77,0.32,0,0,1.92,0,0.01,0,13.63,-7.25
2025-12-25T20:45:00Z,-0.33,-219.5,0,-0.1,42,0,0.11,0,156.84,1420.86,0.04,0,357.67,0,14.7,0.27,0,0,2.02,0,0.01,0,14.99,-7.25
2025-12-25T20:50:00Z,-0.41,-188.82,0,-0.1,41,0,0.11,0,129.93,1422.59,0,0,374.22,0,14.63,0.23,0,0,1.97,0,0.01,0,14.87,-7.01
2025-12-25T20:55:00Z,-0.18,-268.09,0,-0.1,43,0,0.11,0,174.81,1470.02,0,0,340.03,0,14.57,0.33,0,0,2.06,0,0.01,0,14.72,-7.01
2025-12-25T21:00:00Z,-0.31,-223.32,0,-0.1,41,0,0.11,0,110.7,1486.2,0,0,338.83,0,14.5,0.27,0,0,1.97,0,0.01,0,14.47,-7.01
2025-12-25T21:05:00Z,-1.61,-262.37,0,-0.1,40,0,0.11,0,97.19,1535.59,0,0,292.93,0,14.43,0.3,0,0,1.92,0,0.01,0,13.83,-7.14
2025-12-25T21:10:00Z,-0.17,-246.05,0,-0.1,42,0,0.11,0,134.53,1477.63,0,0,342.05,0,14.37,0.3,0,0,2.02,0,0.01,0,14.67,-7.15
2025-12-25T21:15:00Z,-0.33,-255.53,0,0,41,0,0.11,0,124.33,1480.02,0,0,348.44,0,14.3,0.31,0,0,1.97,0,0.01,0,14.4,-7.28
2025-12-25T21:20:00Z,-0.61,-151.85,0,0,40,0,0.1,0,129.59,1365.26,0,0,460.93,0,14.23,0.19,0,0,1.92,0,0.01,0,15.06,-7.39
2025-12-25T21:25:00Z,-0.59,-198.83,0,0,41,0,0.11,0,171.54,1363.89,0,0,469.44,0,14.17,0.25,0,0,1.97,0,0.01,0,15.03,-8.13
2025-12-25T21:30:00Z,-0.29,-119.32,0,0,41,0,0.11,0,146.71,1299.47,0,0,511.67,0,14.1,0.16,0,0,1.97,0,0.01,0,15.93,-8.12
2025-12-25T21:35:00Z,-0.17,-122.78,0,0,42,0,0.11,0,165.32,1279.35,0,0,486.96,0,14.08,0.17,0,0,2.02,0,0.01,0,16.32,-8.16
2025-12-25T21:40:00Z,-0.17,-94.88,0,0,42,0,0.11,0,137.54,1274.36,0,0,496.32,0,14.07,0.13,0,0,2.02,0,0.01,0,16.69,-8.16
2025-12-25T21:45:00Z,-0.26,-48.76,0,0,40,0,0.1,0,109.85,1261.35,0,0,494.89,0,14.05,0.07,0,0,1.92,0,0.01,0,16.38,-8.2
2025-12-25T21:50:00Z,-1.18,-34.92,0,0,40,0,0.11,0,107.81,1248.78,0,0,491.17,0,14.03,0.05,0,0,1.92,0,0.01,0,16.56,-8.17
2025-12-25T21:55:00Z,-0.19,-90.16,0,0,43,0,0.11,0,166.02,1249.84,0,0,480.97,0,14.02,0.13,0,0,2.06,0,0.01,0,17.03,-8
2025-12-25T22:00:00Z,-0.36,-56.59,0,0,40,0,0.11,0,145.88,1239.39,0,0,487.08,0,14,0.08,0,0,1.92,0,0.01,0,16.22,-7.98
2025-12-25T22:05:00Z,-0.52,-42.65,0,-0.1,40,0,0.11,0,112.53,1255.28,0,0,455.1,0,13.97,0.06,0,0,1.92,0,0.01,0,16.43,-7.01
2025-12-25T22:10:00Z,-0.22,-144.34,0,-0.1,40,0,0.11,0,122.95,1328.36,0,0,347.05,0,13.93,0.19,0,0,1.92,0,0.01,0,15.5,-7.01
2025-12-25T22:15:00Z,-0.22,-201.42,0,-0.2,42,0,0.1,0,134.18,1382.88,0,0,358.88,0,13.9,0.26,0,0,2.02,0,0.01,0,15.57,-7.01
2025-12-25T22:20:00Z,-0.36,-260.74,0,-0.1,40,0,0.11,0,159.71,1395.68,0,0,305.16,0,13.87,0.31,0,0,1.92,0,0.01,0,14.49,-7.08
2025-12-25T22:25:00Z,-0.22,-264.78,0,-0.1,40,0,0.11,0,144.02,1427.79,0,0,334.64,0,13.83,0.32,0,0,1.92,0,0.01,0,14.34,-7.36
2025-12-25T22:30:00Z,-0.3,-164.44,0,-0.1,40,0,0.11,0,135.6,1332.52,0,0,420.83,0,13.8,0.21,0,0,1.92,0,0.01,0,15.33,-7.36
2025-12-25T22:35:00Z,-0.6,-157.46,0,-0.1,40,0,0.11,0,105.04,1338.51,0,0,396.27,0,13.77,0.2,0,0,1.92,0,0.01,0,15.59,-7.28
2025-12-25T22:40:00Z,-0.43,-163.65,0,-0.1,40,0,0.1,0,106.65,1342.54,0,0,383.96,0,13.73,0.21,0,0,1.92,0,0.01,0,15.52,-7.9
2025-12-25T22:45:00Z,-0.18,-183.83,0,-0.1,40,0,0.11,0,133.07,1332.19,0,0,385.35,0,13.7,0.24,0,0,1.92,0,0.01,0,15.36,-7.25
2025-12-25T22:50:00Z,-0.29,-200.85,0,-0.1,40,0,0.11,0,139.36,1343.86,0,0,359.35,0,13.67,0.25,0,0,1.92,0,0.01,0,15.18,-7.25
2025-12-25T22:55:00Z,-0.22,-230.14,0,0,42,0,0.1,0,148.7,1358.92,0,0,359.32,0,13.63,0.3,0,0,2.02,0,0.01,0,15.66,-7.25
2025-12-25T23:00:00Z,-0.47,-236.76,0,0,40,0,0.1,0,141.29,1367.96,0,0,326.89,0,13.6,0.29,0,0,1.92,0,0.01,0,14.92,-7.25
2025-12-25T23:05:00Z,-0.2,-283.86,0,0,40,0,0.11,0,148.12,1410.83,0,0,324.8,0,13.58,0.34,0,0,1.92,0,0.01,0,14.46,-7.25
2025-12-25T23:10:00Z,-0.48,-302.04,0,0,40,0,0.11,0,129.87,1436.83,0,0,300.52,0,13.57,0.36,0,0,1.92,0,0.01,0,14.39,-7.01
2025-12-25T23:15:00Z,-0.19,-424.64,0,0,42,0,0.11,0,154.69,1538.08,0,0,192.71,0,13.55,0.49,0,0,2.02,0,0.01,0,13.99,-7
2025-12-25T23:20:00Z,-0.02,-504.8,0,0,41,0,0.1,0,152.34,1635.49,0,0,80.39,0,13.53,0.54,0,0,1.97,0,0.01,0,12.95,-7
2025-12-25T23:25:00Z,-0.04,-489.88,0,0,40,0,0.11,0,124.55,1651.24,0,0,100.45,0,13.52,0.52,0,0,1.92,0,0.01,0,12.73,-7
2025-12-25T23:30:00Z,-0.04,-532.72,0,0,41,0,0.11,0,155.5,1658.89,0,0,98.13,0,13.5,0.57,0,0,1.97,0,0.01,0,12.77,-6.92
2025-12-25T23:35:00Z,-0.02,-537.28,0,0,41,0,0.11,0,166.75,1676.81,0,0,59.01,0,13.53,0.56,0,0,1.97,0,0.01,0,12.57,-5.03
2025-12-25T23:40:00Z,-0.02,-605.6,0,0,41,0,0.11,0,161.57,1777.91,0,0,2.61,0,13.57,0.6,0,0,1.97,0,0.01,0,11.96,-5.09
2025-12-25T23:45:00Z,-0.18,-576.94,0,-0.1,40,0,0.11,0,139.76,1770.75,0,0,0.06,0,13.6,0.57,0,0,1.92,0,0.01,0,11.85,-6.54
2025-12-25T23:50:00Z,-0.07,-548.87,0,0,40,0,0.11,0,124.41,1771.19,0,0,0.41,0,13.63,0.55,0,0,1.92,0,0.01,0,11.94,-6.48
2025-12-25T23:55:00Z,-0.05,-559.06,0,0,41,0,0.11,0,127.32,1765.91,0,0,1.95,0,13.67,0.57,0,0,1.97,0,0.01,0,12.25,-5.09
2025-12-26T00:00:00Z,-0.07,-526.07,0,0,40,0,0.11,0,111.48,1759.83,0,0,0.38,0,13.7,0.53,0,0,1.92,0,0.01,0,12.09,-2.43
2025-12-26T00:05:00Z,-0.44,-532.45,0,0,40,0,0.11,0,104.64,1752.57,0,0,2.95,0,13.72,0.54,0,0,1.92,0,0.01,0,12.19,-5.17
2025-12-26T00:10:00Z,-0.04,-517.47,0,0,42,0,0.1,0,133.15,1747.68,0,0,8.72,0,13.73,0.54,0,0,2.02,0,0.01,0,12.62,-6.62
2025-12-26T00:15:00Z,-0.01,-527.84,0,0,40,0,0.1,0,117.79,1757.25,0,0,13.76,0,13.75,0.53,0,0,1.92,0,0.01,0,12.07,-6.61
2025-12-26T00:20:00Z,-0.02,-515.73,0,0,41,0,0.11,0,105.08,1761.9,0,0,20.91,0,13.77,0.53,0,0,1.97,0,0.01,0,12.42,-7
2025-12-26T00:25:00Z,-0.01,-484.06,0,0,41,0,0.11,0,104.93,1729.24,0,0,70.31,0,13.78,0.51,0,0,1.97,0,0.01,0,12.63,-7
2025-12-26T00:30:00Z,-0.01,-451.29,0,0,39,0,0.11,0,100.48,1713.62,0,0,57.06,0,13.8,0.46,0,0,1.87,0,0.01,0,12.16,-7
2025-12-26T00:35:00Z,-0.02,-456.21,0,0,40,0,0.11,0,100.53,1707.13,0,0,54.84,0,13.75,0.48,0,0,1.92,0,0.01,0,12.51,-7
2025-12-26T00:40:00Z,-0.01,-435.5,0,0,42,0,0.11,0,126.36,1678,0,0,70.3,0,13.7,0.48,0,0,2.02,0,0.01,0,13.14,-2.46
2025-12-26T00:45:00Z,-0.03,-486.05,0,0,40,0,0.11,0,117.18,1738.89,0,0,6.54,0,13.65,0.49,0,0,1.92,0,0.01,0,12.19,-5.29
2025-12-26T00:50:00Z,-0.35,-485.01,0,-0.2,41,0,0.11,0,129.75,1727.3,0,0,6.53,0,13.6,0.5,0,0,1.97,0,0.01,0,12.49,-5.32
2025-12-26T00:55:00Z,-0.26,-478.78,0,-0.1,42,0,0.1,0,131.44,1725.65,0,0,2.38,0,13.55,0.51,0,0,2.02,0,0.01,0,12.78,-6.84
2025-12-26T01:00:00Z,-0.03,-443.58,0,-0.2,40,0,0.11,0,93.42,1707.15,0,0,0,0,13.5,0.46,0,0,1.92,0,0.01,0,12.56,-6.79
2025-12-26T01:05:00Z,0,-452.64,0,-0.2,42,0,0.11,0,117.44,1694.58,0,0,0,0,13.5,0.49,0,0,2.02,0,0.01,0,13.09,-6.76
2025-12-26T01:10:00Z,-0.01,-423.35,0,-0.2,40,0,0.11,0,86.62,1690.44,0,0,0,0,13.5,0.45,0,0,1.92,0,0.01,0,12.72,-7
2025-12-26T01:15:00Z,-0.17,-301.17,0,-0.2,40,0,0.11,0,81.23,1548.75,0,0,114.4,0,13.5,0.35,0,0,1.92,0,0.01,0,13.84,-7
2025-12-26T01:20:00Z,-0.35,-302.84,0,0,40,0,0.11,0,54.83,1579.4,0,0,47.78,0,13.5,0.35,0,0,1.92,0,0.01,0,13.81,-7.01
2025-12-26T01:25:00Z,-0.16,-290.85,0,0,40,0,0.11,0,86.12,1527.37,0,0,121.95,0,13.5,0.34,0,0,1.92,0,0.01,0,13.98,-7
2025-12-26T01:30:00Z,-0.11,-313.77,0,0,43,0,0.11,0,119.15,1521.39,0,0,77.22,0,13.5,0.39,0,0,2.06,0,0.01,0,14.76,-7
2025-12-26T01:35:00Z,-0.2,-335.05,0,0,40,0,0.1,0,94.75,1555.43,0,0,59.93,0,13.43,0.38,0,0,1.92,0,0.01,0,13.67,-7
2025-12-26T01:40:00Z,-0.18,-418.23,0,0,42,0,0.11,0,116.42,1622.32,0,0,3.69,0,13.37,0.47,0,0,2.02,0,0.01,0,13.63,-7
2025-12-26T01:45:00Z,-0.26,-388.72,0,0,40,0,0.11,0,87.61,1627.31,0,0,44.83,0,13.3,0.43,0,0,1.92,0,0.01,0,13.17,-7
2025-12-26T01:50:00Z,-0.5,-354.51,0,0,40,0,0.11,0,73.6,1590.86,0,0,73.62,0,13.23,0.4,0,0,1.92,0,0.01,0,13.57,-7
2025-12-26T01:55:00Z,-0.01,-347.19,0,0,40,0,0.11,0,79,1574.12,0,0,95.69,0,13.17,0.4,0,0,1.92,0,0.01,0,13.65,-7.01
2025-12-26T02:00:00Z,-0.01,-364.44,0,-0.1,41,0,0.11,0,92.15,1556.05,0,0,138.19,0,13.1,0.43,0,0,1.97,0,0.01,0,14.02,-7.25
2025-12-26T02:05:00Z,-0.01,-346.23,0,-0.1,41,0,0.11,0,104.75,1533.16,0,0,139.87,0,13.07,0.41,0,0,1.97,0,0.01,0,14.11,-7.01
2025-12-26T02:10:00Z,-0.25,-363.22,0,-0.1,40,0,0.11,0,79.74,1559.28,0,0,155.77,0,13.03,0.42,0,0,1.92,0,0.01,0,13.77,-7.01
2025-12-26T02:15:00Z,-0.14,-371.99,0,-0.1,40,0,0.11,0,75.58,1564.69,0,0,150.5,0,13,0.43,0,0,1.92,0,0.01,0,13.76,-7.01
2025-12-26T02:20:00Z,-0.01,-389.33,0,-0.1,40,0,0.11,0,79.55,1567.87,0,0,165.07,0,12.97,0.44,0,0,1.92,0,0.01,0,13.7,-7.01
2025-12-26T02:25:00Z,-0.01,-406.81,0,0,41,0,0.1,0,77.78,1580.66,0,0,137.18,0,12.93,0.47,0,0,1.97,0,0.01,0,13.94,-7
2025-12-26T02:30:00Z,-85.72,-399.02,0,-0.1,42,0,0.11,0,82.03,1645.76,0,0,56.72,0,12.9,0.46,0,0,2.02,0,0.01,0,14.63,-7
2025-12-26T02:35:00Z,-22.84,-400.72,0,-0.1,41,0,0.11,0,78.52,1606.5,0,0,102.73,0,12.87,0.46,0,0,1.97,0,0.01,0,13.97,-7
2025-12-26T02:40:00Z,-0.08,-419.57,0,-0.1,43,0,0.11,0,91.95,1586,0,0,123.12,0,12.83,0.5,0,0,2.06,0,0.01,0,14.44,-7.01
2025-12-26T02:45:00Z,-0.03,-387.24,0,-0.1,40,0,0.11,0,73.48,1565.82,0,0,115.95,0,12.8,0.44,0,0,1.92,0,0.01,0,13.77,-6.65
2025-12-26T02:50:00Z,-0.9,-481.74,0,0,41,0,0.11,0,73.03,1644.04,0,0,7.34,0,12.77,0.54,0,0,1.97,0,0.01,0,13.48,-5.35
2025-12-26T02:55:00Z,-32.27,-405.67,0,-0.1,40,0,0.11,0,7.35,1646.7,0,0,18.39,0,12.73,0.46,0,0,1.92,0,0.01,0,14,-2.53
2025-12-26T03:00:00Z,-90.15,-344.45,0,0,40,0,0.11,0,7.28,1652.32,0,0,11.24,0,12.7,0.39,0,0,1.92,0,0.01,0,14.57,-2.53
2025-12-26T03:05:00Z,-98.24,-367.47,0,0,40,0,0.11,0,0.32,1672.17,0,0,11.18,0,12.67,0.41,0,0,1.92,0,0.01,0,14.56,-7
2025-12-26T03:10:00Z,-0.41,-425.5,0,-0.1,40,0,0.11,0,5.83,1634.4,0,0,37.59,0,12.63,0.49,0,0,1.92,0,0.01,0,13.76,-7
2025-12-26T03:15:00Z,-0.06,-429.82,0,-0.1,42,0,0.11,0,20.94,1634.39,0,0,32.29,0,12.6,0.51,0,0,2.02,0,0.01,0,14.3,-7
2025-12-26T03:20:00Z,-0.17,-409.11,0,-0.1,40,0,0.11,0,29.25,1594.29,0,0,44.75,0,12.57,0.47,0,0,1.92,0,0.01,0,13.9,-6.73
2025-12-26T03:25:00Z,-0.49,-435.22,0,-0.1,40,0,0.11,0,11.59,1642.58,0,0,2.41,0,12.53,0.49,0,0,1.92,0,0.01,0,13.65,-6.8
2025-12-26T03:30:00Z,-0.6,-449.24,0,-0.1,40,0,0.11,0,5.38,1642.97,0,0,9.04,0,12.5,0.51,0,0,1.92,0,0.01,0,13.7,-6.6
2025-12-26T03:35:00Z,-0.88,-464.03,0,0,40,0,0.11,0,5.1,1656.85,0,0,6.69,0,12.48,0.53,0,0,1.92,0,0.01,0,13.59,-6.63
2025-12-26T03:40:00Z,-2.51,-448.71,0,0,40,0,0.11,0,38.32,1624.16,0,0,5.29,0,12.47,0.51,0,0,1.92,0,0.01,0,13.6,-6.7
2025-12-26T03:45:00Z,-0.47,-471.88,0,-0.1,40,0,0.11,0,39.97,1627.16,0,0,7.56,0,12.45,0.53,0,0,1.92,0,0.01,0,13.55,-7
2025-12-26T03:50:00Z,-1.43,-399.32,0,-0.1,40,0,0.11,0,39.48,1568.2,0,0,44.96,0,12.43,0.47,0,0,1.92,0,0.01,0,14.04,-7
2025-12-26T03:55:00Z,-0.66,-360.96,0,-0.1,40,0,0.11,0,40.37,1512.55,0,0,61.83,0,12.42,0.44,0,0,1.92,0,0.01,0,14.52,-7
2025-12-26T04:00:00Z,-0.89,-309.61,0,-0.1,40,0,0.11,0,39.96,1466.82,0,0,91.84,0,12.4,0.39,0,0,1.92,0,0.01,0,14.95,-7
2025-12-26T04:05:00Z,-0.52,-311.67,0,-0.1,40,0,0.11,0,51.36,1457.99,0,0,107.77,0,12.38,0.39,0,0,1.92,0,0.01,0,14.92,-7
2025-12-26T04:10:00Z,-0.07,-329.56,0,-0.1,41,0,0.1,0,11.78,1514.37,0,0,40.33,0,12.37,0.41,0,0,1.97,0,0.01,0,15.12,-6.86
2025-12-26T04:15:00Z,-0.04,-375.77,0,-0.1,41,0,0.11,0,6.49,1556.36,0,0,14.42,0,12.35,0.46,0,0,1.97,0,0.01,0,14.77,-7
2025-12-26T04:20:00Z,-0.45,-329.37,0,-0.1,41,0,0.11,0,13.39,1522.13,0,0,42.74,0,12.33,0.41,0,0,1.97,0,0.01,0,15.03,-7
2025-12-26T04:25:00Z,-0.44,-383.7,0,-0.1,41,0,0.11,0,36.34,1531.04,0,0,48.6,0,12.32,0.47,0,0,1.97,0,0.01,0,14.74,-7
2025-12-26T04:30:00Z,-0.21,-380.21,0,-0.1,43,0,0.11,0,30,1539.94,0,0,63.08,0,12.3,0.49,0,0,2.06,0,0.01,0,15.4,-6.82
2025-12-26T04:35:00Z,-0.11,-398.55,0,-0.1,41,0,0.11,0,26.47,1564.93,0,0,80.2,0,12.12,0.48,0,0,1.97,0,0.01,0,14.51,-5.31
2025-12-26T04:40:00Z,-0.1,-387.85,0,-0.1,41,0,0.11,0,24.56,1553.65,0,0,80.09,0,11.93,0.47,0,0,1.97,0,0.01,0,14.63,-2.49
2025-12-26T04:45:00Z,-4.62,-381.25,0,-0.2,41,0,0.11,0,18.77,1555.97,0,0,92.1,0,11.75,0.47,0,0,1.97,0,0.01,0,14.72,-7
2025-12-26T04:50:00Z,-3.5,-443.98,0,-0.2,40,0,0.11,0,43.27,1594.78,0,0,49.13,0,11.57,0.51,0,0,1.92,0,0.01,0,13.82,-6.75
2025-12-26T04:55:00Z,-3.4,-432.84,0,-0.1,43,0,0.11,0,28.49,1612.35,0,0,35.13,0,11.38,0.53,0,0,2.06,0,0.01,0,14.79,-7
2025-12-26T05:00:00Z,-2.46,-371.73,0,-0.1,42,0,0.11,0,55.63,1521.14,0,0,98.61,0,11.2,0.46,0,0,2.02,0,0.01,0,15.02,-7
2025-12-26T05:05:00Z,-1.7,-378.44,0,-0.1,42,0,0.11,0,20.72,1551.65,0,0,51.23,0,11.28,0.47,0,0,2.02,0,0.01,0,15.05,-6.82
2025-12-26T05:10:00Z,0,-390.09,0,0,43,0,0.11,0,17.02,1568.5,0,0,31.61,0,11.37,0.5,0,0,2.06,0,0.01,0,15.25,-6.85
2025-12-26T05:15:00Z,0,-382.84,0,-0.1,43,0,0.1,0,20.33,1557.53,0,0,31.52,0,11.45,0.49,0,0,2.06,0,0.01,0,15.32,-6.84
2025-12-26T05:20:00Z,-0.01,-382.94,0,0,42,0,0.11,0,23.9,1554.08,0,0,15.13,0,11.53,0.48,0,0,2.02,0,0.01,0,14.98,-7
2025-12-26T05:25:00Z,0,-400.19,0,-0.1,43,0,0.11,0,39.43,1540.4,0,0,23.55,0,11.62,0.51,0,0,2.06,0,0.01,0,15.31,-6.81
2025-12-26T05:30:00Z,0,-405.25,0,0,43,0,0.11,0,33.93,1536.56,0,0,14.96,0,11.7,0.52,0,0,2.06,0,0.01,0,15.4,-6.8
2025-12-26T05:35:00Z,-0.58,-385.32,0,0,41,0,0.11,0,26.46,1522.2,0.04,2.51,14.87,0,11.73,0.48,0,0,1.97,0,0.01,0,14.88,-6.76
2025-12-26T05:40:00Z,0,-400.53,0,0,43,0,0.11,0,66.98,1511.21,0.52,5.01,32.85,0,11.77,0.51,0,0,2.06,0,0.01,0,15.25,-5.19
2025-12-26T05:45:00Z,-0.1,-366.51,0,-0.1,41,0,0.11,0,39.81,1495.61,0.65,7.52,31.97,0,11.8,0.46,0,0,1.97,0,0.01,0,14.93,-6.57
2025-12-26T05:50:00Z,0,-378.18,0,-0.1,43,0,0.11,0,68.52,1469.61,3.12,10.03,44.69,0.08,11.83,0.49,0,0,2.06,0,0.01,0,15.55,-6.47
2025-12-26T05:55:00Z,-0.1,-356.95,0,-0.1,42,0,0.11,0,64.3,1454.07,6.84,12.54,65.52,0,11.87,0.46,0,0,2.02,0,0.01,0,15.33,-7.25
2025-12-26T06:00:00Z,-0.2,-160.22,0,-0.1,41,0,0.11,0,45.14,1246.13,8.92,15.04,263.59,7.43,11.9,0.24,0,0,1.97,0,0.01,0,17.44,-7.25
2025-12-26T06:05:00Z,0,-155.27,0,0,43,0,0.11,0,52.87,1246.46,6.56,27.98,226.58,11.32,12.03,0.24,0,0,2.06,0,0.01,0,17.99,-10.38
2025-12-26T06:10:00Z,0,-78.14,0,0,44,0,0.11,0,108.45,1091.56,13.38,40.91,394.37,15.32,12.17,0.13,0,0,2.11,0,0.01,0,19.54,-8.5
2025-12-26T06:15:00Z,0,-63.09,0,0,42,0,0.11,0,62.96,1113.99,18.3,53.84,365.21,14.2,12.3,0.1,0,0,2.02,0,0.01,0,18.75,-14.6
2025-12-26T06:20:00Z,-1.39,-65.69,0,0,41,0,0.11,0,55.24,1106.32,22.12,66.77,402.64,30.53,12.43,0.11,0,0,1.97,0,0.01,0,18.31,-15.08
2025-12-26T06:25:00Z,-0.01,-69.51,0,0,42,0,0.1,0,48.99,1128.11,16.91,79.69,383.68,58.55,12.57,0.11,0,0,2.02,0,0.01,0,18.37,-13.05
2025-12-26T06:30:00Z,0,-73.27,0,0,43,0,0.11,0,34.64,1133.92,11.57,92.63,358.84,83.97,12.7,0.12,0,0,2.06,0,0.01,0,18.79,-19.49
2025-12-26T06:35:00Z,-3.59,-2.8,0,0,40,0,0.11,0,3.06,1110.72,3.42,115.31,394.48,91.56,12.88,0,0,0,1.92,0,0.01,0,18.21,-20
2025-12-26T06:40:00Z,-2.99,0,120.39,0,41,0,0.11,0,3.45,979.02,3.67,137.99,490.87,107.13,13.07,0,7.2,0,1.97,0,0.01,0,105.62,-32.55
2025-12-26T06:45:00Z,-0.01,0,116.1,-0.1,41,0,0.11,0,38.81,917.87,5.95,160.67,541.93,122.15,13.25,0,6.94,0,1.97,0,0.01,0,102.09,-15.08
2025-12-26T06:50:00Z,-0.02,0,238.68,0,42,0,0.11,0,13.52,811.74,15.88,183.35,621.79,132.4,13.43,0,14.12,0,2.02,0,0.01,0,233.99,-8.5
2025-12-26T06:55:00Z,-2.39,0,226.41,0,40,0,0.11,0,3.37,794.26,26.99,206.03,622.15,141.65,13.62,0,13.41,0,1.92,0,0.01,0,218.56,-8.5
2025-12-26T07:00:00Z,-14.15,0,170.24,0,40,0,0.1,0,0.05,825.97,33.41,228.72,597.46,145.47,13.8,0,10.26,0,1.92,0,0.01,0,154.92,-8.5
2025-12-26T07:05:00Z,-75.86,0,212.29,0,41,0,0.11,0,5.44,835.69,32.72,263.76,652.04,164.66,13.92,0,12.6,0,1.97,0,0.01,0,196.33,-8.5
2025-12-26T07:10:00Z,-48.39,0,97.04,-0.1,42,0,0.11,0,25.46,849.02,41.58,298.81,590.82,177.22,14.03,0,5.53,0,2.02,0,0.01,0,81.49,-20
2025-12-26T07:15:00Z,-113.37,0,253.73,-0.1,44,0,0.11,0,43.56,754.82,10.5,333.86,697.73,250.73,14.15,0,14.31,0,2.11,0,0.01,0,240.53,-19.5
2025-12-26T07:20:00Z,-109.77,0,199.87,-0.1,40,0,0.11,0,21.41,813.3,6.75,368.91,627.24,274.3,14.27,0,10.9,0,1.92,0,0.01,0,163.61,-20
2025-12-26T07:25:00Z,-107.27,0,268.71,-0.1,40,0,0.11,0,0.54,721.29,6.28,403.95,704.84,269.95,14.38,0,14.16,0,1.92,0,0.01,0,242.52,-20
2025-12-26T07:30:00Z,-101.09,0,240.14,-0.1,42,0,0.11,0,13.35,705.04,9.24,439,719.07,308.11,14.5,0,12.95,0,2.02,0,0.01,0,207.18,-68.71
2025-12-26T07:35:00Z,-35.58,0,170.64,-0.1,41,0,0.1,0,21.26,689.11,4,477.49,833.4,335.24,14.67,0,9.05,0,1.97,0,0.01,0,128.89,-21
2025-12-26T07:40:00Z,-104.59,0,243.43,-0.1,40,6,0.11,0,3.23,699.2,7.36,515.98,790.55,329.5,14.83,0,12.79,0,1.92,0.2,0.01,0,193.78,-68.71
2025-12-26T07:45:00Z,-103.25,0,186.96,-0.1,40,5.78,0.11,0,16.47,712.34,6.18,554.47,832.91,389.6,15,0,9.68,0,1.92,0.19,0.01,0,135.54,-68.71
2025-12-26T07:50:00Z,-120.04,0,132.4,0,42,37.99,0.11,0,24.09,722.55,3.77,592.96,878.43,375.29,15.17,0,6.93,0,2.02,1.27,0.01,0,104.8,-68.71
2025-12-26T07:55:00Z,-149.68,0,212.85,0,41,42.69,0.11,0,7.94,678.72,2.71,631.45,930.11,411.7,15.33,0,10.93,0,1.97,1.43,0.01,0,165.01,-89
2025-12-26T08:00:00Z,-160.61,0,191.09,0,42,72.89,0.11,0,29.63,616.43,2.04,669.94,973.33,415.45,15.5,0,9.86,0,2.02,2.44,0.01,0,158.97,-89
2025-12-26T08:05:00Z,-141.38,0,232.59,0,42,73.56,0.11,0,24.02,534.75,3.6,710.14,975.75,421.41,15.6,0,11.88,0,2.02,2.46,0.01,0,193.62,-89
2025-12-26T08:10:00Z,-7.57,0,147.83,-0.1,42,73.56,0.11,0,41.34,455.98,1.19,750.34,1026.12,417.36,15.7,0,7.55,0,2.02,2.46,0.01,0,119.41,-151.86
2025-12-26T08:15:00Z,-118.42,0,302.27,-0.1,40,73.56,0.11,0,29.41,396.06,0.55,790.54,1084.85,421.35,15.8,0,14.94,0,1.92,2.46,0.01,0,255.04,-155.84
2025-12-26T08:20:00Z,-34.57,0,263.96,-0.1,40,73.56,0.1,0,23.36,343.83,3.86,830.74,1081.99,425.67,15.9,0,13.59,0,1.92,2.46,0.01,0,212.22,-155.84
2025-12-26T08:25:00Z,-68.85,0,264.28,-0.2,40,99.73,0.11,0,1.74,341.4,1.17,870.93,1058.18,433.32,16,0,13.49,0,1.92,3.34,0.01,0,220.22,-68.71
2025-12-26T08:30:00Z,-18.63,-0.63,0,-0.1,41,157.45,0.11,0,12.51,412.17,2.18,911.13,864.27,433.49,16.1,0.01,0,0,1.97,5.27,0.01,0,57.25,-100
2025-12-26T08:35:00Z,-32.4,0,52.86,-0.1,40,165.5,0.11,0,1.68,342.48,1.03,951.56,1066.02,451.64,16.18,0,2.96,0,1.92,5.54,0.01,0,88.3,-200
2025-12-26T08:40:00Z,-184.48,0,226.88,-0.1,40,166.84,0.11,0,0.71,307.35,4.16,991.99,1063.04,454.77,16.27,0,12.61,0,1.92,5.59,0.01,0,219.62,-129
2025-12-26T08:45:00Z,-33.55,0,25.84,-0.1,40,166.17,0.11,0,10.15,286.09,1.17,1032.41,1041.38,451.38,16.35,0,1.47,0,1.92,5.56,0.01,0,72.82,-89
2025-12-26T08:50:00Z,-111.15,-5.04,0,0,40,166.17,0.11,0,38.7,331.53,0.72,1072.84,942.17,454.52,16.43,0.07,0,0,1.92,5.56,0.01,0,58.09,-200
2025-12-26T08:55:00Z,-43.33,0,53.88,-0.1,41,168.18,0.11,0,3.41,219.62,4.29,1113.27,1109.03,457.91,16.52,0,3.25,0,1.97,5.63,0.01,0,89.66,-190.01
2025-12-26T09:00:00Z,-26.42,-114.62,0,0,44,172.88,0.11,0,64.3,277.22,2.81,1153.7,1099.69,475.25,16.6,1.61,0,0,2.11,5.79,0.01,0,47.97,-190.01
2025-12-26T09:05:00Z,-37.53,-58.94,0,0,43,170.2,0.11,0,41.54,247.65,1.18,1191.5,1046.23,477,16.73,0.91,0,0,2.06,5.7,0.01,0,51.49,-190.01
2025-12-26T09:10:00Z,-85.48,-58.06,0,0,44,172.88,0.11,0,25.42,258.75,6.78,1229.3,1064.7,471.2,16.87,0.9,0,0,2.11,5.79,0.01,0,52.73,-200
2025-12-26T09:15:00Z,-94.12,-15.66,0,0,41,170.2,0.11,0,12.35,212.83,1.94,1267.1,1084.79,479.38,17,0.27,0,0,1.97,5.7,0.01,0,55.64,-265.53
2025-12-26T09:20:00Z,-130.7,0,69.68,0,40,166.84,0.11,0,4.81,182.79,0.54,1304.91,1079.91,480.69,17.13,0,4.29,0,1.92,5.59,0.01,0,94.45,-264.48
2025-12-26T09:25:00Z,-96.49,0,2.07,0,41,169.53,0.11,0,9.62,180.22,4.52,1342.71,1067.21,483.38,17.27,0,0.13,0,1.97,5.68,0.01,0,56.61,-264.98
2025-12-26T09:30:00Z,-127.46,0,13.81,0,40,166.84,0.11,0,1.52,174.37,1.27,1380.51,1097.95,499.7,17.4,0,0.86,0,1.92,5.59,0.01,0,61.87,-265.05
2025-12-26T09:35:00Z,-129.59,-7.31,0,0,40,166.84,0.11,0,0.06,167.48,0.66,1410.69,1079.89,492.51,17.68,0.15,0,0,1.92,5.59,0.01,0,53.61,-266.8
2025-12-26T09:40:00Z,-103.34,-48.24,0,0,44,171.54,0.11,0,9.9,151.92,5.27,1440.88,1041.27,503.04,17.97,0.99,0,0,2.11,5.74,0.01,0,49.31,-266.35
2025-12-26T09:45:00Z,-70.92,-104.28,0,-0.1,42,170.2,0.11,0,22.69,144.03,1.37,1471.06,1044.65,511.75,18.25,2.12,0,0,2.02,5.7,0.01,0,40.12,-269.97
2025-12-26T09:50:00Z,-125.06,-58.88,0,-0.1,40,165.5,0.11,0,0.07,150.81,0.54,1501.25,1016.03,511.27,18.53,1.23,0,0,1.92,5.54,0.01,0,44.7,-270.25
2025-12-26T09:55:00Z,-89.65,-92.1,0,-0.1,40,137.98,0.11,0,17.91,143.65,4.51,1531.43,1016.81,506.28,18.82,1.75,0,0,1.92,4.62,0.01,0,33.97,-271.9
2025-12-26T10:00:00Z,-47.83,-105.51,0,-0.1,40,78.93,0.11,0,1.21,153.98,1.19,1561.62,972.89,513.18,19.1,1.75,0,0,1.92,2.64,0.01,0,20.09,-270.46
2025-12-26T10:05:00Z,-69.58,-50.37,0,-0.1,43,44.03,0.11,0,5.29,141.75,1.05,1582.4,990.36,513.33,19.15,0.76,0,0,2.06,1.47,0.01,0,19.69,-270.33
2025-12-26T10:10:00Z,-29.88,-116.47,0,-0.1,42,43.36,0.11,0,12.92,145.18,5.42,1603.19,954.12,514.62,19.2,1.63,0,0,2.02,1.45,0.01,0,13.01,-273.76
2025-12-26T10:15:00Z,-19.79,-118.11,0,-0.1,41,43.36,0.11,0,11.85,140.11,1.42,1623.98,936,526.44,19.25,1.7,0,0,1.97,1.45,0.01,0,12.01,-271.24
2025-12-26T10:20:00Z,-22.6,-136.08,0,-0.1,42,43.36,0.11,0,10.49,129.96,0.67,1644.77,913.93,525.22,19.3,2.09,0,0,2.02,1.45,0.01,0,9.72,-100
2025-12-26T10:25:00Z,-109.86,-180.89,0,0,42,42.69,0.11,0,25.02,184.07,5.18,1665.56,761.68,524.86,19.35,2.09,0,0,2.02,1.43,0.01,0,9.78,-200
2025-12-26T10:30:00Z,-127.78,-149.9,0,0,40,42.69,0.11,0,21.45,157.97,1.09,1686.35,812.24,526.71,19.4,1.91,0,0,1.92,1.43,0.01,0,10.37,-268.74
2025-12-26T10:35:00Z,-29.76,-179.63,0,0,41,42.69,0.11,0,4.66,169.24,0.79,1694.24,859.17,525.25,19.47,2.37,0,0,1.97,1.43,0.01,0,7.15,-80
2025-12-26T10:40:00Z,-133.8,-297.87,0,-0.1,42,42.02,0.11,0,44.92,295.39,6.9,1702.12,705.78,525.84,19.53,2.37,0,0,2.02,1.41,0.01,0,7.48,-190.01
2025-12-26T10:45:00Z,-114.17,-279.67,0,0,42,42.69,0.11,0,59.42,223.6,4.03,1710.01,806.05,531.51,19.6,2.6,0,0,2.02,1.43,0.01,0,6.08,-129
2025-12-26T10:50:00Z,-112.88,-288.9,0,-0.1,41,42.69,0.11,0,57.15,229.29,2.08,1717.9,795.55,528.94,19.67,2.64,0,0,1.97,1.43,0.01,0,5.42,-299.67
2025-12-26T10:55:00Z,-13.19,-308.27,0,0,44,42.69,0.11,0,103.45,159.16,6.25,1725.79,802.37,528.33,19.73,3.07,0,0,2.11,1.43,0.01,0,3.22,-100
2025-12-26T11:00:00Z,-5.81,-352.46,0,0,40,42.02,0.11,0,26.4,205.07,1.28,1733.68,779.74,534.37,19.8,3.73,0,0,1.92,1.41,0.01,0,2.82,-190.01
2025-12-26T11:05:00Z,-44.4,-285.6,0,0,40,42.69,0.11,0,10.12,198.25,0.56,1737.64,761.3,529.56,20.07,3.29,0,0,1.92,1.43,0.01,0,0.5,-299.67
2025-12-26T11:10:00Z,-25.58,-277.74,0,0,41,42.69,0.11,0,20.7,180.5,6.47,1741.61,786.03,530.62,20.33,3.24,0,0,1.97,1.43,0.01,0,1.11,-299.67
2025-12-26T11:15:00Z,-37.86,-267.65,0,0,40,42.69,0.11,0,24.09,182.15,1.14,1745.58,796.33,535.04,20.6,3.1,0,0,1.92,1.43,0.01,0,1.81,-190.01
2025-12-26T11:20:00Z,-37.42,-365.03,0,-0.1,42,42.69,0.11,0,2.69,240.44,1.7,1749.54,798.31,532.4,20.87,3.82,0,0,2.02,1.43,0.01,0,2.65,-190.01
2025-12-26T11:25:00Z,-149.67,-309.81,0,-0.1,43,42.69,0.11,0,49.18,240.97,7.92,1753.51,732.79,529.9,21.13,2.82,0,0,2.06,1.43,0.01,0,4.83,-129
2025-12-26T11:30:00Z,-126.03,-349.82,0,-0.1,41,42.02,0.11,0,49.85,244.82,4.16,1757.48,786.31,535.97,21.4,3.1,0,0,1.97,1.41,0.01,0,2.05,-299.67
2025-12-26T11:35:00Z,-54.16,-301.67,0,0,40,42.02,0.11,0,30.8,182.48,3.04,1760.51,839.91,531.49,21.48,3.37,0,0,1.92,1.41,0.01,0,0.25,-280.21
2025-12-26T11:40:00Z,-198.22,-122.15,0,0,40,42.69,0.11,0,0,177.46,4.9,1763.54,863.27,532.41,21.57,1.55,0,0,1.92,1.43,0.01,0,12.71,-297.9
2025-12-26T11:45:00Z,-144.04,-168.9,0,0,40,42.69,0.11,0,0.01,162.52,1.35,1766.58,843.32,535.06,21.65,2.3,0,0,1.92,1.43,0.01,0,7.47,-129
2025-12-26T11:50:00Z,-130.07,-279.62,0,0,40,42.69,0.11,0,0,211.72,0.62,1769.61,810.16,532.33,21.73,3.18,0,0,1.92,1.43,0.01,0,1.28,-301.9
2025-12-26T11:55:00Z,-168.76,-189,0,0,44,42.69,0.11,0,28.93,154.58,6.83,1772.64,934.91,531.43,21.82,2.42,0,0,2.11,1.43,0.01,0,8,-277.92
2025-12-26T12:00:00Z,-62.53,-282.56,0,0,43,42.02,0.11,0,12.98,148.32,3.8,1775.67,972.26,537.57,21.9,3.93,0,0,2.06,1.41,0.01,0,3.21,-152.87
2025-12-26T12:05:00Z,-146.77,-317.21,0,0,40,42.02,0.11,0,31.9,197.21,0.53,1781.62,864.89,534.91,22.08,3.39,0,0,1.92,1.41,0.01,0,0.43,-308
2025-12-26T12:10:00Z,-301.67,-86.41,0,0,43,42.69,0.1,0,26.46,153.53,6.41,1787.56,889.19,533.88,22.27,1.11,0,0,2.06,1.43,0.01,0,17.14,-160.11
2025-12-26T12:15:00Z,-201.72,-250.32,0,0,40,42.02,0.11,0,23.85,180.29,1.42,1793.5,903.36,538.24,22.45,2.9,0,0,1.92,1.41,0.01,0,3.19,-200
2025-12-26T12:20:00Z,-134.59,-252.87,0,0,40,42.02,0.11,0,0,164.51,0.5,1799.45,931.12,535.61,22.63,3.41,0,0,1.92,1.41,0.01,0,0.56,-155.84
2025-12-26T12:25:00Z,-190.57,-273.85,0,0,42,42.02,0.11,0,0.14,219.26,5.26,1805.39,932.47,531.54,22.82,3.04,0,0,2.02,1.41,0.01,0,2.82,-200
2025-12-26T12:30:00Z,-216.44,-222.08,0,-0.1,42,42.69,0.11,0,21.74,164.82,2.77,1811.34,921.46,538.83,23,2.8,0,0,2.02,1.43,0.01,0,4.77,-200
2025-12-26T12:35:00Z,-215.74,-225.88,0,0,42,42.02,0.11,0,24.65,150.93,3,1814.92,966.61,535.85,23.03,2.95,0,0,2.02,1.41,0.01,0,3.53,-160.11
2025-12-26T12:40:00Z,-174.73,-358.03,0,-0.1,44,42.69,0.1,0,81.78,200.2,9.13,1818.5,914.79,534.95,23.07,3.36,0,0,2.11,1.43,0.01,0,1.35,-129
2025-12-26T12:45:00Z,-145.14,-352.73,0,0,40,42.69,0.11,0,17.55,229.41,1.14,1822.08,871.51,539.29,23.1,3.58,0,0,1.92,1.43,0.01,0,1.61,-160.11
2025-12-26T12:50:00Z,-222.94,-304.62,0,0,40,42.02,0.11,0,19.2,245.84,0.58,1825.66,864.07,536.31,23.13,2.92,0,0,1.92,1.41,0.01,0,3.01,-200
2025-12-26T12:55:00Z,-226.09,-246.83,0,0,41,42.69,0.11,0,24,182.56,4.78,1829.24,892.62,535.4,23.17,2.85,0,0,1.97,1.43,0.01,0,4.05,-160.11
2025-12-26T13:00:00Z,-213.21,-297.28,0,0,43,42.69,0.11,0,24.19,233.83,3.89,1832.82,879.11,539.67,23.2,2.99,0,0,2.06,1.43,0.01,0,3.65,-198.37
2025-12-26T13:05:00Z,-262.97,-174.21,0,0,40,42.69,0.11,0,0,196.05,1.33,1833.07,896.26,534.97,23.32,2.09,0,0,1.92,1.43,0.01,0,9.09,-155.84
2025-12-26T13:10:00Z,-198.36,-242.43,0,0,40,42.02,0.11,0,0,201.88,4.62,1833.32,837.68,534,23.43,2.8,0,0,1.92,1.41,0.01,0,3.81,-278.42
2025-12-26T13:15:00Z,-226.77,-130.55,0,0,40,42.69,0.11,0,0,135.02,1.14,1833.57,931.37,538.1,23.55,2,0,0,1.92,1.43,0.01,0,9.59,-188.99
2025-12-26T13:20:00Z,-257.73,-163.08,0,0,40,42.69,0.11,0,0.01,186.36,0.52,1833.82,910.65,537.03,23.67,2.03,0,0,1.92,1.43,0.01,0,9.46,-190.01
2025-12-26T13:25:00Z,-214.52,-213.87,0,0,40,42.69,0.1,0,0.37,196.23,4.59,1834.07,883.44,534.3,23.78,2.53,0,0,1.92,1.43,0.01,0,5.88,-190.01
2025-12-26T13:30:00Z,-187.81,-286.43,0,0,40,42.69,0.11,0,0,233.62,1.08,1834.33,848.14,538.39,23.9,3.03,0,0,1.92,1.43,0.01,0,2.35,-188.99
2025-12-26T13:35:00Z,-219.87,-250.48,0,0,40,42.69,0.11,0,0.22,239.91,0.61,1828.93,810.23,535.34,23.98,2.6,0,0,1.92,1.43,0.01,0,5.41,-190.01
2025-12-26T13:40:00Z,-189.29,-216.12,0,0,40,42.02,0.11,0,1.09,214.89,4.75,1823.53,883.58,536.27,24.07,2.38,0,0,1.92,1.41,0.01,0,6.66,-160.11
2025-12-26T13:45:00Z,-155.54,-278.08,0,0,42,42.69,0.11,0,1.07,238.33,1.82,1818.14,817.47,540.18,24.15,2.94,0,0,2.02,1.43,0.01,0,3.56,-168.33
2025-12-26T13:50:00Z,-192.76,-248.92,0,0,42,42.69,0.11,0,1.55,253.08,2.55,1812.74,850.84,535.61,24.23,2.51,0,0,2.02,1.43,0.01,0,6.58,-160.11
2025-12-26T13:55:00Z,-190.29,-282.9,0,0,43,42.69,0.11,0,1.97,298.54,7.73,1807.34,837.44,534.64,24.32,2.51,0,0,2.06,1.43,0.01,0,6.85,-160.11
2025-12-26T14:00:00Z,-202.05,-231.95,0,0,40,42.02,0.11,0,0.07,283.46,1.16,1801.95,869.68,540.21,24.4,2.11,0,0,1.92,1.41,0.01,0,8.48,-160.11
2025-12-26T14:05:00Z,-222.5,-221.48,0,0,40,42.69,0.11,0,0.11,281.88,0.55,1795.97,887.51,535.53,24.45,2.03,0,0,1.92,1.43,0.01,0,9.23,-160.11
2025-12-26T14:10:00Z,-232.32,-224.32,0,0,40,42.69,0.11,0,0,289.04,4.25,1789.99,869.99,534.45,24.5,2,0,0,1.92,1.43,0.01,0,9.5,-160.11
2025-12-26T14:15:00Z,-227.01,-204.71,0,0,40,42.69,0.11,0,0.41,251.16,1.28,1784.01,905.9,538.07,24.55,2.05,0,0,1.92,1.43,0.01,0,9.31,-164.21
2025-12-26T14:20:00Z,-219.75,-239.68,0,0,40,42.69,0.11,0,0,285.24,0.55,1778.02,899.44,535.39,24.6,2.18,0,0,1.92,1.43,0.01,0,8.35,-160.11
2025-12-26T14:25:00Z,-230.6,-201.61,0,0,40,42.69,0.11,0,0,252.31,4.09,1772.04,860.36,536.03,24.65,1.99,0,0,1.92,1.43,0.01,0,9.73,-179.67
2025-12-26T14:30:00Z,-199.44,-236.38,0,0,42,42.69,0.11,0,1.02,279.19,2.23,1766.06,915.28,537.72,24.7,2.22,0,0,2.02,1.43,0.01,0,8.69,-160.11
2025-12-26T14:35:00Z,-169.68,-247.03,0,0,43,42.69,0.11,0,2.24,259.99,3.02,1761.39,859.88,535.07,24.83,2.46,0,0,2.06,1.43,0.01,0,7.34,-160.11
2025-12-26T14:40:00Z,-174.48,-261.79,0,0,43,42.69,0.11,0,24.87,272.03,6.94,1756.71,953.2,533.97,24.97,2.35,0,0,2.06,1.43,0.01,0,8.06,-160.11
2025-12-26T14:45:00Z,-211.96,-233.05,0,0,41,42.69,0.11,0,24.59,288.59,2.32,1752.04,914.61,539.05,25.1,1.99,0,0,1.97,1.43,0.01,0,9.97,-160.11
2025-12-26T14:50:00Z,-208.17,-234.55,0,0,43,42.69,0.11,0,24.59,299.88,1.75,1747.36,958.69,534.7,25.23,1.99,0,0,2.06,1.43,0.01,0,10.54,-179.67
2025-12-26T14:55:00Z,-198.52,-226.52,0,0,42,42.69,0.11,0,24.79,278.96,6.08,1742.69,992.77,533.72,25.37,1.98,0,0,2.02,1.43,0.01,0,10.3,-184.01
2025-12-26T15:00:00Z,-210.52,-223.6,0,0,40,42.02,0.11,0,24.36,308.34,1.3,1738.01,926.6,536.92,25.5,1.79,0,0,1.92,1.41,0.01,0,10.76,-160.11
2025-12-26T15:05:00Z,-134.12,-263.79,0,0,43,42.69,0.11,0,2.7,309.15,1.16,1722.98,980.74,536.18,25.42,2.31,0,0,2.06,1.43,0.01,0,8.25,-150.83
2025-12-26T15:10:00Z,-129.06,-227.21,0,0,41,42.69,0.11,0,4.36,287.97,3.87,1707.95,1027,533.35,25.33,2.04,0,0,1.97,1.43,0.01,0,9.48,-92.01
2025-12-26T15:15:00Z,-124.95,-225.83,0,0,40,42.69,0.11,0,0.01,307.48,0.94,1692.91,985.09,538.06,25.25,1.94,0,0,1.92,1.43,0.01,0,9.82,-89
2025-12-26T15:20:00Z,-145.15,-261.42,0,0,40,42.69,0.11,0,0,373.54,0.53,1677.88,926.14,533.68,25.17,1.92,0,0,1.92,1.43,0.01,0,9.97,-95.07
2025-12-26T15:25:00Z,-220.96,-183.13,0,0,42,42.69,0.11,0,1.15,376.08,3.7,1662.85,899.25,533.86,25.08,1.36,0,0,2.02,1.43,0.01,0,14.57,-92.01
2025-12-26T15:30:00Z,-183.67,-207.17,0,0,40,42.69,0.11,0,0.03,384.5,0.99,1647.81,945,534.01,25,1.48,0,0,1.92,1.43,0.01,0,13.01,-92.01
2025-12-26T15:35:00Z,-116.59,-288.14,0,0,44,42.69,0.11,0,4.03,404.93,1.62,1629.09,942.96,531.22,25.13,2.06,0,0,2.11,1.43,0.01,0,10.4,-100
2025-12-26T15:40:00Z,-218.44,-110.45,0,0,42,42.69,0.11,0,0.68,337.42,3.97,1610.36,1020.93,529.28,25.27,0.89,0,0,2.02,1.43,0.01,0,17.97,-89
2025-12-26T15:45:00Z,-252.3,-114.39,0,0,40,42.69,0.11,0,0,400.07,0.96,1591.63,906.7,526.42,25.4,0.79,0,0,1.92,1.43,0.01,0,17.99,-114.28
2025-12-26T15:50:00Z,-257.79,-61,0,0,43,42.69,0.11,0,24.52,353.11,1.19,1572.91,935.47,526.64,25.53,0.46,0,0,2.06,1.43,0.01,0,21.22,-92.01
2025-12-26T15:55:00Z,-219.41,-86.56,0,0,40,42.69,0.11,0,1.2,393.31,3.05,1554.18,880.12,519.92,25.67,0.6,0,0,1.92,1.43,0.01,0,19.1,-68.71
2025-12-26T16:00:00Z,-96.45,-264.28,0,0,40,42.69,0.11,0,0.25,476.88,2.45,1535.45,894.36,521.71,25.8,1.58,0,0,1.92,1.43,0.01,0,12.29,-68.71
2025-12-26T16:05:00Z,-60.28,-344.1,0,0,41,42.69,0.11,0,0.19,557.93,2.63,1508.77,882.81,510.69,25.82,1.82,0,0,1.97,1.43,0.01,0,10.89,-104.56
2025-12-26T16:10:00Z,-127.25,-143.25,0,0,46,42.69,0.11,0,16.85,403.27,5.72,1482.08,1057.86,515.53,25.83,1.01,0,0,2.21,1.43,0.01,0,18.28,-100
2025-12-26T16:15:00Z,-131.61,-21.71,0,0,43,42.69,0.11,0,1.17,343.48,1.38,1455.4,1061.89,507.92,25.85,0.18,0,0,2.06,1.43,0.01,0,23,-80
2025-12-26T16:20:00Z,-126.52,-149.48,0,0,40,42.69,0.11,0,0,489.7,1.34,1428.71,906.21,506.88,25.87,0.87,0,0,1.92,1.43,0.01,0,17.25,-92.01
2025-12-26T16:25:00Z,-143.87,-26.32,0,0,40,42.69,0.1,0,0,428.62,2.66,1402.03,989.59,503.92,25.88,0.17,0,0,1.92,1.43,0.01,0,21.88,-66.06
2025-12-26T16:30:00Z,-151.64,-123.74,0,0,40,42.69,0.11,0,0.11,535.73,2.49,1375.34,826.64,492.33,25.9,0.67,0,0,1.92,1.43,0.01,0,18.73,-59.6
2025-12-26T16:35:00Z,-160.48,-107.87,0,0,41,42.69,0.1,0,0,568.44,2.7,1349.6,869.77,487.06,25.82,0.56,0,0,1.97,1.43,0.01,0,19.65,-60.55
2025-12-26T16:40:00Z,-129.52,-124.37,0,0,44,42.69,0.11,0,7.31,548.09,5.86,1323.85,865.53,483.24,25.73,0.68,0,0,2.11,1.43,0.01,0,20.02,-59.87
2025-12-26T16:45:00Z,-127.87,-98.4,0,0,43,42.69,0.11,0,12.02,544.48,3.83,1298.11,897.71,477.47,25.65,0.53,0,0,2.06,1.43,0.01,0,20.72,-56.81
2025-12-26T16:50:00Z,-138.15,-87.28,0,0,40,42.69,0.11,0,0,588.75,3.13,1272.36,834.79,463.08,25.57,0.43,0,0,1.92,1.43,0.01,0,20.36,-56.83
2025-12-26T16:55:00Z,-138.8,-28.94,0,0,40,43.36,0.11,0,0.01,582.33,4.6,1246.62,859.08,455.78,25.48,0.15,0,0,1.92,1.45,0.01,0,22.17,-55.05
2025-12-26T17:00:00Z,-141.7,-16.82,0,0,40,42.69,0.11,0,0,612.85,3.54,1220.87,840.37,450.6,25.4,0.08,0,0,1.92,1.43,0.01,0,22.31,-51.88
2025-12-26T17:05:00Z,-164.23,0,22.21,0,40,42.69,0.11,0,0.02,634.31,3.46,1184.04,861.23,456.88,25.28,0,1.37,0,1.92,1.43,0.01,0,32.99,-68.71
2025-12-26T17:10:00Z,-173.08,0,35.57,0,40,42.69,0.11,0,0,645.43,4,1147.21,836.62,463.09,25.17,0,2.2,0,1.92,1.43,0.01,0,39.9,-55.4
2025-12-26T17:15:00Z,-130.76,0,55.67,0,40,42.69,0.11,0,0,638.51,2.72,1110.37,817.35,458.1,25.05,0,3.65,0,1.92,1.43,0.01,0,51.01,-47.24
2025-12-26T17:20:00Z,-120.37,0,50.56,0,40,42.69,0.11,0,0.02,652.91,3.3,1073.54,883.68,443.29,24.93,0,2.94,0,1.92,1.43,0.01,0,46.02,-92.01
2025-12-26T17:25:00Z,-101.67,0,186.43,0,40,42.69,0.11,0,0.3,528.86,2.19,1036.71,992.05,450.68,24.82,0,10.27,0,1.92,1.43,0.01,0,120,-242.31
2025-12-26T17:30:00Z,-94.78,0,364.08,0,42,42.69,0.11,0,11.89,384.42,1.24,999.88,1126.04,439.22,24.7,0,19.3,0,2.02,1.43,0.01,0,266.81,-60.17
2025-12-26T17:35:00Z,-96.41,0,237.19,0,41,42.69,0.11,0,7.64,549.72,2.16,956.18,1005.42,437.41,24.62,0,12.44,0,1.97,1.43,0.01,0,150.23,-89
2025-12-26T17:40:00Z,-113.46,0,225.61,0,41,43.36,0.11,0,1.48,626.17,0.96,912.48,936.22,434.38,24.53,0,11.62,0,1.97,1.45,0.01,0,140.36,-89
2025-12-26T17:45:00Z,-96.55,0,292.88,0,41,42.69,0.11,0,0.59,579.19,0.55,868.78,1052.49,427.29,24.45,0,15.19,0,1.97,1.43,0.01,0,195.13,-89
2025-12-26T17:50:00Z,-104.4,0,348.33,0,42,42.69,0.11,0,3.08,575.08,1.16,825.09,1080.91,411.96,24.37,0,17.71,0,2.02,1.43,0.01,0,245.04,-100
2025-12-26T17:55:00Z,-101.78,0,428.74,0,43,42.69,0.11,0,7.02,515.82,1.48,781.39,1124.38,414.56,24.28,0,20.57,0,2.06,1.43,0.01,0,335.48,-73.5
2025-12-26T18:00:00Z,-95.45,0,331.12,0,44,42.69,0.11,0,11.17,623.6,3.7,737.69,1008.07,399.55,24.2,0,16.13,0,2.11,1.43,0.01,0,227.89,-20
2025-12-26T18:05:00Z,-95.69,0,307.66,0,43,42.69,0.11,0,11.9,698.58,6.05,700.96,866.43,380.19,24.12,0,14.6,0,2.06,1.43,0.01,0,197.44,-38.54
2025-12-26T18:10:00Z,-97.63,0,377.98,-0.1,42,0,0.11,0,2.35,693.69,6.02,664.22,788.24,370.71,24.03,0,18,0,2.02,0,0.01,0,257.55,-136.94
2025-12-26T18:15:00Z,-16.93,0,353,-0.1,43,0,0.11,0,2.82,694.88,3.63,627.49,953.02,331.41,23.95,0,15.88,0,2.06,0,0.01,0,214.99,-136.3
2025-12-26T18:20:00Z,-11.27,0,361.87,-0.1,44,0.41,0.11,0,12.39,700.24,4.32,590.75,895.52,332.14,23.87,0,16.33,0,2.11,0.01,0.01,0,226.26,-132.21
2025-12-26T18:25:00Z,-116.88,0,443.73,0,40,0,0.1,0,0,696.76,0.55,554.01,880.28,205.52,23.78,0,19.5,0,1.92,0,0.01,0,351.8,-35.83
2025-12-26T18:30:00Z,-93.69,0,259.6,0,45,0,0.11,0,22.96,861.37,82.44,517.28,715.48,193.34,23.7,0,12.06,0,2.16,0,0.01,0,145.22,-35.83
2025-12-26T18:35:00Z,-5.37,0,101.47,0,43,0,0.11,0,15.18,985.39,77.57,480.38,642.92,170.84,23.5,0,4.6,0,2.06,0,0.01,0,53.53,-20
2025-12-26T18:40:00Z,-0.09,0,0.52,0,46,0,0.11,0,36.8,1052.42,68.32,443.47,533.05,98.53,23.3,0,0.02,0,2.21,0,0.01,0,16.32,-20
2025-12-26T18:45:00Z,-92.3,0,103.33,0,44,0,0.11,0,14.16,1067.94,123.47,406.57,504.23,90.16,23.1,0,4.84,0,2.11,0,0.01,0,57.21,-20
2025-12-26T18:50:00Z,-0.19,0,48.75,0,43,0,0.11,0,6.92,1089.89,114.46,369.66,497.26,77.02,22.9,0,2.26,0,2.06,0,0.01,0,32.96,-8
2025-12-26T18:55:00Z,-0.18,-100.39,0,0,43,0,0.11,0,6.26,1238.27,116.63,332.76,362.61,41.1,22.7,0.15,0,0,2.06,0,0.01,0,14.1,-7
2025-12-26T19:00:00Z,-0.18,-125.06,0,0,43,0,0.11,0,9.54,1300.29,105.43,295.85,195.14,24.6,22.5,0.18,0,0,2.06,0,0.01,0,13.94,-6.25
2025-12-26T19:05:00Z,-0.1,-143.32,0,0,41,0,0.11,0,5.08,1341.44,111.11,266.91,192.12,10.67,22.27,0.19,0,0,1.97,0,0.01,0,13.21,0
2025-12-26T19:10:00Z,-0.8,-301.88,0,0,40,0,0.11,0,9.68,1508.57,104.33,237.97,61.16,0,22.03,0.35,0,0,1.92,0,0.01,0,11.84,0
2025-12-26T19:15:00Z,-2.37,-492.51,0,0,40,0,0.11,0,198.01,1548.65,80.34,209.02,61.16,0,21.8,0.51,0,0,1.92,0,0.01,0,10.76,0.09
2025-12-26T19:20:00Z,-0.3,-462.54,0,0,41,0,0.11,0,211.15,1542.03,66.3,180.08,58.86,0,21.57,0.49,0,0,1.97,0,0.01,0,11.28,7.9
2025-12-26T19:25:00Z,-0.52,-403.22,0,0,40,0,0.11,0,209.57,1532.03,53.45,151.14,57.23,0,21.33,0.42,0,0,1.92,0,0.01,0,11.4,8.89
2025-12-26T19:30:00Z,-1.19,-384.12,0,0,40,0,0.1,0,201.7,1544.69,37.82,122.19,57.13,0,21.1,0.41,0,0,1.92,0,0.01,0,11.69,8.11
2025-12-26T19:35:00Z,-1.55,-415.52,0,0,40,0,0.11,0,273.33,1555.54,29.05,105.32,51.68,0,20.82,0.42,0,0,1.92,0,0.01,0,11.38,7.89
2025-12-26T19:40:00Z,-0.04,-458.91,0,0,40,0,0.11,0,277.78,1624.83,18.98,88.45,0,0,20.53,0.45,0,0,1.92,0,0.01,0,11.13,7.82
2025-12-26T19:45:00Z,-0.12,-432.67,0,0,40,0,0.11,0,275.4,1585.46,12.33,71.58,0,0,20.25,0.44,0,0,1.92,0,0.01,0,11.52,7.77
2025-12-26T19:50:00Z,-0.01,-431.39,0,0,40,0,0.11,0,282.75,1577.42,6.32,54.71,0,0,19.97,0.44,0,0,1.92,0,0.01,0,11.69,8.24
2025-12-26T19:55:00Z,-0.03,-425.94,0,0,42,0,0.11,0,290.7,1590.62,3.85,37.84,0,0,19.68,0.45,0,0,2.02,0,0.01,0,12.28,8.25
2025-12-26T20:00:00Z,-0.18,-398.3,0,0,42,0,0.11,0,291.79,1563.59,1.21,20.97,0,0,19.4,0.42,0,0,2.02,0,0.01,0,12.61,0.53
2025-12-26T20:05:00Z,0,-441.41,0,0,43,0,0.11,0,311.49,1565.36,0.54,17.48,0,0,19.23,0.48,0,0,2.06,0,0.01,0,12.78,7.81
2025-12-26T20:10:00Z,-0.43,-473.6,0,0,41,0,0.11,0,345.49,1590.55,0.07,13.98,0,0,19.07,0.47,0,0,1.97,0,0.01,0,11.87,7.9
2025-12-26T20:15:00Z,-0.14,-498.64,0,0,42,0,0.11,0,377.92,1602.5,0.01,10.49,0,0,18.9,0.5,0,0,2.02,0,0.01,0,11.92,7.9
2025-12-26T20:20:00Z,-0.22,-490.74,0,0,41,0,0.11,0,373.03,1599.12,0.01,6.99,0,0,18.73,0.48,0,0,1.97,0,0.01,0,11.72,8.51
2025-12-26T20:25:00Z,-1.52,-481.67,0,0,40,0,0.11,0,370.67,1614.09,0.01,3.5,0,0,18.57,0.46,0,0,1.92,0,0.01,0,11.4,7.91
2025-12-26T20:30:00Z,-0.6,-514.48,0,0,41,0,0.11,0,352.25,1657.57,0.01,0,0,0,18.4,0.5,0,0,1.97,0,0.01,0,11.56,7.87
2025-12-26T20:35:00Z,-0.8,-514.41,0,0,40,0,0.11,0,348.8,1663.08,0.01,0,0,0,18.23,0.48,0,0,1.92,0,0.01,0,11.27,7.83
2025-12-26T20:40:00Z,-0.34,-542.08,0,0,42,0,0.11,0,395.54,1657.18,0.01,0,0,0,18.07,0.52,0,0,2.02,0,0.01,0,11.59,9.55
2025-12-26T20:45:00Z,-0.53,-376.55,0,0,40,0,0.11,0,211.44,1679.34,0.01,0,0,0,17.9,0.38,0,0,1.92,0,0.01,0,11.98,8.48
2025-12-26T20:50:00Z,-2.05,-335.79,0,0,40,0,0.11,0,135.02,1693.72,0,0,0,0,17.73,0.35,0,0,1.92,0,0.01,0,12.38,8.14
2025-12-26T20:55:00Z,-0.43,-399.03,0,0,41,0,0.11,0,176.25,1726.39,0,0,0,0,17.57,0.41,0,0,1.97,0,0.01,0,12.19,8.07
2025-12-26T21:00:00Z,-0.64,-403.82,0,0,40,0,0.11,0,164.27,1731.6,0,0,0,0,17.4,0.4,0,0,1.92,0,0.01,0,11.94,8.01
2025-12-26T21:05:00Z,-0.42,-403.91,0,0,40,0,0.11,0,164.14,1735.37,0,0,0,0,17.35,0.4,0,0,1.92,0,0.01,0,11.92,0.01
2025-12-26T21:10:00Z,-0.09,-481.7,0,0,43,0,0.1,0,229.99,1738.52,0,0,0,0,17.3,0.5,0,0,2.06,0,0.01,0,12.35,-2.54
2025-12-26T21:15:00Z,-2,-345.37,0,0,40,0,0.11,0,148.96,1682.62,0,0,32.57,0,17.25,0.36,0,0,1.92,0,0.01,0,12.37,0
2025-12-26T21:20:00Z,-2.14,-302.5,0,0,40,0,0.11,0,76.91,1708.18,0,0,0,0,17.2,0.32,0,0,1.92,0,0.01,0,12.68,0
2025-12-26T21:25:00Z,-0.21,-301.91,0,0,41,0,0.11,0,73.41,1700.72,0,0,0,0,17.15,0.33,0,0,1.97,0,0.01,0,13.05,0
2025-12-26T21:30:00Z,-28.05,-264.43,0,0,40,0,0.1,0,57.06,1691.54,0,0,0,0,17.1,0.28,0,0,1.92,0,0.01,0,13.16,0
2025-12-26T21:35:00Z,-25.07,-264.29,0,0,40,0,0.11,0,59.84,1689.98,0,0,0,0,17.03,0.28,0,0,1.92,0,0.01,0,13.13,0
2025-12-26T21:40:00Z,-49.77,-282.1,0,0,42,0,0.11,0,92.97,1676.3,0,0,0,0,16.97,0.31,0,0,2.02,0,0.01,0,13.85,0
2025-12-26T21:45:00Z,-52.38,-239.95,0,0,40,0,0.11,0,76.84,1664.77,0,0,0,0,16.9,0.26,0,0,1.92,0,0.01,0,13.43,0
2025-12-26T21:50:00Z,-48.42,-244.6,0,0,40,0,0.11,0,61.13,1666.07,0,0,0,0,16.83,0.27,0,0,1.92,0,0.01,0,13.51,0
2025-12-26T21:55:00Z,-50.04,-237.85,0,-0.1,40,0,0.11,0,70.65,1648.68,0,0,0,0,16.77,0.26,0,0,1.92,0,0.01,0,13.59,0
2025-12-26T22:00:00Z,-51.02,-246.41,0,0,40,0,0.11,0,56.33,1663.53,0,0,0,0,16.7,0.27,0,0,1.92,0,0.01,0,13.59,0
2025-12-26T22:05:00Z,-49.09,-265.93,0,0,42,0,0.11,0,64.87,1662.89,0,0,0,0,16.68,0.3,0,0,2.02,0,0.01,0,14.17,0
2025-12-26T22:10:00Z,-50.65,-267.32,0,0,40,0,0.11,0,57.77,1671.69,0,0,0,0,16.67,0.29,0,0,1.92,0,0.01,0,13.52,0
2025-12-26T22:15:00Z,-50.36,-286.61,0,-0.1,42,0,0.11,0,70.16,1668.3,0,0,0,0,16.65,0.33,0,0,2.02,0,0.01,0,14.1,-2.59
2025-12-26T22:20:00Z,-49.81,-256.34,0,-0.1,42,0,0.11,0,71.71,1658.36,0,0,9.8,0,16.63,0.29,0,0,2.02,0,0.01,0,14.16,-2.6
2025-12-26T22:25:00Z,-50.04,-287.1,0,0,41,0,0.11,0,78.54,1656.12,0,0,4.1,0,16.62,0.32,0,0,1.97,0,0.01,0,13.8,-2.59
2025-12-26T22:30:00Z,-49.9,-294.53,0,0,42,0,0.11,0,83.16,1665.14,0,0,2.68,0,16.6,0.33,0,0,2.02,0,0.01,0,14.02,-2.59
2025-12-26T22:35:00Z,-51.51,-284.16,0,0,40,0,0.11,0,58.02,1659.87,0,0,1.99,0,16.55,0.31,0,0,1.92,0,0.01,0,13.62,0
2025-12-26T22:40:00Z,-50.29,-286.63,0,0,41,0,0.11,0,74.51,1652.94,0,0,0,0,16.5,0.32,0,0,1.97,0,0.01,0,13.87,0.05
2025-12-26T22:45:00Z,-49.74,-283.49,0,0,41,0,0.11,0,73.14,1633.35,0,0,0,0,16.45,0.32,0,0,1.97,0,0.01,0,14.03,2.84
2025-12-26T22:50:00Z,-49.86,-286.83,0,0,40,0,0.11,0,64.78,1612.35,0,0,0,0,16.4,0.32,0,0,1.92,0,0.01,0,13.95,0.06
2025-12-26T22:55:00Z,-50.37,-268.14,0,0,40,0,0.11,0,69.95,1596.1,0,0,0,0,16.35,0.3,0,0,1.92,0,0.01,0,14.04,0.05
2025-12-26T23:00:00Z,-49.75,-315.73,0,0,43,0,0.11,0,90.29,1591.76,0,0,0,0,16.3,0.38,0,0,2.06,0,0.01,0,14.93,-1.26
2025-12-26T23:05:00Z,-50.01,-306.13,0,0,42,0,0.11,0,78.88,1587.55,0,0,0,0,16.27,0.36,0,0,2.02,0,0.01,0,14.73,-2.56
2025-12-26T23:10:00Z,-49.52,-344.37,0,0,43,0,0.11,0,121.58,1583.37,0,0,0,0,16.23,0.41,0,0,2.06,0,0.01,0,14.73,0
2025-12-26T23:15:00Z,-49.71,-335.17,0,0,42,0,0.11,0,123.17,1564.67,0,0,0,0,16.2,0.39,0,0,2.02,0,0.01,0,14.55,16.03
2025-12-26T23:20:00Z,-51.4,-309.75,0,0,40,0,0.11,0,108.77,1547.46,0,0,0,0,16.17,0.35,0,0,1.92,0,0.01,0,14.15,2.91
2025-12-26T23:25:00Z,-50.59,-270.37,0,0,40,0,0.11,0,65.19,1554.46,0,0,0,0,16.13,0.31,0,0,1.92,0,0.01,0,14.45,0.01
2025-12-26T23:30:00Z,-49.61,-333.47,0,0,43,0,0.11,0,108.81,1562.39,0,0,0,0,16.1,0.4,0,0,2.06,0,0.01,0,15.03,6.48
2025-12-26T23:35:00Z,-49.88,-301.57,0,0,42,0,0.1,0,95.05,1582.81,0,0,0,0,16.02,0.35,0,0,2.02,0,0.01,0,14.62,9.6
2025-12-26T23:40:00Z,-49.28,-325.13,0,0,42,0,0.11,0,127.19,1592.89,0,0,0,0,15.93,0.37,0,0,2.02,0,0.01,0,14.26,11.22
2025-12-26T23:45:00Z,-48.84,-318.67,0,0,41,0,0.11,0,123.76,1602.94,0,0,0,0,15.85,0.36,0,0,1.97,0,0.01,0,13.87,16.85
2025-12-26T23:50:00Z,-51.4,-275.82,0,0,40,0,0.11,0,86.15,1577.13,0,0,0,0,15.77,0.31,0,0,1.92,0,0.01,0,14.08,0.06
2025-12-26T23:55:00Z,-50,-285.87,0,0,43,0,0.11,0,107.01,1572.39,0,0,0,0,15.68,0.34,0,0,2.06,0,0.01,0,14.94,0
2025-12-27T00:00:00Z,-49.62,-248.46,0,0,42,0,0.11,0,103.1,1555.2,0,0,0,0,15.6,0.3,0,0,2.02,0,0.01,0,14.78,11.33
2025-12-27T00:05:00Z,-52.28,-241.93,0,0,40,0,0.11,0,80.27,1552.1,0,0,0,0,15.6,0.28,0,0,1.92,0,0.01,0,14.34,0.02
2025-12-27T00:10:00Z,-48.99,-252.02,0,0,43,0,0.11,0,121.26,1553.35,0,0,0,0,15.6,0.3,0,0,2.06,0,0.01,0,14.96,0
2025-12-27T00:15:00Z,-51.07,-235.5,0,0,41,0,0.11,0,104.35,1568.38,0,0,0,0,15.6,0.27,0,0,1.97,0,0.01,0,14.32,0
2025-12-27T00:20:00Z,-51.31,-198.73,0,0,40,0,0.1,0,81.62,1565.89,0,0,0,0,15.6,0.23,0,0,1.92,0,0.01,0,14.18,0.01
2025-12-27T00:25:00Z,-51.59,-216.49,0,0,40,0,0.11,0,81.39,1573.2,0,0,0,0,15.6,0.25,0,0,1.92,0,0.01,0,14.13,0
2025-12-27T00:30:00Z,-51.02,-239.5,0,0,40,0,0.1,0,85.61,1588.48,0,0,0,0,15.6,0.27,0,0,1.92,0,0.01,0,13.96,10.3
2025-12-27T00:35:00Z,-49.69,-232.47,0,0,40,0,0.11,0,96.04,1587.57,0,0,0,0,15.88,0.26,0,0,1.92,0,0.01,0,13.87,11.27
2025-12-27T00:40:00Z,-51.44,-271.91,0,0,40,0,0.1,0,130.28,1595.34,0,0,0,0,16.17,0.3,0,0,1.92,0,0.01,0,13.55,0
2025-12-27T00:45:00Z,-0.35,-380.97,0,0,40,0,0.11,0,192.17,1593.85,0,0,0,0,16.45,0.4,0,0,1.92,0,0.01,0,12.66,0
2025-12-27T00:50:00Z,-0.2,-366.16,0,0,40,0,0.11,0,200.17,1598.72,0,0,0,0,16.73,0.38,0,0,1.92,0,0.01,0,12.57,0
2025-12-27T00:55:00Z,-0.17,-375.97,0,-0.1,41,0,0.1,0,191.4,1586.83,0,0,0,0,17.02,0.41,0,0,1.97,0,0.01,0,13.02,0
2025-12-27T01:00:00Z,-0.17,-320.15,0,-0.1,42,0,0.1,0,156.52,1559.45,0,0,0,0,17.3,0.37,0,0,2.02,0,0.01,0,13.8,0.07
2025-12-27T01:05:00Z,-0.18,-358.18,0,-0.1,42,0,0.11,0,197.59,1558.59,0,0,0,0,17.42,0.4,0,0,2.02,0,0.01,0,13.5,0.04
2025-12-27T01:10:00Z,-0.19,-388.1,0,-0.1,42,0,0.11,0,237.85,1568.17,0,0,0,0,17.53,0.42,0,0,2.02,0,0.01,0,13.13,0
2025-12-27T01:15:00Z,-0.21,-357.6,0,-0.1,40,0,0.11,0,188.06,1566.01,0,0,0,0,17.65,0.38,0,0,1.92,0,0.01,0,12.89,0
2025-12-27T01:20:00Z,-0.23,-348.28,0,-0.1,40,0,0.1,0,152.81,1581.94,0,0,0,0,17.77,0.38,0,0,1.92,0,0.01,0,13.02,-1.29
2025-12-27T01:25:00Z,-0.18,-341.52,0,-0.1,41,0,0.11,0,121.07,1591.03,0,0,0,0,17.88,0.38,0,0,1.97,0,0.01,0,13.51,-2.6
2025-12-27T01:30:00Z,0,-382.24,0,0,43,0,0.11,0,167.53,1576,0,0,0,0,18,0.44,0,0,2.06,0,0.01,0,13.9,0
2025-12-27T01:35:00Z,-0.17,-316.75,0,0,41,0,0.11,0,112.14,1575.04,0,0,0,0,17.98,0.36,0,0,1.97,0,0.01,0,13.71,-2.59
2025-12-27T01:40:00Z,-0.18,-334.74,0,0,43,0,0.1,0,126.78,1562.46,0,0,0,0,17.97,0.4,0,0,2.06,0,0.01,0,14.34,0
2025-12-27T01:45:00Z,-0.06,-502.27,0,0,40,0,0.11,0,288.72,1557.8,0,0,0,0,17.95,0.51,0,0,1.92,0,0.01,0,12.25,0
2025-12-27T01:50:00Z,-0.12,-486.27,0,0,43,0,0.11,0,258.29,1566.56,0,0,0,0,17.93,0.54,0,0,2.06,0,0.01,0,13.3,0
2025-12-27T01:55:00Z,0,-522.59,0,0,41,0,0.11,0,303.64,1570.67,0,0,0,0,17.92,0.54,0,0,1.97,0,0.01,0,12.37,0
2025-12-27T02:00:00Z,-0.01,-367.1,0,0,40,0,0.1,0,118.03,1557.57,0,0,0,0,17.9,0.41,0,0,1.92,0,0.01,0,13.47,0
2025-12-27T02:05:00Z,0,-393.36,0,0,42,0,0.11,0,135.73,1575.94,0,0,0,0,17.92,0.45,0,0,2.02,0,0.01,0,13.84,0.18
2025-12-27T02:10:00Z,-43.62,-293.65,0,0,42,0,0.11,0,91.34,1571.13,0,0,0,0,17.93,0.35,0,0,2.02,0,0.01,0,14.69,0.01
2025-12-27T02:15:00Z,-24.93,-313.56,0,0,41,0,0.11,0,88.57,1568.41,0,0,0,0,17.95,0.36,0,0,1.97,0,0.01,0,14.21,0.01
2025-12-27T02:20:00Z,-25.03,-249.66,0,-0.1,42,0,0.11,0,45.74,1560.48,0,0,0,0,17.97,0.31,0,0,2.02,0,0.01,0,14.99,0.01
2025-12-27T02:25:00Z,-24.83,-265.49,0,-0.1,42,0,0.11,0,39.75,1554.89,0,0,0,0,17.98,0.33,0,0,2.02,0,0.01,0,15.1,2.84
2025-12-27T02:30:00Z,-97.61,-183.69,0,-0.1,40,0,0.11,0,26.25,1536.16,0,0,0,0,18,0.22,0,0,1.92,0,0.01,0,15.49,0.01
2025-12-27T02:35:00Z,-25.87,-245.16,0,-0.1,40,0,0.11,0,30.28,1546.85,0,0,0,0,18,0.29,0,0,1.92,0,0.01,0,14.57,8.33
2025-12-27T02:40:00Z,-30.29,-281.74,0,-0.2,40,0,0.1,0,26.14,1564.86,0,0,0,0,18,0.33,0,0,1.92,0,0.01,0,14.5,0.01
2025-12-27T02:45:00Z,-44.55,-283.44,0,-0.2,42,0,0.11,0,37.28,1557.41,0,0,0,0,18,0.35,0,0,2.02,0,0.01,0,15.33,0.01
2025-12-27T02:50:00Z,-47.33,-257.22,0,-0.1,40,0,0.1,0,39.19,1556.64,0,0,0,0,18,0.3,0,0,1.92,0,0.01,0,14.63,0.18
2025-12-27T02:55:00Z,-43.31,-262.54,0,0,40,0,0.11,0,1.84,1560.43,0,0,0,0,18,0.32,0,0,1.92,0,0.01,0,14.91,0.13
2025-12-27T03:00:00Z,-45.33,-278.86,0,0,40,0,0.11,0,3.95,1578.73,0,0,0,0,18,0.33,0,0,1.92,0,0.01,0,14.74,0.01
2025-12-27T03:05:00Z,-45.98,-292.06,0,0,40,0,0.11,0,3.14,1589.75,0,0,0,0,17.72,0.34,0,0,1.92,0,0.01,0,14.66,0.01
2025-12-27T03:10:00Z,-44.22,-315.46,0,0,41,0,0.11,0,15.9,1584.54,0,0,0,0,17.43,0.38,0,0,1.97,0,0.01,0,14.93,0.13
2025-12-27T03:15:00Z,-44.2,-325.67,0,0,41,0,0.1,0,6.79,1579.95,0,0,0,0,17.15,0.39,0,0,1.97,0,0.01,0,15.06,0.13
2025-12-27T03:20:00Z,-25.19,-308.33,0,0,40,0,0.1,0,7.45,1573.83,0,0,0,0,16.87,0.37,0,0,1.92,0,0.01,0,14.53,0.53
2025-12-27T03:25:00Z,-24.66,-325.09,0,0,41,0,0.11,0,26.54,1559.19,0,0,0,0,16.58,0.39,0,0,1.97,0,0.01,0,14.84,8.15
2025-12-27T03:30:00Z,-25.05,-335.12,0,0,40,0,0.1,0,13.86,1562.19,0,0,0,0,16.3,0.4,0,0,1.92,0,0.01,0,14.58,0.32
2025-12-27T03:35:00Z,-25.43,-288.92,0,0,41,0,0.11,0,16.23,1536.99,0,0,0,0,16.1,0.36,0,0,1.97,0,0.01,0,15.15,8
2025-12-27T03:40:00Z,-25.13,-342.43,0,-0.1,40,0,0.11,0,21.29,1545.73,0,0,0,0,15.9,0.41,0,0,1.92,0,0.01,0,14.68,2.67
2025-12-27T03:45:00Z,-27.05,-356.79,0,-0.1,40,0,0.11,0,36.58,1556.77,0,0,0,0,15.7,0.42,0,0,1.92,0,0.01,0,14.46,0.52
2025-12-27T03:50:00Z,-26.11,-319.03,0,-0.1,40,0,0.11,0,27.97,1535.32,0,0,0,0,15.5,0.38,0,0,1.92,0,0.01,0,14.72,8.2
2025-12-27T03:55:00Z,-25.98,-295.67,0,-0.2,40,0,0.11,0,8.16,1523.61,0,0,0,0,15.3,0.36,0,0,1.92,0,0.01,0,15.01,0.52
2025-12-27T04:00:00Z,-25.07,-331.57,0,-0.1,41,0,0.11,0,42.9,1518.12,0,0,0,0,15.1,0.41,0,0,1.97,0,0.01,0,15.09,8.22
2025-12-27T04:05:00Z,-25.25,-299.31,0,-0.1,41,0,0.11,0,27.23,1495.8,0,0,0,0,15.4,0.38,0,0,1.97,0,0.01,0,15.46,0.18
2025-12-27T04:10:00Z,-0.2,-329.32,0,-0.1,40,0,0.1,0,58.6,1500.46,0,0,0,0,15.7,0.4,0,0,1.92,0,0.01,0,14.45,0.18
2025-12-27T04:15:00Z,-0.42,-328.11,0,-0.1,40,0,0.11,0,63.06,1496.15,0,0,0.1,0,16,0.4,0,0,1.92,0,0.01,0,14.46,0.38
2025-12-27T04:20:00Z,0,-347.46,0,0,42,0,0.11,0,61.33,1496.57,0,0,3.81,0,16.3,0.44,0,0,2.02,0,0.01,0,15.17,0.52
2025-12-27T04:25:00Z,-0.87,-390.12,0,0,41,0,0.1,0,90.35,1513.97,0,0,0,0,16.6,0.47,0,0,1.97,0,0.01,0,14.4,8.11
2025-12-27T04:30:00Z,-2.04,-398.66,0,0,40,0,0.11,0,56.85,1534.35,0,0,0,0,16.9,0.47,0,0,1.92,0,0.01,0,14.19,0.19
2025-12-27T04:35:00Z,-0.33,-389.14,0,0,40,0,0.1,0,62.55,1542.69,0,0,1.13,0,16.9,0.46,0,0,1.92,0,0.01,0,14.05,0.17
2025-12-27T04:40:00Z,0,-401.13,0,0,41,0,0.1,0,81.81,1557.95,0,0,0,0,16.9,0.47,0,0,1.97,0,0.01,0,14.09,0.01
2025-12-27T04:45:00Z,-0.1,-379.58,0,0,40,0,0.1,0,79.63,1543.25,0,0,10.57,0,16.9,0.44,0,0,1.92,0,0.01,0,13.9,0.19
2025-12-27T04:50:00Z,-0.98,-404.27,0,0,40,0,0.11,0,65.53,1558.31,0,0,0,0,16.9,0.47,0,0,1.92,0,0.01,0,13.9,0.01
2025-12-27T04:55:00Z,-0.73,-386.3,0,0,40,0,0.11,0,51.26,1553.8,0,0,1.19,0,16.9,0.45,0,0,1.92,0,0.01,0,14.06,0.01
2025-12-27T05:00:00Z,-0.36,-417.8,0,0,40,0,0.11,0,64.54,1577.26,0,0,0,0,16.9,0.48,0,0,1.92,0,0.01,0,13.75,0.01
2025-12-27T05:05:00Z,-50.39,-314.14,0,0,41,0,0.11,0,26.87,1552.01,0,0,0,0,16.9,0.38,0,0,1.97,0,0.01,0,15.21,0.01
2025-12-27T05:10:00Z,-49.2,-341.64,0,0,43,0,0.11,0,55.66,1546.45,0,0,0,0,16.9,0.43,0,0,2.06,0,0.01,0,15.69,11.23
2025-12-27T05:15:00Z,-52.25,-298.39,0,0,40,0,0.11,0,21.67,1530.18,0,0,0,0,16.9,0.36,0,0,1.92,0,0.01,0,15.13,8
2025-12-27T05:20:00Z,-49.86,-347.96,0,0,41,0,0.11,0,40.77,1530.74,0,0,0,0,16.9,0.43,0,0,1.97,0,0.01,0,15.29,11.51
2025-12-27T05:25:00Z,-52.06,-325.02,0,0,40,0,0.11,0,34.11,1512.36,0,0,0,0,16.9,0.39,0,0,1.92,0,0.01,0,15.2,11.56
2025-12-27T05:30:00Z,-50.9,-292.77,0,-0.1,40,0,0.1,0,14.08,1492.69,0,0,0,0,16.9,0.36,0,0,1.92,0,0.01,0,15.57,0.54
2025-12-27T05:35:00Z,-50.65,-282.73,0,-0.2,41,0,0.11,0,19.73,1490.95,0.04,2.14,0,0,16.83,0.36,0,0,1.97,0,0.01,0,15.88,11.73
2025-12-27T05:40:00Z,-52.09,-233.22,0,-0.1,40,0,0.11,0,2.1,1472.34,0.21,4.27,0,0,16.77,0.3,0,0,1.92,0,0.01,0,15.85,8.31
2025-12-27T05:45:00Z,-60.13,-231.19,0,0,40,0,0.11,0,13.28,1461.93,0.87,6.41,0,0,16.7,0.29,0,0,1.92,0,0.01,0,15.91,0.18
2025-12-27T05:50:00Z,-55.87,-240.91,0,0,40,0,0.11,0,21.87,1452.63,2.95,8.55,0,0,16.63,0.31,0,0,1.92,0,0.01,0,15.82,-2.56
2025-12-27T05:55:00Z,-62.87,-227.03,0,0,40,0,0.11,0,20.26,1458.13,6.43,10.68,0,0,16.57,0.29,0,0,1.92,0,0.01,0,15.79,-6.71
2025-12-27T06:00:00Z,-52.11,-264.82,0,-0.2,40,0,0.11,0,17.63,1489.85,9.88,12.82,0,0,16.5,0.33,0,0,1.92,0,0.01,0,15.31,-7.75
2025-12-27T06:05:00Z,-50.08,-66.53,0,-0.1,42,0,0.11,0,23.1,1249,13.37,25.37,227.31,6.74,16.62,0.1,0,0,2.02,0,0.01,0,18.65,-7.53
2025-12-27T06:10:00Z,-48.83,-76.41,0,-0.1,43,0,0.1,0,25.4,1249.68,13.93,37.92,207.72,9.64,16.73,0.12,0,0,2.06,0,0.01,0,18.81,-7.42
2025-12-27T06:15:00Z,-48.6,-54.29,0,-0.1,42,0,0.1,0,14.63,1241.7,19.59,50.47,226.61,12.45,16.85,0.08,0,0,2.02,0,0.01,0,18.38,-13.09
2025-12-27T06:20:00Z,-49.18,-19.47,0,-0.1,42,0,0.11,0,21.78,1176.88,17.95,63.02,273.47,19.02,16.97,0.03,0,0,2.02,0,0.01,0,19.07,-13.13
2025-12-27T06:25:00Z,-49.61,-12.46,0,-0.2,43,0,0.11,0,10.01,1164.58,26.91,75.57,245.38,29.25,17.08,0.02,0,0,2.06,0,0.01,0,19.55,-19.98
2025-12-27T06:30:00Z,-1.06,-27.23,0,-0.2,43,0,0.11,0,10.48,1107.57,40.38,88.12,312.24,35.48,17.2,0.05,0,0,2.06,0,0.01,0,19.25,-20
2025-12-27T06:35:00Z,-0.81,0,98.7,-0.2,40,0,0.11,0,7.13,1005.23,37.27,110.42,376.88,89.78,17.28,0,6.2,0,1.92,0,0.01,0,88.59,-13.2
2025-12-27T06:40:00Z,-0.77,-0.89,0,-0.2,43,0,0.11,0,1.59,1111.95,16.2,132.71,254.46,106.81,17.37,0,0,0,2.06,0,0.01,0,19.04,-13.72
2025-12-27T06:45:00Z,-8.75,0,28.38,0,40,0,0.11,0,0,1095.99,18.11,155,279.65,113.44,17.45,0,1.81,0,1.92,0,0.01,0,35.24,-13.14
2025-12-27T06:50:00Z,-11.62,0,26.74,0,40,0,0.11,0,0.17,1080.43,20.4,177.3,265.98,127.48,17.53,0,1.67,0,1.92,0,0.01,0,33.76,-13.2
2025-12-27T06:55:00Z,-12.97,0,33.85,0,40,0,0.11,0,0,1065.56,9.53,199.59,281.2,137.32,17.62,0,2.09,0,1.92,0,0.01,0,38.05,-15.08
2025-12-27T07:00:00Z,-63.93,0,35.61,0,44,0,0.11,0,7.26,1059.73,11.73,221.88,258.07,153.12,17.7,0,2.17,0,2.11,0,0.01,0,41.29,-20.1
2025-12-27T07:05:00Z,-2.65,0,92.8,0,44,0,0.11,0,8.26,929.25,13.11,255.98,384.57,206.75,17.98,0,5.61,0,2.11,0,0.01,0,80.31,-11.66
2025-12-27T07:10:00Z,-5.93,0,92.21,0,42,0,0.11,0,34.37,851.33,32.98,290.07,414.4,190.28,18.27,0,5.29,0,2.02,0,0.01,0,76.15,-11.66
2025-12-27T07:15:00Z,-8.04,0,151.27,0,40,0,0.11,0,29.56,781.43,29.89,324.16,463.74,224.89,18.55,0,8.8,0,1.92,0,0.01,0,123.09,-11.78
2025-12-27T07:20:00Z,-8.1,0,111.68,0,43,0,0.11,0,37.38,778.35,29.7,358.25,488.41,251.84,18.83,0,6.8,0,2.06,0,0.01,0,94.46,-12.61
2025-12-27T07:25:00Z,-10.3,0,103.82,0,40,0,0.11,0,11.85,795.64,31.53,392.34,509.4,250.46,19.12,0,6.04,0,1.92,0,0.01,0,82.55,-19.98
2025-12-27T07:30:00Z,-0.16,0,132.36,0,43,0,0.11,0,5.56,757.14,8.02,426.43,564.64,308.18,19.4,0,7.64,0,2.06,0,0.01,0,105.21,-19.66
2025-12-27T07:35:00Z,-103.11,0,211.81,0,45,0,0.11,0,16.76,746.47,8.54,468.54,517.14,319.49,19.47,0,12.28,0,2.16,0,0.01,0,178.58,-20
2025-12-27T07:40:00Z,-14.92,0,103.97,0,40,6,0.11,0,0,770.32,6.5,510.65,582.48,333.31,19.53,0,6.21,0,1.92,0.2,0.01,0,82.39,-19.98
2025-12-27T07:45:00Z,-108.51,0,171.39,0,43,6,0.11,0,5.36,746.88,8.68,552.76,525.17,353.06,19.6,0,10.33,0,2.06,0.2,0.01,0,139.67,-20
2025-12-27T07:50:00Z,-146.81,0,214.26,-0.1,40,40,0.11,0,20.39,653.62,6.81,594.87,644.06,375.03,19.67,0,12.89,0,1.92,1.34,0.01,0,194.86,-68.71
2025-12-27T07:55:00Z,-146.34,0,253.73,-0.1,41,40.67,0.11,0,1.45,636.27,3.81,636.98,777.29,392.64,19.73,0,15.27,0,1.97,1.36,0.01,0,232.51,-49.83
2025-12-27T08:00:00Z,-250.62,0,344.11,0,43,70.2,0.1,0,4.67,571.97,3.59,679.1,726.41,397.87,19.8,0,20.96,0,2.06,2.35,0.01,0,391.47,-41.97
2025-12-27T08:05:00Z,-215.25,0,264.12,0,43,70.2,0.11,0,0.65,598.32,8.15,723.13,727.55,402.43,19.88,0,15.94,0,2.06,2.35,0.01,0,253.41,-45.71
2025-12-27T08:10:00Z,-6.32,-5.44,0,0,46,70.2,0.11,0,11.64,607.05,9.72,767.17,740.96,411.25,19.97,0.03,0,0,2.21,2.35,0.01,0,36.25,-68.71
2025-12-27T08:15:00Z,-32,0,11.83,0,40,70.2,0.11,0,0,611.59,3.32,811.21,798.87,433.19,20.05,0,0.73,0,1.92,2.35,0.01,0,40.29,-53.31
2025-12-27T08:20:00Z,-0.16,-106,0,0,44,70.87,0.11,0,52.49,629.35,3.91,855.25,716.27,422.82,20.13,0.59,0,0,2.11,2.37,0.01,0,30.17,-129
2025-12-27T08:25:00Z,-0.33,0,107.59,0,44,70.2,0.1,0,21.39,435.11,3.77,899.28,901.99,430.44,20.22,0,7.57,0,2.11,2.35,0.01,0,105.72,-20
2025-12-27T08:30:00Z,-5.21,-106.99,0,-0.1,40,100.4,0.11,0,0.1,566.84,7.37,943.32,678.33,430.03,20.3,0.79,0,0,1.92,3.36,0.01,0,34.91,-189.25
2025-12-27T08:35:00Z,-76.96,0,41.64,0,42,162.81,0.11,0,2.03,468.92,2.93,985.23,783.14,442.51,20.62,0,3.04,0,2.02,5.45,0.01,0,81.64,-53.24
2025-12-27T08:40:00Z,-64.82,-122.71,0,0,39,165.5,0.11,0,0,552.95,2.6,1027.14,654.88,441.64,20.93,1.2,0,0,1.87,5.54,0.01,0,46.67,-53.79
2025-12-27T08:45:00Z,-11.58,-208.52,0,0,42,167.51,0.11,0,2.16,550.7,3.71,1069.05,717.75,446.31,21.25,2.08,0,0,2.02,5.61,0.01,0,41.27,-54.81
2025-12-27T08:50:00Z,-7.96,-248.12,0,0,40,166.17,0.11,0,6.3,542.12,3.55,1110.96,701.25,459.26,21.57,2.45,0,0,1.92,5.56,0.01,0,37.49,-85.5
2025-12-27T08:55:00Z,-9.45,-195.13,0,0,41,166.84,0.11,0,7.1,462.1,1.16,1152.87,745.17,468.36,21.88,2.17,0,0,1.97,5.59,0.01,0,39.73,-85.4
2025-12-27T09:00:00Z,-120.73,-148.56,0,0,42,170.2,0.11,0,9.41,490.53,1.04,1194.78,757.6,472.58,22.2,1.61,0,0,2.02,5.7,0.01,0,44.76,-57.54
2025-12-27T09:05:00Z,-121.58,-161.12,0,0,43,171.54,0.1,0,5.62,472.05,2.75,1229.43,694.45,474.83,22.17,1.81,0,0,2.06,5.74,0.01,0,43.87,-58.45
2025-12-27T09:10:00Z,-107.89,-227.86,0,0,44,170.87,0.11,0,10.69,493.11,3.28,1264.08,635.09,470.21,22.13,2.47,0,0,2.11,5.72,0.01,0,39.01,-84.84
2025-12-27T09:15:00Z,-131.5,-185.92,0,0,43,171.54,0.11,0,17.82,431.44,2.85,1298.72,679.9,485.39,22.1,2.18,0,0,2.06,5.74,0.01,0,41.03,-57.96
2025-12-27T09:20:00Z,-168.47,-182.24,0,0,41,170.87,0.11,0,2.61,439.35,2.61,1333.37,609.34,478.31,22.07,2.14,0,0,1.97,5.72,0.01,0,40.7,-81.5
2025-12-27T09:25:00Z,-144.79,-217.88,0,0,42,169.53,0.1,0,0.25,475.02,1.99,1368.02,616.8,483.52,22.03,2.43,0,0,2.02,5.68,0.01,0,37.28,-69.29
2025-12-27T09:30:00Z,-44.39,-342.39,0,0,43,171.54,0.11,0,11.23,441.22,4.23,1402.67,636.54,484.14,22,3.99,0,0,2.06,5.74,0.01,0,27.23,-85.74
2025-12-27T09:35:00Z,-142.72,-221.82,0,0,41,168.18,0.11,0,0.7,433.94,0.99,1429.55,604.62,492.3,22.17,2.62,0,0,1.97,5.63,0.01,0,35.02,-59
2025-12-27T09:40:00Z,-132.39,-298.56,0,0,42,169.53,0.11,0,0.23,471.24,2.2,1456.43,558.89,501.84,22.33,3.35,0,0,2.02,5.68,0.01,0,30.47,-86.25
2025-12-27T09:45:00Z,-135.6,-310.78,0,-0.1,43,172.21,0.11,0,9.07,469,2.72,1483.32,591.3,500.58,22.5,3.5,0,0,2.06,5.77,0.01,0,30.04,-83.65
2025-12-27T09:50:00Z,-81.74,-327.88,0,-0.1,40,164.83,0.11,0,0,423.72,0.6,1510.2,568.78,504.2,22.67,3.88,0,0,1.92,5.52,0.01,0,24.74,-80.84
2025-12-27T09:55:00Z,-163.31,-251.26,0,0,40,165.5,0.11,0,0,402.91,1.41,1537.08,598.54,506.28,22.83,3.08,0,0,1.92,5.54,0.01,0,30.42,-88.27
2025-12-27T10:00:00Z,-200.98,-229.28,0,-0.1,40,165.5,0.11,0,0,394.3,0.78,1563.97,526.89,510.15,23,2.85,0,0,1.92,5.54,0.01,0,31.95,-89
2025-12-27T10:05:00Z,-169.14,-274.81,0,0,42,170.2,0.11,0,0.29,387.01,1,1580.98,532,519.69,23.23,3.53,0,0,2.02,5.7,0.01,0,28.92,-86.97
2025-12-27T10:10:00Z,-202.79,-165.55,0,0,41,112.48,0.11,0,0,387.54,0.63,1598,500.68,513.37,23.47,1.75,0,0,1.97,3.77,0.01,0,27,-91.34
2025-12-27T10:15:00Z,-164.93,-89.82,0,0,43,60.81,0.11,0,7.01,324.42,1.59,1615.02,584.91,517.45,23.7,0.84,0,0,2.06,2.04,0.01,0,21.78,-87.24
2025-12-27T10:20:00Z,-85.67,-185.2,0,0,40,44.03,0.11,0,0,359.17,0.7,1632.04,515.16,518.09,23.93,1.42,0,0,1.92,1.47,0.01,0,13.18,-86.06
2025-12-27T10:25:00Z,-213.35,-82.54,0,0,40,43.36,0.11,0,0,341.32,0.64,1649.05,469.63,525.23,24.17,0.66,0,0,1.92,1.45,0.01,0,18.37,-90.75
2025-12-27T10:30:00Z,-192.36,-29.56,0,0,40,42.69,0.11,0,0,275.78,0.53,1666.07,532.19,523.2,24.4,0.28,0,0,1.92,1.43,0.01,0,20.49,-94.41
2025-12-27T10:35:00Z,-328.36,0,101.61,0,40,42.69,0.11,0,0,248.78,0.53,1681.8,543.7,523.18,24.63,0,9.15,0,1.92,1.43,0.01,0,94.74,-96.51
2025-12-27T10:40:00Z,-299.79,0,100.91,0,44,42.69,0.11,0,4.66,240.77,1.69,1697.52,503.57,524.73,24.87,0,9.3,0,2.11,1.43,0.01,0,94.56,-95.78
2025-12-27T10:45:00Z,-339.26,0,141.27,0,41,42.69,0.11,0,0,238.61,0.63,1713.25,518.04,526.43,25.1,0,13.12,0,1.97,1.43,0.01,0,127.47,-96.47
2025-12-27T10:50:00Z,-323.05,0,119.39,0,40,42.02,0.11,0,0,236.45,0.56,0,484.59,527.78,25.33,0,11.08,0,1.92,1.41,0.01,0,1402.15,-96.43
2025-12-27T10:55:00Z,-308.21,0,114.03,0,41,42.02,0.11,0,0.17,217.6,0.73,0,490.23,529.8,25.57,0,10.58,0,1.97,1.41,0.01,0,1389.34,-96.8
2025-12-27T11:00:00Z,-304.73,0,103.86,0,42,42.69,0.11,0,1.72,223.16,1.04,1760.43,501.16,528.62,25.8,0,9.62,0,2.02,1.43,0.01,0,94.35,-96.27
2025-12-27T11:05:00Z,-311.89,0,129.32,0,43,42.02,0.11,0,2.14,202.91,1.9,1763.13,471.22,528.75,26,0,11.98,0,2.06,1.41,0.01,0,114.91,-98.65
2025-12-27T11:10:00Z,-358.37,0,172.89,0,44,42.69,0.11,0,0.38,203.15,1.46,1765.84,470.74,528.95,26.2,0,16,0,2.11,1.43,0.01,0,153.68,-77.92
2025-12-27T11:15:00Z,-308.69,0,23.24,0,40,42.69,0.11,0,0,259.06,1.36,1768.55,403.4,530.02,26.4,0,2.16,0,1.92,1.43,0.01,0,37.2,-111.1
2025-12-27T11:20:00Z,-334.49,0,175.48,0,41,42.02,0.11,0,0.02,146.22,0.84,1771.26,505.12,529.57,26.6,0,16.69,0,1.97,1.41,0.01,0,161.46,-98.81
2025-12-27T11:25:00Z,-398.28,0,190.42,0,41,42.69,0.1,0,0.02,177.12,0.73,1773.97,456.06,529.86,26.8,0,17.7,0,1.97,1.43,0.01,0,175.05,-99.31
2025-12-27T11:30:00Z,-395.16,0,190.77,0,40,42.02,0.11,0,0,167.55,0.64,1776.68,432.21,531.79,27,0,17.69,0,1.92,1.41,0.01,0,175.07,-129
2025-12-27T11:35:00Z,-412.48,0,240.28,0,40,42.69,0.11,0,0,129.37,0.52,1788.77,459.11,530.34,26.93,0,22.14,0,1.92,1.43,0.01,0,226.84,-95.07
2025-12-27T11:40:00Z,-168.8,0,9.39,0,44,42.69,0.11,0,0.34,120.99,1.87,1800.87,397.39,532.31,26.87,0,0.87,0,2.11,1.43,0.01,0,28.9,-124.66
2025-12-27T11:45:00Z,-176.33,0,18.71,0,40,42.69,0.11,0,5.4,107.73,0.71,1812.96,437.77,532.57,26.8,0,1.78,0,1.92,1.43,0.01,0,33.96,-100
2025-12-27T11:50:00Z,-162.1,-17.41,0,0,42,42.02,0.11,0,39.6,98.28,1.19,1825.05,394.58,532.89,26.73,0.27,0,0,2.02,1.41,0.01,0,20.3,-160.11
2025-12-27T11:55:00Z,-279.75,0,129.44,0,41,42.69,0.11,0,5.14,92.47,0.72,1837.15,420.11,531.37,26.67,0,12.26,0,1.97,1.43,0.01,0,116.74,-151.86
2025-12-27T12:00:00Z,-324.57,0,156.73,0,41,42.69,0.11,0,6.47,82.31,0.76,1849.24,412.1,533.32,26.6,0,14.85,0,1.97,1.43,0.01,0,142.1,-160.11
2025-12-27T12:05:00Z,-380.57,0,232.09,0,40,42.69,0.11,0,0,75.99,0.71,1842.41,393.78,531.86,26.47,0,22.11,0,1.92,1.43,0.01,0,220,-143.65
2025-12-27T12:10:00Z,-363.66,0,214.43,0,40,42.02,0.11,0,0,68.93,0.6,1835.57,383.8,533.84,26.33,0,20.47,0,1.92,1.41,0.01,0,202.7,-190.97
2025-12-27T12:15:00Z,-296.09,0,186.72,0,42,42.69,0.11,0,1.49,57.39,1.93,1828.73,402.18,534.12,26.2,0,17.86,0,2.02,1.43,0.01,0,171.47,-180.24
2025-12-27T12:20:00Z,-302.3,0,186.6,0,41,42.02,0.11,0,0.41,55.26,0.59,1821.9,412.31,534.39,26.07,0,18.51,0,1.97,1.41,0.01,0,178.37,-103.14
2025-12-27T12:25:00Z,-275.43,0,137.06,0,40,42.69,0.11,0,0,54.69,0.6,1815.06,349.48,534.51,25.93,0,13.48,0,1.92,1.43,0.01,0,131.11,-102.48
2025-12-27T12:30:00Z,-256.81,0,112.02,0,40,42.69,0.11,0,0.04,48.03,0.63,1808.23,338.2,532.92,25.8,0,10.98,0,1.92,1.43,0.01,0,109.51,-169.43
2025-12-27T12:35:00Z,-276.39,0,137.85,0,42,42.69,0.11,0,0,41.06,0.92,1810.44,350.27,533.07,25.82,0,13.73,0,2.02,1.43,0.01,0,135.4,-128.01
2025-12-27T12:40:00Z,-281.79,0,158.73,0,43,42.69,0.11,0,0.44,32.09,1.89,1812.64,285.45,534.93,25.83,0,15.02,0,2.06,1.43,0.01,0,148.93,-156.26
2025-12-27T12:45:00Z,-250.07,0,135.39,0,40,42.02,0.11,0,0.01,29.07,0.63,1814.85,296.76,535.07,25.85,0,12.93,0,1.92,1.41,0.01,0,126.61,-157.84
2025-12-27T12:50:00Z,-269.95,0,183.79,0,40,42.69,0.11,0,0,22.11,0.62,1817.06,350.38,533.49,25.87,0,17.56,0,1.92,1.43,0.01,0,170.91,-165.9
2025-12-27T12:55:00Z,-285.73,0,173.73,0,41,42.69,0.11,0,0.56,21.71,0.73,1819.27,253.09,535.4,25.88,0,16.64,0,1.97,1.43,0.01,0,164,-164.18
2025-12-27T13:00:00Z,-272.28,0,163.99,0,42,42.69,0.11,0,0.2,23.32,0.79,1821.48,205.11,533.74,25.9,0,15.69,0,2.02,1.43,0.01,0,153.73,-101
2025-12-27T13:05:00Z,-254.17,0,134.19,0,40,42.69,0.11,0,0,22.22,0.68,1816.68,176.58,533.83,26.02,0,12.53,0,1.92,1.43,0.01,0,124.28,-188.68
2025-12-27T13:10:00Z,-208.56,0,103.61,0,42,42.69,0.11,0,0.63,24.31,0.71,1811.88,183.09,535.66,26.13,0,9.91,0,2.02,1.43,0.01,0,99.56,-99.59
2025-12-27T13:15:00Z,-194.83,0,70.6,0,42,42.69,0.11,0,4.83,18.55,1.81,1807.09,168.78,534.02,26.25,0,6.57,0,2.02,1.43,0.01,0,72.8,-93.12
2025-12-27T13:20:00Z,-180.28,0,67.79,0,40,42.69,0.11,0,0,23.51,0.55,1802.29,139.02,535.84,26.37,0,6.28,0,1.92,1.43,0.01,0,69.63,-94.97
2025-12-27T13:25:00Z,-195.87,0,79.26,0,42,42.69,0.11,0,0.77,23.87,0.93,1797.49,152.44,534.22,26.48,0,7.29,0,2.02,1.43,0.01,0,78.98,-94.93
2025-12-27T13:30:00Z,-191.55,0,88.97,0,44,42.69,0.1,0,6.72,18.51,2.79,1792.69,121.33,534.3,26.6,0,8.18,0,2.11,1.43,0.01,0,86.5,-95.06
2025-12-27T13:35:00Z,-173.98,0,62.81,0,44,42.69,0.11,0,7.11,17.06,1.6,1787.47,130.27,534.43,26.6,0,5.78,0,2.11,1.43,0.01,0,67.32,-99.53
2025-12-27T13:40:00Z,-170.47,0,71.33,0,42,42.69,0.11,0,0.75,15.46,1.26,1782.24,124.98,536.19,26.6,0,6.39,0,2.02,1.43,0.01,0,71.91,-94.47
2025-12-27T13:45:00Z,-198.33,0,98.06,0,43,42.02,0.11,0,2.12,13.04,2.18,1777.01,120.42,536.3,26.6,0,8.63,0,2.06,1.41,0.01,0,91.81,-94.92
2025-12-27T13:50:00Z,-211.93,0,136.79,0,40,42.02,0.11,0,0,14.57,0.54,1771.78,130.21,534.55,26.6,0,12.39,0,1.92,1.41,0.01,0,124.09,-61.08
2025-12-27T13:55:00Z,-117.06,-17.31,0,0,44,42.69,0.11,0,12.96,60.11,4.05,1766.56,78.5,534.34,26.6,0.37,0,0,2.11,1.43,0.01,0,21.2,-98.65
2025-12-27T14:00:00Z,-130.58,0,79.5,0,40,42.69,0.11,0,16.5,11.22,1.08,1761.33,97.82,534.58,26.6,0,7.27,0,1.92,1.43,0.01,0,76.69,-99.7
2025-12-27T14:05:00Z,-130.48,0,78.72,0,44,42.02,0.1,0,11.89,7.36,1.67,1755.16,120.48,534.43,26.72,0,7.19,0,2.11,1.41,0.01,0,77.8,-79.8
2025-12-27T14:10:00Z,-113.91,0,77.82,0,42,42.69,0.11,0,0.74,13.41,1.59,1748.99,115,533.4,26.83,0,7.12,0,2.02,1.43,0.01,0,76.54,-192.8
2025-12-27T14:15:00Z,-186.84,0,153.18,0,40,42.02,0.11,0,0,4.12,0.94,1742.82,119.86,536.07,26.95,0,14.31,0,1.92,1.41,0.01,0,142.1,-62.04
2025-12-27T14:20:00Z,-156.1,0,73.58,0,40,42.02,0.11,0,0,52.8,5.66,1736.65,82.6,532.23,27.07,0,6.57,0,1.92,1.41,0.01,0,72.14,-129
2025-12-27T14:25:00Z,-129.98,0,118.81,0,42,42.69,0.11,0,0.07,15.36,2.19,1730.48,107.93,537.64,27.18,0,11.06,0,2.02,1.43,0.01,0,109.93,-189.23
2025-12-27T14:30:00Z,-106.43,0,109.31,0,40,42.02,0.11,0,0,10.11,0.61,1724.31,130,536.75,27.3,0,10.23,0,1.92,1.41,0.01,0,101.63,-125.53
2025-12-27T14:35:00Z,-59.46,0,23.91,0,44,42.69,0.11,0,45.23,9.25,1.97,1720.7,134.99,533.99,27.18,0,2.23,0,2.11,1.43,0.01,0,38.91,-194.91
2025-12-27T14:40:00Z,-100.39,0,144.55,0,40,42.02,0.11,0,0,5.81,0.63,1717.09,148.2,533.87,27.07,0,13.84,0,1.92,1.41,0.01,0,132.03,-94.56
2025-12-27T14:45:00Z,-86.08,0,120.12,0,40,42.02,0.11,0,0,6.41,3.83,1713.48,145.1,533.8,26.95,0,11.13,0,1.92,1.41,0.01,0,108.53,-76.58
2025-12-27T14:50:00Z,-102.85,0,141.01,0,40,42.02,0.11,0,0,11.29,1.89,1709.87,141.73,535.95,26.83,0,12.82,0,1.92,1.41,0.01,0,124.12,-130.12
2025-12-27T14:55:00Z,-135.75,0,196.34,0,40,42.02,0.1,0,0,12.41,0.77,1706.26,155.31,536.16,26.72,0,17.91,0,1.92,1.41,0.01,0,173.48,-103.58
2025-12-27T15:00:00Z,-1.06,0,58.92,0,43,42.02,0.11,0,5.77,13.14,4.47,1702.65,158.46,533.54,26.6,0,5.31,0,2.06,1.41,0.01,0,60.24,-89.72
2025-12-27T15:05:00Z,-1.92,0,55.94,0,43,42.69,0.11,0,24.54,11.6,2.57,1687.25,161.36,536.58,26.65,0,5.07,0,2.06,1.43,0.01,0,58.62,-90.22
2025-12-27T15:10:00Z,-7.86,0,100.5,0,41,42.02,0.11,0,1.36,18.65,0.97,1671.85,177.72,534.27,26.7,0,9.16,0,1.97,1.41,0.01,0,90.25,-92.05
2025-12-27T15:15:00Z,-10.29,0,124.81,0,40,42.69,0.11,0,0,17.07,3.4,1656.44,184.03,533.19,26.75,0,11.01,0,1.92,1.43,0.01,0,106.15,-91.71
2025-12-27T15:20:00Z,-10.58,0,143.18,0,41,42.69,0.11,0,0,16.5,1.06,1641.04,176.03,535.87,26.8,0,12.61,0,1.97,1.43,0.01,0,120.99,-92.23
2025-12-27T15:25:00Z,-10.79,0,172.16,0,41,41.34,0.11,0,0.47,16.92,0.62,1625.63,173.08,532.91,26.85,0,15.02,0,1.97,1.38,0.01,0,142.94,-63.53
2025-12-27T15:30:00Z,-15.71,0,151.17,0,40,42.69,0.1,0,0,56.32,4.85,1610.23,116.41,529.7,26.9,0,13.17,0,1.92,1.43,0.01,0,124.95,-64.47
2025-12-27T15:35:00Z,-7.39,0,146.06,0,40,42.02,0.11,0,0,69.13,2.91,1592.34,108.61,531.26,27.2,0,12.75,0,1.92,1.41,0.01,0,121.12,-64.2
2025-12-27T15:40:00Z,-5.31,0,167.21,0,41,42.69,0.11,0,0.4,65.63,2.59,1574.44,106.4,528.35,27.5,0,14.5,0,1.97,1.43,0.01,0,138.24,-64.78
2025-12-27T15:45:00Z,-2.16,0,185.79,0,43,42.02,0.11,0,5.33,62.4,6.07,1556.55,107.53,526.42,27.8,0,16.01,0,2.06,1.41,0.01,0,153.06,-65.76
2025-12-27T15:50:00Z,-52.47,0,267.76,0,40,42.02,0.11,0,0,62.8,2.87,1538.66,123.41,524.83,28.1,0,22.17,0,1.92,1.41,0.01,0,223.97,-65.75
2025-12-27T15:55:00Z,-34.77,0,292.05,0,42,42.69,0.11,0,0.55,56.32,2.68,1520.77,110.9,519.71,28.4,0,24.5,0,2.02,1.43,0.01,0,250.66,-63.34
2025-12-27T16:00:00Z,-23.85,0,309.79,-0.1,42,42.69,0.11,0,3.81,59.91,5.17,1502.87,127.11,515.62,28.7,0,24.11,0,2.02,1.43,0.01,0,249.99,-57.5
2025-12-27T16:05:00Z,-50.48,0,349.31,-0.1,42,42.69,0.1,0,3.78,62.44,4.24,1477.12,126.95,514.32,28.88,0,26.1,0,2.02,1.43,0.01,0,287.69,-15.08
2025-12-27T16:10:00Z,-59.3,0,315.19,-0.1,40,42.02,0.11,0,0.17,120.56,13.7,1451.36,76.59,495.2,29.07,0,22.2,0,1.92,1.41,0.01,0,236.9,-19.98
2025-12-27T16:15:00Z,-5.87,0,286.13,0,40,42.69,0.11,0,0.25,101.6,9.88,1425.6,100.72,507.22,29.25,0,20.33,0,1.92,1.43,0.01,0,214.05,-51.35
2025-12-27T16:20:00Z,-48.06,0,428.66,0,40,42.69,0.1,0,0,66.28,4.35,1399.84,134.6,500.93,29.43,0,28.16,0,1.92,1.43,0.01,0,351.3,-19.98
2025-12-27T16:25:00Z,-4.52,0,374.4,0,42,42.69,0.11,0,2.18,80.56,6.3,1374.08,117.32,499.7,29.62,0,23.6,0,2.02,1.43,0.01,0,277.67,-19.98
2025-12-27T16:30:00Z,-0.22,0,379.9,0,44,42.02,0.11,0,20.3,88.18,10.14,1348.33,122.89,495.51,29.8,0,24.89,0,2.11,1.41,0.01,0,290.7,-19.98
2025-12-27T16:35:00Z,-36.96,0,440.63,0,40,42.69,0.11,0,11.25,110.96,6.62,1319.74,122.09,493.22,29.58,0,27.58,0,1.92,1.43,0.01,0,352.31,-16.29
2025-12-27T16:40:00Z,-8.06,0,399.33,0,43,42.69,0.1,0,8.85,129.29,12.26,1291.16,100.52,481.01,29.37,0,23.12,0,2.06,1.43,0.01,0,285.2,-15.08
2025-12-27T16:45:00Z,-0.41,0,392.54,0,44,42.69,0.11,0,8.18,140.88,20.9,1262.58,101.68,468.86,29.15,0,23.14,0,2.11,1.43,0.01,0,284.35,-15.08
2025-12-27T16:50:00Z,-2.62,0,416.46,0,44,42.02,0.11,0,12.3,141.76,23.32,1234,120.53,465.03,28.93,0,23.99,0,2.11,1.41,0.01,0,306.15,-11.8
2025-12-27T16:55:00Z,-2.79,0,445.1,0,43,42.02,0.1,0,5.91,137.44,40.37,1205.41,133.69,438.03,28.72,0,25.09,0,2.06,1.41,0.01,0,333.94,-11.79
2025-12-27T17:00:00Z,-2.85,0,426.99,0,43,42.69,0.11,0,32.53,165.53,43.13,1176.83,105.82,441.26,28.5,0,22.03,0,2.06,1.43,0.01,0,285.29,-11.78
2025-12-27T17:05:00Z,-3.86,0,505.82,0,43,31.28,0.11,0,6.28,184.86,41.67,1143.15,97.14,437.42,28.38,0,27.34,0,2.06,1.05,0.01,0,388.48,-11.66
2025-12-27T17:10:00Z,-0.21,0,534.34,0,40,0,0.11,0,2.47,216.84,48.72,1109.47,42.14,418.36,28.27,0,28.19,0,1.92,0,0.01,0,409.21,-7
2025-12-27T17:15:00Z,-2.5,0,492.29,0,40,0,0.11,0,0.36,253.51,99.8,1075.79,23.9,355.89,28.15,0,25.2,0,1.92,0,0.01,0,333.9,-7
2025-12-27T17:20:00Z,-0.9,0,483.08,0,42,0,0.11,0,8.2,261.93,99,1042.11,22.58,324.63,28.03,0,24.19,0,2.02,0,0.01,0,324.55,-7
2025-12-27T17:25:00Z,-0.36,0,555.82,0,43,0,0.11,0,17.6,251.23,97.11,1008.43,20.5,322.85,27.92,0,27.51,0,2.06,0,0.01,0,412.13,-7
2025-12-27T17:30:00Z,-0.3,0,570.46,0,44,0,0.11,0,30.47,248.4,94.2,974.75,21.37,273.4,27.8,0,27.68,0,2.11,0,0.01,0,435.49,-9.5
2025-12-27T17:35:00Z,-0.29,0,489.94,0,47,0,0.11,0,81.46,255.51,126.01,937.27,24.49,252.59,27.93,0,24.11,0,2.26,0,0.01,0,330.61,-9.45
2025-12-27T17:40:00Z,-2.92,0,578.57,0,40,0,0.11,0,0.06,229.57,225.18,899.8,21.64,205.8,28.07,0,27.79,0,1.92,0,0.01,0,438.49,-11.66
2025-12-27T17:45:00Z,-1.66,0,583.24,0,40,0,0.11,0,15.69,183.77,218.05,862.32,66.08,130.98,28.2,0,28.09,0,1.92,0,0.01,0,490.08,-9.5
2025-12-27T17:50:00Z,-0.33,0,562.88,0,43,0,0.11,0,10.37,224.96,302.47,824.85,30.85,87.57,28.33,0,27.66,0,2.06,0,0.01,0,423.37,-7
2025-12-27T17:55:00Z,-2.9,0,618.46,0,40,0,0.11,0,1.01,221.32,311.93,787.37,18,11.99,28.47,0,30.01,0,1.92,0,0.01,0,517.67,-2.98
2025-12-27T18:00:00Z,-4.73,0,551.57,0,40,0,0.11,0,0.44,245.21,369.37,749.9,16.81,0.49,28.6,0,26.37,0,1.92,0,0.01,0,400.04,-2.99
2025-12-27T18:05:00Z,-4.7,0,582.3,0,40,0,0.11,0,0,249.7,356.42,709.8,17.41,0.23,28.7,0,27.49,0,1.92,0,0.01,0,458.96,0
2025-12-27T18:10:00Z,-5.46,0,626.63,0,40,0,0.11,0,8.37,266.35,336.09,669.7,0,0.12,28.8,0,31.32,0,1.92,0,0.01,0,579.4,0
2025-12-27T18:15:00Z,-11.31,0,634.2,0,40,0,0.11,0,65.63,253.2,321.34,629.6,0,0,28.9,0,31.07,0,1.92,0,0.01,0,595.9,0
2025-12-27T18:20:00Z,-12.33,0,619.62,0,42,0,0.11,0,134.22,266.45,304.45,589.51,0,0,29,0,31.76,0,2.02,0,0.01,0,575.13,0
2025-12-27T18:25:00Z,-0.9,0,593.33,0,43,0,0.11,0,204.39,251.5,283.31,549.41,0,0,29.1,0,31.06,0,2.06,0,0.01,0,538.99,124
2025-12-27T18:30:00Z,-0.35,0,566.21,0,41,0,0.11,0,264.86,242.36,258.29,509.31,0,0,29.2,0,29.42,0,1.97,0,0.01,0,502.73,18.2
2025-12-27T18:35:00Z,0,0,592.46,0,42,0,0.11,0,319.98,245.09,241.91,472.39,0,0,29.17,0,31.93,0,2.02,0,0.01,0,558.92,124
2025-12-27T18:40:00Z,0,0,583.55,0,43,0,0.11,0,342.12,241.51,217.21,435.48,0,0,29.13,0,32.52,0,2.06,0,0.01,0,596.43,56.2
2025-12-27T18:45:00Z,-2.77,0,591.81,0,40,0,0.11,0,372.46,261.47,201.6,398.56,0,0,29.1,0,32.57,0,1.92,0,0.01,0,609.07,98
2025-12-27T18:50:00Z,-0.17,0,611.96,0,41,0,0.11,0,404.97,253.78,177.14,361.64,0,0,29.07,0,34.16,0,1.97,0,0.01,0,692.15,138
2025-12-27T18:55:00Z,-0.01,0,560.67,0,40,0,0.11,0,467.71,264.68,158.84,324.72,0,0,29.03,0,31.11,0,1.92,0,0.01,0,570.04,124
2025-12-27T19:00:00Z,0,0,631.88,0,40,0,0.11,0,468.47,261.48,142.1,287.81,0,0,29,0,35.73,0,1.92,0,0.01,0,795.54,96.79
2025-12-27T19:05:00Z,-0.01,0,583.59,0,42,0,0.11,75.15,470.73,262.34,118.78,260.27,0,0,28.78,0,33.54,0,2.02,0,0.01,3.69,729.51,119.67
2025-12-27T19:10:00Z,-0.05,0,594.93,0,40,0,0.11,79.12,484.76,267.19,100.65,232.73,0,0,28.57,0,34.63,0,1.92,0,0.01,3.89,796.26,56.2
2025-12-27T19:15:00Z,-0.06,0,608.96,0,40,0,0.11,77.91,508.3,276.31,86.06,205.2,0,0,28.35,0,35.81,0,1.92,0,0.01,3.83,852.81,138
2025-12-27T19:20:00Z,-0.07,0,602.75,0,40,0,0.11,104.54,530.5,261.03,70.03,177.66,0,0,28.13,0,35.62,0,1.92,0,0.01,5.14,881.49,129.99
2025-12-27T19:25:00Z,-0.01,0,556.04,0,40,0,0.11,78.95,571.68,296.32,53.64,150.12,0,0,27.92,0,32.97,0,1.92,0,0.01,3.88,733.05,129.99
2025-12-27T19:30:00Z,-0.45,0,621.63,0,40,0,0.11,80.31,584.53,263.19,38.71,122.58,0,0,27.7,0,36.81,0,1.92,0,0.01,3.95,1009.55,95.48
2025-12-27T19:35:00Z,-0.04,0,594.04,0,40,0,0.11,79.53,585.5,301.5,27.4,105.49,0,0,27.43,0,35.53,0,1.92,0,0.01,3.91,910,138
2025-12-27T19:40:00Z,-0.08,0,555.1,0,40,0,0.11,10.79,677.58,338.7,18.85,88.39,0,0,27.17,0,33.59,0,1.92,0,0.01,0.53,698.52,124
2025-12-27T19:45:00Z,-0.03,0,557.68,0,40,0,0.11,9,672.85,334.62,11.24,71.3,0,0,26.9,0,34.16,0,1.92,0,0.01,0.44,754.03,138
2025-12-27T19:50:00Z,-0.35,0,599.78,0,40,0,0.11,59.43,556.22,388.86,6.47,54.2,0,0,26.63,0,36.39,0,1.92,0,0.01,2.92,979.54,138
2025-12-27T19:55:00Z,-0.59,0,494.36,0.01,40,0,0.11,40.76,579.29,467.56,3.51,37.11,0,0,26.37,0,30.03,0,1.92,0,0.01,2,605.22,98
2025-12-27T20:00:00Z,-0.46,0,585.37,0,40,0,0.11,79.65,438.9,502.85,1.24,20.01,0,0,26.1,0,35.35,0,1.92,0,0.01,3.91,994.65,56.2
2025-12-27T20:05:00Z,-2.71,0,586.72,0.01,40,0,0.11,79.68,398.08,532.8,0.36,16.68,0,0,25.85,0,35.45,0,1.92,0,0.01,3.92,1035.98,56.2
2025-12-27T20:10:00Z,-0.53,0,603.03,0,40,0,0.11,79.82,356.17,562.57,0.07,13.34,0,0,25.6,0,36.62,0,1.92,0,0.01,3.92,1136.22,138
2025-12-27T20:15:00Z,-23.21,0,616.84,0,40,0,0.11,135.65,289.71,580.94,0.01,10.01,0,0,25.35,0,37.01,0,1.92,0,0.01,6.67,1314.38,43.66
2025-12-27T20:20:00Z,-1.96,0,570.51,0,40,0,0.11,78.25,329.99,608.3,0.01,6.67,0,0,25.1,0,34.17,0,1.92,0,0.01,3.85,976.43,56.2
2025-12-27T20:25:00Z,-2.74,0,608.3,0.01,40,0,0.11,79.45,266.87,653.03,0.01,3.34,0,0,24.85,0,36.43,0,1.92,0,0.01,3.9,1174.45,138
2025-12-27T20:30:00Z,-21.24,0,576.64,0,41,0,0.11,84.54,264.7,670.05,0.01,0,0,0,24.6,0,35.26,0,1.97,0,0.01,4.15,1073.86,125
2025-12-27T20:35:00Z,-25.8,0,582.92,0.01,40,0,0.11,77.93,244.92,696.03,0.01,0,0,0,24.77,0,35.52,0,1.92,0,0.01,3.83,1100.01,125
2025-12-27T20:40:00Z,0,0,570.64,0,43,0,0.11,82.17,216.31,731.18,0.01,0,0,0,24.93,0,35.11,0,2.06,0,0.01,4.04,985.06,125
2025-12-27T20:45:00Z,-0.21,0,602.93,0,40,0,0.11,77.97,186.76,740.63,0.01,0,0,0,25.1,0,36.69,0,1.92,0,0.01,3.83,1151.56,37.56
2025-12-27T20:50:00Z,-0.65,0,575.23,0,40,0,0.11,79.65,229.9,745.03,0,0,0,0,25.27,0,35.24,0,1.92,0,0.01,3.91,950.29,98
2025-12-27T20:55:00Z,-1.67,0,596.68,0,40,0,0.11,78.89,184.4,763.11,0,0,0,0,25.43,0,36.16,0,1.92,0,0.01,3.88,1075.6,98
2025-12-27T21:00:00Z,-0.46,0,625.75,0,40,0,0.11,79.73,140.19,769.47,0,0,0,0,25.6,0,38.46,0,1.92,0,0.01,3.92,1318.42,35.95
2025-12-27T21:05:00Z,-0.56,0,639.07,0,40,0,0.11,80.09,134.87,767.85,0,0,0,0,25.28,0,40.16,0,1.92,0,0.01,3.94,1440.99,138
2025-12-27T21:10:00Z,-0.38,0,577.93,0,43,0,0.11,83.39,154.82,769.56,0,0,0,0,24.97,0,36.3,0,2.06,0,0.01,4.1,1078.31,35.59
2025-12-27T21:15:00Z,-5.33,0,570.56,0,42,0,0.11,81.39,195.51,751.23,0,0,0,0,24.65,0,35.9,0,2.02,0,0.01,4,1017.63,79.05
2025-12-27T21:20:00Z,-0.86,0,644.24,0,40,0,0.11,79.07,113.17,746.28,0,0,0,0,24.33,0,40.43,0,1.92,0,0.01,3.89,1663.83,44.61
2025-12-27T21:25:00Z,-61.39,0,611.9,0,43,0,0.11,80.78,201.59,744.59,0,0,0,0,24.02,0,38.76,0,2.06,0,0.01,3.97,1354.91,48.07
2025-12-27T21:30:00Z,-11.99,0,670.12,0,40,0,0.1,79.73,122.65,737.73,0,0,0,0,23.7,0,41.41,0,1.92,0,0.01,3.92,1902.45,79.05
2025-12-27T21:35:00Z,-2.35,0,629.12,0,41,0,0.11,79.84,113,738.03,0,0,0,0,23.58,0,38.6,0,1.97,0,0.01,3.92,1568.15,41.87
2025-12-27T21:40:00Z,-0.37,0,583.92,0,42,0,0.11,167.7,45.24,752.09,0,0,0,0,23.47,0,36.58,0,2.02,0,0.01,8.24,1329.39,40.51
2025-12-27T21:45:00Z,-0.57,0,552.81,0,42,0,0.11,174.38,37.37,757.25,0,0,0,0,23.35,0,34.29,0,2.02,0,0.01,8.57,1176.54,41.83
2025-12-27T21:50:00Z,-16.94,0,609.09,0,40,0,0.11,174.58,0,754.76,0,0,0,0,23.23,0,37.59,0,1.92,0,0.01,8.58,1680.58,38.41
2025-12-27T21:55:00Z,-2.06,0,599.51,0,42,0,0.11,174.99,2.02,756.52,0,0,0,0,23.12,0,37.38,0,2.02,0,0.01,8.6,1539.85,41.9
2025-12-27T22:00:00Z,-13.29,0,588.46,0,43,0,0.11,175.3,2.17,769.72,0,0,0,0,23,0,36.63,0,2.06,0,0.01,8.61,1461.16,41.89
2025-12-27T22:05:00Z,-42.05,0,610.29,0,40,0,0.11,173.53,0.09,773.15,0,0,0,0,23,0,37.95,0,1.92,0,0.01,8.53,1736.19,31.31
2025-12-27T22:10:00Z,-8.34,0,454.76,0,41,0,0.11,174.78,88.45,778.59,0,0,0,0,23,0,28.76,0,1.97,0,0.01,8.59,761.26,48.52
2025-12-27T22:15:00Z,-0.36,0,577.78,0,43,0,0.11,20.71,116.59,769.94,0,0,0,0,23,0,36.28,0,2.06,0,0.01,1.02,1269.23,48.73
2025-12-27T22:20:00Z,-11.78,0,580.95,0,42,0,0.1,16.94,112.38,771.87,0,0,0,0,23,0,36.71,0,2.02,0,0.01,0.83,1354.41,31.31
2025-12-27T22:25:00Z,-0.32,0,573.46,0,42,0,0.11,9.84,110.15,773.64,0,0,0,0,23,0,36.6,0,2.02,0,0.01,0.48,1296.38,55.47
2025-12-27T22:30:00Z,-0.32,0,634.08,0,43,0,0.11,9.49,62.95,781.51,0,0,0,0,23,0,40.01,0,2.06,0,0.01,0.47,1943.87,41.9
2025-12-27T22:35:00Z,-2.91,0,599.81,0,42,0,0.11,0,115.8,769.39,0,0,0,0,22.8,0,37.81,0,2.02,0,0.01,0,1472.53,52.98
2025-12-27T22:40:00Z,-14.07,0,588.9,0,40,0,0.11,0,116.92,784.38,0,0,0,0,22.6,0,36.88,0,1.92,0,0.01,0,1375.95,51.97
2025-12-27T22:45:00Z,-0.56,0,635.42,0,42,0,0.11,0,41.47,772.45,0,0,0,0,22.4,0,39.83,0,2.02,0,0.01,0,2282.58,38.84
2025-12-27T22:50:00Z,-0.87,0,567.07,0,42,0,0.11,0,58.21,806.21,0,0,0,0,22.2,0,35.73,0,2.02,0,0.01,0,1337.85,39.26
2025-12-27T22:55:00Z,-6.06,0,635.27,0,40,0,0.11,0,0.21,806.06,0,0,0,0,22,0,39.78,0,1.92,0,0.01,0,2440.84,29.23
2025-12-27T23:00:00Z,-1.94,0,595.12,0,43,0,0.11,0,18.4,818.96,0,0,0,0,21.8,0,36.92,0,2.06,0,0.01,0,1651.08,60.08
2025-12-27T23:05:00Z,-42.71,0,652.35,0,40,0,0.11,0,0,826.92,0,0,0,0,21.68,0,40.7,0,1.92,0,0.01,0,2974.76,60.08
2025-12-27T23:10:00Z,-37.68,0,642.23,0,43,0,0.11,0,5.53,810.91,0,0,0,0,21.57,0,40.24,0,2.06,0,0.01,0,2826.66,67.25
2025-12-27T23:15:00Z,-1.37,0,557.56,0,40,0,0.11,0,0.52,846.42,0,0,0,0,21.45,0,34.81,0,1.92,0,0.01,0,1343.44,41.36
2025-12-27T23:20:00Z,-7.16,0,534.09,0,40,0,0.11,0,0.19,859.22,0,0,0,0,21.33,0,33.28,0,1.92,0,0.01,0,1179.4,45.79
2025-12-27T23:25:00Z,-1.6,0,531.16,0,42,0,0.11,0,0.54,867.38,0,0,0,0,21.22,0,33.47,0,2.02,0,0.01,0,1128.81,52.13
2025-12-27T23:30:00Z,-50.24,0,571.62,0,42,0,0.1,0,2.27,873.36,0,0,0,0,21.1,0,35.94,0,2.02,0,0.01,0,1539.55,53.08
2025-12-27T23:35:00Z,-58.51,0,581.81,0,40,0,0.11,0,0.76,876.89,0,0,0,0,21.25,0,36.65,0,1.92,0,0.01,0,1668.4,36.74
2025-12-27T23:40:00Z,-0.89,0,575.34,0,42,0,0.11,0,10.24,857.16,0,0,0,0,21.4,0,37.28,0,2.02,0,0.01,0,1415.15,52.85
2025-12-27T23:45:00Z,-2.64,0,566.01,0,40,0,0.11,0,2.98,871.09,0,0,0,0,21.55,0,36.17,0,1.92,0,0.01,0,1323.19,55.25
2025-12-27T23:50:00Z,-3.23,0,543.21,0,40,0,0.11,0,6.95,882.39,0,0,0,0,21.7,0,34.45,0,1.92,0,0.01,0,1139.8,36.97
2025-12-27T23:55:00Z,-6.39,0,504.61,0,40,0,0.11,0,1.89,914.53,0,0,0,0,21.85,0,31.9,0,1.92,0,0.01,0,910.98,33.91
2025-12-28T00:00:00Z,-3.53,0,481.18,0,40,0,0.11,0,0.49,923.13,0,0,0,0,22,0,31.1,0,1.92,0,0.01,0,827.42,34.04
2025-12-28T00:05:00Z,-0.33,0,488.86,0,43,0,0.11,0,4.55,912.14,0,0,0,0,22,0,32.07,0,2.06,0,0.01,0,870.57,45.05
2025-12-28T00:10:00Z,-1.06,0,484.45,0,41,0,0.11,0,3.54,946.53,0,0,0,0,22,0,31.83,0,1.97,0,0.01,0,802.1,35.8
2025-12-28T00:15:00Z,-8.54,0,483.83,0,40,0,0.11,0,3.88,951.51,0,0,0,0,22,0,31.97,0,1.92,0,0.01,0,808.37,34.64
2025-12-28T00:20:00Z,-0.18,0,408.67,0,44,0,0.11,0,38.28,963.65,0,0,0,0,22,0,27.07,0,2.11,0,0.01,0,549.64,51.57
2025-12-28T00:25:00Z,-0.24,0,483.1,0,43,0,0.11,0,9.36,942.81,0,0,0,0,22,0,32.02,0,2.06,0,0.01,0,799.05,43.91
2025-12-28T00:30:00Z,-4.74,0,434.16,0,40,0,0.11,0,0.14,988.13,0,0,0,0,22,0,29.33,0,1.92,0,0.01,0,636.29,33.49
2025-12-28T00:35:00Z,-3.63,0,432.49,0,42,0,0.11,0,11.87,997.31,0,0,0,0,21.68,0,29.24,0,2.02,0,0.01,0,609.72,43.34
2025-12-28T00:40:00Z,-1.05,0,436.61,0,43,0,0.11,0,1.02,1005.44,0,0,0,0,21.37,0,29.31,0,2.06,0,0.01,0,615.42,47.19
2025-12-28T00:45:00Z,-44.75,0,473.93,0,41,0,0.11,0,0.08,1004.81,0,0,0,0,21.05,0,31.3,0,1.97,0,0.01,0,757.17,37.88
2025-12-28T00:50:00Z,-2.78,0,416.38,0,40,0,0.11,0,0.27,1028.03,0,0,0,0,20.73,0,27.36,0,1.92,0,0.01,0,541.31,30.92
2025-12-28T00:55:00Z,-4.79,0,379.74,0,41,0,0.11,0,17.37,1034.75,0,0,0,0,20.42,0,25.38,0,1.97,0,0.01,0,463.11,38.42
2025-12-28T01:00:00Z,-1.24,0,374.03,0,41,0,0.11,0,0.58,1049.41,0,0,0,0,20.1,0,24.85,0,1.97,0,0.01,0,449.7,37.96
2025-12-28T01:05:00Z,-4.9,0,357.79,0,40,0,0.1,0,0.13,1070.09,0,0,0,0,19.97,0,23.63,0,1.92,0,0.01,0,410.14,37.91
2025-12-28T01:10:00Z,-1.11,0,350.71,0,42,0,0.11,0,1.26,1066.01,0,0,0,0,19.83,0,23.12,0,2.02,0,0.01,0,398.34,32.47
2025-12-28T01:15:00Z,-2.73,0,320.71,0,40,0,0.11,0,0.36,1112.53,0,0,0,0,19.7,0,20.8,0,1.92,0,0.01,0,328.74,32.77
2025-12-28T01:20:00Z,-6.31,0,322.25,0,40,0,0.11,0,0.21,1099.87,0,0,0,0,19.57,0,20.77,0,1.92,0,0.01,0,335.51,32.82
2025-12-28T01:25:00Z,-2.71,0,264.71,0,40,0,0.11,0,0.22,1124.1,0,0,0,0,19.43,0,16.84,0,1.92,0,0.01,0,251,13.58
2025-12-28T01:30:00Z,-1.35,0,284.54,0,42,0,0.11,0,0.17,1122.99,0,0,0,0,19.3,0,17.92,0,2.02,0,0.01,0,272.19,21.29
2025-12-28T01:35:00Z,-5.41,0,275.88,0,41,0,0.11,0,0.33,1120.8,0,0,0,0,19.93,0,17.16,0,1.97,0,0.01,0,260.65,20.48
2025-12-28T01:40:00Z,-1.66,0,297.59,0,41,0,0.11,0,0.14,1097.5,0,0,0,0,20.57,0,18.37,0,1.97,0,0.01,0,290.76,30.65
2025-12-28T01:45:00Z,-5.31,0,305.2,0,42,0,0.11,0,0.44,1088.64,0,0,0,0,21.2,0,18.68,0,2.02,0,0.01,0,302.78,30.44
2025-12-28T01:50:00Z,-7.13,0,281.69,0,41,0,0.11,0,0.4,1099.18,0,0,0,0,21.83,0,17.29,0,1.97,0,0.01,0,271.43,20.04
2025-12-28T01:55:00Z,-2.02,0,299.45,0,41,0,0.11,0,1.04,1082.39,0,0,0,0,22.47,0,18.51,0,1.97,0,0.01,0,298.6,21.21
2025-12-28T02:00:00Z,-4.49,0,289.99,0,40,0,0.11,0,0.24,1083.1,0,0,0,0,23.1,0,17.77,0,1.92,0,0.01,0,285.09,20.42
2025-12-28T02:05:00Z,-7.61,0,273.93,0,41,0,0.11,0,2.79,1089.11,0,0,0,0,22.8,0,16.88,0,1.97,0,0.01,0,265.66,20.88
2025-12-28T02:10:00Z,-0.3,0,282.73,0,43,0,0.1,0,5.04,1087.11,0,0,0,0,22.5,0,17.5,0,2.06,0,0.01,0,275.53,21.17
2025-12-28T02:15:00Z,-3.13,0,268,0,42,0,0.11,0,0.18,1083.27,0,0,0,0,22.2,0,16.83,0,2.02,0,0.01,0,264.78,21.46
2025-12-28T02:20:00Z,-6.43,0,273.61,0,42,0,0.11,0,3.48,1083.84,0,0,0,0,21.9,0,17.32,0,2.02,0,0.01,0,273.22,20.96
2025-12-28T02:25:00Z,-3.83,0,269.48,0,40,0,0.11,0,0.11,1078.81,0,0,0,0,21.6,0,17.11,0,1.92,0,0.01,0,270.18,20.66
2025-12-28T02:30:00Z,-3.03,0,279.47,0,40,0,0.11,0,0.14,1074.36,0,0,0,0,21.3,0,17.65,0,1.92,0,0.01,0,282.36,20.68
2025-12-28T02:35:00Z,-16.51,0,292.15,0,40,0,0.11,0,0.01,1043.94,0,0,0,0,20.88,0,18.4,0,1.92,0,0.01,0,314.57,20
2025-12-28T02:40:00Z,-0.6,0,238.8,0,41,0,0.11,0,0.07,1087.81,0,0,0,0,20.47,0,15.07,0,1.97,0,0.01,0,229.98,19.13
2025-12-28T02:45:00Z,-0.78,0,261.68,-0.1,42,0,0.11,0,1.81,1062.63,0,0,0,0,20.05,0,16.6,0,2.02,0,0.01,0,264.73,21.11
2025-12-28T02:50:00Z,-5.82,0,238.98,-0.1,40,0,0.11,0,0.29,1079.22,0,0,0,0,19.63,0,15.15,0,1.92,0,0.01,0,234.3,18.18
2025-12-28T02:55:00Z,-2.85,0,239.88,0,42,0,0.11,0,1.37,1077.45,0,0,0,0,19.22,0,15.3,0,2.02,0,0.01,0,236.66,19.53
2025-12-28T03:00:00Z,-8.35,0,259.4,0,40,0,0.11,0,0.22,1077.63,0,0,0,0,18.8,0,16.54,0,1.92,0,0.01,0,260.61,19.55
2025-12-28T03:05:00Z,-7.37,0,234.97,0,41,0,0.11,0,0.12,1086.59,0,0,0,0,18.55,0,14.94,0,1.97,0,0.01,0,229.17,9.76
2025-12-28T03:10:00Z,-1.4,0,227.33,0,40,0,0.11,0,0.02,1095.27,0,0,0,0,18.3,0,14.43,0,1.92,0,0.01,0,216.44,23.48
2025-12-28T03:15:00Z,-92.73,0,269.72,0,42,0,0.11,0,2.78,1102.2,0,0,0,0,18.05,0,17.41,0,2.02,0,0.01,0,297.18,14.78
2025-12-28T03:20:00Z,-107.68,0,261.07,0,40,0,0.11,0,32.66,1100.9,0,0,0,0,17.8,0,16.82,0,1.92,0,0.01,0,279.52,9.53
2025-12-28T03:25:00Z,-4.29,0,149.04,0,42,0,0.11,0,51.9,1098.29,0,0,0,0,17.55,0,9.64,0,2.02,0,0.01,0,134.65,12.8
2025-12-28T03:30:00Z,-9.55,0,211.68,0,41,0,0.11,0,5.3,1075.03,0,0,0,0,17.3,0,13.79,0,1.97,0,0.01,0,210.09,13.57
2025-12-28T03:35:00Z,-1.8,0,205.81,0,40,0,0.11,0,0.72,1064.34,0,0,0,0,17.17,0,13.51,0,1.92,0,0.01,0,206.41,21.21
2025-12-28T03:40:00Z,-33.84,0,238.99,0,41,0,0.11,0,7.2,1060.68,0,0,0,0,17.03,0,15.82,0,1.97,0,0.01,0,255.36,13.59
2025-12-28T03:45:00Z,-2.97,0,227.08,0,41,0,0.11,0,1.03,1063.35,0,0,0,0,16.9,0,15.1,0,1.97,0,0.01,0,234.09,21.16
2025-12-28T03:50:00Z,-2.64,0,220.13,0,40,0,0.11,0,0.4,1059.37,0,0,0,0,16.77,0,14.64,0,1.92,0,0.01,0,226.71,13.56
2025-12-28T03:55:00Z,-2.46,0,210.77,0,40,0,0.11,0,0.34,1067.35,0,0,0,0,16.63,0,14.03,0,1.92,0,0.01,0,214.02,13.58
2025-12-28T04:00:00Z,-3.37,0,190.06,0,40,0,0.11,0,2.34,1081.56,0,0,0,0,16.5,0,12.66,0,1.92,0,0.01,0,188.08,13.65
2025-12-28T04:05:00Z,-9.37,0,179.66,0,40,0,0.11,0,0.42,1102.16,0,0,0,0,17.03,0,11.93,0,1.92,0,0.01,0,174.34,9.66
2025-12-28T04:10:00Z,-8.03,0,164.6,0,41,0,0.11,0,0.38,1118.15,0,0,0,0,17.57,0,10.9,0,1.97,0,0.01,0,156.58,9.57
2025-12-28T04:15:00Z,-0.73,0,189.25,-0.1,41,0,0.11,0,2.38,1098.98,0,0,0,0,18.1,0,12.55,0,1.97,0,0.01,0,183.01,18.61
2025-12-28T04:20:00Z,-1.46,0,146.77,-0.1,40,0,0.11,0,0.48,1119.29,0,0,0,0,18.63,0,9.68,0,1.92,0,0.01,0,137.74,18.14
2025-12-28T04:25:00Z,-11.26,0,170.82,-0.1,40,0,0.11,0,0.29,1110.35,0,0,0,0,19.17,0,11.28,0,1.92,0,0.01,0,163.56,18.14
2025-12-28T04:30:00Z,-0.93,0,169.38,-0.1,41,0,0.11,0,0.7,1107.43,0,0,0,0,19.7,0,11.16,0,1.97,0,0.01,0,160.96,18.15
2025-12-28T04:35:00Z,-4.4,0,165.71,0,40,0,0.11,0,0,1101.05,0,0,0,0,19.77,0,10.91,0,1.92,0,0.01,0,158.63,18.13
2025-12-28T04:40:00Z,-1.17,0,187.04,0,41,0,0.11,0,0.33,1092.57,0,0,0,0,19.83,0,12.33,0,1.97,0,0.01,0,181.55,18.66
2025-12-28T04:45:00Z,-1.86,0,191.62,0,40,0,0.11,0,0.46,1090.23,0,0,0,0,19.9,0,12.65,0,1.92,0,0.01,0,186.57,18.16
2025-12-28T04:50:00Z,-1.39,0,193.7,0,41,0,0.11,0,0.35,1098.27,0,0,0,0,19.97,0,12.81,0,1.97,0,0.01,0,187.8,18.17
2025-12-28T04:55:00Z,-1.71,0,197.76,0,41,0,0.11,0,0.37,1089.51,0,0,0,0,20.03,0,13.16,0,1.97,0,0.01,0,195.03,18.37
2025-12-28T05:00:00Z,-3.29,0,169.6,0,40,0,0.11,0,1.1,1102.77,0,0,0,0,20.1,0,11.22,0,1.92,0,0.01,0,162.44,18.09
2025-12-28T05:05:00Z,-1.88,0,166.73,0,41,0,0.11,0,0.56,1106.12,0,0,0,0,19.48,0,10.88,0,1.97,0,0.01,0,157.54,9.33
2025-12-28T05:10:00Z,-0.18,0,157.19,0,40,0,0.11,0,2.71,1110.72,0,0,0,0,18.87,0,10,0,1.92,0,0.01,0,143.69,17.86
2025-12-28T05:15:00Z,-6.11,0,175.15,0,42,0,0.11,0,4.62,1090.93,0,0,0,0,18.25,0,10.97,0,2.02,0,0.01,0,163.07,18.13
2025-12-28T05:20:00Z,-4.74,0,184.77,0,40,0,0.11,0,0,1094.19,0,0,0,0,17.63,0,11.5,0,1.92,0,0.01,0,170.53,17.84
2025-12-28T05:25:00Z,-13.43,0,187.82,0,40,0,0.11,0,0.02,1096.34,0,0,0,0,17.02,0,11.83,0,1.92,0,0.01,0,176.56,0.62
2025-12-28T05:30:00Z,-9.73,0,178.21,0,43,0,0.11,0,1.4,1078.24,0,0,0,0,16.4,0,11.32,0,2.06,0,0.01,0,171.87,9
2025-12-28T05:35:00Z,-2.62,0,163.29,0,41,0,0.11,0,0.47,1074.38,0.03,2.29,0,0,16.88,0,10.34,0,1.97,0,0.01,0,155.16,0.55
2025-12-28T05:40:00Z,-1.91,0,172.04,0,42,0,0.11,0,8.28,1054.26,0.21,4.58,0,0,17.37,0,10.82,0,2.02,0,0.01,0,164.7,0.64
2025-12-28T05:45:00Z,-14.44,0,163.23,0,40,0,0.11,0,0.94,1070.96,0.64,6.87,0,0,17.85,0,10.2,0,1.92,0,0.01,0,154.46,0
2025-12-28T05:50:00Z,-5.39,0,149.38,0,40,0,0.1,0,0.07,1068.89,2.51,9.16,0,0,18.33,0,9.21,0,1.92,0,0.01,0,138.39,-2.91
2025-12-28T05:55:00Z,-112.49,0,269.1,0,41,0,0.11,0,0.23,1069.08,6.37,11.45,0,0,18.82,0,16.4,0,1.97,0,0.01,0,295.27,-5.4
2025-12-28T06:00:00Z,-8.71,0,160.39,0,42,0,0.1,0,0.97,1064.34,9.77,13.74,0,0,19.3,0,10.12,0,2.02,0,0.01,0,151.51,-6.91
2025-12-28T06:05:00Z,-2.94,0,158.66,0,42,0,0.11,0,0.59,1052.57,15.31,26.76,4.52,0,19.65,0,10.25,0,2.02,0,0.01,0,150.92,-7.01
2025-12-28T06:10:00Z,-2.9,0,218.21,0,42,0,0.11,0,0.72,991.01,21.57,39.77,64.16,10.28,20,0,14.53,0,2.02,0,0.01,0,227.27,-7.25
2025-12-28T06:15:00Z,-20,0,256.17,0,41,0,0.11,0,0.86,946.86,18.89,52.78,89.38,14.7,20.35,0,17.17,0,1.97,0,0.01,0,292.87,-7.25
2025-12-28T06:20:00Z,-1.8,0,227.38,0,45,0,0.11,0,10.17,918.18,26.07,65.79,99.06,21.03,20.7,0,15.12,0,2.16,0,0.01,0,248.09,-7.78
2025-12-28T06:25:00Z,-9.86,0,248.95,0,40,0,0.11,0,0.11,897.57,34.13,78.8,116.17,21.82,21.05,0,16.28,0,1.92,0,0.01,0,275.87,-8.05
2025-12-28T06:30:00Z,-13.17,0,239.88,0,40,0,0.11,0,0.26,887.49,50.69,91.82,119.07,33.45,21.4,0,16.26,0,1.92,0,0.01,0,267.06,-10.62
2025-12-28T06:35:00Z,-1.83,0,238.55,-0.1,42,0,0.11,0,2.63,872.61,56.75,115.72,116.24,30.31,21.55,0,16.21,0,2.02,0,0.01,0,257.55,-10.84
2025-12-28T06:40:00Z,-3.7,0,234.54,-0.1,43,0,0.11,0,1.05,865.22,65.96,139.63,109.62,41.17,21.7,0,15.72,0,2.06,0,0.01,0,243.51,-12.08
2025-12-28T06:45:00Z,-11.49,0,283.19,0,40,0,0.11,0,0.08,816.68,79.37,163.53,122.86,45.24,21.85,0,19.51,0,1.92,0,0.01,0,319.56,-19.73
2025-12-28T06:50:00Z,-5.8,0,244.79,0,40,0,0.11,0,0.22,802.94,74.75,187.44,118.85,69.42,22,0,16.48,0,1.92,0,0.01,0,258.4,-20
2025-12-28T06:55:00Z,-3.49,0,265.8,0,40,0,0.11,0,0.07,741.79,87.11,211.34,145.82,77.7,22.15,0,17.75,0,1.92,0,0.01,0,291.09,-20
2025-12-28T07:00:00Z,-2.82,0,298.6,0,42,0,0.1,0,0.24,683.17,103.88,235.25,194.34,82.73,22.3,0,19.89,0,2.02,0,0.01,0,344.47,-20
2025-12-28T07:05:00Z,-6.2,0,254.13,0,40,0,0.11,0,0.23,685.65,108.26,269.07,171.24,93.19,22.73,0,16.84,0,1.92,0,0.01,0,267.16,-13.33
2025-12-28T07:10:00Z,-9.23,0,174.58,0,40,0,0.11,0,1.65,727.25,140.42,302.89,131.17,78.41,23.17,0,11.7,0,1.92,0,0.01,0,158.95,-11.16
2025-12-28T07:15:00Z,-9.19,0,127.05,0,41,0,0.11,0,1.58,732.6,156.9,336.7,114.9,66.17,23.6,0,8.49,0,1.97,0,0.01,0,110.82,-14.25
2025-12-28T07:20:00Z,-3.84,0,130.35,0,40,0,0.11,0,0.33,694.42,167.4,370.52,156.62,88.18,24.03,0,8.66,0,1.92,0,0.01,0,111.62,-13.87
2025-12-28T07:25:00Z,-1.89,0,193.84,0,44,0,0.11,0,6.76,665,176.05,404.34,144.69,185.06,24.47,0,12.83,0,2.11,0,0.01,0,162.98,-15.08
2025-12-28T07:30:00Z,-9.89,0,218.81,0,40,0,0.11,0,0.03,638.01,98.78,438.16,148.79,202.18,24.9,0,14.56,0,1.92,0,0.01,0,200.55,-20
2025-12-28T07:35:00Z,-6.91,0,340.12,0,43,0,0.11,0,1.51,599.81,31.4,478.15,154.19,338.42,25.08,0,22.46,0,2.06,0,0.01,0,364.79,-14.9
2025-12-28T07:40:00Z,-8.17,0,411.69,0,40,5.78,0.11,0,0.02,492.19,32.93,518.14,241.06,307.15,25.27,0,27.4,0,1.92,0.19,0.01,0,529.18,-14.09
2025-12-28T07:45:00Z,-11.22,0,362.41,0,40,35.3,0.11,0,0,470.57,36.74,558.13,216.59,352.45,25.45,0,24.12,0,1.92,1.18,0.01,0,425.8,-14.24
2025-12-28T07:50:00Z,-5.18,0,348.29,0,40,40.67,0.11,0,0.33,444.94,38.12,598.12,220.57,372.5,25.63,0,23.2,0,1.92,1.36,0.01,0,392.93,-14.72
2025-12-28T07:55:00Z,-0.19,0,320.2,0,43,46.04,0.11,0,4.86,434.67,39.43,638.11,199.76,361.55,25.82,0,21.23,0,2.06,1.54,0.01,0,336.59,-15.83
2025-12-28T08:00:00Z,-4.37,0,315.39,0,42,70.2,0.11,0,2.49,418.77,13.27,678.1,194.59,399.05,26,0,20.93,0,2.02,2.35,0.01,0,335.39,-19.64
2025-12-28T08:05:00Z,-9.75,0,373.21,0,43,73.56,0.11,0,1.47,376.06,9.07,720.18,194,426.77,26.28,0,24.87,0,2.06,2.46,0.01,0,419.76,-14.65
2025-12-28T08:10:00Z,-1.99,0,302.63,0,43,73.56,0.11,0,2.89,366.37,35.89,762.26,213.14,384.87,26.57,0,19.74,0,2.06,2.46,0.01,0,297.4,-14.91
2025-12-28T08:15:00Z,-2.55,0,280.46,0,41,97.72,0.11,0,0.11,339.19,39.2,804.35,194.61,391.14,26.85,0,18.32,0,1.97,3.27,0.01,0,272.22,-41
2025-12-28T08:20:00Z,-4.03,0,339.53,0,45,113.15,0.11,0,8.32,263.68,16.62,846.43,247.49,429.06,27.13,0,22.23,0,2.16,3.79,0.01,0,356.09,-50.87
2025-12-28T08:25:00Z,-2.37,0,300.71,0,42,160.13,0.11,0,0.72,249.54,6.17,888.51,260.94,447.97,27.42,0,19.95,0,2.02,5.36,0.01,0,314.17,-20
2025-12-28T08:30:00Z,-6.73,0,237.52,0,42,168.18,0.11,0,5.68,279.45,6.07,930.6,212.25,430.99,27.7,0,15.29,0,2.02,5.63,0.01,0,231.83,-63.58
2025-12-28T08:35:00Z,-33.71,0,286.12,0,43,168.18,0.1,0,1.76,237.32,5.7,970.18,241.29,439.19,28.03,0,19.8,0,2.06,5.63,0.01,0,298.3,-41.97
2025-12-28T08:40:00Z,-169.92,0,435.43,0,39,162.81,0.11,0,0,237.07,4.36,1009.77,224.69,440.11,28.37,0,28.45,0,1.87,5.45,0.01,0,506.49,-51.88
2025-12-28T08:45:00Z,-140.62,0,385.64,0,40,162.81,0.11,0,0,228.06,3.81,1049.36,246.68,457.6,28.7,0,25.61,0,1.92,5.45,0.01,0,413.23,-41.97
2025-12-28T08:50:00Z,-129.78,0,348.35,0,41,164.16,0.11,0,0.01,232,5.14,1088.94,240.84,449.58,29.03,0,23.89,0,1.97,5.5,0.01,0,357.26,-21
2025-12-28T08:55:00Z,-284.02,0,463.62,0,40,164.16,0.11,0,0,240.36,7.62,1128.53,240.43,454.18,29.37,0,30.6,0,1.92,5.5,0.01,0,547.71,-51.99
2025-12-28T09:00:00Z,-206.72,0,397.47,0,42,167.51,0.11,0,2.15,214.37,4.74,1168.12,239.56,463.28,29.7,0,27,0,2.02,5.61,0.01,0,417.73,-41.49
2025-12-28T09:05:00Z,-222.12,0,383.85,0,42,165.5,0.11,0,1.49,208.39,8.79,1202.19,226.05,463.37,29.82,0,26.41,0,2.02,5.54,0.01,0,398.72,-21
2025-12-28T09:10:00Z,-301.79,0,422.89,0,44,168.85,0.11,0,12.95,202.56,9.69,1236.26,223.05,480.08,29.93,0,28.82,0,2.11,5.65,0.01,0,462.34,-51.23
2025-12-28T09:15:00Z,-127.49,0,272.89,0,43,167.51,0.11,0,0.09,186.09,6.53,1270.33,240.19,486.24,30.05,0,19.2,0,2.06,5.61,0.01,0,253.32,-41.97
2025-12-28T09:20:00Z,-287.64,0,452.76,0,40,163.49,0.11,0,0,171.39,4.86,1304.4,214.55,484.7,30.17,0,31.46,0,1.92,5.47,0.01,0,494.01,-41.97
2025-12-28T09:25:00Z,-284.75,0,412.76,0,42,166.84,0.11,0,0.15,163.53,6.15,1338.47,223.76,488.97,30.28,0,28.65,0,2.02,5.59,0.01,0,426.69,-51.16
2025-12-28T09:30:00Z,-225.8,0,380.04,0,40,162.81,0.11,0,0,147.53,3.89,1372.54,216.24,485.8,30.4,0,26.6,0,1.92,5.45,0.01,0,363.71,-89
2025-12-28T09:35:00Z,-253.71,0,428.89,0,41,167.51,0.11,0,0.54,101.67,1.55,1399.59,226.53,501.4,30.48,0,30.79,0,1.97,5.61,0.01,0,447.29,-51.41
2025-12-28T09:40:00Z,-225.58,0,411.88,0,43,168.18,0.11,0,0.32,110.36,3.83,1426.63,174.27,493.43,30.57,0,29.01,0,2.06,5.63,0.01,0,395.1,-20.57
2025-12-28T09:45:00Z,-207.08,0,326.23,0,40,163.49,0.11,0,0,115.72,7.44,1453.68,150.19,496.16,30.65,0,24.69,0,1.92,5.47,0.01,0,308.78,-49.75
2025-12-28T09:50:00Z,-159.95,0,364.04,0,39,110.47,0.1,0,0,91.32,4.25,1480.73,168.67,511.81,30.73,0,25.2,0,1.87,3.7,0.01,0,307.27,-19.88
2025-12-28T09:55:00Z,-165.51,0,401.21,0,40,42.02,0.11,0,0,106.29,7.46,1507.77,110.81,510.08,30.82,0,31.77,0,1.92,1.41,0.01,0,370.51,-15.08
2025-12-28T10:00:00Z,-127.66,0,317.39,0,41,43.36,0.11,0,0.05,101.56,10.24,1534.82,100.74,500.9,30.9,0,23.4,0,1.97,1.45,0.01,0,250.27,-15.08
2025-12-28T10:05:00Z,-151.59,0,332.57,0,40,43.36,0.11,0,0.3,100.01,10.72,1552.62,92.76,512.22,31.12,0,24.88,0,1.92,1.45,0.01,0,268.47,-15.08
2025-12-28T10:10:00Z,-157.07,0,421.9,0,41,43.36,0.11,0,0.15,82.2,10.82,1570.42,81.98,511.59,31.33,0,29.88,0,1.97,1.45,0.01,0,341.82,-38.5
2025-12-28T10:15:00Z,-59.53,0,364.25,0,40,43.36,0.11,0,0.15,46.54,6.91,1588.22,114.43,519.84,31.55,0,29.94,0,1.92,1.45,0.01,0,307.16,-11.66
2025-12-28T10:20:00Z,-96.76,0,338.81,0,40,43.36,0.11,0,0,61.19,42.16,1606.01,66,491.35,31.77,0,26.22,0,1.92,1.45,0.01,0,261.73,-9.51
2025-12-28T10:25:00Z,-120.48,0,292.99,0,42,43.36,0.11,0,0.12,66.11,71.55,1623.81,46.43,464.39,31.98,0,21.95,0,2.02,1.45,0.01,0,212.78,-11.66
2025-12-28T10:30:00Z,-155.36,0,340.65,0,42,43.36,0.11,0,0.28,59.89,66.42,1641.61,44.56,462.68,32.2,0,26.97,0,2.02,1.45,0.01,0,269.05,-11.01
2025-12-28T10:35:00Z,-157.74,0,342.88,0,40,43.36,0.11,0,0,53.92,65.59,1656.38,41.46,463.67,32.25,0,26.62,0,1.92,1.45,0.01,0,264.96,-51.16
2025-12-28T10:40:00Z,-64.48,0,345.5,0,42,43.36,0.11,0,2.21,29.2,12.29,1671.14,61.29,527.72,32.3,0,27.96,0,2.02,1.45,0.01,0,271.28,-15.08
2025-12-28T10:45:00Z,-85.43,0,342.19,0,40,43.36,0.11,0,0,37.41,31.04,1685.91,37.16,505.46,32.35,0,26.39,0,1.92,1.45,0.01,0,253.32,-11.01
2025-12-28T10:50:00Z,-135.9,0,339.32,0,40,43.36,0.11,0,0,38.07,62.89,1700.67,26.89,466.78,32.4,0,26.21,0,1.92,1.45,0.01,0,251.84,-20
2025-12-28T10:55:00Z,-65.85,0,320.79,0,43,42.69,0.1,0,2.5,30.83,16.25,1715.44,29.61,527.26,32.45,0,25.39,0,2.06,1.43,0.01,0,236.76,-15.08
2025-12-28T11:00:00Z,-92.6,0,358.55,0,40,42.69,0.11,0,0,29.21,23.32,1730.21,24.83,515.48,32.5,0,28.47,0,1.92,1.43,0.01,0,270.02,-11.01
2025-12-28T11:05:00Z,-126.73,0,356.19,0,40,42.69,0.11,0,0,24.64,62.91,1736.78,23.78,468.65,32.75,0,28.27,0,1.92,1.43,0.01,0,266.45,-15.08
2025-12-28T11:10:00Z,-95.04,0,375.26,0,40,43.36,0.11,0,0,17.45,31.66,1743.35,24.4,502.44,33,0,30.68,0,1.92,1.45,0.01,0,290.78,-11.01
2025-12-28T11:15:00Z,-138.11,0,370.22,0,40,42.69,0.11,0,0,18.95,65.22,1749.92,22.51,465.89,33.25,0,26.95,0,1.92,1.43,0.01,0,258.22,-15.08
2025-12-28T11:20:00Z,-92.81,0,372.74,0,42,42.69,0.11,0,0.53,14.2,20.58,1756.49,22.19,515.97,33.5,0,29.81,0,2.02,1.43,0.01,0,282.9,-11.01
2025-12-28T11:25:00Z,-120.87,0,366.46,0,40,43.36,0.11,0,0.01,14.32,62.09,1763.06,21.94,465.9,33.75,0,29.55,0,1.92,1.45,0.01,0,275.22,-9.5
2025-12-28T11:30:00Z,-121.99,0,357.15,0,40,43.36,0.11,0,0,15.25,68.4,1769.63,18.16,466.99,34,0,29.08,0,1.92,1.45,0.01,0,267.21,-11.01
2025-12-28T11:35:00Z,-119.69,0,343.33,0,40,43.36,0.11,0,0.05,11.07,66.73,1777.72,18.14,470.02,33.77,0,27.23,0,1.92,1.45,0.01,0,248.82,-7
2025-12-28T11:40:00Z,-204.75,0,357.2,0,42,42.69,0.11,0,0.21,12.53,142.08,1785.8,13.76,386.14,33.53,0,29.5,0,2.02,1.43,0.01,0,270.17,-15.08
2025-12-28T11:45:00Z,-77.25,0,325.69,0,43,42.69,0.11,0,1.09,17.03,46.37,1793.88,18.78,499.84,33.3,0,25.88,0,2.06,1.43,0.01,0,228.71,-8.5
2025-12-28T11:50:00Z,-132.59,0,335.97,0,41,43.36,0.11,0,1.56,13.85,94.88,1801.97,16.8,443.91,33.07,0,27.91,0,1.97,1.45,0.01,0,246.05,0
2025-12-28T11:55:00Z,-295.8,0,338.29,0,40,42.69,0.11,0,0,17.58,202.85,1810.05,14.59,319,32.83,0,27.13,0,1.92,1.43,0.01,0,247.34,-7
2025-12-28T12:00:00Z,-290.43,0,349.83,0,43,43.36,0.11,0,0.37,17.27,207.77,1818.13,16.56,335.73,32.6,0,29.26,0,2.06,1.45,0.01,0,264.06,-8.5
2025-12-28T12:05:00Z,-186.78,0,352.91,0,40,43.36,0.1,0,0,13.79,119.08,1821.35,16.51,419.85,32.73,0,28.4,0,1.92,1.45,0.01,0,254.58,-8.5
2025-12-28T12:10:00Z,-199.68,0,362.92,0,41,43.36,0.11,0,0.27,16.73,128,1824.56,16.26,409.38,32.87,0,29.82,0,1.97,1.45,0.01,0,267.53,-7
2025-12-28T12:15:00Z,-180.87,0,365.87,0,43,43.36,0.11,0,1.02,14.62,138.59,1827.77,17.11,405.63,33,0,29.04,0,2.06,1.45,0.01,0,256.76,-7
2025-12-28T12:20:00Z,-217.68,0,328.46,0,40,43.36,0.11,0,0,16.97,194.32,1830.98,13.56,339.24,33.13,0,27.28,0,1.92,1.45,0.01,0,232.9,0
2025-12-28T12:25:00Z,-257.61,0,297.09,0,42,43.36,0.11,0,0.15,16.17,221.99,1834.2,13.75,317.28,33.27,0,23.54,0,2.02,1.45,0.01,0,202.17,1.1
2025-12-28T12:30:00Z,-277.93,0,298.17,0,43,42.69,0.11,0,2.52,17.09,222.28,1837.41,13.96,319,33.4,0,24.35,0,2.06,1.43,0.01,0,210.29,-8.5
2025-12-28T12:35:00Z,-214.15,0,356.06,0,41,43.36,0.11,0,0.02,19.92,134.96,1840.64,14.72,405.07,33.55,0,28.09,0,1.97,1.45,0.01,0,250.51,-7
2025-12-28T12:40:00Z,-231.03,0,384.94,0,44,43.36,0.11,0,1.4,21.72,168.18,1843.86,12.96,370.24,33.7,0,30.3,0,2.11,1.45,0.01,0,269.8,0
2025-12-28T12:45:00Z,-254.83,0,325.98,0,41,43.36,0.11,0,0.14,26.28,212.89,1847.09,10.75,317.28,33.85,0,24.5,0,1.97,1.45,0.01,0,210.74,-7
2025-12-28T12:50:00Z,-239.81,0,412.95,0,40,42.69,0.11,0,0,28.53,160.45,1850.31,11.28,394.47,34,0,30.22,0,1.92,1.43,0.01,0,274.18,0
2025-12-28T12:55:00Z,-238.76,0,335.05,0,40,42.69,0.11,0,0,44.33,214.24,1853.54,10.04,317.28,34.15,0,25.52,0,1.92,1.43,0.01,0,213.74,1.1
2025-12-28T13:00:00Z,-256.54,0,302.25,0,40,42.69,0.11,0,0,48.28,218.38,1856.77,9,319,34.3,0,21.87,0,1.92,1.43,0.01,0,183.77,-7
2025-12-28T13:05:00Z,-262.03,0,372.55,0,42,43.36,0.11,0,0.06,48.91,211.22,1854.09,7.84,331.8,34.18,0,30.23,0,2.02,1.45,0.01,0,258.44,0
2025-12-28T13:10:00Z,-278.55,0,326.31,0,43,42.69,0.11,0,0.01,59.66,219.1,1851.41,7.52,317.28,34.07,0,23.21,0,2.06,1.43,0.01,0,198.98,0
2025-12-28T13:15:00Z,-287.05,0,324.31,0,41,42.69,0.11,0,0.62,64.07,222.94,1848.73,7.05,317.28,33.95,0,23.77,0,1.97,1.43,0.01,0,202.7,9.1
2025-12-28T13:20:00Z,-276.51,0,314.13,0,44,43.36,0.11,0,0.41,56.11,224.87,1846.06,7.84,319,33.83,0,23.09,0,2.11,1.45,0.01,0,196.93,-7
2025-12-28T13:25:00Z,-291.09,0,382.36,0,42,43.36,0.11,0,0.02,62.72,220.58,1843.38,7.73,323.93,33.72,0,28.18,0,2.02,1.45,0.01,0,246.83,0
2025-12-28T13:30:00Z,-283.64,0,356.6,0,41,43.36,0.11,0,0,58.95,222.29,1840.7,9.21,319,33.6,0,25.36,0,1.97,1.45,0.01,0,220.53,-7
2025-12-28T13:35:00Z,-276.74,0,414.26,0,41,43.36,0.1,0,0,51.49,202.82,1841.56,8.19,342.01,33.72,0,30.14,0,1.97,1.45,0.01,0,270.47,1.1
2025-12-28T13:40:00Z,-232.39,0,344.1,0,43,43.36,0.11,0,3.72,51.85,222.57,1842.41,8.58,318.62,33.83,0,24.65,0,2.06,1.45,0.01,0,207.35,21.21
2025-12-28T13:45:00Z,-223.96,0,324.12,0,40,43.36,0.11,0,0,54.41,227.7,1843.26,7.69,312.44,33.95,0,23.68,0,1.92,1.45,0.01,0,195.51,-7.25
2025-12-28T13:50:00Z,-245.78,0,391.92,0,40,43.36,0.11,0,0.4,55.46,216.37,1844.12,10.67,293.4,34.07,0,28.05,0,1.92,1.45,0.01,0,241.46,-7
2025-12-28T13:55:00Z,-245.32,0,375.13,0,40,42.69,0.11,0,0,60.57,270.62,1844.97,9.09,269.29,34.18,0,25.9,0,1.92,1.43,0.01,0,214.26,1.1
2025-12-28T14:00:00Z,-266.12,0,273.89,0,43,43.36,0.11,0,2.66,67.69,328.76,1845.82,9.09,207.86,34.3,0,20.03,0,2.06,1.45,0.01,0,157.78,-7
2025-12-28T14:05:00Z,-243.11,0,384.5,0,41,42.69,0.11,0,0.03,62.27,268.46,1839.44,9.71,281.56,34.28,0,26.51,0,1.97,1.43,0.01,0,220.75,-7
2025-12-28T14:10:00Z,-265.2,0,372.54,0,40,43.36,0.1,0,0,57.18,290.98,1833.06,10.37,237.27,34.27,0,26.21,0,1.92,1.45,0.01,0,218.22,-7
2025-12-28T14:15:00Z,-249.51,0,365.66,0,40,43.36,0.11,0,0.01,63.55,302.44,1826.68,11.07,237.09,34.25,0,25.58,0,1.92,1.45,0.01,0,209.18,1.1
2025-12-28T14:20:00Z,-265.05,0,340.81,0,42,43.36,0.11,0,1.04,58.91,331.08,1820.31,20.2,205.25,34.23,0,23.41,0,2.02,1.45,0.01,0,190.81,-7
2025-12-28T14:25:00Z,-233.41,0,351.08,0,43,43.36,0.11,0,0.78,68.45,308,1813.93,15.01,237.29,34.22,0,24.92,0,2.06,1.45,0.01,0,201.61,-7
2025-12-28T14:30:00Z,-230.67,0,388.09,-0.1,40,43.36,0.11,0,0,73.99,298.2,1807.55,14.83,245.52,34.2,0,26.46,0,1.92,1.45,0.01,0,217.77,-7
2025-12-28T14:35:00Z,-250.61,0,399.87,0,40,43.36,0.11,0,0,71.13,316.12,1797.96,17.51,216.82,34.28,0,27.13,0,1.92,1.45,0.01,0,226.22,-7
2025-12-28T14:40:00Z,-236.23,0,391.85,0,40,43.36,0.11,0,0,73.93,327.47,1788.38,15.31,215.19,34.37,0,26.4,0,1.92,1.45,0.01,0,217.24,1.1
2025-12-28T14:45:00Z,-235,0,359.16,0,41,43.36,0.11,0,0,70.75,332.96,1778.79,15.52,209,34.45,0,24.35,0,1.97,1.45,0.01,0,199.29,-7
2025-12-28T14:50:00Z,-178.81,0,394.66,0,42,43.36,0.11,0,0.5,79.14,281.91,1769.2,15.91,274.96,34.53,0,26.76,0,2.02,1.45,0.01,0,220.88,-8.5
2025-12-28T14:55:00Z,-98.38,0,436.71,0.01,40,43.36,0.11,0,0,73.01,213.46,1759.62,18.15,330.29,34.62,0,29.48,0,1.92,1.45,0.01,0,247.28,21.21
2025-12-28T15:00:00Z,-179.17,0,349.07,0,42,42.69,0.11,0,1.03,81.42,332.27,1750.03,12.72,205,34.7,0,23.33,0,2.02,1.43,0.01,0,186.72,-7
2025-12-28T15:05:00Z,-173.66,0,441.76,0.01,43,43.36,0.1,0,4.54,82.63,301.68,1734.58,11.51,248.46,34.73,0,28.9,0,2.06,1.45,0.01,0,243.98,0
2025-12-28T15:10:00Z,-263.45,0,405.59,0.01,41,43.36,0.11,0,0,90.68,330.71,1719.13,12.95,97.1,34.77,0,25.94,0,1.97,1.45,0.01,0,226.47,-11.5
2025-12-28T15:15:00Z,-217.95,0,533.99,0.01,42,43.36,0.11,0,0.28,95.36,297.41,1703.68,13.54,248.75,34.8,0,33.93,0,2.02,1.45,0.01,0,313.86,-8.5
2025-12-28T15:20:00Z,-146.45,0,462.55,0.01,43,43.36,0.11,0,1.87,89.74,338.08,1688.24,12.55,195.08,34.83,0,28.73,0,2.06,1.45,0.01,0,242.57,-7
2025-12-28T15:25:00Z,-147.03,0,456.54,0.01,43,42.69,0.11,0,0.9,80.1,372.1,1672.79,31.37,161.2,34.87,0,27.81,0,2.06,1.43,0.01,0,233.67,-8.5
2025-12-28T15:30:00Z,-105.66,0,463.07,0.01,42,43.36,0.11,0,0.66,81.3,340.25,1657.34,30.1,198.06,34.9,0,28.2,0,2.02,1.45,0.01,0,238.13,-7
2025-12-28T15:35:00Z,-124.07,0,454.93,0.01,42,43.36,0.11,0,0.15,88.1,380.86,1640.7,21.45,149.63,34.92,0,27.5,0,2.02,1.45,0.01,0,229.97,-7
2025-12-28T15:40:00Z,-127.73,0,493.06,0.01,40,43.36,0.11,0,0,89.9,379.25,1624.06,33.09,155.31,34.93,0,29.74,0,1.92,1.45,0.01,0,255.46,-7
2025-12-28T15:45:00Z,-151.32,0,516.09,0.01,41,43.36,0.11,0,0,84.95,386.67,1607.42,17.03,137.99,34.95,0,30.33,0,1.97,1.45,0.01,0,270.78,-9.5
2025-12-28T15:50:00Z,-26.33,0,489.39,0.01,43,43.36,0.1,0,2.86,79.96,317.34,1590.78,19.15,222.01,34.97,0,28.26,0,2.06,1.45,0.01,0,244.2,-8.66
2025-12-28T15:55:00Z,-20.12,0,509.89,0.01,43,42.69,0.11,0,11.31,80.66,316.89,1574.13,16.93,213.83,34.98,0,28.6,0,2.06,1.43,0.01,0,250.31,-7.81
2025-12-28T16:00:00Z,-15.02,0,489.6,0.01,41,43.36,0.11,0,2.4,76.84,344.91,1557.49,16.33,180.51,35,0,26.22,0,1.97,1.45,0.01,0,227.82,-8.5
2025-12-28T16:05:00Z,-19.05,0,561.87,0.01,41,43.36,0.11,0,0,68.61,332.52,1532.7,16.33,168.91,35.03,0,30.88,0,1.97,1.45,0.01,0,286.42,-7
2025-12-28T16:10:00Z,-11.59,0,513.33,0.01,40,43.36,0.11,0,0,87.65,382.9,1507.91,8.49,130.62,35.07,0,26.95,0,1.92,1.45,0.01,0,236.79,-7
2025-12-28T16:15:00Z,-5.2,0,536.91,0.01,42,43.36,0.11,0,2.8,93.34,376.17,1483.12,8.06,143.1,35.1,0,28.4,0,2.02,1.45,0.01,0,255.22,-3.34
2025-12-28T16:20:00Z,-72.89,0,559.31,0.05,40,43.36,0.11,0,0,96.32,417.38,1458.33,7.82,77.68,35.13,0,29.51,0.01,1.92,1.45,0.01,0,277.31,-2.98
2025-12-28T16:25:00Z,-94.02,0,578.12,0.05,40,43.36,0.1,0,0,109.19,420.63,1433.54,8.3,75.8,35.17,0,29.64,0.01,1.92,1.45,0.01,0,288.28,-2.98
2025-12-28T16:30:00Z,-98.89,0,591.75,0.05,40,43.36,0.11,0,0.04,115.05,419.61,1408.75,2.21,72.43,35.2,0,29.64,0.01,1.92,1.45,0.01,0,296.55,-5.92
2025-12-28T16:35:00Z,-32.91,0,590.37,0.05,40,43.36,0.11,0,1.27,115.86,418.1,1376,2.21,70.39,35.17,0,29.8,0.01,1.92,1.45,0.01,0,290.36,-6.26
2025-12-28T16:40:00Z,-41.98,0,630.36,0.05,40,43.36,0.11,0,0.55,121.8,417.97,1343.25,0,79.54,35.13,0,33.86,0.01,1.92,1.45,0.01,0,345.17,-3
2025-12-28T16:45:00Z,-2.17,0,594.66,0.05,43,43.36,0.11,0,3.33,122.37,414.85,1310.5,0,67.4,35.1,0,32.28,0.01,2.06,1.45,0.01,0,320.45,-3.01
2025-12-28T16:50:00Z,-4.17,0,594.43,0.05,43,43.36,0.11,0,6.46,153.48,408.94,1277.76,0,65.25,35.07,0,31.2,0.01,2.06,1.45,0.01,0,312.25,-5.96
2025-12-28T16:55:00Z,-0.55,0,653.49,0.05,43,42.69,0.11,0,3.67,164.45,406.65,1245.01,0,61.72,35.03,0,33.29,0.01,2.06,1.43,0.01,0,352.77,-3.04
2025-12-28T17:00:00Z,-3.74,0,710.88,0.05,41,43.36,0.11,0,1.2,157.14,403.6,1212.26,0,60.57,35,0,35.08,0.01,1.97,1.45,0.01,0,403.96,0
2025-12-28T17:05:00Z,-0.35,0,513.27,0.05,44,43.36,0.11,0,191.78,165.04,400.31,1173.11,5.39,57.03,34.83,0,25.55,0.01,2.11,1.45,0.01,0,232.37,0
2025-12-28T17:10:00Z,-23.49,0,679.2,0.05,39,43.36,0.11,0,43.45,199.36,439.36,1133.97,5.39,2.25,34.67,0,34.09,0.01,1.87,1.45,0.01,0,375.55,0
2025-12-28T17:15:00Z,-54.25,0,740.18,0.05,40,43.36,0.11,0,9.44,219.21,446.48,1094.82,0,1.95,34.5,0,37.85,0.01,1.92,1.45,0.01,0,467.17,0.01
2025-12-28T17:20:00Z,-91.25,0,816.75,0.05,43,43.36,0.11,0,11.98,216.56,441.72,1055.67,0,1.89,34.33,0,41.86,0.01,2.06,1.45,0.01,0,602.23,31.31
2025-12-28T17:25:00Z,-96.43,0,794.02,0.05,40,43.36,0.1,0,67.95,235.86,435.84,1016.53,0,0,34.17,0,41.46,0.01,1.92,1.45,0.01,0,566.89,27.27
2025-12-28T17:30:00Z,-14.5,0,791.42,0.05,43,43.36,0.11,0,34.54,236.58,429.94,977.38,5.39,0,34,0,42.23,0.01,2.06,1.45,0.01,0,572.55,21.63
2025-12-28T17:35:00Z,-0.89,0,596.86,0.05,42,43.36,0.11,0,233.19,240.8,422.47,937.49,5.39,0,34,0,31.9,0.01,2.02,1.45,0.01,0,321.21,0
2025-12-28T17:40:00Z,-108.07,0,759.65,0.05,58,43.36,0.1,0,216.03,230.86,412.56,897.6,5.39,0.41,34,0,41.8,0.01,2.78,1.45,0.01,0,557.66,124
2025-12-28T17:45:00Z,-2.92,0,718.28,0.05,61,43.36,0.11,0,149.33,248.34,403.18,857.71,0,0,34,0,40.01,0.01,2.93,1.45,0.01,0,511.36,34.48
2025-12-28T17:50:00Z,-24.82,0,807.61,0.05,60,42.69,0.1,0,158.89,245.61,393.67,817.82,5.39,0,34,0,45.81,0.01,2.88,1.43,0.01,0,678.67,123.45
2025-12-28T17:55:00Z,-99.44,0,826.63,0.05,57,43.36,0.1,0,264.27,233.24,380.4,777.93,0,0,34,0,48.03,0.01,2.74,1.45,0.01,0,754.79,138
2025-12-28T18:00:00Z,-97.76,0,811.5,0.05,56,43.36,0.1,0,323.83,250.82,368.81,738.04,0,0,34,0,47.03,0.01,2.69,1.45,0.01,0,704.52,31.31
2025-12-28T18:05:00Z,-0.41,0,713.76,0.05,63,43.36,0.11,49.91,299.97,268.67,356.02,698.38,0,0,33.93,0,42.09,0.01,3.02,1.45,0.01,2.45,552.27,124
2025-12-28T18:10:00Z,-2.8,0,703.4,0.05,56,88.99,0.1,48.58,284.41,280.2,334.63,658.72,0,0,33.87,0,40.13,0.01,2.69,2.98,0.01,2.39,553.22,90.44
2025-12-28T18:15:00Z,-21.31,0,747.28,0.05,62,105.77,0.11,49.06,291.26,286.41,322.41,619.05,0,0,33.8,0,42.81,0.01,2.98,3.54,0.01,2.41,641.84,58.25
2025-12-28T18:20:00Z,-0.01,0,650.52,0.05,57,58.79,0.11,48.66,442.42,295.99,302.53,579.39,0,0,33.73,0,37.62,0.01,2.74,1.97,0.01,2.39,473.13,90.44
2025-12-28T18:25:00Z,-0.23,0,748.3,0.05,57,72.22,0.11,49.24,353.02,304.64,284.36,539.73,0,0,33.67,0,42.15,0.01,2.74,2.42,0.01,2.42,654.54,98
2025-12-28T18:30:00Z,-0.04,0,748.16,0.08,60,123.22,0.11,51.39,334.19,326.64,258.83,500.07,0,0,33.6,0,43.09,0.01,2.88,4.13,0.01,2.53,696.95,138
2025-12-28T18:35:00Z,-0.43,0,688.83,0.05,63,179.59,0.1,52.86,351.84,340.07,235.51,464.02,0,0,33.52,0,40.19,0.01,3.02,6.01,0.01,2.6,623.46,137.74
2025-12-28T18:40:00Z,-0.43,0,711.33,0.08,61,218.52,0.11,49.81,364.03,350.13,210.22,427.96,0,0,33.43,0,42.19,0.01,2.93,7.32,0.01,2.45,679.11,108.44
2025-12-28T18:45:00Z,-0.31,0,631.35,0.08,61,216.5,0.11,90.01,396.85,390.07,190.83,391.91,0,0,33.35,0,37.22,0.01,2.93,7.25,0.01,4.42,562.53,108.44
2025-12-28T18:50:00Z,-0.43,0,553.69,0.08,60,194.36,0.11,90.26,480.11,418.35,170.7,355.86,0,0,33.27,0,33,0.01,2.88,6.51,0.01,4.44,462.35,119.76
2025-12-28T18:55:00Z,0,0,554.75,0.08,61,217.84,0.11,89.88,442.47,472.72,158.46,319.81,0,0,33.18,0,33.36,0.01,2.93,7.29,0.01,4.42,477.14,98
2025-12-28T19:00:00Z,0,0,515.83,0.05,62,172.21,0.11,91.14,515.7,518.2,134.77,283.75,0,0,33.1,0,31.27,0.01,2.98,5.77,0.01,4.48,423.09,108.44
2025-12-28T19:05:00Z,-0.28,0,527.03,0.08,59,192.34,0.11,89.91,480.37,568.57,120.27,256.17,0,0,32.95,0,31.89,0.01,2.83,6.44,0.01,4.42,441.4,121.47
2025-12-28T19:10:00Z,0,0,494.13,0.05,62,219.19,0.1,91.87,488.97,590.25,97.77,228.58,0,0,32.8,0,30.73,0.01,2.98,7.34,0.01,4.51,425.73,108.44
2025-12-28T19:15:00Z,-1.51,0,562.73,0.08,57,216.5,0.11,89.68,434.89,601.57,79.76,200.99,0,0,32.65,0,35.31,0.01,2.74,7.25,0.01,4.41,534.45,108.44
2025-12-28T19:20:00Z,-0.48,0,555.41,0.08,57,162.81,0.11,90.01,478.04,639.79,67.37,173.4,0,0,32.5,0,35.63,0.01,2.74,5.45,0.01,4.42,520.4,119.67
2025-12-28T19:25:00Z,-0.01,0,562.33,0.08,57,217.17,0.11,89.45,412.6,667.49,50.13,145.81,0,0,32.35,0,36.37,0.01,2.74,7.27,0.01,4.4,565.62,98
2025-12-28T19:30:00Z,-0.47,0,521.15,0.08,57,168.18,0.11,90.58,472.02,704.06,36.43,118.22,0,0,32.2,0,33.41,0.01,2.74,5.63,0.01,4.45,493.25,138
2025-12-28T19:35:00Z,-0.94,0,555.02,0.08,58,215.16,0.11,118.78,350.95,744.15,26.08,101.64,0,0,31.97,0,36.05,0.01,2.78,7.2,0.01,5.84,587.99,108.44
2025-12-28T19:40:00Z,-0.48,0,516.44,0.08,57,174.22,0.11,88.35,444.21,780.19,18.11,85.06,0,0,31.73,0,33.94,0.01,2.74,5.83,0.01,4.34,497.48,138
2025-12-28T19:45:00Z,-1.83,0,539.09,0.08,57,220.53,0.11,150.36,304.27,799.39,10.05,68.48,0,0,31.5,0,34.89,0.01,2.74,7.38,0.01,7.39,588.24,124
2025-12-28T19:50:00Z,-0.77,0,538.41,0.08,58,218.52,0.11,90.93,320.99,815.24,5.81,51.9,0,0,31.27,0,35,0.01,2.78,7.32,0.01,4.47,582.01,79.05
2025-12-28T19:55:00Z,-0.26,0,536.5,0.08,58,168.85,0.11,91.02,368.45,840.93,4.03,35.32,0,0,31.03,0,34.7,0.01,2.78,5.65,0.01,4.47,554.9,79.05
2025-12-28T20:00:00Z,-0.17,0,595.15,0.05,60,107.11,0.11,91.54,341.15,867.24,1.2,18.74,0,0,30.8,0,39.26,0.01,2.88,3.59,0.01,4.5,675.91,138
2025-12-28T20:05:00Z,-1.06,0,582.18,0.05,62,166.17,0.11,147.74,217.59,861.09,0.29,15.62,0,0,30.43,0,38.19,0.01,2.98,5.56,0.01,7.26,730.16,108.44
2025-12-28T20:10:00Z,-0.52,0,554.39,0.05,63,197.04,0.11,92.58,229.29,878.68,0.1,12.49,0,0,30.07,0,37.07,0.01,3.02,6.6,0.01,4.55,669.71,108.44
2025-12-28T20:15:00Z,-48.96,0,563.96,0.05,63,196.37,0.11,92.59,253.85,878.69,0.02,9.37,0,0,29.7,0,37.19,0.01,3.02,6.58,0.01,4.55,699.27,108.44
2025-12-28T20:20:00Z,-0.78,0,553.44,0.05,61,184.29,0.11,91.77,201.48,887.89,0.02,6.25,0,0,29.33,0,36.23,0.01,2.93,6.17,0.01,4.51,680.86,79.05
2025-12-28T20:25:00Z,-0.58,0,560.06,0.05,63,130.6,0.11,92.93,230.47,903.94,0.02,3.12,0,0,28.97,0,37.05,0.01,3.02,4.37,0.01,4.57,681.2,90.44
2025-12-28T20:30:00Z,-0.7,0,578.82,0.05,61,119.86,0.11,91.02,204.72,914.01,0.02,0,0,0,28.6,0,37.88,0.01,2.93,4.01,0.01,4.47,729.28,90.44
2025-12-28T20:35:00Z,-24.88,0,595.17,0.05,63,91.68,0.11,91.25,227.82,916.22,0.02,0,0,0,28.47,0,39.18,0.01,3.02,3.07,0.01,4.48,775.61,90.44
2025-12-28T20:40:00Z,-23.39,0,662.58,0.05,65,66.18,0.11,93.43,269.82,872.94,0.02,0,0,0,28.33,0,44.28,0.01,3.12,2.22,0.01,4.59,954.51,138.04
2025-12-28T20:45:00Z,-26.88,0,583.15,0.05,66,119.86,0.1,169.05,201.69,844.41,0.02,0,0,0,28.2,0,39.64,0.01,3.17,4.01,0.01,8.31,836.35,138
2025-12-28T20:50:00Z,-50.28,0,553.83,0.05,64,178.25,0.11,167.56,168.05,857.94,0,0,0,0,28.07,0,37.93,0.01,3.07,5.97,0.01,8.23,796.59,108.44
2025-12-28T20:55:00Z,-50.21,0,554.81,0.05,62,220.53,0.11,92.94,151.59,911.97,0,0,0,0,27.93,0,38.2,0.01,2.98,7.38,0.01,4.57,764.48,148
2025-12-28T21:00:00Z,-49.59,0,529.7,0.05,81,221.2,0.11,174.7,153.4,817.8,0,0,67.6,0,27.8,0,36.16,0.01,3.89,7.41,0.01,8.59,773.99,108.44
2025-12-28T21:05:00Z,-57.57,0,587.99,0.05,61,195.03,0.1,88.87,190.79,877.48,0,0,0,0,27.48,0,40.17,0.01,2.93,6.53,0.01,4.37,844.15,54.42
2025-12-28T21:10:00Z,-49.57,0,503.95,0.01,63,140,0.11,92.93,151.04,1016.45,0,0,0,0,27.17,0,35.22,0,3.02,4.69,0.01,4.57,626.46,138
2025-12-28T21:15:00Z,-49.99,0,576.93,0.01,65,187.65,0.11,107.88,55.81,957.82,0,0,0,0,26.85,0,40.51,0,3.12,6.28,0.01,5.3,886.63,148
2025-12-28T21:20:00Z,-47.96,0,586.71,0.01,86,223.88,0.11,174.65,99.67,777.37,0,0,223.33,0,26.53,0,42.18,0,4.13,7.5,0.01,8.58,1029.78,108.44
2025-12-28T21:25:00Z,-52.89,0,510.14,0.01,69,201.07,0.11,91.08,9.62,1054.17,0,0,3.01,0,26.22,0,35.69,0,3.31,6.73,0.01,4.48,699.13,960.55
2025-12-28T21:30:00Z,-50.56,0,467.95,56.61,79,223.21,0.11,172.06,161.38,725.1,0,0,315.54,0,25.9,0,32.92,7.04,3.79,7.47,0.01,8.46,796.76,1
2025-12-28T21:35:00Z,-0.3,0,586.64,0.01,71,173.55,0.1,90.33,175.57,782.43,0,0,201.87,0,26.52,0,41.94,0,3.41,5.81,0.01,4.44,944.99,31.31
2025-12-28T21:40:00Z,0,0,380.65,0.01,63,115.84,0.11,92.23,210.73,992.54,0,0,2.72,0,27.13,0,27,0,3.02,3.88,0.01,4.53,421.76,67.02
2025-12-28T21:45:00Z,-9.03,0,329.52,0.01,58,66.18,0.11,90.35,197.62,1114.8,0,0,0,0,27.75,0,23.94,0,2.78,2.22,0.01,4.44,337.06,68.66
2025-12-28T21:50:00Z,-1.74,0,454.77,0.01,59,60.81,0.11,92.04,49.23,1120.03,0,0,0,0,28.37,0,32.8,0,2.83,2.04,0.01,4.52,547.62,39.49
2025-12-28T21:55:00Z,-0.7,0,494.95,0.01,61,60.14,0.11,91.52,10.66,1103.91,0,0,0,0,28.98,0,34.75,0,2.93,2.01,0.01,4.5,637.73,41.01
2025-12-28T22:00:00Z,-0.12,0,497.48,0.01,62,60.14,0.11,92.42,11.88,1092.53,0,0,0,0,29.6,0,34.41,0,2.98,2.01,0.01,4.54,642.05,90.44
2025-12-28T22:05:00Z,-32.85,0,487.55,0.01,61,110.47,0.11,89.92,7.42,1059.74,0,0,0,0,29.48,0,33.77,0,2.93,3.7,0.01,4.42,665.44,55.22
2025-12-28T22:10:00Z,-1.02,0,396.78,0.01,61,60.81,0.1,92.97,120.32,1046.51,0,0,0,0,29.37,0,27.78,0,2.93,2.04,0.01,4.57,455.14,37.19
2025-12-28T22:15:00Z,-0.19,0,378.69,0.01,61,60.14,0.11,92.68,132.04,1027.86,0,0,0,0,29.25,0,26.72,0,2.93,2.01,0.01,4.55,436.82,90.44
2025-12-28T22:20:00Z,-81.7,0,466.89,0.01,61,85.64,0.11,92.03,17.47,1084.19,0,0,0,0,29.13,0,32.44,0,2.93,2.87,0.01,4.52,648.02,62.87
2025-12-28T22:25:00Z,-0.12,0,433.85,0.01,61,60.81,0.11,92.99,34.02,1046.48,0,0,0,0,29.02,0,30.29,0,2.93,2.04,0.01,4.57,554.91,55.26
2025-12-28T22:30:00Z,-0.19,0,414.52,0.01,62,60.81,0.11,92.09,44.56,1052.96,0,0,0,0,28.9,0,29.51,0,2.98,2.04,0.01,4.53,521.94,71.11
2025-12-28T22:35:00Z,-2.84,0,394.29,0.01,59,60.14,0.11,89.28,0.32,1111.69,0,0,0,0,28.4,0,28.06,0,2.83,2.01,0.01,4.39,484.66,138.04
2025-12-28T22:40:00Z,-4.8,0,436.11,0.01,71,45.37,0.11,11.12,22.07,1131.59,0,0,0,0,27.9,0,31.12,0,3.41,1.52,0.01,0.55,522.68,302.06
2025-12-28T22:45:00Z,-2.14,0,450.39,0.01,89,0,0.11,10.42,21.47,1108.15,0,0,0,0,27.4,0,32.29,0,4.27,0,0.01,0.51,573.01,20299.99
2025-12-28T22:50:00Z,-0.23,0,476.3,102.77,111,0,0.11,0,107.99,860.78,0,0,237.06,0,26.9,0,33.84,8.76,5.33,0,0.01,0,814.58,60.08
2025-12-28T22:55:00Z,-11.02,0,486.03,-0.04,95,0,0.11,0,60.04,1036.28,0,0,0,0,26.4,0,34.54,0.03,4.56,0,0.01,0,676.35,379.95
2025-12-28T23:00:00Z,-33.23,0,398.98,31.96,103,0,0.11,0,1.05,1135.35,0,0,0,0,25.9,0,28.46,4.02,4.94,0,0.01,0,535.15,59.32
2025-12-28T23:05:00Z,-35.63,0,472.97,-0.14,93,0,0.1,0,0.31,1109.56,0,0,0,0,25.53,0,33.51,0.03,4.46,0,0.01,0,656.97,58.49
2025-12-28T23:10:00Z,-0.22,0,474.19,-0.14,70,0,0.11,0,7.27,1105.55,0,0,0,0,25.17,0,33.22,0.03,3.36,0,0.01,0,620.28,59.38
2025-12-28T23:15:00Z,-6.24,0,426.92,-0.14,59,0,48.33,0,16.97,1106.15,0,0,0,0,24.8,0,29.79,0.03,2.83,0,3.18,0,539.36,57.65
2025-12-28T23:20:00Z,-2.86,0,403.11,0.46,58,0,71.87,0,10.03,1094.92,0,0,0,0,24.43,0,28.07,0.03,2.78,0,4.85,0,517.02,38.38
2025-12-28T23:25:00Z,-41.25,0,457.26,0.46,59,0,72.77,0,3.41,1072.95,0,0,0,0,24.07,0,31.55,0.03,2.83,0,4.91,0,664.48,37.08
2025-12-28T23:30:00Z,-3.64,0,417.66,0.46,61,0,71.52,0,2.54,1053.92,0,0,0,0,23.7,0,28.71,0.03,2.93,0,4.83,0,570.08,38.45
2025-12-28T23:35:00Z,-7.06,0,455.5,0.46,59,0,71.66,0,0.21,1038.85,0,0,0,0,23.57,0,31.21,0.03,2.83,0,4.84,0,659.71,117.16
2025-12-28T23:40:00Z,-72.65,0,540.49,0.46,60,0,71.6,0,1.95,1056.09,0,0,0,0,23.43,0,36.93,0.03,2.88,0,4.83,0,928.98,25.17
2025-12-28T23:45:00Z,-6.47,0,443.84,0.01,60,0,71.8,0,29.05,1056.77,0,0,0,0,23.3,0,30.53,0,2.88,0,4.85,0,598.31,60.08
2025-12-28T23:50:00Z,-42.63,0,486.54,0.01,58,0,44.37,0,0.88,1095.51,0,0,0,0,23.17,0,33.45,0,2.78,0,3.18,0,706.22,24.69
2025-12-28T23:55:00Z,-15.7,0,443.46,0.01,59,0,45.05,0,44.57,1075.17,0,0,0,0,23.03,0,30.16,0,2.83,0,3.23,0,568.35,51
2025-12-29T00:00:00Z,-88.97,0,541.42,0,59,0,44.72,0,0.26,1062.4,0,0,0,0,22.9,0,36.99,0,2.83,0,3.2,0,963.34,24.59
2025-12-29T00:05:00Z,-42.52,0,488.29,0.01,59,0,44.89,0,0.73,1055.19,0,0,0,0,22.85,0,33.19,0,2.83,0,3.21,0,748.5,23.23
2025-12-29T00:10:00Z,-8.21,0,367.88,0.01,44,0,44.37,0,117.24,1052.52,0,0,0,0,22.8,0,25.11,0,2.11,0,3.18,0,413.58,36.45
2025-12-29T00:15:00Z,-12.31,0,501.91,0.01,41,0,45.06,0,14,1052.26,0,0,0,0,22.75,0,34.56,0,1.97,0,3.23,0,747.55,34.38
2025-12-29T00:20:00Z,-11.74,0,486.37,0.01,40,0,45.06,0,8.46,1062.53,0,0,0,0,22.7,0,33.37,0,1.92,0,3.23,0,702.5,32.34
2025-12-29T00:25:00Z,-12.31,0,485.11,0.01,40,0,45.23,0,7.94,1066.31,0,0,0,0,22.65,0,33.19,0,1.92,0,3.24,0,695.11,23.62
2025-12-29T00:30:00Z,-12.43,0,447.51,0.01,41,0,44.2,0,25.8,1075.13,0,0,0,0,22.6,0,30.64,0,1.97,0,3.16,0,591.06,23.61
2025-12-29T00:35:00Z,-14.23,0,447.22,0.01,40,0,44.89,0,26.19,1087.29,0,0,0,0,22.48,0,30.61,0,1.92,0,3.21,0,582.04,30.97
2025-12-29T00:40:00Z,-12.95,0,443.51,0.01,41,0,45.4,0,5.5,1110.55,0,0,0,0,22.37,0,30.22,0,1.97,0,3.25,0,570.12,32.21
2025-12-29T00:45:00Z,-40.71,0,462.16,0.01,40,0,45.06,0,1.14,1133.75,0,0,0,0,22.25,0,31.53,0,1.92,0,3.23,0,613.67,22.42
2025-12-29T00:50:00Z,-12.51,0,440.69,0,40,0,45.06,0,1.93,1139.91,0,0,0,0,22.13,0,29.92,0,1.92,0,3.23,0,543.84,23.64
2025-12-29T00:55:00Z,-1.35,0,377.35,0,40,0,45.06,0,8.48,1160.85,0,0,0,0,22.02,0,25.48,0,1.92,0,3.23,0,419.66,22.02
2025-12-29T01:00:00Z,-0.39,0,373.03,0.01,40,0,45.23,0,3.4,1177.27,0,0,0,0,21.9,0,25.26,0,1.92,0,3.24,0,408.94,22.08
2025-12-29T01:05:00Z,-42.22,0,391.53,0,41,0,45.4,0,0.19,1195.77,0,0,0,0,21.97,0,26.47,0,1.97,0,3.25,0,448.12,22.02
2025-12-29T01:10:00Z,-23.63,0,368.25,0,42,0,25.75,0,11.86,1205.06,0,0,0,0,22.03,0,25.06,0,2.02,0,1.84,0,388.74,22
2025-12-29T01:15:00Z,-23.22,0,345.11,0,41,0,3.36,0,25.01,1202.74,0,0,0,0,22.1,0,23.6,0,1.97,0,0.24,0,342.67,23.06
2025-12-29T01:20:00Z,-25.39,0,355.38,0,41,0,0.11,0,0.74,1204.61,0,0,0,0,22.17,0,24.33,0,1.97,0,0.01,0,364.67,23.45
2025-12-29T01:25:00Z,-133.78,0,472.71,0.01,41,0,0.11,0,1.5,1205.33,0,0,0,0,22.23,0,32.4,0,1.97,0,0.01,0,643.04,18.14
2025-12-29T01:30:00Z,-25.06,0,354.6,0,40,0,0.11,0,0.94,1222.09,0,0,0,0,22.3,0,24.2,0,1.92,0,0.01,0,354.93,30.33
2025-12-29T01:35:00Z,-25.83,0,326.25,0,40,0,0.11,0,0.14,1230.09,0,0,0,0,22.17,0,22.96,0,1.92,0,0.01,0,325.2,28.77
2025-12-29T01:40:00Z,-26.08,0,309.98,0,41,0,0.11,0,0.34,1233.87,0,0,0,0,22.03,0,22.52,0,1.97,0,0.01,0,312.95,26.56
2025-12-29T01:45:00Z,-25.07,0,319.97,0,42,0,0.11,0,3.72,1226.86,0,0,0,0,21.9,0,23.15,0,2.02,0,0.01,0,325.63,38.92
2025-12-29T01:50:00Z,-138.41,0,415.85,0,40,0,0.11,0,0.04,1240.8,0,0,0,0,21.77,0,30.35,0,1.92,0,0.01,0,533.02,28.72
2025-12-29T01:55:00Z,-34.38,0,306.32,0,40,0,0.11,0,0.04,1232.16,0,0,5.39,0,21.63,0,22.33,0,1.92,0,0.01,0,312.49,28.66
2025-12-29T02:00:00Z,-27.7,0,302.09,0,40,0,0.11,0,0.13,1230.65,0,0,5.39,0,21.5,0,22.02,0,1.92,0,0.01,0,305.34,29.25
2025-12-29T02:05:00Z,-116.02,0,381.16,0,41,0,0.11,0,0.38,1230.36,0,0,5.39,0,21.37,0,27.78,0,1.97,0,0.01,0,460.89,28.08
2025-12-29T02:10:00Z,-38.48,0,295.17,0,40,0,0.11,0,28,1201.5,0,0,5.39,0,21.23,0,21.37,0,1.92,0,0.01,0,298.67,24.95
2025-12-29T02:15:00Z,-26.69,0,252.28,0,40,0,0.11,0,45.57,1191.82,0,0,5.39,0,21.1,0,18.21,0,1.92,0,0.01,0,241.95,29.56
2025-12-29T02:20:00Z,-53.61,0,333.72,0,40,0,0.11,0,0.2,1166.74,0,0,5.39,0,20.97,0,24.06,0,1.92,0,0.01,0,380.47,18.71
2025-12-29T02:25:00Z,-26.35,0,290.91,0,40,0,0.11,0,4.06,1173.18,0,0,5.39,0,20.83,0,20.84,0,1.92,0,0.01,0,303.56,21.21
2025-12-29T02:30:00Z,-113.01,0,386.18,0,40,0,0.11,0,15.33,1155.99,0,0,5.39,0,20.7,0,27.51,0,1.92,0,0.01,0,495.92,16.7
2025-12-29T02:35:00Z,-27.98,0,304.44,0,40,0,0.1,0,0.04,1145.72,0,0,5.39,0,20.88,0,21.5,0,1.92,0,0.01,0,329.44,21.21
2025-12-29T02:40:00Z,-80.47,0,350.04,0,41,0,0.11,0,2.45,1146.79,0,0,5.39,0,21.07,0,24.58,0,1.97,0,0.01,0,419.43,18.69
2025-12-29T02:45:00Z,-69.26,0,341.39,0,41,0,0.11,0,2.97,1139.98,0,0,5.39,0,21.25,0,23.89,0,1.97,0,0.01,0,401.35,21
2025-12-29T02:50:00Z,-41.08,0,313.87,0,40,0,0.11,0,0.06,1148.39,0,0,5.39,0,21.43,0,21.81,0,1.92,0,0.01,0,341.63,21.21
2025-12-29T02:55:00Z,-58.43,0,312.22,0,40,0,0.11,0,3.15,1156,0,0,5.39,0,21.62,0,21.72,0,1.92,0,0.01,0,342.38,17.07
2025-12-29T03:00:00Z,-29.51,0,263.14,0,42,0,0.11,0,7.97,1169.2,0,0,5.39,0,21.8,0,18.38,0,2.02,0,0.01,0,264.18,20.01
2025-12-29T03:05:00Z,-26.72,0,248.47,0,42,0,0.11,0,6.62,1177.61,0,0,5.39,0,21.6,0,17.51,0,2.02,0,0.01,0,246.42,20.44
2025-12-29T03:10:00Z,-0.28,0,226.19,0,41,0,0.11,0,7.08,1166.8,0,0,5.39,0,21.4,0,16.01,0,1.97,0,0.01,0,218.32,20.66
2025-12-29T03:15:00Z,-0.47,0,252.16,0,42,0,0.11,0,4.09,1143.43,0,0,5.39,0,21.2,0,17.94,0,2.02,0,0.01,0,255.64,30.91
2025-12-29T03:20:00Z,-2.19,0,244.59,0,41,0,0.11,0,4.18,1133.28,0,0,5.39,0,21,0,17.53,0,1.97,0,0.01,0,251.17,19.2
2025-12-29T03:25:00Z,-5.91,0,266.54,0,42,0,0.11,0,4.26,1119.4,0,0,5.39,0,20.8,0,19.26,0,2.02,0,0.01,0,285.85,31.02
2025-12-29T03:30:00Z,-10.23,0,269.95,0,40,0,0.11,0,0.25,1109.63,0,0,5.39,0,20.6,0,19.65,0,1.92,0,0.01,0,297.64,30.79
2025-12-29T03:35:00Z,-38.81,0,278.06,0,41,0,0.11,0,2.33,1120.19,0,0,5.39,0,20.32,0,20.37,0,1.97,0,0.01,0,316.72,31.32
2025-12-29T03:40:00Z,-106.81,0,333.87,0,42,0,0.11,0,17.92,1106.07,0,0,5.39,0,20.03,0,24.65,0,2.02,0,0.01,0,441.28,30.77
2025-12-29T03:45:00Z,-3.04,0,211.46,0,42,0,0.1,0,19.47,1110.17,0,0,5.39,0,19.75,0,15.62,0,2.02,0,0.01,0,221.2,20.01
2025-12-29T03:50:00Z,-1.73,0,251.45,0,41,0,0.11,0,0.33,1100.08,0,0,5.39,0,19.47,0,18.74,0,1.97,0,0.01,0,279.79,21.98
2025-12-29T03:55:00Z,-4.31,0,260.59,0,40,0,0.11,0,4.58,1084.09,0,0,5.39,0,19.18,0,19.48,0,1.92,0,0.01,0,297.34,41.62
2025-12-29T04:00:00Z,-15.96,0,273.98,0,40,0,0.11,0,3.39,1085.36,0,0,5.39,0,18.9,0,20.55,0,1.92,0,0.01,0,321.46,39.49
2025-12-29T04:05:00Z,-0.75,0,245.53,0,40,0,0.11,0,14.49,1085.23,0,0,5.39,0,19.17,0,18.43,0,1.92,0,0.01,0,273.44,29.37
2025-12-29T04:10:00Z,-18.67,0,280.42,0,42,0,0.11,0,0.21,1079.16,0,0,5.39,0,19.43,0,20.91,0,2.02,0,0.01,0,334.67,28.36
2025-12-29T04:15:00Z,-3.01,0,260.71,0,40,0,0.11,0,0.1,1091.69,0,0,5.39,0,19.7,0,19.44,0,1.92,0,0.01,0,295.36,28.18
2025-12-29T04:20:00Z,-4.81,0,265.83,0,40,0,0.1,0,0.35,1082.94,0,0,5.39,0,19.97,0,19.79,0,1.92,0,0.01,0,305.62,28.36
2025-12-29T04:25:00Z,-2.94,0,262.7,0,40,0,0.11,0,0,1090.31,0,0,5.39,0,20.23,0,19.49,0,1.92,0,0.01,0,297.18,34.25
2025-12-29T04:30:00Z,-97.69,0,360.98,0,40,0,0.11,0,0,1101.46,0,0,5.39,0,20.5,0,26.84,0,1.92,0,0.01,0,505.43,28.3
2025-12-29T04:35:00Z,-16.76,0,254.24,0,40,0,0.11,0,24.87,1101.85,0,0,5.39,0,20.63,0,18.92,0,1.92,0,0.01,0,279.2,33.94
2025-12-29T04:40:00Z,-2.11,0,230.83,0,40,0,0.11,0,42.51,1103.17,0,0,5.39,0,20.75,0,17.21,0,1.92,0,0.01,0,241.05,36.49
2025-12-29T04:45:00Z,-97.95,0,349.11,0,40,0,0.11,0,1.02,1101.92,0,0,5.39,0,20.88,0,25.95,0,1.92,0,0.01,0,480.71,33.29
2025-12-29T04:50:00Z,-0.32,0,279.89,0,41,0,0.11,0,2.81,1092.9,0,0,5.39,0,21,0,20.95,0,1.97,0,0.01,0,321.2,31.31
2025-12-29T04:55:00Z,-0.58,0,186.43,0,42,0,0.11,0,106.74,1085.64,0,0,5.39,0,21.13,0,14.03,0,2.02,0,0.01,0,183.84,43.4
2025-12-29T05:00:00Z,-5.08,0,159.73,0,40,0,0.11,0,109.88,1105.48,0,0,5.39,0,21.25,0,12.03,0,1.92,0,0.01,0,153.59,53.12
2025-12-29T05:05:00Z,-36.3,0,176.54,0,41,0,0.11,0,111.4,1101.93,0,0,5.39,0,21.71,0,13.32,0,1.97,0,0.01,0,176.25,55.89
2025-12-29T05:10:00Z,-84.41,0,285.06,0,58,0,0.11,0,24.35,1114.42,0,0,5.39,0,22.17,0,21.57,0,2.78,0,0.01,0,353.25,54.25
2025-12-29T05:15:00Z,-109.71,0,292.22,0,60,0,0.11,0,46.21,1116.68,0,0,5.39,0,22.63,0,22.08,0,2.88,0,0.01,0,364.85,32.54
2025-12-29T05:20:00Z,-11.6,0,195.44,0,57,0,0.11,0,55.68,1127.61,0,0,5.39,0,23.08,0,14.88,0,2.74,0,0.01,0,204.68,34.85
2025-12-29T05:25:00Z,-7.47,0,217.46,0,57,0,0.11,0,20.03,1140.07,0,0,5.39,0,23.54,0,16.59,0,2.74,0,0.01,0,233.76,33.6
2025-12-29T05:30:00Z,-9.96,0,210.32,0,57,0,0.11,0,21.14,1138.46,0,0,5.39,0,24,0,16.02,0,2.74,0,0.01,0,225.92,19.88
2025-12-29T05:35:00Z,-8.9,0,222.44,0,56,0,0.11,0,23.15,1129.9,0.02,1,5.39,0,24.1,0,16.8,0,2.69,0,0.01,0,239.05,31.31
2025-12-29T05:40:00Z,-13.38,0,190.18,0,57,0,0.11,0,47.49,1138.04,0.44,2,5.39,0,24.2,0,14.34,0,2.74,0,0.01,0,196.79,8.51
2025-12-29T05:45:00Z,-6.24,0,256.03,0,53,0,0.11,0,0.5,1130.75,0.46,3,5.39,0,24.3,0,18.81,0,2.54,0,0.01,0,276.96,0.63
2025-12-29T05:50:00Z,-42.33,0,289.78,0,54,0,0.11,0,0.4,1116.06,2.6,4,5.39,0,24.4,0,21.19,0,2.59,0,0.01,0,337.86,0
2025-12-29T05:55:00Z,-14.95,0,272.02,0,57,0,0.11,0,0.18,1104.25,4.46,5,5.39,0,24.5,0,19.85,0,2.74,0,0.01,0,306.64,-2.91
2025-12-29T06:00:00Z,-6.78,0,256.28,0,60,0,0.1,0,2.58,1099.5,8.55,6,5.39,0,24.6,0,18.52,0,2.88,0,0.01,0,281.13,-1.27
2025-12-29T06:05:00Z,-20.34,0,291.9,0,59,0,0.11,0,0.29,1085.05,13.88,19.07,5.39,0,24.67,0,20.6,0,2.83,0,0.01,0,325.13,-5.19
2025-12-29T06:10:00Z,-4.95,0,283.42,0,61,0,0.11,0,4.84,1081.34,20.87,32.13,5.39,0,24.73,0,19.94,0,2.93,0,0.01,0,301.06,-3
2025-12-29T06:15:00Z,-16.49,0,285.96,0,58,0,0.11,0,0.14,1058.14,29.68,45.2,5.39,0,24.8,0,19.74,0,2.78,0,0.01,0,304.13,-5.71
2025-12-29T06:20:00Z,-9.69,0,295.21,0,56,0,0.11,0,0.27,1029.32,37.99,58.27,5.39,0,24.87,0,20.1,0,2.69,0,0.01,0,311.89,-7
2025-12-29T06:25:00Z,-10.99,0,343.21,0,60,0,0.11,0,2.15,989.7,48.47,71.34,19.1,0.14,24.93,0,23.38,0,2.88,0,0.01,0,385.53,-5.41
2025-12-29T06:30:00Z,-9.9,0,309.68,0,60,0,0.11,0,1.43,985.85,66.24,84.4,5.39,0,25,0,20.94,0,2.88,0,0.01,0,325.43,-7.01
2025-12-29T06:35:00Z,-11.28,0,430.74,0,62,0,0.11,0,3.76,863.4,67.62,106.63,92.63,23.46,25.27,0,29.09,0,2.98,0,0.01,0,581.81,-7.01
2025-12-29T06:40:00Z,-87.24,0,453.09,0,63,0,0.11,0,20.58,872.61,70.73,128.85,51.06,27.27,25.53,0,30.6,0,3.02,0,0.01,0,655.58,-7.25
2025-12-29T06:45:00Z,-94.76,0,569.32,0,60,0,0.11,0,4.96,771.66,83.28,151.07,134.65,31.29,25.8,0,38.06,0,2.88,0,0.01,0,1207.39,-9.14
2025-12-29T06:50:00Z,-8.75,0,485.7,0,62,0,0.11,0,26.98,713.64,95.53,173.29,175.02,35.02,26.07,0,32.5,0,2.98,0,0.01,0,737.86,-9.45
2025-12-29T06:55:00Z,-80.79,0,549.96,0,61,0,0.11,0,25.14,693.09,107.26,195.51,188.2,42.92,26.33,0,36.08,0,2.93,0,0.01,0,1037.36,-10.14
2025-12-29T07:00:00Z,-79.4,0,541.03,0,62,0,0.11,0,22.91,685.9,116.75,217.73,193.66,48.56,26.6,0,34.93,0,2.98,0,0.01,0,938.21,-11.75
2025-12-29T07:05:00Z,-1.91,0,472.52,0,63,0,0.11,0,7.9,669.31,133.67,250.59,196.19,65.77,26.75,0,31.15,0,3.02,0,0.01,0,630.91,-7.25
2025-12-29T07:10:00Z,-81.33,0,675.38,0,58,0,0.11,0,0,533.82,147.68,283.45,298.07,59.39,26.9,0,42.35,0,2.78,0,0.01,0,2033.75,-8.65
2025-12-29T07:15:00Z,-7.76,0,592.3,0,61,0,0.11,0,1.89,525.81,158.77,316.31,354.23,68.96,27.05,0,37.16,0,2.93,0,0.01,0,1037.37,-7.25
2025-12-29T07:20:00Z,-82.1,0,639.75,0,60,0,0.11,0,0.48,499.65,180.94,349.18,320.61,78.43,27.2,0,38.57,0,2.88,0,0.01,0,1349.89,-7.25
2025-12-29T07:25:00Z,-89.75,0,650.78,0,62,0,0.1,0,5.43,476.33,191.76,382.04,329.91,75.78,27.35,0,39.33,0,2.98,0,0.01,0,1346.26,-7
2025-12-29T07:30:00Z,-90.61,0,561.74,0,59,0,0.11,0,0.19,543.34,211.98,414.9,215.21,78.38,27.5,0,33.1,0,2.83,0,0.01,0,747.27,-7.01
2025-12-29T07:35:00Z,-86.69,0,639.32,0,61,0,0.11,0,5.5,445.67,214.78,454.37,296.27,90.18,27.8,0,37.79,0,2.93,0,0.01,0,1072.99,-7.01
2025-12-29T07:40:00Z,-97.44,0,628.64,0,61,0,0.11,0,3.17,425.26,231.16,493.84,244.02,85.83,28.1,0,36.94,0,2.93,0,0.01,0,979.52,-7.01
2025-12-29T07:45:00Z,-92.07,0,596.57,0,62,0,0.11,0,9,416,238.7,533.3,246.38,93.04,28.4,0,35.23,0,2.98,0,0.01,0,803.76,-7.01
2025-12-29T07:50:00Z,-91.57,0,592.54,0,64,0,0.11,0,16.66,389.26,256.67,572.77,251.19,101.12,28.7,0,35.09,0,3.07,0,0.01,0,744.28,-7.01
2025-12-29T07:55:00Z,-92.73,0,598.24,0,61,0,0.11,0,0.88,392.39,262.79,612.24,207.17,119.06,29,0,35.39,0,2.93,0,0.01,0,720.43,-7.25
2025-12-29T08:00:00Z,-93.24,0,615.69,0,62,0,0.11,0,2.64,331.87,273.43,651.71,278.31,107.01,29.3,0,36.79,0,2.98,0,0.01,0,778.82,-9.69
2025-12-29T08:05:00Z,-92.77,0,631.08,0,62,0,0.11,0,14.65,319.31,269.75,693.57,275.65,136.18,29.62,0,38.39,0,2.98,0,0.01,0,781.1,-7
2025-12-29T08:10:00Z,-87,0,501.8,0,63,0,0.11,0,40.11,362.82,289.35,735.42,188.82,107.56,29.93,0,29.4,0,3.02,0,0.01,0,431.44,-7
2025-12-29T08:15:00Z,-100.51,0,505.57,0,58,0,0.11,0,1.69,387.12,309.12,777.28,134.99,58.59,30.25,0,29.5,0,2.78,0,0.01,0,417.88,-9.24
2025-12-29T08:20:00Z,-104.31,0,595.53,0,62,0,0.11,0,19.36,298.74,291.58,819.14,234,53.03,30.57,0,34.47,0,2.98,0,0.01,0,568.04,-7.01
2025-12-29T08:25:00Z,-105.32,0,570.12,0,61,0,0.11,0,4.31,300.91,300.71,860.99,180.15,118.86,30.88,0,32.72,0,2.93,0,0.01,0,501.79,-9.5
2025-12-29T08:30:00Z,-86.15,0,515.86,0,61,0,0.11,0,14.12,302.02,289.96,902.85,236.72,129.3,31.2,0,29.97,0,2.93,0,0.01,0,407.91,-9.52
2025-12-29T08:35:00Z,-81.03,0,522.33,0,60,0,0.11,0,7.19,291.71,285.57,941.04,220.61,156.15,31.37,0,30.47,0,2.88,0,0.01,0,407.5,-9.52
2025-12-29T08:40:00Z,-99.12,0,548.6,0,60,0,0.11,0,9.21,299.3,273.1,979.23,244.42,161.11,31.53,0,32.36,0,2.88,0,0.01,0,434.57,-9.06
2025-12-29T08:45:00Z,-106.52,0,531.33,0,57,0,0.11,0,0.01,292.52,293.29,1017.41,229.72,163.28,31.7,0,30.93,0,2.74,0,0.01,0,395.14,-9.69
2025-12-29T08:50:00Z,-100.55,0,541.11,0,41,0,0.11,0,4.26,291.39,282.23,1055.6,209.26,169.28,31.87,0,33.13,0,1.97,0,0.01,0,407.77,-9.56
2025-12-29T08:55:00Z,-125.23,0,555.71,0,40,0,0.11,0,0.17,309.5,278.29,1093.79,208.64,186.43,32.03,0,33.73,0,1.92,0,0.01,0,411.05,-11.66
2025-12-29T09:00:00Z,-95.85,0,528.31,0,40,0,0.11,0,0.1,309.54,274.7,1131.97,224.03,195,32.2,0,32.96,0,1.92,0,0.01,0,369.68,-11.66
2025-12-29T09:05:00Z,-89.15,0,550.21,0,41,0,0.11,0,0.19,277.03,264.54,1168.33,240.04,210.96,32.27,0,34.86,0,1.97,0,0.01,0,397.53,-10.67
2025-12-29T09:10:00Z,-97.11,0,471.23,0,40,0,0.11,0,2.69,318.14,277.89,1204.68,188.33,184.12,32.33,0,29.46,0,1.92,0,0.01,0,295.38,-8.79
2025-12-29T09:15:00Z,-127.28,0,469.1,0,40,0,0.11,0,0,320.82,297.7,1241.03,208.59,190.06,32.4,0,28.39,0,1.92,0,0.01,0,279.15,-7.78
2025-12-29T09:20:00Z,-149.13,0,441.17,0,40,0,0.11,0,0.07,320.08,329.05,1277.38,179.41,146.21,32.47,0,25.93,0,1.92,0,0.01,0,242.83,-11.66
2025-12-29T09:25:00Z,-154.44,0,496.18,0,40,0,0.11,0,0.25,303.57,280.03,1313.74,188.29,201.69,32.53,0,31.69,0,1.92,0,0.01,0,313.45,-11.8
2025-12-29T09:30:00Z,-115.31,0,528.22,0,40,0,0.11,0,0.08,238.72,259.88,1350.09,255.66,231.93,32.6,0,34.85,0,1.92,0,0.01,0,354.34,-11.66
2025-12-29T09:35:00Z,-107.29,0,549.9,0,41,0,0.11,0,0,220.54,264.58,1380.86,189.79,233.55,32.93,0,35.7,0,1.97,0,0.01,0,361.74,-11.66
2025-12-29T09:40:00Z,-127.83,0,491.58,0,41,0,0.11,0,0.22,263.73,275.14,1411.64,175.19,226.12,33.27,0,31.93,0,1.97,0,0.01,0,296.41,-11.66
2025-12-29T09:45:00Z,-121.66,0,506.77,0,41,0,0.11,0,0.39,249.42,274.46,1442.42,141.26,237.45,33.6,0,32.13,0,1.97,0,0.01,0,296.72,-7.01
2025-12-29T09:50:00Z,-119.59,0,477.97,0,40,0,0.1,0,0,279.95,332.3,1473.19,142.99,282.04,33.93,0,30.99,0,1.92,0,0.01,0,258.5,-2.06
2025-12-29T09:55:00Z,-152,0,347.71,0,40,0,0.11,0,0.06,324.2,312.22,1503.97,50.3,197.15,34.27,0,22.72,0,1.92,0,0.01,0,175.97,-7.01
2025-12-29T10:00:00Z,-154.12,0,476.35,0,40,0,0.11,0,0.06,275.93,239.73,1534.74,126.98,286.02,34.6,0,31.11,0,1.92,0,0.01,0,271.47,-7.01
2025-12-29T10:05:00Z,-150.31,0,486.87,0,40,0,0.11,0,0.1,276.09,237.14,1556.57,111.19,274.64,34.57,0,31.74,0,1.92,0,0.01,0,274.34,-7
2025-12-29T10:10:00Z,-146.26,0,479.07,0,42,0,0.11,0,1.18,299.44,240.24,1578.4,54.36,288.04,34.53,0,31.49,0,2.02,0,0.01,0,261.8,-7
2025-12-29T10:15:00Z,-147.19,0,473.6,0.01,41,0,0.11,0,0.01,280.97,252.27,1600.23,34.51,261.48,34.5,0,30.46,0,1.97,0,0.01,0,250.51,-7
2025-12-29T10:20:00Z,-181.06,0,445.77,0,40,0,0.1,0,0,300.51,291.55,1622.06,25.92,228.83,34.47,0,27.79,0,1.92,0,0.01,0,219.14,0
2025-12-29T10:25:00Z,-237.04,0,445.14,0,40,0,0.11,0,0,295.46,319.39,1643.89,31.86,197.08,34.43,0,29.16,0,1.92,0,0.01,0,230.78,-7
2025-12-29T10:30:00Z,-239.91,0,533.21,0,41,0,0.11,0,1.53,249.3,318.67,1665.72,94.3,219.31,34.4,0,35.46,0,1.97,0,0.01,0,298.82,-7
2025-12-29T10:35:00Z,-170.48,0,475.15,0,41,0,0.11,0,1.29,258.28,289.37,1683.27,37.79,244.78,34.57,0,30.01,0,1.97,0,0.01,0,235.82,0
2025-12-29T10:40:00Z,-203.13,0,447.89,0,40,0,0.11,0,0,253.4,327.43,1700.82,40.51,201.34,34.73,0,28.01,0,1.92,0,0.01,0,215.02,21.21
2025-12-29T10:45:00Z,-247.68,0,492.61,0,42,0,0.11,0,0.38,249.11,334.38,1718.37,13.45,204.81,34.9,0,31.16,0,2.02,0,0.01,0,248.24,21.21
2025-12-29T10:50:00Z,-200.47,0,431.7,0,40,0,0.11,0,0,242.01,331.33,1735.92,10.95,199.85,35.07,0,26.23,0,1.92,0,0.01,0,196.77,9.1
2025-12-29T10:55:00Z,-214.43,0,431.72,0,42,0,0.11,0,0.76,257.03,331.8,1753.47,12.93,205.11,35.23,0,27.77,0,2.02,0,0.01,0,205.57,9.1
2025-12-29T11:00:00Z,-199.2,0,422.87,0,40,0,0.1,0,0.01,245.23,331.64,1771.02,14,206.27,35.4,0,28.33,0,1.92,0,0.01,0,205.6,9.1
2025-12-29T11:05:00Z,-199.63,0,441.18,0,41,0,0.11,0,0.01,223.94,331.69,1781.47,10.04,207.49,35.45,0,28.4,0,1.97,0,0.01,0,209.79,-7
2025-12-29T11:10:00Z,-142.25,0,480.94,0,40,0,0.11,0,0.02,218.72,305.67,1791.91,10.04,237.93,35.5,0,32.51,0,1.92,0,0.01,0,238.4,9.1
2025-12-29T11:15:00Z,-129.39,0,442.25,0,40,0,0.11,0,0,203.26,328.59,1802.36,12.93,208.99,35.55,0,29.86,0,1.92,0,0.01,0,211.61,9.1
2025-12-29T11:20:00Z,-239.26,0,424.9,0,40,0,0.1,0,0,207.84,330.82,1812.8,11.45,99,35.6,0,26.22,0,1.92,0,0.01,0,195.52,11.5
2025-12-29T11:25:00Z,-239.84,0,424.47,0,43,0,0.1,0,3.22,210.04,440.59,1823.24,10.95,97.87,35.65,0,26.43,0,2.06,0,0.01,0,184.3,9.1
2025-12-29T11:30:00Z,-178.73,0,378.33,0,40,0,0.11,0,0,192.5,424.98,1833.69,7.94,99,35.7,0,25.03,0,1.92,0,0.01,0,167.25,9.1
2025-12-29T11:35:00Z,-240.38,0,459.79,0,41,0,0.11,0,0.34,177.75,421.63,1839.9,10.04,99,36.05,0,30,0,1.97,0,0.01,0,215.49,9.1
2025-12-29T11:40:00Z,-203.99,0,437.37,0,42,0,0.11,0,1.52,170.23,435.09,1846.12,0,99,36.4,0,27.38,0,2.02,0,0.01,0,190.32,9.1
2025-12-29T11:45:00Z,-169.08,0,415.32,0,42,0,0.11,0,1.27,160.66,434.6,1852.34,0,99,36.75,0,27.33,0,2.02,0,0.01,0,184.73,9.1
2025-12-29T11:50:00Z,-171.46,0,421.8,0,40,0,0.11,0,0,168.5,442.6,1858.55,0,99,37.1,0,26.89,0,1.92,0,0.01,0,180.4,21.21
2025-12-29T11:55:00Z,-207.59,0,435.35,0,40,0,0.11,0,0,162.57,446.78,1864.77,0,95,37.45,0,26.82,0,1.92,0,0.01,0,184.35,9.1
2025-12-29T12:00:00Z,-180.74,0,418.78,0,40,0,0.11,0,0,176.37,444.05,1870.99,0,99,37.8,0,29.14,0,1.92,0,0.01,0,192.93,9.1
2025-12-29T12:05:00Z,-178.66,0,439.1,0,43,0,0.11,0,0.19,181.39,443.23,1873.82,0,99,37.75,0,28.39,0,2.06,0,0.01,0,189.99,11.5
2025-12-29T12:10:00Z,-170.04,0,423.88,0,41,0,0.11,0,0.79,175.31,440.76,1876.65,0,96.61,37.7,0,26.32,0,1.97,0,0.01,0,174.93,21.21
2025-12-29T12:15:00Z,-183.27,0,471.9,0,41,0,0.1,0,0,156.96,447.94,1879.49,0,95,37.65,0,30.15,0,1.97,0,0.01,0,206.09,21.21
2025-12-29T12:20:00Z,-139.46,0,392.13,0,41,0,0.11,0,0,175.11,441.68,1882.32,0,95,37.6,0,24.99,0,1.97,0,0.01,0,161.11,9.1
2025-12-29T12:25:00Z,-189.05,0,425.23,0,40,0,0.11,0,0,189.51,443.61,1885.15,0,99,37.55,0,27.73,0,1.92,0,0.01,0,183.04,0
2025-12-29T12:30:00Z,-266.06,0,444.22,0,40,0,0.11,0,0,184.18,509.39,1887.98,0,4,37.5,0,27.99,0,1.92,0,0.01,0,187.84,9.1
2025-12-29T12:35:00Z,-266.05,0,447.38,0,40,0,0.11,0,0,187.29,537.46,1892,0,4,37.6,0,28.81,0,1.92,0,0.01,0,189.79,9.1
2025-12-29T12:40:00Z,-253.47,0,454.16,0,40,0,0.11,0,0,190.36,532.9,1896.02,0,4,37.7,0,28.81,0,1.92,0,0.01,0,188.97,21.21
2025-12-29T12:45:00Z,-258.5,0,469.05,0,40,0,0.11,0,0,195.56,521.38,1900.04,0,0,37.8,0,30.62,0,1.92,0,0.01,0,202.41,21.21
2025-12-29T12:50:00Z,-250.75,0,416.37,0,41,0,0.11,0,0.03,227.2,517.16,1904.05,0,0,37.9,0,26.19,0,1.97,0,0.01,0,167.13,9.1
2025-12-29T12:55:00Z,-297.51,0,455.32,0,41,0,0.1,0,0,255.9,518.41,1908.07,0,4,38,0,29.05,0,1.97,0,0.01,0,188.92,9.1
2025-12-29T13:00:00Z,-317.49,0,490.41,0.01,43,0,0.11,0,0.94,264.61,528.89,1912.09,0,4,38.1,0,31.89,0,2.06,0,0.01,0,209.89,9.1
2025-12-29T13:05:00Z,-287.55,0,427.33,0.01,40,0,0.11,0,0,285.21,539.14,1905.99,0,4,38.18,0,27.13,0,1.92,0,0.01,0,169.65,21.21
2025-12-29T13:10:00Z,-305.54,0,487.37,0.01,42,0,0.11,0,1.54,248.29,543.08,1899.88,0,0,38.27,0,31.01,0,2.02,0,0.01,0,204.14,21.21
2025-12-29T13:15:00Z,-293.71,0,487.43,0.01,40,0,0.11,0,0.1,224.49,545.25,1893.78,0,0,38.35,0,30.83,0,1.92,0,0.01,0,204.47,9.1
2025-12-29T13:20:00Z,-265.38,0,494.31,0.01,43,0,0.1,0,0.09,226.57,540.06,1887.68,0,4,38.43,0,31.15,0,2.06,0,0.01,0,205.72,21.21
2025-12-29T13:25:00Z,-234.14,0,461.48,0.01,42,0,0.11,0,0.8,230.85,544.02,1881.58,0,0,38.52,0,28.86,0,2.02,0,0.01,0,184.96,11.5
2025-12-29T13:30:00Z,-256.57,0,476.01,0.01,39,0,0.11,0,0.01,253.39,543.08,1875.47,0,1.5,38.6,0,29.27,0,1.87,0,0.01,0,188.91,22.2
2025-12-29T13:35:00Z,-195.78,0,455.51,0.01,41,0,0.11,0,0.02,247.05,513.53,1871.53,0,0,38.57,0,28.65,0,1.97,0,0.01,0,181.78,22.2
2025-12-29T13:40:00Z,-198.68,0,472.41,0.01,40,0,0.11,0,0,242.28,497.2,1867.58,0,0,38.53,0,30.13,0,1.92,0,0.01,0,194.64,26.81
2025-12-29T13:45:00Z,-195.06,0,396.53,0.01,40,0,0.11,0,0,288.61,543.42,1863.64,0,0,38.5,0,25.45,0,1.92,0,0.01,0,153.23,9.1
2025-12-29T13:50:00Z,-239.73,0,464.15,0.01,40,0,0.11,0,0.5,293.34,526.31,1859.69,0,4,38.47,0,28.11,0,1.92,0,0.01,0,178.8,33.79
2025-12-29T13:55:00Z,-151.56,0,341.5,0.01,41,0,0.11,0,0,340.19,508.76,1855.74,0,0,38.43,0,22.12,0,1.97,0,0.01,0,128.35,23.27
2025-12-29T14:00:00Z,-86.97,0,253.23,0.01,40,0,0.11,0,0,334.14,543.69,1851.8,0,0,38.4,0,16.44,0,1.92,0,0.01,0,90.73,21.21
2025-12-29T14:05:00Z,-201.11,0,445.85,0.01,41,0,0.11,0,0,345.25,534.42,1837.17,0,0,38.53,0,28.79,0,1.97,0,0.01,0,174.9,9.1
2025-12-29T14:10:00Z,-212.66,0,410.06,0.01,40,0,0.11,0,0,356.66,506.23,1822.54,0,4,38.67,0,26.77,0,1.92,0,0.01,0,163.78,6.91
2025-12-29T14:15:00Z,-278.17,0,466.85,0.01,40,0,0.11,0,0,387.47,538.84,1807.91,0,3.87,38.8,0,30.58,0,1.92,0,0.01,0,192.21,9.1
2025-12-29T14:20:00Z,-326.98,0,608.97,0.01,42,0,0.11,0,0.53,345.42,539.99,1793.28,0,4,38.93,0,40.37,0,2.02,0,0.01,0,284.96,9.1
2025-12-29T14:25:00Z,-264.82,0,583.53,0.01,42,0,0.11,0,0.12,335.69,533.85,1778.65,0,4,39.07,0,38.25,0,2.02,0,0.01,0,262.39,21.21
2025-12-29T14:30:00Z,-197.73,0,580.21,0.01,42,0,0.1,0,0.38,316.48,536.39,1764.03,0,0,39.2,0,38.56,0,2.02,0,0.01,0,258.82,21.21
2025-12-29T14:35:00Z,-140.53,0,514.64,0.01,42,0,0.11,0,0.1,321.94,543.63,1747.83,0,0,39.17,0,34.22,0,2.02,0,0.01,0,217.38,9.1
2025-12-29T14:40:00Z,-47.34,0,455.23,0.01,43,0,0.11,0,2.4,323.47,529.57,1731.63,0,4,39.13,0,30.22,0,2.06,0,0.01,0,182.11,9.54
2025-12-29T14:45:00Z,-25.65,0,441.07,0.01,41,0,0.1,0,1.61,312.79,538.6,1715.43,0,3.83,39.1,0,29.35,0,1.97,0,0.01,0,175.45,9.1
2025-12-29T14:50:00Z,-93.97,0,536.47,0.01,40,0,0.11,0,35.2,286.52,536.68,1699.23,0,4,39.07,0,35.78,0,1.92,0,0.01,0,229.98,9.79
2025-12-29T14:55:00Z,-52.53,0,517.26,0.01,42,0,0.1,0,0.32,316.29,537.67,1683.03,0,4,39.03,0,33.53,0,2.02,0,0.01,0,212.31,9.63
2025-12-29T15:00:00Z,-30.24,0,526.1,0.01,41,6,0.11,0,18.71,298.75,535.6,1666.83,0,4,39,0,33.72,0,1.97,0.2,0.01,0,214.21,49.02
2025-12-29T15:05:00Z,-7.13,0,589.93,0.01,40,6,0.1,0,1.3,259.22,538.63,1616.09,0,0,38.85,0,39.47,0,1.92,0.2,0.01,0,267.77,35.95
2025-12-29T15:10:00Z,-146.9,0,550.78,0.01,42,5.78,0.11,135.91,27.02,292.02,535.82,1565.35,0,0,38.7,0,37.29,0,2.02,0.19,0.01,6.68,290.73,24.06
2025-12-29T15:15:00Z,-157.96,0,637.55,0.01,40,39.33,0.11,161.17,2.26,290.61,536.69,1514.61,0,0,38.55,0,43.92,0,1.92,1.32,0.01,7.92,369.4,49.02
2025-12-29T15:20:00Z,-80.98,0,574.39,0.01,41,39.33,0.11,161.03,13.75,296.45,537.42,1463.86,0,0,38.4,0,40.13,0,1.97,1.32,0.01,7.91,324.65,49.02
2025-12-29T15:25:00Z,-75.98,0,620.03,0.01,42,65.5,0.11,171.3,52.69,260.35,529.23,1413.12,0,0,38.25,0,43.66,0,2.02,2.19,0.01,8.42,367.46,123.45
2025-12-29T15:30:00Z,-11.41,0,580.67,0.01,42,68.86,0.11,166.57,81.51,263.64,529.22,1362.38,0,0,38.1,0,41.15,0,2.02,2.31,0.01,8.19,335.02,125
2025-12-29T15:35:00Z,-0.6,0,603.04,0.01,40,69.53,0.11,169.74,109.36,257.38,527.43,1366.16,0,0,38.13,0,43.17,0,1.92,2.33,0.01,8.34,345.67,129.99
2025-12-29T15:40:00Z,-2.69,0,519.95,0.01,40,68.86,0.11,170.6,174.17,249.14,506.18,1369.95,0,0,38.17,0,37.32,0,1.92,2.31,0.01,8.38,291.38,129.99
2025-12-29T15:45:00Z,-1.12,0,416.46,0.01,40,105.77,0.11,170.76,143.69,213.74,516.69,1373.74,0,0,38.2,0,30.24,0,1.92,3.54,0.01,8.39,246.48,76.44
2025-12-29T15:50:00Z,-0.61,0,521.63,0.01,40,146.04,26.15,171.57,12.47,210.78,483.09,1377.52,0,27.94,38.23,0,37.76,0,1.92,4.89,1.59,8.43,336.74,77
2025-12-29T15:55:00Z,-16.87,0,496.44,0.01,40,166.17,29.32,170.76,0,215.8,436.44,1381.31,0,0,38.27,0,35.73,0,1.92,5.56,1.78,8.39,332.54,74.93
2025-12-29T16:00:00Z,-10.38,0,516.2,0.01,42,170.87,29.61,170.79,4.77,196.56,469.45,1385.1,0,0,38.3,0,37.33,0,2.02,5.72,1.8,8.39,341.34,105.59
2025-12-29T16:05:00Z,-60.89,0,748.31,0.01,41,170.2,29.85,173.45,0.47,180.75,403.81,1371.72,0,0,38.13,0,53.33,0,1.97,5.7,1.81,8.52,548.03,108.44
2025-12-29T16:10:00Z,-75.61,0,665.22,0.01,56,211.13,29.81,171.66,73.2,175.97,313.44,1358.35,0,0,37.97,0,46.67,0,2.69,7.07,1.81,8.44,485.28,126.24
2025-12-29T16:15:00Z,-0.42,0,661.37,0,62,208.45,29.7,172.2,14.27,184.19,346.19,1344.98,0,0,37.8,0,44.94,0,2.98,6.98,1.8,8.46,459.88,123.45
2025-12-29T16:20:00Z,-2.38,0,623.14,0.01,61,209.12,29.75,170.73,44.42,203.42,378.85,1331.6,0,0,37.63,0,42.38,0,2.93,7,1.81,8.39,415.95,128.83
2025-12-29T16:25:00Z,-18.66,0,610.76,0.01,57,209.12,29.82,169.25,0,190.47,447.69,1318.23,0,0,37.47,0,40.78,0,2.74,7,1.81,8.32,406.06,80.29
2025-12-29T16:30:00Z,-0.5,0,748.72,0,62,173.55,29.8,173.19,10.72,199.01,398.82,1304.86,0,0,37.3,0,48.3,0,2.98,5.81,1.81,8.51,504.71,109.3
2025-12-29T16:35:00Z,-8.83,0,669.2,0,63,212.48,29.74,171.43,40.69,232.28,371.96,1270.62,0,0,37.23,0,42.3,0,3.02,7.11,1.81,8.42,438.71,110.72
2025-12-29T16:40:00Z,-10.87,0,725.82,0,59,159.46,29.92,167.13,39.66,244.68,425.26,1236.37,0,0,37.17,0,45.02,0,2.83,5.34,1.82,8.21,466.92,108.79
2025-12-29T16:45:00Z,-0.34,0,823.88,0,62,161.47,29.88,172.03,45.39,249.59,359.66,1202.13,0,0,37.1,0,51.13,0,2.98,5.41,1.82,8.45,574.38,123.45
2025-12-29T16:50:00Z,-1.55,0,778.67,0,58,156.77,29.78,172.3,73.07,239.4,312.7,1167.89,0,0,37.03,0,47.03,0,2.78,5.25,1.81,8.47,548.39,123.69
2025-12-29T16:55:00Z,-5.2,0,705.95,0,57,157.45,29.98,169.76,78.34,249.33,407.24,1133.65,0,0,36.97,0,42.49,0,2.74,5.27,1.82,8.34,463.21,111.36
2025-12-29T17:00:00Z,-3.23,0,751,0,58,158.12,29.96,171.57,49.57,227.88,452.69,1099.4,0,0,36.9,0,44.26,0,2.78,5.29,1.82,8.43,503.04,108.44
2025-12-29T17:05:00Z,-9.23,0,812.71,0,57,148.05,30.04,169.79,50.24,238.77,435.19,1062.56,0,0,36.8,0,47.17,0,2.74,4.96,1.83,8.34,569.7,81.83
2025-12-29T17:10:00Z,-9.89,0,887.8,0,59,170.2,30,173.05,38.6,221.4,418.53,1025.72,0,0,36.7,0,51.1,0,2.83,5.7,1.82,8.5,677.64,215.04
2025-12-29T17:15:00Z,-5.75,0,786.12,0,77,212.48,30.02,171.33,119.09,241.94,418.52,988.88,0,0,36.6,0,45.47,0,3.69,7.11,1.82,8.42,544.01,161.61
2025-12-29T17:20:00Z,-1.67,0,806.6,0,63,210.46,30.07,172.46,214.69,251.26,340.75,952.04,0,0,36.5,0,46.17,0,3.02,7.05,1.83,8.47,559.75,198
2025-12-29T17:25:00Z,-4.48,0,687.84,0,77,210.46,29.98,170.93,312.54,284.88,270.73,915.2,0,0,36.4,0,39.01,0,3.69,7.05,1.82,8.4,455.64,148
2025-12-29T17:30:00Z,-0.31,0,827.44,0,67,211.13,29.88,173.62,270.06,318.82,300.2,878.36,0,0,36.3,0,46.08,0,3.21,7.07,1.82,8.53,563.21,148
2025-12-29T17:35:00Z,-0.37,0,723.2,0,62,210.46,29.89,173.02,316.1,336.25,280.12,830.06,0,0,36.2,0,39.87,0,2.98,7.05,1.82,8.5,477.1,161.61
2025-12-29T17:40:00Z,-0.35,0,665.82,0,60,158.12,30.04,169.8,339.71,328.74,396.82,781.76,0,0,36.1,0,34.8,0,2.88,5.29,1.83,8.34,398.84,148
2025-12-29T17:45:00Z,-0.32,0,697.48,0,63,162.81,30.09,171.68,319.31,338.67,401.68,733.46,0,0,36,0,35.93,0,3.02,5.45,1.83,8.44,430.79,129.99
2025-12-29T17:50:00Z,-0.38,0,870.12,0,61,160.13,30.04,172.7,192.33,381.63,386.98,685.16,0,0,35.9,0,44.3,0,2.93,5.36,1.83,8.49,629.25,148
2025-12-29T17:55:00Z,-0.6,0,851.44,0,60,158.79,29.99,173.53,262.44,379.03,356.1,636.87,0,0,35.8,0,43.26,0,2.88,5.32,1.82,8.53,615.68,148
2025-12-29T18:00:00Z,-0.44,0,727.73,0,59,158.12,29.78,171.33,390.07,398,351.53,588.57,0,0,35.7,0,36.58,0,2.83,5.29,1.81,8.42,464.79,240.01
2025-12-29T18:05:00Z,-0.35,0,691.1,0,77,204.42,29.75,172.73,308.66,468.07,308.62,562.48,0,0,35.62,0,34.72,0,3.69,6.84,1.81,8.49,462.86,175.93
2025-12-29T18:10:00Z,-0.9,0,663.12,0,62,211.13,29.76,173.48,299.91,517.79,284.62,536.39,0,0,35.53,0,34.38,0,2.98,7.07,1.81,8.53,452.85,131
2025-12-29T18:15:00Z,-0.48,0,717.91,0,60,162.81,62.05,173.01,261.67,547.29,300.41,510.31,0,0,35.45,0,37.39,0,2.88,5.45,3.18,8.5,506.79,215.04
2025-12-29T18:20:00Z,-0.39,0,776.35,0,79,209.12,62.66,173.45,207.81,535.71,246.48,484.22,0,0,35.37,0,39.61,0,3.79,7,3.2,8.52,610.28,149.58
2025-12-29T18:25:00Z,-0.59,0,739.86,0,100,167.51,64.8,171.95,285.01,528.2,250.21,458.13,0,0,35.28,0,38.06,0,4.8,5.61,3.3,8.45,562.19,170.44
2025-12-29T18:30:00Z,-7.29,0,635.65,0,120,172.21,67.21,171.6,398.37,518.17,209.36,432.04,0,0,35.2,0,32.73,0,5.76,5.77,3.4,8.43,465.47,215.04
2025-12-29T18:35:00Z,0,0,588.14,0,144,215.83,68.43,173.95,391.25,518.33,200.55,393.55,0,0,34.8,0,30.49,0,6.91,7.23,3.45,8.55,447.72,180.37
2025-12-29T18:40:00Z,0,0,732.16,0,165,213.15,68.06,173.6,316.26,532.26,161.49,355.05,0,0,34.4,0,38.12,0,7.92,7.14,3.44,8.53,623.99,215.04
2025-12-29T18:45:00Z,0,0,655.76,0,188,213.82,68.28,173.98,409.28,527.98,144.15,316.55,0,0,34,0,34.15,0,9.02,7.16,3.44,8.55,539.53,262.62
2025-12-29T18:50:00Z,0,0,539.65,0,200,213.82,68.26,173.89,488.24,539.99,136.67,278.05,0,0,33.6,0,28.29,0,9.6,7.16,3.44,8.55,438.96,299.98
2025-12-29T18:55:00Z,-0.2,0,518.56,42.3,199,213.82,68.67,173.94,479.75,541.74,123.52,239.56,0,0,33.2,0,27.12,5.26,9.55,7.16,3.46,8.55,468.9,275.98
2025-12-29T19:00:00Z,-0.31,0,574.76,0,199,210.46,68.86,172.32,530.19,542.14,106.45,201.06,0,0,32.8,0,29.64,0,9.55,7.05,3.47,8.47,479.65,999.43
2025-12-29T19:05:00Z,-5.17,0,429.17,52.4,197,209.12,69.06,171.6,573.28,561.72,74.06,183.06,0,0,32.67,0,22.7,6.51,9.45,7,3.48,8.43,417,302.06
2025-12-29T19:10:00Z,-9.16,0,506.65,52.8,200,214.49,95.17,173.59,443.41,575.82,75.86,165.05,0,0,32.53,0,26.69,6.56,9.6,7.18,5.21,8.53,516.98,200
2025-12-29T19:15:00Z,-1.02,0,539.84,43.9,200,213.82,121.77,172.44,435.4,541.19,77.81,147.05,0,0,32.4,0,28.17,5.46,9.6,7.16,6.98,8.47,559.27,230
2025-12-29T19:20:00Z,-0.23,0,515.88,57.5,198,211.13,187,172.44,333.17,592.88,67.47,129.05,0,0,32.27,0,27.15,6.8,9.5,7.07,10.97,8.47,586.17,262
2025-12-29T19:25:00Z,-0.53,0,481.65,57.5,198,210.46,212.76,171.95,365.35,579.18,48.42,111.04,0,0,32.13,0,25.49,6.8,9.5,7.05,12.62,8.45,569.76,200
2025-12-29T19:30:00Z,-1.43,0,463.98,22.8,198,209.79,171.2,172.61,406.68,645.54,37.23,93.04,0,0,32,0,24.67,2.83,9.5,7.02,10.07,8.48,503.53,980.89
2025-12-29T19:35:00Z,-0.01,0,412.37,56.4,198,209.79,222.79,172.76,502.52,486.58,28.87,80.16,164.87,1.61,31.7,0,22.27,6.67,9.5,7.02,13.3,8.49,522.15,200
2025-12-29T19:40:00Z,-5.15,0,554.7,7.41,178,210.46,171.58,171.21,275.15,709.6,13.29,67.28,0,0,31.4,0,29.57,0.92,8.54,7.05,10.1,8.41,622.94,200
2025-12-29T19:45:00Z,-6.26,0,510.12,43.31,155,209.79,168.97,173.54,260.8,771.73,7.31,54.39,0,0,31.1,0,27.81,5.38,7.44,7.02,9.93,8.53,597.24,170.44
2025-12-29T19:50:00Z,-0.16,0,525.93,0,149,162.14,112.34,173.21,344.58,822.09,5.1,41.51,0,0,30.8,0,28.47,0,7.15,5.43,6.18,8.51,520.92,123.45
2025-12-29T19:55:00Z,-3.38,0,510.09,0.01,127,157.45,142.95,171.05,299.32,887.78,2.84,28.63,0,0,30.5,0,27.73,0,6.09,5.27,8.04,8.41,511.32,124
2025-12-29T20:00:00Z,-5.35,0,458.87,0.01,103,156.77,143.01,170.66,277.29,978.05,0.92,15.74,0,0,30.2,0,25.9,0,4.94,5.25,8.02,8.39,456.07,124
2025-12-29T20:05:00Z,-2.92,0,509.49,0.01,82,158.12,138.23,172.52,170.06,1036.35,0.04,13.12,0,0,30.23,0,28.75,0,3.93,5.29,7.72,8.48,516.84,138.04
2025-12-29T20:10:00Z,-5.75,0,526.27,0.01,93,158.12,103.43,173.11,113.95,1084.71,0.03,10.5,0,0,30.27,0,29.86,0,4.46,5.29,5.59,8.51,534.9,138.04
2025-12-29T20:15:00Z,-16.52,0,513.57,0.01,89,158.79,102.95,174.26,70.58,1115.36,0.03,7.87,7.94,0,30.3,0,28.72,0,4.27,5.32,5.56,8.56,529.27,79.34
2025-12-29T20:20:00Z,-6.33,0,468,0.01,69,103.76,99.35,173.59,117.42,1196.35,0.03,5.25,0,0,30.33,0,26.61,0,3.31,3.47,5.32,8.53,439.36,108.44
2025-12-29T20:25:00Z,-3.56,0,551.71,0.01,61,116.51,89.42,174.91,4.34,1210.12,0.03,2.62,0,0,30.37,0,30.71,0,2.93,3.9,4.7,8.6,552.72,108.44
2025-12-29T20:30:00Z,-5.82,0,537.2,0.01,60,111.14,89.49,173.53,5.11,1225.02,0.03,0,0,0,30.4,0,30.12,0,2.88,3.72,4.71,8.53,534.57,108.44
2025-12-29T20:35:00Z,-0.99,0,552.12,0.01,63,64.83,89.97,172.55,12.26,1217.27,0.03,0,0,0,30.2,0,31.6,0,3.02,2.17,4.74,8.48,562.51,65.25
2025-12-29T20:40:00Z,-0.4,0,473.3,0.01,62,60.81,69.43,173.8,92.28,1256.31,0.03,0,0.74,0,30,0,27.26,0,2.98,2.04,3.49,8.54,428.36,66.88
2025-12-29T20:45:00Z,-8.07,0,416.47,0.01,61,60.14,69.67,174.65,111.54,1295.75,0.03,0,0.42,0,29.8,0,25.15,0,2.93,2.01,3.5,8.58,375.38,61.68
2025-12-29T20:50:00Z,-6.78,0,495.62,0.01,61,60.81,55.62,174.04,0.75,1344.25,0.01,0,10.16,0,29.6,0,29.45,0,2.93,2.04,2.65,8.55,458.46,61.25
2025-12-29T20:55:00Z,-10.8,0,321.16,0.01,60,60.81,55.58,172.53,111.07,1403.39,0,0,0,0,29.4,0,19.45,0,2.88,2.04,2.65,8.48,278.15,61.3
2025-12-29T21:00:00Z,-11.79,0,421.07,0,59,60.81,55.71,174.4,2.22,1403.71,0,0,0,0,29.2,0,25.3,0,2.83,2.04,2.66,8.57,375.48,60.66
2025-12-29T21:05:00Z,-3.69,0,387.22,0,60,60.14,55.78,173.51,0.95,1412.85,0,0,0,0,29.1,0,23.74,0,2.88,2.01,2.66,8.53,348.21,62.62
2025-12-29T21:10:00Z,-0.52,0,355.18,0,63,60.81,29.62,174.49,9.27,1439.87,0,0,0,0,29,0,21.88,0,3.02,2.04,1.26,8.57,310.44,62.01
2025-12-29T21:15:00Z,-1.03,0,350.88,0,62,60.81,0.11,173.65,1.59,1460.21,0,0,0,0,28.9,0,21.77,0,2.98,2.04,0.01,8.53,301.34,59.31
2025-12-29T21:20:00Z,-17.17,0,334.47,0,59,60.81,0.11,172.06,0.1,1472.3,0,0,0,0,28.8,0,21.13,0,2.83,2.04,0.01,8.46,292.67,61.94
2025-12-29T21:25:00Z,-69.73,0,525.83,0,62,60.81,0.11,46.66,7.6,1456.45,0,0,0,0,28.7,0,32.89,0,2.98,2.04,0.01,2.29,464.75,62.67
2025-12-29T21:30:00Z,-20.77,0,479.5,0,58,60.14,0.11,48.9,0.21,1451.06,0,0,0,0,28.6,0,30.35,0,2.78,2.01,0.01,2.4,403.09,61.15
2025-12-29T21:35:00Z,-15.44,0,428.01,0,57,60.81,0.11,46.94,0,1479.91,0,0,0,0,28.57,0,27.51,0,2.74,2.04,0.01,2.31,345.55,60.35
2025-12-29T21:40:00Z,-1.61,0,342.08,0,61,60.81,0.11,48.36,3.35,1513.35,0,0,0,0,28.53,0,21.87,0,2.93,2.04,0.01,2.38,261.04,57.05
2025-12-29T21:45:00Z,-2.78,0,315.17,0,60,60.81,0.11,48.63,0.19,1514.99,0,0,0,0,28.5,0,20.09,0,2.88,2.04,0.01,2.39,240.59,44.94
2025-12-29T21:50:00Z,-0.28,0,275.33,0,61,60.14,0.1,49.1,2.21,1538.18,0,0,0,0,28.47,0,17.39,0,2.93,2.01,0.01,2.41,206.92,56.9
2025-12-29T21:55:00Z,-29.89,0,314.47,0,59,60.81,0.1,46.89,0.26,1513.25,0,0,0,0,28.43,0,19.87,0,2.83,2.04,0.01,2.3,242.93,36.1
2025-12-29T22:00:00Z,-120.67,0,390.5,0,59,60.14,0.11,48.84,1.02,1520.15,0,0,2.38,0,28.4,0,24.66,0,2.83,2.01,0.01,2.4,325.07,38.51
2025-12-29T22:05:00Z,-116.93,0,338.88,0,61,60.81,0.11,47.81,0.03,1539.29,0,0,11.5,0,28.15,0,21.46,0,2.93,2.04,0.01,2.35,275.54,52.01
2025-12-29T22:10:00Z,-79.17,0,344.7,0,62,60.81,0.11,8.61,3.4,1515.17,0,0,17.83,0,27.9,0,21.79,0,2.98,2.04,0.01,0.42,266.45,48.07
2025-12-29T22:15:00Z,-10.71,0,285.89,0,61,60.14,0.11,0,4.72,1484.9,0,0,5.86,0,27.65,0,17.98,0,2.93,2.01,0.01,0,209.33,51.76
2025-12-29T22:20:00Z,-80.77,0,345.5,0,60,60.81,0.1,0,0.73,1493.45,0,0,17.32,0,27.4,0,21.54,0,2.88,2.04,0.01,0,267.09,51.24
2025-12-29T22:25:00Z,-91.07,0,344.84,0,60,60.81,0.11,0,4.2,1477.37,0,0,24.02,0,27.15,0,21.41,0,2.88,2.04,0.01,0,270.83,51.77
2025-12-29T22:30:00Z,-187.21,0,413.84,0,61,60.14,0.11,0,3.65,1507.21,0,0,0,0,26.9,0,25.67,0,2.93,2.01,0.01,0,356.29,33.81
2025-12-29T22:35:00Z,-198.7,0,388.59,0,61,60.81,0.11,0,4.83,1547.59,0,0,0,0,26.73,0,24.17,0,2.93,2.04,0.01,0,321.65,36.79
2025-12-29T22:40:00Z,-84.05,0,243.78,0,61,60.81,0.11,0,0.96,1555.56,0,0,0,0,26.57,0,15.62,0,2.93,2.04,0.01,0,182.92,53.28
2025-12-29T22:45:00Z,-172.72,0,255.62,0,58,60.14,0.11,0,0.07,1607.01,0,0,0,0,26.4,0,16.46,0,2.78,2.01,0.01,0,196.69,38.02
2025-12-29T22:50:00Z,-221.94,0,256.77,0,60,60.81,0.11,0,0.03,1654.89,0,0,0,0,26.23,0,16.76,0,2.88,2.04,0.01,0,200.54,36.63
2025-12-29T22:55:00Z,-208.36,0,175.21,0,61,60.14,0.11,0,0.15,1693.31,0,0,0,0,26.07,0,11.56,0,2.93,2.01,0.01,0,138.38,1
2025-12-29T23:00:00Z,-142.63,0,158.02,0,62,60.81,0.11,0,4.99,1633.32,0,0,19.27,0,25.9,0,10.54,0,2.98,2.04,0.01,0,127.79,29.64
2025-12-29T23:05:00Z,-189.6,0,134.43,0,60,60.14,0.11,0,0.23,1677,0,0,0,0,25.77,0,8.99,0,2.88,2.01,0.01,0,113.14,22.2
2025-12-29T23:10:00Z,-202.89,0,132.24,0,62,60.81,0.11,0,5.27,1697.35,0,0,0,0,25.63,0,8.83,0,2.98,2.04,0.01,0,111.5,42.23
2025-12-29T23:15:00Z,-191.61,0,173.88,0,57,60.14,0.11,0,0.09,1668.06,0,0,0,0,25.5,0,11.76,0,2.74,2.01,0.01,0,139.59,3.15
2025-12-29T23:20:00Z,-1.62,-21.38,0,-0.1,59,60.14,0.11,0,12.82,1629,0,0,41.09,0,25.37,0.06,0,0,2.83,2.01,0.01,0,33.09,-7.67
2025-12-29T23:25:00Z,-0.05,0,106.29,0,60,60.14,0.11,0,5.08,1491.02,0,0,152.75,0,25.23,0,7.26,0,2.88,2.01,0.01,0,96.63,3.22
2025-12-29T23:30:00Z,-0.09,0,3.52,0,62,60.81,0.11,0,4.08,1563.78,0,0,24.86,0,25.1,0,0.24,0,2.98,2.04,0.01,0,37.41,52
2025-12-29T23:35:00Z,-51.35,0,28.45,0,58,60.14,0.11,0,0.15,1605.32,0,0,25.16,0,25.17,0,1.97,0,2.78,2.01,0.01,0,49.45,39.12
2025-12-29T23:40:00Z,0,0,38.65,0,62,60.81,0.11,0,11.07,1562.16,0,0,13.72,0,25.23,0,2.71,0,2.98,2.04,0.01,0,55.95,60.08
2025-12-29T23:45:00Z,-30.19,0,139.26,0,57,60.81,0.11,0,0.18,1488.21,0,0,0,0,25.3,0,9.76,0,2.74,2.04,0.01,0,121.38,44.62
2025-12-29T23:50:00Z,-1.32,0,150.86,0,59,60.14,0.11,0,0.89,1455.11,0,0,14.57,0,25.37,0,10.5,0,2.83,2.01,0.01,0,129.49,32.45
2025-12-29T23:55:00Z,-113.69,0,262.02,0,57,60.14,0.11,0,0.2,1427.4,0,0,10.71,0,25.43,0,17.45,0,2.74,2.01,0.01,0,227.94,32.16
2025-12-30T00:00:00Z,-4.87,0,141.36,0,57,60.14,0.11,0,0.06,1432.67,0,0,0,0,25.5,0,9.68,0,2.74,2.01,0.01,0,123.37,35.44
2025-12-30T00:05:00Z,-20.06,0,142.45,0,59,60.81,0.11,0,2.25,1410.98,0,0,0,0,25.38,0,9.75,0,2.83,2.04,0.01,0,128.02,31.52
2025-12-30T00:10:00Z,-111.07,0,248.32,0,60,60.14,0.11,0,2.71,1433.33,0,0,0,0,25.27,0,17.03,0,2.88,2.01,0.01,0,219.89,37.41
2025-12-30T00:15:00Z,-1.63,0,165.43,0,58,60.14,0.11,0,0.78,1393.2,0,0,0,0,25.15,0,11.44,0,2.78,2.01,0.01,0,144.9,35
2025-12-30T00:20:00Z,-109.97,0,228.17,0,58,60.81,0.11,0,0.12,1455.03,0,0,0,0,25.03,0,15.82,0,2.78,2.04,0.01,0,200.42,42.18
2025-12-30T00:25:00Z,-171.69,0,282.4,0,58,60.14,0.11,0,0.04,1455.82,0,0,0,0,24.92,0,19.73,0,2.78,2.01,0.01,0,262.86,24.68
2025-12-30T00:30:00Z,-110.71,0,238.99,0,60,60.14,0.11,0,0.56,1434.13,0,0,4.19,0,24.8,0,16.56,0,2.88,2.01,0.01,0,213.66,24.75
2025-12-30T00:35:00Z,-109.89,0,235.68,0,60,60.81,0.11,0,2.06,1426.08,0,0,15.72,0,24.78,0,16.53,0,2.88,2.04,0.01,0,213.9,24.83
2025-12-30T00:40:00Z,-0.76,0,216.57,0,42,0.81,0.11,0,2.46,1415.4,0,0,13.23,0,24.77,0,15.19,0,2.02,0.03,0.01,0,166.37,54.46
2025-12-30T00:45:00Z,-109.18,0,329.38,0,41,0,0.11,0,1.7,1406.91,0,0,14.17,0,24.75,0,23.04,0,1.97,0,0.01,0,296.9,61.66
2025-12-30T00:50:00Z,-27.38,0,238.83,0,43,0,0.11,0,0.67,1419.54,0,0,14.42,0,24.73,0,17.17,0,2.06,0,0.01,0,192.82,60.08
2025-12-30T00:55:00Z,-48.18,0,254.45,0,39,0,0.11,0,0.48,1420.89,0,0,8.11,0,24.72,0,18.26,0,1.87,0,0.01,0,208.68,59.99
2025-12-30T01:00:00Z,-109.13,0,316.23,0,42,0,0.11,0,19.26,1410.89,0,0,8.6,0,24.7,0,22.64,0,2.02,0,0.01,0,282.63,62.27
2025-12-30T01:05:00Z,-0.89,0,197.57,-0.1,40,0,0.11,0,29.3,1415.45,0,0,8.39,0,24.83,0,14.58,0,1.92,0,0.01,0,153.97,61.33
2025-12-30T01:10:00Z,-25.5,0,162.43,0,40,0,0.1,0,58.79,1433.41,0,0,13.28,0,24.97,0,12,0,1.92,0,0.01,0,124.29,61.79
2025-12-30T01:15:00Z,-26.1,0,134.92,0,40,0,0.11,0,52.86,1424.39,0,0,8.17,0,25.1,0,10.06,0,1.92,0,0.01,0,106,52.63
2025-12-30T01:20:00Z,-25.15,0,200.57,0,41,0,0.11,0,0.95,1407.17,0,0,10.68,0,25.23,0,14.84,0,1.97,0,0.01,0,164.89,59.09
2025-12-30T01:25:00Z,-25.28,0,182.18,0,40,0,0.11,0,5.32,1406.64,0,0,16.08,0,25.37,0,13.72,0,1.92,0,0.01,0,150.84,56.2
2025-12-30T01:30:00Z,-25.8,0,174.86,0,41,0,0.11,0,1.6,1419.21,0,0,19.15,0,25.5,0,13.07,0,1.97,0,0.01,0,143.16,59.65
2025-12-30T01:35:00Z,-25.95,0,141.06,0,40,0,0.11,0,4.43,1458.58,0,0,22.78,0,25.45,0,10.67,0,1.92,0,0.01,0,113.12,59.47
2025-12-30T01:40:00Z,-23.58,0,148.21,0,43,0,0.1,0,66.69,1383.67,0,0,0,0,25.4,0,11.38,0,2.06,0,0.01,0,122.1,64.7
2025-12-30T01:45:00Z,-49.12,0,168.29,0,41,0,0.11,0,20.83,1424.57,0,0,0,0,25.35,0,13.12,0,1.97,0,0.01,0,142.7,65.46
2025-12-30T01:50:00Z,-27.38,0,212.05,0,41,0,0.11,0,4.35,1358.55,0,0,0,0,25.3,0,16.5,0,1.97,0,0.01,0,190.35,62.62
2025-12-30T01:55:00Z,-24.8,0,168.91,0,41,0,0.11,0,5.95,1387.81,0,0,0,0,25.25,0,13.3,0,1.97,0,0.01,0,147.65,62.87
2025-12-30T02:00:00Z,-25.76,0,167.96,0,40,0,0.11,0,3.94,1379.28,0,0,0,0,25.2,0,13.22,0,1.92,0,0.01,0,147.85,63.14
2025-12-30T02:05:00Z,-26.19,0,145.38,0,41,0,0.11,0,4.91,1396.91,0,0,0,0,25.23,0,11.48,0,1.97,0,0.01,0,126.97,66.9
2025-12-30T02:10:00Z,-25.18,0,144.45,0,40,0,0.11,0,4.64,1390.71,0,0,0,0,25.27,0,11.49,0,1.92,0,0.01,0,127.16,59.52
2025-12-30T02:15:00Z,-30.01,-16.04,0,0,40,0,0.11,0,3.28,1549.46,0,0,0,0,25.3,0.02,0,0,1.92,0,0.01,0,14.79,9.1
2025-12-30T02:20:00Z,-25.74,-22.94,0,0,41,0,0.11,0,42.6,1518.91,0,0,0,0,25.33,0.03,0,0,1.97,0,0.01,0,15.03,50.29
2025-12-30T02:25:00Z,-25.48,-2.21,0,0,40,0,0.11,0,0.77,1543.17,0,0,0,0,25.37,0,0,0,1.92,0,0.01,0,14.83,49.18
2025-12-30T02:30:00Z,-26.66,-31.72,0,0,40,0,0.11,0,0.04,1567.18,0,0,0,0,25.4,0.04,0,0,1.92,0,0.01,0,14.63,56.2
2025-12-30T02:35:00Z,-25.3,-145.93,0,0,40,0,0.11,0,53.18,1631.22,0,0,0,0,25.2,0.16,0,0,1.92,0,0.01,0,13.62,49.08
2025-12-30T02:40:00Z,-25.35,-24.33,0,-0.1,40,0,0.11,0,0.72,1581.9,0,0,0,0,25,0.03,0,0,1.92,0,0.01,0,14.47,47.95
2025-12-30T02:45:00Z,-25.69,-50.52,0,-0.1,40,0,0.11,0,35.59,1573.32,0,0,0,0,24.8,0.06,0,0,1.92,0,0.01,0,14.25,52.83
2025-12-30T02:50:00Z,-29.87,0,3.86,0,41,0,0.11,0,0.4,1527.56,0,0,0,0,24.6,0,0.3,0,1.97,0,0.01,0,17.78,63.67
2025-12-30T02:55:00Z,-25.82,0,0.7,0,40,0,0.11,0,4.16,1506.87,0,0,0,0,24.4,0,0.05,0,1.92,0,0.01,0,15.59,50.81
2025-12-30T03:00:00Z,-25.83,-53.05,0,0,41,0,0.11,0,42.79,1520.51,0,0,0,0,24.2,0.07,0,0,1.97,0,0.01,0,15.02,63.16
2025-12-30T03:05:00Z,-25.4,-62.21,0,0,40,0,0.11,0,27.35,1536.55,0,0,0,0,24,0.07,0,0,1.92,0,0.01,0,14.65,61.4
2025-12-30T03:10:00Z,-2.24,-19.27,0,0,40,0,0.11,0,22.97,1457.16,0,0,0,0,23.8,0.02,0,0,1.92,0,0.01,0,15.23,61.18
2025-12-30T03:15:00Z,-0.51,-55.58,0,0,40,0,0.11,0,4.21,1507.56,0,0,0,0,23.6,0.07,0,0,1.92,0,0.01,0,14.9,32.92
2025-12-30T03:20:00Z,-3.01,-12.63,0,0,40,0,0.11,0,0.21,1503.38,0,0,0,0,23.4,0.02,0,0,1.92,0,0.01,0,15,52.46
2025-12-30T03:25:00Z,-2.39,-40.77,0,0,40,0,0.11,0,0.79,1500.29,0,0,0,0,23.2,0.05,0,0,1.92,0,0.01,0,15.02,62.12
2025-12-30T03:30:00Z,-1.22,0,62.74,0,40,0,0.11,0,22.74,1397.76,0,0,0,0,23,0,4.84,0,1.92,0,0.01,0,58.17,56.91
2025-12-30T03:35:00Z,-1.85,0,91.28,0,40,0,0.11,0,3.45,1402.62,0,0,0,0,22.82,0,6.79,0,1.92,0,0.01,0,77.27,51.89
2025-12-30T03:40:00Z,-1.15,0,109.88,0,40,0,0.11,0,41.89,1380.08,0,0,-7.29,0,22.63,0,7.93,0,1.92,0,0.01,0,87.51,65.41
2025-12-30T03:45:00Z,-0.71,0,78.48,0,40,0,0.1,0,114.07,1347.17,0,0,-41.73,0,22.45,0,5.92,0,1.92,0,0.01,0,66.18,73.02
2025-12-30T03:50:00Z,-3.7,0,113.31,0,40,0,0.11,0,111.49,1321.59,0,0,-58.33,0,22.27,0,8.58,0,1.92,0,0.01,0,92.97,60.06
2025-12-30T03:55:00Z,-3.29,-112.87,0,0,40,0,0.11,0,308.86,1348.53,0,0,-46.58,0,22.08,0.13,0,0,1.92,0,0.01,0,13.64,64.05
2025-12-30T04:00:00Z,-0.96,0,38.03,0,40,0,0.11,0,162.04,1348.18,0,0,-40.36,0,21.9,0,2.84,0,1.92,0,0.01,0,37.83,72
2025-12-30T04:05:00Z,-1.41,0,135.07,0,40,0,0.11,0,102.04,1310.23,0,0,-61.46,0,21.85,0,10.02,0,1.92,0,0.01,0,108.93,64.17
2025-12-30T04:10:00Z,-0.52,0,255.42,0,41,0,0.11,0,41.57,1260.03,0,0,-69.91,0,21.8,0,18.08,0,1.97,0,0.01,0,221.4,65.76
2025-12-30T04:15:00Z,-6.3,0,303.54,0,40,0,0.11,0,2.76,1269.67,0,0,-75.14,0,21.75,0,21.36,0,1.92,0,0.01,0,278.65,59.65
2025-12-30T04:20:00Z,-1.67,0,300.83,0,40,0,0.11,0,3.76,1261.29,0,0,-81.16,0,21.7,0,21.32,0,1.92,0,0.01,0,278.23,54.92
2025-12-30T04:25:00Z,-6.73,0,219.88,0,40,0,0.11,0,108.86,1254.28,0,0,-80.71,0,21.65,0,15.6,0,1.92,0,0.01,0,178.78,69.07
2025-12-30T04:30:00Z,-0.35,0,274.68,0,41,0,0.11,0,76.84,1226.73,0,0,-89.69,0,21.6,0,19.76,0,1.97,0,0.01,0,243.82,78.08
2025-12-30T04:35:00Z,-16.29,0,396.03,0,39,0,0.11,0,2.68,1156.83,0,0,-82.19,0,21.42,0,27.19,0,1.87,0,0.01,0,443.55,59.9
2025-12-30T04:40:00Z,-4.17,0,386.96,0,40,0,0.11,0,3.82,1157.64,0,0,-58.78,0,21.23,0,27.44,0,1.92,0,0.01,0,434.77,37.09
2025-12-30T04:45:00Z,-1.49,0,260.07,0,40,0,0.11,0,110.77,1137.11,0,0,-21.02,0,21.05,0,18.36,0,1.92,0,0.01,0,237.2,51.9
2025-12-30T04:50:00Z,-5.54,0,236.72,0,40,0,0.11,0,109.71,1149.56,0,0,-18.39,0,20.87,0,16.34,0,1.92,0,0.01,0,207.35,52.73
2025-12-30T04:55:00Z,-13.8,0,218.47,0,40,0,0.11,0,108.86,1149.13,0,0,-17.4,0,20.68,0,15.25,0,1.92,0,0.01,0,193.33,31.31
2025-12-30T05:00:00Z,-8.92,0,264.96,0,40,0,0.11,0,85.17,1139.61,0,0,-10.52,0,20.5,0,18.25,0,1.92,0,0.01,0,244.35,51.64
2025-12-30T05:05:00Z,-1.3,0,336.18,0,42,0,0.11,0,2.58,1154.37,0,0,-10.89,0,20.38,0,23.14,0,2.02,0,0.01,0,350.48,50.71
2025-12-30T05:10:00Z,-1.59,0,199.81,0,42,0,0.11,0,111.11,1189.12,0,0,-14.18,0,20.27,0,14.13,0,2.02,0,0.01,0,169.84,50.73
2025-12-30T05:15:00Z,-29.62,0,218.97,0,42,0,0.11,0,111.21,1154.98,0,0,-11.58,0,20.15,0,15.42,0,2.02,0,0.01,0,197.51,51.66
2025-12-30T05:20:00Z,-7.93,0,296.24,0,42,0,0.11,0,0.71,1143.37,0,0,0,0,20.03,0,21.14,0,2.02,0,0.01,0,315.08,52.11
2025-12-30T05:25:00Z,-2.57,0,297.82,0,42,0,0.11,0,2.23,1156.27,0,0,0,0,19.92,0,21.17,0,2.02,0,0.01,0,309.19,55.17
2025-12-30T05:30:00Z,-5.68,0,201.54,0,42,0,0.1,0,111.05,1115.66,0,0,0,0,19.8,0,14.78,0,2.02,0,0.01,0,189.9,76.78
2025-12-30T05:35:00Z,-16.67,0,306.58,0,41,0,0.11,0,3.9,1125.99,0,0.92,0,0,19.7,0,22.01,0,1.97,0,0.01,0,339.19,60.72
2025-12-30T05:40:00Z,-3.2,0,297.12,0,40,0,0.11,0,18.81,1134.04,0.05,1.85,0,0,19.6,0,20.77,0,1.92,0,0.01,0,304.46,40.71
2025-12-30T05:45:00Z,-41.42,0,395.84,0,40,0,0.11,0,0,1101.43,0.23,2.77,0,0,19.5,0,26.71,0,1.92,0,0.01,0,485.8,32.02
2025-12-30T05:50:00Z,-29.36,0,375.07,0,40,0,0.11,0,0.52,1090.55,0.95,3.69,0,0,19.4,0,26.12,0,1.92,0,0.01,0,460.16,1.09
2025-12-30T05:55:00Z,-13.43,0,355.91,0,42,0,0.11,0,0.18,1103.78,1.88,4.62,0,0,19.3,0,24.43,0,2.02,0,0.01,0,405.3,35.66
2025-12-30T06:00:00Z,-10.5,0,328.42,0,43,0,0.11,0,7.03,1107.5,3.49,5.54,0,0,19.2,0,23.08,0,2.06,0,0.01,0,364.55,13.65
2025-12-30T06:05:00Z,-21.55,0,299.63,0,40,0,0.11,0,0,1160.04,5.37,12.45,0,0,19.15,0,20.84,0,1.92,0,0.01,0,304.58,0
2025-12-30T06:10:00Z,-19.02,0,259.05,0,43,0,0.11,0,1.58,1187.85,10.41,19.36,0,0,19.1,0,17.83,0,2.06,0,0.01,0,242.63,13.01
2025-12-30T06:15:00Z,-67.93,0,230.14,0,40,0,0.11,0,110.55,1159.18,17.93,26.28,0,0,19.05,0,15.19,0,1.92,0,0.01,0,194.56,0.67
2025-12-30T06:20:00Z,-17.77,0,280.53,0,40,0,0.11,0,55.98,1065.81,23.33,33.19,0,0,19,0,18.31,0,1.92,0,0.01,0,263.93,-2.91
2025-12-30T06:25:00Z,-26.46,0,344.87,0,44,0,0.11,0,115.15,982.25,33.84,40.1,67.54,0,18.95,0,22.54,0,2.11,0,0.01,0,350.48,-6.01
2025-12-30T06:30:00Z,-7.43,0,153.96,0,42,0,0.11,0,277.15,979.66,55.8,47.01,37.33,0,18.9,0,9.95,0,2.02,0,0.01,0,115.85,-4.46
2025-12-30T06:35:00Z,-10.5,0,314.39,0,44,0,0.11,0,124.6,930.94,79.94,63.32,36.25,0,18.88,0,20.93,0,2.11,0,0.01,0,301.34,15.47
2025-12-30T06:40:00Z,-1.93,0,319.46,0,45,0,0.11,0,18.4,979.95,91.47,79.62,0,0,18.87,0,21.1,0,2.16,0,0.01,0,312.53,-2.44
2025-12-30T06:45:00Z,-35.7,0,340.79,0,41,0,0.11,0,0,1027.02,100,95.93,25.17,0,18.85,0,21.53,0,1.97,0,0.01,0,317.76,-6.02
2025-12-30T06:50:00Z,-14.36,0,328.99,0,41,0,0.11,0,0.71,1029.87,108.62,112.23,36.55,0,18.83,0,21.3,0,1.97,0,0.01,0,294.25,-6.32
2025-12-30T06:55:00Z,-12.21,0,312.23,0,41,0,0.11,0,0.22,1030.62,123.54,128.53,54.52,0,18.82,0,20.32,0,1.97,0,0.01,0,267.62,-6.42
2025-12-30T07:00:00Z,-116.36,0,396.34,0,40,0,0.11,0,0.74,1011.9,122.34,144.84,81.42,0,18.8,0,25.49,0,1.92,0,0.01,0,407.57,-7.01
2025-12-30T07:05:00Z,-113.83,0,549.23,0,41,0,0.11,0,0.33,925.94,96.4,158.47,220.44,11.72,18.82,0,35.21,0,1.97,0,0.01,0,798.06,-2
2025-12-30T07:10:00Z,-117.61,0,547.67,0,42,0,0.11,0,1.52,896.28,64.28,172.1,248.18,0,18.83,0,34.08,0,2.02,0,0.01,0,847.8,-2.1
2025-12-30T07:15:00Z,-114.52,0,602.16,0,42,0,0.11,0,1.11,809.66,76.9,185.73,313.03,0,18.85,0,36.3,0,2.02,0,0.01,0,1153.2,-3.1
2025-12-30T07:20:00Z,-109.25,0,574.22,0,45,0,0.11,0,13.95,762.51,108.02,199.36,364.24,0,18.87,0,34.72,0,2.16,0,0.01,0,993.59,-7.25
2025-12-30T07:25:00Z,-6.12,0,608.58,0,42,0,0.1,0,0.26,620.33,141.51,212.99,530.11,14.59,18.88,0,36.8,0,2.02,0,0.01,0,1157.61,-7.25
2025-12-30T07:30:00Z,-9.86,0,609.31,0,41,0,0.11,0,1.38,559.18,151.36,226.62,580.68,12.94,18.9,0,36.92,0,1.97,0,0.01,0,1294.85,-9.54
2025-12-30T07:35:00Z,-0.14,0,643.34,0,43,0,0.11,0,7.48,506.91,176.96,245.08,617.73,21.45,18.93,0,38.96,0,2.06,0,0.01,0,1464.96,-8.03
2025-12-30T07:40:00Z,-8.45,0,612.49,0,40,0,0.11,0,0.15,511.61,209.43,263.54,610.67,20.81,18.97,0,36.82,0,1.92,0,0.01,0,1151.21,-7.73
2025-12-30T07:45:00Z,-1.87,0,575.89,0,43,0,0.11,0,6.12,516.49,238.93,282,615.23,34.42,19,0,34.58,0,2.06,0,0.01,0,864.33,-7.25
2025-12-30T07:50:00Z,-0.14,0,598.05,0,44,0,0.11,0,9.48,492.86,234.02,300.47,624.11,19.94,19.03,0,36.6,0,2.11,0,0.01,0,962.39,-7.96
2025-12-30T07:55:00Z,-1.21,0,579.12,0,43,0,0.11,0,4.29,489.79,231.23,318.93,651.11,14.9,19.07,0,35.61,0,2.06,0,0.01,0,891.7,-8.03
2025-12-30T08:00:00Z,-4.26,0,558.48,0,42,0,0.11,0,1.08,487.39,235.65,337.39,630.82,24.23,19.1,0,34.55,0,2.02,0,0.01,0,811.3,-7.25
2025-12-30T08:05:00Z,-0.14,0,620.72,0,44,0,0.11,0,6.3,477.14,144.54,359.05,631.23,122.02,19.2,0,38.81,0,2.11,0,0.01,0,1197.2,-8.14
2025-12-30T08:10:00Z,-7.3,0,623.13,0,40,0,0.11,0,0.21,485.89,151.09,380.7,637.89,119.99,19.3,0,38.03,0,1.92,0,0.01,0,1121.41,-7.97
2025-12-30T08:15:00Z,-2.27,0,606.85,0,43,0,0.11,0,3.87,492.86,142.97,402.36,632.96,138.62,19.4,0,37,0,2.06,0,0.01,0,984.8,-7.01
2025-12-30T08:20:00Z,-1.32,0,686.52,0,42,0,0.11,0,4.41,500.97,60.82,424.01,565.52,240.55,19.5,0,42.3,0,2.02,0,0.01,0,1544.11,-8.5
2025-12-30T08:25:00Z,-0.81,0,622.38,0,44,0,0.1,0,13.37,528.73,63.29,445.66,570.27,244.2,19.6,0,38.66,0,2.11,0,0.01,0,1036.71,-8.2
2025-12-30T08:30:00Z,-27.39,0,545.79,0,40,0,0.11,0,0,579.91,73.83,467.32,520.07,246.91,19.7,0,33.4,0,1.92,0,0.01,0,721,-8.75
2025-12-30T08:35:00Z,-10.82,0,608.98,0,40,0,0.11,0,0,504.47,56.62,500.62,625.94,246.52,19.8,0,36.84,0,1.92,0,0.01,0,965.14,-7.83
2025-12-30T08:40:00Z,-2.01,0,525.4,0,42,0,0.1,0,6.96,557.32,48.26,533.91,522.17,288.8,19.9,0,32.43,0,2.02,0,0.01,0,625.39,-8
2025-12-30T08:45:00Z,-6.72,0,499.7,0,40,0,0.11,0,0.45,551.37,53.69,567.21,554.69,292.28,20,0,31.06,0,1.92,0,0.01,0,560.38,-8.5
2025-12-30T08:50:00Z,-6.56,0,563.07,0,40,0,0.11,0,0.04,470.79,44.11,600.51,663.41,337.58,20.1,0,35.2,0,1.92,0,0.01,0,760.4,-8.71
2025-12-30T08:55:00Z,-0.3,0,578.21,0,42,0,0.11,0,1.2,434.24,36.65,633.8,724.72,299.83,20.2,0,35.89,0,2.02,0,0.01,0,798.91,-8.67
2025-12-30T09:00:00Z,-2.17,0,595.91,0,42,0,0.11,0,0.32,427,36.76,667.1,713.9,272.42,20.3,0,36.93,0,2.02,0,0.01,0,812.7,-8.95
2025-12-30T09:05:00Z,-0.25,0,538.16,0,43,0,0.11,0,4.56,429.62,37.39,689.59,707.07,282.43,20.38,0,34.14,0,2.06,0,0.01,0,652.64,-11.75
2025-12-30T09:10:00Z,-0.84,0,484.32,0,44,0,0.11,0,5.39,453.04,29.88,712.08,728.13,227.94,20.47,0,31.04,0,2.11,0,0.01,0,524.08,-11.63
2025-12-30T09:15:00Z,-11.11,0,507.54,0,40,0,0.11,0,0,456.88,26.64,734.57,727.11,279.51,20.55,0,32.59,0,1.92,0,0.01,0,560.09,-12.5
2025-12-30T09:20:00Z,-26.32,0,523.24,0,42,0,0.11,0,0.77,448.37,31.09,757.06,725.32,274.92,20.63,0,33.94,0,2.02,0,0.01,0,591.3,-14.85
2025-12-30T09:25:00Z,-27.64,0,533.25,0,41,0,0.11,0,0.18,457.8,35.4,779.55,711.79,313.76,20.72,0,34.57,0,1.97,0,0.01,0,582.31,-15.08
2025-12-30T09:30:00Z,-38.53,0,475.2,0,42,0,0.11,0,0.34,528.55,24.56,802.04,713.06,317.74,20.8,0,30.42,0,2.02,0,0.01,0,440.44,-15.89
2025-12-30T09:35:00Z,-30.34,0,429.25,0,41,0,0.11,0,0.01,563.2,17.34,799.82,711.53,360.76,20.83,0,26.9,0,1.97,0,0.01,0,360.28,-15.59
2025-12-30T09:40:00Z,-31.25,0,415.96,0,43,0,0.11,0,2.51,612.47,18.46,797.59,701.3,388.36,20.87,0,25.88,0,2.06,0,0.01,0,326.61,-15.8
2025-12-30T09:45:00Z,-43.61,0,474.29,0,42,0,0.11,0,0.11,590.81,18,795.36,735.79,424,20.9,0,28.57,0,2.02,0,0.01,0,395.33,-21.75
2025-12-30T09:50:00Z,-22.3,0,520.71,0,43,0,0.11,0,4.58,528.15,17.05,793.14,814.63,441.31,20.93,0,31.15,0,2.06,0,0.01,0,472.9,-14.86
2025-12-30T09:55:00Z,-94.52,0,543.31,0,40,0,0.11,0,0,595.28,30.94,790.91,771.05,386.46,20.97,0,31.34,0,1.92,0,0.01,0,487.2,-18.37
2025-12-30T10:00:00Z,-60.58,0,501.1,0,40,0,0.11,0,0,608.31,17.7,788.68,796.56,378.96,21,0,28.65,0,1.92,0,0.01,0,410.84,-17.39
2025-12-30T10:05:00Z,-60.16,0,474.31,0,40,0,0.11,0,0,619.69,18.4,810.86,762.29,345.9,21.02,0,26.62,0,1.92,0,0.01,0,358.87,-18.35
2025-12-30T10:10:00Z,-160.55,0,574.43,0,42,0,0.11,0,0.02,641.86,18.28,833.04,789.82,373.46,21.03,0,31.74,0,2.02,0,0.01,0,506.17,-22.02
2025-12-30T10:15:00Z,-37.44,0,539.29,0,42,0,0.11,0,1.25,535.26,16.12,855.22,928.25,395.39,21.05,0,29.82,0,2.02,0,0.01,0,437.64,-18.36
2025-12-30T10:20:00Z,-93.94,0,491.77,0,40,0,0.11,0,0,628.4,11.12,877.39,779.61,380.32,21.07,0,26.29,0,1.92,0,0.01,0,348.56,-20.74
2025-12-30T10:25:00Z,-104.49,0,538.71,0,40,0,0.11,0,0,554.22,7.71,899.57,897.8,358.66,21.08,0,28.11,0,1.92,0,0.01,0,419.87,-19.88
2025-12-30T10:30:00Z,-153.6,0,486.61,0,41,0,0.1,0,0.12,623.45,6.7,921.75,807.65,347.32,21.1,0,24.93,0,1.97,0,0.01,0,338.81,-19.88
2025-12-30T10:35:00Z,-267.07,0,585.21,0,41,0,0.11,0,0.12,636.08,6.96,942.42,801.53,322.27,20.92,0,30.25,0,1.97,0,0.01,0,499.28,-20
2025-12-30T10:40:00Z,-202.97,0,621.05,0,41,0,0.11,0,0,552.39,6.61,963.1,893.44,342,20.73,0,31.67,0,1.97,0,0.01,0,546.18,-19.88
2025-12-30T10:45:00Z,-248.71,0,594.04,0,43,0,0.11,0,2.96,601.16,7.76,983.77,833.38,341.24,20.55,0,30.34,0,2.06,0,0.01,0,488.54,-21
2025-12-30T10:50:00Z,-140.63,0,564.81,0,40,0,0.11,0,0.06,521.8,6.66,1004.44,887.51,283.44,20.37,0,28.45,0,1.92,0,0.01,0,420.1,-19.88
2025-12-30T10:55:00Z,-208.47,0,572.33,0,43,0,0.11,0,2.41,574.12,7.82,1025.11,791.28,292.64,20.18,0,28.93,0,2.06,0,0.01,0,426.66,-19.88
2025-12-30T11:00:00Z,-197.65,0,593.43,0,42,0,0.11,0,0,554.88,7.23,1045.79,770.75,286.94,20,0,29.89,0,2.02,0,0.01,0,445.84,-15.08
2025-12-30T11:05:00Z,-170.42,0,563.13,0,43,0,0.11,0,3.57,550.76,10.87,1049.02,798,317.88,20.05,0,28.57,0,2.06,0,0.01,0,398.02,-15.08
2025-12-30T11:10:00Z,-156.59,0,502.87,0,44,0,0.11,0,1.54,570.58,12.84,1052.26,766.6,347.82,20.1,0,24.98,0,2.11,0,0.01,0,318.18,-17.55
2025-12-30T11:15:00Z,-135.23,0,456.45,0,40,0,0.11,0,0,571.6,11.28,1055.5,801.27,271.05,20.15,0,22.55,0,1.92,0,0.01,0,270.23,-16.25
2025-12-30T11:20:00Z,-122.17,0,376.85,0,42,0,0.11,0,0.02,582.5,11.46,1058.74,815,340.88,20.2,0,18.8,0,2.02,0,0.01,0,208.94,-16.33
2025-12-30T11:25:00Z,-244.02,0,527.82,0,41,0,0.11,0,0.04,591,11.16,1061.97,809.39,361.61,20.25,0,26.23,0,1.97,0,0.01,0,362.65,-16.42
2025-12-30T11:30:00Z,-232.95,0,558.25,0,42,0,0.1,0,0.32,599.98,11.59,1065.21,821.43,362.25,20.3,0,27.2,0,2.02,0,0.01,0,377.81,-15.08
2025-12-30T11:35:00Z,-178.97,0,555.17,0,44,0,0.11,0,4.62,605.02,11.88,1019.07,798.42,391.5,20.37,0,27.56,0,2.11,0,0.01,0,374.72,-11.41
2025-12-30T11:40:00Z,-85.45,0,453.12,0,43,0,0.11,0,0.59,645.29,27.23,972.93,787.5,349.06,20.43,0,22.17,0,2.06,0,0.01,0,252.77,-11.28
2025-12-30T11:45:00Z,-1.48,0,428.99,0,42,0,0.1,0,3.12,654.4,25.45,926.78,783.55,343.34,20.5,0,20.79,0,2.02,0,0.01,0,224.1,-8.5
2025-12-30T11:50:00Z,-0.19,0,458.72,0,44,0,0.11,0,18.59,667.22,40.94,880.64,817.36,391.17,20.57,0,22.34,0,2.11,0,0.01,0,246.05,-8.37
2025-12-30T11:55:00Z,-3.78,0,443.39,0,40,0,0.11,0,0.23,718.39,64.95,834.5,759.76,354.93,20.63,0,21.59,0,1.92,0,0.01,0,233,-7.88
2025-12-30T12:00:00Z,-79.6,0,542.07,0,40,0,0.11,0,0,719.33,75.33,788.36,672.9,349.29,20.7,0,25.15,0,1.92,0,0.01,0,324.47,-7.01
2025-12-30T12:05:00Z,-80.82,0,424.14,0,41,0,0.11,0,1.52,822.73,72.92,785,606.95,377.52,20.82,0,20.27,0,1.97,0,0.01,0,219.09,-7.01
2025-12-30T12:10:00Z,-3.97,0,344.94,0,40,0,0.11,0,0,825.61,67.38,781.64,620.68,401.42,20.93,0,16.72,0,1.92,0,0.01,0,163.82,-8.5
2025-12-30T12:15:00Z,-4.41,0,372.09,0,40,0,0.11,0,0,699.08,126.8,778.28,756.73,310.27,21.05,0,18.08,0,1.92,0,0.01,0,189.38,-11.66
2025-12-30T12:20:00Z,-54.35,0,414.7,0,40,0,0.11,0,0,652.54,101.53,774.92,740.35,337.47,21.17,0,19.79,0,1.92,0,0.01,0,236.92,-18.36
2025-12-30T12:25:00Z,-77.09,0,459.36,0,40,0,0.1,0,0,616.53,64.37,771.56,755.72,364.72,21.28,0,21.99,0,1.92,0,0.01,0,300.14,-15.08
2025-12-30T12:30:00Z,-209.1,0,611.5,0,40,0,0.11,0,0,608.97,59.42,768.2,746.06,357.36,21.4,0,29.66,0,1.92,0,0.01,0,577.66,-12.5
2025-12-30T12:35:00Z,-189.67,0,645.99,0,43,0,0.11,0,4,591.03,55.3,807.55,770.24,347.18,21.33,0,31.98,0,2.06,0,0.01,0,614.09,-8.5
2025-12-30T12:40:00Z,-218.21,0,550.14,0,44,0,0.11,0,7.46,672.06,81.61,846.91,642.73,302.5,21.27,0,27.46,0,2.11,0,0.01,0,401.65,-9.5
2025-12-30T12:45:00Z,-119.09,0,516.19,0,44,0,0.11,0,3.99,607.39,57.69,886.26,755.08,290.01,21.2,0,25.93,0,2.11,0,0.01,0,349.13,-8.5
2025-12-30T12:50:00Z,-156.71,0,529.85,0,40,0,0.11,0,0,607.95,65.78,925.62,758.58,268.8,21.13,0,26.38,0,1.92,0,0.01,0,356.49,-11.01
2025-12-30T12:55:00Z,-133.5,0,526.03,0,44,0,0.11,0,6.11,581.23,47.98,964.97,756.3,291.86,21.07,0,27.21,0,2.11,0,0.01,0,357.33,-11.01
2025-12-30T13:00:00Z,-125.98,0,510.73,0,40,0,0.11,0,0,572.55,42.54,1004.33,810.5,234.75,21,0,25.6,0,1.92,0,0.01,0,322.93,-11.01
2025-12-30T13:05:00Z,-138.94,0,448.68,0,43,0,0.11,0,3.59,564.14,45.15,1048.71,804.95,229.99,20.88,0,23,0,2.06,0,0.01,0,269.3,-12.5
2025-12-30T13:10:00Z,-56.58,0,317.24,-0.1,42,0,0.11,0,2.13,550.3,42.3,1093.1,800.82,296.84,20.77,0,16.05,0,2.02,0,0.01,0,159.9,-12.41
2025-12-30T13:15:00Z,-173.47,0,389.29,-0.1,40,0,0.11,0,14.75,541.65,43.23,1137.49,796.73,296.64,20.65,0,19.41,0,1.92,0,0.01,0,210.86,-13.86
2025-12-30T13:20:00Z,-97.91,0,254.04,0,40,0,0.11,0,36.15,536.17,44.69,1181.88,786.1,235.72,20.53,0,12.66,0,1.92,0,0.01,0,117.73,-14.37
2025-12-30T13:25:00Z,-231.21,0,389.98,0,40,0,0.1,0,0,546,55.1,1226.26,774.35,209.85,20.42,0,19.08,0,1.92,0,0.01,0,202.23,-11.98
2025-12-30T13:30:00Z,-209.85,0,401.35,0,40,0,0.11,0,0,558.99,14.01,1270.65,729.42,266.49,20.3,0,19.46,0,1.92,0,0.01,0,201.71,-14.34
2025-12-30T13:35:00Z,-242,0,438.34,0,41,0,0.11,0,0.71,592.39,16.65,1276.4,815.46,257.07,20.38,0,21.62,0,1.97,0,0.01,0,227.09,-14.43
2025-12-30T13:40:00Z,-246.52,0,284.96,0,43,0,0.11,0,117.21,608.61,20.03,1282.14,737.81,245.38,20.47,0,13.86,0,2.06,0,0.01,0,124.18,-13.11
2025-12-30T13:45:00Z,-242.64,0,365.86,0,40,0,0.11,0,0.55,602.85,23.55,1287.88,732.2,235.52,20.55,0,17.75,0,1.92,0,0.01,0,175.32,-12.99
2025-12-30T13:50:00Z,-133.53,0,239.31,0,39,0,0.11,0,13.67,618.49,20.26,1293.63,712.25,198.82,20.63,0,11.7,0,1.87,0,0.01,0,101.05,-11.93
2025-12-30T13:55:00Z,-210.15,0,302.98,0,40,0,0.11,0,0,616.18,24.09,1299.37,805.9,203.89,20.72,0,15,0,1.92,0,0.01,0,138.46,-11.63
2025-12-30T14:00:00Z,-203.77,0,213.76,0,41,0,0.11,0,0.26,672.9,36.84,1305.12,787.41,196.91,20.8,0,10.39,0,1.97,0,0.01,0,90.56,-10.49
2025-12-30T14:05:00Z,-171.77,0,193.25,0,40,0,0.11,0,0,685.69,35.51,1272.68,721.93,212.07,20.78,0,9.41,0,1.92,0,0.01,0,81.52,-11.01
2025-12-30T14:10:00Z,-197.56,0,163.71,0,41,0,0.11,0,0.66,642.8,103.48,1240.23,778.9,175.57,20.77,0,7.98,0,1.97,0,0.01,0,71.66,-10.33
2025-12-30T14:15:00Z,-162.4,0,142.09,0,40,0,0.11,0,0.32,648.36,100.38,1207.79,829.77,187.38,20.75,0,6.69,0,1.92,0,0.01,0,61.06,-11.55
2025-12-30T14:20:00Z,-209.21,0,218.7,0,40,0,0.11,0,1.3,666.84,104.78,1175.35,830.2,176.95,20.73,0,10.58,0,1.92,0,0.01,0,96.2,-11.58
2025-12-30T14:25:00Z,-195.53,0,281.81,0,41,0,0.11,0,0.3,664.28,110.06,1142.91,817.08,174.29,20.72,0,13.75,0,1.97,0,0.01,0,127.36,-11.25
2025-12-30T14:30:00Z,-225.21,0,379.51,0,41,0,0.11,0,4.22,638.52,94.46,1110.47,809.65,183.28,20.7,0,18.35,0,1.97,0,0.01,0,189.94,-12
2025-12-30T14:35:00Z,-220.01,0,409.53,0,43,0,0.11,0,1.95,599.81,89.44,1075.59,755.61,180.36,20.78,0,19.65,0,2.06,0,0.01,0,220.84,-10.76
2025-12-30T14:40:00Z,-182,0,393.25,-0.1,40,0,0.11,0,0.01,620.96,89.58,1040.7,751.79,141.2,20.87,0,18.87,0,1.92,0,0.01,0,205.22,-9.86
2025-12-30T14:45:00Z,-173.38,0,390.5,-0.1,40,0,0.11,0,4.38,624.43,80.37,1005.82,736.43,137.11,20.95,0,18.41,0,1.92,0,0.01,0,204.87,-9.33
2025-12-30T14:50:00Z,-49.85,0,223.4,-0.1,43,0,0.11,0,107.81,609.85,89.16,970.93,750.6,100.64,21.03,0,10.62,0,2.06,0,0.01,0,98.4,-8
2025-12-30T14:55:00Z,-58.22,0,246.88,-0.1,40,0,0.11,0,0.08,700.71,102.63,936.05,652.85,119.27,21.12,0,11.54,0,1.92,0,0.01,0,109.63,-8.04
2025-12-30T15:00:00Z,-70.56,0,237.53,0,43,0,0.11,0,55.57,699.56,103.12,901.17,649.59,114.21,21.2,0,11.38,0,2.06,0,0.01,0,108.04,-7.61
2025-12-30T15:05:00Z,-93.97,0,289.18,0,40,0,0.11,0,0.4,740.48,104.41,877.9,602.47,97.95,21.08,0,13.35,0,1.92,0,0.01,0,132.84,-7.25
2025-12-30T15:10:00Z,-85.38,0,219.68,0,41,0,0.11,0,0.71,802.27,103.07,854.64,590.96,98.51,20.97,0,10.24,0,1.97,0,0.01,0,97.95,-7.01
2025-12-30T15:15:00Z,-66.89,0,76.91,0,42,0,0.11,0,3.77,962.04,98.13,831.37,495.36,103.08,20.85,0,3.58,0,2.02,0,0.01,0,37.48,-7.25
2025-12-30T15:20:00Z,-71.71,0,183.88,0,40,0,0.11,0,0.32,848.07,100.85,808.11,615.62,117.7,20.73,0,8.47,0,1.92,0,0.01,0,80.93,-7.25
2025-12-30T15:25:00Z,-77.95,0,193.25,0,42,0,0.11,0,3.22,855.73,90.4,784.84,647.9,126.73,20.62,0,8.86,0,2.02,0,0.01,0,86.76,-7
2025-12-30T15:30:00Z,-76.37,0,31.98,0,44,0,0.11,0,8.86,1024.63,83.33,761.58,513.24,112.24,20.5,0,1.43,0,2.11,0,0.01,0,23.48,-7.01
2025-12-30T15:35:00Z,-77.56,0,140.63,0,42,0,0.11,0,2.94,976.67,89.98,741.03,567.57,104.31,20.25,0,6.14,0,2.02,0,0.01,0,59.91,-5.45
2025-12-30T15:40:00Z,-51.88,0,16,0,40,0,0.11,0,0.67,1063.76,85.48,720.49,493.61,109.16,20,0,0.71,0,1.92,0,0.01,0,17.19,-7.01
2025-12-30T15:45:00Z,-49.19,0,65.29,0,42,0,0.11,0,3,1024.77,105.96,699.95,575.06,68.75,19.75,0,2.97,0,2.02,0,0.01,0,34.02,-7.25
2025-12-30T15:50:00Z,-52.85,0,161.81,0,41,0,0.11,0,31.48,912,112.28,679.41,625.7,67.05,19.5,0,6.85,0,1.97,0,0.01,0,67.78,-2.5
2025-12-30T15:55:00Z,-56.14,0,22.19,0,40,0,0.11,0,0.01,1082.67,107.35,658.87,459.99,62.57,19.25,0,0.96,0,1.92,0,0.01,0,19.1,-7
2025-12-30T16:00:00Z,-76.4,0,75.41,0,42,0,0.11,0,5.94,1092.72,97.89,638.33,494.92,61.39,19,0,3.22,0,2.02,0,0.01,0,36.45,-2.54
2025-12-30T16:05:00Z,-75.82,-3.86,0,0,44,0,0.11,0,7.51,1131.98,93.54,643.5,429.93,61.53,18.98,0.01,0,0,2.11,0,0.01,0,13.77,-2.55
2025-12-30T16:10:00Z,-93.31,-22.9,0,0,40,0,0.1,0,0,1140.95,87.61,648.67,429.87,61.84,18.97,0.03,0,0,1.92,0,0.01,0,12.6,-5.54
2025-12-30T16:15:00Z,-85.41,0,5.28,-0.1,40,0,0.11,0,0,1113.46,85.28,653.85,482.45,54.41,18.95,0,0.22,0,1.92,0,0.01,0,14.32,-6.93
2025-12-30T16:20:00Z,-78.01,-36.71,0,0,41,0,0.11,0,2.31,1126.11,82.67,659.02,451.44,56.5,18.93,0.06,0,0,1.97,0,0.01,0,12.8,-6.76
2025-12-30T16:25:00Z,-80.33,-75.17,0,0,42,0,0.11,0,2.14,1092.32,86.51,664.19,535.43,53.57,18.92,0.12,0,0,2.02,0,0.01,0,13.15,-6.63
2025-12-30T16:30:00Z,-49.96,-141.44,0,0,41,0,0.11,0,1.83,1064.36,91.68,669.36,492.56,50.39,18.9,0.23,0,0,1.97,0,0.01,0,12.46,-7
2025-12-30T16:35:00Z,-83.57,-180.92,0,0,40,0,0.11,0,0,1050.97,88.88,717.95,453.5,52.01,18.88,0.3,0,0,1.92,0,0.01,0,11.98,-7.25
2025-12-30T16:40:00Z,-73.97,-83.83,0,0,43,0,0.11,0,13.06,886.22,83.38,766.54,654.38,68.18,18.87,0.17,0,0,2.06,0,0.01,0,13.96,-7.01
2025-12-30T16:45:00Z,-50.63,-205.74,0,0,43,0,0.1,0,83.7,931.33,63.06,815.13,611.47,71.29,18.85,0.38,0,0,2.06,0,0.01,0,12.07,-7
2025-12-30T16:50:00Z,-48.13,-322.4,0,0,42,0,0.11,0,26.67,1091.89,73.6,863.72,488.75,60.11,18.83,0.53,0,0,2.02,0,0.01,0,10.38,-7.01
2025-12-30T16:55:00Z,-73.1,-290.78,0,0,45,0,0.1,0,12.98,1106.34,61.79,912.31,549.87,75.93,18.82,0.51,0,0,2.16,0,0.01,0,11.17,-2.24
2025-12-30T17:00:00Z,-62.3,-397,0,0,41,0,0.11,0,12.73,1207.26,70.13,960.9,480.36,66.02,18.8,0.59,0,0,1.97,0,0.01,0,9.07,-2.22
2025-12-30T17:05:00Z,-80.83,-352.7,0,0,41,0,0.11,0,0.84,1260.72,65.55,901.63,473.26,48.35,18.73,0.51,0,0,1.97,0,0.01,0,9.58,-7
2025-12-30T17:10:00Z,-50.47,-299.98,0,0,40,0,0.11,0,6.48,1238.71,58.47,842.36,406.68,66.59,18.67,0.43,0,0,1.92,0,0.01,0,9.78,-6.94
2025-12-30T17:15:00Z,-76.21,-259.57,0,0,43,0,0.11,0,6.45,1285.6,64.1,783.09,359.35,42.45,18.6,0.38,0,0,2.06,0,0.01,0,10.96,-2.33
2025-12-30T17:20:00Z,-44.64,-324.29,0,0,45,0,0.11,0,53.93,1297.14,58.6,723.82,304.6,52.53,18.53,0.48,0,0,2.16,0,0.01,0,11.16,-2.32
2025-12-30T17:25:00Z,-48.93,-253.53,0,0,44,0,0.11,0,23.81,1283.63,63.08,664.55,322.19,22.95,18.47,0.38,0,0,2.11,0,0.01,0,11.74,-2.1
2025-12-30T17:30:00Z,-43.88,-381.15,0,0,44,0,0.11,0,40.52,1315.78,156.03,605.28,241.39,24.86,18.4,0.52,0,0,2.11,0,0.01,0,11.05,-2.1
2025-12-30T17:35:00Z,-32.29,-397.23,0,0,44,0,0.11,0,75.46,1273.15,189.48,607.9,307.69,26.15,18.53,0.53,0,0,2.11,0,0.01,0,10.81,-2
2025-12-30T17:40:00Z,-29.37,-458.91,0,-0.1,46,0,0.11,0,17.05,1373.55,171.55,610.53,165.18,0.23,18.67,0.63,0,0,2.21,0,0.01,0,10.97,0.89
2025-12-30T17:45:00Z,-3.88,-555.35,0,-0.1,45,0,0.11,0,26.71,1421.61,124.75,613.15,67.97,2.62,18.8,0.74,0,0,2.16,0,0.01,0,10.21,1.05
2025-12-30T17:50:00Z,-4.69,-548.57,0,0,40,0,0.11,0,29.61,1400.74,109.14,615.77,80.17,1.89,18.93,0.67,0,0,1.92,0,0.01,0,9.19,-1.71
2025-12-30T17:55:00Z,-13.28,-435.07,0,-0.1,41,0,0.11,0,15.91,1340.06,92.98,618.39,134.12,1.7,19.07,0.58,0,0,1.97,0,0.01,0,10.1,-2
2025-12-30T18:00:00Z,-5.14,-408.73,0,-0.1,44,0,0.11,0,7.49,1323.56,82.74,621.01,127.01,0.98,19.2,0.59,0,0,2.11,0,0.01,0,10.99,7.11
2025-12-30T18:05:00Z,-6.7,-443.35,0,-0.1,42,0,0.11,0,4.08,1362.89,90.42,591,74.48,0.35,19.02,0.6,0,0,2.02,0,0.01,0,10.42,7.48
2025-12-30T18:10:00Z,-8.2,-448.13,0,0,41,0,0.11,0,8.6,1402.31,103.1,560.99,69.71,0.25,18.83,0.57,0,0,1.97,0,0.01,0,10.16,7.66
2025-12-30T18:15:00Z,-6.16,-410.78,0,0,40,0,0.11,0,2.21,1402.92,117.95,530.98,65.11,0,18.65,0.51,0,0,1.92,0,0.01,0,10.16,8.15
2025-12-30T18:20:00Z,-95.93,-294.44,0,0,41,0,0.11,0,15.64,1406.55,141.03,500.97,63.31,0,18.47,0.36,0,0,1.97,0,0.01,0,11.28,11.57
2025-12-30T18:25:00Z,-1.56,-302.43,0,0,40,0,0.11,0,18.95,1417.67,120.85,470.96,63.04,0,18.28,0.36,0,0,1.92,0,0.01,0,10.62,12.74
2025-12-30T18:30:00Z,-7.88,-277.66,0,0,40,0,0.11,0,19.82,1406.42,107.04,440.95,60.65,0,18.1,0.34,0,0,1.92,0,0.01,0,11.01,8.51
2025-12-30T18:35:00Z,-0.69,-254.25,0,0,41,0,0.11,0,4.38,1405.78,134.19,411.7,75.74,0,18.12,0.32,0,0,1.97,0,0.01,0,11.42,8.51
2025-12-30T18:40:00Z,-1.04,-354.29,0,0,40,0,0.11,0,124.75,1404.7,104.85,382.45,61.51,0,18.13,0.41,0,0,1.92,0,0.01,0,10.71,8.51
2025-12-30T18:45:00Z,-0.5,-482.33,0,0,41,0,0.11,0,231.61,1408.16,119.61,353.2,61.32,0,18.15,0.53,0,0,1.97,0,0.01,0,10.38,8.05
2025-12-30T18:50:00Z,-0.05,-472.29,0,0,41,0,0.11,0,233.27,1406.21,102.21,323.96,64.96,0,18.17,0.52,0,0,1.97,0,0.01,0,10.65,8.51
2025-12-30T18:55:00Z,-0.51,-415.82,0,0,40,0,0.11,0,233.14,1388.64,95.95,294.71,53.58,0,18.18,0.46,0,0,1.92,0,0.01,0,10.78,9.31
2025-12-30T19:00:00Z,-0.02,-526.01,0,0,40,0,0.11,0,352.63,1392.43,87.64,265.46,51,0,18.2,0.54,0,0,1.92,0,0.01,0,10.31,12.36
2025-12-30T19:05:00Z,0,-431.94,0,0,43,0,0.11,0,281.98,1417.1,77.1,241.91,0,0,18,0.49,0,0,2.06,0,0.01,0,11.63,12.9
2025-12-30T19:10:00Z,-2.02,-494.06,0,0,41,0,0.11,0,358.49,1416.94,77.72,218.35,0,0,17.8,0.51,0,0,1.97,0,0.01,0,10.83,12.96
2025-12-30T19:15:00Z,-0.19,-419.47,0,0,40,0,0.11,0,328.96,1431.58,44.47,194.79,0,0,17.6,0.44,0,0,1.92,0,0.01,0,11.02,12.44
2025-12-30T19:20:00Z,-1.56,-430.89,0,0,40,0,0.11,0,368.82,1436.05,37.95,171.24,0,0,17.4,0.44,0,0,1.92,0,0.01,0,10.99,31.85
2025-12-30T19:25:00Z,-0.91,-456.63,0,0,40,0,0.11,0,403.31,1443.78,31.7,147.68,0,0,17.2,0.46,0,0,1.92,0,0.01,0,10.95,35.22
2025-12-30T19:30:00Z,-0.07,-452.44,0,-0.1,40,0,0.11,0,402.84,1453.84,28.07,124.12,0,0,17,0.45,0,0,1.92,0,0.01,0,11.08,47.95
2025-12-30T19:35:00Z,-0.46,-463.18,0,0,40,0,0.11,0,406.26,1460.89,22.02,106.75,0,0,16.85,0.46,0,0,1.92,0,0.01,0,11.17,32.57
2025-12-30T19:40:00Z,-0.01,-537.66,0,0,40,0,0.11,0,469.23,1500.74,17.46,89.38,0,0,16.7,0.51,0,0,1.92,0,0.01,0,10.76,42.78
2025-12-30T19:45:00Z,-0.18,-436.56,0,0,40,0,0.11,0,343.7,1523.64,12.48,72.01,0,0,16.55,0.44,0,0,1.92,0,0.01,0,11.48,42.14
2025-12-30T19:50:00Z,-0.98,-292.21,0,0,40,0,0.11,0,198.62,1541.03,8.51,54.64,0,0,16.4,0.31,0,0,1.92,0,0.01,0,12.48,31.3
2025-12-30T19:55:00Z,-0.41,-279.82,0,0,40,0,0.11,0,198.04,1562.32,5.61,37.27,1.46,0,16.25,0.3,0,0,1.92,0,0.01,0,12.5,32.98
2025-12-30T20:00:00Z,-0.32,-307.56,0,0,41,0,0.11,0,194.79,1584.15,2.35,19.89,0,0,16.1,0.33,0,0,1.97,0,0.01,0,12.83,30.74
2025-12-30T20:05:00Z,-0.84,-341.91,0,0,40,0,0.11,0,245.21,1576.7,1.26,16.58,0,0,16.03,0.35,0,0,1.92,0,0.01,0,12.28,55.11
2025-12-30T20:10:00Z,-0.62,-278.96,0,0,40,0,0.11,0,202.49,1546.22,0.51,13.26,0,0,15.97,0.3,0,0,1.92,0,0.01,0,12.81,55.02
2025-12-30T20:15:00Z,-2.5,-263.42,0,0,40,0,0.11,0,193.55,1536.74,0.07,9.95,0,0,15.9,0.29,0,0,1.92,0,0.01,0,12.99,26.13
2025-12-30T20:20:00Z,-0.33,-417.04,0,0,40,0,0.11,0,414.43,1487.63,0.02,6.63,20.16,0,15.83,0.41,0,0,1.92,0,0.01,0,11.85,27.06
2025-12-30T20:25:00Z,-0.45,-263.52,0,0,40,0,0.11,0,255.76,1498.28,0.02,3.32,0,0,15.77,0.28,0,0,1.92,0,0.01,0,12.86,26.7
2025-12-30T20:30:00Z,-12.55,-12.47,0,0,40,0,0.11,0,24.74,1498.35,0.02,0,0,0,15.7,0.02,0,0,1.92,0,0.01,0,14.91,15.81
2025-12-30T20:35:00Z,-10.59,-11.28,0,0,40,0,0.11,0,25.28,1493.97,0.02,0,0,0,15.67,0.01,0,0,1.92,0,0.01,0,14.93,15.82
2025-12-30T20:40:00Z,-0.28,-129.59,0,0,42,0,0.11,0,133.7,1537.43,0.02,0,0,0,15.63,0.15,0,0,2.02,0,0.01,0,14.17,17.22
2025-12-30T20:45:00Z,-0.38,-57.51,0,0,43,0,0.11,0,30.53,1534.32,0.02,0,0,0,15.6,0.07,0,0,2.06,0,0.01,0,15.45,18.66
2025-12-30T20:50:00Z,-0.54,-173.26,0,0,42,0,0.11,0,174.84,1533.82,0.01,0,0,0,15.57,0.2,0,0,2.02,0,0.01,0,13.87,20.55
2025-12-30T20:55:00Z,-0.45,-141.27,0,-0.1,41,0,0.11,0,161.18,1503.13,0,0,0,0,15.53,0.16,0,0,1.97,0,0.01,0,13.9,25.42
2025-12-30T21:00:00Z,-1.1,-58.95,0,-0.1,40,0,0.11,0,57.2,1516.18,0,0,0,0,15.5,0.07,0,0,1.92,0,0.01,0,14.34,23.29
2025-12-30T21:05:00Z,-0.87,-146.36,0,0,40,0,0.11,0,166.99,1490.24,0,0,0,0,15.47,0.17,0,0,1.92,0,0.01,0,13.63,52.48
2025-12-30T21:10:00Z,-0.08,-193.64,0,0,42,0,0.11,0,182.67,1504.25,0,0,0,0,15.43,0.23,0,0,2.02,0,0.01,0,14.04,44.34
2025-12-30T21:15:00Z,-0.12,-186.65,0,0,41,0,0.11,0,162.15,1518.74,0,0,0,0,15.4,0.21,0,0,1.97,0,0.01,0,13.76,53.17
2025-12-30T21:20:00Z,-1.81,-236.14,0,0,40,0,0.11,0,183.06,1533.2,0,0,0,0,15.37,0.26,0,0,1.92,0,0.01,0,13.18,50.93
2025-12-30T21:25:00Z,-0.27,-123.51,0,0,41,0,0.11,0,30.1,1573.42,0,0,0,0,15.33,0.15,0,0,1.97,0,0.01,0,14.41,31.57
2025-12-30T21:30:00Z,-2.2,-102.85,0,0,40,0,0.11,0,9.93,1577.51,0,0,0,0,15.3,0.12,0,0,1.92,0,0.01,0,14.22,21.02
2025-12-30T21:35:00Z,-4.83,-113.24,0,0,40,0,0.11,0,14.03,1578.13,0,0,0,0,15.28,0.13,0,0,1.92,0,0.01,0,14.21,23.18
2025-12-30T21:40:00Z,-0.25,-263.03,0,0,41,0,0.11,0,133.67,1611.89,0,0,0,0,15.27,0.29,0,0,1.97,0,0.01,0,13.26,24.08
2025-12-30T21:45:00Z,-3.93,-241.98,0,0,40,0,0.11,0,118.99,1613.71,0,0,0,0,15.25,0.26,0,0,1.92,0,0.01,0,13.07,-0.01
2025-12-30T21:50:00Z,-0.24,-165.63,0,-0.1,40,0,0.11,0,20.03,1619.1,0,0,0,0,15.23,0.19,0,0,1.92,0,0.01,0,13.77,0.01
2025-12-30T21:55:00Z,-0.02,-190.3,0,0,41,0,0.11,0,20.44,1640.84,0,0,0,0,15.22,0.22,0,0,1.97,0,0.01,0,13.92,0.01
2025-12-30T22:00:00Z,-2.9,-166.35,0,0,40,0,0.11,0,0.33,1628.76,0,0,0,0,15.2,0.19,0,0,1.92,0,0.01,0,13.87,21.21
2025-12-30T22:05:00Z,-60.06,-125.34,0,0,40,0,0.11,0,6.84,1622.7,0,0,0,0,15.18,0.14,0,0,1.92,0,0.01,0,14.4,0.99
2025-12-30T22:10:00Z,-0.98,-190.96,0,0,42,0,0.11,0,1.21,1631.43,0,0,0,0,15.17,0.23,0,0,2.02,0,0.01,0,14.5,0.99
2025-12-30T22:15:00Z,-0.87,-210.67,0,0,43,0,0.11,0,0.81,1652.1,0,0,0,0,15.15,0.26,0,0,2.06,0,0.01,0,14.66,12.59
2025-12-30T22:20:00Z,-0.27,-229.54,0,0,41,0,0.11,0,2.35,1665.37,0,0,0,0,15.13,0.27,0,0,1.97,0,0.01,0,13.87,12.28
2025-12-30T22:25:00Z,-0.15,-229.88,0,0,41,0,0.11,0,8.06,1673.85,0,0,0,0,15.12,0.26,0,0,1.97,0,0.01,0,13.75,8.7
2025-12-30T22:30:00Z,-1.65,-230.91,0,0,40,0,0.11,0,2.6,1667.49,0,0,0,0,15.1,0.26,0,0,1.92,0,0.01,0,13.53,-1.99
2025-12-30T22:35:00Z,-2.36,-246.57,0,0,40,0,0.11,0,0.34,1664.98,0,0,16.41,0,15.08,0.28,0,0,1.92,0,0.01,0,13.58,-2.63
2025-12-30T22:40:00Z,-0.07,-212.62,0,0,41,0,0.11,0,8.42,1603.94,0,0,54.78,0,15.07,0.25,0,0,1.97,0,0.01,0,14.33,-2.1
2025-12-30T22:45:00Z,-0.2,-231.22,0,0,41,0,0.11,0,9.21,1640.94,0,0,38.82,0,15.05,0.27,0,0,1.97,0,0.01,0,14.01,0.14
2025-12-30T22:50:00Z,0,-288.43,0,0,44,0,0.11,0,13.8,1684.24,0,0,0,0,15.03,0.35,0,0,2.11,0,0.01,0,14.59,2.83
2025-12-30T22:55:00Z,-0.22,-305.22,0,-0.1,42,0,0.11,0,5.9,1701.68,0,0,0,0,15.02,0.35,0,0,2.02,0,0.01,0,13.87,35.49
2025-12-30T23:00:00Z,-1.33,-339.41,0,-0.1,40,0,0.11,0,13.1,1704.7,0,0,0,0,15,0.37,0,0,1.92,0,0.01,0,13.16,35.41
2025-12-30T23:05:00Z,-1.36,-334.75,0,-0.1,40,0,0.11,0,12.14,1705.79,0,0,0,0,14.98,0.37,0,0,1.92,0,0.01,0,13.16,35.24
2025-12-30T23:10:00Z,-0.11,-385.22,0,0,41,0,0.11,0,73.3,1684.93,0,0,0,0,14.97,0.42,0,0,1.97,0,0.01,0,13.17,33.75
2025-12-30T23:15:00Z,-0.17,-432.19,0,-0.1,40,0,0.11,0,115.41,1681.46,0,0,0,0,14.95,0.45,0,0,1.92,0,0.01,0,12.59,33.93
2025-12-30T23:20:00Z,-0.23,-384.54,0,-0.1,40,0,0.11,0,49.72,1699.35,0,0,0,0,14.93,0.41,0,0,1.92,0,0.01,0,12.92,34.86
2025-12-30T23:25:00Z,-0.88,-335.57,0,-0.2,40,0,0.11,0,14.04,1710.75,0,0,0,0,14.92,0.37,0,0,1.92,0,0.01,0,13.11,18.2
2025-12-30T23:30:00Z,-0.04,-412.73,0,-0.2,44,0,0.11,0,82.73,1714.5,0,0,0,0,14.9,0.47,0,0,2.11,0,0.01,0,13.81,42.39
2025-12-30T23:35:00Z,-0.24,-371.28,0,-0.1,40,0,0.11,0,76.34,1687.02,0,0,0,0,14.9,0.4,0,0,1.92,0,0.01,0,12.82,50.08
2025-12-30T23:40:00Z,-0.37,-321.74,0,0,41,0,0.11,0,53.41,1690.55,0,0,0,0,14.9,0.36,0,0,1.97,0,0.01,0,13.28,40.63
2025-12-30T23:45:00Z,-0.47,-312.18,0,0,40,0,0.1,0,47.27,1671.02,0,0,0,0,14.9,0.34,0,0,1.92,0,0.01,0,13.15,36.48
2025-12-30T23:50:00Z,-6.41,-280.13,0,-0.1,41,0,0.11,0,51.72,1655.57,0,0,0,0,14.9,0.32,0,0,1.97,0,0.01,0,13.61,36.63
2025-12-30T23:55:00Z,-2.99,-223.24,0,0,40,0,0.11,0,7.27,1622.52,0,0,0,0,14.9,0.26,0,0,1.92,0,0.01,0,13.87,39.77
2025-12-31T00:00:00Z,-0.22,-225.43,0,-0.1,43,0,0.11,0,14.92,1610.27,0,0,0,0,14.9,0.28,0,0,2.06,0,0.01,0,14.89,39.67
2025-12-31T00:05:00Z,-2.68,-230.05,0,-0.1,40,0,0.11,0,5.6,1617.89,0,0,0,0,14.88,0.27,0,0,1.92,0,0.01,0,13.92,36.34
2025-12-31T00:10:00Z,-0.21,-303.93,0,0,43,0,0.11,0,79.16,1630.4,0,0,0,0,14.87,0.36,0,0,2.06,0,0.01,0,14.18,34.54
2025-12-31T00:15:00Z,-2.72,-263.68,0,0,40,0,0.11,0,26.66,1654.31,0,0,0,0,14.85,0.3,0,0,1.92,0,0.01,0,13.46,19.68
2025-12-31T00:20:00Z,-1.65,-259.88,0,0,40,0,0.11,0,6.5,1684.63,0,0,0,0,14.83,0.29,0,0,1.92,0,0.01,0,13.37,0.01
2025-12-31T00:25:00Z,-10.38,-259.73,0,0,40,0,0.11,0,0,1694.7,0,0,0,0,14.82,0.29,0,0,1.92,0,0.01,0,13.42,0
2025-12-31T00:30:00Z,-2.6,-268.61,0,0,40,0,0.11,0,0.19,1715.34,0,0,0,0,14.8,0.29,0,0,1.92,0,0.01,0,13.19,-1.99
2025-12-31T00:35:00Z,-1.09,-254.45,0,0,41,0,0.11,0,3.62,1685.88,0,0,9.52,0,14.8,0.29,0,0,1.97,0,0.01,0,13.7,-1.99
2025-12-31T00:40:00Z,-1.65,-232.33,0,0,41,0,0.11,0,1.19,1688.31,0,0,7.64,0,14.8,0.27,0,0,1.97,0,0.01,0,13.7,-1.79
2025-12-31T00:45:00Z,-1.85,-255.32,0,0,41,0,0.11,0,40.74,1691.59,0,0,0,0,14.8,0.28,0,0,1.97,0,0.01,0,13.37,0.01
2025-12-31T00:50:00Z,-3.59,-216.98,0,0,40,0,0.11,0,0.16,1674.96,0,0,0,0,14.8,0.24,0,0,1.92,0,0.01,0,13.51,-1.93
2025-12-31T00:55:00Z,-1.8,-240.35,0,-0.1,41,0,0.11,0,0.71,1697.63,0,0,0,0,14.8,0.27,0,0,1.97,0,0.01,0,13.64,-2.65
2025-12-31T01:00:00Z,-4.49,-181.21,0,-0.1,40,0,0.11,0,0.03,1647.19,0,0,53.31,0,14.8,0.21,0,0,1.92,0,0.01,0,13.74,-2.65
2025-12-31T01:05:00Z,-1.93,-199.5,0,-0.1,41,0,0.11,0,2.08,1673.69,0,0,51.87,0,14.78,0.23,0,0,1.97,0,0.01,0,13.82,-2.64
2025-12-31T01:10:00Z,-5.17,-224.05,0,-0.1,40,0,0.11,0,1.15,1701.75,0,0,54.21,0,14.77,0.25,0,0,1.92,0,0.01,0,13.31,-5.56
2025-12-31T01:15:00Z,-12.14,-257.67,0,0,40,0,0.1,0,1.31,1743.48,0,0,54.76,0,14.75,0.28,0,0,1.92,0,0.01,0,13.05,-5.48
2025-12-31T01:20:00Z,-5.9,-257.25,0,-0.1,40,0,0.11,0,0,1728.23,0,0,54.2,0,14.73,0.28,0,0,1.92,0,0.01,0,13.12,-2.64
2025-12-31T01:25:00Z,-80.73,-198.48,0,-0.1,41,0,0.11,0,0.36,1728.15,0,0,55.49,0,14.72,0.22,0,0,1.97,0,0.01,0,14.11,-5.45
2025-12-31T01:30:00Z,-8.11,-283.76,0,-0.1,40,0,0.1,0,0.03,1741.27,0,0,52.81,0,14.7,0.31,0,0,1.92,0,0.01,0,13.04,-7
2025-12-31T01:35:00Z,-6.4,-288.94,0,-0.1,40,0,0.1,0,0.39,1740.72,0,0,54.81,0,14.63,0.31,0,0,1.92,0,0.01,0,13.03,-5.61
2025-12-31T01:40:00Z,-86.59,-246.62,0,-0.1,40,0,0.11,0,0,1747.54,0,0,51.51,0,14.57,0.27,0,0,1.92,0,0.01,0,13.7,-6.96
2025-12-31T01:45:00Z,-7.99,-338.88,0,-0.1,41,0,0.11,0,0.18,1754.38,0,0,47.44,0,14.5,0.37,0,0,1.97,0,0.01,0,13.27,-7.01
2025-12-31T01:50:00Z,-6.41,-165.13,0,-0.1,40,0,0.11,0,0.29,1581.31,0,0,231.48,0,14.43,0.2,0,0,1.92,0,0.01,0,14.32,-7.01
2025-12-31T01:55:00Z,-6.69,-204.81,0,0,40,0,0.11,0,0.38,1596.97,0,0,227.73,0,14.37,0.24,0,0,1.92,0,0.01,0,14.18,-7.22
2025-12-31T02:00:00Z,-6.51,-171.54,0,0,40,0,0.11,0,0.02,1560.63,0,0,266.02,0,14.3,0.21,0,0,1.92,0,0.01,0,14.51,-7.22
2025-12-31T02:05:00Z,-5.77,-164.57,0,0,40,0,0.1,0,0.3,1553.49,0,0,268.67,0,14.28,0.2,0,0,1.92,0,0.01,0,14.56,-7.22
2025-12-31T02:10:00Z,-0.21,-182.24,0,0,41,0,0.1,0,2.6,1550.69,0,0,256.17,0,14.27,0.23,0,0,1.97,0,0.01,0,14.86,-7.22
2025-12-31T02:15:00Z,-0.46,-182.33,0,-0.1,41,0,0.11,0,2.14,1549.1,0,0,269.28,0,14.25,0.23,0,0,1.97,0,0.01,0,14.88,-7.11
2025-12-31T02:20:00Z,-0.81,-185.42,0,-0.1,42,0,0.11,0,3.84,1555.28,0,0,276.79,0,14.23,0.23,0,0,2.02,0,0.01,0,15.16,-7.01
2025-12-31T02:25:00Z,-96.24,-205.32,0,-0.1,40,0,0.11,0,0.29,1649.8,0,0,188.86,0,14.22,0.23,0,0,1.92,0,0.01,0,14.62,-7.01
2025-12-31T02:30:00Z,-98.45,-190.81,0,-0.1,40,0,0.11,0,0.17,1630.12,0,0,225.15,0,14.2,0.22,0,0,1.92,0,0.01,0,14.83,-7.11
2025-12-31T02:35:00Z,-12.32,-240.92,0,0,41,0,0.11,0,2.01,1592.39,0,0,272.89,0,14.22,0.29,0,0,1.97,0,0.01,0,14.61,-7.11
2025-12-31T02:40:00Z,-1.44,-247.57,0,0,41,0,0.11,0,0.23,1592.96,0,0,287.27,0,14.23,0.3,0,0,1.97,0,0.01,0,14.51,-7.25
2025-12-31T02:45:00Z,-2.79,-269.31,0,-0.2,40,0,0.11,0,5.1,1604.39,0,0,276.23,0,14.25,0.31,0,0,1.92,0,0.01,0,14.04,-7.25
2025-12-31T02:50:00Z,-0.16,-295.81,0,-0.2,42,0,0.11,0,25.84,1609.91,0,0,287.4,0,14.27,0.36,0,0,2.02,0,0.01,0,14.47,-7.25
2025-12-31T02:55:00Z,-0.73,-259.22,0,-0.2,42,0,0.11,0,10.29,1577.28,0,0,337.96,0,14.28,0.32,0,0,2.02,0,0.01,0,14.9,-7.25
2025-12-31T03:00:00Z,-0.7,-234.62,0,-0.1,40,0,0.11,0,1.06,1555.12,0,0,362.33,0,14.3,0.28,0,0,1.92,0,0.01,0,14.49,-7.67
2025-12-31T03:05:00Z,-1.94,-228.77,0,-0.1,40,0,0.11,0,2.05,1543.36,0,0,394.17,0,14.25,0.28,0,0,1.92,0,0.01,0,14.6,-7.71
2025-12-31T03:10:00Z,-0.77,-243.86,0,-0.2,41,0,0.11,0,0.56,1551.79,0,0,404.86,0,14.2,0.3,0,0,1.97,0,0.01,0,14.88,-7.25
2025-12-31T03:15:00Z,-0.77,-242.21,0,-0.2,40,0,0.11,0,0.55,1558.33,0,0,391.17,0,14.15,0.29,0,0,1.92,0,0.01,0,14.47,-7.25
2025-12-31T03:20:00Z,-9.07,-250.02,0,-0.2,40,0,0.1,0,0.16,1567.82,0,0,369.04,0,14.1,0.3,0,0,1.92,0,0.01,0,14.47,-7.25
2025-12-31T03:25:00Z,-2.36,-287.4,0,-0.2,40,0,0.11,0,0.39,1586.12,0,0,355.65,0,14.05,0.34,0,0,1.92,0,0.01,0,14.24,-7.25
2025-12-31T03:30:00Z,-4.31,-290.39,0,-0.2,41,0,0.11,0,1.02,1608.57,0,0,335.96,0,14,0.35,0,0,1.97,0,0.01,0,14.4,-7.25
2025-12-31T03:35:00Z,-5.06,-302.55,0,-0.1,40,0,0.11,0,0.37,1599.42,0,0,331.76,0,13.98,0.36,0,0,1.92,0,0.01,0,14.15,-7.25
2025-12-31T03:40:00Z,-8.34,-259.57,0,-0.1,40,0,0.11,0,0.13,1552.74,0,0,378.26,0,13.97,0.31,0,0,1.92,0,0.01,0,14.6,-7.66
2025-12-31T03:45:00Z,-3.19,-262.34,0,0,40,0,0.11,0,0.22,1549.65,0,0,379.47,0,13.95,0.32,0,0,1.92,0,0.01,0,14.57,-7.62
2025-12-31T03:50:00Z,-4.73,-248.04,0,0,40,0,0.11,0,0.3,1545.11,0,0,391.92,0,13.93,0.3,0,0,1.92,0,0.01,0,14.63,-7.66
2025-12-31T03:55:00Z,-2.31,-252.5,0,0,40,0,0.11,0,0.23,1529.94,0,0,377.63,0,13.92,0.31,0,0,1.92,0,0.01,0,14.75,-7.66
2025-12-31T04:00:00Z,-1.91,-255.25,0,-0.1,42,0,0.1,0,2.71,1536.7,0,0,381.76,0,13.9,0.33,0,0,2.02,0,0.01,0,15.36,-7.25
2025-12-31T04:05:00Z,-4.34,-256.5,0,0,40,0,0.11,0,0.05,1538.29,0,0,360.36,0,13.85,0.31,0,0,1.92,0,0.01,0,14.69,-7
2025-12-31T04:10:00Z,-2.26,-343.14,0,0,42,0,0.11,0,1.48,1636.68,0,0,254.11,0,13.8,0.41,0,0,2.02,0,0.01,0,14.47,-7
2025-12-31T04:15:00Z,-3.62,-372.78,0,0,40,0,0.11,0,0.14,1678.47,0,0,185.25,0,13.75,0.42,0,0,1.92,0,0.01,0,13.48,-7
2025-12-31T04:20:00Z,-1.85,-444.4,0,0,42,0,0.1,0,51.1,1708.72,0,0,188.9,0,13.7,0.5,0,0,2.02,0,0.01,0,13.48,-7
2025-12-31T04:25:00Z,-6.09,-423.99,0,-0.1,40,0,0.11,0,0.27,1742.99,0,0,137.61,0,13.65,0.46,0,0,1.92,0,0.01,0,13.02,-6.67
2025-12-31T04:30:00Z,-9.6,-508.14,0,-0.2,40,0,0.11,0,0.08,1822.79,0,0,91.73,0,13.6,0.53,0,0,1.92,0,0.01,0,12.5,-7
2025-12-31T04:35:00Z,-3.65,-440.84,0,-0.1,40,0,0.11,0,12.85,1739.27,0,0,158.13,0,13.53,0.47,0,0,1.92,0,0.01,0,12.93,-7
2025-12-31T04:40:00Z,-3.06,-430.05,0,-0.2,41,0,0.11,0,0.59,1736.86,0,0,125.84,0,13.47,0.48,0,0,1.97,0,0.01,0,13.35,-6.63
2025-12-31T04:45:00Z,-1.95,-488.15,0,-0.2,41,0,0.11,0,0.74,1816.04,0,0,78.18,0,13.4,0.52,0,0,1.97,0,0.01,0,12.77,-6.57
2025-12-31T04:50:00Z,-3.97,-484.8,0,-0.2,40,0,0.1,0,0.11,1819.84,0,0,74.25,0,13.33,0.5,0,0,1.92,0,0.01,0,12.46,-6.5
2025-12-31T04:55:00Z,-16.45,-473.2,0,-0.2,40,0,0.11,0,0.2,1821.81,0,0,58.83,0,13.27,0.49,0,0,1.92,0,0.01,0,12.56,-6.57
2025-12-31T05:00:00Z,-1.86,-515.42,0,-0.1,41,0,0.11,0,2.09,1837.39,0,0,51.16,0,13.2,0.54,0,0,1.97,0,0.01,0,12.62,-6.6
2025-12-31T05:05:00Z,-5.91,-514.91,0,-0.2,40,0,0.11,0,0.19,1847.25,0,0,41.87,0,13.17,0.53,0,0,1.92,0,0.01,0,12.3,-6.56
2025-12-31T05:10:00Z,-2.69,-490.38,0,-0.2,41,0,0.11,0,1.41,1836.93,0,0,41.87,0,13.13,0.52,0,0,1.97,0,0.01,0,12.63,-6.6
2025-12-31T05:15:00Z,-1.55,-500.42,0,-0.2,43,0,0.11,0,6.25,1828.57,0,0,41.43,0,13.1,0.55,0,0,2.06,0,0.01,0,13.25,-6.56
2025-12-31T05:20:00Z,-3.3,-477.1,0,0,40,0,0.11,0,0.51,1837.69,0,0,34.35,0,13.07,0.49,0,0,1.92,0,0.01,0,12.33,-6.67
2025-12-31T05:25:00Z,-26.74,-464.9,0,0,40,0,0.11,0,0.14,1830.87,0,0,37.21,0,13.03,0.48,0,0,1.92,0,0.01,0,12.59,-6.63
2025-12-31T05:30:00Z,-13.66,-504.37,0,0,40,0,0.1,0,0.16,1848.19,0,0,34.77,0,13,0.51,0,0,1.92,0,0.01,0,12.36,-7
2025-12-31T05:35:00Z,-10.86,-483.55,0,0,41,0,0.11,0,0.36,1823.35,0.01,1.79,72.03,0,13.05,0.51,0,0,1.97,0,0.01,0,12.79,-7
2025-12-31T05:40:00Z,-7.3,-429.99,0,0,42,0,0.11,0,6.15,1783.25,0.13,3.58,95.39,0,13.1,0.47,0,0,2.02,0,0.01,0,13.28,-7
2025-12-31T05:45:00Z,-12.24,-458.05,0,0,41,0,0.11,0,1.18,1808.24,1.1,5.37,59.39,0,13.15,0.49,0,0,1.97,0,0.01,0,12.86,-7
2025-12-31T05:50:00Z,-13.8,-420.29,0,-0.1,41,0,0.1,0,0.1,1776.25,1.47,7.16,98.38,0,13.2,0.46,0,0,1.97,0,0.01,0,13.08,-7.01
2025-12-31T05:55:00Z,-10.59,-336.22,0,-0.1,42,0,0.11,0,0.91,1671.29,5.35,8.96,192.06,0.93,13.25,0.4,0,0,2.02,0,0.01,0,14.13,-7.58
2025-12-31T06:00:00Z,-15.84,-280.12,0,-0.1,40,0,0.11,0,0.51,1603.07,4.94,10.75,247.6,6.48,13.3,0.33,0,0,1.92,0,0.01,0,14.07,-7.77
2025-12-31T06:05:00Z,-13.49,-179.66,0,-0.1,43,0,0.11,0,5.54,1491.82,8.04,22.51,339.74,7.59,13.42,0.24,0,0,2.06,0,0.01,0,15.94,-7.72
2025-12-31T06:10:00Z,-3.71,-210.5,0,-0.1,44,0,0.11,0,8.75,1488.39,12.78,34.27,343.57,10.28,13.53,0.29,0,0,2.11,0,0.01,0,15.99,-7.71
2025-12-31T06:15:00Z,-8.38,-202.46,0,-0.1,41,0,0.11,0,0.52,1486.76,16.86,46.03,347.62,13.08,13.65,0.26,0,0,1.97,0,0.01,0,14.91,-7.68
2025-12-31T06:20:00Z,-7.25,-229.14,0,-0.2,44,0,0.11,0,5.62,1487.89,22.11,57.79,333.89,14.1,13.77,0.31,0,0,2.11,0,0.01,0,15.7,-7.94
2025-12-31T06:25:00Z,-4.7,-250.16,0,-0.2,42,0,0.11,0,2.57,1493.97,29.7,69.55,339.14,17.45,13.88,0.32,0,0,2.02,0,0.01,0,14.75,-7.64
2025-12-31T06:30:00Z,-4.95,-267.17,0,-0.2,43,0,0.11,0,6.67,1489.25,40.37,81.31,352,24.18,14,0.35,0,0,2.06,0,0.01,0,14.87,-9.59
2025-12-31T06:35:00Z,-16.35,-141.77,0,-0.2,40,0,0.11,0,0.41,1379.56,48.41,103.57,471.22,33.79,14.08,0.19,0,0,1.92,0,0.01,0,14.77,-13.15
2025-12-31T06:40:00Z,-28.88,-151.72,0,-0.1,42,0,0.11,0,0.58,1374.29,55.26,125.83,437.28,42.36,14.17,0.21,0,0,2.02,0,0.01,0,15.36,-14.08
2025-12-31T06:45:00Z,-0.06,-214.32,0,-0.1,42,0,0.11,0,16.69,1377.79,69.28,148.08,446.95,44.11,14.25,0.29,0,0,2.02,0,0.01,0,14.46,-15.08
2025-12-31T06:50:00Z,-0.36,-247.79,0,-0.1,43,0,0.11,0,30.1,1378.33,81.22,170.34,436.65,56.05,14.33,0.33,0,0,2.06,0,0.01,0,14.31,-27.41
2025-12-31T06:55:00Z,-0.14,-46.78,0,0,44,0,0.1,0,36.73,1167.69,83.43,192.59,648.07,70.54,14.42,0.07,0,0,2.11,0,0.01,0,16.59,-20
2025-12-31T07:00:00Z,-0.13,-43.67,0,0,42,0,0.11,0,6.23,1155.82,89.33,214.85,582.1,81.31,14.5,0.07,0,0,2.02,0,0.01,0,16.01,-21
2025-12-31T07:05:00Z,-15.2,-63.69,0,0,43,0,0.11,0,4.29,1164.82,104,246.41,595.32,98.77,14.58,0.1,0,0,2.06,0,0.01,0,15.93,-21
2025-12-31T07:10:00Z,-41.6,-21.79,0,0,43,0,0.11,0,2.65,1121.47,109.73,277.97,640.5,97.12,14.67,0.04,0,0,2.06,0,0.01,0,16.37,-47.96
2025-12-31T07:15:00Z,-119.52,0,15.57,-0.1,44,0,0.11,0,3.4,1113.2,120.55,309.53,635.23,118.39,14.75,0,0.82,0,2.11,0,0.01,0,24.19,-49.99
2025-12-31T07:20:00Z,-180.96,0,76.57,-0.1,45,0,0.11,0,4.15,1086.43,134.49,341.09,631.19,129.44,14.83,0,3.88,0,2.16,0,0.01,0,53.6,-59
2025-12-31T07:25:00Z,-266.45,0,146.25,-0.1,42,0,0.11,0,1.62,1085.69,138.7,372.66,599.89,127.47,14.92,0,7.34,0,2.02,0,0.01,0,91.51,-73.5
2025-12-31T07:30:00Z,-282.58,0,153.48,-0.1,43,0,0.11,0,2.14,1053.32,154.35,404.22,640.94,130.43,15,0,8.23,0,2.06,0,0.01,0,101.21,-21
2025-12-31T07:35:00Z,-183.61,0,163.63,-0.1,43,0,0.1,0,0.13,1054.71,88.08,441.63,611.34,304.43,15.2,0,8.51,0,2.06,0,0.01,0,99.16,-21
2025-12-31T07:40:00Z,-123.26,0,212.65,-0.1,40,0,0.11,0,6.98,903.26,6.12,479.03,787.8,338.42,15.4,0,10.87,0,1.92,0,0.01,0,139.63,-49.88
2025-12-31T07:45:00Z,-5.82,0,192.75,-0.2,43,0,0.11,0,5.35,784.71,8.42,516.44,892.58,329.44,15.6,0,10.54,0,2.06,0,0.01,0,130.53,-59
2025-12-31T07:50:00Z,-87.83,0,287.86,-0.2,40,0,0.11,0,0,761.92,5.27,553.85,904.96,377.83,15.8,0,14.92,0,1.92,0,0.01,0,205.13,-89
2025-12-31T07:55:00Z,-157.35,0,393.06,-0.1,44,0,0.11,0,13.6,717.49,2.5,591.26,896.75,397.39,16,0,21.19,0,2.11,0,0.01,0,341.67,-27.89
2025-12-31T08:00:00Z,-114.27,0,281.63,0,41,0,0.11,0,15.6,737.66,9.74,628.67,874.97,387.65,16.2,0,14.58,0,1.97,0,0.01,0,191.58,-50.45
2025-12-31T08:05:00Z,-85.14,0,220.03,0,40,0,0.11,0,4.96,760.2,4.68,669.07,837.18,404.86,16.17,0,11.96,0,1.92,0,0.01,0,141.93,-89
2025-12-31T08:10:00Z,-136.74,0,272.54,-0.1,45,0,0.11,0,25.72,699.93,3.58,709.46,888.23,394.27,16.13,0,14.51,0,2.16,0,0.01,0,186.22,-49.39
2025-12-31T08:15:00Z,-49.47,0,164.2,-0.1,40,0,0.1,0,1.31,709.13,2.96,749.85,848.15,401.78,16.1,0,9.24,0,1.92,0,0.01,0,103.88,-89
2025-12-31T08:20:00Z,-251.46,0,298.66,0,43,0,0.11,0,26.58,709.97,2.53,790.24,866.58,417.54,16.07,0,15.83,0,2.06,0,0.01,0,210.08,-48.19
2025-12-31T08:25:00Z,-128.58,0,172.7,0,40,0,0.11,0,0,727.19,5.36,830.64,861.22,418.64,16.03,0,9.55,0,1.92,0,0.01,0,105.74,-89
2025-12-31T08:30:00Z,-264.26,0,327.1,-0.1,42,0,0.1,0,18.41,649.44,2.05,871.03,899.18,428.54,16,0,17.78,0,2.02,0,0.01,0,239.61,-49.41
2025-12-31T08:35:00Z,-203.32,0,213,0,40,0,0.11,0,0.8,694.25,2.27,912.24,825.79,426.73,16.23,0,11.8,0,1.92,0,0.01,0,133.51,-55.22
2025-12-31T08:40:00Z,-17.09,-13.82,0,0,40,6,0.11,0,0,687.45,2.73,953.45,809.83,436.04,16.47,0.04,0,0,1.92,0.2,0.01,0,15.1,-59
2025-12-31T08:45:00Z,-12.03,-43.05,0,-0.1,40,5.78,0.11,0,9.02,664.28,2.79,994.66,841.53,437.87,16.7,0.13,0,0,1.92,0.19,0.01,0,14.4,-59
2025-12-31T08:50:00Z,-22.06,-76.68,0,-0.1,42,5.11,0.11,0,1.47,670.59,2.63,1035.88,852.45,441.61,16.93,0.23,0,0,2.02,0.17,0.01,0,14.18,-39.23
2025-12-31T08:55:00Z,-118.42,-34.28,0,-0.1,40,38.66,0.11,0,0,664.24,5.8,1077.09,834.77,442.55,17.17,0.15,0,0,1.92,1.29,0.01,0,22.04,-89.1
2025-12-31T09:00:00Z,-61.01,-4.26,0,-0.1,40,38.66,0.11,0,0.4,546.06,1.71,1118.3,932.41,454.83,17.4,0.02,0,0,1.92,1.29,0.01,0,22.85,-44.03
2025-12-31T09:05:00Z,-83.49,-138.32,0,-0.1,41,38.66,0.11,0,1.5,654.73,5.89,1154.79,794.38,456.71,17.48,0.61,0,0,1.97,1.29,0.01,0,19.05,-54.77
2025-12-31T09:10:00Z,-198.05,-58.79,0,-0.1,45,38.66,0.11,0,11.05,637.57,7.63,1191.28,814.66,472.53,17.57,0.27,0,0,2.16,1.29,0.01,0,22.83,-50.61
2025-12-31T09:15:00Z,-11.31,-243.74,0,-0.1,39,64.16,0.11,0,0,627.23,3.46,1227.77,797.68,470.02,17.65,1.34,0,0,1.87,2.15,0.01,0,18.91,-100
2025-12-31T09:20:00Z,-135.25,-57.44,0,-0.1,45,64.16,0.11,0,73.26,487.32,3.91,1264.25,931.57,480.72,17.73,0.37,0,0,2.16,2.15,0.01,0,27.14,-51.77
2025-12-31T09:25:00Z,-83.68,-192.11,0,0,42,64.16,0.11,0,0.8,578.76,2.99,1300.74,818.07,477.85,17.82,1.16,0,0,2.02,2.15,0.01,0,21.06,-48.75
2025-12-31T09:30:00Z,-77.57,-268.07,0,0,40,74.23,0.11,0,0,587.11,2.84,1337.23,773.33,481.93,17.9,1.68,0,0,1.92,2.49,0.01,0,19.33,-268.61
2025-12-31T09:35:00Z,-208.21,0,64.9,0,44,74.23,0.1,0,5.34,419.12,3.03,1369.99,1062.38,494.93,18.07,0,4.02,0,2.11,2.49,0.01,0,63,-52.39
2025-12-31T09:40:00Z,-164.95,-101.8,0,0,40,74.23,0.11,0,0,503.17,2.58,1402.76,815.14,489.9,18.23,0.72,0,0,1.92,2.49,0.01,0,25.2,-53.58
2025-12-31T09:45:00Z,-226.79,-137.2,0,0,44,104.43,0.11,0,0.35,545.57,4.64,1435.52,793.88,499.26,18.4,1.1,0,0,2.11,3.5,0.01,0,30.58,-51.48
2025-12-31T09:50:00Z,-155.92,-250.01,0,-0.1,43,107.11,0.11,0,1.43,540.25,4.38,1468.28,750.61,502.42,18.57,2.03,0,0,2.06,3.59,0.01,0,24.74,-89
2025-12-31T09:55:00Z,-80.79,-290.14,0,-0.1,40,152.75,0.11,0,0,464.59,1.26,1501.04,862.44,505.3,18.73,3.1,0,0,1.92,5.11,0.01,0,26.43,-48.79
2025-12-31T10:00:00Z,-223.95,-238.23,0,0,40,164.83,0.11,0,0,505.29,2.53,1533.8,803.07,510.79,18.9,2.49,0,0,1.92,5.52,0.01,0,33.33,-121
2025-12-31T10:05:00Z,-173.19,-157.3,0,-0.1,43,171.54,0.11,0,1.74,355.72,2.64,1559.09,968.42,517.03,18.98,2.14,0,0,2.06,5.74,0.01,0,37.77,-59
2025-12-31T10:10:00Z,-191.06,-236.85,0,-0.1,42,169.53,0.11,0,1.86,443.25,3.22,1584.37,799.01,517.59,19.07,2.76,0,0,2.02,5.68,0.01,0,32.61,-100
2025-12-31T10:15:00Z,-52.42,-283.42,0,-0.1,40,167.51,0.11,0,0.49,377.69,0.95,1609.66,914.99,522.6,19.15,3.64,0,0,1.92,5.61,0.01,0,25.12,-52.56
2025-12-31T10:20:00Z,-154.9,-328.73,0,-0.1,44,170.87,0.11,0,7.38,446.19,3.73,1634.95,814.4,521.14,19.23,3.83,0,0,2.11,5.72,0.01,0,26.36,-89.1
2025-12-31T10:25:00Z,-108.36,-286.53,0,0,42,167.51,0.11,0,0.08,350.71,1.9,1660.23,871.29,526.61,19.32,3.89,0,0,2.02,5.61,0.01,0,24.57,-49.97
2025-12-31T10:30:00Z,-206.82,-280.35,0,0,43,170.87,0.11,0,4.62,410.94,3.21,1685.52,825.43,525.77,19.4,3.45,0,0,2.06,5.72,0.01,0,28.44,-53.47
2025-12-31T10:35:00Z,-210.35,-293.48,0,0,41,166.84,0.11,0,0.08,429.86,3.46,1699.49,771.01,525.88,19.45,3.46,0,0,1.97,5.59,0.01,0,26.79,-59
2025-12-31T10:40:00Z,-168.65,-331.61,0,0,42,168.18,0.11,0,0.61,424.61,3.12,1713.47,800.93,527.03,19.5,3.97,0,0,2.02,5.63,0.01,0,23.84,-55.29
2025-12-31T10:45:00Z,-181.66,-235.68,0,0,40,164.16,0.11,0,0,364.01,2.58,1727.44,812.58,526.35,19.55,3.06,0,0,1.92,5.5,0.01,0,27.8,-50.76
2025-12-31T10:50:00Z,-213.37,-220.71,0,0,40,162.81,0.11,0,0,365.81,2.65,1741.42,779.51,526.58,19.6,2.85,0,0,1.92,5.45,0.01,0,28.92,-59
2025-12-31T10:55:00Z,-164.94,-254.58,0,0,40,165.5,0.11,0,0,351.33,2.65,1755.39,731.67,527.86,19.65,3.4,0,0,1.92,5.54,0.01,0,25.77,-53.47
2025-12-31T11:00:00Z,-211.76,-267.59,0,0,41,166.17,0.11,0,0,364.76,3.15,1769.36,769.62,527.01,19.7,3.51,0,0,1.97,5.56,0.01,0,25.94,-56.3
2025-12-31T11:05:00Z,-252.01,-231.98,0,0,40,164.16,0.11,0,0,362.22,2.64,1774.49,758.36,526.99,19.82,3.03,0,0,1.92,5.5,0.01,0,28.37,-50.36
2025-12-31T11:10:00Z,-198.32,-262.4,0,0,40,159.46,0.11,0,0,359.31,2.56,1779.61,788.41,527.21,19.93,3.4,0,0,1.92,5.34,0.01,0,24.7,-59
2025-12-31T11:15:00Z,-120.19,-345.73,0,0,40,160.8,0.11,0,0.49,358.1,2.64,1784.74,746.54,528.42,20.05,4.5,0,0,1.92,5.38,0.01,0,17.95,-59
2025-12-31T11:20:00Z,-145.63,-315.92,0,0,40,160.8,0.11,0,0,343.63,2.58,1789.86,741.22,528.63,20.17,4.22,0,0,1.92,5.38,0.01,0,19.77,-100
2025-12-31T11:25:00Z,-133.1,-248.16,0,0,41,165.5,0.11,0,1.54,248.66,1.39,1794.99,834.96,526.78,20.28,4.07,0,0,1.97,5.54,0.01,0,22.09,-89
2025-12-31T11:30:00Z,-107.28,-296.72,0,-0.1,41,121.88,0.11,0,0.04,275.21,0.65,1800.11,811.07,531.06,20.4,4.09,0,0,1.97,4.08,0.01,0,12.83,-89
2025-12-31T11:35:00Z,-97.47,-263.22,0,-0.1,40,62.15,0.11,0,0.7,296.3,0.64,1808.71,754.67,531.25,20.5,2.64,0,0,1.92,2.08,0.01,0,8.89,-59
2025-12-31T11:40:00Z,-90.13,-284.91,0,-0.1,42,43.36,0.11,0,3.78,299.36,3.4,1817.3,751.81,529.48,20.6,2.52,0,0,2.02,1.45,0.01,0,6.21,-93.48
2025-12-31T11:45:00Z,-27.65,-296.26,0,0,43,42.69,0.11,0,26.97,209.14,2.31,1825.89,825.45,531.66,20.7,3.2,0,0,2.06,1.43,0.01,0,1.98,-89
2025-12-31T11:50:00Z,-100.72,-244.34,0,0,40,42.02,0.11,0,0.4,278,0.62,1834.48,789.41,531.88,20.8,2.26,0,0,1.92,1.41,0.01,0,6.99,-89
2025-12-31T11:55:00Z,-33.64,-321.96,0,0,40,41.34,0.11,0,0,271.52,0.59,1843.08,784.12,532.07,20.9,3.01,0,0,1.92,1.38,0.01,0,1.93,-89
2025-12-31T12:00:00Z,-96.52,-292.13,0,0,44,42.02,0.11,0,7.81,310.95,2.3,1851.67,787.77,532.28,21,2.53,0,0,2.11,1.41,0.01,0,6.39,-89
2025-12-31T12:05:00Z,-115.31,-251.5,0,0,40,42.02,0.11,0,0.11,293.14,0.68,1852.55,761.44,532.48,21.1,2.23,0,0,1.92,1.41,0.01,0,7.12,-89
2025-12-31T12:10:00Z,-124.35,-245.7,0,0,40,42.02,0.11,0,0,284.05,0.6,1853.43,733.57,532.68,21.2,2.23,0,0,1.92,1.41,0.01,0,7.14,-50.39
2025-12-31T12:15:00Z,-169.62,-245.75,0,0,40,42.02,0.11,0,0.79,295.39,2.26,1854.3,719.28,529.87,21.3,2.15,0,0,1.92,1.41,0.01,0,7.79,-49.45
2025-12-31T12:20:00Z,-156.27,-283.74,0,0,43,42.02,0.11,0,0.96,300.46,4.01,1855.18,728,530.05,21.4,2.53,0,0,2.06,1.41,0.01,0,6.32,-53.33
2025-12-31T12:25:00Z,-176.82,-241.36,0,0,40,41.34,0.11,0,0.68,281.78,3.88,1856.06,750.89,530.24,21.5,2.17,0,0,1.92,1.38,0.01,0,7.56,-53.62
2025-12-31T12:30:00Z,-169.16,-286.79,0,0,44,42.02,0.11,0,16.18,276.36,8.99,1856.94,718.18,528.34,21.6,2.61,0,0,2.11,1.41,0.01,0,6.15,-54.73
2025-12-31T12:35:00Z,-150.71,-297.06,0,0,41,42.02,0.11,0,2.03,296.35,4.74,1865.28,741.37,534.56,21.72,2.6,0,0,1.97,1.41,0.01,0,5.19,-49.55
2025-12-31T12:40:00Z,-159.96,-293.84,0,0,44,42.02,0.11,0,18.59,291.83,6.25,1873.61,724.38,531.62,21.83,2.57,0,0,2.11,1.41,0.01,0,6.28,-49.61
2025-12-31T12:45:00Z,-179.52,-268.2,0,0,40,42.02,0.11,0,0,283.98,3.33,1881.95,699.11,530.66,21.95,2.42,0,0,1.92,1.41,0.01,0,6.08,-49.11
2025-12-31T12:50:00Z,-172.77,-268.77,0,0,40,42.02,0.11,0,0,266.59,2.63,1890.28,705.85,530.79,22.07,2.55,0,0,1.92,1.41,0.01,0,5.22,-54.86
2025-12-31T12:55:00Z,-166.92,-234.14,0,0,43,42.02,0.11,0,8.63,238.39,5.36,1898.62,690.98,530.87,22.18,2.41,0,0,2.06,1.41,0.01,0,6.96,-53.07
2025-12-31T13:00:00Z,-329.8,-45.58,0,0,40,42.02,0.11,0,0,221.87,7.91,1906.96,684.24,510.67,22.3,0.49,0,0,1.92,1.41,0.01,0,18.53,-52.1
2025-12-31T13:05:00Z,-281.07,-113.84,0,0,42,42.02,0.11,0,0.39,256.21,4.35,1902.75,672.24,535.14,22.3,1.13,0,0,2.02,1.41,0.01,0,14.88,-51.89
2025-12-31T13:10:00Z,-285,-100.03,0,0,40,42.02,0.11,0,0,239.56,3.26,1898.55,649.35,513.65,22.3,1.03,0,0,1.92,1.41,0.01,0,15.06,-59
2025-12-31T13:15:00Z,-103.35,-307.17,0,0,43,42.02,0.1,0,8.64,247.58,9.4,1894.35,661.17,532.09,22.3,3.04,0,0,2.06,1.41,0.01,0,2.83,-53.81
2025-12-31T13:20:00Z,-169.77,-270.6,0,0,43,42.02,0.11,0,29.16,230.31,6.21,1890.14,707.42,535.22,22.3,2.68,0,0,2.06,1.41,0.01,0,5.3,-49.95
2025-12-31T13:25:00Z,-179.34,-322.28,0,0,42,42.02,0.11,0,62.62,255.54,6.65,1885.94,671.48,532.2,22.3,2.7,0,0,2.02,1.41,0.01,0,4.86,-51.5
2025-12-31T13:30:00Z,-173.18,-275.52,0,0,43,42.02,0.11,0,78.14,217.22,12.05,1881.73,686.09,529.24,22.3,2.44,0,0,2.06,1.41,0.01,0,6.81,-44.63
2025-12-31T13:35:00Z,-282.33,-165.81,0,0,44,42.02,0.11,0,81.77,213.61,10.21,1879.03,647.39,533.34,22.42,1.49,0,0,2.11,1.41,0.01,0,13.38,-69.66
2025-12-31T13:40:00Z,-314.06,-40.81,0,0,44,42.02,0.11,0,6.48,219.5,9.25,1876.34,654.31,531.35,22.53,0.45,0,0,2.11,1.41,0.01,0,20.04,-52.38
2025-12-31T13:45:00Z,-222.69,-148.51,0,0,43,42.02,0.11,0,22.99,211.75,12.53,1873.64,672.44,531.37,22.65,1.55,0,0,2.06,1.41,0.01,0,12.58,-69.66
2025-12-31T13:50:00Z,-286.06,-36.76,0,0,40,42.02,0.11,0,0,224.9,3.44,1870.94,671.82,536.27,22.77,0.39,0,0,1.92,1.41,0.01,0,18.97,-89
2025-12-31T13:55:00Z,-266.5,-25.97,0,0,43,42.02,0.11,0,4.36,204.81,3.3,1868.24,678.62,535.37,22.88,0.3,0,0,2.06,1.41,0.01,0,20.33,-59
2025-12-31T14:00:00Z,-156.95,-132.88,0,0,41,42.02,0.11,0,0.01,198.03,5.89,1865.54,689.58,532.37,23,1.57,0,0,1.97,1.41,0.01,0,11.7,-89
2025-12-31T14:05:00Z,-219.71,-6.32,0,0,40,42.69,0.11,0,0,156.37,1.59,1859.6,694.2,537.97,23.08,0.09,0,0,1.92,1.43,0.01,0,20.92,-89
2025-12-31T14:10:00Z,-281.76,0,27.78,0,40,42.02,0.11,0,0,175.68,0.57,1853.66,690.72,535.13,23.17,0,1.76,0,1.92,1.41,0.01,0,33.92,-51.31
2025-12-31T14:15:00Z,-261.37,-36.29,0,0,40,42.02,0.11,0,0,194.38,5.89,1847.72,672.06,531.09,23.25,0.43,0,0,1.92,1.41,0.01,0,19.02,-89.1
2025-12-31T14:20:00Z,-323.95,0,34.54,0,40,42.02,0.11,0,0,192.42,1.61,1841.78,692.4,537.68,23.33,0,2.27,0,1.92,1.41,0.01,0,38.2,-92.01
2025-12-31T14:25:00Z,-277.4,0,47.44,0,40,42.02,0.11,0,0,153.3,0.57,1835.84,707.31,534.85,23.42,0,3.18,0,1.92,1.41,0.01,0,44.76,-59.29
2025-12-31T14:30:00Z,-207.71,-59.8,0,0,45,42.69,0.11,0,7.38,179.73,7.42,1829.9,652.94,531.8,23.5,0.76,0,0,2.16,1.43,0.01,0,18.43,-59
2025-12-31T14:35:00Z,-181.96,-121.96,0,0,43,42.02,0.11,0,18.78,208.43,3.72,1821.57,661.79,535.29,23.42,1.34,0,0,2.06,1.41,0.01,0,13.97,-92.01
2025-12-31T14:40:00Z,-229.55,-9.49,0,0,42,42.02,0.11,0,10.14,162.72,1.52,1813.24,688.28,534.52,23.33,0.13,0,0,2.02,1.41,0.01,0,21.63,-89
2025-12-31T14:45:00Z,-232.66,-114.33,0,0,46,42.69,0.11,0,96.79,194.64,7.68,1804.91,631.31,533.51,23.25,1.07,0,0,2.21,1.43,0.01,0,16.7,-54.12
2025-12-31T14:50:00Z,-202.51,-73.77,0,0,43,42.02,0.11,0,8.2,204.28,3.94,1796.58,670.81,533.78,23.17,0.85,0,0,2.06,1.41,0.01,0,17.3,-54.22
2025-12-31T14:55:00Z,-236.73,-26.57,0,0,41,42.02,0.1,0,6.61,230.58,3.56,1788.25,667.44,531.22,23.08,0.28,0,0,1.97,1.41,0.01,0,20.14,-56.4
2025-12-31T15:00:00Z,-217.4,-48.86,0,0,40,42.02,0.11,0,0,230.78,6.85,1779.92,649.27,530.27,23,0.51,0,0,1.92,1.41,0.01,0,18.48,-155.84
2025-12-31T15:05:00Z,-230.77,0,39.59,0,41,42.69,0.11,0,0,186.59,1.74,1763.52,723.97,536.36,23,0,2.4,0,1.97,1.43,0.01,0,39.45,-89.1
2025-12-31T15:10:00Z,-67.61,-121.6,0,0,40,42.02,0.11,0,0,196.95,0.72,1747.12,727.55,529.69,23,1.45,0,0,1.92,1.41,0.01,0,12.3,-89.1
2025-12-31T15:15:00Z,-103.88,-82.98,0,0,40,42.69,0.11,0,0,208.47,3.68,1730.72,705.01,532.9,23,0.94,0,0,1.92,1.43,0.01,0,15.74,-129
2025-12-31T15:20:00Z,-213.54,0,68.57,0,40,42.02,0.11,0,0,173.81,1.06,1714.32,736.62,535.36,23,0,4.08,0,1.92,1.41,0.01,0,52.63,-129
2025-12-31T15:25:00Z,-187.2,0,58.69,0,40,42.69,0.11,0,0,169.36,0.64,1697.92,744.49,527.55,23,0,3.52,0,1.92,1.43,0.01,0,48.39,-200
2025-12-31T15:30:00Z,-283.28,0,184.3,0,40,42.02,0.11,0,0,176.9,3.42,1681.53,823.6,523.19,23,0,10.44,0,1.92,1.41,0.01,0,111.93,-150.67
2025-12-31T15:35:00Z,-240.15,0,158.49,0,40,42.02,0.11,0,0,188.25,1.02,1659.84,856.05,528.43,23.03,0,9.25,0,1.92,1.41,0.01,0,98.5,-155.84
2025-12-31T15:40:00Z,-297.96,0,192.46,0,40,42.02,0.11,0,0,206.71,0.6,1638.16,872.21,521.01,23.07,0,10.99,0,1.92,1.41,0.01,0,119.61,-269.57
2025-12-31T15:45:00Z,-159.42,0,78.67,0,41,42.69,0.11,0,1.31,205.03,3.18,1616.48,940.48,521.92,23.1,0,4.64,0,1.97,1.43,0.01,0,57.72,-155.84
2025-12-31T15:50:00Z,-214.02,0,142.41,0,40,42.02,0.11,0,0,203.11,0.96,1594.8,903.54,521.24,23.13,0,8.06,0,1.92,1.41,0.01,0,89.69,-200
2025-12-31T15:55:00Z,-216.02,0,147.27,0,40,42.02,0.11,0,0,223.81,0.64,1573.12,905.59,517.67,23.17,0,8.56,0,1.92,1.41,0.01,0,94.12,-236.79
2025-12-31T16:00:00Z,-182.06,0,129.91,0,40,42.02,0.11,0,0,226.92,2.99,1551.44,915.47,511.83,23.2,0,7.24,0,1.92,1.41,0.01,0,81.78,-264.27
2025-12-31T16:05:00Z,-59.1,0,11.11,0,40,42.02,0.11,0,0,252.79,0.98,1524.68,936.47,513.36,23.05,0,0.62,0,1.92,1.41,0.01,0,26.46,-252.14
2025-12-31T16:10:00Z,-188.59,0,150.57,0,40,42.69,0.11,0,0,244.66,0.61,1497.93,883.64,505.49,22.9,0,7.9,0,1.92,1.43,0.01,0,90.86,-272.76
2025-12-31T16:15:00Z,-115.5,0,106.64,0,40,42.02,0.11,0,0,247.75,2.77,1471.17,827.45,500.49,22.75,0,6.17,0,1.92,1.41,0.01,0,72.07,-268.09
2025-12-31T16:20:00Z,-88.92,0,107.35,0,40,42.69,0.11,0,5.94,254.82,0.95,1444.42,862.55,499.03,22.6,0,5.8,0,1.92,1.43,0.01,0,68.95,-270.29
2025-12-31T16:25:00Z,-40.92,0,93.56,0,40,42.02,0.11,0,0,245.75,0.64,1417.66,800.43,493.04,22.45,0,5.34,0,1.92,1.41,0.01,0,64.59,-260.24
2025-12-31T16:30:00Z,-13.25,0,75.23,0,42,42.69,0.11,0,14.08,260.74,2.88,1390.91,823.29,491.86,22.3,0,3.92,0,2.02,1.43,0.01,0,53.17,-253.01
2025-12-31T16:35:00Z,-7.96,0,38.59,0,45,42.02,0.11,0,58.05,261.91,2.33,1361.13,862.52,488.85,22.23,0,2.07,0,2.16,1.41,0.01,0,39.25,-254.72
2025-12-31T16:40:00Z,-47.92,0,159.16,0,40,42.69,0.11,0,5,258.3,0.68,1331.36,876.33,479.47,22.17,0,8.22,0,1.92,1.43,0.01,0,94.4,-264.78
2025-12-31T16:45:00Z,-13.07,0,151.69,0,43,42.02,0.11,0,11.71,253.61,2.99,1301.59,840.06,473.42,22.1,0,8.05,0,2.06,1.41,0.01,0,92.83,-188.99
2025-12-31T16:50:00Z,-3.78,0,74.28,0,47,42.02,0.11,0,101,272.59,4.25,1271.82,889.05,470.54,22.03,0,3.88,0,2.26,1.41,0.01,0,54.53,-89
2025-12-31T16:55:00Z,-10.72,0,156.61,0,44,41.34,0.11,0,55.92,271.53,1.92,1242.05,818.15,467.92,21.97,0,8,0,2.11,1.38,0.01,0,92.66,-129
2025-12-31T17:00:00Z,-13.82,0,256.22,0,44,42.02,0.11,0,3.14,254.7,3.38,1212.27,887.2,462.85,21.9,0,13.33,0,2.11,1.41,0.01,0,156.84,-100
2025-12-31T17:05:00Z,-102.22,0,379.85,0,39,42.02,0.11,0,2.93,257.51,0.8,1178.87,898.32,459.34,21.87,0,18.85,0,1.87,1.41,0.01,0,255.62,-80
2025-12-31T17:10:00Z,-61.7,0,384.64,0,40,0,0.11,0,0,293.89,1.49,1145.48,844.16,445.94,21.83,0,19.44,0,1.92,0,0.01,0,247.83,-150.85
2025-12-31T17:15:00Z,-142.71,0,462.94,0,44,0,0.11,0,4.52,316.57,3.18,1112.08,869.26,441.2,21.8,0,22.94,0,2.11,0,0.01,0,343.68,-100
2025-12-31T17:20:00Z,-54.1,0,402.58,0,40,0,0.11,0,4.31,320.66,0.8,1078.68,857.58,440.13,21.77,0,19.11,0,1.92,0,0.01,0,255.52,-233.83
2025-12-31T17:25:00Z,-18.42,0,432.31,0,40,0,0.11,0,0.33,306.97,0.65,1045.28,889.84,434.06,21.73,0,21.47,0,1.92,0,0.01,0,297.82,-80
2025-12-31T17:30:00Z,-5.71,0,434.46,0,41,0,0.11,0,20.73,294.02,2.74,1011.88,918.2,428.74,21.7,0,20.93,0,1.97,0,0.01,0,295.49,-218.97
2025-12-31T17:35:00Z,-5.58,0,490.72,0,41,0,0.11,0,12.19,296.79,1.02,970.27,897.41,422.93,21.52,0,23.36,0,1.97,0,0.01,0,368.47,-48.5
2025-12-31T17:40:00Z,-4.74,0,395.16,0,41,0,0.11,0,0.32,391.51,3.28,928.66,869.22,403.32,21.33,0,19.8,0,1.97,0,0.01,0,270.71,-100
2025-12-31T17:45:00Z,-1.17,0,475.21,0,42,0,0.1,0,4.91,337.11,2.74,887.05,868.65,398.28,21.15,0,23.07,0,2.02,0,0.01,0,377.62,-100
2025-12-31T17:50:00Z,-0.13,0,486.88,0,44,0,0.11,0,22.99,355.18,3.54,845.43,890.42,389.24,20.97,0,22.77,0,2.11,0,0.01,0,380.79,-44.93
2025-12-31T17:55:00Z,-3.27,0,440.31,0,42,0,0.11,0,31.73,446.46,5.1,803.82,843.92,382.71,20.78,0,20.76,0,2.02,0,0.01,0,308.67,-31.14
2025-12-31T18:00:00Z,-5.71,0,418.09,0,42,0,0.11,0,33.13,466.89,16.39,762.21,792.21,360.68,20.6,0,19.49,0,2.02,0,0.01,0,287.85,-61.58
2025-12-31T18:05:00Z,-7.03,0,508.97,0,42,0,0.11,0,15.71,446.07,6.12,723.42,834.92,344.77,20.43,0,23.56,0,2.02,0,0.01,0,427.96,-51.79
2025-12-31T18:10:00Z,-18.7,0,404.33,0,39,0,0.1,0,1.82,469.24,36.3,684.63,813.73,204.41,20.27,0,18.6,0,1.87,0,0.01,0,304.15,-223.22
2025-12-31T18:15:00Z,-2.86,0,546.71,0,43,0,0.11,0,5.81,386.95,122.71,645.85,926.33,210.1,20.1,0,24.15,0,2.06,0,0.01,0,480.46,-20
2025-12-31T18:20:00Z,-0.15,0,388.39,0,44,0,0.11,0,10.83,520.74,133.91,607.06,739.25,182.49,19.93,0,18.08,0,2.11,0,0.01,0,261.13,-8.67
2025-12-31T18:25:00Z,-0.13,0,319.09,0,43,0,0.11,0,14.83,589.4,153.31,568.27,702.79,134.98,19.77,0,14.75,0,2.06,0,0.01,0,192.27,-7.97
2025-12-31T18:30:00Z,-0.17,0,165.6,0,43,0,0.11,0,21.6,756.3,145.5,529.49,552.68,122.01,19.6,0,7.73,0,2.06,0,0.01,0,88.39,-6.99
2025-12-31T18:35:00Z,-8.91,0,174.51,0,41,0,0.11,0,0.18,806.16,165.84,492.43,503.64,69.69,19.48,0,8.27,0,1.97,0,0.01,0,93,-7.77
2025-12-31T18:40:00Z,-0.2,0,149.7,0,43,0,0.11,0,13.14,808.35,188.16,455.37,494.43,33.26,19.37,0,7.32,0,2.06,0,0.01,0,82.97,-7.48
2025-12-31T18:45:00Z,-6.89,0,195.3,0,42,0,0.11,0,9.26,810.42,161.81,418.31,475.4,30.57,19.25,0,9.41,0,2.02,0,0.01,0,110.64,-5.54
2025-12-31T18:50:00Z,-12.06,0,135.04,0,43,0,0.11,0,6.54,885.18,174.21,381.26,402.17,0,19.13,0,6.58,0,2.06,0,0.01,0,77.25,-2.62
2025-12-31T18:55:00Z,-4.27,0,87.69,0,43,0,0.11,0,5.07,961.28,159.75,344.2,392.4,0,19.02,0,4.28,0,2.06,0,0.01,0,53.64,-2.61
2025-12-31T19:00:00Z,-1.86,0,154.28,0,42,0,0.11,0,1.23,953.81,136.71,307.14,328.16,0,18.9,0,7.42,0,2.02,0,0.01,0,88.23,-1.88
2025-12-31T19:05:00Z,0,0,100.69,0,43,0,0.11,0,10.55,1041.14,120.63,277.54,275.19,0,18.68,0,4.78,0,2.06,0,0.01,0,59.02,-5.82
2025-12-31T19:10:00Z,-0.31,0,135.68,0,42,0,0.11,0,26.63,1041.83,99.57,247.94,208.03,0,18.47,0,6.45,0,2.02,0,0.01,0,76.87,-7.69
2025-12-31T19:15:00Z,-1.99,0,88.35,0,41,0,0.11,0,17.39,1133.62,81.98,218.34,163.96,8.31,18.25,0,4.1,0,1.97,0,0.01,0,52.03,-2.1
2025-12-31T19:20:00Z,-0.59,-25.79,0,0,40,0,0.11,0,10.3,1273.97,65.9,188.73,88.44,0,18.03,0.04,0,0,1.92,0,0.01,0,14.61,-2.1
2025-12-31T19:25:00Z,-0.94,-24.8,0,-0.1,41,0,0.11,0,13.25,1335.37,56.05,159.13,49.43,0,17.82,0.03,0,0,1.97,0,0.01,0,14.75,-6.01
2025-12-31T19:30:00Z,-0.01,-42.64,0,0,41,0,0.11,0,74.57,1302.98,36.08,129.53,97.03,0,17.6,0.06,0,0,1.97,0,0.01,0,14.92,-5.98
2025-12-31T19:35:00Z,-0.86,0,50.34,0,40,0,0.11,0,9.52,1310.15,28.23,111.48,97.95,0,17.4,0,2.27,0,1.92,0,0.01,0,34.73,-7
2025-12-31T19:40:00Z,-2.05,0,90.71,-0.1,40,0,0.11,0,7.63,1302.95,22.14,93.43,125,0,17.2,0,4.02,0,1.92,0,0.01,0,51.96,-2.1
2025-12-31T19:45:00Z,-0.83,0,11.46,-0.1,41,0,0.11,0,41.56,1346.71,12.01,75.38,91.1,0,17,0,0.51,0,1.97,0,0.01,0,19.83,-6.01
2025-12-31T19:50:00Z,-3.37,-15.26,0,-0.1,40,0,0.11,0,77.56,1364.51,8.53,57.33,82.07,0,16.8,0.02,0,0,1.92,0,0.01,0,14.96,-0.08
2025-12-31T19:55:00Z,-0.17,-19.33,0,-0.1,41,0,0.11,0,5.92,1448.46,4.82,39.28,-2.43,0,16.6,0.03,0,0,1.97,0,0.01,0,15.39,-0.23
2025-12-31T20:00:00Z,-1.71,-32.91,0,0,40,0,0.11,0,14,1457.24,2.24,21.23,-3.23,0,16.4,0.04,0,0,1.92,0,0.01,0,15.07,-2.74
2025-12-31T20:05:00Z,-0.31,-107.67,0,0,42,0,0.11,0,121.19,1399.57,0.88,17.7,76.48,0,16.25,0.14,0,0,2.02,0,0.01,0,15.34,-2.77
2025-12-31T20:10:00Z,-0.32,-54.57,0,0,41,0,0.11,0,55.46,1426.24,0.11,14.16,70.4,0,16.1,0.07,0,0,1.97,0,0.01,0,15.41,-5.84
2025-12-31T20:15:00Z,-1.9,-32.07,0,0,40,0,0.11,0,56.33,1418.98,0.1,10.62,80.74,0,15.95,0.04,0,0,1.92,0,0.01,0,15.16,-2.75
2025-12-31T20:20:00Z,-2.25,-97.48,0,0,40,0,0.11,0,55.43,1448.39,0.01,7.08,85.24,0,15.8,0.12,0,0,1.92,0,0.01,0,14.92,-5.75
2025-12-31T20:25:00Z,-1.51,-122.52,0,0,41,0,0.11,0,73.2,1460.58,0.01,3.54,87.03,0,15.65,0.15,0,0,1.97,0,0.01,0,15.02,-5.76
2025-12-31T20:30:00Z,-0.19,-130.7,0,0,42,0,0.11,0,65.89,1469.3,0.01,0,84.52,0,15.5,0.17,0,0,2.02,0,0.01,0,15.39,-2.1
2025-12-31T20:35:00Z,-5.41,-125.23,0,0,39,0,0.11,0,63.03,1478.71,0.01,0,71.19,0,15.42,0.15,0,0,1.87,0,0.01,0,14.31,-2.1
2025-12-31T20:40:00Z,0,-188.38,0,0,44,0,0.11,0,95.11,1530.62,0.01,0,56.27,0,15.33,0.24,0,0,2.11,0,0.01,0,15.22,-2.7
2025-12-31T20:45:00Z,-2.14,-114.42,0,0,40,0,0.11,0,54.54,1508.91,0.01,0,82.13,0,15.25,0.14,0,0,1.92,0,0.01,0,14.44,-5.69
2025-12-31T20:50:00Z,-1.4,-130.05,0,-0.1,40,0,0.11,0,59.44,1511.37,0.01,0,77.76,0,15.17,0.16,0,0,1.92,0,0.01,0,14.36,-5.71
2025-12-31T20:55:00Z,-0.33,-139.83,0,0,42,0,0.11,0,63.49,1494.65,0,0,75.87,0,15.08,0.18,0,0,2.02,0,0.01,0,15.17,-5.71
2025-12-31T21:00:00Z,-2.51,-131.13,0,-0.1,40,0,0.11,0,56.91,1497.39,0,0,76.65,0,15,0.16,0,0,1.92,0,0.01,0,14.52,-2.68
2025-12-31T21:05:00Z,-2.83,-132.72,0,-0.1,40,0,0.11,0,56.27,1507.58,0,0,79.2,0,14.95,0.16,0,0,1.92,0,0.01,0,14.44,-2.68
2025-12-31T21:10:00Z,-1.16,-184.37,0,-0.1,42,0,0.1,0,88.98,1514.26,0,0,79.07,0,14.9,0.23,0,0,2.02,0,0.01,0,14.76,-2.67
2025-12-31T21:15:00Z,-2.02,-164.75,0,-0.1,40,0,0.11,0,67.44,1525.23,0,0,78.81,0,14.85,0.19,0,0,1.92,0,0.01,0,14.18,-2.66
2025-12-31T21:20:00Z,-1.3,-209.78,0,-0.1,40,0,0.11,0,73.63,1538.34,0,0,77.85,0,14.8,0.24,0,0,1.92,0,0.01,0,14,-2.56
2025-12-31T21:25:00Z,-0.2,-322.12,0,-0.1,42,0,0.11,0,199.16,1529.88,0,0,76.67,0,14.75,0.37,0,0,2.02,0,0.01,0,13.7,-2.64
2025-12-31T21:30:00Z,-1.98,-224.38,0,-0.2,40,0,0.11,0,73.08,1548.05,0,0,77.56,0,14.7,0.26,0,0,1.92,0,0.01,0,13.93,-2.62
2025-12-31T21:35:00Z,-0.52,-196.74,0,0,40,0,0.11,0,59.5,1545.93,0,0,77.75,0,14.67,0.23,0,0,1.92,0,0.01,0,14.05,-2.1
2025-12-31T21:40:00Z,-1.32,-244.58,0,0,41,0,0.11,0,77.82,1588.95,0,0,66.5,0,14.63,0.28,0,0,1.97,0,0.01,0,13.88,-2.6
2025-12-31T21:45:00Z,-0.72,-270.2,0,0,41,0,0.11,0,107.99,1586.41,0,0,83.13,0,14.6,0.31,0,0,1.97,0,0.01,0,13.66,-5.82
2025-12-31T21:50:00Z,-0.01,-318.13,0,0,41,0,0.11,0,181.24,1550.51,0,0,103.38,0,14.57,0.35,0,0,1.97,0,0.01,0,13.36,-6.01
2025-12-31T21:55:00Z,-0.23,-353.01,0,0,42,0,0.11,0,187.89,1575.48,0,0,78.05,0,14.53,0.4,0,0,2.02,0,0.01,0,13.44,-5.82
2025-12-31T22:00:00Z,-0.18,-326.27,0,0,41,0,0.11,0,182.88,1569.14,0,0,101.46,0,14.5,0.36,0,0,1.97,0,0.01,0,13.21,-6.01
2025-12-31T22:05:00Z,-0.81,-306.32,0,0,40,0,0.11,0,138.38,1573.39,0,0,81.54,0,14.5,0.34,0,0,1.92,0,0.01,0,13.2,-6.01
2025-12-31T22:10:00Z,-0.26,-359.21,0,0,40,0,0.1,0,168.01,1606.71,0,0,81.15,0,14.5,0.38,0,0,1.92,0,0.01,0,12.74,-6.01
2025-12-31T22:15:00Z,0,-391.87,0,-0.1,42,0,0.11,0,198.03,1598.86,0,0,114.29,0,14.5,0.43,0,0,2.02,0,0.01,0,13.2,-6.01
2025-12-31T22:20:00Z,-0.18,-353.41,0,-0.1,41,0,0.11,0,184.49,1582.29,0,0,141.81,0,14.5,0.39,0,0,1.97,0,0.01,0,13.11,-6.01
2025-12-31T22:25:00Z,-0.17,-383.45,0,-0.1,42,0,0.11,0,169.67,1605.99,0,0,146.73,0,14.5,0.43,0,0,2.02,0,0.01,0,13.35,-6.01
2025-12-31T22:30:00Z,-0.17,-370.69,0,-0.1,42,0,0.11,0,166.66,1619.32,0,0,145.32,0,14.5,0.41,0,0,2.02,0,0.01,0,13.28,0
2025-12-31T22:35:00Z,-0.51,-487.09,0,-0.1,40,0,0.11,0,94.38,1804.7,0,0,-1.12,0,14.45,0.48,0,0,1.92,0,0.01,0,11.92,0.01
2025-12-31T22:40:00Z,-0.52,-531.98,0,-0.1,41,0,0.11,0,116.72,1816.55,0,0,-2.71,0,14.4,0.53,0,0,1.97,0,0.01,0,12,0.01
2025-12-31T22:45:00Z,-0.98,-505.95,0,-0.1,40,0,0.11,0,100.85,1796.75,0,0,-2.35,0,14.35,0.5,0,0,1.92,0,0.01,0,11.94,0
2025-12-31T22:50:00Z,-0.16,-601.47,0,-0.1,43,0,0.11,0,214.75,1778.49,0,0,-2.51,0,14.3,0.61,0,0,2.06,0,0.01,0,12.2,-0.12
2025-12-31T22:55:00Z,-0.23,-584.41,0,-0.1,42,0,0.11,0,239.06,1752.22,0,0,13.84,0,14.25,0.58,0,0,2.02,0,0.01,0,11.94,0.89
2025-12-31T23:00:00Z,-0.2,-573.86,0,-0.1,40,0,0.11,0,191.11,1759.78,0,0,-2.62,0,14.2,0.56,0,0,1.92,0,0.01,0,11.61,0.01
2025-12-31T23:05:00Z,-0.64,-589.94,0,0,40,0,0.1,0,223.56,1766.99,0,0,-2.34,0,14.2,0.56,0,0,1.92,0,0.01,0,11.39,0.88
2025-12-31T23:10:00Z,0,-640.2,0,-0.1,43,0,0.11,0,288.88,1729.18,0,0,25.52,0,14.2,0.64,0,0,2.06,0,0.01,0,12.05,0.93
2025-12-31T23:15:00Z,-0.02,-642.9,0,0,40,0,0.11,0,352.45,1657.65,0,0,87.92,0,14.2,0.6,0,0,1.92,0,0.01,0,11.27,1.1
2025-12-31T23:20:00Z,-0.45,-603.09,0,0,40,0,0.11,0,326.51,1639.15,0,0,82.44,0,14.2,0.58,0,0,1.92,0,0.01,0,11.53,2.11
2025-12-31T23:25:00Z,-0.67,-584.82,0,0,41,0,0.11,0,277.96,1680.69,0,0,43.88,0,14.2,0.58,0,0,1.97,0,0.01,0,11.85,11.15
2025-12-31T23:30:00Z,0,-600.82,0,0,42,0,0.11,0,337.68,1631.18,0,0,78.88,0,14.2,0.6,0,0,2.02,0,0.01,0,12.07,7.77
2025-12-31T23:35:00Z,0,-588.43,0,0,40,0,0.11,0,325.95,1630.23,0,0,71.86,0,14.2,0.57,0,0,1.92,0,0.01,0,11.58,18.82
2025-12-31T23:40:00Z,0,-667.63,0,-0.1,43,0,0.11,0,456.45,1616.34,0,0,60.98,0,14.2,0.65,0,0,2.06,0,0.01,0,11.74,22.98
2025-12-31T23:45:00Z,-0.23,-614.96,0,-0.1,41,0,0.11,0,413.67,1601.78,0,0,63.04,0,14.2,0.59,0,0,1.97,0,0.01,0,11.52,26.14
2025-12-31T23:50:00Z,-0.18,-638.09,0,-0.2,42,0,0.11,0,399.7,1632.34,0,0,45.73,0,14.2,0.62,0,0,2.02,0,0.01,0,11.7,29.24
2025-12-31T23:55:00Z,-0.82,-586.32,0,-0.2,41,0,0.11,0,278.79,1683.2,0,0,-7.16,0,14.2,0.58,0,0,1.97,0,0.01,0,11.84,18.2
2026-01-01T00:00:00Z,-0.01,-642,0,-0.2,41,0,0.11,0,364.78,1669.63,0,0,-6.07,0,14.2,0.61,0,0,1.97,0,0.01,0,11.42,56.12
2026-01-01T00:05:00Z,-0.23,-544.72,0,-0.2,42,0,0.11,0,255.11,1648.36,0,0,-5.8,0,14.1,0.57,0,0,2.02,0,0.01,0,12.48,41.06
2026-01-01T00:10:00Z,-0.1,-664.82,0,-0.1,41,0,0.11,0,395.16,1664.19,0,0,-5.57,0,14,0.62,0,0,1.97,0,0.01,0,11.28,22.35
2026-01-01T00:15:00Z,0,-579.83,0,0,41,0,0.11,0,359.31,1632.4,0,0,-5.33,0,13.9,0.56,0,0,1.97,0,0.01,0,11.65,34.26
2026-01-01T00:20:00Z,-4.38,-435.58,0,0,39,0,0.11,0,198.39,1632.21,0,0,-5.96,0,13.8,0.44,0,0,1.87,0,0.01,0,12.09,44.7
2026-01-01T00:25:00Z,-2.5,-349.31,0,0,40,0,0.11,0,126.19,1614.93,0,0,-6.35,0,13.7,0.38,0,0,1.92,0,0.01,0,13,43.89
2026-01-01T00:30:00Z,-3.07,-280.49,0,0,40,0,0.11,0,74.58,1602.17,0,0,-4.39,0,13.6,0.31,0,0,1.92,0,0.01,0,13.49,30.12
2026-01-01T00:35:00Z,-0.22,-400.7,0,0,41,0,0.1,0,250.18,1577.29,0,0,-9.26,0,13.62,0.42,0,0,1.97,0,0.01,0,12.68,32.16
2026-01-01T00:40:00Z,-0.2,-448.94,0,0,41,0,0.11,0,319.11,1562.73,0,0,-8.1,0,13.63,0.46,0,0,1.97,0,0.01,0,12.32,20.86
2026-01-01T00:45:00Z,-1.05,-313.42,0,0,40,0,0.11,0,231.01,1535.36,0,0,-9,0,13.65,0.33,0,0,1.92,0,0.01,0,12.8,23.52
2026-01-01T00:50:00Z,-0.21,-335.57,0,0,41,0,0.11,0,247.95,1526.22,0,0,-6.64,0,13.67,0.36,0,0,1.97,0,0.01,0,13.05,23.76
2026-01-01T00:55:00Z,-0.1,-317.29,0,0,42,0,0.11,0,239.72,1509.44,0,0,-5.46,0,13.68,0.36,0,0,2.02,0,0.01,0,13.55,31.32
2026-01-01T01:00:00Z,-0.19,-244.95,0,0,43,0,0.11,0,152.6,1500.38,0,0,-4.81,0,13.7,0.3,0,0,2.06,0,0.01,0,14.65,26.57
2026-01-01T01:05:00Z,0,-212.08,0,0,42,0,0.11,0,125.33,1503.4,0,0,-7.91,0,13.58,0.26,0,0,2.02,0,0.01,0,14.52,26.84
2026-01-01T01:10:00Z,-0.38,-144.31,0,-0.1,41,0,0.11,0,83.24,1494.68,0,0,-8.03,0,13.47,0.18,0,0,1.97,0,0.01,0,14.64,24.31
2026-01-01T01:15:00Z,-2.1,-329.01,0,-0.1,42,0,0.11,0,273.95,1497.28,0,0,-6.79,0,13.35,0.37,0,0,2.02,0,0.01,0,13.4,24.69
2026-01-01T01:20:00Z,-2.53,-225.84,0,-0.1,41,0,0.11,0,160.61,1496.2,0,0,-5.77,0,13.23,0.26,0,0,1.97,0,0.01,0,13.98,26.66
2026-01-01T01:25:00Z,-3.19,-185.55,0,-0.1,40,0,0.11,0,83.3,1499.1,0,0,-2.56,0,13.12,0.22,0,0,1.92,0,0.01,0,14.28,24.25
2026-01-01T01:30:00Z,-2.12,-141.13,0,-0.1,42,0,0.11,0,35.66,1491.97,0,0,2.26,0,13,0.18,0,0,2.02,0,0.01,0,15.48,23.69
2026-01-01T01:35:00Z,-2.32,-240.05,0,-0.2,40,0,0.11,0,134.36,1497.67,0,0,-1.45,0,13,0.28,0,0,1.92,0,0.01,0,13.85,27.6
2026-01-01T01:40:00Z,-2.23,-324.56,0,-0.1,40,0,0.11,0,255.24,1484.95,0,0,-4.38,0,13,0.35,0,0,1.92,0,0.01,0,13,26
2026-01-01T01:45:00Z,-1.91,-315.35,0,0,40,0,0.11,0,228.69,1475.81,0,0,-4.24,0,13,0.35,0,0,1.92,0,0.01,0,13.27,26.85
2026-01-01T01:50:00Z,-1.98,-220.82,0,0,42,0,0.11,0,139.32,1469.71,0,0,-5.4,0,13,0.27,0,0,2.02,0,0.01,0,14.72,26.88
2026-01-01T01:55:00Z,-2.77,-221.93,0,0,41,0,0.11,0,132.7,1464.9,0,0,-7.12,0,13,0.27,0,0,1.97,0,0.01,0,14.48,28.34
2026-01-01T02:00:00Z,-2.52,-195.53,0,0,41,0,0.11,0,102.77,1451.99,0,0,-6.99,0,13,0.24,0,0,1.97,0,0.01,0,14.87,24.32
2026-01-01T02:05:00Z,-2.46,-116.76,0,0,40,0,0.11,0,33.82,1444.12,0,0,-6.58,0,13,0.15,0,0,1.92,0,0.01,0,15.25,24.61
2026-01-01T02:10:00Z,-2.49,-73.94,0,0,41,0,0.11,0,19.44,1411.79,0,0,-4.6,0,13,0.1,0,0,1.97,0,0.01,0,16.12,20.22
2026-01-01T02:15:00Z,-2.93,-99.82,0,0,40,0,0.11,0,57.09,1394.29,0,0,-6.94,0,13,0.13,0,0,1.92,0,0.01,0,15.53,18.93
2026-01-01T02:20:00Z,-2.16,-70.44,0,0,40,0,0.11,0,26.24,1393.39,0,0,-6.75,0,13,0.09,0,0,1.92,0,0.01,0,15.86,20.18
2026-01-01T02:25:00Z,-2.41,-62.88,0,-0.1,41,0,0.1,0,13.69,1390.56,0,0,-7.48,0,13,0.09,0,0,1.97,0,0.01,0,16.42,24.38
2026-01-01T02:30:00Z,-5.48,-57.28,0,0,40,0,0.11,0,11.89,1383.04,0,0,-10.5,0,13,0.08,0,0,1.92,0,0.01,0,16.17,18.2
2026-01-01T02:35:00Z,-2.71,-152.03,0,-0.2,40,0,0.11,0,68.82,1395.1,0,0,-7.17,0,12.95,0.19,0,0,1.92,0,0.01,0,15.4,8.74
2026-01-01T02:40:00Z,-5.86,-136.64,0,-0.1,40,0,0.1,0,50.45,1400.75,0,0,-6.19,0,12.9,0.18,0,0,1.92,0,0.01,0,15.56,8.96
2026-01-01T02:45:00Z,-7.38,-98.12,0,-0.1,40,0,0.11,0,0.22,1398.95,0,0,-7.24,0,12.85,0.13,0,0,1.92,0,0.01,0,16.15,8.87
2026-01-01T02:50:00Z,-5.68,-149.94,0,-0.1,42,0,0.11,0,31.87,1407.66,0,0,-5.71,0,12.8,0.2,0,0,2.02,0,0.01,0,16.45,8.91
2026-01-01T02:55:00Z,-7.76,-96.12,0,-0.1,40,0,0.11,0,1.18,1401.7,0,0,-6.33,0,12.75,0.13,0,0,1.92,0,0.01,0,16.11,8.96
2026-01-01T03:00:00Z,-11.61,-118.81,0,-0.2,40,0,0.1,0,0.24,1407.48,0,0,-4.11,0,12.7,0.16,0,0,1.92,0,0.01,0,16.11,8.87
2026-01-01T03:05:00Z,-6.88,-97.84,0,-0.1,40,0,0.11,0,12.92,1398.34,0,0,-6.13,0,12.55,0.13,0,0,1.92,0,0.01,0,16.01,9.1
2026-01-01T03:10:00Z,-1.99,-125.03,0,-0.1,40,0,0.11,0,1.83,1396.17,0,0,-5.43,0,12.4,0.17,0,0,1.92,0,0.01,0,16.1,2.88
2026-01-01T03:15:00Z,-11.64,-101.84,0,-0.1,40,0,0.11,0,0.15,1381.86,0,0,-5.37,0,12.25,0.14,0,0,1.92,0,0.01,0,16.4,0.01
2026-01-01T03:20:00Z,-10.9,-101.37,0,-0.1,40,0,0.1,0,0.19,1373.05,0,0,-4.21,0,12.1,0.14,0,0,1.92,0,0.01,0,16.49,2.88
2026-01-01T03:25:00Z,-6.52,-118.39,0,-0.1,41,0,0.11,0,11.78,1364.67,0,0,-3.84,0,11.95,0.16,0,0,1.97,0,0.01,0,16.8,8.93
2026-01-01T03:30:00Z,-6.24,-110.34,0,0,40,0,0.11,0,0.43,1357.24,0,0,-4.59,0,11.8,0.15,0,0,1.92,0,0.01,0,16.62,0.01
2026-01-01T03:35:00Z,-5.44,-127.99,0,-0.1,41,0,0.11,0,23.08,1349.82,0,0,-5.76,0,11.73,0.18,0,0,1.97,0,0.01,0,16.83,2.87
2026-01-01T03:40:00Z,-3.88,-106.44,0,-0.1,42,0,0.11,0,24.35,1330.18,0,0,-6.44,0,11.67,0.15,0,0,2.02,0,0.01,0,17.43,8.98
2026-01-01T03:45:00Z,-4.85,-171.44,0,-0.1,41,0,0.11,0,88.27,1332.08,0,0,-9.56,0,11.6,0.23,0,0,1.97,0,0.01,0,16.27,8.72
2026-01-01T03:50:00Z,-6.11,-109.41,0,0,40,0,0.11,0,63.74,1294.47,0,0,-8.96,0,11.53,0.15,0,0,1.92,0,0.01,0,16.61,9.07
2026-01-01T03:55:00Z,-6.38,-57.62,0,0,41,0,0.11,0,12.74,1285.53,0,0,-9.34,0,11.47,0.08,0,0,1.97,0,0.01,0,17.78,0.1
2026-01-01T04:00:00Z,-5.78,-227.72,0,0,41,0,0.11,0,175.16,1289.16,0,0,-7.52,0,11.4,0.3,0,0,1.97,0,0.01,0,15.81,12.87
2026-01-01T04:05:00Z,-1.88,-62.24,0,-0.1,41,0,0.11,0,27.67,1269.76,0,0,-5.7,0,11.28,0.09,0,0,1.97,0,0.01,0,17.73,12.86
2026-01-01T04:10:00Z,-1.27,-48.44,0,0,40,0,0.11,0,4.6,1273.66,0,0,-6.88,0,11.17,0.07,0,0,1.92,0,0.01,0,17.55,12.86
2026-01-01T04:15:00Z,-0.2,-56.55,0,0,40,0,0.11,0,12.07,1264.92,0,0,-9.67,0,11.05,0.08,0,0,1.92,0,0.01,0,17.55,13.24
2026-01-01T04:20:00Z,-0.47,-68.38,0,-0.1,40,0,0.11,0,22.59,1276.53,0,0,-4.31,0,10.93,0.1,0,0,1.92,0,0.01,0,17.27,12.86
2026-01-01T04:25:00Z,-2.86,-102.74,0,-0.1,40,0,0.11,0,33.98,1290.66,0,0,-6.09,0,10.82,0.14,0,0,1.92,0,0.01,0,16.98,9.01
2026-01-01T04:30:00Z,-1.8,-117.2,0,-0.1,43,0,0.11,0,52.89,1272.06,0,0,-6.28,0,10.7,0.18,0,0,2.06,0,0.01,0,18.19,9.1
2026-01-01T04:35:00Z,-4.33,-95.3,0,-0.1,41,0,0.11,0,36.27,1280.74,0,0,-6.19,0,10.82,0.14,0,0,1.97,0,0.01,0,17.51,9.1
2026-01-01T04:40:00Z,-6.92,-125.44,0,-0.1,40,0,0.11,0,75.19,1285.34,0,0,-5.7,0,10.93,0.17,0,0,1.92,0,0.01,0,16.59,8.97
2026-01-01T04:45:00Z,-8.26,-183.95,0,0,42,0,0.11,0,129.09,1284.48,0,0,-6.26,0,11.05,0.26,0,0,2.02,0,0.01,0,16.78,24.28
2026-01-01T04:50:00Z,0,-68.96,0,0,42,0,0.11,0,17.21,1275.76,0,0,-6.43,0,11.17,0.1,0,0,2.02,0,0.01,0,18.18,24.99
2026-01-01T04:55:00Z,0,-67.65,0,0,42,0,0.11,0,34.32,1246.1,0,0,-6.98,0,11.28,0.1,0,0,2.02,0,0.01,0,18.35,19.98
2026-01-01T05:00:00Z,-0.24,-34.62,0,0,41,0,0.11,0,44.51,1212.12,0,0,-10.36,0,11.4,0.05,0,0,1.97,0,0.01,0,18.26,18.2
2026-01-01T05:05:00Z,-0.25,0,2.45,-0.1,42,0,0.11,0,24.29,1198.86,0,0,-8.32,0,11.47,0,0.16,0,2.02,0,0.01,0,20.72,24.59
2026-01-01T05:10:00Z,-0.44,0,7.54,-0.1,42,0,0.11,0,23.74,1181.41,0,0,-8.74,0,11.53,0,0.49,0,2.02,0,0.01,0,24.31,24.53
2026-01-01T05:15:00Z,-0.67,-74.13,0,-0.1,42,0,0.11,0,131.4,1163.85,0,0,-8.63,0,11.6,0.11,0,0,2.02,0,0.01,0,18.16,24.64
2026-01-01T05:20:00Z,-0.04,0,10.56,-0.1,43,0,0.1,0,57.52,1144.61,0,0,-6.83,0,11.67,0,0.68,0,2.06,0,0.01,0,26.78,24.81
2026-01-01T05:25:00Z,-0.95,0,74.49,-0.1,41,0,0.11,0,17.59,1123.91,0,0,-7.03,0,11.73,0,4.86,0,1.97,0,0.01,0,74.07,24.29
2026-01-01T05:30:00Z,-0.64,0,79.38,0,41,0,0.11,0,19.53,1125.97,0,0,-7.33,0,11.8,0,5.15,0,1.97,0,0.01,0,77.28,24.31
2026-01-01T05:35:00Z,-0.16,0,61.22,0,41,0,0.11,0,36.96,1116.28,0,1.72,-5.19,0,11.82,0,4.01,0,1.97,0,0.01,0,63.24,22.52
2026-01-01T05:40:00Z,-0.81,0,73.93,0,41,0,0.1,0,30.64,1110.76,0.11,3.43,-5.28,0,11.83,0,4.9,0,1.97,0,0.01,0,74.26,24.27
2026-01-01T05:45:00Z,-4.47,0,83.7,0,40,0,0.11,0,23.58,1096.54,0.61,5.15,-4.56,0,11.85,0,5.7,0,1.92,0,0.01,0,84.94,11.75
2026-01-01T05:50:00Z,-1.8,0,50.33,0,42,0,0.11,0,45.01,1091.9,0.96,6.87,-4.69,0,11.87,0,3.43,0,2.02,0,0.01,0,57.65,0
2026-01-01T05:55:00Z,-0.01,0,67.98,0,43,0,0.11,0,12.1,1097.64,5.23,8.58,-5.73,0,11.88,0,4.59,0,2.06,0,0.01,0,72.71,0
2026-01-01T06:00:00Z,-1.36,0,84.33,0,40,0,0.11,0,3.69,1091.97,7.79,10.3,-4.87,0,11.9,0,5.67,0,1.92,0,0.01,0,85.3,-5.39
2026-01-01T06:05:00Z,-2.06,0,58.21,-0.1,40,0,0.11,0,40.47,1083.15,11.62,21.52,-3.82,0,12.08,0,4.01,0,1.92,0,0.01,0,62.64,-4.81
2026-01-01T06:10:00Z,-5.75,0,80.34,0,40,0,0.11,0,0.14,1082.08,18.62,32.75,-4.45,0,12.27,0,5.44,0,1.92,0,0.01,0,81.3,-6.48
2026-01-01T06:15:00Z,-23.55,0,104.39,0,43,0,0.1,0,23.65,1044.01,26.61,43.97,25.02,0,12.45,0,7.05,0,2.06,0,0.01,0,103.87,-8.37
2026-01-01T06:20:00Z,-6.34,0,179.01,0,40,0,0.11,0,0.15,953.59,28.81,55.19,93.64,12.57,12.63,0,12.14,0,1.92,0,0.01,0,189.07,-11.66
2026-01-01T06:25:00Z,-3.29,0,150.71,0,40,0,0.11,0,1.5,940.24,31.46,66.41,102.32,18.19,12.82,0,10.12,0,1.92,0,0.01,0,156.15,-8.12
2026-01-01T06:30:00Z,-73.83,0,175.88,-0.1,42,0,0.11,0,2.7,943.11,41.5,77.64,99.52,23.02,13,0,11.47,0,2.02,0,0.01,0,188.87,-11.66
2026-01-01T06:35:00Z,-20.24,0,170.38,-0.2,42,0,0.11,0,0.3,896.41,52.8,99.6,132.92,22.25,13.32,0,11.06,0,2.02,0,0.01,0,174.34,-7.98
2026-01-01T06:40:00Z,-7.51,0,109.24,0,40,0,0.11,0,0.1,919.51,64.92,121.57,103.16,22.57,13.63,0,7.07,0,1.92,0,0.01,0,104.92,-9.62
2026-01-01T06:45:00Z,-2.13,0,98.88,0,42,0,0.11,0,16.67,874.34,74.88,143.53,120.92,43,13.95,0,6.47,0,2.02,0,0.01,0,97,-13.77
2026-01-01T06:50:00Z,-7.66,0,137.34,0,40,0,0.11,0,0.07,837.42,81.91,165.5,199.96,43.15,14.27,0,9.15,0,1.92,0,0.01,0,135.63,-15.18
2026-01-01T06:55:00Z,-4.25,0,143.59,-0.2,40,0,0.11,0,12.3,788.29,97.62,187.46,190.75,50.01,14.58,0,9.49,0,1.92,0,0.01,0,140.17,-15.57
2026-01-01T07:00:00Z,-2.42,0,134.46,-0.2,42,0,0.11,0,2.62,791.61,103.01,209.43,202.6,60.09,14.9,0,8.64,0,2.02,0,0.01,0,126.52,-15.3
2026-01-01T07:05:00Z,-8.98,0,154.19,-0.1,40,0,0.11,0,13.73,777.16,125.93,242.15,205.39,111.37,15.15,0,9.75,0,1.92,0,0.01,0,135.25,-11.66
2026-01-01T07:10:00Z,-98.74,0,136.02,-0.1,40,6,0.11,0,0.1,855.16,87.02,274.87,103.56,121.59,15.4,0,8.29,0,1.92,0.2,0.01,0,121.51,-24.15
2026-01-01T07:15:00Z,-8.33,0,227.13,-0.1,40,6,0.1,0,2.73,643.03,72.59,307.58,332.84,169.09,15.65,0,13.89,0,1.92,0.2,0.01,0,229.81,-37.47
2026-01-01T07:20:00Z,-7.24,0,256.03,-0.1,40,35.98,0.11,0,0.29,616.96,8.79,340.3,310.62,230.31,15.9,0,15.43,0,1.92,1.2,0.01,0,285.83,-20
2026-01-01T07:25:00Z,-27.79,0,217.52,-0.1,43,35.3,0.1,0,3.94,654.12,8.34,373.02,270.35,281.5,16.15,0,13.49,0,2.06,1.18,0.01,0,230.24,-15.08
2026-01-01T07:30:00Z,-140.5,0,143.89,-0.1,43,65.5,0.1,0,92.81,669.55,32.06,405.74,251.95,237.82,16.4,0,8.75,0,2.06,2.19,0.01,0,152.51,-15.08
2026-01-01T07:35:00Z,-105.57,0,311.65,0,40,65.5,0.11,0,5.48,527.08,34.2,443.8,373.19,292.95,16.47,0,19.58,0,1.92,2.19,0.01,0,406.81,-21.68
2026-01-01T07:40:00Z,-49.64,0,260.85,0,41,65.5,0.11,0,103.53,426.1,7.64,481.87,378.58,337.12,16.53,0,16.6,0,1.97,2.19,0.01,0,305.65,-59
2026-01-01T07:45:00Z,-82.74,0,365.83,0,41,65.5,0.1,0,35.34,418.91,3.61,519.93,370.94,324.17,16.6,0,22.76,0,1.97,2.19,0.01,0,508.26,-20
2026-01-01T07:50:00Z,-158.98,0,422.68,0,40,65.5,0.1,0,14.26,422.57,5.88,557.99,363.76,386.29,16.67,0,24.99,0,1.92,2.19,0.01,0,665.72,-160.11
2026-01-01T07:55:00Z,-216.54,0,589.93,0,40,70.87,0.11,0,17.43,347.59,1.77,596.05,411.94,360.71,16.73,0,35.39,0,1.92,2.37,0.01,0,1781.65,-68.71
2026-01-01T08:00:00Z,-198.97,0,483.8,0,40,70.2,0.11,0,6.54,352.15,2.2,634.11,377.26,370.53,16.8,0,28.84,0,1.92,2.35,0.01,0,940.47,-160.11
2026-01-01T08:05:00Z,-246.2,0,548.23,0,43,89.66,0.11,0,0.03,345.68,1.31,676.21,394.19,386.14,16.95,0,33.43,0,2.06,3,0.01,0,1277.9,-20.57
2026-01-01T08:10:00Z,-239.45,0,436.73,0,39,89.66,0.11,0,5.85,355.12,6.24,718.3,366.87,407.27,17.1,0,27.36,0,1.87,3,0.01,0,719.1,-228.22
2026-01-01T08:15:00Z,-201.76,0,376.22,0,43,135.3,0.11,0,64.47,287.81,3.9,760.4,358.16,406.75,17.25,0,24.2,0,2.06,4.53,0.01,0,515.55,-59.08
2026-01-01T08:20:00Z,-27.81,0,154.92,0,42,135.97,0.11,0,29.05,299.89,3.88,802.5,318.1,434.62,17.4,0,10.94,0,2.02,4.55,0.01,0,185.87,-58.04
2026-01-01T08:25:00Z,-11.44,0,80.46,0,40,134.63,0.11,0,5.3,333.62,2.67,844.59,296.93,429.2,17.55,0,5.54,0,1.92,4.51,0.01,0,113.23,-61.23
2026-01-01T08:30:00Z,-21.42,0,39.48,0,41,134.63,0.11,0,28.64,311.23,2.66,886.69,306.7,434.45,17.7,0,3.01,0,1.97,4.51,0.01,0,84.72,-63.98
2026-01-01T08:35:00Z,-12.66,0,34.57,0,40,135.3,0.11,0,6.5,293.68,2.68,925.69,300.13,447.46,17.87,0,2.7,0,1.92,4.53,0.01,0,80.95,-55.52
2026-01-01T08:40:00Z,-1.72,-2.36,0,-0.1,40,135.3,0.11,0,28.37,286.89,2.6,964.7,304.15,443,18.03,0.03,0,0,1.92,4.53,0.01,0,53.04,-63.34
2026-01-01T08:45:00Z,-5.45,-52.3,0,-0.1,40,135.3,0.11,0,49.73,290.21,2.86,1003.7,279.88,449.28,18.2,0.65,0,0,1.92,4.53,0.01,0,47.58,-62.96
2026-01-01T08:50:00Z,-13.9,-1.1,0,0,40,135.3,0.1,0,0,264.05,2.57,1042.7,290.27,453.61,18.37,0.02,0,0,1.92,4.53,0.01,0,52.58,-64.41
2026-01-01T08:55:00Z,-120.85,0,71.52,0,40,135.3,0.11,0,0.02,271.45,2.69,1081.71,289.33,458.68,18.53,0,5.68,0,1.92,4.53,0.01,0,108.8,-64.6
2026-01-01T09:00:00Z,-186.82,0,102.04,0,41,135.3,0.11,0,4.46,255.64,2.67,1120.71,294.03,463.53,18.7,0,8.26,0,1.97,4.53,0.01,0,139.44,-63.98
2026-01-01T09:05:00Z,-154.98,0,51.15,0,40,135.97,0.11,0,0.1,251.65,2.69,1155.5,297.11,468.15,18.72,0,4.24,0,1.92,4.55,0.01,0,93.23,-74.05
2026-01-01T09:10:00Z,-111.17,-82.76,0,0,44,135.97,0.11,0,83.29,225.8,3.59,1190.29,331.87,479.57,18.73,1.12,0,0,2.11,4.55,0.01,0,44.73,-68.71
2026-01-01T09:15:00Z,-33.54,-93.2,0,0,40,135.3,0.11,0,0.05,199.59,2.45,1225.08,339.14,483.29,18.75,1.59,0,0,1.92,4.53,0.01,0,39.54,-72.77
2026-01-01T09:20:00Z,-115.06,-48.34,0,0,40,135.97,0.11,0,0.77,206.06,2.67,1259.87,288.77,486.98,18.77,0.81,0,0,1.92,4.55,0.01,0,45.88,-85.02
2026-01-01T09:25:00Z,-114.97,-13.65,0,0,43,135.97,0.11,0,5.15,171.5,1.47,1294.66,327.19,486.97,18.78,0.25,0,0,2.06,4.55,0.01,0,50.18,-75.76
2026-01-01T09:30:00Z,-155.3,-37.74,0,0,40,135.97,0.11,0,0.11,181.49,1.48,1329.45,287.66,490.24,18.8,0.68,0,0,1.92,4.55,0.01,0,46.52,-83.71
2026-01-01T09:35:00Z,-43.9,-162.77,0,0,40,117.85,0.11,0,0.11,200.31,0.94,1356.76,277.97,495.27,19.17,2.66,0,0,1.92,3.95,0.01,0,25.54,-95.18
2026-01-01T09:40:00Z,-39.49,-121.47,0,0,43,109.8,0.11,0,5.09,160.47,1.75,1384.07,378.91,499.09,19.53,2.18,0,0,2.06,3.68,0.01,0,27.73,-96.62
2026-01-01T09:45:00Z,-76.18,0,20.47,0,41,43.36,0.11,0,0.27,120.01,0.69,1411.38,324.13,503.08,19.9,0,1.78,0,1.97,1.45,0.01,0,41.09,-76.02
2026-01-01T09:50:00Z,-160.86,0,44.5,-0.1,40,42.02,0.11,0,1.89,160.77,1.46,1438.69,270.11,510.84,20.27,0,3.9,0,1.92,1.41,0.01,0,58.65,-90.99
2026-01-01T09:55:00Z,-248.4,0,106.1,-0.1,40,42.02,0.11,0,4.2,163.06,0.9,1466,304.5,514.75,20.63,0,9.32,0,1.92,1.41,0.01,0,111.48,-89.1
2026-01-01T10:00:00Z,-225.33,0,115.33,-0.1,40,42.02,0.11,0,0.02,116.2,0.63,1493.31,323.16,517.58,21,0,10.09,0,1.92,1.41,0.01,0,119.16,-96.09
2026-01-01T10:05:00Z,-123.06,0,20.45,-0.1,40,42.02,0.11,0,0,83.41,0.72,1515.25,306.44,516.81,21.2,0,1.8,0,1.92,1.41,0.01,0,40.02,-79.41
2026-01-01T10:10:00Z,-12.88,-176.59,0,-0.1,40,41.34,0.11,0,0,128.17,1.39,1537.19,244.47,519.08,21.4,2.77,0,0,1.92,1.38,0.01,0,4.16,-129.23
2026-01-01T10:15:00Z,-57.76,-96.94,0,-0.1,43,42.02,0.11,0,47.66,70.41,1.63,1559.13,286.29,521.28,21.6,1.65,0,0,2.06,1.41,0.01,0,13.66,-72.46
2026-01-01T10:20:00Z,-146.56,-36.51,0,-0.1,40,42.02,0.11,0,4.6,96.37,2.12,1581.07,273.87,521.26,21.8,0.66,0,0,1.92,1.41,0.01,0,20.28,-112.45
2026-01-01T10:25:00Z,-128.85,-31.32,0,0,41,42.02,0.11,0,0.32,91.5,1.23,1603,278.14,526.64,22,0.6,0,0,1.97,1.41,0.01,0,20.61,-92.01
2026-01-01T10:30:00Z,-214.49,0,66.09,0,41,42.02,0.11,0,0.87,53.11,0.64,1624.94,317.95,527.34,22.2,0,5.4,0,1.97,1.41,0.01,0,71.12,-97.71
2026-01-01T10:35:00Z,-146.63,-5.44,0,0,40,42.02,0.11,0,0.02,53.25,0.64,1640.12,302.92,527.34,22.12,0.13,0,0,1.92,1.41,0.01,0,23.64,-85.66
2026-01-01T10:40:00Z,-232.8,0,43.89,0,41,41.34,0.11,0,0,68.26,1.01,1655.3,262.75,528.12,22.03,0,3.57,0,1.97,1.38,0.01,0,54.37,-129
2026-01-01T10:45:00Z,-192.15,0,38.74,0,42,41.34,0.11,0,2.82,43.31,1.31,1670.48,313.36,528.47,21.95,0,3.15,0,2.02,1.38,0.01,0,50.13,-97.24
2026-01-01T10:50:00Z,-194.35,0,31.95,0,41,42.02,0.11,0,0.03,45.5,1.24,1685.66,277.83,528.98,21.87,0,2.57,0,1.97,1.41,0.01,0,44.97,-92.01
2026-01-01T10:55:00Z,-121.71,-19.1,0,0,40,42.02,0.11,0,0,35.83,0.66,1700.84,317.75,529.15,21.78,0.54,0,0,1.92,1.41,0.01,0,19.99,-129
2026-01-01T11:00:00Z,-145.57,-25.94,0,0,40,42.02,0.11,0,20.6,33.93,0.73,1716.02,299.32,529.43,21.7,0.63,0,0,1.92,1.41,0.01,0,19.29,-139.66
2026-01-01T11:05:00Z,-147.57,-19.71,0,0,40,41.34,0.11,0,7.5,33.81,0.63,1723.91,308.15,529.25,22.07,0.53,0,0,1.92,1.38,0.01,0,19.87,-101.01
2026-01-01T11:10:00Z,-180.4,-7.65,0,0,43,42.02,0.11,0,13.33,32.23,1.5,1731.8,297.56,529.55,22.43,0.2,0,0,2.06,1.41,0.01,0,23.46,-62.78
2026-01-01T11:15:00Z,-232.34,0,1.97,0,41,41.34,0.11,0,0,76.5,2.44,1739.69,257.13,527.79,22.8,0,0.17,0,1.97,1.38,0.01,0,25.41,-129
2026-01-01T11:20:00Z,-140.21,-52.64,0,0,44,42.02,0.11,0,15.59,28.57,1.51,1747.58,298.74,529.94,23.17,1.41,0,0,2.11,1.41,0.01,0,15.06,-308.15
2026-01-01T11:25:00Z,-75.25,-86.3,0,-0.1,40,41.34,0.11,0,1.7,28.58,0.72,1755.47,311.52,530.27,23.53,2.54,0,0,1.92,1.38,0.01,0,5.41,-160.11
2026-01-01T11:30:00Z,-118.19,-56.72,0,-0.1,41,41.34,0.11,0,6.5,22.55,0.73,1763.37,340.03,530.62,23.9,1.7,0,0,1.97,1.38,0.01,0,11.72,-325
2026-01-01T11:35:00Z,-126.46,-58.94,0,-0.1,44,42.02,0.11,0,5.58,25.91,2.83,1773.04,325.88,530.79,24,1.73,0,0,2.11,1.41,0.01,0,12.65,-88.04
2026-01-01T11:40:00Z,-43.33,-203.11,0,-0.1,41,41.34,0.11,0,0,54.04,2.17,1782.72,318.48,531.05,24.1,4.92,0,0,1.97,1.38,0.01,0,11.19,-129
2026-01-01T11:45:00Z,-123.98,-89.68,0,-0.1,42,42.02,0.11,0,10.8,20.61,3.38,1792.4,322.48,531.36,24.2,2.59,0,0,2.02,1.41,0.01,0,5.96,-126.38
2026-01-01T11:50:00Z,-92.04,-191.83,0,-0.1,41,41.34,0.11,0,81.16,27.51,8.4,1802.08,339.3,531.6,24.3,3.23,0,0,1.97,1.38,0.01,0,0.9,-129
2026-01-01T11:55:00Z,-93.6,-169.52,0,-0.1,41,42.02,0.11,0,50.85,25,2.17,1811.75,365.35,535.88,24.4,3.56,0,0,1.97,1.41,0.01,0,1.23,-142.98
2026-01-01T12:00:00Z,-92.86,-146.08,0,0,44,41.34,0.11,0,38.55,25.27,3.48,1821.43,360.05,533.06,24.5,3.35,0,0,2.11,1.38,0.01,0,1.06,-150.59
2026-01-01T12:05:00Z,-90.43,-123.98,0,0,42,42.02,0.11,0,27.66,24.21,3.33,1816.08,348.73,532.21,24.67,3.05,0,0,2.02,1.41,0.01,0,2.6,-133.16
2026-01-01T12:10:00Z,-150.29,-118.18,0,0,43,41.34,0.11,0,66.92,18.96,8.49,1810.73,341.42,532.36,24.83,2.28,0,0,2.06,1.38,0.01,0,8.17,-87.95
2026-01-01T12:15:00Z,-31.66,-230.39,0,0,40,41.34,0.11,0,20.91,32.81,1.37,1805.37,312.9,536.84,25,5.59,0,0,1.92,1.38,0.01,0,16.25,-91.61
2026-01-01T12:20:00Z,-102.13,-231.89,0,0,40,42.02,0.11,0,74.85,38.77,0.51,1800.02,345.3,533.99,25.17,3.94,0,0,1.92,1.41,0.01,0,4.37,-90.55
2026-01-01T12:25:00Z,-83.45,-208.1,0,0,40,41.34,0.11,0,46.42,25,4.74,1794.67,339.61,533.04,25.33,4.37,0,0,1.92,1.38,0.01,0,7.66,-92.04
2026-01-01T12:30:00Z,-106.87,-149.94,0,0,39,42.02,0.11,0,11.6,17.36,1.09,1789.32,334.21,537.36,25.5,4.43,0,0,1.87,1.41,0.01,0,8.36,-89.93
2026-01-01T12:35:00Z,-27.38,-214.14,0,0,40,42.02,0.11,0,1.5,21.94,0.57,1794.75,345.58,534.29,25.65,6.73,0,0,1.92,1.41,0.01,0,24.53,-95.07
2026-01-01T12:40:00Z,-105.95,-139.43,0,0,40,42.02,0.11,0,1.94,15.45,4.66,1800.19,355.95,533.43,25.8,4.46,0,0,1.92,1.41,0.01,0,8.16,-96.43
2026-01-01T12:45:00Z,-103.57,-148.06,0,0,40,42.02,0.11,0,0.1,18.31,1.2,1805.63,364.4,537.63,25.95,4.85,0,0,1.92,1.41,0.01,0,11,-102.55
2026-01-01T12:50:00Z,-128.29,-108.61,0,0,40,42.02,0.11,0,0,16.41,0.51,1811.07,374.72,534.64,26.1,3.65,0,0,1.92,1.41,0.01,0,2.31,-113.23
2026-01-01T12:55:00Z,-186.47,-44.68,0,0,42,42.02,0.11,0,0.7,25.77,6.23,1816.51,372.69,533.7,26.25,1.31,0,0,2.02,1.41,0.01,0,14.93,-100.54
2026-01-01T13:00:00Z,-306.46,0,75.81,0,41,41.34,0.11,0,0.09,24.21,3.19,1821.94,351.59,537.84,26.4,0,6.85,0,1.97,1.38,0.01,0,79.05,-100.57
2026-01-01T13:05:00Z,-311.5,0,96.48,0,42,42.02,0.11,0,0,22.11,0.86,1817.47,372.08,534.85,26.53,0,8.79,0,2.02,1.41,0.01,0,96.68,-97.27
2026-01-01T13:10:00Z,-198.18,-40.22,0,0,40,42.02,0.11,0,0,20.71,4.67,1813,397.97,533.92,26.67,1.25,0,0,1.92,1.41,0.01,0,14.88,-98.55
2026-01-01T13:15:00Z,-291.53,0,47.3,0,40,42.02,0.11,0,0,25.81,1.22,1808.53,397.18,538.01,26.8,0,4.27,0,1.92,1.41,0.01,0,57.78,-99.31
2026-01-01T13:20:00Z,-207.52,-33.73,0,-0.1,40,42.02,0.11,0,0,23.3,0.61,1804.05,397.43,535.05,26.93,1.06,0,0,1.92,1.41,0.01,0,16.34,-101.02
2026-01-01T13:25:00Z,-273.13,0,51.12,0,41,42.02,0.11,0,0.02,24.55,4.65,1799.58,411.56,534.06,27.07,0,4.71,0,1.97,1.41,0.01,0,61.18,-100.06
2026-01-01T13:30:00Z,-265.25,0,56.72,0,40,42.69,0.11,0,0.09,23.9,1.24,1795.11,410.49,538.09,27.2,0,5.08,0,1.92,1.43,0.01,0,64.01,-97.73
2026-01-01T13:35:00Z,-173.24,-38.82,0,0,40,42.02,0.11,0,0,23.31,0.62,1795.03,416.01,535.17,27.15,1.22,0,0,1.92,1.41,0.01,0,15.01,-99.93
2026-01-01T13:40:00Z,-179.69,-15.47,0,0,41,42.02,0.11,0,0.19,31.78,5.45,1794.95,441.95,534.21,27.1,0.43,0,0,1.97,1.41,0.01,0,20.56,-101.11
2026-01-01T13:45:00Z,-171.41,0,5.97,0,41,42.02,0.11,0,0.02,33.61,1.66,1794.87,435.05,538.08,27.05,0,0.55,0,1.97,1.41,0.01,0,27.18,-98.25
2026-01-01T13:50:00Z,-193.78,0,29.59,0,39,42.02,0.11,0,0,27.21,0.63,1794.78,447.62,535.26,27,0,2.67,0,1.87,1.41,0.01,0,42.56,-89.74
2026-01-01T13:55:00Z,-224.08,0,42.76,0,42,42.02,0.11,0,2.78,39.7,4.6,1794.7,477.33,534.29,26.95,0,3.84,0,2.02,1.41,0.01,0,52.59,-97.85
2026-01-01T14:00:00Z,-217.94,0,28.44,0,40,42.02,0.11,0,0.13,55.17,1.88,1794.62,479.74,537.98,26.9,0,2.57,0,1.92,1.41,0.01,0,42.01,-91.63
2026-01-01T14:05:00Z,-280.07,0,99.39,0,40,42.69,0.11,0,0,50.74,0.7,1788.9,447.27,535.03,27.1,0,8.95,0,1.92,1.43,0.01,0,95.66,-98.21
2026-01-01T14:10:00Z,-445.3,0,228.4,0,45,42.69,0.11,0,0.54,61.02,5.86,1783.18,463.29,534.03,27.3,0,20.25,0,2.16,1.43,0.01,0,226.29,-100.57
2026-01-01T14:15:00Z,-333.87,0,149.38,0,43,42.02,0.11,0,0.06,64.79,1.72,1777.46,462.48,537.6,27.5,0,13.49,0,2.06,1.41,0.01,0,140.84,-86.66
2026-01-01T14:20:00Z,-272.43,0,41.22,0,41,42.02,0.11,0,0,110.65,0.6,1771.74,440.29,534.87,27.7,0,3.72,0,1.97,1.41,0.01,0,51.54,-101.62
2026-01-01T14:25:00Z,-368.07,0,203.5,0,40,42.02,0.11,0,0,75.83,4.05,1766.01,489.56,533.87,27.9,0,18.36,0,1.92,1.41,0.01,0,191.9,-65.1
2026-01-01T14:30:00Z,-315.93,0,113.02,0,44,42.69,0.11,0,0.18,91.09,3.66,1760.29,446.84,535.22,28.1,0,9.66,0,2.11,1.43,0.01,0,104.78,-100.65
2026-01-01T14:35:00Z,-334.82,0,176.1,0,39,42.02,0.11,0,0,77.43,1.13,1754.43,491.1,534.58,28.05,0,15.6,0,1.87,1.41,0.01,0,161.53,-62.63
2026-01-01T14:40:00Z,-212.5,-12.04,0,0,40,42.69,0.11,0,0,110.15,5.5,1748.57,472.75,531.57,28,0.2,0,0,1.92,1.43,0.01,0,21.96,-86.1
2026-01-01T14:45:00Z,-194.55,-14.96,0,0,41,42.02,0.11,0,0.3,126.85,1.54,1742.71,492.8,536.79,27.95,0.24,0,0,1.97,1.41,0.01,0,21.61,-86.13
2026-01-01T14:50:00Z,-189.25,-4.76,0,0,43,42.02,0.11,0,2.48,126.57,1.37,1736.85,472.01,534.3,27.9,0.08,0,0,2.06,1.41,0.01,0,23.21,-63.79
2026-01-01T14:55:00Z,-261.64,0,30.32,0,40,42.02,0.11,0,0,143.64,5.36,1730.99,479.52,531.29,27.85,0,2.64,0,1.92,1.41,0.01,0,42.93,-63.11
2026-01-01T15:00:00Z,-243.75,0,13.98,0,41,42.02,0.11,0,0.32,154.77,3.38,1725.13,485.57,534.37,27.8,0,1.25,0,1.97,1.41,0.01,0,32.54,-74.08
2026-01-01T15:05:00Z,-244.24,0,36.47,0,43,42.02,0.11,0,0.19,151.8,2.02,1717.39,497,533.01,27.93,0,3.15,0,2.06,1.41,0.01,0,47.48,-87.51
2026-01-01T15:10:00Z,-245.64,0,101.06,0,40,42.02,0.11,0,0,139.67,3.78,1709.65,520.91,533.11,28.07,0,8.8,0,1.92,1.41,0.01,0,91.64,-88.69
2026-01-01T15:15:00Z,-273.59,0,131.8,0,40,42.02,0.11,0,19.05,138.51,1.08,1701.91,530.12,535.91,28.2,0,11.42,0,1.92,1.41,0.01,0,115.19,-90.47
2026-01-01T15:20:00Z,-244.45,0,152.96,0,40,42.02,0.11,0,2.55,116.51,0.64,1694.17,524.75,533.41,28.33,0,13.34,0,1.92,1.41,0.01,0,133.49,-67.31
2026-01-01T15:25:00Z,-349.07,0,244.44,0,41,42.69,0.11,0,8.69,119.13,4.99,1686.43,505.18,529.89,28.47,0,20.81,0,1.97,1.43,0.01,0,221.89,-59.04
2026-01-01T15:30:00Z,-348.58,0,218.03,0,44,42.02,0.11,0,5.32,142.08,5.19,1678.69,507.35,532.39,28.6,0,18.34,0,2.11,1.41,0.01,0,194.23,-67.82
2026-01-01T15:35:00Z,-360.78,0,246.08,0,40,42.69,0.11,0,0.01,161.45,2.61,1663.24,527.92,529.09,28.48,0,19.99,0,1.92,1.43,0.01,0,215.01,-67.23
2026-01-01T15:40:00Z,-340.76,0,247.51,0,41,42.69,0.11,0,0.01,164.08,5.25,1647.79,518.92,527.19,28.37,0,19.57,0,1.97,1.43,0.01,0,210.04,-66.94
2026-01-01T15:45:00Z,-297.81,0,218.06,0,40,42.02,0.11,0,0.01,168.25,2.96,1632.34,536.15,527.36,28.25,0,16.48,0,1.92,1.41,0.01,0,173.54,-66.93
2026-01-01T15:50:00Z,-286.41,0,246.82,0,41,43.36,0.11,0,0.67,169.91,2.5,1616.89,536.85,522.83,28.13,0,18.79,0,1.97,1.45,0.01,0,198.8,-64.11
2026-01-01T15:55:00Z,-301.84,0,264.5,0,40,42.69,0.11,0,0,173.15,5.05,1601.44,542.86,519.26,28.02,0,19.38,0,1.92,1.43,0.01,0,210.46,-66.4
2026-01-01T16:00:00Z,-210.23,0,193.1,0,40,42.02,0.1,0,0,191.55,2.96,1585.99,531.21,518.2,27.9,0,14.52,0,1.92,1.41,0.01,0,146.83,-60.93
2026-01-01T16:05:00Z,-96.72,0,105.06,0,40,42.69,0.11,0,0,185.13,2.61,1557.47,574.83,517.3,27.93,0,7.7,0,1.92,1.43,0.01,0,81.55,-60.64
2026-01-01T16:10:00Z,-76.15,0,94.39,0,40,42.02,0.11,0,0,194.36,4.86,1528.95,590.99,513.07,27.97,0,6.79,0,1.92,1.41,0.01,0,74.07,-56.67
2026-01-01T16:15:00Z,-55.44,0,113.77,0,40,42.02,0.11,0,0.65,196.99,2.87,1500.43,576.87,506.05,28,0,7.52,0,1.92,1.41,0.01,0,80.67,-56.79
2026-01-01T16:20:00Z,-48.94,0,122.43,0,41,42.69,0.11,0,0.79,212.67,2.62,1471.91,573.4,492.53,28.03,0,7.68,0,1.97,1.43,0.01,0,83.09,-57.09
2026-01-01T16:25:00Z,-35.45,0,137.06,-0.1,42,42.02,0.11,0,6.7,212.75,3.98,1443.39,588.39,500.49,28.07,0,8.3,0,2.02,1.41,0.01,0,89.2,-57.94
2026-01-01T16:30:00Z,-56.16,0,195.09,0,41,42.69,0.11,0,0.77,208.13,4.61,1414.87,576.28,497.63,28.1,0,11.54,0,1.97,1.43,0.01,0,122.76,-58.22
2026-01-01T16:35:00Z,-52.86,0,200.92,0,40,42.69,0.11,0,0,213.48,2.84,1384.74,613.77,495.75,27.98,0,11.57,0,1.92,1.43,0.01,0,125.24,-48.93
2026-01-01T16:40:00Z,-42.93,0,215.48,0,41,42.69,0.11,0,0.24,215.64,3.22,1354.62,593.6,488.58,27.87,0,11.9,0,1.97,1.43,0.01,0,131.22,-41
2026-01-01T16:45:00Z,-37.69,0,216.27,0,44,42.69,0.11,0,7.84,229.1,7.56,1324.49,589.75,482.79,27.75,0,11.87,0,2.11,1.43,0.01,0,131.94,-19.95
2026-01-01T16:50:00Z,-70.19,0,278.57,0,41,42.69,0.11,0,0.63,250.89,6.49,1294.37,583.23,478.86,27.63,0,15.09,0,1.97,1.43,0.01,0,172.36,-11.79
2026-01-01T16:55:00Z,-27.78,0,197.7,0,41,42.69,0.11,0,6.44,297.84,34.49,1264.25,502.71,439.16,27.52,0,10.5,0,1.97,1.43,0.01,0,114.14,-14.66
2026-01-01T17:00:00Z,-94.11,0,325.34,0,40,42.69,0.11,0,0.01,268.32,41.06,1234.12,560.43,439.47,27.4,0,16.93,0,1.92,1.43,0.01,0,201.75,-15.57
2026-01-01T17:05:00Z,-85.25,0,379.22,0,40,42.69,0.11,0,0.01,278.92,16.08,1196.57,558.01,456.06,27.3,0,19.69,0,1.92,1.43,0.01,0,249.14,-15.57
2026-01-01T17:10:00Z,-74.69,0,389.71,0,40,42.69,0.11,0,0.01,274.97,18.61,1159.02,568.09,451.91,27.2,0,20.18,0,1.92,1.43,0.01,0,263.71,-15.57
2026-01-01T17:15:00Z,-57.55,0,362.44,0,44,42.02,0.11,0,7.87,290.2,26.8,1121.46,554.17,435.57,27.1,0,18.71,0,2.11,1.41,0.01,0,239.82,-16.38
2026-01-01T17:20:00Z,-57.12,0,386.55,0,44,42.69,0.11,0,13.91,308.47,16.19,1083.91,551.13,444.19,27,0,19.69,0,2.11,1.43,0.01,0,261.72,-11.91
2026-01-01T17:25:00Z,-0.13,0,371.61,0,44,42.69,0.11,0,22.85,307.8,36.6,1046.36,656.16,410.31,26.9,0,18.29,0,2.11,1.43,0.01,0,232.17,-11.66
2026-01-01T17:30:00Z,-0.2,0,281.19,0,40,42.69,0.11,0,3.63,438.88,53.39,1008.8,396.02,391.08,26.8,0,13.86,0,1.92,1.43,0.01,0,158.21,-10.78
2026-01-01T17:35:00Z,-0.24,0,196.8,0,41,42.69,0.11,0,6.97,530.28,69.45,966.82,376.03,368.83,26.77,0,9.7,0,1.97,1.43,0.01,0,107.65,-10.15
2026-01-01T17:40:00Z,-0.12,0,242.77,0,43,5.11,0.11,0,13.73,552.52,69.81,924.84,391.59,362.94,26.73,0,12.31,0,2.06,0.17,0.01,0,127.79,-11.66
2026-01-01T17:45:00Z,-32.41,0,324.01,0,41,0,0.11,0,1.99,552.71,66.48,882.87,404.17,357.17,26.7,0,16.43,0,1.97,0,0.01,0,185.77,-8.5
2026-01-01T17:50:00Z,-1.2,0,268.35,0,41,0,0.11,0,0.18,604.96,76.66,840.89,350.97,345.51,26.67,0,13.69,0,1.97,0,0.01,0,145.26,-8
2026-01-01T17:55:00Z,-0.54,0,249.52,0,43,0,0.11,0,2.35,645.3,74.22,798.91,369.58,327.82,26.63,0,12.83,0,2.06,0,0.01,0,136.1,-7.15
2026-01-01T18:00:00Z,-0.15,0,268.08,0,43,0,0.11,0,7.15,665.56,70.23,756.93,222.03,332.48,26.6,0,13.32,0,2.06,0,0.01,0,144.85,-6.45
2026-01-01T18:05:00Z,-6.74,0,142.58,0,40,0,0.11,0,0.04,775.89,135.79,716.36,214.08,231.68,26.53,0,6.97,0,1.92,0,0.01,0,70.32,-7
2026-01-01T18:10:00Z,-0.49,0,40.72,0,41,0,0.11,0,3.98,792.99,231.64,675.78,161.55,113.09,26.47,0,2.01,0,1.97,0,0.01,0,28.06,-8.5
2026-01-01T18:15:00Z,-6.38,0,267.57,0,40,0,0.11,0,0.01,677.95,179.1,635.21,318.21,161.98,26.4,0,11.89,0,1.92,0,0.01,0,131.74,-7
2026-01-01T18:20:00Z,-0.73,0,209.67,0,42,0,0.11,0,1.71,753.43,170.64,594.64,164.31,156.98,26.33,0,9.43,0,2.02,0,0.01,0,101.66,-7.25
2026-01-01T18:25:00Z,0,0,186.61,0,42,0,0.11,0,7.82,839.2,159.61,554.07,202.2,140.67,26.27,0,8.1,0,2.02,0,0.01,0,85.79,-3.44
2026-01-01T18:30:00Z,-0.07,0,87.41,0,43,0,0.11,0,6.23,889.01,190.85,513.5,164.42,90.58,26.2,0,3.7,0,2.06,0,0.01,0,44.55,-7
2026-01-01T18:35:00Z,0,0,122.82,0,43,0,0.11,0,17.08,937.42,170.53,477.17,162.23,97.69,26.05,0,5.29,0,2.06,0,0.01,0,57.98,20.93
2026-01-01T18:40:00Z,-0.31,-30.57,0,0,41,0,0.11,0,6.16,1053.03,161.74,440.83,54.8,0,25.9,0.05,0,0,1.97,0,0.01,0,13.83,12.93
2026-01-01T18:45:00Z,-0.36,-35.12,0,0,40,0,0.11,0,8.49,1116.79,208.69,404.5,-5.67,0,25.75,0.05,0,0,1.92,0,0.01,0,12.92,32.2
2026-01-01T18:50:00Z,-1.24,0,21.36,0,40,0,0.11,0,1.52,1096.86,185.2,368.17,-2.96,0,25.6,0,0.95,0,1.92,0,0.01,0,20.66,35.65
2026-01-01T18:55:00Z,-8.87,0,56.5,0,40,0,0.11,0,1.02,1112.53,163.88,331.84,-1.03,0,25.45,0,2.61,0,1.92,0,0.01,0,34.38,22.06
2026-01-01T19:00:00Z,-0.01,0,39.27,0,42,0,0.11,0,24.71,1132.1,144.65,295.5,0.05,0,25.3,0,1.81,0,2.02,0,0.01,0,28.73,37.14
2026-01-01T19:05:00Z,-0.3,0,84.71,0,41,0,0.11,0,7.2,1138.56,128.89,267.67,-0.72,0,25.02,0,3.94,0,1.97,0,0.01,0,47.4,36.74
2026-01-01T19:10:00Z,0,0,131.58,0,43,0,0.11,0,21.55,1144.43,105.98,239.83,-1.28,0,24.73,0,6.16,0,2.06,0,0.01,0,69.43,37.56
2026-01-01T19:15:00Z,-0.07,0,163.03,0,42,0,0.11,0,28.02,1141.62,92.85,211.99,-4.91,0,24.45,0,7.89,0,2.02,0,0.01,0,87.92,36.46
2026-01-01T19:20:00Z,-0.91,0,36.4,0,40,0,0.11,0,180.61,1155.97,75.34,184.16,1.09,0,24.17,0,1.81,0,1.92,0,0.01,0,28.06,41.36
2026-01-01T19:25:00Z,-0.48,0,134.05,0,40,0,0.11,0,99.9,1161.34,59.72,156.32,-4.18,0,23.88,0,6.66,0,1.92,0,0.01,0,74.54,36.74
2026-01-01T19:30:00Z,-0.9,0,55.3,0,40,0,0.11,0,207.76,1158.67,41.91,128.48,0.73,0,23.6,0,2.79,0,1.92,0,0.01,0,37.25,37
2026-01-01T19:35:00Z,-0.93,0,60.95,0,40,0,0.11,0,202.32,1180.24,30.52,110.56,-0.9,0,23.3,0,3.11,0,1.92,0,0.01,0,40.21,37.06
2026-01-01T19:40:00Z,-0.59,0,63.65,0,40,0,0.11,0,192.38,1199.12,23.59,92.64,-0.56,0,23,0,3.31,0,1.92,0,0.01,0,42.38,34.89
2026-01-01T19:45:00Z,-0.27,0,123.74,0,40,0,0.11,0,142.75,1204.36,12.72,74.71,-0.46,0,22.7,0,6.45,0,1.92,0,0.01,0,74.42,41.04
2026-01-01T19:50:00Z,-4.78,0,178.78,0,40,0,0.11,0,79.68,1214.71,8.8,56.79,-0.29,0,22.4,0,9.4,0,1.92,0,0.01,0,111.73,31.59
2026-01-01T19:55:00Z,-0.06,0,31.69,0,41,0,0.11,0,237.9,1229.85,4.28,38.87,1.26,0,22.1,0,1.71,0,1.97,0,0.01,0,29.09,31.31
2026-01-01T20:00:00Z,-0.18,0,62.45,0,41,0,0.11,0,186.33,1256.05,1.29,20.94,0.5,0,21.8,0,3.38,0,1.97,0,0.01,0,44.55,34.59
2026-01-01T20:05:00Z,-0.03,0,132.9,0,42,0,0.11,0,85.76,1281.54,0.38,17.45,0.05,0,21.58,0,7.22,0,2.02,0,0.01,0,85.67,26.73
2026-01-01T20:10:00Z,-0.38,0,31.57,0,40,0,0.11,0,175.47,1296.26,0.13,13.96,-1.28,0,21.37,0,1.73,0,1.92,0,0.01,0,29.4,28.97
2026-01-01T20:15:00Z,-0.97,-35.39,0,0,41,0,0.11,0,182.76,1331.09,0.04,10.47,-1.22,0,21.15,0.04,0,0,1.97,0,0.01,0,15.14,24.23
2026-01-01T20:20:00Z,-2.91,-32.41,0,0,40,0,0.11,0,166.91,1359.84,0.04,6.98,-3.65,0,20.93,0.04,0,0,1.92,0,0.01,0,14.71,30.78
2026-01-01T20:25:00Z,-2.39,0,56.21,0,40,0,0.11,0,56.03,1377.71,0.04,3.49,-1.44,0,20.72,0,3.03,0,1.92,0,0.01,0,41.94,28.78
2026-01-01T20:30:00Z,-0.6,0,20.4,0,41,0,0.11,0,61.47,1405.96,0.04,0,-2.27,0,20.5,0,1.12,0,1.97,0,0.01,0,24.97,19.8
2026-01-01T20:35:00Z,-1.06,0,19.19,0,40,0,0.11,0,57.85,1416.43,0.04,0,-1.96,0,20.35,0,1.04,0,1.92,0,0.01,0,23.86,31.41
2026-01-01T20:40:00Z,-0.49,0,20.1,0,42,0,0.11,0,68.23,1437.69,0.01,0,-3.98,0,20.2,0,1.11,0,2.02,0,0.01,0,24.64,30.49
2026-01-01T20:45:00Z,-0.41,-37.67,0,0,41,0,0.11,0,61.43,1476.25,0.01,0,-2.92,0,20.05,0.05,0,0,1.97,0,0.01,0,15.01,24.2
2026-01-01T20:50:00Z,-1,-42.99,0,0,40,0,0.11,0,55.14,1499.95,0.01,0,-1.85,0,19.9,0.05,0,0,1.92,0,0.01,0,14.5,29.5
2026-01-01T20:55:00Z,-1.86,-49.7,0,-0.1,40,0,0.11,0,55.19,1501.16,0,0,-2.34,0,19.75,0.06,0,0,1.92,0,0.01,0,14.5,21.06
2026-01-01T21:00:00Z,-3.68,-75.64,0,-0.1,40,0,0.11,0,59.79,1525.56,0,0,-2.5,0,19.6,0.09,0,0,1.92,0,0.01,0,14.26,21.16
2026-01-01T21:05:00Z,-2.87,-108.66,0,0,40,0,0.11,0,63.45,1548.95,0,0,-2.88,0,19.53,0.13,0,0,1.92,0,0.01,0,14.01,27.75
2026-01-01T21:10:00Z,-0.42,-158.68,0,0,40,0,0.11,0,61.21,1576.38,0,0,-2.32,0,19.47,0.18,0,0,1.92,0,0.01,0,13.78,26.78
2026-01-01T21:15:00Z,-3.23,-173.43,0,0,40,0,0.11,0,56.64,1589.07,0,0,-2.37,0,19.4,0.2,0,0,1.92,0,0.01,0,13.74,20.71
2026-01-01T21:20:00Z,-1.1,-187.21,0,0,41,0,0.11,0,60.4,1608.3,0,0,-2.41,0,19.33,0.22,0,0,1.97,0,0.01,0,13.87,20.76
2026-01-01T21:25:00Z,-0.47,-160.99,0,0,41,0,0.11,0,62.82,1581.96,0,0,-2.13,0,19.27,0.19,0,0,1.97,0,0.01,0,14.06,21.21
2026-01-01T21:30:00Z,-48.66,-135.81,0,0,43,0,0.11,0,67.69,1589.36,0,0,-3.06,0,19.2,0.17,0,0,2.06,0,0.01,0,15.08,22.64
2026-01-01T21:35:00Z,-3.71,-125.26,0,0,39,0,0.11,0,57.37,1549.55,0,0,-2.64,0,19.13,0.14,0,0,1.87,0,0.01,0,13.73,28.59
2026-01-01T21:40:00Z,-0.51,-168.11,0,0,42,0,0.11,0,60.45,1557.16,0,0,-2.22,0,19.07,0.2,0,0,2.02,0,0.01,0,14.63,28.62
2026-01-01T21:45:00Z,-0.32,-146.93,0,0,41,0,0.11,0,59.98,1532.65,0,0,-2.86,0,19,0.18,0,0,1.97,0,0.01,0,14.5,21.22
2026-01-01T21:50:00Z,-0.2,-131.9,0,0,42,0,0.11,0,67.89,1524.04,0,0,-1.15,0,18.93,0.16,0,0,2.02,0,0.01,0,14.85,21.55
2026-01-01T21:55:00Z,-0.37,-129.75,0,0,42,0,0.11,0,63.04,1511.23,0,0,-2.59,0,18.87,0.16,0,0,2.02,0,0.01,0,15.02,21.58
2026-01-01T22:00:00Z,-1.04,-142.54,0,0,40,0,0.11,0,60.3,1521.83,0,0,-1.12,0,18.8,0.17,0,0,1.92,0,0.01,0,14.26,21.21
2026-01-01T22:05:00Z,-105.81,-47.03,0,0,41,0,0.11,0,66.62,1527.83,0,0,-2.11,0,18.77,0.06,0,0,1.97,0,0.01,0,15.52,19.31
2026-01-01T22:10:00Z,-0.05,-141.82,0,0,43,0,0.11,0,67.32,1521.02,0,0,-1.5,0,18.73,0.18,0,0,2.06,0,0.01,0,15.23,24.09
2026-01-01T22:15:00Z,-0.19,-135.29,0,0,43,0,0.11,0,63.01,1511.31,0,0,-3.39,0,18.7,0.17,0,0,2.06,0,0.01,0,15.36,21.74
2026-01-01T22:20:00Z,-0.57,-141.13,0,0,41,0,0.11,0,63.45,1513.27,0,0,-1.04,0,18.67,0.17,0,0,1.97,0,0.01,0,14.65,21.69
2026-01-01T22:25:00Z,0,-171.35,0,0,42,0,0.11,0,68.52,1511.91,0,0,-2.48,0,18.63,0.21,0,0,2.02,0,0.01,0,14.96,23.92
2026-01-01T22:30:00Z,-2.66,-190.2,0,0,40,0,0.11,0,58.94,1531.38,0,0,-3.12,0,18.6,0.22,0,0,1.92,0,0.01,0,14.2,21.48
2026-01-01T22:35:00Z,-0.21,-192.12,0,0,42,0,0.11,0,67.35,1523.01,0,0,-2.21,0,18.6,0.24,0,0,2.02,0,0.01,0,14.87,23.81
2026-01-01T22:40:00Z,-0.59,-188.24,0,0,40,0,0.11,0,63.86,1507.2,0,0,-3.52,0,18.6,0.23,0,0,1.92,0,0.01,0,14.35,23.09
2026-01-01T22:45:00Z,-0.79,-183.56,0,0,40,0,0.11,0,61.68,1511.25,0,0,-2.46,0,18.6,0.22,0,0,1.92,0,0.01,0,14.34,23.17
2026-01-01T22:50:00Z,-1.08,-179.68,0,0,41,0,0.11,0,56.15,1502.19,0,0,-4.26,0,18.6,0.22,0,0,1.97,0,0.01,0,14.82,21.5
2026-01-01T22:55:00Z,-1.6,-151.73,0,0,41,0,0.11,0,52.24,1495.09,0,0,-6.45,0,18.6,0.19,0,0,1.97,0,0.01,0,14.93,18.54
2026-01-01T23:00:00Z,-0.14,-204.02,0,0,42,0,0.11,0,56.11,1515.73,0,0,-4.3,0,18.6,0.26,0,0,2.02,0,0.01,0,15.04,16.84
2026-01-01T23:05:00Z,-0.94,-144.94,0,0,40,0,0.11,0,49.82,1482.84,0,0,-6.27,0,18.62,0.18,0,0,1.92,0,0.01,0,14.71,26.08
2026-01-01T23:10:00Z,-0.06,-132.67,0,0,42,0,0.11,0,11.2,1466.15,0,0,-4.79,0,18.63,0.18,0,0,2.02,0,0.01,0,15.97,32.29
2026-01-01T23:15:00Z,-0.37,-100.26,0,0,40,0,0.11,0,3.33,1439.53,0,0,-8.38,0,18.65,0.13,0,0,1.92,0,0.01,0,15.59,31.55
2026-01-01T23:20:00Z,-0.57,-114.79,0,0,41,0,0.11,0,13.46,1450.4,0,0,-9.91,0,18.67,0.15,0,0,1.97,0,0.01,0,15.75,31.57
2026-01-01T23:25:00Z,-0.19,-83.96,0,-0.2,43,0,0.11,0,2.6,1430.1,0,0,-7.99,0,18.68,0.12,0,0,2.06,0,0.01,0,16.84,31.17
2026-01-01T23:30:00Z,-0.16,-99.7,0,-0.1,43,0,0.11,0,9.95,1421,0,0,-6.66,0,18.7,0.14,0,0,2.06,0,0.01,0,16.86,28.02
2026-01-01T23:35:00Z,-0.2,-118,0,-0.1,42,0,0.11,0,14.52,1448.32,0,0,-6.66,0,18.73,0.16,0,0,2.02,0,0.01,0,16.13,26.5
2026-01-01T23:40:00Z,-0.09,-93.63,0,-0.1,43,0,0.11,0,53.17,1422.57,0,0,-3.81,0,18.77,0.13,0,0,2.06,0,0.01,0,16.36,32.55
2026-01-01T23:45:00Z,-1.87,-45.8,0,-0.1,40,0,0.11,0,4.89,1426.28,0,0,-5.6,0,18.8,0.06,0,0,1.92,0,0.01,0,15.73,32.2
2026-01-01T23:50:00Z,-0.09,-29.1,0,-0.1,42,0,0.11,0,27.59,1388.8,0,0,-4.33,0,18.83,0.04,0,0,2.02,0,0.01,0,16.64,31.26
2026-01-01T23:55:00Z,-0.5,0,5.75,-0.1,41,0,0.11,0,11.52,1365.74,0,0,-5.08,0,18.87,0,0.34,0,1.97,0,0.01,0,19.68,24.62
2026-01-02T00:00:00Z,-0.22,-14.7,0,-0.1,43,0,0.11,0,42.56,1360.16,0,0,-8.06,0,18.9,0.02,0,0,2.06,0,0.01,0,17.19,23.13
2026-01-02T00:05:00Z,-0.71,0,4.98,0,41,0,0.11,0,25.93,1351.69,0,0,-5.07,0,19.18,0,0.29,0,1.97,0,0.01,0,19.27,21.18
2026-01-02T00:10:00Z,-0.21,0,10.42,0,41,0,0.11,0,38.8,1342.84,0,0,-7.53,0,19.47,0,0.62,0,1.97,0,0.01,0,22.01,24.75
2026-01-02T00:15:00Z,-0.52,0,68.5,0,40,0,0.11,0,3.39,1326.21,0,0,-6.08,0,19.75,0,4.01,0,1.92,0,0.01,0,54.78,24.82
2026-01-02T00:20:00Z,-0.46,0,73.51,0,40,0,0.11,0,8.02,1334.32,0,0,-5.95,0,20.03,0,4.33,0,1.92,0,0.01,0,57.4,33.87
2026-01-02T00:25:00Z,-0.22,0,23.83,0,41,0,0.11,0,24.46,1347.48,0,0,-4.1,0,20.32,0,1.45,0,1.97,0,0.01,0,29.62,27.59
2026-01-02T00:30:00Z,-0.21,0,57.66,0,42,0,0.11,0,12.23,1309.4,0,0,-4.42,0,20.6,0,3.59,0,2.02,0,0.01,0,51.55,19.28
2026-01-02T00:35:00Z,-0.46,0,104.28,0,40,0,0.11,0,6.35,1292.31,0,0,-5.29,0,20.62,0,6.38,0,1.92,0,0.01,0,80.79,20.73
2026-01-02T00:40:00Z,-0.21,0,113.34,0,42,0,0.11,0,6.66,1292.7,0,0,-8.12,0,20.63,0,6.82,0,2.02,0,0.01,0,86.37,21.1
2026-01-02T00:45:00Z,-0.14,0,109.92,0,43,0,0.11,0,10.31,1296.62,0,0,-7.61,0,20.65,0,6.67,0,2.06,0,0.01,0,84.59,19.58
2026-01-02T00:50:00Z,-0.06,0,9.26,0,43,0,0.11,0,110.54,1311.56,0,0,-6.44,0,20.67,0,0.57,0,2.06,0,0.01,0,21.75,28.48
2026-01-02T00:55:00Z,-1.51,0,90.07,0,40,0,0.11,0,4.78,1322.69,0,0,-9.01,0,20.68,0,5.57,0,1.92,0,0.01,0,70.52,34.26
2026-01-02T01:00:00Z,-0.2,0,12.21,0,42,0,0.11,0,57.51,1325.06,0,0,-4.21,0,20.7,0,0.77,0,2.02,0,0.01,0,23.73,29.44
2026-01-02T01:05:00Z,-0.13,-2.66,0,-0.1,42,0,0.11,0,102.85,1297.5,0,0,-6.93,0,20.48,0,0,0,2.02,0,0.01,0,16.83,30.61
2026-01-02T01:10:00Z,-0.44,0,61.4,0,41,0,0.11,0,14.16,1318.98,0,0,-5.75,0,20.27,0,3.84,0,1.97,0,0.01,0,53.16,18.5
2026-01-02T01:15:00Z,-2.32,-55.95,0,0,40,0,0.11,0,154.8,1304.48,0,0,-6.02,0,20.05,0.07,0,0,1.92,0,0.01,0,15.44,29.82
2026-01-02T01:20:00Z,0,0,54.17,0,43,0,0.11,0,15.78,1303.49,0,0,-7.53,0,19.83,0,3.45,0,2.06,0,0.01,0,50.59,20.01
2026-01-02T01:25:00Z,-0.41,-63.4,0,0,40,0,0.11,0,145.29,1295.18,0,0,-8.59,0,19.62,0.08,0,0,1.92,0,0.01,0,15.62,35.15
2026-01-02T01:30:00Z,0,0,29.35,0,42,0,0.11,0,33.92,1292.91,0,0,-7.02,0,19.4,0,1.88,0,2.02,0,0.01,0,34.98,27.16
2026-01-02T01:35:00Z,-0.85,0,83.01,0,40,0,0.11,0,9.71,1256.52,0,0,-10.55,0,19.52,0,5.3,0,1.92,0,0.01,0,70.89,19.28
2026-01-02T01:40:00Z,-0.7,0,46.38,0,40,0,0.11,0,54.08,1265.4,0,0,-12.65,0,19.63,0,2.91,0,1.92,0,0.01,0,44.18,17.91
2026-01-02T01:45:00Z,-0.42,0,82.49,0,41,0,0.11,0,21.17,1252.3,0,0,-10.79,0,19.75,0,5.16,0,1.97,0,0.01,0,69.5,28.24
2026-01-02T01:50:00Z,-0.11,0,79.62,0,42,0,0.11,0,28.19,1230.03,0,0,-9.91,0,19.87,0,5.1,0,2.02,0,0.01,0,70.01,15.88
2026-01-02T01:55:00Z,-0.18,-37.81,0,0,42,0,0.11,0,155.92,1231.45,0,0,-9.24,0,19.98,0.05,0,0,2.02,0,0.01,0,16.98,17.95
2026-01-02T02:00:00Z,-0.94,0,73.58,0,41,0,0.11,0,53.98,1231.91,0,0,-8.28,0,20.1,0,4.59,0,1.97,0,0.01,0,62.86,18.01
2026-01-02T02:05:00Z,-0.67,0,119.37,0,41,0,0.11,0,0.79,1228.1,0,0,-14.38,0,20.07,0,7.41,0,1.97,0,0.01,0,97.91,17.96
2026-01-02T02:10:00Z,-0.13,0,70.6,0,43,0,0.11,0,36.39,1227.68,0,0,-7.35,0,20.03,0,4.44,0,2.06,0,0.01,0,63.17,17.94
2026-01-02T02:15:00Z,-0.18,0,111.75,0,42,0,0.11,0,4.16,1214.41,0,0,-7.27,0,20,0,7.01,0,2.02,0,0.01,0,94.4,18.03
2026-01-02T02:20:00Z,-0.18,0,87.53,0,41,0,0.11,0,7.78,1214.2,0,0,-6.29,0,19.97,0,5.54,0,1.97,0,0.01,0,76.73,34.44
2026-01-02T02:25:00Z,-0.17,0,78.59,0,40,0,0.11,0,11.35,1202.53,0,0,-7.37,0,19.93,0,5.12,0,1.92,0,0.01,0,71.93,27.87
2026-01-02T02:30:00Z,-0.17,0,13.37,-0.1,40,0,0.11,0,61.27,1207.85,0,0,-7.01,0,19.9,0,0.89,0,1.92,0,0.01,0,26.05,34.36
2026-01-02T02:35:00Z,-0.49,0,56.49,-0.1,40,0,0.11,0,19.38,1218.15,0,0,-5.15,0,19.88,0,3.76,0,1.92,0,0.01,0,55.87,34.51
2026-01-02T02:40:00Z,-1.98,0,28.27,-0.1,40,0,0.11,0,47.1,1208.23,0,0,-5.03,0,19.87,0,1.89,0,1.92,0,0.01,0,36.16,28.43
2026-01-02T02:45:00Z,-0.84,-58.65,0,0,40,0,0.11,0,152.99,1204.4,0,0,-5.7,0,19.85,0.08,0,0,1.92,0,0.01,0,16.55,32.51
2026-01-02T02:50:00Z,-0.2,0,23.46,0,41,0,0.11,0,59.01,1194.78,0,0,-4.79,0,19.83,0,1.57,0,1.97,0,0.01,0,33.43,32.47
2026-01-02T02:55:00Z,-1.05,0,60.71,0,40,0,0.11,0,31.03,1194.07,0,0,-5.45,0,19.82,0,4.04,0,1.92,0,0.01,0,59.46,25.38
2026-01-02T03:00:00Z,-0.19,-6.93,0,0,40,0,0.11,0,92.52,1188.69,0,0,-6.39,0,19.8,0.01,0,0,1.92,0,0.01,0,17.5,25.53
2026-01-02T03:05:00Z,-0.2,0,16.46,0,40,0,0.11,0,71.78,1179.6,0,0,-7.12,0,19.82,0,1.11,0,1.92,0,0.01,0,28.59,30.3
2026-01-02T03:10:00Z,-0.25,0,58.95,-0.1,40,0,0.11,0,12,1194.1,0,0,-5.77,0,19.83,0,4.04,0,1.92,0,0.01,0,60.3,25.62
2026-01-02T03:15:00Z,-0.44,-74.02,0,-0.1,41,0,0.11,0,144.38,1185.56,0,0,-4.82,0,19.85,0.11,0,0,1.97,0,0.01,0,17.29,25.65
2026-01-02T03:20:00Z,-0.59,0,4.63,0,41,0,0.11,0,76.83,1161.75,0,0,-7.49,0,19.87,0,0.32,0,1.97,0,0.01,0,21.6,30.4
2026-01-02T03:25:00Z,-0.48,0,80.31,0,41,0,0.11,0,16.07,1147.87,0,0,-8.1,0,19.88,0,5.42,0,1.97,0,0.01,0,78.95,26.1
2026-01-02T03:30:00Z,-1.6,0,95.04,0,40,0,0.11,0,11.76,1134.86,0,0,-9.08,0,19.9,0,6.28,0,1.92,0,0.01,0,90.37,25.75
2026-01-02T03:35:00Z,-1.36,0,91.91,0,40,0,0.11,0,3.63,1147.92,0,0,-6.65,0,19.57,0,6.1,0,1.92,0,0.01,0,87.7,25.55
2026-01-02T03:40:00Z,0,0,18.69,0,42,0,0.11,0,77.3,1141.08,0,0,-5.8,0,19.23,0,1.27,0,2.02,0,0.01,0,31.8,26.32
2026-01-02T03:45:00Z,-0.19,0,103.53,0,41,0,0.11,0,11.59,1127.35,0,0,-7.07,0,18.9,0,7.07,0,1.97,0,0.01,0,100.85,33.06
2026-01-02T03:50:00Z,-0.39,0,137.14,0,41,0,0.11,0,5.63,1107.35,0,0,-7.45,0,18.57,0,9.41,0,1.97,0,0.01,0,134.39,25.97
2026-01-02T03:55:00Z,-0.18,0,90.23,0,42,0,0.11,0,35.71,1102.3,0,0,-7.1,0,18.23,0,6.09,0,2.02,0,0.01,0,89.29,26.12
2026-01-02T04:00:00Z,-0.27,0,70.12,0,41,0,0.11,0,78.56,1075.67,0,0,-8.87,0,17.9,0,4.66,0,1.97,0,0.01,0,70.77,16.93
2026-01-02T04:05:00Z,-0.52,-115.93,0,0,42,0,0.11,0,310.17,1051.58,0,0,-8.17,0,17.92,0.17,0,0,2.02,0,0.01,0,17.29,38.68
2026-01-02T04:10:00Z,0,0,137.76,0,42,0,0.11,0,50.68,1035.67,0,0,-8.79,0,17.93,0,9.17,0,2.02,0,0.01,0,135.58,26.13
2026-01-02T04:15:00Z,-0.28,0,55.94,0,41,0,0.11,0,170.79,1006.1,0,0,-7.45,0,17.95,0,3.78,0,1.97,0,0.01,0,59.43,31.31
2026-01-02T04:20:00Z,-0.57,-51.4,0,0,41,0,0.11,0,265.8,999.26,0,0,-7.67,0,17.97,0.08,0,0,1.97,0,0.01,0,18.15,26.58
2026-01-02T04:25:00Z,0,-67.54,0,0,43,0,0.11,0,282.63,988.97,0,0,-6.57,0,17.98,0.11,0,0,2.06,0,0.01,0,18.9,31.46
2026-01-02T04:30:00Z,-0.78,-51.57,0,0,41,0,0.11,0,283.97,984.93,0,0,-6.56,0,18,0.08,0,0,1.97,0,0.01,0,18.1,31.31
2026-01-02T04:35:00Z,-0.18,-72.91,0,0,41,0,0.11,0,289.52,1004.65,0,0,-4.2,0,17.88,0.11,0,0,1.97,0,0.01,0,17.74,37.22
2026-01-02T04:40:00Z,-1.02,0,22.23,-0.1,40,0,0.11,0,205.88,992.79,0,0,-6.68,0,17.77,0,1.53,0,1.92,0,0.01,0,34.12,36.47
2026-01-02T04:45:00Z,-0.53,0,42.6,0,40,0,0.11,0,196.53,988.66,0,0,-7.5,0,17.65,0,2.92,0,1.92,0,0.01,0,49.22,31.73
2026-01-02T04:50:00Z,-0.38,-79.73,0,-0.1,40,0,0.11,0,338.93,970.29,0,0,-10.06,0,17.53,0.11,0,0,1.92,0,0.01,0,17.14,31.31
2026-01-02T04:55:00Z,-0.5,-63.9,0,-0.1,40,0,0.11,0,326.55,963.01,0,0,-5.48,0,17.42,0.09,0,0,1.92,0,0.01,0,17.39,32.68
2026-01-02T05:00:00Z,-0.18,0,17.66,-0.2,40,0,0.11,0,240.12,978.48,0,0,-5.61,0,17.3,0,1.21,0,1.92,0,0.01,0,30.33,41.09
2026-01-02T05:05:00Z,-0.82,0,37.55,-0.1,40,0,0.11,0,194.58,981.42,0,0,-5.08,0,17.2,0,2.57,0,1.92,0,0.01,0,45.86,31.28
2026-01-02T05:10:00Z,-0.18,-17.26,0,-0.1,43,0,0.11,0,260.39,990.27,0,0,-4.9,0,17.1,0.03,0,0,2.06,0,0.01,0,19.21,31.31
2026-01-02T05:15:00Z,-0.05,-118.03,0,-0.1,42,0,0.11,0,352.33,993.78,0,0,-4.81,0,17,0.17,0,0,2.02,0,0.01,0,17.48,32.04
2026-01-02T05:20:00Z,-0.22,-78.99,0,-0.1,40,0,0.11,0,324.34,990.28,0,0,-3.81,0,16.9,0.11,0,0,1.92,0,0.01,0,17.07,32.03
2026-01-02T05:25:00Z,-0.33,-51.51,0,0,40,0,0.11,0,318.29,984.81,0,0,-4.08,0,16.8,0.07,0,0,1.92,0,0.01,0,17.21,31.96
2026-01-02T05:30:00Z,-0.21,-70.39,0,0,41,0,0.11,0,326.25,977.16,0,0,-2.93,0,16.7,0.1,0,0,1.97,0,0.01,0,17.62,37.5
2026-01-02T05:35:00Z,-0.15,0,74.74,0,41,0,0.11,0,211.63,936.45,0,1.72,-1.61,0,16.73,0,5.01,0,1.97,0,0.01,0,75.12,34.65
2026-01-02T05:40:00Z,-0.01,0,34.36,0,41,0,0.11,0,263.96,941.15,0.26,3.44,-4.18,0,16.77,0,2.31,0,1.97,0,0.01,0,42.26,37.11
2026-01-02T05:45:00Z,-0.03,0,13.62,0,40,0,0.11,0,259.14,954.68,0.15,5.16,-4.46,0,16.8,0,0.92,0,1.92,0,0.01,0,27.37,22.86
2026-01-02T05:50:00Z,0,0,13.14,0,41,0,0.11,0,289.89,945.06,1.53,6.87,-3.9,0,16.83,0,0.85,0,1.97,0,0.01,0,26.66,31.31
2026-01-02T05:55:00Z,-0.01,0,140.59,0,40,0,0.11,0,163.41,942.33,3.43,8.59,-3.34,0,16.87,0,9.42,0,1.92,0,0.01,0,133.9,20.06
2026-01-02T06:00:00Z,-0.27,0,210.4,0,40,0,0.11,0,111.45,933.96,7.56,10.31,-2.28,0,16.9,0,13.56,0,1.92,0,0.01,0,208.22,12.97
2026-01-02T06:05:00Z,-1.18,0,133.35,0,40,0,0.11,0,180.24,922.18,10.2,21.49,-2.82,0,17.13,0,8.89,0,1.92,0,0.01,0,124.86,11.25
2026-01-02T06:10:00Z,0,0,177.24,0,42,0,0.11,0,145.54,908.27,15.36,32.66,-3.86,0,17.37,0,11.5,0,2.02,0,0.01,0,167.91,4.02
2026-01-02T06:15:00Z,0,0,194.25,0,42,0,0.11,0,110.01,905.87,20.91,43.83,-4.22,0,17.6,0,12.83,0,2.02,0,0.01,0,191.91,0.37
2026-01-02T06:20:00Z,0,0,219.18,0,44,0,0.11,0,40.84,911.31,27.07,55.01,-3.92,0,17.83,0,14.43,0,2.11,0,0.01,0,231.2,0
2026-01-02T06:25:00Z,-2.14,0,257.34,0,40,0,0.11,0,1.38,915.72,29.72,66.18,-3.66,0,18.07,0,17,0,1.92,0,0.01,0,286.1,-2.7
2026-01-02T06:30:00Z,0,0,208.74,0,43,0,0.11,0,27.95,914.72,53.9,77.35,-1.88,0,18.3,0,13.91,0,2.06,0,0.01,0,211.06,-5.62
2026-01-02T06:35:00Z,-0.21,0,168.03,-0.1,41,0,0.11,0,69.77,901.72,60.73,96.83,-3.33,0,18.4,0,11.24,0,1.97,0,0.01,0,158.26,-7.45
2026-01-02T06:40:00Z,-0.12,0,324.57,-0.1,43,0,0.11,0,22.33,805.16,66.53,116.3,84.99,26.54,18.5,0,21.92,0,2.06,0,0.01,0,395.09,-7.97
2026-01-02T06:45:00Z,-7.14,0,354.68,-0.1,40,0,0.11,0,0.04,797.04,65.86,135.77,93.53,29.43,18.6,0,24.32,0,1.92,0,0.01,0,465.35,-8
2026-01-02T06:50:00Z,-0.02,0,346.51,-0.1,42,0,0.11,0,8.67,749.82,77.03,155.25,123.58,33.37,18.7,0,23.31,0,2.02,0,0.01,0,443.05,-11.78
2026-01-02T06:55:00Z,-0.06,0,435.47,-0.1,44,0,0.11,0,11.48,623.2,98.78,174.72,236.98,48.92,18.8,0,29.4,0,2.11,0,0.01,0,732.15,-7.39
2026-01-02T07:00:00Z,-8.78,0,314.18,-0.1,40,0,0.11,0,0,748.53,113.85,194.19,69.98,41.31,18.9,0,20.62,0,1.92,0,0.01,0,349.78,-14.7
2026-01-02T07:05:00Z,-1.02,0,418.09,0,42,0,0.11,0,28.81,577.39,118.76,226.37,285.42,56.16,19.18,0,27.79,0,2.02,0,0.01,0,622.86,-10.3
2026-01-02T07:10:00Z,-0.89,0,340.65,0,43,0,0.11,0,60.39,572.18,137.56,258.55,184.46,62.44,19.47,0,22.02,0,2.06,0,0.01,0,395.95,-9
2026-01-02T07:15:00Z,-2,0,299.72,0,43,0,0.11,0,35.07,598.9,157.99,290.73,194.89,54.87,19.75,0,19.27,0,2.06,0,0.01,0,310.78,-11.66
2026-01-02T07:20:00Z,-2.75,0,275.47,0,42,0,0.11,0,49.77,572.15,164.46,322.91,235.3,72.99,20.03,0,17.37,0,2.02,0,0.01,0,266.49,-20
2026-01-02T07:25:00Z,-11.7,0,406.17,0,40,0,0.11,0,24.81,472.92,156.75,355.09,323.44,108.92,20.32,0,25.19,0,1.92,0,0.01,0,514.96,-20
2026-01-02T07:30:00Z,-4.33,0,333.38,0,43,0,0.11,0,49.15,460.08,172.07,387.27,315.49,114.58,20.6,0,21.14,0,2.06,0,0.01,0,359.92,-20
2026-01-02T07:35:00Z,-127.94,0,515.08,0,39,0,0.11,0,23.55,392.85,185.71,428.33,359.29,126.07,20.82,0,31.71,0,1.87,0,0.01,0,945.05,-9.15
2026-01-02T07:40:00Z,-80.86,0,380.24,0,44,0,0.11,0,50,382.87,234.96,469.39,310.59,92.46,21.03,0,23.84,0,2.11,0,0.01,0,432.56,-11.78
2026-01-02T07:45:00Z,-7.29,0,355.85,0,40,0,0.11,0,35.87,361.29,222.81,510.45,295.81,129.53,21.25,0,21.57,0,1.92,0,0.01,0,349.19,-11.66
2026-01-02T07:50:00Z,-3.81,0,322.9,-0.1,40,0,0.11,0,12.16,366.91,237.96,551.51,250.13,143.33,21.47,0,20.38,0,1.92,0,0.01,0,303.59,-11.78
2026-01-02T07:55:00Z,-3.9,0,350.92,-0.1,40,0,0.11,0,1.12,326.23,241.94,592.57,261.53,160.44,21.68,0,22.28,0,1.92,0,0.01,0,342.98,-10.03
2026-01-02T08:00:00Z,-0.11,0,281.15,-0.1,43,0,0.11,0,31.21,332.3,274.99,633.63,221.93,136.98,21.9,0,17.66,0,2.06,0,0.01,0,229.01,-11.66
2026-01-02T08:05:00Z,-0.43,0,259.06,-0.1,44,0,0.11,0,42.74,302.23,281.04,676.55,203.58,144.38,22.13,0,16.19,0,2.11,0,0.01,0,202.09,-11.66
2026-01-02T08:10:00Z,-0.58,0,249.31,0,42,6,0.11,0,40.9,283.57,271.48,719.48,182.36,155.89,22.37,0,16.05,0,2.02,0.2,0.01,0,196.95,-11.66
2026-01-02T08:15:00Z,-3.9,0,283.16,0,40,7.12,0.11,0,0.04,271.35,273.33,762.4,177.83,143,22.6,0,18.29,0,1.92,0.24,0.01,0,230.01,-9.5
2026-01-02T08:20:00Z,-49.08,0,253.23,0,40,39.33,0.11,0,0,248.87,291.94,805.32,167.05,131.04,22.83,0,16.1,0,1.92,1.32,0.01,0,206.65,-11.66
2026-01-02T08:25:00Z,-42.86,0,266.51,0,40,39.33,0.11,0,0.87,241.05,251.28,848.24,153.03,187.38,23.07,0,16.91,0,1.92,1.32,0.01,0,217.62,-15.57
2026-01-02T08:30:00Z,-120,0,375.82,0,40,69.53,0.11,0,0,199.61,247.7,891.16,178.85,201.58,23.3,0,24.53,0,1.92,2.33,0.01,0,362.71,-11.66
2026-01-02T08:35:00Z,-144.41,0,329.39,0,40,70.2,0.11,0,2.74,193.32,271.37,933.45,143.14,162.93,23.43,0,21,0,1.92,2.35,0.01,0,292.43,-19.77
2026-01-02T08:40:00Z,-107.12,0,340.71,0,42,70.2,0.11,0,14.87,166.82,230.4,975.73,151.64,221.68,23.57,0,22.21,0,2.02,2.35,0.01,0,303.13,-59
2026-01-02T08:45:00Z,-128.71,0,389.91,0,41,70.87,0.11,0,3.75,113.71,223.96,1018.02,195.76,233.89,23.7,0,23.15,0,1.97,2.37,0.01,0,346.36,-19.98
2026-01-02T08:50:00Z,-191.14,0,372.61,0,44,70.2,0.11,0,34.32,148.61,227.98,1060.3,142.26,236.49,23.83,0,24.7,0,2.11,2.35,0.01,0,342.51,-35.85
2026-01-02T08:55:00Z,-236.53,0,431.59,0,40,108.45,0.11,0,0,97.23,226.41,1102.59,201.24,242.38,23.97,0,26.77,0,1.92,3.63,0.01,0,427.83,-59.04
2026-01-02T09:00:00Z,-371.49,0,528.28,0,41,152.08,0.11,0,0,87.04,223.36,1144.87,191.22,251.53,24.1,0,33.94,0,1.97,5.09,0.01,0,657.32,-59
2026-01-02T09:05:00Z,-272.78,0,526.7,0,41,166.17,0.11,0,0,80.51,212.64,1181.46,204.7,361.85,24.45,0,33.55,0,1.97,5.56,0.01,0,558.8,-19.98
2026-01-02T09:10:00Z,-197.68,0,349.61,0,44,172.21,0.11,0,0.39,106.34,121.98,1218.04,382.35,363,24.8,0,23.25,0,2.11,5.77,0.01,0,334.89,-59
2026-01-02T09:15:00Z,-281.1,0,494.24,0,41,166.17,0.11,0,0,66,114.77,1254.63,413.41,369.39,25.15,0,33.08,0,1.97,5.56,0.01,0,562,-59.04
2026-01-02T09:20:00Z,-260.36,0,457.07,0,40,166.84,0.11,0,0,61.4,112.68,1291.22,399.18,370.53,25.5,0,30.95,0,1.92,5.59,0.01,0,483.46,-59
2026-01-02T09:25:00Z,-302.89,0,472.76,0,40,168.18,0.11,0,0,57.05,116.34,1327.8,402.84,371.74,25.85,0,32.12,0,1.92,5.63,0.01,0,509.91,-59
2026-01-02T09:30:00Z,-187.65,0,357.04,0,40,164.83,0.11,0,0,52.31,106.09,1364.39,392.57,389.48,26.2,0,24.46,0,1.92,5.52,0.01,0,323.63,-59
2026-01-02T09:35:00Z,-171.15,0,407.13,0,43,172.21,0.11,0,2.01,51.47,103.79,1390.33,392.5,497.48,26.32,0,27.7,0,2.06,5.77,0.01,0,359.96,-55.51
2026-01-02T09:40:00Z,-135.02,0,303.41,0,42,168.85,0.1,0,0.01,62.32,35.61,1416.27,377.54,442.88,26.43,0,20.8,0,2.02,5.65,0.01,0,265.6,-59.04
2026-01-02T09:45:00Z,-239.09,0,407.27,0,42,168.18,0.11,0,0.03,57.37,36.84,1442.22,389.15,457.66,26.55,0,27.99,0,2.02,5.63,0.01,0,388.71,-59.04
2026-01-02T09:50:00Z,-251.63,0,386.43,0,41,167.51,0.11,0,0,40.61,52.14,1468.16,127.83,452.27,26.67,0,26.47,0,1.97,5.61,0.01,0,361.17,-59
2026-01-02T09:55:00Z,-292.25,0,421.79,0,41,170.87,0.11,0,0.01,31.81,56.69,1494.1,115.08,455.18,26.78,0,28.69,0,1.97,5.72,0.01,0,404.03,-41.97
2026-01-02T10:00:00Z,-270.88,0,384.94,0,40,165.5,0.11,0,0,32.68,53.4,1520.04,101.44,459.29,26.9,0,26.34,0,1.92,5.54,0.01,0,350.96,-59
2026-01-02T10:05:00Z,-305.73,0,404.44,0,40,166.17,0.11,0,0,25.81,52.22,1540.22,87.06,467.56,26.73,0,27.55,0,1.92,5.56,0.01,0,377.29,-59
2026-01-02T10:10:00Z,-302.63,0,419.75,0,42,170.87,0.11,0,0.05,22.92,56.57,1560.41,95.9,469.35,26.57,0,28.73,0,2.02,5.72,0.01,0,387.18,-59
2026-01-02T10:15:00Z,-273.11,0,378.43,0,43,171.54,0.11,0,0.21,21.43,53.41,1580.59,97.35,475.02,26.4,0,25.94,0,2.06,5.74,0.01,0,332.32,-59
2026-01-02T10:20:00Z,-275.77,0,361.44,0,43,171.54,0.11,0,0.31,18.82,54.23,1600.77,96.56,469.29,26.23,0,25.18,0,2.06,5.74,0.01,0,316.38,-59.04
2026-01-02T10:25:00Z,-265.87,0,357.16,0,40,166.17,0.11,0,0,18.73,56.47,1620.95,96.54,473.81,26.07,0,24.84,0,1.92,5.56,0.01,0,303.24,-41.97
2026-01-02T10:30:00Z,-213.66,0,367.4,0,42,111.14,0.11,0,0.01,17.71,7.51,1641.13,93.92,526.05,25.9,0,26.04,0,2.02,3.72,0.01,0,307.92,-20
2026-01-02T10:35:00Z,-165.21,0,353.25,0,43,60.14,0.11,0,0.28,25.22,8.84,1658.65,82.89,521.44,25.93,0,24.98,0,2.06,2.01,0.01,0,272.96,-20.57
2026-01-02T10:40:00Z,-145.78,0,367.84,0,40,43.36,0.11,0,0,20.77,10.33,1676.17,85.45,523.95,25.97,0,26.18,0,1.92,1.45,0.01,0,277.72,-19.88
2026-01-02T10:45:00Z,-205.47,0,404.85,0,40,43.36,0.11,0,0,41.37,6.17,1693.69,40.94,527.63,26,0,29.78,0,1.92,1.45,0.01,0,327.66,-50.42
2026-01-02T10:50:00Z,-146.63,0,367.13,0,40,42.69,0.11,0,0,24.04,2.85,1711.22,73.59,526,26.03,0,27.66,0,1.92,1.43,0.01,0,284.72,-41.97
2026-01-02T10:55:00Z,-144.31,0,354.91,0,40,42.69,0.11,0,0,20.74,9.18,1728.74,65.32,523.95,26.07,0,25.32,0,1.92,1.43,0.01,0,256.41,-15.57
2026-01-02T11:00:00Z,-205.44,0,329.2,0,42,42.69,0.11,0,0.73,50.15,29.15,1746.26,30.12,502.84,26.1,0,23.51,0,2.02,1.43,0.01,0,235.05,-15.57
2026-01-02T11:05:00Z,-231.35,0,375.85,0,43,42.69,0.11,0,0.17,44.5,22.35,1754.47,27.49,510.72,26,0,27.47,0,2.06,1.43,0.01,0,285.83,-20.57
2026-01-02T11:10:00Z,-213.83,0,382.42,0,40,42.02,0.11,0,0,18.03,12.56,1762.69,52.04,523.94,25.9,0,27.14,0,1.92,1.41,0.01,0,285.87,-20
2026-01-02T11:15:00Z,-235.68,0,394.98,0,43,42.02,0.11,0,0.29,19.18,8.77,1770.91,48.7,528.07,25.8,0,28.32,0,2.06,1.41,0.01,0,304.41,-20.57
2026-01-02T11:20:00Z,-183.23,0,339.77,0,40,42.69,0.11,0,0,17.41,6.17,1779.12,46.59,525.18,25.7,0,25.64,0,1.92,1.43,0.01,0,255.34,-15.57
2026-01-02T11:25:00Z,-242.53,0,347.47,0,44,42.02,0.11,0,0.43,36.58,17.87,1787.34,23.32,516.88,25.6,0,25.52,0,2.11,1.41,0.01,0,260.47,-15.57
2026-01-02T11:30:00Z,-272.51,0,378.14,0,43,42.02,0.11,0,0.24,32.12,13.47,1795.56,22.55,523.76,25.5,0,29.21,0,2.06,1.41,0.01,0,307.47,-20.57
2026-01-02T11:35:00Z,-216.37,0,352.18,0,41,42.02,0.11,0,0,14.9,7.76,1802.97,33.52,526.44,25.75,0,26.57,0,1.97,1.41,0.01,0,268.21,-19.98
2026-01-02T11:40:00Z,-273.27,0,414.88,0,43,42.02,0.11,0,0.04,17.57,11.02,1810.39,21.46,525.15,26,0,30.23,0,2.06,1.41,0.01,0,327.25,-19.5
2026-01-02T11:45:00Z,-180.57,0,295.2,0,43,42.02,0.11,0,0.27,31.12,8.16,1817.8,19.66,529.28,26.25,0,21.93,0,2.06,1.41,0.01,0,207.88,-47.5
2026-01-02T11:50:00Z,-193.29,0,335.55,0,41,42.02,0.11,0,0,17.39,6.26,1825.22,28.06,528.11,26.5,0,25.31,0,1.97,1.41,0.01,0,245.34,-50.65
2026-01-02T11:55:00Z,-177.64,0,302.25,0,43,42.69,0.11,0,0.26,16.7,8.36,1832.64,27.85,528.79,26.75,0,22.17,0,2.06,1.43,0.01,0,210.39,-47.72
2026-01-02T12:00:00Z,-263.55,0,401.61,0,40,42.69,0.11,0,0,17.8,4.44,1840.05,30.73,531.91,27,0,29.57,0,1.92,1.43,0.01,0,308.72,-19.98
2026-01-02T12:05:00Z,-219.9,0,365.94,0,40,42.02,0.11,0,0,19.86,4.1,1844.75,23.99,527.26,27.27,0,26.9,0,1.92,1.41,0.01,0,265.78,-20.57
2026-01-02T12:10:00Z,-178.66,0,317.35,0,42,42.69,0.11,0,0,17.9,10.48,1849.45,34.96,526.4,27.53,0,23.12,0,2.02,1.43,0.01,0,217.4,-15.57
2026-01-02T12:15:00Z,-203.83,0,326.95,0,42,42.02,0.11,0,1.66,27.17,24.32,1854.15,25.46,512.19,27.8,0,23.94,0,2.02,1.41,0.01,0,224.89,-19.98
2026-01-02T12:20:00Z,-185.81,0,346.16,0,40,42.69,0.11,0,0,17.74,8.37,1858.84,39.18,527.65,28.07,0,24.31,0,1.92,1.43,0.01,0,231.21,-19.88
2026-01-02T12:25:00Z,-193.19,0,332.42,0,40,42.69,0.11,0,0,31.55,9.82,1863.54,28.93,526.73,28.33,0,22.77,0,1.92,1.43,0.01,0,214.41,-15.08
2026-01-02T12:30:00Z,-205.43,0,312.69,0,41,42.69,0.11,0,0,35.2,35.01,1868.24,27.03,501.2,28.6,0,21.55,0,1.97,1.43,0.01,0,199.11,-15.57
2026-01-02T12:35:00Z,-214.03,0,348.11,0,39,42.69,0.11,0,0,33.92,13.27,1869.62,31.23,518.31,28.73,0,24.11,0,1.87,1.43,0.01,0,229.07,-15.57
2026-01-02T12:40:00Z,-203.39,0,287.39,0,44,42.69,0.11,0,6.97,40.38,33.8,1871,28.1,509.46,28.87,0,20,0,2.11,1.43,0.01,0,182.49,-15.57
2026-01-02T12:45:00Z,-206.73,0,320.8,0,42,42.02,0.11,0,0.08,33.4,31.44,1872.37,32.21,505.15,29,0,22.23,0,2.02,1.41,0.01,0,206.07,-15.57
2026-01-02T12:50:00Z,-213.02,0,309.08,0,42,42.02,0.11,0,2.15,37.82,27.03,1873.75,43.06,509,29.13,0,21.38,0,2.02,1.41,0.01,0,198.07,-19.5
2026-01-02T12:55:00Z,-214.06,0,342.98,0,41,42.69,0.11,0,0.2,40.37,16.3,1875.13,44.94,523.38,29.27,0,23.58,0,1.97,1.43,0.01,0,221.93,-15.57
2026-01-02T13:00:00Z,-226.09,0,336.84,0,40,42.69,0.11,0,0,44.47,32.33,1876.51,49.74,504.29,29.4,0,23.31,0,1.92,1.43,0.01,0,217.24,-19.5
2026-01-02T13:05:00Z,-206.81,0,350.17,0,43,42.69,0.11,0,3.07,44.62,11.49,1874.13,48.08,527.77,29.43,0,24.19,0,2.06,1.43,0.01,0,227.23,-12.5
2026-01-02T13:10:00Z,-202.93,0,291.44,0,44,42.02,0.11,0,1.32,58.25,39.03,1871.76,50.35,498.76,29.47,0,21.73,0,2.11,1.41,0.01,0,194.03,-15.08
2026-01-02T13:15:00Z,-250.41,0,340.05,0,40,42.69,0.11,0,0,62.53,38.61,1869.38,53.9,502.72,29.5,0,25.35,0,1.92,1.43,0.01,0,235.52,-50.24
2026-01-02T13:20:00Z,-144.75,0,319.63,0,40,42.69,0.11,0,0,38.31,6.83,1867,83.61,535.07,29.53,0,23.21,0,1.92,1.43,0.01,0,208.3,-12.5
2026-01-02T13:25:00Z,-231.64,0,332.7,0,43,42.69,0.11,0,1.74,51.4,38.71,1864.63,57.5,498.89,29.57,0,25.18,0,2.06,1.43,0.01,0,232.85,-15.08
2026-01-02T13:30:00Z,-231.88,0,318.37,0,41,42.69,0.11,0,0,67.55,39.3,1862.25,65.6,502.79,29.6,0,22.43,0,1.97,1.43,0.01,0,206.27,-15.08
2026-01-02T13:35:00Z,-246.17,0,327.66,0,43,42.69,0.11,0,0.4,69.69,40.04,1861.85,69.44,499.1,29.37,0,24.15,0,2.06,1.43,0.01,0,223.61,-15.08
2026-01-02T13:40:00Z,-246.8,0,334.06,0,43,42.69,0.11,0,2.18,71.74,44.11,1861.44,70.56,496.53,29.13,0,24.35,0,2.06,1.43,0.01,0,225.12,-15.57
2026-01-02T13:45:00Z,-223.9,0,351.46,0,40,42.69,0.11,0,0,74.54,27.84,1861.03,76.53,506.56,28.9,0,25.68,0,1.92,1.43,0.01,0,236.93,-20.57
2026-01-02T13:50:00Z,-161.08,0,317.03,0,42,42.69,0.11,0,0.3,64.46,8.57,1860.62,112.31,535.07,28.67,0,22.99,0,2.02,1.43,0.01,0,205.94,-19.98
2026-01-02T13:55:00Z,-243.51,0,398.12,0,40,42.69,0.11,0,0,83.14,9.36,1860.22,80.66,528.07,28.43,0,29.05,0,1.92,1.43,0.01,0,278.99,-50.47
2026-01-02T14:00:00Z,-128.78,0,303.94,0,43,42.69,0.11,0,0.25,80,6.75,1859.81,111.99,534.66,28.2,0,21.82,0,2.06,1.43,0.01,0,189.91,-59
2026-01-02T14:05:00Z,-190.87,0,356.76,0,39,42.02,0.11,0,0,98.87,2.77,1853.5,141.65,532.87,28.4,0,24.98,0,1.87,1.41,0.01,0,227.84,-59.84
2026-01-02T14:10:00Z,-234.75,0,300.03,0,40,42.69,0.11,0,0,140.17,74.19,1847.2,120.43,444.93,28.6,0,21.15,0,1.92,1.43,0.01,0,182.73,-58.65
2026-01-02T14:15:00Z,-149.84,0,207.68,0,44,42.02,0.11,0,6.3,120.71,90.58,1840.89,114.81,448.31,28.8,0,14.55,0,2.11,1.41,0.01,0,121.39,-59.81
2026-01-02T14:20:00Z,-220.45,0,257.58,0,41,42.69,0.11,0,33.12,138.46,89.53,1834.58,133.82,445.69,29,0,18.17,0,1.97,1.43,0.01,0,152.17,-59
2026-01-02T14:25:00Z,-247.92,0,284.8,0,41,42.69,0.11,0,24.02,170.37,92.74,1828.28,185.44,444.77,29.2,0,19.69,0,1.97,1.43,0.01,0,166.31,-68.71
2026-01-02T14:30:00Z,-239.29,0,311.69,0,41,43.36,0.11,0,0.31,171.12,90.23,1821.97,182.93,448.06,29.4,0,21.32,0,1.97,1.45,0.01,0,183.65,-100
2026-01-02T14:35:00Z,-226.34,0,302.22,0,40,42.69,0.11,0,0.01,190.82,87.46,1812.79,183.02,447.42,29.45,0,20.5,0,1.92,1.43,0.01,0,173.96,-150.67
2026-01-02T14:40:00Z,-284.15,0,373.81,0,40,42.69,0.11,0,0.01,197.84,90.67,1803.61,206.97,446.46,29.5,0,24.52,0,1.92,1.43,0.01,0,220.47,-82.97
2026-01-02T14:45:00Z,-230.18,0,288.55,0,43,42.69,0.11,0,13.9,215,89.54,1794.43,238.08,448.59,29.55,0,18.82,0,2.06,1.43,0.01,0,159.44,-107.58
2026-01-02T14:50:00Z,-222.66,0,289.02,0,40,42.69,0.11,0,6.45,234.95,87.5,1785.25,229.99,447.11,29.6,0,19.2,0,1.92,1.43,0.01,0,160.64,-254.79
2026-01-02T14:55:00Z,-182.66,0,326.89,0,40,42.69,0.11,0,0,185.23,89.95,1776.07,337.13,446.23,29.65,0,21.45,0,1.92,1.43,0.01,0,183.2,-150.89
2026-01-02T15:00:00Z,-213.89,0,366.98,0,40,42.69,0.11,0,0,175.81,87.6,1766.89,347.17,449.14,29.7,0,23.47,0,1.92,1.43,0.01,0,210.08,-235.3
2026-01-02T15:05:00Z,-117.8,0,374.58,0,41,42.69,0.11,0,0.37,106.7,87.61,1757.29,422.5,446.7,29.6,0,23.19,0,1.97,1.43,0.01,0,206.77,-82.26
2026-01-02T15:10:00Z,-6.48,0,189.23,0,42,42.69,0.11,0,20.33,158,91.24,1747.68,337.54,444.83,29.5,0,12.43,0,2.02,1.43,0.01,0,99.98,-73.65
2026-01-02T15:15:00Z,-29.45,0,208.99,0,40,42.69,0.11,0,0.47,193.98,88.27,1738.07,353.44,447.43,29.4,0,12.74,0,1.92,1.43,0.01,0,103.54,-73.92
2026-01-02T15:20:00Z,-42.94,0,200.52,0,42,42.69,0.11,0,1.49,235.26,88.64,1728.46,293.46,444.93,29.3,0,12.29,0,2.02,1.43,0.01,0,99.65,-73.76
2026-01-02T15:25:00Z,-46.59,0,214.44,0,40,42.69,0.11,0,0,256.94,90.52,1718.85,273.43,443.36,29.2,0,12.97,0,1.92,1.43,0.01,0,103.76,-82.14
2026-01-02T15:30:00Z,-32.33,0,206.66,0,43,42.69,0.11,0,5.81,253.18,89.32,1709.25,264.48,445.2,29.1,0,12.62,0,2.06,1.43,0.01,0,101.57,-129
2026-01-02T15:35:00Z,-33.23,0,265.91,0,40,42.69,0.11,0,1.2,239.4,87.03,1693.33,242.21,443.47,29.15,0,15.96,0,1.92,1.43,0.01,0,128.47,-129
2026-01-02T15:40:00Z,-19.23,0,274.27,0,40,42.69,0.11,0,2.1,231.63,89.88,1677.41,250.08,437.52,29.2,0,16.11,0,1.92,1.43,0.01,0,130.48,-190.01
2026-01-02T15:45:00Z,-0.19,0,290.75,0,44,42.02,0.11,0,32.82,203.94,88.45,1661.49,279.45,442.5,29.25,0,18.04,0,2.11,1.41,0.01,0,145.24,-190.01
2026-01-02T15:50:00Z,-62.76,0,403.02,0,40,42.69,0.11,0,0,219.07,86.62,1645.58,244.42,439.07,29.3,0,22.8,0,1.92,1.43,0.01,0,200.13,-75.41
2026-01-02T15:55:00Z,-25.38,0,324.14,0,41,42.69,0.11,0,0.56,263.52,90.36,1629.66,225.2,429.02,29.35,0,19.03,0,1.97,1.43,0.01,0,156.69,-188.99
2026-01-02T16:00:00Z,-41.64,0,372.61,0,40,42.69,0.11,0,0,265.58,87.08,1613.74,229.43,429.33,29.4,0,21.95,0,1.92,1.43,0.01,0,185.71,-200
2026-01-02T16:05:00Z,-52.42,0,454.17,0,40,42.69,0.11,0,0.4,230.83,86.85,1581.79,262.27,424.35,29.58,0,26.07,0,1.92,1.43,0.01,0,239.18,-74.7
2026-01-02T16:10:00Z,-15.32,0,435.83,0,40,55.44,0.11,0,0,294.55,18.23,1549.84,157.66,512.62,29.77,0,24.26,0,1.92,1.86,0.01,0,223.29,-11.78
2026-01-02T16:15:00Z,-0.16,0,295.99,0,43,58.79,0.11,0,5.94,376.4,33.12,1517.89,110.14,468.24,29.95,0,17.02,0,2.06,1.97,0.01,0,145.34,-15.57
2026-01-02T16:20:00Z,-0.04,0,259.09,0,42,59.46,0.11,0,12.81,447.04,25.14,1485.94,123.34,472.94,30.13,0,14.75,0,2.02,1.99,0.01,0,124.19,-200
2026-01-02T16:25:00Z,-0.03,0,404.95,0,43,58.79,0.11,0,41.18,332.96,10.23,1453.98,235.74,509.8,30.32,0,22.87,0,2.06,1.97,0.01,0,210.35,-38.5
2026-01-02T16:30:00Z,-10.52,0,394.04,0,40,58.79,0.11,0,3.15,411.12,4.81,1422.03,155.38,494.62,30.5,0,21.63,0,1.92,1.97,0.01,0,199.47,-11.01
2026-01-02T16:35:00Z,-2.67,0,326.4,0,41,59.46,0.11,0,0.13,481.29,40.33,1390.87,97.95,419.93,30.42,0,17.98,0,1.97,1.99,0.01,0,156.36,-11.66
2026-01-02T16:40:00Z,-5.36,0,305.41,0,40,58.79,0.1,0,0.48,503.95,43.38,1359.71,93,446.25,30.33,0,16.5,0,1.92,1.97,0.01,0,144.3,-7
2026-01-02T16:45:00Z,-5.1,0,169.06,0,41,59.46,0.11,0,3.16,609.66,132.69,1328.54,13.08,347.84,30.25,0,9.14,0,1.97,1.99,0.01,0,78.6,-6.33
2026-01-02T16:50:00Z,-31.05,0,108.84,0,40,59.46,0.11,0,0,666.33,181.69,1297.38,1.82,296.16,30.17,0,5.77,0,1.92,1.99,0.01,0,55.22,-7.97
2026-01-02T16:55:00Z,-0.18,0,209.28,0,45,59.46,0.11,0,12.14,597.51,110.7,1266.22,79.65,373.57,30.08,0,11.03,0,2.16,1.99,0.01,0,96.83,-8
2026-01-02T17:00:00Z,-1,0,262.86,0,44,59.46,0.11,0,5.93,602.52,101.78,1235.06,100.66,370.48,30,0,13.43,0,2.11,1.99,0.01,0,117.91,-7.01
2026-01-02T17:05:00Z,-0.06,0,270.81,0,46,58.79,0.11,0,27.26,610.19,101.06,1199.13,25.89,375.94,29.9,0,13.93,0,2.21,1.97,0.01,0,122.7,-2.67
2026-01-02T17:10:00Z,-40.91,0,140.2,0,57,59.46,0.11,0,1.62,671.07,228.04,1163.2,0,222.03,29.8,0,7.08,0,2.74,1.99,0.01,0,70.91,-2.62
2026-01-02T17:15:00Z,-26.18,0,194.54,0,58,59.46,0.11,0,0.64,631.07,237.21,1127.27,0,221.47,29.7,0,9.74,0,2.78,1.99,0.01,0,92.03,-0.1
2026-01-02T17:20:00Z,-32.49,0,166.05,0,57,58.79,0.11,0,0.03,683.91,232.83,1091.34,0,219.42,29.6,0,8.22,0,2.74,1.97,0.01,0,80.57,-2.62
2026-01-02T17:25:00Z,-0.06,0,211.21,0,64,58.79,0.11,0,13.43,666.45,228.43,1055.41,0,218.95,29.5,0,11.01,0,3.07,1.97,0.01,0,102.77,-0.04
2026-01-02T17:30:00Z,-1.6,0,263.44,0,59,59.46,0.11,0,0.67,651.76,223.96,1019.48,0,217.81,29.4,0,13.48,0,2.83,1.99,0.01,0,125.59,1.03
2026-01-02T17:35:00Z,-12.7,0,335.39,0,58,58.79,0.11,0,0.04,640.12,213.96,976.11,0,217.22,29.38,0,17.09,0,2.78,1.97,0.01,0,163.95,-0.05
2026-01-02T17:40:00Z,-4.09,0,216.38,0,62,59.46,0.11,0,3.09,666.36,209.78,932.75,0,110.85,29.37,0,11.23,0,2.98,1.99,0.01,0,113.47,0.01
2026-01-02T17:45:00Z,-1.35,0,226.75,0,61,59.46,0.11,0,1.44,678.45,300.15,889.39,0,111.09,29.35,0,11.83,0,2.93,1.99,0.01,0,114.13,1.02
2026-01-02T17:50:00Z,-8.55,0,291.24,0,59,58.79,0.11,0,0.36,682.36,293.32,846.02,0,109.74,29.33,0,15.27,0,2.83,1.97,0.01,0,146.86,34.77
2026-01-02T17:55:00Z,-2.56,0,276.75,0,59,59.46,0.11,0,0.97,722.59,283.9,802.66,0,108.57,29.32,0,14.58,0,2.83,1.99,0.01,0,141.19,56.1
2026-01-02T18:00:00Z,-3.2,0,333.13,0,58,58.79,0.11,0,0.23,719.34,274.08,759.3,0,107.73,29.3,0,17.83,0,2.78,1.97,0.01,0,176.78,56.2
2026-01-02T18:05:00Z,-3.79,0,280.28,0,58,59.46,0.11,0,60.69,757.85,259.79,718.49,0,103.12,29.17,0,15.27,0,2.78,1.99,0.01,0,147.58,38.75
2026-01-02T18:10:00Z,-19.87,0,271.93,0,56,58.79,0.11,0,0.99,791.39,335.42,677.69,0,0,29.03,0,14.77,0,2.69,1.97,0.01,0,143.17,37.24
2026-01-02T18:15:00Z,-3.76,0,296.23,0,58,58.79,0.11,0,1.14,817.01,321.05,636.89,0,0,28.9,0,16.49,0,2.78,1.97,0.01,0,160.03,-6
2026-01-02T18:20:00Z,-0.07,0,308.13,0,63,58.79,0.11,0,13.09,874.12,300.71,596.09,1.26,0,28.77,0,17.68,0,3.02,1.97,0.01,0,170.34,57.46
2026-01-02T18:25:00Z,-0.07,0,267.74,0,60,59.46,0.11,0,51.59,870.07,280.88,555.29,0,0,28.63,0,15.31,0,2.88,1.99,0.01,0,150.47,58.8
2026-01-02T18:30:00Z,-0.07,0,317.71,0,60,59.46,0.11,0,41.81,911.8,263.63,514.49,0,0,28.5,0,18.37,0,2.88,1.99,0.01,0,181.9,68.66
2026-01-02T18:35:00Z,-1.69,0,367.16,0,58,58.79,0.11,0,28.58,926.34,244.48,476.96,0,0,28.45,0,21.49,0,2.78,1.97,0.01,0,221.14,59.55
2026-01-02T18:40:00Z,0,0,331.96,0,61,113.15,0.11,0,51.1,942.09,214.99,439.44,0,0,28.4,0,19.46,0,2.93,3.79,0.01,0,210.84,59.55
2026-01-02T18:45:00Z,-1.17,0,327.23,0,59,157.45,0.11,0,25.57,934.73,202.14,401.91,0,0,28.35,0,19.34,0,2.83,5.27,0.01,0,226.74,66.4
2026-01-02T18:50:00Z,-7.01,0,279.11,0,58,157.45,0.11,0,79.39,958.08,177.31,364.39,0,0,28.3,0,16.83,0,2.78,5.27,0.01,0,198.03,60
2026-01-02T18:55:00Z,-0.07,0,356.18,0,61,160.13,0.11,0,89.22,943.19,145.16,326.86,0,0,28.25,0,21.85,0,2.93,5.36,0.01,0,264.19,65.77
2026-01-02T19:00:00Z,-0.03,0,396.25,0,62,160.13,0.11,0,97.23,920.09,132.47,289.33,0,0,28.2,0,24.75,0,2.98,5.36,0.01,0,313.92,79.06
2026-01-02T19:05:00Z,-0.28,0,487.28,0,60,158.12,0.11,0,93.42,893.34,101.43,261.14,0,0,28.1,0,30.95,0,2.88,5.29,0.01,0,434.78,70.69
2026-01-02T19:10:00Z,0,0,452.09,0.01,64,162.81,0.11,0,190.5,865.1,95.38,232.95,0,0,28,0,28.71,0,3.07,5.45,0.01,0,385.64,98
2026-01-02T19:15:00Z,-0.21,0,551.61,0,60,157.45,0.11,0,150.43,842.64,41.63,204.76,0,0,27.9,0,34.07,0,2.88,5.27,0.01,0,559.75,97.91
2026-01-02T19:20:00Z,-0.09,0,584.19,0.01,60,156.1,0.11,0,163.37,821.69,33.38,176.56,0,0,27.8,0,35.71,0,2.88,5.23,0.01,0,635.97,59.55
2026-01-02T19:25:00Z,-0.01,0,453.11,0.01,61,160.13,0.11,0,340.51,779.48,24.62,148.37,0,0,27.7,0,28.68,0,2.93,5.36,0.01,0,418.18,83.5
2026-01-02T19:30:00Z,-0.33,0,555.4,0.01,59,156.77,0.11,0,298.89,755.07,17.83,120.18,0,0,27.6,0,34.73,0,2.83,5.25,0.01,0,602.98,124
2026-01-02T19:35:00Z,0,0,483.96,0,60,215.16,0.11,0,279.41,753.62,16.01,101.88,0,0,27.35,0,30.43,0,2.88,7.2,0.01,0,516.03,89.17
2026-01-02T19:40:00Z,-0.11,0,531.29,0.01,61,161.47,0.11,0,318.77,750.53,11.83,83.59,0,0,27.1,0,33.33,0,2.93,5.41,0.01,0,584.19,83.7
2026-01-02T19:45:00Z,-0.25,0,510.63,-0.09,61,158.79,0.11,0,343.93,736.96,7.6,65.29,0,0,26.85,0,31.36,0,2.93,5.32,0.01,0,551.01,80.56
2026-01-02T19:50:00Z,-0.07,0,438.73,-0.1,58,158.12,0.11,0,466.63,701.69,3.77,47,0,0,26.6,0,27.25,0,2.78,5.29,0.01,0,425.58,119.67
2026-01-02T19:55:00Z,-0.28,0,514.11,0,57,205.09,0.11,0,329.43,684.88,1.7,28.7,0,0,26.35,0,32.08,0,2.74,6.87,0.01,0,631.25,69.28
2026-01-02T20:00:00Z,0,0,539.89,-0.09,63,165.5,0.11,0,418.69,647.69,0.3,10.4,0,0,26.1,0,33.8,0,3.02,5.54,0.01,0,664.13,98
2026-01-02T20:05:00Z,-0.19,0,534.44,0,58,158.12,0.11,0,436.01,619.03,0.07,8.67,0,0,25.85,0,33.47,0,2.78,5.29,0.01,0,668.92,98
2026-01-02T20:10:00Z,-0.4,0,495.8,0.01,59,158.12,0.11,0,434.86,616.83,0.07,6.94,0,0,25.6,0,31.55,0,2.83,5.29,0.01,0,610.71,119.67
2026-01-02T20:15:00Z,-0.32,0,511.91,0,58,207.11,0.11,0,348.06,626.9,0.04,5.2,0,0,25.35,0,32.05,0,2.78,6.93,0.01,0,683.65,100.44
2026-01-02T20:20:00Z,-0.25,0,501.04,0,61,200.4,0.11,0,352.85,641.92,0.04,3.47,0,0,25.1,0,31.68,0,2.93,6.71,0.01,0,653.75,68.07
2026-01-02T20:25:00Z,-0.22,0,493.18,0,62,161.47,0.11,0,434.56,634,0.04,1.73,0,0,24.85,0,31.17,0,2.98,5.41,0.01,0,592.92,98
2026-01-02T20:30:00Z,-0.43,0,540.29,0,59,159.46,0.11,0,366.76,626.98,0.01,0,0,0,24.6,0,34.21,0,2.83,5.34,0.01,0,757.33,98
2026-01-02T20:35:00Z,-0.8,0,546.84,0,59,159.46,0.11,0,364.51,619.57,0.01,0,0,0,24.47,0,35.3,0,2.83,5.34,0.01,0,796.43,98
2026-01-02T20:40:00Z,-0.29,0,603.52,0,61,161.47,0.11,0,341.11,615.78,0.01,0,0,0,24.33,0,38.61,0,2.93,5.41,0.01,0,978.75,98
2026-01-02T20:45:00Z,-0.31,0,571.25,0,61,159.46,0.11,0,371.48,613.4,0.01,0,0,0,24.2,0,36.66,0,2.93,5.34,0.01,0,850.62,100.44
2026-01-02T20:50:00Z,-0.59,0,552.87,0,59,193.69,0.11,0,331.6,606.95,0.01,0,0,0,24.07,0,35.32,0,2.83,6.49,0.01,0,839.83,100.44
2026-01-02T20:55:00Z,-0.4,0,582.26,0,59,210.46,0.11,0,314.42,596.81,0,0,0,0,23.93,0,37.64,0,2.83,7.05,0.01,0,953.48,124
2026-01-02T21:00:00Z,-0.22,0,535.32,0,60,228.58,0.11,0,315.71,589.81,0,0,0,0,23.8,0,35.1,0,2.88,7.65,0.01,0,831.53,100.44
2026-01-02T21:05:00Z,-0.94,0,584.25,0,58,217.17,0.11,0,287.27,594.78,0,0,0,0,23.6,0,38.3,0,2.78,7.27,0.01,0,1014.4,124
2026-01-02T21:10:00Z,-0.24,0,567.74,0,61,228.58,0.11,0,258.27,593.79,0,0,0,0,23.4,0,36.99,0,2.93,7.65,0.01,0,995.05,124
2026-01-02T21:15:00Z,-5.2,0,555.41,0,60,225.9,0.11,0,257.82,609.9,0,0,0,0,23.2,0,35.85,0,2.88,7.56,0.01,0,936.7,124
2026-01-02T21:20:00Z,-0.04,0,573.65,0,59,227.24,0.11,0,214.86,632.25,0,0,0,0,23,0,37.57,0,2.83,7.61,0.01,0,1029.38,124.04
2026-01-02T21:25:00Z,-0.11,0,561.55,0,61,227.91,0.11,0,211.77,644.02,0,0,0,0,22.8,0,37.16,0,2.93,7.63,0.01,0,982.18,119.67
2026-01-02T21:30:00Z,-0.04,0,584.09,0,59,227.24,0.11,0,193.8,638.99,0,0,0,0,22.6,0,38.86,0,2.83,7.61,0.01,0,1105.88,124.04
2026-01-02T21:35:00Z,-0.02,0,543.2,0,58,225.23,0.11,0,187.95,655.49,0,0,0,0,22.47,0,37.18,0,2.78,7.54,0.01,0,976.93,100.44
2026-01-02T21:40:00Z,-0.31,0,549.32,0,61,227.24,0.11,0,178.65,660.58,0,0,0,0,22.33,0,36.54,0,2.93,7.61,0.01,0,977.68,124
2026-01-02T21:45:00Z,-0.36,0,570.05,0,59,227.24,0.11,0,141,670.68,0,0,0,0,22.2,0,38.78,0,2.83,7.61,0.01,0,1119.64,90.18
2026-01-02T21:50:00Z,-3.47,0,614.02,0,58,168.85,0.11,0,211.24,636.53,0,0,0,0,22.07,0,41.51,0,2.78,5.65,0.01,0,1311.01,124
2026-01-02T21:55:00Z,-1.61,0,605.52,0,58,219.86,0.11,0,145.3,622.21,0,0,0,0,21.93,0,40.5,0,2.78,7.36,0.01,0,1386.58,124
2026-01-02T22:00:00Z,-1.2,0,617.75,0,59,227.91,0.11,0,139.68,583.08,0,0,0,0,21.8,0,40.79,0,2.83,7.63,0.01,0,1573.92,124
2026-01-02T22:05:00Z,-0.29,0,616.47,0,61,227.91,0.11,0,140.06,579.87,0,0,0,0,21.62,0,41.3,0,2.93,7.63,0.01,0,1586.96,124.04
2026-01-02T22:10:00Z,-0.87,0,603.65,0,61,227.91,0.11,0,171.89,546.02,0,0,0,0,21.43,0,40.75,0,2.93,7.63,0.01,0,1530.23,124.09
2026-01-02T22:15:00Z,-0.2,0,580.21,0,62,227.91,0.11,0,192.8,539.13,0,0,0,0,21.25,0,40.4,0,2.98,7.63,0.01,0,1386.47,124.04
2026-01-02T22:20:00Z,-0.32,0,605.99,0,62,228.58,0.11,0,160.53,530.61,0,0,0,0,21.07,0,42.5,0,2.98,7.65,0.01,0,1697.87,124
2026-01-02T22:25:00Z,0,0,663.93,0,62,228.58,0.11,0,122.43,523.12,0,0,0,0,20.88,0,46.14,0,2.98,7.65,0.01,0,2502.22,124
2026-01-02T22:30:00Z,-1.11,0,608.28,0,59,227.24,0.11,0,140.72,541.86,0,0,0,0,20.7,0,42.73,0,2.83,7.61,0.01,0,1774.84,124
2026-01-02T22:35:00Z,0,0,629.7,0,62,227.91,0.11,0,117.22,545.67,0,0,0,0,20.5,0,44.54,0,2.98,7.63,0.01,0,2047.75,106.01
2026-01-02T22:40:00Z,-0.96,0,629.64,0,58,225.9,0.11,0,111.91,538.07,0,0,0,0,20.3,0,44.02,0,2.78,7.56,0.01,0,2150.9,124
2026-01-02T22:45:00Z,-0.95,0,656.16,0,60,227.24,0.11,0,91,519.58,0,0,0,0,20.1,0,46.38,0,2.88,7.61,0.01,0,2833.85,137.99
2026-01-02T22:50:00Z,-0.83,0,628.38,0,62,227.91,0.11,0,108.52,509.23,0,0,0,0,19.9,0,44.24,0,2.98,7.63,0.01,0,2363.11,100.44
2026-01-02T22:55:00Z,-1.15,0,699.9,0,79,184.96,0.11,0,92.83,481.53,0,0,0,0,19.7,0,49.84,0,3.79,6.19,0.01,0,5226.38,124
2026-01-02T23:00:00Z,-0.27,0,654.5,0,103,225.9,0.11,0,75.1,467.23,0,0,0,0,19.5,0,47.31,0,4.94,7.56,0.01,0,3314.54,124
2026-01-02T23:05:00Z,-0.95,0,636.51,0,111,227.91,0.11,0,70.76,453.37,0,0,0,0,19.5,0,46.2,0,5.33,7.63,0.01,0,3145.98,124
2026-01-02T23:10:00Z,-0.16,0,642.01,0,110,228.58,0.11,0,73.4,446.12,0,0,0,0,19.5,0,46.27,0,5.28,7.65,0.01,0,3288.56,124
2026-01-02T23:15:00Z,-0.41,0,627.35,0,109,227.91,0.11,0,87.93,439.01,0,0,0,0,19.5,0,45.04,0,5.23,7.63,0.01,0,2941.78,124
2026-01-02T23:20:00Z,-0.01,0,653.06,0,111,227.91,0.11,0,85.98,422,0,0,0,0,19.5,0,47.21,0,5.33,7.63,0.01,0,3723.59,124
2026-01-02T23:25:00Z,-1.73,0,633.77,0,107,226.57,0.11,0,105.89,415.1,0,0,0,0,19.5,0,45.97,0,5.13,7.59,0.01,0,3214.05,124
2026-01-02T23:30:00Z,-0.04,0,625.55,0,112,228.58,0.11,0,112.47,403.92,0,0,0,0,19.5,0,45.26,0,5.37,7.65,0.01,0,3022.08,175.97
2026-01-02T23:35:00Z,-0.79,0,606.5,0,129,227.91,0.11,0,116.96,403.82,0,0,0,0,19.47,0,44.41,0,6.19,7.63,0.01,0,2583.57,124
2026-01-02T23:40:00Z,-0.02,0,565.98,0,118,227.91,0.11,0,198.23,415.62,0,0,0,0,19.43,0,42.05,0,5.66,7.63,0.01,0,1686.53,124
2026-01-02T23:45:00Z,-1.56,0,582.92,0,107,226.57,0.11,0,188.84,414.9,0,0,0,0,19.4,0,43.16,0,5.13,7.59,0.01,0,1900.37,138.04
2026-01-02T23:50:00Z,-0.38,0,606.74,0,125,227.24,0.11,0,157.92,394.98,0,0,0,0,19.37,0,45.63,0,6,7.61,0.01,0,2384.63,124
2026-01-02T23:55:00Z,-0.29,0,622.1,0,111,227.91,0.11,0,172.49,392.38,0,0,0,0,19.33,0,47.16,0,5.33,7.63,0.01,0,2563.02,229.98
2026-01-03T00:00:00Z,-0.3,0,616.88,0,128,227.24,0.11,11.54,126.18,383.19,0,0,0,0,19.3,0,46.83,0,6.14,7.61,0.01,0.57,2832.69,124
2026-01-03T00:05:00Z,-0.68,0,657.44,0,151,227.24,0.11,0,100.52,379.8,0,0,0,0,19.22,0,50.11,0,7.25,7.61,0.01,0,3887.59,124
2026-01-03T00:10:00Z,-0.34,0,613.63,0,170,227.24,0.11,0,116.02,389.99,0,0,0,0,19.13,0,46.9,0,8.16,7.61,0.01,0,2599.05,129.32
2026-01-03T00:15:00Z,-0.08,0,583.94,0,181,229.92,0.11,0,120.49,406.11,0,0,0,0,19.05,0,44.97,0,8.69,7.7,0.01,0,2082.39,302.06
2026-01-03T00:20:00Z,-58.39,0,588.22,0,199,229.92,0.11,0,132.26,410.6,0,0,0,0,18.97,0,45.03,0,9.55,7.7,0.01,0,2297.69,0
2026-01-03T00:25:00Z,-27.79,0,632.13,0,200,229.92,0.11,0,61.44,427.61,0,0,0,0,18.88,0,48.64,0,9.6,7.7,0.01,0,3053.26,0
2026-01-03T00:30:00Z,-0.24,0,571.71,0,182,229.25,0.11,0,91.15,451.58,0,0,0,0,18.8,0,43.93,0,8.73,7.68,0.01,0,1895.18,124
2026-01-03T00:35:00Z,-0.48,0,583.68,0,181,230.6,0.11,0,71.66,458.98,0,0,0,0,18.92,0,45.71,0,8.69,7.72,0.01,0,2081.29,125.41
2026-01-03T00:40:00Z,0,0,592.39,0,161,229.25,0.11,0,107.5,452.29,0,0,0,0,19.03,0,44.24,0,7.73,7.68,0.01,0,2000.9,898.91
2026-01-03T00:45:00Z,-62.5,0,624.48,0,173,226.57,0.11,0,106.86,438.45,0,0,0,0,19.15,0,46.33,0,8.3,7.59,0.01,0,2894.32,302.06
2026-01-03T00:50:00Z,-40.85,0,652.89,0,196,231.27,0.11,0,55.6,421.17,0,0,0,0,19.27,0,48.23,0,9.4,7.74,0.01,0,3729.24,230
2026-01-03T00:55:00Z,-2.09,0,617.14,0,197,226.57,44.9,0,6.9,421.94,0,0,0,0,19.38,0,45.81,0,9.45,7.59,2.76,0,2831.15,230
2026-01-03T01:00:00Z,-1.83,0,609.93,0,198,227.91,33.13,0,16.72,431.51,0,0,0,0,19.5,0,46.45,0,9.5,7.63,2.03,0,2664.64,230
2026-01-03T01:05:00Z,-0.13,0,587.67,0,200,229.92,53.83,0,12.06,438.39,0,0,0,0,19.37,0,44.86,0,9.6,7.7,3.3,0,2267.58,240.01
2026-01-03T01:10:00Z,-1.72,0,578.84,0,197,227.24,65.54,0,5.78,454.96,0,0,0,0,19.23,0,43.95,0,9.45,7.61,4.02,0,2109.39,230
2026-01-03T01:15:00Z,-1.46,0,586.36,0,197,227.24,47.01,0,0.44,467.78,0,0,0,0,19.1,0,44.04,0,9.45,7.61,2.88,0,2183.55,230
2026-01-03T01:20:00Z,-3.42,0,590.01,0,197,226.57,18.11,0,0.04,460.32,0,0,0,0,18.97,0,44.21,0,9.45,7.59,1.11,0,2424.94,136.8
2026-01-03T01:25:00Z,-2.87,0,601.65,0,178,227.91,15.31,0,0.3,466.44,0,0,0,0,18.83,0,45.59,0,8.54,7.63,0.94,0,2654.72,138.03
2026-01-03T01:30:00Z,-1.99,0,609.42,0,157,226.57,15.83,0,0.2,478.54,0,0,0,0,18.7,0,46.73,0,7.53,7.59,0.97,0,2826.47,138.04
2026-01-03T01:35:00Z,-0.4,0,605.66,0,153,228.58,0.11,0,0.79,501.39,0,0,0,0,18.72,0,46.22,0,7.34,7.65,0.01,0,2644.76,0
2026-01-03T01:40:00Z,-0.17,0,642.52,0,144,229.92,0.11,0,3.29,482.75,0,0,0,0,18.73,0,48.87,0,6.91,7.7,0.01,0,3504.72,0
2026-01-03T01:45:00Z,-0.3,0,609.52,0,161,229.25,0.11,0,0.82,479.2,0,0,0,0,18.75,0,46.2,0,7.73,7.68,0.01,0,2837.38,138.04
2026-01-03T01:50:00Z,-1.84,0,586.22,0,172,227.24,0.11,0,0.37,484.81,0,0,0,0,18.77,0,44.49,0,8.25,7.61,0.01,0,2443.02,136.81
2026-01-03T01:55:00Z,-2.35,0,594.95,0,151,227.24,0.11,0,0.29,487.33,0,0,0,0,18.78,0,45.84,0,7.25,7.61,0.01,0,2711.37,138.04
2026-01-03T02:00:00Z,-0.59,0,622.27,0,129,227.91,0.11,0,1.04,481.54,0,0,0,0,18.8,0,48.08,0,6.19,7.63,0.01,0,3427.97,138.04
2026-01-03T02:05:00Z,-2.11,0,607.77,0,129,227.24,0.11,0,0.08,506.45,0,0,0,0,18.87,0,47.42,0,6.19,7.61,0.01,0,2903.84,0
2026-01-03T02:10:00Z,-0.38,0,609.5,0,121,227.24,0.11,0,0.51,499.32,0,0,0,0,18.93,0,47.57,0,5.81,7.61,0.01,0,3071.49,138.04
2026-01-03T02:15:00Z,-1,0,614.77,0,124,227.91,0.11,0,0.58,494.28,0,0,0,0,19,0,48.18,0,5.95,7.63,0.01,0,3207.44,138.04
2026-01-03T02:20:00Z,-0.77,0,596.01,0,140,227.24,0.11,0,0.54,498.61,0,0,0,0,19.07,0,46.82,0,6.72,7.61,0.01,0,2720.81,138.04
2026-01-03T02:25:00Z,-0.91,0,577.18,0,141,227.91,0.11,0,0.26,493.58,0,0,0,0,19.13,0,45.47,0,6.77,7.63,0.01,0,2523.02,138.04
2026-01-03T02:30:00Z,-1.62,0,586.35,0,124,227.91,0.11,0,0.2,485.4,0,0,0,0,19.2,0,46.78,0,5.95,7.63,0.01,0,2901.72,0
2026-01-03T02:35:00Z,-2.91,0,616.06,0,112,227.91,0.11,0,7.75,462.45,0,0,0,0,19.23,0,49.23,0,5.37,7.63,0.01,0,3905.51,137.05
2026-01-03T02:40:00Z,-0.14,0,549.44,-0.1,93,230.6,0.11,0,3.43,543.93,0,0,0,0,19.27,0,44.4,0,4.46,7.72,0.01,0,2112.9,133.32
2026-01-03T02:45:00Z,-3.99,0,548.97,0,69,227.24,0.11,0,0.15,571.25,0,0,0,0,19.3,0,44.84,0,3.31,7.61,0.01,0,2125.77,104.42
2026-01-03T02:50:00Z,-0.06,0,536.11,-0.1,61,229.92,0.11,0,10.98,574.7,0,0,0,0,19.33,0,44.22,0,2.93,7.7,0.01,0,1933.68,100.44
2026-01-03T02:55:00Z,-0.8,0,551.38,0,62,224.56,0.11,0,1.15,565.71,0,0,0,0,19.37,0,45.66,0,2.98,7.52,0.01,0,2236.31,100.44
2026-01-03T03:00:00Z,-0.16,0,560.81,0,62,225.9,0.11,0,7.64,556.78,0,0,0,0,19.4,0,45.41,0,2.98,7.56,0.01,0,2303.87,115.92
2026-01-03T03:05:00Z,-3.81,0,555.97,0,60,225.9,0.11,0,0.07,554.31,0,0,0,0,19.17,0,45.01,0,2.88,7.56,0.01,0,2371.64,100.44
2026-01-03T03:10:00Z,-0.07,0,547.42,0,62,217.84,0.11,0,6.08,562.4,0,0,0,0,18.93,0,44.17,0,2.98,7.29,0.01,0,2171.16,0
2026-01-03T03:15:00Z,-0.71,0,544.08,0,59,227.24,0.11,0,0.29,541.89,0,0,0,0,18.7,0,44.05,0,2.83,7.61,0.01,0,2305.05,100.44
2026-01-03T03:20:00Z,-0.92,0,583.37,0,59,221.87,0.11,0,7.05,498.45,0,0,0,0,18.47,0,47.39,0,2.83,7.43,0.01,0,3422.15,112.65
2026-01-03T03:25:00Z,-0.13,0,586.29,0,61,230.6,0.11,0,13.04,491.4,0,0,0,0,18.23,0,47.49,0,2.93,7.72,0.01,0,3327.15,138.04
2026-01-03T03:30:00Z,-1.92,0,581.19,0,76,227.24,0.11,0,3.83,480.87,0,0,0,0,18,0,47.25,0,6.62,7.65,0.01,0,3603.25,178.28
2026-01-03T03:35:00Z,-61.76,0,611.81,0,96,226.57,0.11,0,5.29,479.73,0,0,0,0,17.88,0,50.35,0,4.61,7.59,0.01,0,5596.34,138.04
2026-01-03T03:40:00Z,-14.68,0,573.77,0,90,228.58,0.11,0,9.54,476.19,0,0,0,0,17.77,0,47.09,0,4.32,7.65,0.01,0,3282.24,138.04
2026-01-03T03:45:00Z,-0.37,0,569.68,0,76,226.57,0.11,0,1.27,478.9,0,0,0,0,17.65,0,47.16,0,3.65,7.59,0.01,0,3293.49,138.04
2026-01-03T03:50:00Z,-0.54,0,565.14,0,81,227.24,0.11,0,1.02,473.41,0,0,0,0,17.53,0,46.9,0,3.89,7.61,0.01,0,3228.11,138.04
2026-01-03T03:55:00Z,-3.34,0,594.94,0,82,226.57,0.11,0,1.2,456.9,0,0,0,0,17.42,0,49.58,0,3.93,7.59,0.01,0,4351.95,174.24
2026-01-03T04:00:00Z,-44.24,0,621.58,0,101,228.58,0.11,0,2.9,446.94,0,0,0,0,17.3,0,51.85,0,4.85,7.65,0.01,0,6790.57,138.03
2026-01-03T04:05:00Z,-2.65,0,571.5,0,83,225.9,0.11,0,30.59,442.88,0,0,0,0,17.23,0,47.18,0,3.81,7.59,0.01,0,3375.11,170.44
2026-01-03T04:10:00Z,-0.07,0,585.32,0,101,195.7,0.11,0,17.18,456.25,0,0,0,0,17.17,0,49.43,0,4.25,7.08,0.01,0,3944.63,170.44
2026-01-03T04:15:00Z,-2.06,0,558.5,0,119,184.29,0.11,0,6.76,475.85,0,0,0,0,17.1,0,47.94,0,4.68,6.89,0.01,0,3167.7,138.04
2026-01-03T04:20:00Z,-1.42,0,538.07,0,119,158.79,0.11,0,2.04,513.57,0,0,0,0,17.03,0,48.04,0,4.68,6.46,0.01,0,2796.31,138.03
2026-01-03T04:25:00Z,-3.07,0,554.16,0,99,159.46,0.11,0,1.08,523.01,0,0,0,0,16.97,0,50.01,0,5.23,5.33,0.01,0,3224.51,138.04
2026-01-03T04:30:00Z,-1.53,0,582.29,0,82,162.14,0.11,0,4.51,518.53,0,0,0,0,16.9,0,52.05,0,3.79,6.52,0.01,0,4079.22,0
2026-01-03T04:35:00Z,-2.53,0,540.85,0,97,159.46,0.11,0,0.1,533.5,0,0,0,0,16.87,0,48.92,0,4.29,5.38,0.01,0,2849.53,114.93
2026-01-03T04:40:00Z,0,0,560.74,0,87,162.81,0.11,0,10.2,534.43,0,0,0,0,16.83,0,50.09,0,3.91,6.53,0.01,0,3107.23,138.04
2026-01-03T04:45:00Z,-2.85,0,553.91,0,88,161.47,0.1,0,5.59,545.21,0,0,0,0,16.8,0,49.51,0,3.93,6.51,0.01,0,2953.23,138.04
2026-01-03T04:50:00Z,-3.88,0,545.8,0,80,159.46,0.11,0,7.15,552.4,0,0,0,0,16.77,0,48.98,0,3.74,6.47,0.01,0,2848.2,138.04
2026-01-03T04:55:00Z,-1.36,0,553,0,69,160.8,0.11,0,13.83,550.92,0,0,0,0,16.73,0,49.62,0,3.48,6.5,0.01,0,2976.17,138.04
2026-01-03T05:00:00Z,-5.86,0,571.32,0,75,159.46,0.11,0,1.81,543.25,0,0,0,0,16.7,0,51.63,0,3.45,5.36,0.01,0,3583.61,138.04
2026-01-03T05:05:00Z,-2.98,0,568.3,0,85,161.47,0.11,0,0.24,524.58,0,0,0,0,16.62,0,50.98,0,3.86,6.51,0.01,0,3679.08,138.04
2026-01-03T05:10:00Z,-0.1,0,606.63,0,75,162.81,0.11,0,15.12,491.14,0,0,0,0,16.53,0,54.55,0,3.84,5.43,0.01,0,5572.49,170.44
2026-01-03T05:15:00Z,-2.86,0,609.06,0,92,167.51,0.11,0,33.27,463.77,0,0,0,0,16.45,0,54.61,0,4.03,6.61,0.01,0,5409.99,170.44
2026-01-03T05:20:00Z,-5.84,0,608.73,0,113,172.88,0.11,0,22.61,439.85,0,0,0,0,16.37,0,54.37,0,4.53,6.7,0.01,0,5881.28,170.44
2026-01-03T05:25:00Z,-2.99,0,607.28,0,135,178.25,0.11,0,12.38,429.61,0,0,0,0,16.28,0,54.05,0,6.48,5.97,0.01,0,5500.84,170.44
2026-01-03T05:30:00Z,-5.79,0,610.21,0,153,176.24,0.11,0,0.08,414.81,0,0,0,0,16.2,0,54.46,0,6.91,5.93,0.01,0,6298.74,139.13
2026-01-03T05:35:00Z,-5.37,0,632.48,0,168,159.46,0.11,0,0.33,400.52,0,0.6,0,0,16.2,0,55.61,0,7.27,5.65,0.01,0,9021.15,0
2026-01-03T05:40:00Z,-0.77,0,595.38,0,151,204.42,0.11,0,3.12,399.33,0,1.21,0,0,16.2,0,52.83,0,6.86,6.41,0.01,0,4865.52,0
2026-01-03T05:45:00Z,-14.05,0,649.2,0,131,225.23,0.11,0,0,383.88,0,1.81,0,0,16.2,0,57.53,0,6.38,6.75,0.01,0,10767.12,138.04
2026-01-03T05:50:00Z,-10.44,0,645.66,0,139,217.84,0.11,0,0.96,373.37,0.14,2.41,0,0,16.2,0,56.9,0,6.57,6.63,0.01,0,10823.59,131.24
2026-01-03T05:55:00Z,-3.64,0,668.45,0,121,217.84,0.11,0,9.84,348.73,0.43,3.01,0,0,16.2,0,58.74,0,6.14,6.63,0.01,0,29729.28,138.04
2026-01-03T06:00:00Z,-7.39,0,689.95,-0.1,123,217.84,0.11,0,0.65,343.25,0.87,3.62,0,0,16.2,0,60.4,0,6.19,6.63,0.01,0,108453.06,0
2026-01-03T06:05:00Z,-3.11,0,656.87,-0.1,125,219.86,0.11,0,0.33,328.05,3.6,10.82,0,0,16.3,0,56.25,0,6.24,6.67,0.01,0,29983.05,138.04
2026-01-03T06:10:00Z,-6.97,0,668.4,-0.1,121,222.54,0.11,0,5.53,313.4,7.74,18.02,0,0,16.4,0,56.97,0,6.14,6.71,0.01,0,65095.16,138.04
2026-01-03T06:15:00Z,-27.05,0,722.24,-0.1,126,217.17,0.11,0,0.05,303,10.55,25.22,0,0,16.5,0,61.67,0,6.26,6.62,0.01,0,13295.75,138.04
2026-01-03T06:20:00Z,-10.06,0,692.14,0,107,217.84,0.11,0,22,291.19,13.77,32.43,0,0,16.6,0,59.89,0,5.81,6.63,0.01,0,48563.94,138.04
2026-01-03T06:25:00Z,-40.43,0,749.72,0,89,217.17,0.11,0,23.93,275.55,16.14,39.63,0,0,16.7,0,62.42,0,4.7,7.28,0.01,0,6942.17,138.04
2026-01-03T06:30:00Z,-34.63,0,755.12,0,104,217.84,0.11,0,1.89,266.57,23.58,46.83,0,0,16.8,0,64.79,0,5.73,6.63,0.01,0,7181.55,227.32
2026-01-03T06:35:00Z,-103.01,0,809.16,0,121,216.5,0.11,0,0.08,250.29,27.54,60.99,0,0,16.88,0,68.92,0,6.14,6.61,0.01,0,4159.05,138.04
2026-01-03T06:40:00Z,-62.61,0,787.02,0,106,217.84,0.11,0,4.31,242.16,28.07,75.15,0,0,16.97,0,66.36,0,5.78,6.63,0.01,0,5371.73,138.04
2026-01-03T06:45:00Z,-54.3,0,752.01,0,94,221.87,0.11,0,17.71,238.25,36.39,89.31,0,0,17.05,0,62.8,0,5.49,6.7,0.01,0,8281,138.04
2026-01-03T06:50:00Z,-74.2,0,724.72,0,107,222.54,0.11,0,9.63,233.33,49.42,103.47,0,0,17.13,0,60.01,0,5.81,6.71,0.01,0,11856.23,0
2026-01-03T06:55:00Z,-4.82,0,748.2,0,83,168.85,0.11,0,0.37,224.78,77.78,117.62,0,0,17.22,0,61.71,0,5.23,5.81,0.01,0,10845.7,80.44
2026-01-03T07:00:00Z,-4.29,0,737.02,0,66,131.94,0.11,0,4.35,225.33,97.43,131.78,0,0,17.3,0,61.37,0,4.82,5.19,0.01,0,10155.08,80.44
2026-01-03T07:05:00Z,-0.8,0,738.18,0,63,86.98,0.11,0,11.67,220.8,116.88,158.02,0,0,17.62,0,61.3,0,4.75,4.44,0.01,0,10376.7,0
2026-01-03T07:10:00Z,0,0,702.79,0,62,60.81,0.11,0,6.09,225.39,138.84,184.27,0,0,17.93,0,57.55,0,4.73,4,0.01,0,31441.11,-6.44
2026-01-03T07:15:00Z,0,0,668.66,0,63,60.81,0.1,0,18.73,212.1,160.04,210.51,5.27,0,18.25,0,55.01,0,4.75,4,0.01,0,13514.91,0
2026-01-03T07:20:00Z,-5.01,0,650.96,0,63,60.81,0.11,0,7.99,214.48,173.75,236.75,0,0,18.57,0,47.33,0,3.02,2.04,0.01,0,6230.28,-0.11
2026-01-03T07:25:00Z,0,0,650.09,0,62,60.81,0.11,0,2.91,218.63,157.38,263,0,0,18.88,0,52.49,0,4.73,4,0.01,0,6403.96,-6.18
2026-01-03T07:30:00Z,-1.01,0,694.54,0,63,60.14,0.11,0,17.33,200.19,133.71,289.24,5.47,0,19.2,0,56.15,0,4.75,3.99,0.01,0,11426.62,-0.11
2026-01-03T07:35:00Z,-4.33,0,584.1,0,61,60.81,0.11,0,3.62,201.08,165.73,302.72,0,0,19.3,0,46.94,0,4.7,4,0.01,0,3232.02,-0.11
2026-01-03T07:40:00Z,-5.76,0,617.3,0,64,60.14,0.11,0,5.54,194.95,226.94,316.19,4,0,19.4,0,49.69,0,4.77,3.99,0.01,0,2865.53,0
2026-01-03T07:45:00Z,0,0,717.5,0,64,60.81,0.11,0,14.8,197.76,200.56,329.67,3.68,0,19.5,0,57.49,0,4.77,4,0.01,0,5295.19,80.44
2026-01-03T07:50:00Z,-4.18,0,481.04,0,57,101.07,0.11,0,0.09,195.95,110.92,343.15,4.54,0,19.6,0,38.49,0,4.61,4.68,0.01,0,1774.68,-7.66
2026-01-03T07:55:00Z,-10.53,0,566.81,0,64,60.81,0.11,0,22.29,190.14,260.77,356.63,16.68,27.92,19.7,0,45.73,0,4.77,4,0.01,0,1733.21,-7.94
2026-01-03T08:00:00Z,-0.01,0,556.25,0,62,60.81,0.11,0,9.93,180.64,265.06,370.1,15.43,38.37,19.8,0,39.47,0,3.02,2.04,0.01,0,1362.1,-7.87
2026-01-03T08:05:00Z,0,0,540.44,0,63,60.14,0.11,0,15.08,181.94,272.72,398.76,16.2,31.21,20.08,0,43.91,0,4.75,3.99,0.01,0,1400.06,-7.94
2026-01-03T08:10:00Z,-7.01,0,519.14,0,63,60.81,0.11,0,7.65,187.91,281.57,427.41,13.36,40.76,20.37,0,42.39,0,4.75,4,0.01,0,1221.86,-7.83
2026-01-03T08:15:00Z,-4.15,0,498.2,0,62,60.81,0.11,0,8.82,186.67,283.72,456.06,10.25,63.63,20.65,0,40.73,0,4.73,4,0.01,0,1067.81,-7.05
2026-01-03T08:20:00Z,-2.43,0,454.66,0,63,60.81,0.11,0,11.76,186.5,291.32,484.71,15.61,48.89,20.93,0,36.64,0,4.75,4,0.01,0,849.81,0
2026-01-03T08:25:00Z,-10.43,0,423.72,0,58,60.81,0.11,0,0.2,184.32,297.74,513.37,14.67,52.31,21.22,0,34.54,0,4.63,4,0.01,0,761.57,-7
2026-01-03T08:30:00Z,-52.96,0,409.43,0,61,60.14,0.11,0,1.25,179.62,319.07,542.02,15.63,28.13,21.5,0,29.1,0,2.93,2.01,0.01,0,583,-8.25
2026-01-03T08:35:00Z,-4.97,0,372.56,0,57,60.14,0.11,0,0.36,159.82,326.9,604.64,28.61,65.27,21.8,0,26.8,0,2.83,2.01,0.01,0,456.88,-7.61
2026-01-03T08:40:00Z,-46.96,0,479.91,0,40,60.14,0.11,0,0.07,125.42,281.28,667.26,69.97,76.58,22.1,0,34.45,0,2.33,2.01,0.01,0,719.06,-7.59
2026-01-03T08:45:00Z,-6.89,0,363.67,0,40,60.81,0.1,0,0.02,124.01,307.93,729.87,80.83,53.7,22.4,0,25.93,0,2.42,2.02,0.01,0,408.64,-7.47
2026-01-03T08:50:00Z,-4.19,0,256.35,0,40,60.14,0.11,0,0.56,122.49,229.84,792.49,56.31,66.95,22.7,0,18.32,0,2.42,2.01,0.01,0,277.33,-11.78
2026-01-03T08:55:00Z,-1.1,0,323.55,0,43,60.81,0.11,0,4.59,84.9,297.66,855.11,112.48,127.11,23,0,23.42,0,2.5,2.02,0.01,0,328.28,-7.85
2026-01-03T09:00:00Z,-2.81,0,243.81,0,42,60.81,0.11,0,2.5,117.45,337.61,917.73,63.19,86.83,23.3,0,17.49,0,2.47,2.02,0.01,0,214.25,-7.98
2026-01-03T09:05:00Z,-3.36,0,172.79,0,43,60.81,0.11,0,27.85,132.61,347.72,932.29,67.69,96.67,23.27,0,12.43,0,2.5,2.02,0.01,0,148.73,-7.13
2026-01-03T09:10:00Z,-12.24,0,199.19,0,41,42.69,0.11,0,0.98,137.91,345.23,946.86,58.22,106.13,23.23,0,14.31,0,2.45,1.72,0.01,0,170.21,0
2026-01-03T09:15:00Z,-1.38,0,230.81,0,42,42.69,0.11,0,3.14,104.37,321.07,961.42,125.05,94.17,23.2,0,16.7,0,2.47,1.72,0.01,0,201.82,0
2026-01-03T09:20:00Z,-4.56,0,213.82,0,39,42.69,0.11,0,0.12,140.79,304.46,975.99,72.4,90.17,23.17,0,15.29,0,2.4,1.72,0.01,0,181.36,0
2026-01-03T09:25:00Z,-5.54,0,204.68,0,40,42.69,0.11,0,0.02,129.24,291.67,990.55,96.88,82.84,23.13,0,14.75,0,2.42,1.72,0.01,0,176.61,0
2026-01-03T09:30:00Z,-3.75,0,224.22,0,40,42.02,0.11,0,0.9,145.78,331.65,1005.12,68.91,80.69,23.1,0,16.12,0,2.42,1.71,0.01,0,181.73,-8.1
2026-01-03T09:35:00Z,-13.12,0,207.14,0,40,42.02,0.11,0,0,145.51,329.67,1053.2,93.41,81.67,23.23,0,14.92,0,2.42,1.71,0.01,0,164.53,-7
2026-01-03T09:40:00Z,-0.18,0,121.83,0,44,42.02,0.11,0,9.39,164.71,354.91,1101.29,66.01,50.59,23.37,0,8.71,0,2.52,1.71,0.01,0,97.4,-6.95
2026-01-03T09:45:00Z,-7.37,0,70.57,0,40,42.69,0.11,0,0.17,186.95,374.07,1149.37,71.14,41.88,23.5,0,5.02,0,2.02,1.42,0.01,0,59.2,-7
2026-01-03T09:50:00Z,-20.98,0,75.08,0,40,42.02,0.11,0,0,190.59,353.39,1197.46,73.53,57.68,23.63,0,5.3,0,2.42,1.71,0.01,0,65.55,-8.5
2026-01-03T09:55:00Z,-17.18,0,118.25,0,41,42.02,0.11,0,3.56,155.16,330.04,1245.55,113.98,97.4,23.77,0,8.41,0,2.45,1.71,0.01,0,89.68,-7.61
2026-01-03T10:00:00Z,-36.45,0,54.88,0,40,42.02,0.11,0,0,187.81,322.12,1293.63,72.52,94,23.9,0,3.88,0,2.42,1.71,0.01,0,53.62,-7.64
2026-01-03T10:05:00Z,-30.3,-120.86,0,0,40,42.02,0.11,0,0.14,223.59,340.5,1305.62,80.55,78.14,24.18,0.83,0,0,2.42,1.71,0.01,0,22.07,-8.5
2026-01-03T10:10:00Z,-20.77,-86.31,0,0,42,42.02,0.11,0,4.33,166.86,287.4,1317.61,146.48,134.13,24.47,0.68,0,0,2.47,1.71,0.01,0,24.02,-9.3
2026-01-03T10:15:00Z,-16.89,-77.11,0,0,42,42.02,0.11,0,2.99,111.8,270.24,1329.6,202.54,151.02,24.75,0.52,0,0,2.02,1.41,0.01,0,20.45,-8.86
2026-01-03T10:20:00Z,-35.48,-27.05,0,0,43,42.02,0.11,0,2.87,110.6,275.09,1341.59,178.76,140.69,25.03,0.23,0,0,2.5,1.71,0.01,0,27.26,-7.18
2026-01-03T10:25:00Z,-146.15,0,9.89,0,39,42.69,0.11,0,0.17,182.27,291.98,1353.58,73.2,141.51,25.32,0,0.69,0,2.4,1.72,0.01,0,32.96,-7
2026-01-03T10:30:00Z,-152.24,-22.57,0,0,40,42.02,0.11,0,0.12,197.85,309.69,1365.57,74.2,145.84,25.6,0.17,0,0,2.42,1.71,0.01,0,26.78,-7
2026-01-03T10:35:00Z,-148.85,-63.17,0,0,40,42.02,0.11,0,0.33,205.03,314.35,1386.77,75.88,131.3,0,0.46,0,0,2.42,1.71,0.01,0,24.84,0
2026-01-03T10:40:00Z,-98.83,-102.4,0,0,43,42.69,0.11,0,6.14,228.98,287.93,1407.96,72.07,146.51,0,0.76,0,0,2.5,1.72,0.01,0,22.88,-7
2026-01-03T10:45:00Z,-199.55,-109.69,0,0,40,42.02,0.11,0,0.2,257.51,293.24,1429.16,85.74,116.96,0,0.78,0,0,2.42,1.71,0.01,0,22.99,-14.34
2026-01-03T10:50:00Z,-223.72,0,72.04,0,43,42.02,0.11,0,1.82,179.51,264.92,1450.36,201.87,265.36,0,0,5.1,0,2.5,1.71,0.01,0,66.3,-11.01
